p	r	C_pr
1	1	40
1	2	70
1	3	110
1	4	90
1	5	110
1	6	110
1	7	60
1	8	90
1	9	90
1	10	110
1	11	60
1	12	110
1	13	0
1	14	70
1	15	70
1	16	130
1	17	110
1	18	90
1	19	70
1	20	110
1	21	70
1	22	90
1	23	50
1	24	110
1	25	50
1	26	70
1	27	50
1	28	110
1	29	50
1	30	90
1	31	70
1	32	70
1	33	50
1	34	70
1	35	70
1	36	90
1	37	20
1	38	70
1	39	110
1	40	60
2	1	70
2	2	60
2	3	20
2	4	100
2	5	80
2	6	120
2	7	90
2	8	100
2	9	70
2	10	100
2	11	110
2	12	80
2	13	80
2	14	80
2	15	90
2	16	80
2	17	90
2	18	80
2	19	80
2	20	120
2	21	80
2	22	110
2	23	60
2	24	70
2	25	30
2	26	10
2	27	60
2	28	80
2	29	70
2	30	80
2	31	20
2	32	60
2	33	50
2	34	60
2	35	60
2	36	90
2	37	60
2	38	30
2	39	80
2	40	80
3	1	40
3	2	80
3	3	50
3	4	80
3	5	80
3	6	100
3	7	60
3	8	100
3	9	70
3	10	120
3	11	40
3	12	100
3	13	30
3	14	80
3	15	90
3	16	80
3	17	70
3	18	80
3	19	80
3	20	100
3	21	80
3	22	110
3	23	60
3	24	70
3	25	80
3	26	80
3	27	60
3	28	80
3	29	70
3	30	100
3	31	70
3	32	60
3	33	50
3	34	60
3	35	60
3	36	90
3	37	10
3	38	60
3	39	100
3	40	50
4	1	70
4	2	50
4	3	60
4	4	90
4	5	70
4	6	120
4	7	90
4	8	90
4	9	90
4	10	90
4	11	90
4	12	90
4	13	80
4	14	50
4	15	90
4	16	100
4	17	90
4	18	80
4	19	90
4	20	110
4	21	80
4	22	90
4	23	60
4	24	90
4	25	30
4	26	0
4	27	60
4	28	100
4	29	70
4	30	70
4	31	20
4	32	60
4	33	50
4	34	50
4	35	50
4	36	70
4	37	50
4	38	30
4	39	70
4	40	90
5	1	20
5	2	70
5	3	50
5	4	50
5	5	70
5	6	60
5	7	20
5	8	50
5	9	50
5	10	70
5	11	20
5	12	70
5	13	30
5	14	50
5	15	70
5	16	80
5	17	70
5	18	60
5	19	70
5	20	50
5	21	60
5	22	90
5	23	60
5	24	50
5	25	80
5	26	70
5	27	60
5	28	80
5	29	70
5	30	70
5	31	50
5	32	60
5	33	50
5	34	50
5	35	50
5	36	50
5	37	0
5	38	60
5	39	90
5	40	20
6	1	40
6	2	70
6	3	70
6	4	70
6	5	90
6	6	110
6	7	80
6	8	90
6	9	70
6	10	130
6	11	40
6	12	110
6	13	20
6	14	70
6	15	90
6	16	90
6	17	70
6	18	70
6	19	70
6	20	110
6	21	70
6	22	110
6	23	50
6	24	70
6	25	70
6	26	70
6	27	50
6	28	90
6	29	70
6	30	90
6	31	70
6	32	50
6	33	50
6	34	50
6	35	50
6	36	90
6	37	0
6	38	50
6	39	90
6	40	60
7	1	20
7	2	60
7	3	110
7	4	100
7	5	80
7	6	120
7	7	40
7	8	100
7	9	90
7	10	100
7	11	40
7	12	100
7	13	30
7	14	60
7	15	90
7	16	100
7	17	90
7	18	80
7	19	100
7	20	120
7	21	80
7	22	90
7	23	60
7	24	90
7	25	80
7	26	60
7	27	60
7	28	100
7	29	70
7	30	80
7	31	70
7	32	60
7	33	50
7	34	60
7	35	60
7	36	70
7	37	10
7	38	80
7	39	80
7	40	50
8	1	90
8	2	70
8	3	20
8	4	80
8	5	80
8	6	100
8	7	110
8	8	70
8	9	70
8	10	120
8	11	50
8	12	110
8	13	80
8	14	60
8	15	70
8	16	80
8	17	50
8	18	80
8	19	80
8	20	100
8	21	80
8	22	90
8	23	60
8	24	70
8	25	30
8	26	30
8	27	60
8	28	80
8	29	70
8	30	70
8	31	20
8	32	60
8	33	50
8	34	50
8	35	60
8	36	70
8	37	60
8	38	10
8	39	70
8	40	90
9	1	0
9	2	60
9	3	90
9	4	80
9	5	80
9	6	80
9	7	0
9	8	80
9	9	70
9	10	60
9	11	60
9	12	60
9	13	30
9	14	60
9	15	90
9	16	100
9	17	110
9	18	60
9	19	100
9	20	80
9	21	60
9	22	90
9	23	60
9	24	70
9	25	80
9	26	60
9	27	60
9	28	100
9	29	70
9	30	80
9	31	50
9	32	60
9	33	50
9	34	60
9	35	60
9	36	50
9	37	10
9	38	80
9	39	100
9	40	30
10	1	50
10	2	50
10	3	40
10	4	80
10	5	80
10	6	100
10	7	70
10	8	90
10	9	70
10	10	80
10	11	130
10	12	50
10	13	60
10	14	80
10	15	90
10	16	100
10	17	110
10	18	60
10	19	80
10	20	100
10	21	60
10	22	70
10	23	60
10	24	70
10	25	10
10	26	10
10	27	60
10	28	100
10	29	50
10	30	90
10	31	0
10	32	60
10	33	50
10	34	50
10	35	60
10	36	70
10	37	60
10	38	30
10	39	90
10	40	90
11	1	20
11	2	50
11	3	70
11	4	70
11	5	110
11	6	110
11	7	60
11	8	90
11	9	70
11	10	110
11	11	40
11	12	90
11	13	0
11	14	90
11	15	70
11	16	110
11	17	70
11	18	90
11	19	50
11	20	110
11	21	70
11	22	90
11	23	50
11	24	90
11	25	50
11	26	50
11	27	50
11	28	90
11	29	50
11	30	70
11	31	70
11	32	70
11	33	50
11	34	70
11	35	70
11	36	110
11	37	20
11	38	50
11	39	70
11	40	40
12	1	90
12	2	80
12	3	20
12	4	100
12	5	100
12	6	100
12	7	90
12	8	80
12	9	70
12	10	100
12	11	90
12	12	100
12	13	60
12	14	80
12	15	50
12	16	100
12	17	90
12	18	100
12	19	60
12	20	100
12	21	80
12	22	90
12	23	60
12	24	90
12	25	10
12	26	30
12	27	60
12	28	80
12	29	50
12	30	80
12	31	20
12	32	80
12	33	50
12	34	80
12	35	80
12	36	90
12	37	80
12	38	30
12	39	100
12	40	80
13	1	70
13	2	50
13	3	20
13	4	70
13	5	110
13	6	120
13	7	110
13	8	90
13	9	70
13	10	110
13	11	90
13	12	90
13	13	60
13	14	90
13	15	70
13	16	120
13	17	70
13	18	100
13	19	50
13	20	110
13	21	80
13	22	90
13	23	60
13	24	90
13	25	10
13	26	0
13	27	60
13	28	100
13	29	50
13	30	70
13	31	20
13	32	80
13	33	50
13	34	70
13	35	70
13	36	110
13	37	70
13	38	10
13	39	70
13	40	90
14	1	0
14	2	50
14	3	110
14	4	70
14	5	90
14	6	120
14	7	40
14	8	90
14	9	70
14	10	90
14	11	80
14	12	70
14	13	10
14	14	70
14	15	90
14	16	120
14	17	110
14	18	60
14	19	70
14	20	110
14	21	60
14	22	70
14	23	60
14	24	70
14	25	60
14	26	50
14	27	60
14	28	120
14	29	50
14	30	90
14	31	50
14	32	60
14	33	50
14	34	50
14	35	50
14	36	70
14	37	0
14	38	80
14	39	90
14	40	60
15	1	20
15	2	50
15	3	70
15	4	70
15	5	50
15	6	90
15	7	40
15	8	110
15	9	90
15	10	90
15	11	40
15	12	70
15	13	20
15	14	70
15	15	110
15	16	70
15	17	70
15	18	70
15	19	90
15	20	90
15	21	70
15	22	90
15	23	50
15	24	90
15	25	70
15	26	50
15	27	50
15	28	70
15	29	70
15	30	90
15	31	70
15	32	50
15	33	50
15	34	50
15	35	50
15	36	90
15	37	0
15	38	50
15	39	70
15	40	40
16	1	50
16	2	50
16	3	40
16	4	70
16	5	70
16	6	90
16	7	70
16	8	50
16	9	50
16	10	70
16	11	70
16	12	70
16	13	70
16	14	50
16	15	70
16	16	70
16	17	70
16	18	50
16	19	70
16	20	90
16	21	50
16	22	70
16	23	50
16	24	50
16	25	20
16	26	0
16	27	50
16	28	70
16	29	70
16	30	50
16	31	0
16	32	50
16	33	50
16	34	50
16	35	50
16	36	50
16	37	50
16	38	20
16	39	50
16	40	70
17	1	50
17	2	60
17	3	60
17	4	80
17	5	100
17	6	100
17	7	70
17	8	80
17	9	70
17	10	80
17	11	110
17	12	80
17	13	80
17	14	60
17	15	90
17	16	120
17	17	110
17	18	60
17	19	100
17	20	100
17	21	60
17	22	90
17	23	60
17	24	70
17	25	30
17	26	10
17	27	60
17	28	120
17	29	70
17	30	80
17	31	0
17	32	60
17	33	50
17	34	60
17	35	60
17	36	50
17	37	60
17	38	30
17	39	100
17	40	100
18	1	0
18	2	50
18	3	90
18	4	70
18	5	90
18	6	80
18	7	0
18	8	70
18	9	70
18	10	50
18	11	60
18	12	50
18	13	30
18	14	70
18	15	90
18	16	120
18	17	110
18	18	80
18	19	90
18	20	70
18	21	60
18	22	90
18	23	60
18	24	90
18	25	80
18	26	50
18	27	60
18	28	100
18	29	70
18	30	70
18	31	50
18	32	80
18	33	50
18	34	70
18	35	70
18	36	70
18	37	20
18	38	80
18	39	90
18	40	20
19	1	70
19	2	50
19	3	40
19	4	90
19	5	70
19	6	130
19	7	110
19	8	90
19	9	70
19	10	110
19	11	90
19	12	90
19	13	50
19	14	70
19	15	70
19	16	70
19	17	70
19	18	70
19	19	50
19	20	130
19	21	70
19	22	70
19	23	50
19	24	70
19	25	0
19	26	0
19	27	50
19	28	70
19	29	50
19	30	70
19	31	20
19	32	50
19	33	50
19	34	50
19	35	50
19	36	90
19	37	50
19	38	20
19	39	50
19	40	90
20	1	0
20	2	50
20	3	90
20	4	50
20	5	90
20	6	80
20	7	20
20	8	70
20	9	70
20	10	70
20	11	20
20	12	70
20	13	10
20	14	70
20	15	70
20	16	120
20	17	70
20	18	80
20	19	70
20	20	70
20	21	60
20	22	50
20	23	60
20	24	90
20	25	60
20	26	50
20	27	60
20	28	100
20	29	50
20	30	70
20	31	50
20	32	80
20	33	50
20	34	70
20	35	70
20	36	70
20	37	20
20	38	60
20	39	70
20	40	40
21	1	70
21	2	50
21	3	40
21	4	90
21	5	110
21	6	140
21	7	110
21	8	90
21	9	70
21	10	110
21	11	110
21	12	90
21	13	80
21	14	90
21	15	90
21	16	120
21	17	90
21	18	100
21	19	70
21	20	130
21	21	80
21	22	110
21	23	60
21	24	90
21	25	30
21	26	0
21	27	60
21	28	100
21	29	70
21	30	70
21	31	20
21	32	80
21	33	50
21	34	70
21	35	70
21	36	110
21	37	70
21	38	30
21	39	70
21	40	90
22	1	20
22	2	50
22	3	70
22	4	90
22	5	70
22	6	90
22	7	20
22	8	70
22	9	70
22	10	70
22	11	40
22	12	70
22	13	0
22	14	50
22	15	50
22	16	70
22	17	90
22	18	70
22	19	50
22	20	90
22	21	70
22	22	90
22	23	50
22	24	70
22	25	50
22	26	50
22	27	50
22	28	70
22	29	50
22	30	50
22	31	70
22	32	50
22	33	50
22	34	50
22	35	50
22	36	70
22	37	0
22	38	70
22	39	70
22	40	0
23	1	50
23	2	50
23	3	60
23	4	70
23	5	70
23	6	90
23	7	70
23	8	70
23	9	70
23	10	70
23	11	90
23	12	70
23	13	70
23	14	50
23	15	90
23	16	90
23	17	90
23	18	50
23	19	90
23	20	90
23	21	50
23	22	70
23	23	50
23	24	70
23	25	20
23	26	0
23	27	50
23	28	90
23	29	70
23	30	70
23	31	0
23	32	50
23	33	50
23	34	50
23	35	50
23	36	50
23	37	50
23	38	20
23	39	70
23	40	90
24	1	50
24	2	50
24	3	20
24	4	60
24	5	100
24	6	100
24	7	90
24	8	70
24	9	50
24	10	100
24	11	90
24	12	70
24	13	80
24	14	80
24	15	90
24	16	100
24	17	70
24	18	60
24	19	80
24	20	100
24	21	60
24	22	90
24	23	60
24	24	50
24	25	30
24	26	10
24	27	60
24	28	100
24	29	70
24	30	70
24	31	0
24	32	60
24	33	50
24	34	50
24	35	60
24	36	70
24	37	60
24	38	10
24	39	70
24	40	90
25	1	0
25	2	50
25	3	90
25	4	70
25	5	70
25	6	90
25	7	20
25	8	90
25	9	70
25	10	70
25	11	80
25	12	50
25	13	20
25	14	70
25	15	110
25	16	90
25	17	110
25	18	50
25	19	90
25	20	90
25	21	50
25	22	90
25	23	50
25	24	70
25	25	70
25	26	50
25	27	50
25	28	90
25	29	70
25	30	90
25	31	50
25	32	50
25	33	50
25	34	50
25	35	50
25	36	70
25	37	0
25	38	70
25	39	90
25	40	40
26	1	20
26	2	50
26	3	110
26	4	100
26	5	100
26	6	120
26	7	40
26	8	90
26	9	90
26	10	100
26	11	60
26	12	90
26	13	10
26	14	60
26	15	70
26	16	120
26	17	110
26	18	80
26	19	80
26	20	120
26	21	80
26	22	90
26	23	60
26	24	90
26	25	60
26	26	60
26	27	60
26	28	120
26	29	50
26	30	70
26	31	70
26	32	60
26	33	50
26	34	50
26	35	60
26	36	70
26	37	10
26	38	80
26	39	90
26	40	40
27	1	70
27	2	50
27	3	20
27	4	70
27	5	110
27	6	120
27	7	110
27	8	110
27	9	90
27	10	110
27	11	90
27	12	90
27	13	80
27	14	90
27	15	90
27	16	120
27	17	70
27	18	100
27	19	70
27	20	110
27	21	100
27	22	110
27	23	80
27	24	90
27	25	30
27	26	0
27	27	80
27	28	120
27	29	70
27	30	70
27	31	40
27	32	80
27	33	70
27	34	70
27	35	70
27	36	110
27	37	70
27	38	10
27	39	70
27	40	90
28	1	20
28	2	50
28	3	90
28	4	90
28	5	70
28	6	120
28	7	40
28	8	70
28	9	70
28	10	90
28	11	20
28	12	90
28	13	30
28	14	50
28	15	70
28	16	80
28	17	70
28	18	80
28	19	70
28	20	110
28	21	80
28	22	90
28	23	60
28	24	70
28	25	80
28	26	50
28	27	60
28	28	80
28	29	70
28	30	50
28	31	70
28	32	60
28	33	50
28	34	50
28	35	50
28	36	70
28	37	0
28	38	80
28	39	50
28	40	20
29	1	0
29	2	50
29	3	50
29	4	50
29	5	70
29	6	60
29	7	0
29	8	50
29	9	50
29	10	50
29	11	20
29	12	50
29	13	30
29	14	50
29	15	70
29	16	80
29	17	70
29	18	60
29	19	70
29	20	50
29	21	60
29	22	90
29	23	60
29	24	50
29	25	80
29	26	50
29	27	60
29	28	80
29	29	70
29	30	50
29	31	50
29	32	60
29	33	50
29	34	50
29	35	50
29	36	50
29	37	0
29	38	60
29	39	70
29	40	0
30	1	70
30	2	80
30	3	40
30	4	60
30	5	80
30	6	80
30	7	90
30	8	80
30	9	70
30	10	100
30	11	70
30	12	100
30	13	80
30	14	60
30	15	90
30	16	100
30	17	70
30	18	60
30	19	100
30	20	80
30	21	60
30	22	70
30	23	60
30	24	70
30	25	30
30	26	30
30	27	60
30	28	100
30	29	70
30	30	100
30	31	0
30	32	60
30	33	50
30	34	60
30	35	60
30	36	50
30	37	60
30	38	10
30	39	100
30	40	120
31	1	50
31	2	50
31	3	60
31	4	80
31	5	120
31	6	100
31	7	70
31	8	70
31	9	70
31	10	80
31	11	110
31	12	70
31	13	80
31	14	80
31	15	90
31	16	140
31	17	110
31	18	80
31	19	100
31	20	100
31	21	60
31	22	90
31	23	60
31	24	90
31	25	30
31	26	10
31	27	60
31	28	120
31	29	70
31	30	70
31	31	0
31	32	80
31	33	50
31	34	70
31	35	80
31	36	70
31	37	80
31	38	30
31	39	90
31	40	90
32	1	70
32	2	50
32	3	40
32	4	90
32	5	90
32	6	120
32	7	90
32	8	70
32	9	70
32	10	90
32	11	90
32	12	90
32	13	60
32	14	50
32	15	50
32	16	100
32	17	90
32	18	80
32	19	50
32	20	110
32	21	80
32	22	90
32	23	60
32	24	70
32	25	10
32	26	0
32	27	60
32	28	100
32	29	50
32	30	50
32	31	20
32	32	60
32	33	50
32	34	50
32	35	50
32	36	70
32	37	50
32	38	30
32	39	70
32	40	70
33	1	70
33	2	50
33	3	20
33	4	70
33	5	90
33	6	70
33	7	70
33	8	110
33	9	110
33	10	70
33	11	90
33	12	70
33	13	70
33	14	70
33	15	90
33	16	110
33	17	90
33	18	90
33	19	90
33	20	70
33	21	90
33	22	110
33	23	70
33	24	110
33	25	20
33	26	0
33	27	70
33	28	110
33	29	70
33	30	70
33	31	40
33	32	70
33	33	70
33	34	70
33	35	70
33	36	90
33	37	70
33	38	0
33	39	90
33	40	70
34	1	70
34	2	50
34	3	40
34	4	90
34	5	70
34	6	110
34	7	90
34	8	110
34	9	90
34	10	90
34	11	130
34	12	70
34	13	70
34	14	70
34	15	110
34	16	90
34	17	110
34	18	70
34	19	90
34	20	110
34	21	70
34	22	110
34	23	50
34	24	90
34	25	20
34	26	0
34	27	50
34	28	90
34	29	70
34	30	90
34	31	20
34	32	50
34	33	50
34	34	50
34	35	50
34	36	90
34	37	50
34	38	20
34	39	90
34	40	90
35	1	70
35	2	50
35	3	20
35	4	90
35	5	70
35	6	120
35	7	90
35	8	90
35	9	70
35	10	90
35	11	110
35	12	70
35	13	80
35	14	70
35	15	90
35	16	80
35	17	90
35	18	80
35	19	70
35	20	110
35	21	80
35	22	110
35	23	60
35	24	70
35	25	30
35	26	0
35	27	60
35	28	80
35	29	70
35	30	70
35	31	20
35	32	60
35	33	50
35	34	50
35	35	50
35	36	90
35	37	50
35	38	30
35	39	70
35	40	70
36	1	50
36	2	50
36	3	40
36	4	70
36	5	90
36	6	110
36	7	90
36	8	70
36	9	50
36	10	90
36	11	110
36	12	70
36	13	70
36	14	70
36	15	90
36	16	90
36	17	90
36	18	50
36	19	70
36	20	110
36	21	50
36	22	90
36	23	50
36	24	50
36	25	20
36	26	0
36	27	50
36	28	90
36	29	70
36	30	70
36	31	0
36	32	50
36	33	50
36	34	50
36	35	50
36	36	70
36	37	50
36	38	20
36	39	70
36	40	90
37	1	70
37	2	50
37	3	60
37	4	90
37	5	90
37	6	120
37	7	90
37	8	90
37	9	90
37	10	90
37	11	110
37	12	90
37	13	60
37	14	50
37	15	70
37	16	120
37	17	110
37	18	80
37	19	70
37	20	110
37	21	80
37	22	90
37	23	60
37	24	90
37	25	10
37	26	0
37	27	60
37	28	120
37	29	50
37	30	70
37	31	20
37	32	60
37	33	50
37	34	50
37	35	50
37	36	70
37	37	50
37	38	30
37	39	90
37	40	90
38	1	0
38	2	50
38	3	70
38	4	80
38	5	80
38	6	80
38	7	0
38	8	50
38	9	50
38	10	60
38	11	40
38	12	50
38	13	30
38	14	60
38	15	70
38	16	80
38	17	90
38	18	60
38	19	80
38	20	80
38	21	60
38	22	90
38	23	60
38	24	50
38	25	80
38	26	60
38	27	60
38	28	80
38	29	70
38	30	50
38	31	50
38	32	60
38	33	50
38	34	50
38	35	60
38	36	50
38	37	10
38	38	80
38	39	70
38	40	0
39	1	70
39	2	50
39	3	20
39	4	70
39	5	90
39	6	120
39	7	110
39	8	110
39	9	90
39	10	110
39	11	70
39	12	90
39	13	80
39	14	90
39	15	90
39	16	100
39	17	50
39	18	100
39	19	70
39	20	110
39	21	100
39	22	90
39	23	80
39	24	90
39	25	30
39	26	0
39	27	80
39	28	100
39	29	70
39	30	70
39	31	40
39	32	80
39	33	70
39	34	70
39	35	70
39	36	110
39	37	70
39	38	10
39	39	50
39	40	90
40	1	50
40	2	50
40	3	60
40	4	70
40	5	90
40	6	90
40	7	70
40	8	70
40	9	70
40	10	70
40	11	110
40	12	70
40	13	70
40	14	50
40	15	90
40	16	110
40	17	110
40	18	50
40	19	90
40	20	90
40	21	50
40	22	90
40	23	50
40	24	70
40	25	20
40	26	0
40	27	50
40	28	110
40	29	70
40	30	70
40	31	0
40	32	50
40	33	50
40	34	50
40	35	50
40	36	50
40	37	50
40	38	20
40	39	90
40	40	90
41	1	50
41	2	50
41	3	40
41	4	70
41	5	90
41	6	120
41	7	90
41	8	70
41	9	50
41	10	90
41	11	110
41	12	70
41	13	80
41	14	70
41	15	90
41	16	100
41	17	90
41	18	60
41	19	70
41	20	110
41	21	60
41	22	90
41	23	60
41	24	50
41	25	30
41	26	0
41	27	60
41	28	100
41	29	70
41	30	70
41	31	0
41	32	60
41	33	50
41	34	50
41	35	50
41	36	70
41	37	50
41	38	30
41	39	70
41	40	90
42	1	50
42	2	50
42	3	60
42	4	80
42	5	100
42	6	120
42	7	90
42	8	90
42	9	70
42	10	100
42	11	130
42	12	70
42	13	80
42	14	80
42	15	110
42	16	120
42	17	110
42	18	60
42	19	100
42	20	120
42	21	60
42	22	90
42	23	60
42	24	70
42	25	30
42	26	10
42	27	60
42	28	120
42	29	70
42	30	90
42	31	0
42	32	60
42	33	50
42	34	50
42	35	60
42	36	70
42	37	60
42	38	30
42	39	90
42	40	110
43	1	90
43	2	70
43	3	20
43	4	90
43	5	70
43	6	100
43	7	90
43	8	70
43	9	70
43	10	90
43	11	70
43	12	90
43	13	60
43	14	70
43	15	50
43	16	80
43	17	70
43	18	100
43	19	50
43	20	90
43	21	80
43	22	70
43	23	60
43	24	90
43	25	10
43	26	20
43	27	60
43	28	60
43	29	50
43	30	70
43	31	20
43	32	80
43	33	50
43	34	70
43	35	70
43	36	90
43	37	70
43	38	30
43	39	70
43	40	70
44	1	0
44	2	50
44	3	70
44	4	80
44	5	60
44	6	80
44	7	0
44	8	50
44	9	50
44	10	60
44	11	20
44	12	50
44	13	30
44	14	60
44	15	70
44	16	60
44	17	70
44	18	60
44	19	80
44	20	80
44	21	60
44	22	70
44	23	60
44	24	50
44	25	80
44	26	60
44	27	60
44	28	60
44	29	70
44	30	50
44	31	50
44	32	60
44	33	50
44	34	50
44	35	60
44	36	50
44	37	10
44	38	80
44	39	50
44	40	0
45	1	0
45	2	50
45	3	70
45	4	70
45	5	70
45	6	80
45	7	0
45	8	50
45	9	50
45	10	50
45	11	40
45	12	50
45	13	30
45	14	50
45	15	70
45	16	80
45	17	90
45	18	60
45	19	70
45	20	70
45	21	60
45	22	90
45	23	60
45	24	50
45	25	80
45	26	50
45	27	60
45	28	80
45	29	70
45	30	50
45	31	50
45	32	60
45	33	50
45	34	50
45	35	50
45	36	50
45	37	0
45	38	80
45	39	70
45	40	0
46	1	70
46	2	60
46	3	20
46	4	100
46	5	80
46	6	120
46	7	90
46	8	100
46	9	70
46	10	100
46	11	90
46	12	80
46	13	80
46	14	100
46	15	90
46	16	80
46	17	70
46	18	100
46	19	80
46	20	120
46	21	80
46	22	90
46	23	60
46	24	90
46	25	30
46	26	10
46	27	60
46	28	60
46	29	70
46	30	80
46	31	20
46	32	80
46	33	50
46	34	80
46	35	80
46	36	110
46	37	80
46	38	30
46	39	60
46	40	80
47	1	0
47	2	50
47	3	90
47	4	60
47	5	100
47	6	80
47	7	20
47	8	70
47	9	70
47	10	80
47	11	40
47	12	70
47	13	30
47	14	60
47	15	90
47	16	120
47	17	90
47	18	60
47	19	100
47	20	80
47	21	60
47	22	90
47	23	60
47	24	70
47	25	80
47	26	60
47	27	60
47	28	120
47	29	70
47	30	70
47	31	50
47	32	60
47	33	50
47	34	50
47	35	60
47	36	50
47	37	10
47	38	60
47	39	90
47	40	40
48	1	50
48	2	50
48	3	20
48	4	70
48	5	70
48	6	100
48	7	70
48	8	70
48	9	50
48	10	70
48	11	110
48	12	50
48	13	80
48	14	70
48	15	90
48	16	80
48	17	90
48	18	60
48	19	70
48	20	90
48	21	60
48	22	90
48	23	60
48	24	50
48	25	30
48	26	0
48	27	60
48	28	80
48	29	70
48	30	70
48	31	0
48	32	60
48	33	50
48	34	50
48	35	50
48	36	70
48	37	50
48	38	30
48	39	70
48	40	70
49	1	40
49	2	80
49	3	50
49	4	80
49	5	80
49	6	100
49	7	60
49	8	100
49	9	70
49	10	120
49	11	40
49	12	100
49	13	30
49	14	80
49	15	90
49	16	80
49	17	70
49	18	80
49	19	80
49	20	100
49	21	80
49	22	110
49	23	60
49	24	70
49	25	80
49	26	80
49	27	60
49	28	80
49	29	70
49	30	100
49	31	70
49	32	60
49	33	50
49	34	60
49	35	60
49	36	90
49	37	10
49	38	60
49	39	100
49	40	50
50	1	90
50	2	70
50	3	20
50	4	70
50	5	70
50	6	100
50	7	110
50	8	70
50	9	70
50	10	110
50	11	50
50	12	110
50	13	80
50	14	50
50	15	70
50	16	80
50	17	50
50	18	80
50	19	70
50	20	90
50	21	80
50	22	90
50	23	60
50	24	70
50	25	30
50	26	20
50	27	60
50	28	80
50	29	70
50	30	70
50	31	20
50	32	60
50	33	50
50	34	50
50	35	50
50	36	70
50	37	50
50	38	10
50	39	70
50	40	90
51	1	20
51	2	50
51	3	70
51	4	80
51	5	80
51	6	100
51	7	40
51	8	70
51	9	70
51	10	100
51	11	0
51	12	90
51	13	30
51	14	60
51	15	70
51	16	80
51	17	50
51	18	80
51	19	80
51	20	100
51	21	80
51	22	90
51	23	60
51	24	70
51	25	80
51	26	60
51	27	60
51	28	80
51	29	70
51	30	50
51	31	70
51	32	60
51	33	50
51	34	50
51	35	60
51	36	70
51	37	10
51	38	60
51	39	50
51	40	20
52	1	0
52	2	50
52	3	50
52	4	50
52	5	70
52	6	60
52	7	0
52	8	70
52	9	70
52	10	50
52	11	0
52	12	50
52	13	30
52	14	70
52	15	70
52	16	80
52	17	50
52	18	80
52	19	70
52	20	50
52	21	80
52	22	70
52	23	80
52	24	70
52	25	80
52	26	50
52	27	80
52	28	80
52	29	70
52	30	50
52	31	70
52	32	80
52	33	70
52	34	70
52	35	70
52	36	70
52	37	20
52	38	60
52	39	50
52	40	0
53	1	0
53	2	50
53	3	110
53	4	70
53	5	90
53	6	110
53	7	40
53	8	90
53	9	70
53	10	90
53	11	60
53	12	70
53	13	20
53	14	90
53	15	110
53	16	110
53	17	90
53	18	70
53	19	90
53	20	110
53	21	50
53	22	70
53	23	50
53	24	90
53	25	70
53	26	50
53	27	50
53	28	90
53	29	70
53	30	90
53	31	50
53	32	70
53	33	50
53	34	70
53	35	70
53	36	90
53	37	20
53	38	70
53	39	70
53	40	60
54	1	0
54	2	50
54	3	90
54	4	80
54	5	100
54	6	100
54	7	20
54	8	50
54	9	50
54	10	80
54	11	40
54	12	70
54	13	30
54	14	60
54	15	70
54	16	100
54	17	90
54	18	60
54	19	80
54	20	100
54	21	60
54	22	90
54	23	60
54	24	50
54	25	80
54	26	60
54	27	60
54	28	100
54	29	70
54	30	50
54	31	50
54	32	60
54	33	50
54	34	50
54	35	60
54	36	50
54	37	10
54	38	80
54	39	70
54	40	20
55	1	70
55	2	60
55	3	40
55	4	80
55	5	80
55	6	100
55	7	90
55	8	100
55	9	90
55	10	100
55	11	70
55	12	100
55	13	80
55	14	60
55	15	90
55	16	100
55	17	70
55	18	80
55	19	100
55	20	100
55	21	80
55	22	90
55	23	60
55	24	90
55	25	30
55	26	10
55	27	60
55	28	100
55	29	70
55	30	80
55	31	20
55	32	60
55	33	50
55	34	60
55	35	60
55	36	70
55	37	60
55	38	10
55	39	80
55	40	100
56	1	0
56	2	50
56	3	110
56	4	80
56	5	100
56	6	120
56	7	40
56	8	90
56	9	70
56	10	100
56	11	80
56	12	70
56	13	30
56	14	80
56	15	110
56	16	120
56	17	110
56	18	60
56	19	100
56	20	120
56	21	60
56	22	90
56	23	60
56	24	70
56	25	80
56	26	60
56	27	60
56	28	120
56	29	70
56	30	90
56	31	50
56	32	60
56	33	50
56	34	50
56	35	60
56	36	70
56	37	10
56	38	80
56	39	90
56	40	60
57	1	20
57	2	50
57	3	90
57	4	100
57	5	80
57	6	120
57	7	40
57	8	70
57	9	70
57	10	100
57	11	20
57	12	90
57	13	10
57	14	60
57	15	50
57	16	80
57	17	70
57	18	80
57	19	60
57	20	120
57	21	80
57	22	70
57	23	60
57	24	70
57	25	60
57	26	60
57	27	60
57	28	80
57	29	50
57	30	50
57	31	70
57	32	60
57	33	50
57	34	50
57	35	60
57	36	70
57	37	10
57	38	80
57	39	50
57	40	20
58	1	20
58	2	50
58	3	50
58	4	70
58	5	90
58	6	100
58	7	40
58	8	110
58	9	90
58	10	90
58	11	40
58	12	70
58	13	30
58	14	90
58	15	90
58	16	100
58	17	70
58	18	100
58	19	70
58	20	90
58	21	100
58	22	110
58	23	80
58	24	90
58	25	80
58	26	50
58	27	80
58	28	100
58	29	70
58	30	70
58	31	90
58	32	80
58	33	70
58	34	70
58	35	70
58	36	110
58	37	20
58	38	60
58	39	70
58	40	20
59	1	20
59	2	60
59	3	70
59	4	100
59	5	100
59	6	120
59	7	40
59	8	100
59	9	70
59	10	100
59	11	60
59	12	80
59	13	30
59	14	100
59	15	90
59	16	100
59	17	90
59	18	100
59	19	80
59	20	120
59	21	80
59	22	110
59	23	60
59	24	90
59	25	80
59	26	60
59	27	60
59	28	80
59	29	70
59	30	80
59	31	70
59	32	80
59	33	50
59	34	80
59	35	80
59	36	110
59	37	30
59	38	80
59	39	80
59	40	30
60	1	90
60	2	70
60	3	0
60	4	80
60	5	80
60	6	100
60	7	110
60	8	90
60	9	70
60	10	120
60	11	90
60	12	90
60	13	80
60	14	80
60	15	90
60	16	80
60	17	70
60	18	80
60	19	80
60	20	100
60	21	80
60	22	110
60	23	60
60	24	70
60	25	30
60	26	30
60	27	60
60	28	80
60	29	70
60	30	90
60	31	20
60	32	60
60	33	50
60	34	50
60	35	60
60	36	90
60	37	60
60	38	10
60	39	90
60	40	90
61	1	90
61	2	70
61	3	20
61	4	70
61	5	90
61	6	110
61	7	130
61	8	90
61	9	70
61	10	130
61	11	90
61	12	110
61	13	70
61	14	70
61	15	90
61	16	90
61	17	70
61	18	70
61	19	70
61	20	110
61	21	70
61	22	110
61	23	50
61	24	70
61	25	20
61	26	20
61	27	50
61	28	90
61	29	70
61	30	90
61	31	20
61	32	50
61	33	50
61	34	50
61	35	50
61	36	90
61	37	50
61	38	0
61	39	90
61	40	110
62	1	70
62	2	50
62	3	60
62	4	90
62	5	70
62	6	140
62	7	110
62	8	110
62	9	90
62	10	110
62	11	110
62	12	90
62	13	80
62	14	70
62	15	110
62	16	100
62	17	90
62	18	80
62	19	90
62	20	130
62	21	80
62	22	90
62	23	60
62	24	90
62	25	30
62	26	0
62	27	60
62	28	100
62	29	70
62	30	90
62	31	20
62	32	60
62	33	50
62	34	50
62	35	50
62	36	90
62	37	50
62	38	30
62	39	70
62	40	110
63	1	0
63	2	60
63	3	90
63	4	80
63	5	60
63	6	100
63	7	20
63	8	100
63	9	70
63	10	80
63	11	60
63	12	60
63	13	30
63	14	80
63	15	110
63	16	80
63	17	90
63	18	60
63	19	100
63	20	100
63	21	60
63	22	70
63	23	60
63	24	70
63	25	80
63	26	60
63	27	60
63	28	80
63	29	70
63	30	100
63	31	50
63	32	60
63	33	50
63	34	60
63	35	60
63	36	70
63	37	10
63	38	80
63	39	80
63	40	50
64	1	70
64	2	50
64	3	40
64	4	100
64	5	60
64	6	100
64	7	70
64	8	90
64	9	90
64	10	80
64	11	90
64	12	70
64	13	60
64	14	60
64	15	70
64	16	80
64	17	90
64	18	80
64	19	80
64	20	100
64	21	80
64	22	70
64	23	60
64	24	90
64	25	10
64	26	10
64	27	60
64	28	80
64	29	50
64	30	70
64	31	20
64	32	60
64	33	50
64	34	50
64	35	60
64	36	70
64	37	60
64	38	30
64	39	70
64	40	70
65	1	20
65	2	50
65	3	90
65	4	80
65	5	120
65	6	120
65	7	60
65	8	110
65	9	90
65	10	120
65	11	60
65	12	90
65	13	10
65	14	100
65	15	90
65	16	140
65	17	90
65	18	100
65	19	80
65	20	120
65	21	80
65	22	90
65	23	60
65	24	110
65	25	60
65	26	60
65	27	60
65	28	120
65	29	50
65	30	90
65	31	70
65	32	80
65	33	50
65	34	70
65	35	80
65	36	110
65	37	30
65	38	60
65	39	90
65	40	60
66	1	0
66	2	50
66	3	70
66	4	70
66	5	70
66	6	90
66	7	20
66	8	70
66	9	50
66	10	70
66	11	40
66	12	50
66	13	20
66	14	90
66	15	90
66	16	70
66	17	70
66	18	70
66	19	70
66	20	90
66	21	50
66	22	70
66	23	50
66	24	70
66	25	70
66	26	50
66	27	50
66	28	50
66	29	70
66	30	70
66	31	50
66	32	70
66	33	50
66	34	70
66	35	70
66	36	90
66	37	20
66	38	70
66	39	50
66	40	20
67	1	40
67	2	70
67	3	90
67	4	70
67	5	70
67	6	110
67	7	80
67	8	110
67	9	90
67	10	130
67	11	40
67	12	110
67	13	20
67	14	70
67	15	110
67	16	90
67	17	70
67	18	70
67	19	90
67	20	110
67	21	70
67	22	90
67	23	50
67	24	90
67	25	70
67	26	70
67	27	50
67	28	90
67	29	70
67	30	110
67	31	70
67	32	50
67	33	50
67	34	50
67	35	50
67	36	90
67	37	0
67	38	50
67	39	90
67	40	80
68	1	20
68	2	50
68	3	70
68	4	80
68	5	120
68	6	100
68	7	40
68	8	90
68	9	90
68	10	100
68	11	20
68	12	90
68	13	30
68	14	80
68	15	70
68	16	120
68	17	70
68	18	100
68	19	80
68	20	100
68	21	100
68	22	110
68	23	80
68	24	90
68	25	80
68	26	60
68	27	80
68	28	120
68	29	70
68	30	50
68	31	90
68	32	80
68	33	70
68	34	70
68	35	80
68	36	90
68	37	30
68	38	60
68	39	70
68	40	20
69	1	0
69	2	50
69	3	110
69	4	70
69	5	90
69	6	120
69	7	40
69	8	90
69	9	70
69	10	90
69	11	80
69	12	70
69	13	30
69	14	70
69	15	110
69	16	120
69	17	110
69	18	60
69	19	90
69	20	110
69	21	60
69	22	90
69	23	60
69	24	70
69	25	80
69	26	50
69	27	60
69	28	120
69	29	70
69	30	90
69	31	50
69	32	60
69	33	50
69	34	50
69	35	50
69	36	70
69	37	0
69	38	80
69	39	90
69	40	60
70	1	0
70	2	50
70	3	70
70	4	50
70	5	90
70	6	90
70	7	40
70	8	70
70	9	50
70	10	90
70	11	20
70	12	70
70	13	0
70	14	90
70	15	70
70	16	90
70	17	50
70	18	70
70	19	50
70	20	90
70	21	50
70	22	50
70	23	50
70	24	70
70	25	50
70	26	50
70	27	50
70	28	70
70	29	50
70	30	70
70	31	50
70	32	70
70	33	50
70	34	70
70	35	70
70	36	90
70	37	20
70	38	50
70	39	50
70	40	40
71	1	50
71	2	60
71	3	60
71	4	80
71	5	80
71	6	120
71	7	90
71	8	100
71	9	70
71	10	100
71	11	110
71	12	80
71	13	80
71	14	80
71	15	110
71	16	100
71	17	90
71	18	60
71	19	100
71	20	120
71	21	60
71	22	70
71	23	60
71	24	70
71	25	30
71	26	10
71	27	60
71	28	100
71	29	70
71	30	100
71	31	0
71	32	60
71	33	50
71	34	60
71	35	60
71	36	70
71	37	60
71	38	30
71	39	80
71	40	120
72	1	20
72	2	50
72	3	110
72	4	100
72	5	80
72	6	140
72	7	60
72	8	110
72	9	90
72	10	120
72	11	60
72	12	90
72	13	30
72	14	80
72	15	110
72	16	100
72	17	90
72	18	80
72	19	100
72	20	140
72	21	80
72	22	90
72	23	60
72	24	90
72	25	80
72	26	60
72	27	60
72	28	100
72	29	70
72	30	90
72	31	70
72	32	60
72	33	50
72	34	50
72	35	60
72	36	90
72	37	10
72	38	80
72	39	70
72	40	60
73	1	70
73	2	60
73	3	60
73	4	100
73	5	80
73	6	140
73	7	110
73	8	120
73	9	90
73	10	120
73	11	110
73	12	100
73	13	80
73	14	80
73	15	110
73	16	100
73	17	90
73	18	80
73	19	100
73	20	140
73	21	80
73	22	90
73	23	60
73	24	90
73	25	30
73	26	10
73	27	60
73	28	100
73	29	70
73	30	100
73	31	20
73	32	60
73	33	50
73	34	60
73	35	60
73	36	90
73	37	60
73	38	30
73	39	80
73	40	120
74	1	0
74	2	50
74	3	90
74	4	70
74	5	90
74	6	100
74	7	20
74	8	50
74	9	50
74	10	70
74	11	20
74	12	70
74	13	30
74	14	70
74	15	70
74	16	100
74	17	70
74	18	80
74	19	70
74	20	90
74	21	60
74	22	70
74	23	60
74	24	70
74	25	80
74	26	50
74	27	60
74	28	80
74	29	70
74	30	50
74	31	50
74	32	80
74	33	50
74	34	70
74	35	70
74	36	70
74	37	20
74	38	80
74	39	50
74	40	20
75	1	70
75	2	50
75	3	20
75	4	80
75	5	60
75	6	80
75	7	70
75	8	90
75	9	90
75	10	80
75	11	70
75	12	70
75	13	80
75	14	60
75	15	90
75	16	80
75	17	70
75	18	80
75	19	100
75	20	80
75	21	80
75	22	90
75	23	60
75	24	90
75	25	30
75	26	10
75	27	60
75	28	80
75	29	70
75	30	70
75	31	20
75	32	60
75	33	50
75	34	50
75	35	60
75	36	70
75	37	60
75	38	10
75	39	70
75	40	70
76	1	50
76	2	60
76	3	40
76	4	60
76	5	100
76	6	100
76	7	90
76	8	120
76	9	90
76	10	100
76	11	90
76	12	80
76	13	80
76	14	100
76	15	110
76	16	120
76	17	70
76	18	80
76	19	100
76	20	100
76	21	80
76	22	70
76	23	80
76	24	90
76	25	30
76	26	10
76	27	80
76	28	120
76	29	70
76	30	100
76	31	20
76	32	80
76	33	70
76	34	80
76	35	80
76	36	90
76	37	80
76	38	10
76	39	80
76	40	120
77	1	0
77	2	60
77	3	50
77	4	60
77	5	100
77	6	80
77	7	20
77	8	100
77	9	70
77	10	80
77	11	40
77	12	60
77	13	30
77	14	100
77	15	90
77	16	100
77	17	70
77	18	80
77	19	80
77	20	80
77	21	80
77	22	90
77	23	80
77	24	70
77	25	80
77	26	60
77	27	80
77	28	100
77	29	70
77	30	80
77	31	70
77	32	80
77	33	70
77	34	80
77	35	80
77	36	90
77	37	30
77	38	60
77	39	80
77	40	30
78	1	20
78	2	70
78	3	70
78	4	50
78	5	70
78	6	50
78	7	20
78	8	70
78	9	70
78	10	70
78	11	40
78	12	70
78	13	20
78	14	50
78	15	90
78	16	90
78	17	90
78	18	50
78	19	90
78	20	50
78	21	50
78	22	90
78	23	50
78	24	70
78	25	70
78	26	70
78	27	50
78	28	90
78	29	70
78	30	90
78	31	50
78	32	50
78	33	50
78	34	50
78	35	50
78	36	50
78	37	0
78	38	50
78	39	110
78	40	40
79	1	70
79	2	50
79	3	40
79	4	70
79	5	70
79	6	100
79	7	90
79	8	90
79	9	90
79	10	90
79	11	70
79	12	90
79	13	80
79	14	50
79	15	90
79	16	100
79	17	70
79	18	80
79	19	90
79	20	90
79	21	80
79	22	90
79	23	60
79	24	90
79	25	30
79	26	0
79	27	60
79	28	100
79	29	70
79	30	70
79	31	20
79	32	60
79	33	50
79	34	50
79	35	50
79	36	70
79	37	50
79	38	10
79	39	70
79	40	90
80	1	20
80	2	50
80	3	90
80	4	90
80	5	70
80	6	120
80	7	40
80	8	110
80	9	90
80	10	90
80	11	80
80	12	70
80	13	30
80	14	70
80	15	110
80	16	100
80	17	110
80	18	80
80	19	90
80	20	110
80	21	80
80	22	110
80	23	60
80	24	90
80	25	80
80	26	50
80	27	60
80	28	100
80	29	70
80	30	90
80	31	70
80	32	60
80	33	50
80	34	50
80	35	50
80	36	90
80	37	0
80	38	80
80	39	90
80	40	40
81	1	0
81	2	60
81	3	90
81	4	60
81	5	80
81	6	80
81	7	20
81	8	80
81	9	70
81	10	80
81	11	20
81	12	80
81	13	30
81	14	60
81	15	90
81	16	100
81	17	70
81	18	60
81	19	100
81	20	80
81	21	60
81	22	70
81	23	60
81	24	70
81	25	80
81	26	60
81	27	60
81	28	100
81	29	70
81	30	80
81	31	50
81	32	60
81	33	50
81	34	60
81	35	60
81	36	50
81	37	10
81	38	60
81	39	80
81	40	50
82	1	0
82	2	60
82	3	90
82	4	80
82	5	100
82	6	120
82	7	40
82	8	80
82	9	50
82	10	100
82	11	40
82	12	80
82	13	30
82	14	100
82	15	90
82	16	100
82	17	70
82	18	80
82	19	80
82	20	120
82	21	60
82	22	70
82	23	60
82	24	70
82	25	80
82	26	60
82	27	60
82	28	80
82	29	70
82	30	80
82	31	50
82	32	80
82	33	50
82	34	80
82	35	80
82	36	90
82	37	30
82	38	80
82	39	60
82	40	50
83	1	20
83	2	50
83	3	70
83	4	90
83	5	50
83	6	90
83	7	20
83	8	70
83	9	70
83	10	70
83	11	20
83	12	70
83	13	0
83	14	50
83	15	50
83	16	50
83	17	70
83	18	70
83	19	50
83	20	90
83	21	70
83	22	70
83	23	50
83	24	70
83	25	50
83	26	50
83	27	50
83	28	50
83	29	50
83	30	50
83	31	70
83	32	50
83	33	50
83	34	50
83	35	50
83	36	70
83	37	0
83	38	70
83	39	50
83	40	0
84	1	50
84	2	60
84	3	0
84	4	60
84	5	100
84	6	60
84	7	50
84	8	60
84	9	50
84	10	60
84	11	70
84	12	60
84	13	60
84	14	80
84	15	50
84	16	100
84	17	70
84	18	80
84	19	60
84	20	60
84	21	60
84	22	70
84	23	60
84	24	70
84	25	10
84	26	10
84	27	60
84	28	80
84	29	50
84	30	60
84	31	0
84	32	80
84	33	50
84	34	80
84	35	80
84	36	70
84	37	80
84	38	10
84	39	80
84	40	60
85	1	50
85	2	50
85	3	60
85	4	70
85	5	90
85	6	100
85	7	70
85	8	70
85	9	70
85	10	70
85	11	110
85	12	70
85	13	80
85	14	50
85	15	90
85	16	120
85	17	110
85	18	60
85	19	90
85	20	90
85	21	60
85	22	90
85	23	60
85	24	70
85	25	30
85	26	0
85	27	60
85	28	120
85	29	70
85	30	70
85	31	0
85	32	60
85	33	50
85	34	50
85	35	50
85	36	50
85	37	50
85	38	30
85	39	90
85	40	90
86	1	50
86	2	60
86	3	20
86	4	60
86	5	80
86	6	60
86	7	50
86	8	80
86	9	70
86	10	60
86	11	90
86	12	60
86	13	80
86	14	60
86	15	90
86	16	100
86	17	90
86	18	60
86	19	100
86	20	60
86	21	60
86	22	90
86	23	60
86	24	70
86	25	30
86	26	10
86	27	60
86	28	100
86	29	70
86	30	80
86	31	0
86	32	60
86	33	50
86	34	60
86	35	60
86	36	50
86	37	60
86	38	10
86	39	100
86	40	80
87	1	20
87	2	50
87	3	90
87	4	90
87	5	70
87	6	90
87	7	20
87	8	90
87	9	90
87	10	70
87	11	60
87	12	70
87	13	0
87	14	50
87	15	70
87	16	90
87	17	110
87	18	70
87	19	70
87	20	90
87	21	70
87	22	90
87	23	50
87	24	90
87	25	50
87	26	50
87	27	50
87	28	90
87	29	50
87	30	70
87	31	70
87	32	50
87	33	50
87	34	50
87	35	50
87	36	70
87	37	0
87	38	70
87	39	90
87	40	20
88	1	50
88	2	60
88	3	20
88	4	60
88	5	80
88	6	60
88	7	50
88	8	100
88	9	90
88	10	60
88	11	70
88	12	60
88	13	80
88	14	80
88	15	90
88	16	100
88	17	70
88	18	80
88	19	100
88	20	60
88	21	80
88	22	70
88	23	80
88	24	90
88	25	30
88	26	10
88	27	80
88	28	100
88	29	70
88	30	80
88	31	20
88	32	80
88	33	70
88	34	80
88	35	80
88	36	70
88	37	80
88	38	10
88	39	80
88	40	80
89	1	20
89	2	60
89	3	70
89	4	80
89	5	120
89	6	120
89	7	60
89	8	100
89	9	70
89	10	120
89	11	40
89	12	100
89	13	10
89	14	100
89	15	70
89	16	120
89	17	70
89	18	100
89	19	60
89	20	120
89	21	80
89	22	90
89	23	60
89	24	90
89	25	60
89	26	60
89	27	60
89	28	100
89	29	50
89	30	80
89	31	70
89	32	80
89	33	50
89	34	80
89	35	80
89	36	110
89	37	30
89	38	60
89	39	80
89	40	50
90	1	50
90	2	50
90	3	20
90	4	70
90	5	70
90	6	90
90	7	70
90	8	70
90	9	50
90	10	70
90	11	110
90	12	50
90	13	50
90	14	70
90	15	70
90	16	70
90	17	90
90	18	50
90	19	50
90	20	90
90	21	50
90	22	70
90	23	50
90	24	50
90	25	0
90	26	0
90	27	50
90	28	70
90	29	50
90	30	70
90	31	0
90	32	50
90	33	50
90	34	50
90	35	50
90	36	70
90	37	50
90	38	20
90	39	70
90	40	70
91	1	0
91	2	50
91	3	70
91	4	50
91	5	70
91	6	70
91	7	20
91	8	90
91	9	70
91	10	70
91	11	60
91	12	50
91	13	20
91	14	70
91	15	110
91	16	90
91	17	90
91	18	50
91	19	90
91	20	70
91	21	50
91	22	90
91	23	50
91	24	70
91	25	70
91	26	50
91	27	50
91	28	90
91	29	70
91	30	90
91	31	50
91	32	50
91	33	50
91	34	50
91	35	50
91	36	70
91	37	0
91	38	50
91	39	90
91	40	40
92	1	20
92	2	50
92	3	90
92	4	100
92	5	80
92	6	140
92	7	60
92	8	90
92	9	70
92	10	120
92	11	40
92	12	90
92	13	30
92	14	80
92	15	90
92	16	80
92	17	70
92	18	80
92	19	80
92	20	140
92	21	80
92	22	90
92	23	60
92	24	70
92	25	80
92	26	60
92	27	60
92	28	80
92	29	70
92	30	70
92	31	70
92	32	60
92	33	50
92	34	50
92	35	60
92	36	90
92	37	10
92	38	80
92	39	50
92	40	40
93	1	0
93	2	50
93	3	50
93	4	60
93	5	80
93	6	80
93	7	20
93	8	90
93	9	70
93	10	80
93	11	20
93	12	50
93	13	30
93	14	100
93	15	90
93	16	80
93	17	50
93	18	80
93	19	80
93	20	80
93	21	80
93	22	70
93	23	80
93	24	70
93	25	80
93	26	60
93	27	80
93	28	80
93	29	70
93	30	70
93	31	70
93	32	80
93	33	70
93	34	70
93	35	80
93	36	90
93	37	30
93	38	60
93	39	50
93	40	20
94	1	50
94	2	60
94	3	40
94	4	80
94	5	100
94	6	80
94	7	50
94	8	80
94	9	70
94	10	60
94	11	110
94	12	60
94	13	80
94	14	80
94	15	90
94	16	120
94	17	110
94	18	80
94	19	100
94	20	80
94	21	60
94	22	90
94	23	60
94	24	90
94	25	30
94	26	10
94	27	60
94	28	100
94	29	70
94	30	80
94	31	0
94	32	80
94	33	50
94	34	80
94	35	80
94	36	70
94	37	80
94	38	30
94	39	100
94	40	80
95	1	40
95	2	70
95	3	110
95	4	90
95	5	90
95	6	130
95	7	80
95	8	110
95	9	90
95	10	130
95	11	60
95	12	110
95	13	0
95	14	90
95	15	90
95	16	110
95	17	90
95	18	90
95	19	70
95	20	130
95	21	70
95	22	70
95	23	50
95	24	110
95	25	50
95	26	70
95	27	50
95	28	90
95	29	50
95	30	110
95	31	70
95	32	70
95	33	50
95	34	70
95	35	70
95	36	110
95	37	20
95	38	70
95	39	90
95	40	80
96	1	20
96	2	60
96	3	70
96	4	100
96	5	80
96	6	120
96	7	40
96	8	100
96	9	70
96	10	100
96	11	60
96	12	80
96	13	30
96	14	80
96	15	90
96	16	80
96	17	90
96	18	80
96	19	80
96	20	120
96	21	80
96	22	110
96	23	60
96	24	70
96	25	80
96	26	60
96	27	60
96	28	80
96	29	70
96	30	80
96	31	70
96	32	60
96	33	50
96	34	60
96	35	60
96	36	90
96	37	10
96	38	80
96	39	80
96	40	30
97	1	20
97	2	60
97	3	50
97	4	80
97	5	60
97	6	100
97	7	40
97	8	100
97	9	70
97	10	100
97	11	20
97	12	80
97	13	30
97	14	80
97	15	90
97	16	60
97	17	50
97	18	80
97	19	80
97	20	100
97	21	80
97	22	90
97	23	60
97	24	70
97	25	80
97	26	60
97	27	60
97	28	60
97	29	70
97	30	80
97	31	70
97	32	60
97	33	50
97	34	60
97	35	60
97	36	90
97	37	10
97	38	60
97	39	60
97	40	30
98	1	40
98	2	70
98	3	110
98	4	90
98	5	90
98	6	130
98	7	80
98	8	110
98	9	90
98	10	130
98	11	60
98	12	110
98	13	0
98	14	90
98	15	90
98	16	110
98	17	90
98	18	90
98	19	70
98	20	130
98	21	70
98	22	70
98	23	50
98	24	110
98	25	50
98	26	70
98	27	50
98	28	90
98	29	50
98	30	110
98	31	70
98	32	70
98	33	50
98	34	70
98	35	70
98	36	110
98	37	20
98	38	70
98	39	90
98	40	80
99	1	0
99	2	50
99	3	70
99	4	70
99	5	50
99	6	80
99	7	0
99	8	50
99	9	50
99	10	50
99	11	20
99	12	50
99	13	10
99	14	50
99	15	50
99	16	60
99	17	70
99	18	60
99	19	50
99	20	70
99	21	60
99	22	50
99	23	60
99	24	50
99	25	60
99	26	50
99	27	60
99	28	60
99	29	50
99	30	50
99	31	50
99	32	60
99	33	50
99	34	50
99	35	50
99	36	50
99	37	0
99	38	80
99	39	50
99	40	0
100	1	20
100	2	60
100	3	70
100	4	100
100	5	80
100	6	120
100	7	40
100	8	100
100	9	70
100	10	100
100	11	40
100	12	80
100	13	30
100	14	100
100	15	90
100	16	80
100	17	70
100	18	100
100	19	80
100	20	120
100	21	80
100	22	90
100	23	60
100	24	90
100	25	80
100	26	60
100	27	60
100	28	60
100	29	70
100	30	80
100	31	70
100	32	80
100	33	50
100	34	80
100	35	80
100	36	110
100	37	30
100	38	80
100	39	60
100	40	30
101	1	70
101	2	50
101	3	40
101	4	70
101	5	90
101	6	110
101	7	110
101	8	130
101	9	110
101	10	110
101	11	90
101	12	90
101	13	70
101	14	90
101	15	110
101	16	110
101	17	70
101	18	90
101	19	90
101	20	110
101	21	90
101	22	90
101	23	70
101	24	110
101	25	20
101	26	0
101	27	70
101	28	110
101	29	70
101	30	90
101	31	40
101	32	70
101	33	70
101	34	70
101	35	70
101	36	110
101	37	70
101	38	0
101	39	70
101	40	110
102	1	50
102	2	50
102	3	40
102	4	70
102	5	70
102	6	100
102	7	70
102	8	90
102	9	70
102	10	70
102	11	130
102	12	50
102	13	80
102	14	70
102	15	110
102	16	100
102	17	110
102	18	60
102	19	90
102	20	90
102	21	60
102	22	90
102	23	60
102	24	70
102	25	30
102	26	0
102	27	60
102	28	100
102	29	70
102	30	90
102	31	0
102	32	60
102	33	50
102	34	50
102	35	50
102	36	70
102	37	50
102	38	30
102	39	90
102	40	90
103	1	70
103	2	50
103	3	20
103	4	70
103	5	70
103	6	80
103	7	70
103	8	90
103	9	90
103	10	70
103	11	90
103	12	70
103	13	80
103	14	50
103	15	90
103	16	100
103	17	90
103	18	80
103	19	90
103	20	70
103	21	80
103	22	110
103	23	60
103	24	90
103	25	30
103	26	0
103	27	60
103	28	100
103	29	70
103	30	70
103	31	20
103	32	60
103	33	50
103	34	50
103	35	50
103	36	70
103	37	50
103	38	10
103	39	90
103	40	70
104	1	0
104	2	60
104	3	90
104	4	80
104	5	80
104	6	120
104	7	40
104	8	80
104	9	50
104	10	100
104	11	40
104	12	80
104	13	30
104	14	80
104	15	90
104	16	80
104	17	70
104	18	60
104	19	80
104	20	120
104	21	60
104	22	70
104	23	60
104	24	50
104	25	80
104	26	60
104	27	60
104	28	80
104	29	70
104	30	80
104	31	50
104	32	60
104	33	50
104	34	60
104	35	60
104	36	70
104	37	10
104	38	80
104	39	60
104	40	50
105	1	50
105	2	50
105	3	20
105	4	50
105	5	110
105	6	100
105	7	90
105	8	70
105	9	50
105	10	90
105	11	90
105	12	70
105	13	60
105	14	90
105	15	70
105	16	120
105	17	70
105	18	80
105	19	50
105	20	90
105	21	60
105	22	70
105	23	60
105	24	70
105	25	10
105	26	0
105	27	60
105	28	100
105	29	50
105	30	70
105	31	0
105	32	80
105	33	50
105	34	70
105	35	70
105	36	90
105	37	70
105	38	10
105	39	70
105	40	90
106	1	70
106	2	50
106	3	20
106	4	80
106	5	120
106	6	120
106	7	110
106	8	90
106	9	70
106	10	120
106	11	90
106	12	90
106	13	60
106	14	100
106	15	70
106	16	120
106	17	70
106	18	100
106	19	60
106	20	120
106	21	80
106	22	90
106	23	60
106	24	90
106	25	10
106	26	10
106	27	60
106	28	100
106	29	50
106	30	70
106	31	20
106	32	80
106	33	50
106	34	70
106	35	80
106	36	110
106	37	80
106	38	10
106	39	70
106	40	90
107	1	90
107	2	70
107	3	20
107	4	70
107	5	90
107	6	100
107	7	110
107	8	70
107	9	70
107	10	110
107	11	70
107	12	110
107	13	80
107	14	50
107	15	70
107	16	100
107	17	70
107	18	80
107	19	70
107	20	90
107	21	80
107	22	110
107	23	60
107	24	70
107	25	30
107	26	20
107	27	60
107	28	100
107	29	70
107	30	70
107	31	20
107	32	60
107	33	50
107	34	50
107	35	50
107	36	70
107	37	50
107	38	10
107	39	90
107	40	90
108	1	90
108	2	70
108	3	40
108	4	70
108	5	70
108	6	90
108	7	110
108	8	90
108	9	90
108	10	110
108	11	70
108	12	110
108	13	70
108	14	50
108	15	90
108	16	90
108	17	70
108	18	70
108	19	90
108	20	90
108	21	70
108	22	90
108	23	50
108	24	90
108	25	20
108	26	20
108	27	50
108	28	90
108	29	70
108	30	90
108	31	20
108	32	50
108	33	50
108	34	50
108	35	50
108	36	70
108	37	50
108	38	0
108	39	90
108	40	110
109	1	0
109	2	50
109	3	110
109	4	70
109	5	70
109	6	110
109	7	40
109	8	90
109	9	70
109	10	90
109	11	60
109	12	70
109	13	20
109	14	70
109	15	110
109	16	90
109	17	90
109	18	50
109	19	90
109	20	110
109	21	50
109	22	70
109	23	50
109	24	70
109	25	70
109	26	50
109	27	50
109	28	90
109	29	70
109	30	90
109	31	50
109	32	50
109	33	50
109	34	50
109	35	50
109	36	70
109	37	0
109	38	70
109	39	70
109	40	60
110	1	20
110	2	50
110	3	90
110	4	70
110	5	90
110	6	110
110	7	60
110	8	110
110	9	90
110	10	110
110	11	40
110	12	90
110	13	0
110	14	90
110	15	90
110	16	110
110	17	70
110	18	90
110	19	70
110	20	110
110	21	70
110	22	70
110	23	50
110	24	110
110	25	50
110	26	50
110	27	50
110	28	90
110	29	50
110	30	90
110	31	70
110	32	70
110	33	50
110	34	70
110	35	70
110	36	110
110	37	20
110	38	50
110	39	70
110	40	60
111	1	70
111	2	60
111	3	20
111	4	80
111	5	80
111	6	120
111	7	110
111	8	100
111	9	70
111	10	120
111	11	70
111	12	100
111	13	80
111	14	80
111	15	90
111	16	80
111	17	50
111	18	80
111	19	80
111	20	120
111	21	80
111	22	90
111	23	60
111	24	70
111	25	30
111	26	10
111	27	60
111	28	80
111	29	70
111	30	80
111	31	20
111	32	60
111	33	50
111	34	60
111	35	60
111	36	90
111	37	60
111	38	10
111	39	60
111	40	100
112	1	20
112	2	60
112	3	70
112	4	80
112	5	80
112	6	80
112	7	20
112	8	100
112	9	90
112	10	80
112	11	20
112	12	80
112	13	10
112	14	80
112	15	70
112	16	100
112	17	70
112	18	100
112	19	80
112	20	80
112	21	80
112	22	70
112	23	60
112	24	110
112	25	60
112	26	60
112	27	60
112	28	80
112	29	50
112	30	80
112	31	70
112	32	80
112	33	50
112	34	80
112	35	80
112	36	90
112	37	30
112	38	60
112	39	80
112	40	30
113	1	50
113	2	50
113	3	20
113	4	80
113	5	60
113	6	100
113	7	70
113	8	70
113	9	50
113	10	80
113	11	90
113	12	50
113	13	80
113	14	80
113	15	90
113	16	60
113	17	70
113	18	60
113	19	80
113	20	100
113	21	60
113	22	70
113	23	60
113	24	50
113	25	30
113	26	10
113	27	60
113	28	60
113	29	70
113	30	70
113	31	0
113	32	60
113	33	50
113	34	50
113	35	60
113	36	70
113	37	60
113	38	30
113	39	50
113	40	70
114	1	20
114	2	60
114	3	90
114	4	100
114	5	100
114	6	140
114	7	60
114	8	100
114	9	70
114	10	120
114	11	60
114	12	100
114	13	10
114	14	80
114	15	70
114	16	100
114	17	90
114	18	80
114	19	60
114	20	140
114	21	80
114	22	90
114	23	60
114	24	70
114	25	60
114	26	60
114	27	60
114	28	100
114	29	50
114	30	80
114	31	70
114	32	60
114	33	50
114	34	60
114	35	60
114	36	90
114	37	10
114	38	80
114	39	80
114	40	50
115	1	70
115	2	50
115	3	40
115	4	80
115	5	100
115	6	100
115	7	90
115	8	90
115	9	90
115	10	100
115	11	70
115	12	90
115	13	60
115	14	80
115	15	70
115	16	120
115	17	70
115	18	100
115	19	80
115	20	100
115	21	80
115	22	70
115	23	60
115	24	110
115	25	10
115	26	10
115	27	60
115	28	100
115	29	50
115	30	70
115	31	20
115	32	80
115	33	50
115	34	70
115	35	80
115	36	90
115	37	80
115	38	10
115	39	70
115	40	90
116	1	70
116	2	50
116	3	40
116	4	90
116	5	70
116	6	130
116	7	110
116	8	90
116	9	70
116	10	110
116	11	90
116	12	90
116	13	70
116	14	70
116	15	90
116	16	70
116	17	70
116	18	70
116	19	70
116	20	130
116	21	70
116	22	90
116	23	50
116	24	70
116	25	20
116	26	0
116	27	50
116	28	70
116	29	70
116	30	70
116	31	20
116	32	50
116	33	50
116	34	50
116	35	50
116	36	90
116	37	50
116	38	20
116	39	50
116	40	90
117	1	20
117	2	50
117	3	90
117	4	90
117	5	110
117	6	120
117	7	40
117	8	70
117	9	70
117	10	90
117	11	40
117	12	90
117	13	30
117	14	70
117	15	70
117	16	120
117	17	90
117	18	100
117	19	70
117	20	110
117	21	80
117	22	110
117	23	60
117	24	90
117	25	80
117	26	50
117	27	60
117	28	100
117	29	70
117	30	50
117	31	70
117	32	80
117	33	50
117	34	70
117	35	70
117	36	90
117	37	20
117	38	80
117	39	70
117	40	20
118	1	50
118	2	50
118	3	40
118	4	70
118	5	70
118	6	70
118	7	50
118	8	70
118	9	70
118	10	50
118	11	90
118	12	50
118	13	70
118	14	70
118	15	90
118	16	90
118	17	90
118	18	70
118	19	90
118	20	70
118	21	50
118	22	70
118	23	50
118	24	90
118	25	20
118	26	0
118	27	50
118	28	70
118	29	70
118	30	70
118	31	0
118	32	70
118	33	50
118	34	70
118	35	70
118	36	70
118	37	70
118	38	20
118	39	70
118	40	70
119	1	0
119	2	50
119	3	50
119	4	50
119	5	70
119	6	50
119	7	0
119	8	50
119	9	50
119	10	50
119	11	0
119	12	50
119	13	0
119	14	70
119	15	50
119	16	70
119	17	50
119	18	70
119	19	50
119	20	50
119	21	50
119	22	50
119	23	50
119	24	70
119	25	50
119	26	50
119	27	50
119	28	50
119	29	50
119	30	50
119	31	50
119	32	70
119	33	50
119	34	70
119	35	70
119	36	70
119	37	20
119	38	50
119	39	50
119	40	0
120	1	40
120	2	70
120	3	90
120	4	90
120	5	110
120	6	120
120	7	60
120	8	70
120	9	70
120	10	110
120	11	40
120	12	110
120	13	10
120	14	70
120	15	50
120	16	120
120	17	90
120	18	100
120	19	50
120	20	110
120	21	80
120	22	90
120	23	60
120	24	90
120	25	60
120	26	70
120	27	60
120	28	100
120	29	50
120	30	70
120	31	70
120	32	80
120	33	50
120	34	70
120	35	70
120	36	90
120	37	20
120	38	80
120	39	90
120	40	40
121	1	20
121	2	60
121	3	70
121	4	100
121	5	80
121	6	120
121	7	40
121	8	100
121	9	70
121	10	100
121	11	60
121	12	80
121	13	30
121	14	80
121	15	90
121	16	80
121	17	90
121	18	80
121	19	80
121	20	120
121	21	80
121	22	110
121	23	60
121	24	70
121	25	80
121	26	60
121	27	60
121	28	80
121	29	70
121	30	80
121	31	70
121	32	60
121	33	50
121	34	60
121	35	60
121	36	90
121	37	10
121	38	80
121	39	80
121	40	30
122	1	70
122	2	60
122	3	20
122	4	100
122	5	80
122	6	120
122	7	90
122	8	100
122	9	70
122	10	100
122	11	110
122	12	80
122	13	60
122	14	80
122	15	70
122	16	80
122	17	90
122	18	80
122	19	60
122	20	120
122	21	80
122	22	90
122	23	60
122	24	70
122	25	10
122	26	10
122	27	60
122	28	80
122	29	50
122	30	80
122	31	20
122	32	60
122	33	50
122	34	60
122	35	60
122	36	90
122	37	60
122	38	30
122	39	80
122	40	80
123	1	50
123	2	50
123	3	40
123	4	70
123	5	110
123	6	110
123	7	90
123	8	70
123	9	50
123	10	90
123	11	110
123	12	70
123	13	70
123	14	90
123	15	90
123	16	110
123	17	90
123	18	70
123	19	70
123	20	110
123	21	50
123	22	90
123	23	50
123	24	70
123	25	20
123	26	0
123	27	50
123	28	90
123	29	70
123	30	70
123	31	0
123	32	70
123	33	50
123	34	70
123	35	70
123	36	90
123	37	70
123	38	20
123	39	70
123	40	90
124	1	0
124	2	50
124	3	70
124	4	70
124	5	50
124	6	100
124	7	20
124	8	70
124	9	50
124	10	70
124	11	40
124	12	50
124	13	30
124	14	70
124	15	90
124	16	60
124	17	70
124	18	60
124	19	70
124	20	90
124	21	60
124	22	70
124	23	60
124	24	50
124	25	80
124	26	50
124	27	60
124	28	60
124	29	70
124	30	70
124	31	50
124	32	60
124	33	50
124	34	50
124	35	50
124	36	70
124	37	0
124	38	80
124	39	50
124	40	20
125	1	70
125	2	60
125	3	40
125	4	100
125	5	80
125	6	120
125	7	90
125	8	120
125	9	90
125	10	100
125	11	130
125	12	80
125	13	80
125	14	80
125	15	110
125	16	100
125	17	110
125	18	80
125	19	100
125	20	120
125	21	80
125	22	110
125	23	60
125	24	90
125	25	30
125	26	10
125	27	60
125	28	100
125	29	70
125	30	100
125	31	20
125	32	60
125	33	50
125	34	60
125	35	60
125	36	90
125	37	60
125	38	30
125	39	100
125	40	100
126	1	0
126	2	50
126	3	90
126	4	70
126	5	90
126	6	110
126	7	40
126	8	70
126	9	50
126	10	90
126	11	60
126	12	70
126	13	20
126	14	70
126	15	90
126	16	90
126	17	90
126	18	50
126	19	70
126	20	110
126	21	50
126	22	90
126	23	50
126	24	50
126	25	70
126	26	50
126	27	50
126	28	90
126	29	70
126	30	70
126	31	50
126	32	50
126	33	50
126	34	50
126	35	50
126	36	70
126	37	0
126	38	70
126	39	70
126	40	40
127	1	70
127	2	50
127	3	40
127	4	90
127	5	90
127	6	110
127	7	90
127	8	70
127	9	70
127	10	90
127	11	70
127	12	90
127	13	70
127	14	70
127	15	70
127	16	90
127	17	70
127	18	90
127	19	70
127	20	110
127	21	70
127	22	90
127	23	50
127	24	90
127	25	20
127	26	0
127	27	50
127	28	70
127	29	70
127	30	50
127	31	20
127	32	70
127	33	50
127	34	70
127	35	70
127	36	90
127	37	70
127	38	20
127	39	50
127	40	70
128	1	40
128	2	70
128	3	90
128	4	90
128	5	90
128	6	120
128	7	60
128	8	70
128	9	70
128	10	110
128	11	20
128	12	110
128	13	10
128	14	70
128	15	50
128	16	100
128	17	70
128	18	100
128	19	50
128	20	110
128	21	80
128	22	70
128	23	60
128	24	90
128	25	60
128	26	70
128	27	60
128	28	80
128	29	50
128	30	70
128	31	70
128	32	80
128	33	50
128	34	70
128	35	70
128	36	90
128	37	20
128	38	80
128	39	70
128	40	40
129	1	70
129	2	50
129	3	60
129	4	90
129	5	90
129	6	120
129	7	90
129	8	90
129	9	90
129	10	90
129	11	90
129	12	90
129	13	80
129	14	70
129	15	90
129	16	120
129	17	90
129	18	100
129	19	90
129	20	110
129	21	80
129	22	90
129	23	60
129	24	110
129	25	30
129	26	0
129	27	60
129	28	100
129	29	70
129	30	70
129	31	20
129	32	80
129	33	50
129	34	70
129	35	70
129	36	90
129	37	70
129	38	30
129	39	70
129	40	90
130	1	70
130	2	60
130	3	60
130	4	100
130	5	100
130	6	120
130	7	90
130	8	100
130	9	90
130	10	100
130	11	110
130	12	100
130	13	80
130	14	60
130	15	90
130	16	120
130	17	110
130	18	80
130	19	100
130	20	120
130	21	80
130	22	110
130	23	60
130	24	90
130	25	30
130	26	10
130	27	60
130	28	120
130	29	70
130	30	80
130	31	20
130	32	60
130	33	50
130	34	60
130	35	60
130	36	70
130	37	60
130	38	30
130	39	100
130	40	100
131	1	50
131	2	50
131	3	40
131	4	70
131	5	50
131	6	90
131	7	70
131	8	90
131	9	70
131	10	70
131	11	110
131	12	50
131	13	70
131	14	70
131	15	110
131	16	70
131	17	90
131	18	50
131	19	90
131	20	90
131	21	50
131	22	70
131	23	50
131	24	70
131	25	20
131	26	0
131	27	50
131	28	70
131	29	70
131	30	90
131	31	0
131	32	50
131	33	50
131	34	50
131	35	50
131	36	70
131	37	50
131	38	20
131	39	70
131	40	90
132	1	70
132	2	50
132	3	20
132	4	90
132	5	50
132	6	110
132	7	90
132	8	90
132	9	70
132	10	90
132	11	90
132	12	70
132	13	70
132	14	70
132	15	90
132	16	50
132	17	70
132	18	70
132	19	70
132	20	110
132	21	70
132	22	90
132	23	50
132	24	70
132	25	20
132	26	0
132	27	50
132	28	50
132	29	70
132	30	70
132	31	20
132	32	50
132	33	50
132	34	50
132	35	50
132	36	90
132	37	50
132	38	20
132	39	50
132	40	70
133	1	70
133	2	50
133	3	40
133	4	70
133	5	110
133	6	120
133	7	110
133	8	130
133	9	110
133	10	110
133	11	110
133	12	90
133	13	80
133	14	90
133	15	110
133	16	140
133	17	90
133	18	100
133	19	90
133	20	110
133	21	100
133	22	110
133	23	80
133	24	110
133	25	30
133	26	0
133	27	80
133	28	140
133	29	70
133	30	90
133	31	40
133	32	80
133	33	70
133	34	70
133	35	70
133	36	110
133	37	70
133	38	10
133	39	90
133	40	110
134	1	0
134	2	50
134	3	110
134	4	80
134	5	80
134	6	100
134	7	20
134	8	70
134	9	70
134	10	80
134	11	40
134	12	70
134	13	30
134	14	60
134	15	90
134	16	100
134	17	90
134	18	60
134	19	100
134	20	100
134	21	60
134	22	70
134	23	60
134	24	70
134	25	80
134	26	60
134	27	60
134	28	100
134	29	70
134	30	70
134	31	50
134	32	60
134	33	50
134	34	50
134	35	60
134	36	50
134	37	10
134	38	80
134	39	70
134	40	40
135	1	20
135	2	50
135	3	110
135	4	90
135	5	90
135	6	130
135	7	60
135	8	110
135	9	90
135	10	110
135	11	60
135	12	90
135	13	20
135	14	90
135	15	110
135	16	110
135	17	90
135	18	90
135	19	90
135	20	130
135	21	70
135	22	90
135	23	50
135	24	110
135	25	70
135	26	50
135	27	50
135	28	90
135	29	70
135	30	90
135	31	70
135	32	70
135	33	50
135	34	70
135	35	70
135	36	110
135	37	20
135	38	70
135	39	70
135	40	60
136	1	90
136	2	80
136	3	20
136	4	80
136	5	100
136	6	100
136	7	110
136	8	80
136	9	70
136	10	120
136	11	70
136	12	120
136	13	80
136	14	60
136	15	70
136	16	100
136	17	70
136	18	80
136	19	80
136	20	100
136	21	80
136	22	110
136	23	60
136	24	70
136	25	30
136	26	30
136	27	60
136	28	100
136	29	70
136	30	80
136	31	20
136	32	60
136	33	50
136	34	60
136	35	60
136	36	70
136	37	60
136	38	10
136	39	100
136	40	100
137	1	50
137	2	50
137	3	20
137	4	70
137	5	50
137	6	100
137	7	70
137	8	70
137	9	50
137	10	70
137	11	90
137	12	50
137	13	80
137	14	70
137	15	90
137	16	60
137	17	70
137	18	60
137	19	70
137	20	90
137	21	60
137	22	70
137	23	60
137	24	50
137	25	30
137	26	0
137	27	60
137	28	60
137	29	70
137	30	70
137	31	0
137	32	60
137	33	50
137	34	50
137	35	50
137	36	70
137	37	50
137	38	30
137	39	50
137	40	70
138	1	0
138	2	60
138	3	90
138	4	80
138	5	60
138	6	80
138	7	0
138	8	80
138	9	70
138	10	60
138	11	40
138	12	60
138	13	30
138	14	60
138	15	90
138	16	80
138	17	90
138	18	60
138	19	100
138	20	80
138	21	60
138	22	70
138	23	60
138	24	70
138	25	80
138	26	60
138	27	60
138	28	80
138	29	70
138	30	80
138	31	50
138	32	60
138	33	50
138	34	60
138	35	60
138	36	50
138	37	10
138	38	80
138	39	80
138	40	30
139	1	0
139	2	60
139	3	90
139	4	80
139	5	80
139	6	80
139	7	0
139	8	80
139	9	70
139	10	60
139	11	40
139	12	60
139	13	30
139	14	80
139	15	90
139	16	100
139	17	90
139	18	80
139	19	100
139	20	80
139	21	60
139	22	70
139	23	60
139	24	90
139	25	80
139	26	60
139	27	60
139	28	80
139	29	70
139	30	80
139	31	50
139	32	80
139	33	50
139	34	80
139	35	80
139	36	70
139	37	30
139	38	80
139	39	80
139	40	30
140	1	70
140	2	50
140	3	40
140	4	100
140	5	80
140	6	140
140	7	110
140	8	90
140	9	70
140	10	120
140	11	90
140	12	90
140	13	80
140	14	80
140	15	90
140	16	80
140	17	70
140	18	80
140	19	80
140	20	140
140	21	80
140	22	90
140	23	60
140	24	70
140	25	30
140	26	10
140	27	60
140	28	80
140	29	70
140	30	70
140	31	20
140	32	60
140	33	50
140	34	50
140	35	60
140	36	90
140	37	60
140	38	30
140	39	50
140	40	90
141	1	20
141	2	50
141	3	50
141	4	70
141	5	70
141	6	70
141	7	20
141	8	90
141	9	90
141	10	70
141	11	0
141	12	70
141	13	20
141	14	70
141	15	70
141	16	70
141	17	50
141	18	90
141	19	70
141	20	70
141	21	90
141	22	90
141	23	70
141	24	90
141	25	70
141	26	50
141	27	70
141	28	70
141	29	70
141	30	50
141	31	90
141	32	70
141	33	70
141	34	70
141	35	70
141	36	90
141	37	20
141	38	50
141	39	50
141	40	0
142	1	0
142	2	50
142	3	90
142	4	70
142	5	90
142	6	90
142	7	20
142	8	50
142	9	50
142	10	70
142	11	20
142	12	70
142	13	20
142	14	70
142	15	70
142	16	90
142	17	70
142	18	70
142	19	70
142	20	90
142	21	50
142	22	70
142	23	50
142	24	70
142	25	70
142	26	50
142	27	50
142	28	70
142	29	70
142	30	50
142	31	50
142	32	70
142	33	50
142	34	70
142	35	70
142	36	70
142	37	20
142	38	70
142	39	50
142	40	20
143	1	70
143	2	50
143	3	40
143	4	80
143	5	100
143	6	100
143	7	90
143	8	90
143	9	90
143	10	100
143	11	70
143	12	90
143	13	60
143	14	80
143	15	70
143	16	120
143	17	70
143	18	100
143	19	80
143	20	100
143	21	80
143	22	70
143	23	60
143	24	110
143	25	10
143	26	10
143	27	60
143	28	100
143	29	50
143	30	70
143	31	20
143	32	80
143	33	50
143	34	70
143	35	80
143	36	90
143	37	80
143	38	10
143	39	70
143	40	90
144	1	50
144	2	60
144	3	60
144	4	80
144	5	80
144	6	100
144	7	70
144	8	80
144	9	70
144	10	80
144	11	90
144	12	80
144	13	80
144	14	60
144	15	90
144	16	100
144	17	90
144	18	60
144	19	100
144	20	100
144	21	60
144	22	70
144	23	60
144	24	70
144	25	30
144	26	10
144	27	60
144	28	100
144	29	70
144	30	80
144	31	0
144	32	60
144	33	50
144	34	60
144	35	60
144	36	50
144	37	60
144	38	30
144	39	80
144	40	100
145	1	20
145	2	60
145	3	50
145	4	80
145	5	80
145	6	100
145	7	40
145	8	100
145	9	70
145	10	100
145	11	40
145	12	80
145	13	30
145	14	80
145	15	90
145	16	80
145	17	70
145	18	80
145	19	80
145	20	100
145	21	80
145	22	110
145	23	60
145	24	70
145	25	80
145	26	60
145	27	60
145	28	80
145	29	70
145	30	80
145	31	70
145	32	60
145	33	50
145	34	60
145	35	60
145	36	90
145	37	10
145	38	60
145	39	80
145	40	30
146	1	70
146	2	70
146	3	20
146	4	50
146	5	50
146	6	60
146	7	70
146	8	70
146	9	70
146	10	70
146	11	70
146	12	70
146	13	80
146	14	50
146	15	90
146	16	80
146	17	70
146	18	60
146	19	90
146	20	50
146	21	60
146	22	70
146	23	60
146	24	70
146	25	30
146	26	20
146	27	60
146	28	80
146	29	70
146	30	90
146	31	0
146	32	60
146	33	50
146	34	50
146	35	50
146	36	50
146	37	50
146	38	10
146	39	90
146	40	90
147	1	40
147	2	70
147	3	90
147	4	80
147	5	80
147	6	120
147	7	80
147	8	110
147	9	90
147	10	140
147	11	40
147	12	110
147	13	30
147	14	80
147	15	110
147	16	100
147	17	70
147	18	80
147	19	100
147	20	120
147	21	80
147	22	90
147	23	60
147	24	90
147	25	80
147	26	80
147	27	60
147	28	100
147	29	70
147	30	110
147	31	70
147	32	60
147	33	50
147	34	50
147	35	60
147	36	90
147	37	10
147	38	60
147	39	90
147	40	80
148	1	20
148	2	50
148	3	70
148	4	90
148	5	50
148	6	120
148	7	40
148	8	90
148	9	70
148	10	90
148	11	40
148	12	70
148	13	10
148	14	70
148	15	70
148	16	60
148	17	70
148	18	80
148	19	50
148	20	110
148	21	80
148	22	70
148	23	60
148	24	70
148	25	60
148	26	50
148	27	60
148	28	60
148	29	50
148	30	70
148	31	70
148	32	60
148	33	50
148	34	50
148	35	50
148	36	90
148	37	0
148	38	80
148	39	50
148	40	20
149	1	70
149	2	50
149	3	40
149	4	70
149	5	70
149	6	110
149	7	110
149	8	110
149	9	90
149	10	110
149	11	90
149	12	90
149	13	70
149	14	70
149	15	110
149	16	90
149	17	70
149	18	70
149	19	90
149	20	110
149	21	70
149	22	90
149	23	50
149	24	90
149	25	20
149	26	0
149	27	50
149	28	90
149	29	70
149	30	90
149	31	20
149	32	50
149	33	50
149	34	50
149	35	50
149	36	90
149	37	50
149	38	0
149	39	70
149	40	110
150	1	40
150	2	80
150	3	70
150	4	80
150	5	100
150	6	100
150	7	60
150	8	80
150	9	70
150	10	120
150	11	20
150	12	120
150	13	30
150	14	60
150	15	70
150	16	100
150	17	70
150	18	80
150	19	80
150	20	100
150	21	80
150	22	110
150	23	60
150	24	70
150	25	80
150	26	80
150	27	60
150	28	100
150	29	70
150	30	80
150	31	70
150	32	60
150	33	50
150	34	60
150	35	60
150	36	70
150	37	10
150	38	60
150	39	100
150	40	50
151	1	40
151	2	70
151	3	50
151	4	80
151	5	80
151	6	80
151	7	40
151	8	70
151	9	70
151	10	100
151	11	20
151	12	90
151	13	30
151	14	60
151	15	70
151	16	80
151	17	70
151	18	80
151	19	80
151	20	80
151	21	80
151	22	110
151	23	60
151	24	70
151	25	80
151	26	80
151	27	60
151	28	80
151	29	70
151	30	70
151	31	70
151	32	60
151	33	50
151	34	50
151	35	60
151	36	70
151	37	10
151	38	60
151	39	90
151	40	20
152	1	70
152	2	80
152	3	40
152	4	80
152	5	100
152	6	80
152	7	70
152	8	80
152	9	70
152	10	80
152	11	110
152	12	80
152	13	60
152	14	80
152	15	70
152	16	120
152	17	110
152	18	80
152	19	80
152	20	80
152	21	60
152	22	70
152	23	60
152	24	90
152	25	10
152	26	30
152	27	60
152	28	100
152	29	50
152	30	100
152	31	0
152	32	80
152	33	50
152	34	80
152	35	80
152	36	70
152	37	80
152	38	30
152	39	120
152	40	100
153	1	40
153	2	70
153	3	110
153	4	100
153	5	100
153	6	140
153	7	80
153	8	110
153	9	90
153	10	140
153	11	60
153	12	110
153	13	10
153	14	100
153	15	90
153	16	120
153	17	90
153	18	100
153	19	80
153	20	140
153	21	80
153	22	70
153	23	60
153	24	110
153	25	60
153	26	80
153	27	60
153	28	100
153	29	50
153	30	110
153	31	70
153	32	80
153	33	50
153	34	70
153	35	80
153	36	110
153	37	30
153	38	80
153	39	90
153	40	80
154	1	70
154	2	50
154	3	60
154	4	90
154	5	90
154	6	140
154	7	110
154	8	110
154	9	90
154	10	110
154	11	130
154	12	90
154	13	80
154	14	70
154	15	110
154	16	120
154	17	110
154	18	80
154	19	90
154	20	130
154	21	80
154	22	110
154	23	60
154	24	90
154	25	30
154	26	0
154	27	60
154	28	120
154	29	70
154	30	90
154	31	20
154	32	60
154	33	50
154	34	50
154	35	50
154	36	90
154	37	50
154	38	30
154	39	90
154	40	110
155	1	0
155	2	50
155	3	90
155	4	80
155	5	80
155	6	100
155	7	20
155	8	90
155	9	70
155	10	80
155	11	80
155	12	50
155	13	30
155	14	80
155	15	110
155	16	100
155	17	110
155	18	60
155	19	100
155	20	100
155	21	60
155	22	90
155	23	60
155	24	70
155	25	80
155	26	60
155	27	60
155	28	100
155	29	70
155	30	90
155	31	50
155	32	60
155	33	50
155	34	50
155	35	60
155	36	70
155	37	10
155	38	80
155	39	90
155	40	40
156	1	70
156	2	60
156	3	40
156	4	80
156	5	80
156	6	120
156	7	110
156	8	120
156	9	90
156	10	120
156	11	90
156	12	100
156	13	80
156	14	80
156	15	110
156	16	100
156	17	70
156	18	80
156	19	100
156	20	120
156	21	80
156	22	90
156	23	60
156	24	90
156	25	30
156	26	10
156	27	60
156	28	100
156	29	70
156	30	100
156	31	20
156	32	60
156	33	50
156	34	60
156	35	60
156	36	90
156	37	60
156	38	10
156	39	80
156	40	120
157	1	70
157	2	50
157	3	40
157	4	70
157	5	90
157	6	100
157	7	90
157	8	90
157	9	90
157	10	90
157	11	90
157	12	90
157	13	80
157	14	50
157	15	90
157	16	120
157	17	90
157	18	80
157	19	90
157	20	90
157	21	80
157	22	110
157	23	60
157	24	90
157	25	30
157	26	0
157	27	60
157	28	120
157	29	70
157	30	70
157	31	20
157	32	60
157	33	50
157	34	50
157	35	50
157	36	70
157	37	50
157	38	10
157	39	90
157	40	90
158	1	70
158	2	50
158	3	60
158	4	90
158	5	70
158	6	130
158	7	110
158	8	110
158	9	90
158	10	110
158	11	110
158	12	90
158	13	70
158	14	70
158	15	110
158	16	90
158	17	90
158	18	70
158	19	90
158	20	130
158	21	70
158	22	90
158	23	50
158	24	90
158	25	20
158	26	0
158	27	50
158	28	90
158	29	70
158	30	90
158	31	20
158	32	50
158	33	50
158	34	50
158	35	50
158	36	90
158	37	50
158	38	20
158	39	70
158	40	110
159	1	20
159	2	50
159	3	110
159	4	90
159	5	90
159	6	110
159	7	40
159	8	90
159	9	90
159	10	90
159	11	60
159	12	90
159	13	20
159	14	50
159	15	90
159	16	110
159	17	110
159	18	70
159	19	90
159	20	110
159	21	70
159	22	110
159	23	50
159	24	90
159	25	70
159	26	50
159	27	50
159	28	110
159	29	70
159	30	70
159	31	70
159	32	50
159	33	50
159	34	50
159	35	50
159	36	70
159	37	0
159	38	70
159	39	90
159	40	40
160	1	20
160	2	60
160	3	50
160	4	80
160	5	100
160	6	80
160	7	20
160	8	100
160	9	90
160	10	80
160	11	20
160	12	80
160	13	30
160	14	80
160	15	70
160	16	100
160	17	70
160	18	100
160	19	80
160	20	80
160	21	100
160	22	110
160	23	80
160	24	90
160	25	80
160	26	60
160	27	80
160	28	100
160	29	70
160	30	60
160	31	90
160	32	80
160	33	70
160	34	80
160	35	80
160	36	90
160	37	30
160	38	60
160	39	80
160	40	10
161	1	90
161	2	70
161	3	60
161	4	90
161	5	90
161	6	130
161	7	130
161	8	110
161	9	90
161	10	130
161	11	110
161	12	110
161	13	50
161	14	90
161	15	90
161	16	110
161	17	90
161	18	90
161	19	70
161	20	130
161	21	70
161	22	70
161	23	50
161	24	110
161	25	0
161	26	20
161	27	50
161	28	90
161	29	50
161	30	110
161	31	20
161	32	70
161	33	50
161	34	70
161	35	70
161	36	110
161	37	70
161	38	20
161	39	90
161	40	130
162	1	70
162	2	50
162	3	40
162	4	90
162	5	50
162	6	100
162	7	70
162	8	90
162	9	90
162	10	70
162	11	90
162	12	70
162	13	60
162	14	50
162	15	70
162	16	80
162	17	90
162	18	80
162	19	70
162	20	90
162	21	80
162	22	70
162	23	60
162	24	90
162	25	10
162	26	0
162	27	60
162	28	80
162	29	50
162	30	70
162	31	20
162	32	60
162	33	50
162	34	50
162	35	50
162	36	70
162	37	50
162	38	30
162	39	70
162	40	70
163	1	50
163	2	60
163	3	40
163	4	80
163	5	80
163	6	100
163	7	70
163	8	100
163	9	70
163	10	80
163	11	130
163	12	60
163	13	80
163	14	80
163	15	110
163	16	100
163	17	110
163	18	60
163	19	100
163	20	100
163	21	60
163	22	90
163	23	60
163	24	70
163	25	30
163	26	10
163	27	60
163	28	100
163	29	70
163	30	100
163	31	0
163	32	60
163	33	50
163	34	60
163	35	60
163	36	70
163	37	60
163	38	30
163	39	100
163	40	100
164	1	20
164	2	70
164	3	90
164	4	80
164	5	80
164	6	100
164	7	40
164	8	90
164	9	70
164	10	100
164	11	60
164	12	70
164	13	10
164	14	100
164	15	90
164	16	100
164	17	90
164	18	80
164	19	80
164	20	100
164	21	60
164	22	50
164	23	60
164	24	90
164	25	60
164	26	80
164	27	60
164	28	80
164	29	50
164	30	110
164	31	50
164	32	80
164	33	50
164	34	70
164	35	80
164	36	90
164	37	30
164	38	80
164	39	90
164	40	60
165	1	20
165	2	60
165	3	90
165	4	80
165	5	80
165	6	100
165	7	40
165	8	100
165	9	90
165	10	100
165	11	20
165	12	100
165	13	30
165	14	60
165	15	90
165	16	100
165	17	70
165	18	80
165	19	100
165	20	100
165	21	80
165	22	90
165	23	60
165	24	90
165	25	80
165	26	60
165	27	60
165	28	100
165	29	70
165	30	80
165	31	70
165	32	60
165	33	50
165	34	60
165	35	60
165	36	70
165	37	10
165	38	60
165	39	80
165	40	50
166	1	50
166	2	50
166	3	40
166	4	50
166	5	90
166	6	70
166	7	70
166	8	70
166	9	70
166	10	70
166	11	70
166	12	70
166	13	50
166	14	70
166	15	70
166	16	110
166	17	70
166	18	70
166	19	70
166	20	70
166	21	50
166	22	50
166	23	50
166	24	90
166	25	0
166	26	0
166	27	50
166	28	90
166	29	50
166	30	70
166	31	0
166	32	70
166	33	50
166	34	70
166	35	70
166	36	70
166	37	70
166	38	0
166	39	70
166	40	90
167	1	70
167	2	50
167	3	60
167	4	90
167	5	70
167	6	130
167	7	110
167	8	110
167	9	90
167	10	110
167	11	110
167	12	90
167	13	50
167	14	70
167	15	90
167	16	90
167	17	90
167	18	70
167	19	70
167	20	130
167	21	70
167	22	70
167	23	50
167	24	90
167	25	0
167	26	0
167	27	50
167	28	90
167	29	50
167	30	90
167	31	20
167	32	50
167	33	50
167	34	50
167	35	50
167	36	90
167	37	50
167	38	20
167	39	70
167	40	110
168	1	0
168	2	50
168	3	90
168	4	70
168	5	70
168	6	80
168	7	0
168	8	70
168	9	70
168	10	50
168	11	60
168	12	50
168	13	30
168	14	50
168	15	90
168	16	100
168	17	110
168	18	60
168	19	90
168	20	70
168	21	60
168	22	90
168	23	60
168	24	70
168	25	80
168	26	50
168	27	60
168	28	100
168	29	70
168	30	70
168	31	50
168	32	60
168	33	50
168	34	50
168	35	50
168	36	50
168	37	0
168	38	80
168	39	90
168	40	20
169	1	50
169	2	50
169	3	20
169	4	50
169	5	90
169	6	80
169	7	70
169	8	110
169	9	90
169	10	70
169	11	110
169	12	50
169	13	80
169	14	90
169	15	110
169	16	120
169	17	90
169	18	80
169	19	90
169	20	70
169	21	80
169	22	90
169	23	80
169	24	90
169	25	30
169	26	0
169	27	80
169	28	120
169	29	70
169	30	90
169	31	20
169	32	80
169	33	70
169	34	70
169	35	70
169	36	90
169	37	70
169	38	10
169	39	90
169	40	90
170	1	70
170	2	70
170	3	20
170	4	50
170	5	70
170	6	90
170	7	110
170	8	70
170	9	50
170	10	110
170	11	70
170	12	90
170	13	70
170	14	70
170	15	90
170	16	70
170	17	50
170	18	50
170	19	70
170	20	90
170	21	50
170	22	70
170	23	50
170	24	50
170	25	20
170	26	20
170	27	50
170	28	70
170	29	70
170	30	90
170	31	0
170	32	50
170	33	50
170	34	50
170	35	50
170	36	70
170	37	50
170	38	0
170	39	70
170	40	110
171	1	50
171	2	60
171	3	60
171	4	80
171	5	80
171	6	100
171	7	70
171	8	80
171	9	70
171	10	80
171	11	90
171	12	80
171	13	80
171	14	60
171	15	90
171	16	100
171	17	90
171	18	60
171	19	100
171	20	100
171	21	60
171	22	70
171	23	60
171	24	70
171	25	30
171	26	10
171	27	60
171	28	100
171	29	70
171	30	80
171	31	0
171	32	60
171	33	50
171	34	60
171	35	60
171	36	50
171	37	60
171	38	30
171	39	80
171	40	100
172	1	70
172	2	60
172	3	40
172	4	80
172	5	80
172	6	120
172	7	110
172	8	120
172	9	90
172	10	120
172	11	90
172	12	100
172	13	80
172	14	80
172	15	110
172	16	100
172	17	70
172	18	80
172	19	100
172	20	120
172	21	80
172	22	90
172	23	60
172	24	90
172	25	30
172	26	10
172	27	60
172	28	100
172	29	70
172	30	100
172	31	20
172	32	60
172	33	50
172	34	60
172	35	60
172	36	90
172	37	60
172	38	10
172	39	80
172	40	120
173	1	20
173	2	60
173	3	90
173	4	100
173	5	100
173	6	140
173	7	60
173	8	100
173	9	70
173	10	120
173	11	60
173	12	100
173	13	30
173	14	80
173	15	90
173	16	100
173	17	90
173	18	80
173	19	80
173	20	140
173	21	80
173	22	110
173	23	60
173	24	70
173	25	80
173	26	60
173	27	60
173	28	100
173	29	70
173	30	80
173	31	70
173	32	60
173	33	50
173	34	60
173	35	60
173	36	90
173	37	10
173	38	80
173	39	80
173	40	50
174	1	50
174	2	60
174	3	60
174	4	80
174	5	100
174	6	100
174	7	70
174	8	80
174	9	70
174	10	80
174	11	90
174	12	80
174	13	80
174	14	80
174	15	90
174	16	120
174	17	90
174	18	80
174	19	100
174	20	100
174	21	60
174	22	70
174	23	60
174	24	90
174	25	30
174	26	10
174	27	60
174	28	100
174	29	70
174	30	80
174	31	0
174	32	80
174	33	50
174	34	80
174	35	80
174	36	70
174	37	80
174	38	30
174	39	80
174	40	100
175	1	50
175	2	50
175	3	20
175	4	70
175	5	70
175	6	70
175	7	50
175	8	50
175	9	50
175	10	50
175	11	90
175	12	50
175	13	70
175	14	50
175	15	70
175	16	70
175	17	90
175	18	50
175	19	70
175	20	70
175	21	50
175	22	90
175	23	50
175	24	50
175	25	20
175	26	0
175	27	50
175	28	70
175	29	70
175	30	50
175	31	0
175	32	50
175	33	50
175	34	50
175	35	50
175	36	50
175	37	50
175	38	20
175	39	70
175	40	50
176	1	0
176	2	50
176	3	110
176	4	70
176	5	70
176	6	110
176	7	40
176	8	90
176	9	70
176	10	90
176	11	60
176	12	70
176	13	20
176	14	70
176	15	110
176	16	90
176	17	90
176	18	50
176	19	90
176	20	110
176	21	50
176	22	70
176	23	50
176	24	70
176	25	70
176	26	50
176	27	50
176	28	90
176	29	70
176	30	90
176	31	50
176	32	50
176	33	50
176	34	50
176	35	50
176	36	70
176	37	0
176	38	70
176	39	70
176	40	60
177	1	20
177	2	50
177	3	50
177	4	70
177	5	70
177	6	100
177	7	40
177	8	90
177	9	70
177	10	90
177	11	40
177	12	70
177	13	30
177	14	70
177	15	90
177	16	80
177	17	70
177	18	80
177	19	70
177	20	90
177	21	80
177	22	110
177	23	60
177	24	70
177	25	80
177	26	50
177	27	60
177	28	80
177	29	70
177	30	70
177	31	70
177	32	60
177	33	50
177	34	50
177	35	50
177	36	90
177	37	0
177	38	60
177	39	70
177	40	20
178	1	70
178	2	80
178	3	40
178	4	80
178	5	80
178	6	80
178	7	70
178	8	80
178	9	70
178	10	80
178	11	90
178	12	80
178	13	60
178	14	80
178	15	70
178	16	100
178	17	90
178	18	80
178	19	80
178	20	80
178	21	60
178	22	50
178	23	60
178	24	90
178	25	10
178	26	30
178	27	60
178	28	80
178	29	50
178	30	100
178	31	0
178	32	80
178	33	50
178	34	80
178	35	80
178	36	70
178	37	80
178	38	30
178	39	100
178	40	100
179	1	0
179	2	60
179	3	70
179	4	60
179	5	80
179	6	60
179	7	0
179	8	80
179	9	70
179	10	60
179	11	40
179	12	60
179	13	30
179	14	60
179	15	90
179	16	100
179	17	90
179	18	60
179	19	100
179	20	60
179	21	60
179	22	90
179	23	60
179	24	70
179	25	80
179	26	60
179	27	60
179	28	100
179	29	70
179	30	80
179	31	50
179	32	60
179	33	50
179	34	60
179	35	60
179	36	50
179	37	10
179	38	60
179	39	100
179	40	30
180	1	0
180	2	50
180	3	90
180	4	80
180	5	80
180	6	80
180	7	0
180	8	70
180	9	70
180	10	60
180	11	60
180	12	50
180	13	30
180	14	60
180	15	90
180	16	100
180	17	110
180	18	60
180	19	100
180	20	80
180	21	60
180	22	90
180	23	60
180	24	70
180	25	80
180	26	60
180	27	60
180	28	100
180	29	70
180	30	70
180	31	50
180	32	60
180	33	50
180	34	50
180	35	60
180	36	50
180	37	10
180	38	80
180	39	90
180	40	20
181	1	20
181	2	60
181	3	110
181	4	100
181	5	100
181	6	120
181	7	40
181	8	100
181	9	90
181	10	100
181	11	60
181	12	100
181	13	30
181	14	60
181	15	90
181	16	120
181	17	110
181	18	80
181	19	100
181	20	120
181	21	80
181	22	110
181	23	60
181	24	90
181	25	80
181	26	60
181	27	60
181	28	120
181	29	70
181	30	80
181	31	70
181	32	60
181	33	50
181	34	60
181	35	60
181	36	70
181	37	10
181	38	80
181	39	100
181	40	50
182	1	90
182	2	80
182	3	40
182	4	80
182	5	80
182	6	120
182	7	130
182	8	120
182	9	90
182	10	140
182	11	90
182	12	120
182	13	80
182	14	80
182	15	110
182	16	100
182	17	70
182	18	80
182	19	100
182	20	120
182	21	80
182	22	90
182	23	60
182	24	90
182	25	30
182	26	30
182	27	60
182	28	100
182	29	70
182	30	120
182	31	20
182	32	60
182	33	50
182	34	60
182	35	60
182	36	90
182	37	60
182	38	10
182	39	100
182	40	140
183	1	50
183	2	60
183	3	0
183	4	60
183	5	80
183	6	60
183	7	50
183	8	80
183	9	70
183	10	60
183	11	50
183	12	60
183	13	80
183	14	80
183	15	70
183	16	80
183	17	50
183	18	80
183	19	80
183	20	60
183	21	80
183	22	70
183	23	80
183	24	70
183	25	30
183	26	10
183	27	80
183	28	80
183	29	70
183	30	60
183	31	20
183	32	80
183	33	70
183	34	80
183	35	80
183	36	70
183	37	80
183	38	10
183	39	60
183	40	60
184	1	50
184	2	50
184	3	40
184	4	80
184	5	80
184	6	80
184	7	50
184	8	70
184	9	70
184	10	60
184	11	110
184	12	50
184	13	80
184	14	60
184	15	90
184	16	100
184	17	110
184	18	60
184	19	100
184	20	80
184	21	60
184	22	90
184	23	60
184	24	70
184	25	30
184	26	10
184	27	60
184	28	100
184	29	70
184	30	70
184	31	0
184	32	60
184	33	50
184	34	50
184	35	60
184	36	50
184	37	60
184	38	30
184	39	90
184	40	70
185	1	40
185	2	70
185	3	90
185	4	90
185	5	110
185	6	140
185	7	80
185	8	90
185	9	70
185	10	130
185	11	60
185	12	110
185	13	10
185	14	90
185	15	70
185	16	120
185	17	90
185	18	100
185	19	50
185	20	130
185	21	80
185	22	90
185	23	60
185	24	90
185	25	60
185	26	70
185	27	60
185	28	100
185	29	50
185	30	90
185	31	70
185	32	80
185	33	50
185	34	70
185	35	70
185	36	110
185	37	20
185	38	80
185	39	90
185	40	60
186	1	0
186	2	50
186	3	90
186	4	70
186	5	70
186	6	100
186	7	20
186	8	90
186	9	70
186	10	70
186	11	60
186	12	50
186	13	30
186	14	90
186	15	110
186	16	100
186	17	90
186	18	80
186	19	90
186	20	90
186	21	60
186	22	70
186	23	60
186	24	90
186	25	80
186	26	50
186	27	60
186	28	80
186	29	70
186	30	90
186	31	50
186	32	80
186	33	50
186	34	70
186	35	70
186	36	90
186	37	20
186	38	80
186	39	70
186	40	40
187	1	50
187	2	50
187	3	20
187	4	60
187	5	100
187	6	80
187	7	70
187	8	50
187	9	50
187	10	80
187	11	50
187	12	70
187	13	60
187	14	80
187	15	50
187	16	100
187	17	50
187	18	80
187	19	60
187	20	80
187	21	60
187	22	50
187	23	60
187	24	70
187	25	10
187	26	10
187	27	60
187	28	80
187	29	50
187	30	50
187	31	0
187	32	80
187	33	50
187	34	70
187	35	80
187	36	70
187	37	80
187	38	10
187	39	50
187	40	70
188	1	50
188	2	50
188	3	40
188	4	70
188	5	50
188	6	90
188	7	70
188	8	90
188	9	70
188	10	70
188	11	110
188	12	50
188	13	50
188	14	70
188	15	90
188	16	70
188	17	90
188	18	50
188	19	70
188	20	90
188	21	50
188	22	50
188	23	50
188	24	70
188	25	0
188	26	0
188	27	50
188	28	70
188	29	50
188	30	90
188	31	0
188	32	50
188	33	50
188	34	50
188	35	50
188	36	70
188	37	50
188	38	20
188	39	70
188	40	90
189	1	0
189	2	50
189	3	70
189	4	50
189	5	70
189	6	50
189	7	0
189	8	70
189	9	70
189	10	50
189	11	40
189	12	50
189	13	20
189	14	50
189	15	90
189	16	90
189	17	90
189	18	50
189	19	90
189	20	50
189	21	50
189	22	90
189	23	50
189	24	70
189	25	70
189	26	50
189	27	50
189	28	90
189	29	70
189	30	70
189	31	50
189	32	50
189	33	50
189	34	50
189	35	50
189	36	50
189	37	0
189	38	50
189	39	90
189	40	20
190	1	90
190	2	70
190	3	40
190	4	100
190	5	120
190	6	120
190	7	110
190	8	70
190	9	70
190	10	120
190	11	90
190	12	110
190	13	60
190	14	80
190	15	50
190	16	120
190	17	90
190	18	100
190	19	60
190	20	120
190	21	80
190	22	90
190	23	60
190	24	90
190	25	10
190	26	30
190	27	60
190	28	100
190	29	50
190	30	70
190	31	20
190	32	80
190	33	50
190	34	70
190	35	80
190	36	90
190	37	80
190	38	30
190	39	90
190	40	90
191	1	40
191	2	70
191	3	90
191	4	90
191	5	90
191	6	140
191	7	80
191	8	90
191	9	70
191	10	130
191	11	40
191	12	110
191	13	10
191	14	90
191	15	70
191	16	100
191	17	70
191	18	100
191	19	50
191	20	130
191	21	80
191	22	70
191	23	60
191	24	90
191	25	60
191	26	70
191	27	60
191	28	80
191	29	50
191	30	90
191	31	70
191	32	80
191	33	50
191	34	70
191	35	70
191	36	110
191	37	20
191	38	80
191	39	70
191	40	60
192	1	70
192	2	60
192	3	60
192	4	100
192	5	100
192	6	120
192	7	90
192	8	100
192	9	90
192	10	100
192	11	110
192	12	100
192	13	80
192	14	60
192	15	90
192	16	120
192	17	110
192	18	80
192	19	100
192	20	120
192	21	80
192	22	110
192	23	60
192	24	90
192	25	30
192	26	10
192	27	60
192	28	120
192	29	70
192	30	80
192	31	20
192	32	60
192	33	50
192	34	60
192	35	60
192	36	70
192	37	60
192	38	30
192	39	100
192	40	100
193	1	70
193	2	60
193	3	40
193	4	100
193	5	80
193	6	100
193	7	70
193	8	100
193	9	90
193	10	80
193	11	110
193	12	80
193	13	80
193	14	60
193	15	90
193	16	100
193	17	110
193	18	80
193	19	100
193	20	100
193	21	80
193	22	110
193	23	60
193	24	90
193	25	30
193	26	10
193	27	60
193	28	100
193	29	70
193	30	80
193	31	20
193	32	60
193	33	50
193	34	60
193	35	60
193	36	70
193	37	60
193	38	30
193	39	100
193	40	80
194	1	0
194	2	50
194	3	50
194	4	50
194	5	70
194	6	60
194	7	0
194	8	70
194	9	70
194	10	50
194	11	0
194	12	50
194	13	30
194	14	70
194	15	70
194	16	80
194	17	50
194	18	80
194	19	70
194	20	50
194	21	80
194	22	70
194	23	80
194	24	70
194	25	80
194	26	50
194	27	80
194	28	80
194	29	70
194	30	50
194	31	70
194	32	80
194	33	70
194	34	70
194	35	70
194	36	70
194	37	20
194	38	60
194	39	50
194	40	0
195	1	70
195	2	70
195	3	40
195	4	50
195	5	90
195	6	90
195	7	110
195	8	90
195	9	70
195	10	110
195	11	110
195	12	90
195	13	70
195	14	70
195	15	110
195	16	110
195	17	90
195	18	50
195	19	90
195	20	90
195	21	50
195	22	90
195	23	50
195	24	70
195	25	20
195	26	20
195	27	50
195	28	110
195	29	70
195	30	110
195	31	0
195	32	50
195	33	50
195	34	50
195	35	50
195	36	70
195	37	50
195	38	0
195	39	110
195	40	130
196	1	20
196	2	50
196	3	90
196	4	100
196	5	60
196	6	100
196	7	20
196	8	90
196	9	90
196	10	80
196	11	40
196	12	70
196	13	30
196	14	60
196	15	90
196	16	80
196	17	90
196	18	80
196	19	100
196	20	100
196	21	80
196	22	90
196	23	60
196	24	90
196	25	80
196	26	60
196	27	60
196	28	80
196	29	70
196	30	70
196	31	70
196	32	60
196	33	50
196	34	50
196	35	60
196	36	70
196	37	10
196	38	80
196	39	70
196	40	20
197	1	90
197	2	70
197	3	40
197	4	70
197	5	90
197	6	90
197	7	110
197	8	90
197	9	90
197	10	110
197	11	90
197	12	110
197	13	70
197	14	50
197	15	90
197	16	110
197	17	90
197	18	70
197	19	90
197	20	90
197	21	70
197	22	110
197	23	50
197	24	90
197	25	20
197	26	20
197	27	50
197	28	110
197	29	70
197	30	90
197	31	20
197	32	50
197	33	50
197	34	50
197	35	50
197	36	70
197	37	50
197	38	0
197	39	110
197	40	110
198	1	0
198	2	50
198	3	70
198	4	80
198	5	60
198	6	100
198	7	20
198	8	70
198	9	50
198	10	80
198	11	40
198	12	50
198	13	30
198	14	80
198	15	90
198	16	60
198	17	70
198	18	60
198	19	80
198	20	100
198	21	60
198	22	70
198	23	60
198	24	50
198	25	80
198	26	60
198	27	60
198	28	60
198	29	70
198	30	70
198	31	50
198	32	60
198	33	50
198	34	50
198	35	60
198	36	70
198	37	10
198	38	80
198	39	50
198	40	20
199	1	20
199	2	50
199	3	90
199	4	70
199	5	110
199	6	100
199	7	40
199	8	90
199	9	90
199	10	90
199	11	40
199	12	90
199	13	10
199	14	70
199	15	70
199	16	140
199	17	90
199	18	100
199	19	70
199	20	90
199	21	80
199	22	90
199	23	60
199	24	110
199	25	60
199	26	50
199	27	60
199	28	120
199	29	50
199	30	70
199	31	70
199	32	80
199	33	50
199	34	70
199	35	70
199	36	90
199	37	20
199	38	60
199	39	90
199	40	40
200	1	20
200	2	50
200	3	70
200	4	70
200	5	90
200	6	80
200	7	20
200	8	90
200	9	90
200	10	70
200	11	40
200	12	70
200	13	10
200	14	70
200	15	70
200	16	120
200	17	90
200	18	100
200	19	70
200	20	70
200	21	80
200	22	90
200	23	60
200	24	110
200	25	60
200	26	50
200	27	60
200	28	100
200	29	50
200	30	70
200	31	70
200	32	80
200	33	50
200	34	70
200	35	70
200	36	90
200	37	20
200	38	60
200	39	90
200	40	20
201	1	70
201	2	70
201	3	40
201	4	70
201	5	110
201	6	100
201	7	90
201	8	50
201	9	50
201	10	90
201	11	90
201	12	90
201	13	60
201	14	70
201	15	50
201	16	120
201	17	90
201	18	80
201	19	50
201	20	90
201	21	60
201	22	70
201	23	60
201	24	70
201	25	10
201	26	20
201	27	60
201	28	100
201	29	50
201	30	70
201	31	0
201	32	80
201	33	50
201	34	70
201	35	70
201	36	70
201	37	70
201	38	30
201	39	90
201	40	90
202	1	90
202	2	70
202	3	40
202	4	100
202	5	100
202	6	100
202	7	90
202	8	90
202	9	90
202	10	100
202	11	110
202	12	90
202	13	60
202	14	80
202	15	70
202	16	120
202	17	110
202	18	100
202	19	80
202	20	100
202	21	80
202	22	90
202	23	60
202	24	110
202	25	10
202	26	30
202	27	60
202	28	100
202	29	50
202	30	90
202	31	20
202	32	80
202	33	50
202	34	70
202	35	80
202	36	90
202	37	80
202	38	30
202	39	110
202	40	90
203	1	0
203	2	50
203	3	70
203	4	70
203	5	50
203	6	100
203	7	20
203	8	70
203	9	50
203	10	70
203	11	40
203	12	50
203	13	30
203	14	70
203	15	90
203	16	60
203	17	70
203	18	60
203	19	70
203	20	90
203	21	60
203	22	70
203	23	60
203	24	50
203	25	80
203	26	50
203	27	60
203	28	60
203	29	70
203	30	70
203	31	50
203	32	60
203	33	50
203	34	50
203	35	50
203	36	70
203	37	0
203	38	80
203	39	50
203	40	20
204	1	20
204	2	60
204	3	70
204	4	80
204	5	100
204	6	100
204	7	40
204	8	140
204	9	110
204	10	100
204	11	60
204	12	80
204	13	30
204	14	100
204	15	110
204	16	120
204	17	90
204	18	100
204	19	100
204	20	100
204	21	100
204	22	110
204	23	80
204	24	110
204	25	80
204	26	60
204	27	80
204	28	120
204	29	70
204	30	100
204	31	90
204	32	80
204	33	70
204	34	80
204	35	80
204	36	110
204	37	30
204	38	60
204	39	100
204	40	50
205	1	50
205	2	60
205	3	20
205	4	80
205	5	60
205	6	100
205	7	70
205	8	80
205	9	50
205	10	80
205	11	90
205	12	60
205	13	60
205	14	80
205	15	70
205	16	60
205	17	70
205	18	60
205	19	60
205	20	100
205	21	60
205	22	50
205	23	60
205	24	50
205	25	10
205	26	10
205	27	60
205	28	60
205	29	50
205	30	80
205	31	0
205	32	60
205	33	50
205	34	60
205	35	60
205	36	70
205	37	60
205	38	30
205	39	60
205	40	80
206	1	0
206	2	50
206	3	50
206	4	50
206	5	70
206	6	80
206	7	20
206	8	90
206	9	70
206	10	70
206	11	20
206	12	50
206	13	30
206	14	90
206	15	90
206	16	80
206	17	50
206	18	80
206	19	70
206	20	70
206	21	80
206	22	70
206	23	80
206	24	70
206	25	80
206	26	50
206	27	80
206	28	80
206	29	70
206	30	70
206	31	70
206	32	80
206	33	70
206	34	70
206	35	70
206	36	90
206	37	20
206	38	60
206	39	50
206	40	20
207	1	20
207	2	60
207	3	70
207	4	80
207	5	100
207	6	100
207	7	40
207	8	120
207	9	90
207	10	100
207	11	60
207	12	80
207	13	10
207	14	100
207	15	90
207	16	120
207	17	90
207	18	100
207	19	80
207	20	100
207	21	80
207	22	90
207	23	60
207	24	110
207	25	60
207	26	60
207	27	60
207	28	100
207	29	50
207	30	100
207	31	70
207	32	80
207	33	50
207	34	80
207	35	80
207	36	110
207	37	30
207	38	60
207	39	100
207	40	50
208	1	20
208	2	50
208	3	70
208	4	70
208	5	110
208	6	120
208	7	60
208	8	110
208	9	90
208	10	110
208	11	40
208	12	90
208	13	30
208	14	90
208	15	90
208	16	120
208	17	70
208	18	100
208	19	70
208	20	110
208	21	100
208	22	110
208	23	80
208	24	90
208	25	80
208	26	50
208	27	80
208	28	120
208	29	70
208	30	70
208	31	90
208	32	80
208	33	70
208	34	70
208	35	70
208	36	110
208	37	20
208	38	60
208	39	70
208	40	40
209	1	20
209	2	50
209	3	70
209	4	80
209	5	100
209	6	80
209	7	20
209	8	110
209	9	110
209	10	80
209	11	40
209	12	70
209	13	30
209	14	80
209	15	90
209	16	120
209	17	90
209	18	100
209	19	100
209	20	80
209	21	100
209	22	110
209	23	80
209	24	110
209	25	80
209	26	60
209	27	80
209	28	120
209	29	70
209	30	70
209	31	90
209	32	80
209	33	70
209	34	70
209	35	80
209	36	90
209	37	30
209	38	60
209	39	90
209	40	20
210	1	70
210	2	50
210	3	20
210	4	80
210	5	100
210	6	100
210	7	90
210	8	110
210	9	90
210	10	100
210	11	110
210	12	70
210	13	60
210	14	100
210	15	90
210	16	120
210	17	90
210	18	100
210	19	80
210	20	100
210	21	80
210	22	90
210	23	60
210	24	110
210	25	10
210	26	10
210	27	60
210	28	100
210	29	50
210	30	90
210	31	20
210	32	80
210	33	50
210	34	70
210	35	80
210	36	110
210	37	80
210	38	10
210	39	90
210	40	90
211	1	0
211	2	50
211	3	70
211	4	50
211	5	70
211	6	60
211	7	0
211	8	70
211	9	70
211	10	50
211	11	20
211	12	50
211	13	10
211	14	70
211	15	70
211	16	100
211	17	70
211	18	80
211	19	70
211	20	50
211	21	60
211	22	50
211	23	60
211	24	90
211	25	60
211	26	50
211	27	60
211	28	80
211	29	50
211	30	70
211	31	50
211	32	80
211	33	50
211	34	70
211	35	70
211	36	70
211	37	20
211	38	60
211	39	70
211	40	20
212	1	40
212	2	70
212	3	70
212	4	90
212	5	90
212	6	120
212	7	60
212	8	90
212	9	70
212	10	110
212	11	60
212	12	90
212	13	10
212	14	90
212	15	70
212	16	100
212	17	90
212	18	100
212	19	50
212	20	110
212	21	80
212	22	90
212	23	60
212	24	90
212	25	60
212	26	70
212	27	60
212	28	80
212	29	50
212	30	90
212	31	70
212	32	80
212	33	50
212	34	70
212	35	70
212	36	110
212	37	20
212	38	80
212	39	90
212	40	40
213	1	50
213	2	50
213	3	20
213	4	70
213	5	50
213	6	90
213	7	70
213	8	70
213	9	50
213	10	70
213	11	90
213	12	50
213	13	50
213	14	70
213	15	70
213	16	50
213	17	70
213	18	50
213	19	50
213	20	90
213	21	50
213	22	50
213	23	50
213	24	50
213	25	0
213	26	0
213	27	50
213	28	50
213	29	50
213	30	70
213	31	0
213	32	50
213	33	50
213	34	50
213	35	50
213	36	70
213	37	50
213	38	20
213	39	50
213	40	70
214	1	70
214	2	50
214	3	40
214	4	90
214	5	70
214	6	140
214	7	110
214	8	90
214	9	70
214	10	110
214	11	90
214	12	90
214	13	80
214	14	70
214	15	90
214	16	80
214	17	70
214	18	80
214	19	70
214	20	130
214	21	80
214	22	90
214	23	60
214	24	70
214	25	30
214	26	0
214	27	60
214	28	80
214	29	70
214	30	70
214	31	20
214	32	60
214	33	50
214	34	50
214	35	50
214	36	90
214	37	50
214	38	30
214	39	50
214	40	90
215	1	0
215	2	50
215	3	110
215	4	80
215	5	100
215	6	120
215	7	40
215	8	90
215	9	70
215	10	100
215	11	80
215	12	70
215	13	30
215	14	80
215	15	110
215	16	120
215	17	110
215	18	60
215	19	100
215	20	120
215	21	60
215	22	90
215	23	60
215	24	70
215	25	80
215	26	60
215	27	60
215	28	120
215	29	70
215	30	90
215	31	50
215	32	60
215	33	50
215	34	50
215	35	60
215	36	70
215	37	10
215	38	80
215	39	90
215	40	60
216	1	20
216	2	50
216	3	110
216	4	90
216	5	70
216	6	120
216	7	40
216	8	90
216	9	90
216	10	90
216	11	40
216	12	90
216	13	30
216	14	50
216	15	90
216	16	100
216	17	90
216	18	80
216	19	90
216	20	110
216	21	80
216	22	90
216	23	60
216	24	90
216	25	80
216	26	50
216	27	60
216	28	100
216	29	70
216	30	70
216	31	70
216	32	60
216	33	50
216	34	50
216	35	50
216	36	70
216	37	0
216	38	80
216	39	70
216	40	40
217	1	70
217	2	50
217	3	40
217	4	100
217	5	60
217	6	120
217	7	90
217	8	110
217	9	90
217	10	100
217	11	110
217	12	70
217	13	80
217	14	80
217	15	110
217	16	80
217	17	90
217	18	80
217	19	100
217	20	120
217	21	80
217	22	90
217	23	60
217	24	90
217	25	30
217	26	10
217	27	60
217	28	80
217	29	70
217	30	90
217	31	20
217	32	60
217	33	50
217	34	50
217	35	60
217	36	90
217	37	60
217	38	30
217	39	70
217	40	90
218	1	20
218	2	50
218	3	90
218	4	90
218	5	110
218	6	120
218	7	40
218	8	70
218	9	70
218	10	90
218	11	40
218	12	90
218	13	30
218	14	70
218	15	70
218	16	120
218	17	90
218	18	100
218	19	70
218	20	110
218	21	80
218	22	110
218	23	60
218	24	90
218	25	80
218	26	50
218	27	60
218	28	100
218	29	70
218	30	50
218	31	70
218	32	80
218	33	50
218	34	70
218	35	70
218	36	90
218	37	20
218	38	80
218	39	70
218	40	20
219	1	50
219	2	50
219	3	40
219	4	70
219	5	90
219	6	90
219	7	70
219	8	90
219	9	70
219	10	70
219	11	130
219	12	50
219	13	70
219	14	90
219	15	110
219	16	110
219	17	110
219	18	70
219	19	90
219	20	90
219	21	50
219	22	90
219	23	50
219	24	90
219	25	20
219	26	0
219	27	50
219	28	90
219	29	70
219	30	90
219	31	0
219	32	70
219	33	50
219	34	70
219	35	70
219	36	90
219	37	70
219	38	20
219	39	90
219	40	90
220	1	50
220	2	50
220	3	60
220	4	70
220	5	90
220	6	110
220	7	90
220	8	90
220	9	70
220	10	90
220	11	130
220	12	70
220	13	70
220	14	70
220	15	110
220	16	110
220	17	110
220	18	50
220	19	90
220	20	110
220	21	50
220	22	90
220	23	50
220	24	70
220	25	20
220	26	0
220	27	50
220	28	110
220	29	70
220	30	90
220	31	0
220	32	50
220	33	50
220	34	50
220	35	50
220	36	70
220	37	50
220	38	20
220	39	90
220	40	110
221	1	20
221	2	60
221	3	70
221	4	80
221	5	100
221	6	100
221	7	40
221	8	80
221	9	70
221	10	100
221	11	20
221	12	100
221	13	30
221	14	60
221	15	70
221	16	100
221	17	70
221	18	80
221	19	80
221	20	100
221	21	80
221	22	110
221	23	60
221	24	70
221	25	80
221	26	60
221	27	60
221	28	100
221	29	70
221	30	60
221	31	70
221	32	60
221	33	50
221	34	60
221	35	60
221	36	70
221	37	10
221	38	60
221	39	80
221	40	30
222	1	0
222	2	50
222	3	70
222	4	70
222	5	70
222	6	90
222	7	20
222	8	70
222	9	50
222	10	70
222	11	60
222	12	50
222	13	20
222	14	70
222	15	90
222	16	70
222	17	90
222	18	50
222	19	70
222	20	90
222	21	50
222	22	90
222	23	50
222	24	50
222	25	70
222	26	50
222	27	50
222	28	70
222	29	70
222	30	70
222	31	50
222	32	50
222	33	50
222	34	50
222	35	50
222	36	70
222	37	0
222	38	70
222	39	70
222	40	20
223	1	70
223	2	50
223	3	40
223	4	70
223	5	70
223	6	120
223	7	110
223	8	110
223	9	90
223	10	110
223	11	90
223	12	90
223	13	80
223	14	70
223	15	110
223	16	100
223	17	70
223	18	80
223	19	90
223	20	110
223	21	80
223	22	90
223	23	60
223	24	90
223	25	30
223	26	0
223	27	60
223	28	100
223	29	70
223	30	90
223	31	20
223	32	60
223	33	50
223	34	50
223	35	50
223	36	90
223	37	50
223	38	10
223	39	70
223	40	110
224	1	40
224	2	70
224	3	110
224	4	90
224	5	90
224	6	110
224	7	60
224	8	90
224	9	90
224	10	110
224	11	40
224	12	110
224	13	0
224	14	70
224	15	70
224	16	110
224	17	90
224	18	90
224	19	70
224	20	110
224	21	70
224	22	70
224	23	50
224	24	110
224	25	50
224	26	70
224	27	50
224	28	90
224	29	50
224	30	90
224	31	70
224	32	70
224	33	50
224	34	70
224	35	70
224	36	90
224	37	20
224	38	70
224	39	90
224	40	60
225	1	70
225	2	50
225	3	20
225	4	90
225	5	50
225	6	100
225	7	70
225	8	70
225	9	70
225	10	70
225	11	70
225	12	70
225	13	80
225	14	50
225	15	70
225	16	60
225	17	70
225	18	80
225	19	70
225	20	90
225	21	80
225	22	90
225	23	60
225	24	70
225	25	30
225	26	0
225	27	60
225	28	60
225	29	70
225	30	50
225	31	20
225	32	60
225	33	50
225	34	50
225	35	50
225	36	70
225	37	50
225	38	30
225	39	50
225	40	50
226	1	0
226	2	50
226	3	90
226	4	60
226	5	120
226	6	100
226	7	40
226	8	90
226	9	70
226	10	100
226	11	60
226	12	70
226	13	10
226	14	100
226	15	90
226	16	140
226	17	90
226	18	80
226	19	80
226	20	100
226	21	60
226	22	70
226	23	60
226	24	90
226	25	60
226	26	60
226	27	60
226	28	120
226	29	50
226	30	90
226	31	50
226	32	80
226	33	50
226	34	70
226	35	80
226	36	90
226	37	30
226	38	60
226	39	90
226	40	60
227	1	20
227	2	50
227	3	90
227	4	90
227	5	70
227	6	120
227	7	40
227	8	70
227	9	70
227	10	90
227	11	20
227	12	90
227	13	10
227	14	50
227	15	50
227	16	80
227	17	70
227	18	80
227	19	50
227	20	110
227	21	80
227	22	70
227	23	60
227	24	70
227	25	60
227	26	50
227	27	60
227	28	80
227	29	50
227	30	50
227	31	70
227	32	60
227	33	50
227	34	50
227	35	50
227	36	70
227	37	0
227	38	80
227	39	50
227	40	20
228	1	70
228	2	60
228	3	60
228	4	100
228	5	100
228	6	140
228	7	110
228	8	120
228	9	90
228	10	120
228	11	110
228	12	100
228	13	80
228	14	100
228	15	110
228	16	120
228	17	90
228	18	100
228	19	100
228	20	140
228	21	80
228	22	90
228	23	60
228	24	110
228	25	30
228	26	10
228	27	60
228	28	100
228	29	70
228	30	100
228	31	20
228	32	80
228	33	50
228	34	80
228	35	80
228	36	110
228	37	80
228	38	30
228	39	80
228	40	120
229	1	50
229	2	50
229	3	20
229	4	80
229	5	60
229	6	80
229	7	50
229	8	50
229	9	50
229	10	60
229	11	70
229	12	50
229	13	80
229	14	60
229	15	70
229	16	60
229	17	70
229	18	60
229	19	80
229	20	80
229	21	60
229	22	70
229	23	60
229	24	50
229	25	30
229	26	10
229	27	60
229	28	60
229	29	70
229	30	50
229	31	0
229	32	60
229	33	50
229	34	50
229	35	60
229	36	50
229	37	60
229	38	30
229	39	50
229	40	50
230	1	50
230	2	50
230	3	40
230	4	70
230	5	50
230	6	80
230	7	50
230	8	70
230	9	70
230	10	50
230	11	90
230	12	50
230	13	80
230	14	50
230	15	90
230	16	80
230	17	90
230	18	60
230	19	90
230	20	70
230	21	60
230	22	70
230	23	60
230	24	70
230	25	30
230	26	0
230	27	60
230	28	80
230	29	70
230	30	70
230	31	0
230	32	60
230	33	50
230	34	50
230	35	50
230	36	50
230	37	50
230	38	30
230	39	70
230	40	70
231	1	40
231	2	80
231	3	90
231	4	80
231	5	80
231	6	100
231	7	60
231	8	100
231	9	90
231	10	120
231	11	20
231	12	120
231	13	30
231	14	60
231	15	90
231	16	100
231	17	70
231	18	80
231	19	100
231	20	100
231	21	80
231	22	90
231	23	60
231	24	90
231	25	80
231	26	80
231	27	60
231	28	100
231	29	70
231	30	100
231	31	70
231	32	60
231	33	50
231	34	60
231	35	60
231	36	70
231	37	10
231	38	60
231	39	100
231	40	70
232	1	50
232	2	50
232	3	60
232	4	80
232	5	100
232	6	120
232	7	90
232	8	90
232	9	70
232	10	100
232	11	130
232	12	70
232	13	60
232	14	80
232	15	90
232	16	120
232	17	110
232	18	60
232	19	80
232	20	120
232	21	60
232	22	70
232	23	60
232	24	70
232	25	10
232	26	10
232	27	60
232	28	120
232	29	50
232	30	90
232	31	0
232	32	60
232	33	50
232	34	50
232	35	60
232	36	70
232	37	60
232	38	30
232	39	90
232	40	110
233	1	50
233	2	60
233	3	20
233	4	80
233	5	60
233	6	80
233	7	50
233	8	60
233	9	50
233	10	60
233	11	70
233	12	60
233	13	60
233	14	60
233	15	50
233	16	60
233	17	70
233	18	60
233	19	60
233	20	80
233	21	60
233	22	50
233	23	60
233	24	50
233	25	10
233	26	10
233	27	60
233	28	60
233	29	50
233	30	60
233	31	0
233	32	60
233	33	50
233	34	60
233	35	60
233	36	50
233	37	60
233	38	30
233	39	60
233	40	60
234	1	70
234	2	50
234	3	60
234	4	90
234	5	70
234	6	120
234	7	90
234	8	90
234	9	90
234	10	90
234	11	90
234	12	90
234	13	80
234	14	50
234	15	90
234	16	100
234	17	90
234	18	80
234	19	90
234	20	110
234	21	80
234	22	90
234	23	60
234	24	90
234	25	30
234	26	0
234	27	60
234	28	100
234	29	70
234	30	70
234	31	20
234	32	60
234	33	50
234	34	50
234	35	50
234	36	70
234	37	50
234	38	30
234	39	70
234	40	90
235	1	90
235	2	70
235	3	20
235	4	80
235	5	100
235	6	120
235	7	130
235	8	90
235	9	70
235	10	140
235	11	90
235	12	110
235	13	80
235	14	80
235	15	90
235	16	100
235	17	70
235	18	80
235	19	80
235	20	120
235	21	80
235	22	110
235	23	60
235	24	70
235	25	30
235	26	30
235	27	60
235	28	100
235	29	70
235	30	90
235	31	20
235	32	60
235	33	50
235	34	50
235	35	60
235	36	90
235	37	60
235	38	10
235	39	90
235	40	110
236	1	70
236	2	50
236	3	20
236	4	100
236	5	60
236	6	100
236	7	70
236	8	70
236	9	70
236	10	80
236	11	70
236	12	70
236	13	80
236	14	60
236	15	70
236	16	60
236	17	70
236	18	80
236	19	80
236	20	100
236	21	80
236	22	90
236	23	60
236	24	70
236	25	30
236	26	10
236	27	60
236	28	60
236	29	70
236	30	50
236	31	20
236	32	60
236	33	50
236	34	50
236	35	60
236	36	70
236	37	60
236	38	30
236	39	50
236	40	50
237	1	70
237	2	50
237	3	20
237	4	90
237	5	50
237	6	120
237	7	90
237	8	90
237	9	70
237	10	90
237	11	90
237	12	70
237	13	60
237	14	70
237	15	70
237	16	60
237	17	70
237	18	80
237	19	50
237	20	110
237	21	80
237	22	70
237	23	60
237	24	70
237	25	10
237	26	0
237	27	60
237	28	60
237	29	50
237	30	70
237	31	20
237	32	60
237	33	50
237	34	50
237	35	50
237	36	90
237	37	50
237	38	30
237	39	50
237	40	70
238	1	90
238	2	80
238	3	20
238	4	80
238	5	60
238	6	100
238	7	110
238	8	120
238	9	90
238	10	120
238	11	90
238	12	100
238	13	80
238	14	80
238	15	110
238	16	80
238	17	70
238	18	80
238	19	100
238	20	100
238	21	80
238	22	90
238	23	60
238	24	90
238	25	30
238	26	30
238	27	60
238	28	80
238	29	70
238	30	120
238	31	20
238	32	60
238	33	50
238	34	60
238	35	60
238	36	90
238	37	60
238	38	10
238	39	100
238	40	120
239	1	0
239	2	50
239	3	70
239	4	80
239	5	80
239	6	100
239	7	20
239	8	70
239	9	50
239	10	80
239	11	60
239	12	50
239	13	10
239	14	80
239	15	70
239	16	80
239	17	90
239	18	60
239	19	60
239	20	100
239	21	60
239	22	70
239	23	60
239	24	50
239	25	60
239	26	60
239	27	60
239	28	80
239	29	50
239	30	70
239	31	50
239	32	60
239	33	50
239	34	50
239	35	60
239	36	70
239	37	10
239	38	80
239	39	70
239	40	20
240	1	20
240	2	60
240	3	110
240	4	100
240	5	80
240	6	140
240	7	60
240	8	120
240	9	90
240	10	120
240	11	60
240	12	100
240	13	30
240	14	80
240	15	110
240	16	100
240	17	90
240	18	80
240	19	100
240	20	140
240	21	80
240	22	90
240	23	60
240	24	90
240	25	80
240	26	60
240	27	60
240	28	100
240	29	70
240	30	100
240	31	70
240	32	60
240	33	50
240	34	60
240	35	60
240	36	90
240	37	10
240	38	80
240	39	80
240	40	70
241	1	50
241	2	50
241	3	40
241	4	80
241	5	120
241	6	100
241	7	70
241	8	50
241	9	50
241	10	80
241	11	90
241	12	70
241	13	80
241	14	80
241	15	70
241	16	120
241	17	90
241	18	80
241	19	80
241	20	100
241	21	60
241	22	90
241	23	60
241	24	70
241	25	30
241	26	10
241	27	60
241	28	100
241	29	70
241	30	50
241	31	0
241	32	80
241	33	50
241	34	70
241	35	80
241	36	70
241	37	80
241	38	30
241	39	70
241	40	70
242	1	40
242	2	80
242	3	90
242	4	100
242	5	100
242	6	140
242	7	80
242	8	100
242	9	70
242	10	140
242	11	40
242	12	120
242	13	10
242	14	100
242	15	70
242	16	100
242	17	70
242	18	100
242	19	60
242	20	140
242	21	80
242	22	70
242	23	60
242	24	90
242	25	60
242	26	80
242	27	60
242	28	80
242	29	50
242	30	100
242	31	70
242	32	80
242	33	50
242	34	80
242	35	80
242	36	110
242	37	30
242	38	80
242	39	80
242	40	70
243	1	0
243	2	50
243	3	70
243	4	50
243	5	70
243	6	60
243	7	0
243	8	70
243	9	70
243	10	50
243	11	20
243	12	50
243	13	10
243	14	70
243	15	70
243	16	100
243	17	70
243	18	80
243	19	70
243	20	50
243	21	60
243	22	50
243	23	60
243	24	90
243	25	60
243	26	50
243	27	60
243	28	80
243	29	50
243	30	70
243	31	50
243	32	80
243	33	50
243	34	70
243	35	70
243	36	70
243	37	20
243	38	60
243	39	70
243	40	20
244	1	0
244	2	50
244	3	90
244	4	70
244	5	70
244	6	100
244	7	20
244	8	90
244	9	70
244	10	70
244	11	80
244	12	50
244	13	30
244	14	70
244	15	110
244	16	100
244	17	110
244	18	60
244	19	90
244	20	90
244	21	60
244	22	90
244	23	60
244	24	70
244	25	80
244	26	50
244	27	60
244	28	100
244	29	70
244	30	90
244	31	50
244	32	60
244	33	50
244	34	50
244	35	50
244	36	70
244	37	0
244	38	80
244	39	90
244	40	40
245	1	70
245	2	50
245	3	20
245	4	100
245	5	80
245	6	100
245	7	70
245	8	70
245	9	70
245	10	80
245	11	90
245	12	70
245	13	60
245	14	60
245	15	50
245	16	80
245	17	90
245	18	80
245	19	60
245	20	100
245	21	80
245	22	90
245	23	60
245	24	70
245	25	10
245	26	10
245	27	60
245	28	80
245	29	50
245	30	50
245	31	20
245	32	60
245	33	50
245	34	50
245	35	60
245	36	70
245	37	60
245	38	30
245	39	70
245	40	50
246	1	20
246	2	60
246	3	90
246	4	100
246	5	60
246	6	100
246	7	20
246	8	100
246	9	90
246	10	80
246	11	40
246	12	80
246	13	30
246	14	60
246	15	90
246	16	80
246	17	90
246	18	80
246	19	100
246	20	100
246	21	80
246	22	90
246	23	60
246	24	90
246	25	80
246	26	60
246	27	60
246	28	80
246	29	70
246	30	80
246	31	70
246	32	60
246	33	50
246	34	60
246	35	60
246	36	70
246	37	10
246	38	80
246	39	80
246	40	30
247	1	50
247	2	50
247	3	60
247	4	70
247	5	70
247	6	100
247	7	70
247	8	70
247	9	70
247	10	70
247	11	90
247	12	70
247	13	80
247	14	50
247	15	90
247	16	100
247	17	90
247	18	60
247	19	90
247	20	90
247	21	60
247	22	70
247	23	60
247	24	70
247	25	30
247	26	0
247	27	60
247	28	100
247	29	70
247	30	70
247	31	0
247	32	60
247	33	50
247	34	50
247	35	50
247	36	50
247	37	50
247	38	30
247	39	70
247	40	90
248	1	50
248	2	50
248	3	60
248	4	80
248	5	100
248	6	100
248	7	70
248	8	70
248	9	70
248	10	80
248	11	110
248	12	70
248	13	80
248	14	60
248	15	90
248	16	120
248	17	110
248	18	60
248	19	100
248	20	100
248	21	60
248	22	90
248	23	60
248	24	70
248	25	30
248	26	10
248	27	60
248	28	120
248	29	70
248	30	70
248	31	0
248	32	60
248	33	50
248	34	50
248	35	60
248	36	50
248	37	60
248	38	30
248	39	90
248	40	90
249	1	20
249	2	50
249	3	90
249	4	100
249	5	60
249	6	100
249	7	20
249	8	90
249	9	90
249	10	80
249	11	40
249	12	70
249	13	30
249	14	60
249	15	90
249	16	80
249	17	90
249	18	80
249	19	100
249	20	100
249	21	80
249	22	90
249	23	60
249	24	90
249	25	80
249	26	60
249	27	60
249	28	80
249	29	70
249	30	70
249	31	70
249	32	60
249	33	50
249	34	50
249	35	60
249	36	70
249	37	10
249	38	80
249	39	70
249	40	20
250	1	70
250	2	60
250	3	20
250	4	80
250	5	100
250	6	120
250	7	110
250	8	100
250	9	70
250	10	120
250	11	70
250	12	100
250	13	60
250	14	100
250	15	70
250	16	100
250	17	50
250	18	100
250	19	60
250	20	120
250	21	80
250	22	70
250	23	60
250	24	90
250	25	10
250	26	10
250	27	60
250	28	80
250	29	50
250	30	80
250	31	20
250	32	80
250	33	50
250	34	80
250	35	80
250	36	110
250	37	80
250	38	10
250	39	60
250	40	100
251	1	50
251	2	50
251	3	20
251	4	50
251	5	50
251	6	70
251	7	70
251	8	90
251	9	70
251	10	70
251	11	90
251	12	50
251	13	70
251	14	70
251	15	110
251	16	70
251	17	70
251	18	50
251	19	90
251	20	70
251	21	50
251	22	70
251	23	50
251	24	70
251	25	20
251	26	0
251	27	50
251	28	70
251	29	70
251	30	90
251	31	0
251	32	50
251	33	50
251	34	50
251	35	50
251	36	70
251	37	50
251	38	0
251	39	70
251	40	90
252	1	0
252	2	60
252	3	50
252	4	60
252	5	60
252	6	80
252	7	20
252	8	80
252	9	50
252	10	80
252	11	20
252	12	60
252	13	30
252	14	80
252	15	90
252	16	60
252	17	50
252	18	60
252	19	80
252	20	80
252	21	60
252	22	70
252	23	60
252	24	50
252	25	80
252	26	60
252	27	60
252	28	60
252	29	70
252	30	80
252	31	50
252	32	60
252	33	50
252	34	60
252	35	60
252	36	70
252	37	10
252	38	60
252	39	60
252	40	30
253	1	20
253	2	50
253	3	90
253	4	90
253	5	70
253	6	120
253	7	40
253	8	110
253	9	90
253	10	90
253	11	80
253	12	70
253	13	30
253	14	70
253	15	110
253	16	100
253	17	110
253	18	80
253	19	90
253	20	110
253	21	80
253	22	110
253	23	60
253	24	90
253	25	80
253	26	50
253	27	60
253	28	100
253	29	70
253	30	90
253	31	70
253	32	60
253	33	50
253	34	50
253	35	50
253	36	90
253	37	0
253	38	80
253	39	90
253	40	40
254	1	50
254	2	50
254	3	20
254	4	50
254	5	70
254	6	60
254	7	50
254	8	70
254	9	70
254	10	50
254	11	70
254	12	50
254	13	60
254	14	70
254	15	70
254	16	100
254	17	70
254	18	80
254	19	70
254	20	50
254	21	60
254	22	50
254	23	60
254	24	90
254	25	10
254	26	0
254	27	60
254	28	80
254	29	50
254	30	70
254	31	0
254	32	80
254	33	50
254	34	70
254	35	70
254	36	70
254	37	70
254	38	10
254	39	70
254	40	70
255	1	0
255	2	50
255	3	70
255	4	70
255	5	70
255	6	90
255	7	20
255	8	70
255	9	50
255	10	70
255	11	40
255	12	50
255	13	20
255	14	90
255	15	90
255	16	70
255	17	70
255	18	70
255	19	70
255	20	90
255	21	50
255	22	70
255	23	50
255	24	70
255	25	70
255	26	50
255	27	50
255	28	50
255	29	70
255	30	70
255	31	50
255	32	70
255	33	50
255	34	70
255	35	70
255	36	90
255	37	20
255	38	70
255	39	50
255	40	20
256	1	20
256	2	50
256	3	110
256	4	90
256	5	90
256	6	140
256	7	60
256	8	110
256	9	90
256	10	110
256	11	80
256	12	90
256	13	30
256	14	70
256	15	110
256	16	120
256	17	110
256	18	80
256	19	90
256	20	130
256	21	80
256	22	110
256	23	60
256	24	90
256	25	80
256	26	50
256	27	60
256	28	120
256	29	70
256	30	90
256	31	70
256	32	60
256	33	50
256	34	50
256	35	50
256	36	90
256	37	0
256	38	80
256	39	90
256	40	60
257	1	90
257	2	80
257	3	40
257	4	80
257	5	100
257	6	100
257	7	110
257	8	100
257	9	90
257	10	120
257	11	90
257	12	120
257	13	80
257	14	60
257	15	90
257	16	120
257	17	90
257	18	80
257	19	100
257	20	100
257	21	80
257	22	110
257	23	60
257	24	90
257	25	30
257	26	30
257	27	60
257	28	120
257	29	70
257	30	100
257	31	20
257	32	60
257	33	50
257	34	60
257	35	60
257	36	70
257	37	60
257	38	10
257	39	120
257	40	120
258	1	20
258	2	50
258	3	50
258	4	70
258	5	90
258	6	90
258	7	40
258	8	110
258	9	90
258	10	90
258	11	40
258	12	70
258	13	20
258	14	90
258	15	90
258	16	90
258	17	70
258	18	90
258	19	70
258	20	90
258	21	90
258	22	110
258	23	70
258	24	90
258	25	70
258	26	50
258	27	70
258	28	90
258	29	70
258	30	70
258	31	90
258	32	70
258	33	70
258	34	70
258	35	70
258	36	110
258	37	20
258	38	50
258	39	70
258	40	20
259	1	70
259	2	50
259	3	0
259	4	80
259	5	100
259	6	100
259	7	90
259	8	110
259	9	90
259	10	100
259	11	90
259	12	70
259	13	80
259	14	100
259	15	90
259	16	100
259	17	70
259	18	100
259	19	80
259	20	100
259	21	100
259	22	110
259	23	80
259	24	90
259	25	30
259	26	10
259	27	80
259	28	100
259	29	70
259	30	70
259	31	40
259	32	80
259	33	70
259	34	70
259	35	80
259	36	110
259	37	80
259	38	10
259	39	70
259	40	70
260	1	0
260	2	50
260	3	90
260	4	70
260	5	70
260	6	90
260	7	20
260	8	90
260	9	70
260	10	70
260	11	80
260	12	50
260	13	0
260	14	70
260	15	90
260	16	90
260	17	110
260	18	50
260	19	70
260	20	90
260	21	50
260	22	70
260	23	50
260	24	70
260	25	50
260	26	50
260	27	50
260	28	90
260	29	50
260	30	90
260	31	50
260	32	50
260	33	50
260	34	50
260	35	50
260	36	70
260	37	0
260	38	70
260	39	90
260	40	40
261	1	90
261	2	70
261	3	40
261	4	70
261	5	90
261	6	90
261	7	110
261	8	90
261	9	90
261	10	110
261	11	90
261	12	110
261	13	70
261	14	50
261	15	90
261	16	110
261	17	90
261	18	70
261	19	90
261	20	90
261	21	70
261	22	110
261	23	50
261	24	90
261	25	20
261	26	20
261	27	50
261	28	110
261	29	70
261	30	90
261	31	20
261	32	50
261	33	50
261	34	50
261	35	50
261	36	70
261	37	50
261	38	0
261	39	110
261	40	110
262	1	20
262	2	50
262	3	70
262	4	70
262	5	70
262	6	90
262	7	40
262	8	110
262	9	90
262	10	90
262	11	60
262	12	70
262	13	20
262	14	70
262	15	110
262	16	90
262	17	90
262	18	70
262	19	90
262	20	90
262	21	70
262	22	110
262	23	50
262	24	90
262	25	70
262	26	50
262	27	50
262	28	90
262	29	70
262	30	90
262	31	70
262	32	50
262	33	50
262	34	50
262	35	50
262	36	90
262	37	0
262	38	50
262	39	90
262	40	40
263	1	70
263	2	50
263	3	60
263	4	90
263	5	110
263	6	110
263	7	90
263	8	90
263	9	90
263	10	90
263	11	110
263	12	90
263	13	70
263	14	70
263	15	90
263	16	130
263	17	110
263	18	90
263	19	90
263	20	110
263	21	70
263	22	110
263	23	50
263	24	110
263	25	20
263	26	0
263	27	50
263	28	110
263	29	70
263	30	70
263	31	20
263	32	70
263	33	50
263	34	70
263	35	70
263	36	90
263	37	70
263	38	20
263	39	90
263	40	90
264	1	70
264	2	50
264	3	40
264	4	90
264	5	70
264	6	100
264	7	70
264	8	90
264	9	90
264	10	70
264	11	110
264	12	70
264	13	80
264	14	50
264	15	90
264	16	100
264	17	110
264	18	80
264	19	90
264	20	90
264	21	80
264	22	110
264	23	60
264	24	90
264	25	30
264	26	0
264	27	60
264	28	100
264	29	70
264	30	70
264	31	20
264	32	60
264	33	50
264	34	50
264	35	50
264	36	70
264	37	50
264	38	30
264	39	90
264	40	70
265	1	0
265	2	50
265	3	90
265	4	70
265	5	70
265	6	110
265	7	40
265	8	70
265	9	50
265	10	90
265	11	40
265	12	70
265	13	20
265	14	70
265	15	90
265	16	70
265	17	70
265	18	50
265	19	70
265	20	110
265	21	50
265	22	70
265	23	50
265	24	50
265	25	70
265	26	50
265	27	50
265	28	70
265	29	70
265	30	70
265	31	50
265	32	50
265	33	50
265	34	50
265	35	50
265	36	70
265	37	0
265	38	70
265	39	50
265	40	40
266	1	50
266	2	60
266	3	60
266	4	80
266	5	100
266	6	120
266	7	90
266	8	100
266	9	70
266	10	100
266	11	130
266	12	80
266	13	60
266	14	80
266	15	90
266	16	120
266	17	110
266	18	60
266	19	80
266	20	120
266	21	60
266	22	70
266	23	60
266	24	70
266	25	10
266	26	10
266	27	60
266	28	120
266	29	50
266	30	100
266	31	0
266	32	60
266	33	50
266	34	60
266	35	60
266	36	70
266	37	60
266	38	30
266	39	100
266	40	120
267	1	50
267	2	50
267	3	20
267	4	60
267	5	60
267	6	80
267	7	70
267	8	90
267	9	70
267	10	80
267	11	90
267	12	50
267	13	80
267	14	80
267	15	110
267	16	80
267	17	70
267	18	60
267	19	100
267	20	80
267	21	60
267	22	70
267	23	60
267	24	70
267	25	30
267	26	10
267	27	60
267	28	80
267	29	70
267	30	90
267	31	0
267	32	60
267	33	50
267	34	50
267	35	60
267	36	70
267	37	60
267	38	10
267	39	70
267	40	90
268	1	0
268	2	50
268	3	70
268	4	80
268	5	80
268	6	80
268	7	0
268	8	50
268	9	50
268	10	60
268	11	40
268	12	50
268	13	30
268	14	60
268	15	70
268	16	80
268	17	90
268	18	60
268	19	80
268	20	80
268	21	60
268	22	90
268	23	60
268	24	50
268	25	80
268	26	60
268	27	60
268	28	80
268	29	70
268	30	50
268	31	50
268	32	60
268	33	50
268	34	50
268	35	60
268	36	50
268	37	10
268	38	80
268	39	70
268	40	0
269	1	20
269	2	50
269	3	50
269	4	70
269	5	50
269	6	100
269	7	40
269	8	90
269	9	70
269	10	90
269	11	20
269	12	70
269	13	30
269	14	70
269	15	90
269	16	60
269	17	50
269	18	80
269	19	70
269	20	90
269	21	80
269	22	90
269	23	60
269	24	70
269	25	80
269	26	50
269	27	60
269	28	60
269	29	70
269	30	70
269	31	70
269	32	60
269	33	50
269	34	50
269	35	50
269	36	90
269	37	0
269	38	60
269	39	50
269	40	20
270	1	50
270	2	50
270	3	20
270	4	80
270	5	100
270	6	80
270	7	50
270	8	50
270	9	50
270	10	60
270	11	90
270	12	50
270	13	80
270	14	80
270	15	70
270	16	100
270	17	90
270	18	80
270	19	80
270	20	80
270	21	60
270	22	90
270	23	60
270	24	70
270	25	30
270	26	10
270	27	60
270	28	80
270	29	70
270	30	50
270	31	0
270	32	80
270	33	50
270	34	70
270	35	80
270	36	70
270	37	80
270	38	30
270	39	70
270	40	50
271	1	20
271	2	60
271	3	70
271	4	80
271	5	100
271	6	100
271	7	40
271	8	80
271	9	70
271	10	100
271	11	20
271	12	100
271	13	30
271	14	60
271	15	70
271	16	100
271	17	70
271	18	80
271	19	80
271	20	100
271	21	80
271	22	110
271	23	60
271	24	70
271	25	80
271	26	60
271	27	60
271	28	100
271	29	70
271	30	60
271	31	70
271	32	60
271	33	50
271	34	60
271	35	60
271	36	70
271	37	10
271	38	60
271	39	80
271	40	30
272	1	0
272	2	50
272	3	110
272	4	70
272	5	70
272	6	100
272	7	20
272	8	70
272	9	70
272	10	70
272	11	40
272	12	70
272	13	30
272	14	50
272	15	90
272	16	100
272	17	90
272	18	60
272	19	90
272	20	90
272	21	60
272	22	70
272	23	60
272	24	70
272	25	80
272	26	50
272	27	60
272	28	100
272	29	70
272	30	70
272	31	50
272	32	60
272	33	50
272	34	50
272	35	50
272	36	50
272	37	0
272	38	80
272	39	70
272	40	40
273	1	20
273	2	70
273	3	70
273	4	60
273	5	100
273	6	80
273	7	40
273	8	50
273	9	50
273	10	100
273	11	20
273	12	90
273	13	30
273	14	60
273	15	70
273	16	100
273	17	70
273	18	60
273	19	80
273	20	80
273	21	60
273	22	90
273	23	60
273	24	50
273	25	80
273	26	80
273	27	60
273	28	100
273	29	70
273	30	70
273	31	50
273	32	60
273	33	50
273	34	50
273	35	60
273	36	50
273	37	10
273	38	60
273	39	90
273	40	40
274	1	40
274	2	80
274	3	110
274	4	100
274	5	100
274	6	140
274	7	80
274	8	120
274	9	90
274	10	140
274	11	60
274	12	120
274	13	10
274	14	100
274	15	90
274	16	120
274	17	90
274	18	100
274	19	80
274	20	140
274	21	80
274	22	70
274	23	60
274	24	110
274	25	60
274	26	80
274	27	60
274	28	100
274	29	50
274	30	120
274	31	70
274	32	80
274	33	50
274	34	80
274	35	80
274	36	110
274	37	30
274	38	80
274	39	100
274	40	90
275	1	0
275	2	50
275	3	110
275	4	70
275	5	90
275	6	90
275	7	20
275	8	70
275	9	70
275	10	70
275	11	40
275	12	70
275	13	20
275	14	70
275	15	90
275	16	110
275	17	90
275	18	70
275	19	90
275	20	90
275	21	50
275	22	70
275	23	50
275	24	90
275	25	70
275	26	50
275	27	50
275	28	90
275	29	70
275	30	70
275	31	50
275	32	70
275	33	50
275	34	70
275	35	70
275	36	70
275	37	20
275	38	70
275	39	70
275	40	40
276	1	90
276	2	70
276	3	60
276	4	90
276	5	90
276	6	140
276	7	130
276	8	110
276	9	90
276	10	130
276	11	110
276	12	110
276	13	60
276	14	90
276	15	90
276	16	120
276	17	90
276	18	100
276	19	70
276	20	130
276	21	80
276	22	70
276	23	60
276	24	110
276	25	10
276	26	20
276	27	60
276	28	100
276	29	50
276	30	110
276	31	20
276	32	80
276	33	50
276	34	70
276	35	70
276	36	110
276	37	70
276	38	30
276	39	90
276	40	130
277	1	50
277	2	60
277	3	60
277	4	80
277	5	80
277	6	100
277	7	70
277	8	80
277	9	70
277	10	80
277	11	90
277	12	80
277	13	80
277	14	60
277	15	90
277	16	100
277	17	90
277	18	60
277	19	100
277	20	100
277	21	60
277	22	70
277	23	60
277	24	70
277	25	30
277	26	10
277	27	60
277	28	100
277	29	70
277	30	80
277	31	0
277	32	60
277	33	50
277	34	60
277	35	60
277	36	50
277	37	60
277	38	30
277	39	80
277	40	100
278	1	90
278	2	80
278	3	0
278	4	80
278	5	80
278	6	80
278	7	90
278	8	80
278	9	70
278	10	100
278	11	70
278	12	100
278	13	80
278	14	60
278	15	70
278	16	80
278	17	70
278	18	80
278	19	80
278	20	80
278	21	80
278	22	110
278	23	60
278	24	70
278	25	30
278	26	30
278	27	60
278	28	80
278	29	70
278	30	80
278	31	20
278	32	60
278	33	50
278	34	60
278	35	60
278	36	70
278	37	60
278	38	10
278	39	100
278	40	80
279	1	50
279	2	50
279	3	40
279	4	70
279	5	50
279	6	90
279	7	70
279	8	90
279	9	70
279	10	70
279	11	110
279	12	50
279	13	70
279	14	70
279	15	110
279	16	70
279	17	90
279	18	50
279	19	90
279	20	90
279	21	50
279	22	70
279	23	50
279	24	70
279	25	20
279	26	0
279	27	50
279	28	70
279	29	70
279	30	90
279	31	0
279	32	50
279	33	50
279	34	50
279	35	50
279	36	70
279	37	50
279	38	20
279	39	70
279	40	90
280	1	50
280	2	50
280	3	40
280	4	60
280	5	120
280	6	80
280	7	70
280	8	70
280	9	70
280	10	80
280	11	90
280	12	70
280	13	60
280	14	80
280	15	70
280	16	140
280	17	90
280	18	80
280	19	80
280	20	80
280	21	60
280	22	70
280	23	60
280	24	90
280	25	10
280	26	10
280	27	60
280	28	120
280	29	50
280	30	70
280	31	0
280	32	80
280	33	50
280	34	70
280	35	80
280	36	70
280	37	80
280	38	10
280	39	90
280	40	90
281	1	50
281	2	50
281	3	40
281	4	80
281	5	60
281	6	80
281	7	50
281	8	70
281	9	70
281	10	60
281	11	90
281	12	50
281	13	60
281	14	60
281	15	70
281	16	80
281	17	90
281	18	60
281	19	80
281	20	80
281	21	60
281	22	50
281	23	60
281	24	70
281	25	10
281	26	10
281	27	60
281	28	80
281	29	50
281	30	70
281	31	0
281	32	60
281	33	50
281	34	50
281	35	60
281	36	50
281	37	60
281	38	30
281	39	70
281	40	70
282	1	20
282	2	70
282	3	90
282	4	70
282	5	110
282	6	90
282	7	40
282	8	50
282	9	50
282	10	90
282	11	40
282	12	90
282	13	0
282	14	70
282	15	50
282	16	110
282	17	90
282	18	70
282	19	50
282	20	90
282	21	50
282	22	70
282	23	50
282	24	70
282	25	50
282	26	70
282	27	50
282	28	90
282	29	50
282	30	70
282	31	50
282	32	70
282	33	50
282	34	70
282	35	70
282	36	70
282	37	20
282	38	70
282	39	90
282	40	40
283	1	90
283	2	70
283	3	40
283	4	70
283	5	90
283	6	120
283	7	130
283	8	110
283	9	90
283	10	130
283	11	110
283	12	110
283	13	80
283	14	70
283	15	110
283	16	120
283	17	90
283	18	80
283	19	90
283	20	110
283	21	80
283	22	110
283	23	60
283	24	90
283	25	30
283	26	20
283	27	60
283	28	120
283	29	70
283	30	110
283	31	20
283	32	60
283	33	50
283	34	50
283	35	50
283	36	90
283	37	50
283	38	10
283	39	110
283	40	130
284	1	0
284	2	50
284	3	50
284	4	50
284	5	70
284	6	60
284	7	0
284	8	50
284	9	50
284	10	50
284	11	0
284	12	50
284	13	10
284	14	70
284	15	50
284	16	80
284	17	50
284	18	80
284	19	50
284	20	50
284	21	60
284	22	50
284	23	60
284	24	70
284	25	60
284	26	50
284	27	60
284	28	60
284	29	50
284	30	50
284	31	50
284	32	80
284	33	50
284	34	70
284	35	70
284	36	70
284	37	20
284	38	60
284	39	50
284	40	0
285	1	70
285	2	50
285	3	0
285	4	70
285	5	70
285	6	80
285	7	70
285	8	70
285	9	70
285	10	70
285	11	70
285	12	70
285	13	80
285	14	50
285	15	70
285	16	80
285	17	70
285	18	80
285	19	70
285	20	70
285	21	80
285	22	110
285	23	60
285	24	70
285	25	30
285	26	0
285	27	60
285	28	80
285	29	70
285	30	50
285	31	20
285	32	60
285	33	50
285	34	50
285	35	50
285	36	70
285	37	50
285	38	10
285	39	70
285	40	50
286	1	50
286	2	50
286	3	40
286	4	70
286	5	70
286	6	90
286	7	70
286	8	50
286	9	50
286	10	70
286	11	70
286	12	70
286	13	50
286	14	50
286	15	50
286	16	70
286	17	70
286	18	50
286	19	50
286	20	90
286	21	50
286	22	50
286	23	50
286	24	50
286	25	0
286	26	0
286	27	50
286	28	70
286	29	50
286	30	50
286	31	0
286	32	50
286	33	50
286	34	50
286	35	50
286	36	50
286	37	50
286	38	20
286	39	50
286	40	70
287	1	20
287	2	50
287	3	90
287	4	90
287	5	90
287	6	110
287	7	40
287	8	70
287	9	70
287	10	90
287	11	40
287	12	90
287	13	0
287	14	50
287	15	50
287	16	90
287	17	90
287	18	70
287	19	50
287	20	110
287	21	70
287	22	90
287	23	50
287	24	70
287	25	50
287	26	50
287	27	50
287	28	90
287	29	50
287	30	50
287	31	70
287	32	50
287	33	50
287	34	50
287	35	50
287	36	70
287	37	0
287	38	70
287	39	70
287	40	20
288	1	20
288	2	50
288	3	50
288	4	80
288	5	60
288	6	100
288	7	40
288	8	90
288	9	70
288	10	100
288	11	20
288	12	70
288	13	30
288	14	80
288	15	90
288	16	60
288	17	50
288	18	80
288	19	80
288	20	100
288	21	80
288	22	90
288	23	60
288	24	70
288	25	80
288	26	60
288	27	60
288	28	60
288	29	70
288	30	70
288	31	70
288	32	60
288	33	50
288	34	50
288	35	60
288	36	90
288	37	10
288	38	60
288	39	50
288	40	20
289	1	40
289	2	80
289	3	90
289	4	80
289	5	80
289	6	120
289	7	80
289	8	120
289	9	90
289	10	140
289	11	40
289	12	120
289	13	30
289	14	80
289	15	110
289	16	100
289	17	70
289	18	80
289	19	100
289	20	120
289	21	80
289	22	90
289	23	60
289	24	90
289	25	80
289	26	80
289	27	60
289	28	100
289	29	70
289	30	120
289	31	70
289	32	60
289	33	50
289	34	60
289	35	60
289	36	90
289	37	10
289	38	60
289	39	100
289	40	90
290	1	20
290	2	50
290	3	70
290	4	90
290	5	70
290	6	120
290	7	40
290	8	90
290	9	70
290	10	90
290	11	60
290	12	70
290	13	30
290	14	70
290	15	90
290	16	80
290	17	90
290	18	80
290	19	70
290	20	110
290	21	80
290	22	110
290	23	60
290	24	70
290	25	80
290	26	50
290	27	60
290	28	80
290	29	70
290	30	70
290	31	70
290	32	60
290	33	50
290	34	50
290	35	50
290	36	90
290	37	0
290	38	80
290	39	70
290	40	20
291	1	20
291	2	60
291	3	90
291	4	80
291	5	100
291	6	100
291	7	40
291	8	120
291	9	110
291	10	100
291	11	20
291	12	100
291	13	30
291	14	80
291	15	90
291	16	120
291	17	70
291	18	100
291	19	100
291	20	100
291	21	100
291	22	90
291	23	80
291	24	110
291	25	80
291	26	60
291	27	80
291	28	120
291	29	70
291	30	80
291	31	90
291	32	80
291	33	70
291	34	80
291	35	80
291	36	90
291	37	30
291	38	60
291	39	80
291	40	50
292	1	50
292	2	60
292	3	20
292	4	80
292	5	60
292	6	80
292	7	50
292	8	60
292	9	50
292	10	60
292	11	70
292	12	60
292	13	80
292	14	60
292	15	70
292	16	60
292	17	70
292	18	60
292	19	80
292	20	80
292	21	60
292	22	70
292	23	60
292	24	50
292	25	30
292	26	10
292	27	60
292	28	60
292	29	70
292	30	60
292	31	0
292	32	60
292	33	50
292	34	60
292	35	60
292	36	50
292	37	60
292	38	30
292	39	60
292	40	60
293	1	70
293	2	50
293	3	20
293	4	100
293	5	100
293	6	100
293	7	70
293	8	70
293	9	70
293	10	80
293	11	90
293	12	70
293	13	80
293	14	80
293	15	70
293	16	100
293	17	90
293	18	100
293	19	80
293	20	100
293	21	80
293	22	110
293	23	60
293	24	90
293	25	30
293	26	10
293	27	60
293	28	80
293	29	70
293	30	50
293	31	20
293	32	80
293	33	50
293	34	70
293	35	80
293	36	90
293	37	80
293	38	30
293	39	70
293	40	50
294	1	20
294	2	60
294	3	110
294	4	100
294	5	80
294	6	140
294	7	60
294	8	120
294	9	90
294	10	120
294	11	60
294	12	100
294	13	30
294	14	80
294	15	110
294	16	100
294	17	90
294	18	80
294	19	100
294	20	140
294	21	80
294	22	90
294	23	60
294	24	90
294	25	80
294	26	60
294	27	60
294	28	100
294	29	70
294	30	100
294	31	70
294	32	60
294	33	50
294	34	60
294	35	60
294	36	90
294	37	10
294	38	80
294	39	80
294	40	70
295	1	70
295	2	60
295	3	40
295	4	100
295	5	100
295	6	120
295	7	90
295	8	80
295	9	70
295	10	100
295	11	90
295	12	100
295	13	80
295	14	60
295	15	70
295	16	100
295	17	90
295	18	80
295	19	80
295	20	120
295	21	80
295	22	110
295	23	60
295	24	70
295	25	30
295	26	10
295	27	60
295	28	100
295	29	70
295	30	60
295	31	20
295	32	60
295	33	50
295	34	60
295	35	60
295	36	70
295	37	60
295	38	30
295	39	80
295	40	80
296	1	50
296	2	50
296	3	40
296	4	70
296	5	90
296	6	100
296	7	70
296	8	50
296	9	50
296	10	70
296	11	90
296	12	70
296	13	80
296	14	50
296	15	70
296	16	100
296	17	90
296	18	60
296	19	70
296	20	90
296	21	60
296	22	90
296	23	60
296	24	50
296	25	30
296	26	0
296	27	60
296	28	100
296	29	70
296	30	50
296	31	0
296	32	60
296	33	50
296	34	50
296	35	50
296	36	50
296	37	50
296	38	30
296	39	70
296	40	70
297	1	40
297	2	70
297	3	70
297	4	80
297	5	60
297	6	100
297	7	60
297	8	110
297	9	90
297	10	120
297	11	40
297	12	90
297	13	30
297	14	80
297	15	110
297	16	80
297	17	70
297	18	80
297	19	100
297	20	100
297	21	80
297	22	90
297	23	60
297	24	90
297	25	80
297	26	80
297	27	60
297	28	80
297	29	70
297	30	110
297	31	70
297	32	60
297	33	50
297	34	50
297	35	60
297	36	90
297	37	10
297	38	60
297	39	90
297	40	60
298	1	20
298	2	50
298	3	70
298	4	70
298	5	70
298	6	100
298	7	40
298	8	70
298	9	70
298	10	90
298	11	0
298	12	90
298	13	30
298	14	50
298	15	70
298	16	80
298	17	50
298	18	80
298	19	70
298	20	90
298	21	80
298	22	90
298	23	60
298	24	70
298	25	80
298	26	50
298	27	60
298	28	80
298	29	70
298	30	50
298	31	70
298	32	60
298	33	50
298	34	50
298	35	50
298	36	70
298	37	0
298	38	60
298	39	50
298	40	20
299	1	50
299	2	50
299	3	20
299	4	50
299	5	90
299	6	100
299	7	90
299	8	70
299	9	50
299	10	90
299	11	90
299	12	70
299	13	80
299	14	70
299	15	90
299	16	100
299	17	70
299	18	60
299	19	70
299	20	90
299	21	60
299	22	90
299	23	60
299	24	50
299	25	30
299	26	0
299	27	60
299	28	100
299	29	70
299	30	70
299	31	0
299	32	60
299	33	50
299	34	50
299	35	50
299	36	70
299	37	50
299	38	10
299	39	70
299	40	90
300	1	0
300	2	60
300	3	90
300	4	80
300	5	100
300	6	100
300	7	20
300	8	60
300	9	50
300	10	80
300	11	40
300	12	80
300	13	30
300	14	60
300	15	70
300	16	100
300	17	90
300	18	60
300	19	80
300	20	100
300	21	60
300	22	90
300	23	60
300	24	50
300	25	80
300	26	60
300	27	60
300	28	100
300	29	70
300	30	60
300	31	50
300	32	60
300	33	50
300	34	60
300	35	60
300	36	50
300	37	10
300	38	80
300	39	80
300	40	30
301	1	20
301	2	80
301	3	70
301	4	60
301	5	100
301	6	80
301	7	40
301	8	60
301	9	50
301	10	100
301	11	20
301	12	100
301	13	30
301	14	60
301	15	70
301	16	100
301	17	70
301	18	60
301	19	80
301	20	80
301	21	60
301	22	90
301	23	60
301	24	50
301	25	80
301	26	80
301	27	60
301	28	100
301	29	70
301	30	80
301	31	50
301	32	60
301	33	50
301	34	60
301	35	60
301	36	50
301	37	10
301	38	60
301	39	100
301	40	50
302	1	70
302	2	50
302	3	40
302	4	90
302	5	50
302	6	120
302	7	90
302	8	110
302	9	90
302	10	90
302	11	110
302	12	70
302	13	80
302	14	70
302	15	110
302	16	80
302	17	90
302	18	80
302	19	90
302	20	110
302	21	80
302	22	90
302	23	60
302	24	90
302	25	30
302	26	0
302	27	60
302	28	80
302	29	70
302	30	90
302	31	20
302	32	60
302	33	50
302	34	50
302	35	50
302	36	90
302	37	50
302	38	30
302	39	70
302	40	90
303	1	0
303	2	50
303	3	70
303	4	70
303	5	50
303	6	100
303	7	20
303	8	70
303	9	50
303	10	70
303	11	40
303	12	50
303	13	10
303	14	70
303	15	70
303	16	60
303	17	70
303	18	60
303	19	50
303	20	90
303	21	60
303	22	50
303	23	60
303	24	50
303	25	60
303	26	50
303	27	60
303	28	60
303	29	50
303	30	70
303	31	50
303	32	60
303	33	50
303	34	50
303	35	50
303	36	70
303	37	0
303	38	80
303	39	50
303	40	20
304	1	70
304	2	50
304	3	40
304	4	100
304	5	100
304	6	120
304	7	90
304	8	110
304	9	90
304	10	100
304	11	130
304	12	70
304	13	80
304	14	100
304	15	110
304	16	120
304	17	110
304	18	100
304	19	100
304	20	120
304	21	80
304	22	110
304	23	60
304	24	110
304	25	30
304	26	10
304	27	60
304	28	100
304	29	70
304	30	90
304	31	20
304	32	80
304	33	50
304	34	70
304	35	80
304	36	110
304	37	80
304	38	30
304	39	90
304	40	90
305	1	0
305	2	50
305	3	90
305	4	70
305	5	90
305	6	110
305	7	40
305	8	70
305	9	50
305	10	90
305	11	60
305	12	70
305	13	20
305	14	70
305	15	90
305	16	90
305	17	90
305	18	50
305	19	70
305	20	110
305	21	50
305	22	90
305	23	50
305	24	50
305	25	70
305	26	50
305	27	50
305	28	90
305	29	70
305	30	70
305	31	50
305	32	50
305	33	50
305	34	50
305	35	50
305	36	70
305	37	0
305	38	70
305	39	70
305	40	40
306	1	70
306	2	50
306	3	60
306	4	90
306	5	90
306	6	120
306	7	90
306	8	90
306	9	90
306	10	90
306	11	110
306	12	90
306	13	80
306	14	50
306	15	90
306	16	120
306	17	110
306	18	80
306	19	90
306	20	110
306	21	80
306	22	110
306	23	60
306	24	90
306	25	30
306	26	0
306	27	60
306	28	120
306	29	70
306	30	70
306	31	20
306	32	60
306	33	50
306	34	50
306	35	50
306	36	70
306	37	50
306	38	30
306	39	90
306	40	90
307	1	70
307	2	70
307	3	20
307	4	80
307	5	80
307	6	100
307	7	90
307	8	70
307	9	50
307	10	100
307	11	90
307	12	70
307	13	60
307	14	100
307	15	70
307	16	80
307	17	70
307	18	80
307	19	60
307	20	100
307	21	60
307	22	50
307	23	60
307	24	70
307	25	10
307	26	30
307	27	60
307	28	60
307	29	50
307	30	90
307	31	0
307	32	80
307	33	50
307	34	70
307	35	80
307	36	90
307	37	80
307	38	30
307	39	70
307	40	90
308	1	0
308	2	50
308	3	50
308	4	60
308	5	80
308	6	80
308	7	20
308	8	70
308	9	50
308	10	80
308	11	20
308	12	50
308	13	10
308	14	100
308	15	70
308	16	80
308	17	50
308	18	80
308	19	60
308	20	80
308	21	60
308	22	50
308	23	60
308	24	70
308	25	60
308	26	60
308	27	60
308	28	60
308	29	50
308	30	70
308	31	50
308	32	80
308	33	50
308	34	70
308	35	80
308	36	90
308	37	30
308	38	60
308	39	50
308	40	20
309	1	20
309	2	70
309	3	90
309	4	50
309	5	90
309	6	90
309	7	60
309	8	90
309	9	70
309	10	110
309	11	60
309	12	90
309	13	20
309	14	70
309	15	110
309	16	110
309	17	90
309	18	50
309	19	90
309	20	90
309	21	50
309	22	90
309	23	50
309	24	70
309	25	70
309	26	70
309	27	50
309	28	110
309	29	70
309	30	110
309	31	50
309	32	50
309	33	50
309	34	50
309	35	50
309	36	70
309	37	0
309	38	50
309	39	110
309	40	80
310	1	20
310	2	50
310	3	70
310	4	90
310	5	50
310	6	90
310	7	20
310	8	70
310	9	70
310	10	70
310	11	20
310	12	70
310	13	0
310	14	50
310	15	50
310	16	50
310	17	70
310	18	70
310	19	50
310	20	90
310	21	70
310	22	70
310	23	50
310	24	70
310	25	50
310	26	50
310	27	50
310	28	50
310	29	50
310	30	50
310	31	70
310	32	50
310	33	50
310	34	50
310	35	50
310	36	70
310	37	0
310	38	70
310	39	50
310	40	0
311	1	50
311	2	60
311	3	40
311	4	60
311	5	100
311	6	100
311	7	90
311	8	100
311	9	70
311	10	100
311	11	110
311	12	80
311	13	80
311	14	80
311	15	110
311	16	120
311	17	90
311	18	60
311	19	100
311	20	100
311	21	60
311	22	90
311	23	60
311	24	70
311	25	30
311	26	10
311	27	60
311	28	120
311	29	70
311	30	100
311	31	0
311	32	60
311	33	50
311	34	60
311	35	60
311	36	70
311	37	60
311	38	10
311	39	100
311	40	120
312	1	70
312	2	50
312	3	40
312	4	90
312	5	70
312	6	110
312	7	90
312	8	70
312	9	70
312	10	90
312	11	70
312	12	90
312	13	70
312	14	50
312	15	70
312	16	70
312	17	70
312	18	70
312	19	70
312	20	110
312	21	70
312	22	90
312	23	50
312	24	70
312	25	20
312	26	0
312	27	50
312	28	70
312	29	70
312	30	50
312	31	20
312	32	50
312	33	50
312	34	50
312	35	50
312	36	70
312	37	50
312	38	20
312	39	50
312	40	70
313	1	50
313	2	50
313	3	20
313	4	50
313	5	50
313	6	50
313	7	50
313	8	70
313	9	70
313	10	50
313	11	70
313	12	50
313	13	70
313	14	50
313	15	90
313	16	70
313	17	70
313	18	50
313	19	90
313	20	50
313	21	50
313	22	70
313	23	50
313	24	70
313	25	20
313	26	0
313	27	50
313	28	70
313	29	70
313	30	70
313	31	0
313	32	50
313	33	50
313	34	50
313	35	50
313	36	50
313	37	50
313	38	0
313	39	70
313	40	70
314	1	20
314	2	60
314	3	90
314	4	100
314	5	120
314	6	140
314	7	60
314	8	100
314	9	70
314	10	120
314	11	60
314	12	100
314	13	30
314	14	100
314	15	90
314	16	120
314	17	90
314	18	100
314	19	80
314	20	140
314	21	80
314	22	110
314	23	60
314	24	90
314	25	80
314	26	60
314	27	60
314	28	100
314	29	70
314	30	80
314	31	70
314	32	80
314	33	50
314	34	80
314	35	80
314	36	110
314	37	30
314	38	80
314	39	80
314	40	50
315	1	50
315	2	60
315	3	0
315	4	60
315	5	80
315	6	60
315	7	50
315	8	80
315	9	70
315	10	60
315	11	50
315	12	60
315	13	80
315	14	80
315	15	70
315	16	80
315	17	50
315	18	80
315	19	80
315	20	60
315	21	80
315	22	70
315	23	80
315	24	70
315	25	30
315	26	10
315	27	80
315	28	80
315	29	70
315	30	60
315	31	20
315	32	80
315	33	70
315	34	80
315	35	80
315	36	70
315	37	80
315	38	10
315	39	60
315	40	60
316	1	20
316	2	50
316	3	90
316	4	90
316	5	50
316	6	120
316	7	40
316	8	110
316	9	90
316	10	90
316	11	60
316	12	70
316	13	30
316	14	70
316	15	110
316	16	80
316	17	90
316	18	80
316	19	90
316	20	110
316	21	80
316	22	90
316	23	60
316	24	90
316	25	80
316	26	50
316	27	60
316	28	80
316	29	70
316	30	90
316	31	70
316	32	60
316	33	50
316	34	50
316	35	50
316	36	90
316	37	0
316	38	80
316	39	70
316	40	40
317	1	0
317	2	50
317	3	50
317	4	50
317	5	70
317	6	70
317	7	20
317	8	70
317	9	50
317	10	70
317	11	40
317	12	50
317	13	20
317	14	70
317	15	90
317	16	70
317	17	70
317	18	50
317	19	70
317	20	70
317	21	50
317	22	90
317	23	50
317	24	50
317	25	70
317	26	50
317	27	50
317	28	70
317	29	70
317	30	70
317	31	50
317	32	50
317	33	50
317	34	50
317	35	50
317	36	70
317	37	0
317	38	50
317	39	70
317	40	20
318	1	20
318	2	50
318	3	70
318	4	100
318	5	80
318	6	120
318	7	40
318	8	90
318	9	70
318	10	100
318	11	40
318	12	70
318	13	30
318	14	100
318	15	90
318	16	80
318	17	70
318	18	100
318	19	80
318	20	120
318	21	80
318	22	90
318	23	60
318	24	90
318	25	80
318	26	60
318	27	60
318	28	60
318	29	70
318	30	70
318	31	70
318	32	80
318	33	50
318	34	70
318	35	80
318	36	110
318	37	30
318	38	80
318	39	50
318	40	20
319	1	50
319	2	50
319	3	20
319	4	50
319	5	50
319	6	60
319	7	50
319	8	70
319	9	70
319	10	50
319	11	70
319	12	50
319	13	80
319	14	50
319	15	90
319	16	80
319	17	70
319	18	60
319	19	90
319	20	50
319	21	60
319	22	70
319	23	60
319	24	70
319	25	30
319	26	0
319	27	60
319	28	80
319	29	70
319	30	70
319	31	0
319	32	60
319	33	50
319	34	50
319	35	50
319	36	50
319	37	50
319	38	10
319	39	70
319	40	70
320	1	40
320	2	70
320	3	90
320	4	70
320	5	70
320	6	120
320	7	80
320	8	110
320	9	90
320	10	130
320	11	40
320	12	110
320	13	30
320	14	70
320	15	110
320	16	100
320	17	70
320	18	80
320	19	90
320	20	110
320	21	80
320	22	90
320	23	60
320	24	90
320	25	80
320	26	70
320	27	60
320	28	100
320	29	70
320	30	110
320	31	70
320	32	60
320	33	50
320	34	50
320	35	50
320	36	90
320	37	0
320	38	60
320	39	90
320	40	80
321	1	90
321	2	70
321	3	20
321	4	70
321	5	90
321	6	120
321	7	130
321	8	90
321	9	70
321	10	130
321	11	90
321	12	110
321	13	80
321	14	70
321	15	90
321	16	100
321	17	70
321	18	80
321	19	70
321	20	110
321	21	80
321	22	110
321	23	60
321	24	70
321	25	30
321	26	20
321	27	60
321	28	100
321	29	70
321	30	90
321	31	20
321	32	60
321	33	50
321	34	50
321	35	50
321	36	90
321	37	50
321	38	10
321	39	90
321	40	110
322	1	90
322	2	70
322	3	20
322	4	90
322	5	90
322	6	100
322	7	90
322	8	70
322	9	70
322	10	90
322	11	90
322	12	90
322	13	60
322	14	70
322	15	50
322	16	100
322	17	90
322	18	100
322	19	50
322	20	90
322	21	80
322	22	90
322	23	60
322	24	90
322	25	10
322	26	20
322	27	60
322	28	80
322	29	50
322	30	70
322	31	20
322	32	80
322	33	50
322	34	70
322	35	70
322	36	90
322	37	70
322	38	30
322	39	90
322	40	70
323	1	70
323	2	50
323	3	20
323	4	70
323	5	110
323	6	120
323	7	110
323	8	90
323	9	70
323	10	110
323	11	90
323	12	90
323	13	60
323	14	90
323	15	70
323	16	120
323	17	70
323	18	100
323	19	50
323	20	110
323	21	80
323	22	90
323	23	60
323	24	90
323	25	10
323	26	0
323	27	60
323	28	100
323	29	50
323	30	70
323	31	20
323	32	80
323	33	50
323	34	70
323	35	70
323	36	110
323	37	70
323	38	10
323	39	70
323	40	90
324	1	50
324	2	50
324	3	20
324	4	70
324	5	50
324	6	70
324	7	50
324	8	50
324	9	50
324	10	50
324	11	70
324	12	50
324	13	50
324	14	50
324	15	50
324	16	50
324	17	70
324	18	50
324	19	50
324	20	70
324	21	50
324	22	50
324	23	50
324	24	50
324	25	0
324	26	0
324	27	50
324	28	50
324	29	50
324	30	50
324	31	0
324	32	50
324	33	50
324	34	50
324	35	50
324	36	50
324	37	50
324	38	20
324	39	50
324	40	50
325	1	70
325	2	60
325	3	40
325	4	100
325	5	100
325	6	140
325	7	110
325	8	100
325	9	70
325	10	120
325	11	110
325	12	100
325	13	80
325	14	80
325	15	90
325	16	100
325	17	90
325	18	80
325	19	80
325	20	140
325	21	80
325	22	110
325	23	60
325	24	70
325	25	30
325	26	10
325	27	60
325	28	100
325	29	70
325	30	80
325	31	20
325	32	60
325	33	50
325	34	60
325	35	60
325	36	90
325	37	60
325	38	30
325	39	80
325	40	100
326	1	50
326	2	50
326	3	40
326	4	50
326	5	90
326	6	100
326	7	90
326	8	90
326	9	70
326	10	90
326	11	90
326	12	70
326	13	60
326	14	90
326	15	90
326	16	120
326	17	70
326	18	80
326	19	70
326	20	90
326	21	60
326	22	50
326	23	60
326	24	90
326	25	10
326	26	0
326	27	60
326	28	100
326	29	50
326	30	90
326	31	0
326	32	80
326	33	50
326	34	70
326	35	70
326	36	90
326	37	70
326	38	10
326	39	70
326	40	110
327	1	50
327	2	60
327	3	40
327	4	80
327	5	80
327	6	100
327	7	70
327	8	60
327	9	50
327	10	80
327	11	70
327	12	80
327	13	80
327	14	60
327	15	70
327	16	80
327	17	70
327	18	60
327	19	80
327	20	100
327	21	60
327	22	70
327	23	60
327	24	50
327	25	30
327	26	10
327	27	60
327	28	80
327	29	70
327	30	60
327	31	0
327	32	60
327	33	50
327	34	60
327	35	60
327	36	50
327	37	60
327	38	30
327	39	60
327	40	80
328	1	50
328	2	50
328	3	20
328	4	50
328	5	70
328	6	60
328	7	50
328	8	70
328	9	70
328	10	50
328	11	70
328	12	50
328	13	60
328	14	70
328	15	70
328	16	100
328	17	70
328	18	80
328	19	70
328	20	50
328	21	60
328	22	50
328	23	60
328	24	90
328	25	10
328	26	0
328	27	60
328	28	80
328	29	50
328	30	70
328	31	0
328	32	80
328	33	50
328	34	70
328	35	70
328	36	70
328	37	70
328	38	10
328	39	70
328	40	70
329	1	70
329	2	50
329	3	40
329	4	90
329	5	50
329	6	100
329	7	70
329	8	90
329	9	90
329	10	70
329	11	90
329	12	70
329	13	80
329	14	50
329	15	90
329	16	80
329	17	90
329	18	80
329	19	90
329	20	90
329	21	80
329	22	90
329	23	60
329	24	90
329	25	30
329	26	0
329	27	60
329	28	80
329	29	70
329	30	70
329	31	20
329	32	60
329	33	50
329	34	50
329	35	50
329	36	70
329	37	50
329	38	30
329	39	70
329	40	70
330	1	70
330	2	50
330	3	20
330	4	70
330	5	70
330	6	100
330	7	90
330	8	110
330	9	90
330	10	90
330	11	110
330	12	70
330	13	80
330	14	70
330	15	110
330	16	100
330	17	90
330	18	80
330	19	90
330	20	90
330	21	80
330	22	110
330	23	60
330	24	90
330	25	30
330	26	0
330	27	60
330	28	100
330	29	70
330	30	90
330	31	20
330	32	60
330	33	50
330	34	50
330	35	50
330	36	90
330	37	50
330	38	10
330	39	90
330	40	90
331	1	90
331	2	70
331	3	20
331	4	70
331	5	90
331	6	120
331	7	130
331	8	90
331	9	70
331	10	130
331	11	90
331	12	110
331	13	80
331	14	70
331	15	90
331	16	100
331	17	70
331	18	80
331	19	70
331	20	110
331	21	80
331	22	110
331	23	60
331	24	70
331	25	30
331	26	20
331	27	60
331	28	100
331	29	70
331	30	90
331	31	20
331	32	60
331	33	50
331	34	50
331	35	50
331	36	90
331	37	50
331	38	10
331	39	90
331	40	110
332	1	20
332	2	50
332	3	90
332	4	80
332	5	100
332	6	120
332	7	60
332	8	130
332	9	110
332	10	120
332	11	40
332	12	90
332	13	30
332	14	100
332	15	110
332	16	120
332	17	70
332	18	100
332	19	100
332	20	120
332	21	100
332	22	90
332	23	80
332	24	110
332	25	80
332	26	60
332	27	80
332	28	120
332	29	70
332	30	90
332	31	90
332	32	80
332	33	70
332	34	70
332	35	80
332	36	110
332	37	30
332	38	60
332	39	70
332	40	60
333	1	70
333	2	50
333	3	20
333	4	90
333	5	50
333	6	100
333	7	70
333	8	70
333	9	70
333	10	70
333	11	70
333	12	70
333	13	80
333	14	50
333	15	70
333	16	60
333	17	70
333	18	80
333	19	70
333	20	90
333	21	80
333	22	90
333	23	60
333	24	70
333	25	30
333	26	0
333	27	60
333	28	60
333	29	70
333	30	50
333	31	20
333	32	60
333	33	50
333	34	50
333	35	50
333	36	70
333	37	50
333	38	30
333	39	50
333	40	50
334	1	20
334	2	50
334	3	70
334	4	80
334	5	80
334	6	120
334	7	60
334	8	90
334	9	70
334	10	120
334	11	20
334	12	90
334	13	30
334	14	80
334	15	90
334	16	80
334	17	50
334	18	80
334	19	80
334	20	120
334	21	80
334	22	90
334	23	60
334	24	70
334	25	80
334	26	60
334	27	60
334	28	80
334	29	70
334	30	70
334	31	70
334	32	60
334	33	50
334	34	50
334	35	60
334	36	90
334	37	10
334	38	60
334	39	50
334	40	40
335	1	0
335	2	50
335	3	70
335	4	50
335	5	90
335	6	70
335	7	20
335	8	110
335	9	90
335	10	70
335	11	60
335	12	50
335	13	20
335	14	90
335	15	110
335	16	110
335	17	90
335	18	70
335	19	90
335	20	70
335	21	70
335	22	90
335	23	70
335	24	90
335	25	70
335	26	50
335	27	70
335	28	110
335	29	70
335	30	90
335	31	70
335	32	70
335	33	70
335	34	70
335	35	70
335	36	90
335	37	20
335	38	50
335	39	90
335	40	40
336	1	0
336	2	60
336	3	90
336	4	60
336	5	100
336	6	100
336	7	40
336	8	100
336	9	70
336	10	100
336	11	60
336	12	80
336	13	30
336	14	80
336	15	110
336	16	120
336	17	90
336	18	60
336	19	100
336	20	100
336	21	60
336	22	90
336	23	60
336	24	70
336	25	80
336	26	60
336	27	60
336	28	120
336	29	70
336	30	100
336	31	50
336	32	60
336	33	50
336	34	60
336	35	60
336	36	70
336	37	10
336	38	60
336	39	100
336	40	70
337	1	70
337	2	60
337	3	0
337	4	80
337	5	100
337	6	80
337	7	70
337	8	100
337	9	90
337	10	80
337	11	70
337	12	80
337	13	80
337	14	80
337	15	70
337	16	100
337	17	70
337	18	100
337	19	80
337	20	80
337	21	100
337	22	110
337	23	80
337	24	90
337	25	30
337	26	10
337	27	80
337	28	100
337	29	70
337	30	60
337	31	40
337	32	80
337	33	70
337	34	80
337	35	80
337	36	90
337	37	80
337	38	10
337	39	80
337	40	60
338	1	0
338	2	50
338	3	70
338	4	60
338	5	80
338	6	80
338	7	20
338	8	90
338	9	70
338	10	80
338	11	60
338	12	50
338	13	30
338	14	80
338	15	110
338	16	100
338	17	90
338	18	60
338	19	100
338	20	80
338	21	60
338	22	90
338	23	60
338	24	70
338	25	80
338	26	60
338	27	60
338	28	100
338	29	70
338	30	90
338	31	50
338	32	60
338	33	50
338	34	50
338	35	60
338	36	70
338	37	10
338	38	60
338	39	90
338	40	40
339	1	70
339	2	70
339	3	20
339	4	80
339	5	80
339	6	80
339	7	70
339	8	50
339	9	50
339	10	80
339	11	70
339	12	70
339	13	60
339	14	80
339	15	50
339	16	80
339	17	70
339	18	80
339	19	60
339	20	80
339	21	60
339	22	50
339	23	60
339	24	70
339	25	10
339	26	30
339	27	60
339	28	60
339	29	50
339	30	70
339	31	0
339	32	80
339	33	50
339	34	70
339	35	80
339	36	70
339	37	80
339	38	30
339	39	70
339	40	70
340	1	0
340	2	50
340	3	50
340	4	60
340	5	60
340	6	60
340	7	0
340	8	50
340	9	50
340	10	60
340	11	0
340	12	50
340	13	30
340	14	60
340	15	70
340	16	60
340	17	50
340	18	60
340	19	80
340	20	60
340	21	60
340	22	70
340	23	60
340	24	50
340	25	80
340	26	60
340	27	60
340	28	60
340	29	70
340	30	50
340	31	50
340	32	60
340	33	50
340	34	50
340	35	60
340	36	50
340	37	10
340	38	60
340	39	50
340	40	0
341	1	70
341	2	60
341	3	40
341	4	100
341	5	80
341	6	120
341	7	90
341	8	120
341	9	90
341	10	100
341	11	130
341	12	80
341	13	80
341	14	80
341	15	110
341	16	100
341	17	110
341	18	80
341	19	100
341	20	120
341	21	80
341	22	110
341	23	60
341	24	90
341	25	30
341	26	10
341	27	60
341	28	100
341	29	70
341	30	100
341	31	20
341	32	60
341	33	50
341	34	60
341	35	60
341	36	90
341	37	60
341	38	30
341	39	100
341	40	100
342	1	20
342	2	50
342	3	90
342	4	100
342	5	120
342	6	140
342	7	60
342	8	90
342	9	70
342	10	120
342	11	60
342	12	90
342	13	30
342	14	100
342	15	90
342	16	120
342	17	90
342	18	100
342	19	80
342	20	140
342	21	80
342	22	110
342	23	60
342	24	90
342	25	80
342	26	60
342	27	60
342	28	100
342	29	70
342	30	70
342	31	70
342	32	80
342	33	50
342	34	70
342	35	80
342	36	110
342	37	30
342	38	80
342	39	70
342	40	40
343	1	0
343	2	50
343	3	90
343	4	70
343	5	70
343	6	90
343	7	20
343	8	90
343	9	70
343	10	70
343	11	80
343	12	50
343	13	20
343	14	70
343	15	110
343	16	90
343	17	110
343	18	50
343	19	90
343	20	90
343	21	50
343	22	90
343	23	50
343	24	70
343	25	70
343	26	50
343	27	50
343	28	90
343	29	70
343	30	90
343	31	50
343	32	50
343	33	50
343	34	50
343	35	50
343	36	70
343	37	0
343	38	70
343	39	90
343	40	40
344	1	70
344	2	50
344	3	20
344	4	100
344	5	80
344	6	120
344	7	90
344	8	90
344	9	70
344	10	100
344	11	110
344	12	70
344	13	80
344	14	80
344	15	90
344	16	80
344	17	90
344	18	80
344	19	80
344	20	120
344	21	80
344	22	110
344	23	60
344	24	70
344	25	30
344	26	10
344	27	60
344	28	80
344	29	70
344	30	70
344	31	20
344	32	60
344	33	50
344	34	50
344	35	60
344	36	90
344	37	60
344	38	30
344	39	70
344	40	70
345	1	50
345	2	60
345	3	0
345	4	60
345	5	80
345	6	60
345	7	50
345	8	80
345	9	70
345	10	60
345	11	50
345	12	60
345	13	80
345	14	80
345	15	70
345	16	80
345	17	50
345	18	80
345	19	80
345	20	60
345	21	80
345	22	70
345	23	80
345	24	70
345	25	30
345	26	10
345	27	80
345	28	80
345	29	70
345	30	60
345	31	20
345	32	80
345	33	70
345	34	80
345	35	80
345	36	70
345	37	80
345	38	10
345	39	60
345	40	60
346	1	20
346	2	50
346	3	90
346	4	90
346	5	70
346	6	100
346	7	20
346	8	90
346	9	90
346	10	70
346	11	60
346	12	70
346	13	30
346	14	50
346	15	90
346	16	100
346	17	110
346	18	80
346	19	90
346	20	90
346	21	80
346	22	110
346	23	60
346	24	90
346	25	80
346	26	50
346	27	60
346	28	100
346	29	70
346	30	70
346	31	70
346	32	60
346	33	50
346	34	50
346	35	50
346	36	70
346	37	0
346	38	80
346	39	90
346	40	20
347	1	70
347	2	50
347	3	60
347	4	90
347	5	90
347	6	120
347	7	90
347	8	90
347	9	90
347	10	90
347	11	110
347	12	90
347	13	80
347	14	50
347	15	90
347	16	120
347	17	110
347	18	80
347	19	90
347	20	110
347	21	80
347	22	110
347	23	60
347	24	90
347	25	30
347	26	0
347	27	60
347	28	120
347	29	70
347	30	70
347	31	20
347	32	60
347	33	50
347	34	50
347	35	50
347	36	70
347	37	50
347	38	30
347	39	90
347	40	90
348	1	20
348	2	80
348	3	70
348	4	60
348	5	100
348	6	100
348	7	60
348	8	80
348	9	50
348	10	120
348	11	40
348	12	100
348	13	30
348	14	80
348	15	90
348	16	100
348	17	70
348	18	60
348	19	80
348	20	100
348	21	60
348	22	90
348	23	60
348	24	50
348	25	80
348	26	80
348	27	60
348	28	100
348	29	70
348	30	100
348	31	50
348	32	60
348	33	50
348	34	60
348	35	60
348	36	70
348	37	10
348	38	60
348	39	100
348	40	70
349	1	20
349	2	50
349	3	110
349	4	90
349	5	70
349	6	140
349	7	60
349	8	110
349	9	90
349	10	110
349	11	60
349	12	90
349	13	30
349	14	70
349	15	110
349	16	100
349	17	90
349	18	80
349	19	90
349	20	130
349	21	80
349	22	90
349	23	60
349	24	90
349	25	80
349	26	50
349	27	60
349	28	100
349	29	70
349	30	90
349	31	70
349	32	60
349	33	50
349	34	50
349	35	50
349	36	90
349	37	0
349	38	80
349	39	70
349	40	60
350	1	50
350	2	60
350	3	20
350	4	60
350	5	100
350	6	100
350	7	90
350	8	100
350	9	70
350	10	100
350	11	70
350	12	80
350	13	80
350	14	100
350	15	90
350	16	100
350	17	50
350	18	80
350	19	80
350	20	100
350	21	80
350	22	70
350	23	80
350	24	70
350	25	30
350	26	10
350	27	80
350	28	100
350	29	70
350	30	80
350	31	20
350	32	80
350	33	70
350	34	80
350	35	80
350	36	90
350	37	80
350	38	10
350	39	60
350	40	100
351	1	70
351	2	70
351	3	40
351	4	70
351	5	90
351	6	100
351	7	90
351	8	50
351	9	50
351	10	90
351	11	70
351	12	90
351	13	60
351	14	70
351	15	50
351	16	100
351	17	70
351	18	80
351	19	50
351	20	90
351	21	60
351	22	50
351	23	60
351	24	70
351	25	10
351	26	20
351	27	60
351	28	80
351	29	50
351	30	70
351	31	0
351	32	80
351	33	50
351	34	70
351	35	70
351	36	70
351	37	70
351	38	30
351	39	70
351	40	90
352	1	0
352	2	50
352	3	90
352	4	70
352	5	70
352	6	100
352	7	20
352	8	90
352	9	70
352	10	70
352	11	60
352	12	50
352	13	30
352	14	90
352	15	110
352	16	100
352	17	90
352	18	80
352	19	90
352	20	90
352	21	60
352	22	70
352	23	60
352	24	90
352	25	80
352	26	50
352	27	60
352	28	80
352	29	70
352	30	90
352	31	50
352	32	80
352	33	50
352	34	70
352	35	70
352	36	90
352	37	20
352	38	80
352	39	70
352	40	40
353	1	50
353	2	50
353	3	20
353	4	60
353	5	100
353	6	80
353	7	70
353	8	90
353	9	70
353	10	80
353	11	110
353	12	50
353	13	60
353	14	100
353	15	90
353	16	120
353	17	90
353	18	80
353	19	80
353	20	80
353	21	60
353	22	70
353	23	60
353	24	90
353	25	10
353	26	10
353	27	60
353	28	100
353	29	50
353	30	90
353	31	0
353	32	80
353	33	50
353	34	70
353	35	80
353	36	90
353	37	80
353	38	10
353	39	90
353	40	90
354	1	0
354	2	50
354	3	110
354	4	80
354	5	80
354	6	100
354	7	20
354	8	70
354	9	70
354	10	80
354	11	40
354	12	70
354	13	30
354	14	60
354	15	90
354	16	100
354	17	90
354	18	60
354	19	100
354	20	100
354	21	60
354	22	70
354	23	60
354	24	70
354	25	80
354	26	60
354	27	60
354	28	100
354	29	70
354	30	70
354	31	50
354	32	60
354	33	50
354	34	50
354	35	60
354	36	50
354	37	10
354	38	80
354	39	70
354	40	40
355	1	0
355	2	60
355	3	110
355	4	80
355	5	100
355	6	120
355	7	40
355	8	100
355	9	70
355	10	100
355	11	80
355	12	80
355	13	30
355	14	80
355	15	110
355	16	120
355	17	110
355	18	60
355	19	100
355	20	120
355	21	60
355	22	90
355	23	60
355	24	70
355	25	80
355	26	60
355	27	60
355	28	120
355	29	70
355	30	100
355	31	50
355	32	60
355	33	50
355	34	60
355	35	60
355	36	70
355	37	10
355	38	80
355	39	100
355	40	70
356	1	50
356	2	50
356	3	60
356	4	70
356	5	70
356	6	120
356	7	90
356	8	90
356	9	70
356	10	90
356	11	110
356	12	70
356	13	80
356	14	70
356	15	110
356	16	100
356	17	90
356	18	60
356	19	90
356	20	110
356	21	60
356	22	70
356	23	60
356	24	70
356	25	30
356	26	0
356	27	60
356	28	100
356	29	70
356	30	90
356	31	0
356	32	60
356	33	50
356	34	50
356	35	50
356	36	70
356	37	50
356	38	30
356	39	70
356	40	110
357	1	70
357	2	60
357	3	40
357	4	100
357	5	60
357	6	120
357	7	90
357	8	120
357	9	90
357	10	100
357	11	110
357	12	80
357	13	80
357	14	80
357	15	110
357	16	80
357	17	90
357	18	80
357	19	100
357	20	120
357	21	80
357	22	90
357	23	60
357	24	90
357	25	30
357	26	10
357	27	60
357	28	80
357	29	70
357	30	100
357	31	20
357	32	60
357	33	50
357	34	60
357	35	60
357	36	90
357	37	60
357	38	30
357	39	80
357	40	100
358	1	70
358	2	50
358	3	60
358	4	90
358	5	110
358	6	140
358	7	110
358	8	110
358	9	90
358	10	110
358	11	130
358	12	90
358	13	80
358	14	90
358	15	110
358	16	140
358	17	110
358	18	100
358	19	90
358	20	130
358	21	80
358	22	110
358	23	60
358	24	110
358	25	30
358	26	0
358	27	60
358	28	120
358	29	70
358	30	90
358	31	20
358	32	80
358	33	50
358	34	70
358	35	70
358	36	110
358	37	70
358	38	30
358	39	90
358	40	110
359	1	50
359	2	60
359	3	20
359	4	80
359	5	60
359	6	80
359	7	50
359	8	60
359	9	50
359	10	60
359	11	70
359	12	60
359	13	80
359	14	60
359	15	70
359	16	60
359	17	70
359	18	60
359	19	80
359	20	80
359	21	60
359	22	70
359	23	60
359	24	50
359	25	30
359	26	10
359	27	60
359	28	60
359	29	70
359	30	60
359	31	0
359	32	60
359	33	50
359	34	60
359	35	60
359	36	50
359	37	60
359	38	30
359	39	60
359	40	60
360	1	50
360	2	50
360	3	60
360	4	70
360	5	90
360	6	110
360	7	90
360	8	90
360	9	70
360	10	90
360	11	110
360	12	70
360	13	70
360	14	90
360	15	110
360	16	110
360	17	90
360	18	70
360	19	90
360	20	110
360	21	50
360	22	70
360	23	50
360	24	90
360	25	20
360	26	0
360	27	50
360	28	90
360	29	70
360	30	90
360	31	0
360	32	70
360	33	50
360	34	70
360	35	70
360	36	90
360	37	70
360	38	20
360	39	70
360	40	110
361	1	50
361	2	50
361	3	20
361	4	50
361	5	50
361	6	60
361	7	50
361	8	70
361	9	70
361	10	50
361	11	70
361	12	50
361	13	80
361	14	50
361	15	90
361	16	80
361	17	70
361	18	60
361	19	90
361	20	50
361	21	60
361	22	70
361	23	60
361	24	70
361	25	30
361	26	0
361	27	60
361	28	80
361	29	70
361	30	70
361	31	0
361	32	60
361	33	50
361	34	50
361	35	50
361	36	50
361	37	50
361	38	10
361	39	70
361	40	70
362	1	40
362	2	80
362	3	70
362	4	100
362	5	80
362	6	120
362	7	60
362	8	100
362	9	70
362	10	120
362	11	40
362	12	100
362	13	10
362	14	100
362	15	70
362	16	80
362	17	70
362	18	100
362	19	60
362	20	120
362	21	80
362	22	70
362	23	60
362	24	90
362	25	60
362	26	80
362	27	60
362	28	60
362	29	50
362	30	100
362	31	70
362	32	80
362	33	50
362	34	80
362	35	80
362	36	110
362	37	30
362	38	80
362	39	80
362	40	50
363	1	50
363	2	50
363	3	40
363	4	50
363	5	90
363	6	90
363	7	90
363	8	90
363	9	70
363	10	90
363	11	90
363	12	70
363	13	50
363	14	90
363	15	90
363	16	110
363	17	70
363	18	70
363	19	70
363	20	90
363	21	50
363	22	50
363	23	50
363	24	90
363	25	0
363	26	0
363	27	50
363	28	90
363	29	50
363	30	90
363	31	0
363	32	70
363	33	50
363	34	70
363	35	70
363	36	90
363	37	70
363	38	0
363	39	70
363	40	110
364	1	70
364	2	60
364	3	20
364	4	80
364	5	80
364	6	120
364	7	110
364	8	100
364	9	70
364	10	120
364	11	70
364	12	100
364	13	80
364	14	80
364	15	90
364	16	80
364	17	50
364	18	80
364	19	80
364	20	120
364	21	80
364	22	90
364	23	60
364	24	70
364	25	30
364	26	10
364	27	60
364	28	80
364	29	70
364	30	80
364	31	20
364	32	60
364	33	50
364	34	60
364	35	60
364	36	90
364	37	60
364	38	10
364	39	60
364	40	100
365	1	50
365	2	60
365	3	40
365	4	60
365	5	120
365	6	100
365	7	90
365	8	100
365	9	70
365	10	100
365	11	110
365	12	80
365	13	60
365	14	100
365	15	90
365	16	140
365	17	90
365	18	80
365	19	80
365	20	100
365	21	60
365	22	70
365	23	60
365	24	90
365	25	10
365	26	10
365	27	60
365	28	120
365	29	50
365	30	100
365	31	0
365	32	80
365	33	50
365	34	80
365	35	80
365	36	90
365	37	80
365	38	10
365	39	100
365	40	120
366	1	50
366	2	60
366	3	40
366	4	80
366	5	80
366	6	80
366	7	50
366	8	80
366	9	70
366	10	60
366	11	110
366	12	60
366	13	60
366	14	60
366	15	70
366	16	100
366	17	110
366	18	60
366	19	80
366	20	80
366	21	60
366	22	70
366	23	60
366	24	70
366	25	10
366	26	10
366	27	60
366	28	100
366	29	50
366	30	80
366	31	0
366	32	60
366	33	50
366	34	60
366	35	60
366	36	50
366	37	60
366	38	30
366	39	100
366	40	80
367	1	20
367	2	50
367	3	110
367	4	90
367	5	70
367	6	140
367	7	60
367	8	110
367	9	90
367	10	110
367	11	60
367	12	90
367	13	30
367	14	70
367	15	110
367	16	100
367	17	90
367	18	80
367	19	90
367	20	130
367	21	80
367	22	90
367	23	60
367	24	90
367	25	80
367	26	50
367	27	60
367	28	100
367	29	70
367	30	90
367	31	70
367	32	60
367	33	50
367	34	50
367	35	50
367	36	90
367	37	0
367	38	80
367	39	70
367	40	60
368	1	0
368	2	60
368	3	90
368	4	80
368	5	100
368	6	100
368	7	20
368	8	100
368	9	70
368	10	80
368	11	80
368	12	60
368	13	30
368	14	100
368	15	110
368	16	120
368	17	110
368	18	80
368	19	100
368	20	100
368	21	60
368	22	90
368	23	60
368	24	90
368	25	80
368	26	60
368	27	60
368	28	100
368	29	70
368	30	100
368	31	50
368	32	80
368	33	50
368	34	80
368	35	80
368	36	90
368	37	30
368	38	80
368	39	100
368	40	50
369	1	90
369	2	80
369	3	20
369	4	80
369	5	80
369	6	100
369	7	110
369	8	80
369	9	70
369	10	120
369	11	50
369	12	120
369	13	80
369	14	60
369	15	70
369	16	80
369	17	50
369	18	80
369	19	80
369	20	100
369	21	80
369	22	90
369	23	60
369	24	70
369	25	30
369	26	30
369	27	60
369	28	80
369	29	70
369	30	80
369	31	20
369	32	60
369	33	50
369	34	60
369	35	60
369	36	70
369	37	60
369	38	10
369	39	80
369	40	100
370	1	0
370	2	50
370	3	70
370	4	50
370	5	70
370	6	80
370	7	20
370	8	110
370	9	90
370	10	70
370	11	40
370	12	50
370	13	30
370	14	90
370	15	110
370	16	100
370	17	70
370	18	80
370	19	90
370	20	70
370	21	80
370	22	70
370	23	80
370	24	90
370	25	80
370	26	50
370	27	80
370	28	100
370	29	70
370	30	90
370	31	70
370	32	80
370	33	70
370	34	70
370	35	70
370	36	90
370	37	20
370	38	60
370	39	70
370	40	40
371	1	0
371	2	50
371	3	110
371	4	80
371	5	80
371	6	120
371	7	40
371	8	90
371	9	70
371	10	100
371	11	60
371	12	70
371	13	30
371	14	80
371	15	110
371	16	100
371	17	90
371	18	60
371	19	100
371	20	120
371	21	60
371	22	70
371	23	60
371	24	70
371	25	80
371	26	60
371	27	60
371	28	100
371	29	70
371	30	90
371	31	50
371	32	60
371	33	50
371	34	50
371	35	60
371	36	70
371	37	10
371	38	80
371	39	70
371	40	60
372	1	70
372	2	50
372	3	40
372	4	80
372	5	100
372	6	120
372	7	110
372	8	110
372	9	90
372	10	120
372	11	90
372	12	90
372	13	60
372	14	100
372	15	90
372	16	120
372	17	70
372	18	100
372	19	80
372	20	120
372	21	80
372	22	70
372	23	60
372	24	110
372	25	10
372	26	10
372	27	60
372	28	100
372	29	50
372	30	90
372	31	20
372	32	80
372	33	50
372	34	70
372	35	80
372	36	110
372	37	80
372	38	10
372	39	70
372	40	110
373	1	0
373	2	60
373	3	70
373	4	60
373	5	100
373	6	60
373	7	0
373	8	80
373	9	70
373	10	60
373	11	40
373	12	60
373	13	10
373	14	80
373	15	70
373	16	120
373	17	90
373	18	80
373	19	80
373	20	60
373	21	60
373	22	70
373	23	60
373	24	90
373	25	60
373	26	60
373	27	60
373	28	100
373	29	50
373	30	80
373	31	50
373	32	80
373	33	50
373	34	80
373	35	80
373	36	70
373	37	30
373	38	60
373	39	100
373	40	30
374	1	0
374	2	60
374	3	70
374	4	60
374	5	100
374	6	60
374	7	0
374	8	80
374	9	70
374	10	60
374	11	40
374	12	60
374	13	10
374	14	80
374	15	70
374	16	120
374	17	90
374	18	80
374	19	80
374	20	60
374	21	60
374	22	70
374	23	60
374	24	90
374	25	60
374	26	60
374	27	60
374	28	100
374	29	50
374	30	80
374	31	50
374	32	80
374	33	50
374	34	80
374	35	80
374	36	70
374	37	30
374	38	60
374	39	100
374	40	30
375	1	70
375	2	50
375	3	0
375	4	80
375	5	80
375	6	100
375	7	90
375	8	90
375	9	70
375	10	100
375	11	90
375	12	70
375	13	80
375	14	80
375	15	90
375	16	80
375	17	70
375	18	80
375	19	80
375	20	100
375	21	80
375	22	110
375	23	60
375	24	70
375	25	30
375	26	10
375	27	60
375	28	80
375	29	70
375	30	70
375	31	20
375	32	60
375	33	50
375	34	50
375	35	60
375	36	90
375	37	60
375	38	10
375	39	70
375	40	70
376	1	20
376	2	50
376	3	90
376	4	90
376	5	90
376	6	120
376	7	40
376	8	110
376	9	90
376	10	90
376	11	80
376	12	70
376	13	30
376	14	90
376	15	110
376	16	120
376	17	110
376	18	100
376	19	90
376	20	110
376	21	80
376	22	110
376	23	60
376	24	110
376	25	80
376	26	50
376	27	60
376	28	100
376	29	70
376	30	90
376	31	70
376	32	80
376	33	50
376	34	70
376	35	70
376	36	110
376	37	20
376	38	80
376	39	90
376	40	40
377	1	70
377	2	80
377	3	20
377	4	60
377	5	80
377	6	80
377	7	90
377	8	60
377	9	50
377	10	100
377	11	50
377	12	100
377	13	80
377	14	60
377	15	70
377	16	80
377	17	50
377	18	60
377	19	80
377	20	80
377	21	60
377	22	70
377	23	60
377	24	50
377	25	30
377	26	30
377	27	60
377	28	80
377	29	70
377	30	80
377	31	0
377	32	60
377	33	50
377	34	60
377	35	60
377	36	50
377	37	60
377	38	10
377	39	80
377	40	100
378	1	0
378	2	60
378	3	70
378	4	80
378	5	80
378	6	80
378	7	0
378	8	60
378	9	50
378	10	60
378	11	20
378	12	60
378	13	30
378	14	80
378	15	70
378	16	80
378	17	70
378	18	80
378	19	80
378	20	80
378	21	60
378	22	70
378	23	60
378	24	70
378	25	80
378	26	60
378	27	60
378	28	60
378	29	70
378	30	60
378	31	50
378	32	80
378	33	50
378	34	80
378	35	80
378	36	70
378	37	30
378	38	80
378	39	60
378	40	10
379	1	70
379	2	50
379	3	20
379	4	80
379	5	120
379	6	100
379	7	90
379	8	90
379	9	90
379	10	100
379	11	70
379	12	90
379	13	80
379	14	80
379	15	70
379	16	120
379	17	70
379	18	100
379	19	80
379	20	100
379	21	100
379	22	110
379	23	80
379	24	90
379	25	30
379	26	10
379	27	80
379	28	120
379	29	70
379	30	50
379	31	40
379	32	80
379	33	70
379	34	70
379	35	80
379	36	90
379	37	80
379	38	10
379	39	70
379	40	70
380	1	0
380	2	50
380	3	70
380	4	60
380	5	80
380	6	60
380	7	0
380	8	70
380	9	70
380	10	60
380	11	20
380	12	50
380	13	10
380	14	80
380	15	70
380	16	100
380	17	70
380	18	80
380	19	80
380	20	60
380	21	60
380	22	50
380	23	60
380	24	90
380	25	60
380	26	60
380	27	60
380	28	80
380	29	50
380	30	70
380	31	50
380	32	80
380	33	50
380	34	70
380	35	80
380	36	70
380	37	30
380	38	60
380	39	70
380	40	20
381	1	40
381	2	80
381	3	90
381	4	100
381	5	120
381	6	120
381	7	60
381	8	80
381	9	70
381	10	120
381	11	40
381	12	120
381	13	10
381	14	80
381	15	50
381	16	120
381	17	90
381	18	100
381	19	60
381	20	120
381	21	80
381	22	90
381	23	60
381	24	90
381	25	60
381	26	80
381	27	60
381	28	100
381	29	50
381	30	80
381	31	70
381	32	80
381	33	50
381	34	80
381	35	80
381	36	90
381	37	30
381	38	80
381	39	100
381	40	50
382	1	20
382	2	50
382	3	110
382	4	90
382	5	70
382	6	110
382	7	40
382	8	90
382	9	90
382	10	90
382	11	40
382	12	90
382	13	20
382	14	50
382	15	90
382	16	90
382	17	90
382	18	70
382	19	90
382	20	110
382	21	70
382	22	90
382	23	50
382	24	90
382	25	70
382	26	50
382	27	50
382	28	90
382	29	70
382	30	70
382	31	70
382	32	50
382	33	50
382	34	50
382	35	50
382	36	70
382	37	0
382	38	70
382	39	70
382	40	40
383	1	50
383	2	50
383	3	40
383	4	50
383	5	90
383	6	90
383	7	90
383	8	110
383	9	90
383	10	90
383	11	90
383	12	70
383	13	70
383	14	90
383	15	110
383	16	110
383	17	70
383	18	70
383	19	90
383	20	90
383	21	70
383	22	70
383	23	70
383	24	90
383	25	20
383	26	0
383	27	70
383	28	110
383	29	70
383	30	90
383	31	20
383	32	70
383	33	70
383	34	70
383	35	70
383	36	90
383	37	70
383	38	0
383	39	70
383	40	110
384	1	0
384	2	50
384	3	70
384	4	70
384	5	50
384	6	70
384	7	0
384	8	50
384	9	50
384	10	50
384	11	20
384	12	50
384	13	20
384	14	50
384	15	70
384	16	50
384	17	70
384	18	50
384	19	70
384	20	70
384	21	50
384	22	70
384	23	50
384	24	50
384	25	70
384	26	50
384	27	50
384	28	50
384	29	70
384	30	50
384	31	50
384	32	50
384	33	50
384	34	50
384	35	50
384	36	50
384	37	0
384	38	70
384	39	50
384	40	0
385	1	50
385	2	50
385	3	0
385	4	50
385	5	90
385	6	60
385	7	50
385	8	70
385	9	70
385	10	50
385	11	70
385	12	50
385	13	80
385	14	70
385	15	70
385	16	100
385	17	70
385	18	80
385	19	70
385	20	50
385	21	80
385	22	90
385	23	80
385	24	70
385	25	30
385	26	0
385	27	80
385	28	100
385	29	70
385	30	50
385	31	20
385	32	80
385	33	70
385	34	70
385	35	70
385	36	70
385	37	70
385	38	10
385	39	70
385	40	50
386	1	50
386	2	50
386	3	20
386	4	80
386	5	80
386	6	100
386	7	70
386	8	70
386	9	50
386	10	80
386	11	90
386	12	50
386	13	80
386	14	100
386	15	90
386	16	80
386	17	70
386	18	80
386	19	80
386	20	100
386	21	60
386	22	70
386	23	60
386	24	70
386	25	30
386	26	10
386	27	60
386	28	60
386	29	70
386	30	70
386	31	0
386	32	80
386	33	50
386	34	70
386	35	80
386	36	90
386	37	80
386	38	30
386	39	50
386	40	70
387	1	20
387	2	50
387	3	110
387	4	90
387	5	70
387	6	140
387	7	60
387	8	110
387	9	90
387	10	110
387	11	60
387	12	90
387	13	30
387	14	70
387	15	110
387	16	100
387	17	90
387	18	80
387	19	90
387	20	130
387	21	80
387	22	90
387	23	60
387	24	90
387	25	80
387	26	50
387	27	60
387	28	100
387	29	70
387	30	90
387	31	70
387	32	60
387	33	50
387	34	50
387	35	50
387	36	90
387	37	0
387	38	80
387	39	70
387	40	60
388	1	70
388	2	50
388	3	20
388	4	90
388	5	50
388	6	100
388	7	70
388	8	70
388	9	70
388	10	70
388	11	70
388	12	70
388	13	80
388	14	50
388	15	70
388	16	60
388	17	70
388	18	80
388	19	70
388	20	90
388	21	80
388	22	90
388	23	60
388	24	70
388	25	30
388	26	0
388	27	60
388	28	60
388	29	70
388	30	50
388	31	20
388	32	60
388	33	50
388	34	50
388	35	50
388	36	70
388	37	50
388	38	30
388	39	50
388	40	50
389	1	50
389	2	50
389	3	40
389	4	80
389	5	100
389	6	120
389	7	90
389	8	70
389	9	50
389	10	100
389	11	110
389	12	70
389	13	80
389	14	80
389	15	90
389	16	100
389	17	90
389	18	60
389	19	80
389	20	120
389	21	60
389	22	90
389	23	60
389	24	50
389	25	30
389	26	10
389	27	60
389	28	100
389	29	70
389	30	70
389	31	0
389	32	60
389	33	50
389	34	50
389	35	60
389	36	70
389	37	60
389	38	30
389	39	70
389	40	90
390	1	70
390	2	50
390	3	20
390	4	70
390	5	90
390	6	100
390	7	90
390	8	110
390	9	90
390	10	90
390	11	110
390	12	70
390	13	60
390	14	90
390	15	90
390	16	120
390	17	90
390	18	100
390	19	70
390	20	90
390	21	80
390	22	90
390	23	60
390	24	110
390	25	10
390	26	0
390	27	60
390	28	100
390	29	50
390	30	90
390	31	20
390	32	80
390	33	50
390	34	70
390	35	70
390	36	110
390	37	70
390	38	10
390	39	90
390	40	90
391	1	90
391	2	70
391	3	20
391	4	70
391	5	70
391	6	90
391	7	110
391	8	110
391	9	90
391	10	110
391	11	110
391	12	90
391	13	70
391	14	70
391	15	110
391	16	90
391	17	90
391	18	70
391	19	90
391	20	90
391	21	70
391	22	110
391	23	50
391	24	90
391	25	20
391	26	20
391	27	50
391	28	90
391	29	70
391	30	110
391	31	20
391	32	50
391	33	50
391	34	50
391	35	50
391	36	90
391	37	50
391	38	0
391	39	110
391	40	110
392	1	20
392	2	60
392	3	90
392	4	100
392	5	100
392	6	140
392	7	60
392	8	100
392	9	70
392	10	120
392	11	40
392	12	100
392	13	30
392	14	100
392	15	90
392	16	100
392	17	70
392	18	100
392	19	80
392	20	140
392	21	80
392	22	90
392	23	60
392	24	90
392	25	80
392	26	60
392	27	60
392	28	80
392	29	70
392	30	80
392	31	70
392	32	80
392	33	50
392	34	80
392	35	80
392	36	110
392	37	30
392	38	80
392	39	60
392	40	50
393	1	20
393	2	50
393	3	110
393	4	90
393	5	90
393	6	110
393	7	40
393	8	90
393	9	90
393	10	90
393	11	40
393	12	90
393	13	20
393	14	70
393	15	90
393	16	110
393	17	90
393	18	90
393	19	90
393	20	110
393	21	70
393	22	90
393	23	50
393	24	110
393	25	70
393	26	50
393	27	50
393	28	90
393	29	70
393	30	70
393	31	70
393	32	70
393	33	50
393	34	70
393	35	70
393	36	90
393	37	20
393	38	70
393	39	70
393	40	40
394	1	0
394	2	50
394	3	70
394	4	60
394	5	100
394	6	80
394	7	20
394	8	50
394	9	50
394	10	80
394	11	20
394	12	70
394	13	30
394	14	60
394	15	70
394	16	100
394	17	70
394	18	60
394	19	80
394	20	80
394	21	60
394	22	90
394	23	60
394	24	50
394	25	80
394	26	60
394	27	60
394	28	100
394	29	70
394	30	50
394	31	50
394	32	60
394	33	50
394	34	50
394	35	60
394	36	50
394	37	10
394	38	60
394	39	70
394	40	20
395	1	50
395	2	50
395	3	20
395	4	50
395	5	90
395	6	60
395	7	50
395	8	70
395	9	70
395	10	50
395	11	90
395	12	50
395	13	60
395	14	70
395	15	70
395	16	120
395	17	90
395	18	80
395	19	70
395	20	50
395	21	60
395	22	70
395	23	60
395	24	90
395	25	10
395	26	0
395	27	60
395	28	100
395	29	50
395	30	70
395	31	0
395	32	80
395	33	50
395	34	70
395	35	70
395	36	70
395	37	70
395	38	10
395	39	90
395	40	70
396	1	0
396	2	50
396	3	70
396	4	70
396	5	50
396	6	70
396	7	0
396	8	50
396	9	50
396	10	50
396	11	20
396	12	50
396	13	20
396	14	50
396	15	70
396	16	50
396	17	70
396	18	50
396	19	70
396	20	70
396	21	50
396	22	70
396	23	50
396	24	50
396	25	70
396	26	50
396	27	50
396	28	50
396	29	70
396	30	50
396	31	50
396	32	50
396	33	50
396	34	50
396	35	50
396	36	50
396	37	0
396	38	70
396	39	50
396	40	0
397	1	50
397	2	50
397	3	40
397	4	70
397	5	70
397	6	70
397	7	50
397	8	70
397	9	70
397	10	50
397	11	90
397	12	50
397	13	70
397	14	70
397	15	90
397	16	90
397	17	90
397	18	70
397	19	90
397	20	70
397	21	50
397	22	70
397	23	50
397	24	90
397	25	20
397	26	0
397	27	50
397	28	70
397	29	70
397	30	70
397	31	0
397	32	70
397	33	50
397	34	70
397	35	70
397	36	70
397	37	70
397	38	20
397	39	70
397	40	70
398	1	20
398	2	70
398	3	70
398	4	50
398	5	50
398	6	70
398	7	40
398	8	90
398	9	70
398	10	90
398	11	40
398	12	70
398	13	20
398	14	70
398	15	110
398	16	70
398	17	70
398	18	50
398	19	90
398	20	70
398	21	50
398	22	70
398	23	50
398	24	70
398	25	70
398	26	70
398	27	50
398	28	70
398	29	70
398	30	110
398	31	50
398	32	50
398	33	50
398	34	50
398	35	50
398	36	70
398	37	0
398	38	50
398	39	90
398	40	60
399	1	50
399	2	60
399	3	0
399	4	60
399	5	60
399	6	80
399	7	70
399	8	80
399	9	50
399	10	80
399	11	70
399	12	60
399	13	80
399	14	80
399	15	90
399	16	60
399	17	50
399	18	60
399	19	80
399	20	80
399	21	60
399	22	70
399	23	60
399	24	50
399	25	30
399	26	10
399	27	60
399	28	60
399	29	70
399	30	80
399	31	0
399	32	60
399	33	50
399	34	60
399	35	60
399	36	70
399	37	60
399	38	10
399	39	60
399	40	80
400	1	70
400	2	60
400	3	20
400	4	80
400	5	80
400	6	120
400	7	110
400	8	100
400	9	70
400	10	120
400	11	70
400	12	100
400	13	80
400	14	80
400	15	90
400	16	80
400	17	50
400	18	80
400	19	80
400	20	120
400	21	80
400	22	90
400	23	60
400	24	70
400	25	30
400	26	10
400	27	60
400	28	80
400	29	70
400	30	80
400	31	20
400	32	60
400	33	50
400	34	60
400	35	60
400	36	90
400	37	60
400	38	10
400	39	60
400	40	100
401	1	90
401	2	70
401	3	20
401	4	90
401	5	90
401	6	100
401	7	90
401	8	70
401	9	70
401	10	90
401	11	90
401	12	90
401	13	60
401	14	70
401	15	50
401	16	100
401	17	90
401	18	100
401	19	50
401	20	90
401	21	80
401	22	90
401	23	60
401	24	90
401	25	10
401	26	20
401	27	60
401	28	80
401	29	50
401	30	70
401	31	20
401	32	80
401	33	50
401	34	70
401	35	70
401	36	90
401	37	70
401	38	30
401	39	90
401	40	70
402	1	20
402	2	60
402	3	90
402	4	100
402	5	80
402	6	120
402	7	40
402	8	120
402	9	90
402	10	100
402	11	80
402	12	80
402	13	10
402	14	80
402	15	90
402	16	100
402	17	110
402	18	80
402	19	80
402	20	120
402	21	80
402	22	90
402	23	60
402	24	90
402	25	60
402	26	60
402	27	60
402	28	100
402	29	50
402	30	100
402	31	70
402	32	60
402	33	50
402	34	60
402	35	60
402	36	90
402	37	10
402	38	80
402	39	100
402	40	50
403	1	40
403	2	70
403	3	70
403	4	70
403	5	90
403	6	100
403	7	60
403	8	70
403	9	70
403	10	110
403	11	20
403	12	110
403	13	30
403	14	50
403	15	70
403	16	100
403	17	70
403	18	80
403	19	70
403	20	90
403	21	80
403	22	110
403	23	60
403	24	70
403	25	80
403	26	70
403	27	60
403	28	100
403	29	70
403	30	70
403	31	70
403	32	60
403	33	50
403	34	50
403	35	50
403	36	70
403	37	0
403	38	60
403	39	90
403	40	40
404	1	20
404	2	50
404	3	110
404	4	90
404	5	90
404	6	120
404	7	40
404	8	90
404	9	90
404	10	90
404	11	60
404	12	90
404	13	10
404	14	50
404	15	70
404	16	120
404	17	110
404	18	80
404	19	70
404	20	110
404	21	80
404	22	90
404	23	60
404	24	90
404	25	60
404	26	50
404	27	60
404	28	120
404	29	50
404	30	70
404	31	70
404	32	60
404	33	50
404	34	50
404	35	50
404	36	70
404	37	0
404	38	80
404	39	90
404	40	40
405	1	0
405	2	50
405	3	70
405	4	50
405	5	70
405	6	80
405	7	20
405	8	90
405	9	70
405	10	70
405	11	40
405	12	50
405	13	10
405	14	90
405	15	90
405	16	100
405	17	70
405	18	80
405	19	70
405	20	70
405	21	60
405	22	50
405	23	60
405	24	90
405	25	60
405	26	50
405	27	60
405	28	80
405	29	50
405	30	90
405	31	50
405	32	80
405	33	50
405	34	70
405	35	70
405	36	90
405	37	20
405	38	60
405	39	70
405	40	40
406	1	0
406	2	50
406	3	90
406	4	70
406	5	50
406	6	90
406	7	20
406	8	90
406	9	70
406	10	70
406	11	60
406	12	50
406	13	20
406	14	70
406	15	110
406	16	70
406	17	90
406	18	50
406	19	90
406	20	90
406	21	50
406	22	70
406	23	50
406	24	70
406	25	70
406	26	50
406	27	50
406	28	70
406	29	70
406	30	90
406	31	50
406	32	50
406	33	50
406	34	50
406	35	50
406	36	70
406	37	0
406	38	70
406	39	70
406	40	40
407	1	70
407	2	50
407	3	40
407	4	90
407	5	90
407	6	130
407	7	110
407	8	90
407	9	70
407	10	110
407	11	110
407	12	90
407	13	70
407	14	70
407	15	90
407	16	90
407	17	90
407	18	70
407	19	70
407	20	130
407	21	70
407	22	110
407	23	50
407	24	70
407	25	20
407	26	0
407	27	50
407	28	90
407	29	70
407	30	70
407	31	20
407	32	50
407	33	50
407	34	50
407	35	50
407	36	90
407	37	50
407	38	20
407	39	70
407	40	90
408	1	20
408	2	50
408	3	110
408	4	100
408	5	100
408	6	120
408	7	40
408	8	90
408	9	90
408	10	100
408	11	40
408	12	90
408	13	30
408	14	80
408	15	90
408	16	120
408	17	90
408	18	100
408	19	100
408	20	120
408	21	80
408	22	90
408	23	60
408	24	110
408	25	80
408	26	60
408	27	60
408	28	100
408	29	70
408	30	70
408	31	70
408	32	80
408	33	50
408	34	70
408	35	80
408	36	90
408	37	30
408	38	80
408	39	70
408	40	40
409	1	20
409	2	50
409	3	110
409	4	90
409	5	90
409	6	120
409	7	40
409	8	90
409	9	90
409	10	90
409	11	60
409	12	90
409	13	30
409	14	50
409	15	90
409	16	120
409	17	110
409	18	80
409	19	90
409	20	110
409	21	80
409	22	110
409	23	60
409	24	90
409	25	80
409	26	50
409	27	60
409	28	120
409	29	70
409	30	70
409	31	70
409	32	60
409	33	50
409	34	50
409	35	50
409	36	70
409	37	0
409	38	80
409	39	90
409	40	40
410	1	40
410	2	70
410	3	90
410	4	100
410	5	80
410	6	100
410	7	40
410	8	90
410	9	90
410	10	100
410	11	40
410	12	90
410	13	10
410	14	80
410	15	70
410	16	100
410	17	90
410	18	100
410	19	80
410	20	100
410	21	80
410	22	70
410	23	60
410	24	110
410	25	60
410	26	80
410	27	60
410	28	80
410	29	50
410	30	90
410	31	70
410	32	80
410	33	50
410	34	70
410	35	80
410	36	90
410	37	30
410	38	80
410	39	90
410	40	40
411	1	70
411	2	60
411	3	20
411	4	100
411	5	80
411	6	100
411	7	70
411	8	80
411	9	70
411	10	80
411	11	90
411	12	80
411	13	80
411	14	60
411	15	70
411	16	80
411	17	90
411	18	80
411	19	80
411	20	100
411	21	80
411	22	110
411	23	60
411	24	70
411	25	30
411	26	10
411	27	60
411	28	80
411	29	70
411	30	60
411	31	20
411	32	60
411	33	50
411	34	60
411	35	60
411	36	70
411	37	60
411	38	30
411	39	80
411	40	60
412	1	70
412	2	50
412	3	20
412	4	80
412	5	100
412	6	120
412	7	110
412	8	90
412	9	70
412	10	120
412	11	90
412	12	90
412	13	80
412	14	80
412	15	90
412	16	100
412	17	70
412	18	80
412	19	80
412	20	120
412	21	80
412	22	110
412	23	60
412	24	70
412	25	30
412	26	10
412	27	60
412	28	100
412	29	70
412	30	70
412	31	20
412	32	60
412	33	50
412	34	50
412	35	60
412	36	90
412	37	60
412	38	10
412	39	70
412	40	90
413	1	70
413	2	60
413	3	20
413	4	100
413	5	60
413	6	100
413	7	70
413	8	80
413	9	70
413	10	80
413	11	70
413	12	80
413	13	60
413	14	60
413	15	50
413	16	60
413	17	70
413	18	80
413	19	60
413	20	100
413	21	80
413	22	70
413	23	60
413	24	70
413	25	10
413	26	10
413	27	60
413	28	60
413	29	50
413	30	60
413	31	20
413	32	60
413	33	50
413	34	60
413	35	60
413	36	70
413	37	60
413	38	30
413	39	60
413	40	60
414	1	20
414	2	50
414	3	50
414	4	70
414	5	70
414	6	90
414	7	40
414	8	90
414	9	70
414	10	90
414	11	20
414	12	70
414	13	0
414	14	90
414	15	70
414	16	70
414	17	50
414	18	90
414	19	50
414	20	90
414	21	70
414	22	70
414	23	50
414	24	90
414	25	50
414	26	50
414	27	50
414	28	50
414	29	50
414	30	70
414	31	70
414	32	70
414	33	50
414	34	70
414	35	70
414	36	110
414	37	20
414	38	50
414	39	50
414	40	20
415	1	70
415	2	60
415	3	20
415	4	80
415	5	80
415	6	100
415	7	90
415	8	120
415	9	90
415	10	100
415	11	90
415	12	80
415	13	60
415	14	100
415	15	90
415	16	100
415	17	70
415	18	100
415	19	80
415	20	100
415	21	80
415	22	70
415	23	60
415	24	110
415	25	10
415	26	10
415	27	60
415	28	80
415	29	50
415	30	100
415	31	20
415	32	80
415	33	50
415	34	80
415	35	80
415	36	110
415	37	80
415	38	10
415	39	80
415	40	100
416	1	20
416	2	50
416	3	90
416	4	90
416	5	50
416	6	110
416	7	40
416	8	110
416	9	90
416	10	90
416	11	60
416	12	70
416	13	20
416	14	70
416	15	110
416	16	70
416	17	90
416	18	70
416	19	90
416	20	110
416	21	70
416	22	90
416	23	50
416	24	90
416	25	70
416	26	50
416	27	50
416	28	70
416	29	70
416	30	90
416	31	70
416	32	50
416	33	50
416	34	50
416	35	50
416	36	90
416	37	0
416	38	70
416	39	70
416	40	40
417	1	50
417	2	50
417	3	40
417	4	70
417	5	90
417	6	90
417	7	70
417	8	50
417	9	50
417	10	70
417	11	90
417	12	70
417	13	70
417	14	50
417	15	70
417	16	90
417	17	90
417	18	50
417	19	70
417	20	90
417	21	50
417	22	90
417	23	50
417	24	50
417	25	20
417	26	0
417	27	50
417	28	90
417	29	70
417	30	50
417	31	0
417	32	50
417	33	50
417	34	50
417	35	50
417	36	50
417	37	50
417	38	20
417	39	70
417	40	70
418	1	20
418	2	50
418	3	90
418	4	90
418	5	70
418	6	120
418	7	40
418	8	110
418	9	90
418	10	90
418	11	80
418	12	70
418	13	10
418	14	70
418	15	90
418	16	100
418	17	110
418	18	80
418	19	70
418	20	110
418	21	80
418	22	90
418	23	60
418	24	90
418	25	60
418	26	50
418	27	60
418	28	100
418	29	50
418	30	90
418	31	70
418	32	60
418	33	50
418	34	50
418	35	50
418	36	90
418	37	0
418	38	80
418	39	90
418	40	40
419	1	0
419	2	50
419	3	110
419	4	70
419	5	90
419	6	110
419	7	40
419	8	90
419	9	70
419	10	90
419	11	80
419	12	70
419	13	0
419	14	70
419	15	90
419	16	110
419	17	110
419	18	50
419	19	70
419	20	110
419	21	50
419	22	70
419	23	50
419	24	70
419	25	50
419	26	50
419	27	50
419	28	110
419	29	50
419	30	90
419	31	50
419	32	50
419	33	50
419	34	50
419	35	50
419	36	70
419	37	0
419	38	70
419	39	90
419	40	60
420	1	0
420	2	60
420	3	110
420	4	80
420	5	100
420	6	120
420	7	40
420	8	100
420	9	70
420	10	100
420	11	80
420	12	80
420	13	30
420	14	80
420	15	110
420	16	120
420	17	110
420	18	60
420	19	100
420	20	120
420	21	60
420	22	90
420	23	60
420	24	70
420	25	80
420	26	60
420	27	60
420	28	120
420	29	70
420	30	100
420	31	50
420	32	60
420	33	50
420	34	60
420	35	60
420	36	70
420	37	10
420	38	80
420	39	100
420	40	70
421	1	70
421	2	60
421	3	40
421	4	100
421	5	80
421	6	100
421	7	70
421	8	100
421	9	90
421	10	80
421	11	110
421	12	80
421	13	60
421	14	60
421	15	70
421	16	100
421	17	110
421	18	80
421	19	80
421	20	100
421	21	80
421	22	90
421	23	60
421	24	90
421	25	10
421	26	10
421	27	60
421	28	100
421	29	50
421	30	80
421	31	20
421	32	60
421	33	50
421	34	60
421	35	60
421	36	70
421	37	60
421	38	30
421	39	100
421	40	80
422	1	20
422	2	70
422	3	50
422	4	50
422	5	70
422	6	80
422	7	40
422	8	70
422	9	50
422	10	90
422	11	40
422	12	70
422	13	30
422	14	70
422	15	90
422	16	80
422	17	70
422	18	60
422	19	70
422	20	70
422	21	60
422	22	90
422	23	60
422	24	50
422	25	80
422	26	70
422	27	60
422	28	80
422	29	70
422	30	90
422	31	50
422	32	60
422	33	50
422	34	50
422	35	50
422	36	70
422	37	0
422	38	60
422	39	90
422	40	40
423	1	50
423	2	50
423	3	0
423	4	50
423	5	70
423	6	50
423	7	50
423	8	70
423	9	70
423	10	50
423	11	50
423	12	50
423	13	70
423	14	70
423	15	70
423	16	70
423	17	50
423	18	70
423	19	70
423	20	50
423	21	70
423	22	70
423	23	70
423	24	70
423	25	20
423	26	0
423	27	70
423	28	70
423	29	70
423	30	50
423	31	20
423	32	70
423	33	70
423	34	70
423	35	70
423	36	70
423	37	70
423	38	0
423	39	50
423	40	50
424	1	0
424	2	50
424	3	70
424	4	70
424	5	50
424	6	70
424	7	0
424	8	50
424	9	50
424	10	50
424	11	20
424	12	50
424	13	20
424	14	50
424	15	70
424	16	50
424	17	70
424	18	50
424	19	70
424	20	70
424	21	50
424	22	70
424	23	50
424	24	50
424	25	70
424	26	50
424	27	50
424	28	50
424	29	70
424	30	50
424	31	50
424	32	50
424	33	50
424	34	50
424	35	50
424	36	50
424	37	0
424	38	70
424	39	50
424	40	0
425	1	20
425	2	70
425	3	90
425	4	60
425	5	80
425	6	80
425	7	40
425	8	70
425	9	70
425	10	100
425	11	20
425	12	90
425	13	30
425	14	60
425	15	90
425	16	100
425	17	70
425	18	60
425	19	100
425	20	80
425	21	60
425	22	70
425	23	60
425	24	70
425	25	80
425	26	80
425	27	60
425	28	100
425	29	70
425	30	90
425	31	50
425	32	60
425	33	50
425	34	50
425	35	60
425	36	50
425	37	10
425	38	60
425	39	90
425	40	60
426	1	40
426	2	70
426	3	90
426	4	100
426	5	100
426	6	120
426	7	60
426	8	110
426	9	90
426	10	120
426	11	80
426	12	90
426	13	10
426	14	100
426	15	90
426	16	120
426	17	110
426	18	100
426	19	80
426	20	120
426	21	80
426	22	90
426	23	60
426	24	110
426	25	60
426	26	80
426	27	60
426	28	100
426	29	50
426	30	110
426	31	70
426	32	80
426	33	50
426	34	70
426	35	80
426	36	110
426	37	30
426	38	80
426	39	110
426	40	60
427	1	0
427	2	50
427	3	50
427	4	50
427	5	50
427	6	80
427	7	20
427	8	70
427	9	50
427	10	70
427	11	20
427	12	50
427	13	30
427	14	70
427	15	90
427	16	60
427	17	50
427	18	60
427	19	70
427	20	70
427	21	60
427	22	70
427	23	60
427	24	50
427	25	80
427	26	50
427	27	60
427	28	60
427	29	70
427	30	70
427	31	50
427	32	60
427	33	50
427	34	50
427	35	50
427	36	70
427	37	0
427	38	60
427	39	50
427	40	20
428	1	90
428	2	80
428	3	40
428	4	80
428	5	80
428	6	120
428	7	130
428	8	120
428	9	90
428	10	140
428	11	90
428	12	120
428	13	80
428	14	80
428	15	110
428	16	100
428	17	70
428	18	80
428	19	100
428	20	120
428	21	80
428	22	90
428	23	60
428	24	90
428	25	30
428	26	30
428	27	60
428	28	100
428	29	70
428	30	120
428	31	20
428	32	60
428	33	50
428	34	60
428	35	60
428	36	90
428	37	60
428	38	10
428	39	100
428	40	140
429	1	70
429	2	60
429	3	20
429	4	100
429	5	100
429	6	100
429	7	70
429	8	80
429	9	70
429	10	80
429	11	90
429	12	80
429	13	80
429	14	80
429	15	70
429	16	100
429	17	90
429	18	100
429	19	80
429	20	100
429	21	80
429	22	110
429	23	60
429	24	90
429	25	30
429	26	10
429	27	60
429	28	80
429	29	70
429	30	60
429	31	20
429	32	80
429	33	50
429	34	80
429	35	80
429	36	90
429	37	80
429	38	30
429	39	80
429	40	60
430	1	20
430	2	50
430	3	70
430	4	70
430	5	70
430	6	100
430	7	40
430	8	130
430	9	110
430	10	90
430	11	40
430	12	70
430	13	30
430	14	90
430	15	110
430	16	100
430	17	70
430	18	100
430	19	90
430	20	90
430	21	100
430	22	90
430	23	80
430	24	110
430	25	80
430	26	50
430	27	80
430	28	100
430	29	70
430	30	90
430	31	90
430	32	80
430	33	70
430	34	70
430	35	70
430	36	110
430	37	20
430	38	60
430	39	70
430	40	40
431	1	70
431	2	70
431	3	20
431	4	60
431	5	60
431	6	80
431	7	90
431	8	90
431	9	70
431	10	100
431	11	90
431	12	70
431	13	80
431	14	80
431	15	110
431	16	80
431	17	70
431	18	60
431	19	100
431	20	80
431	21	60
431	22	70
431	23	60
431	24	70
431	25	30
431	26	30
431	27	60
431	28	80
431	29	70
431	30	110
431	31	0
431	32	60
431	33	50
431	34	50
431	35	60
431	36	70
431	37	60
431	38	10
431	39	90
431	40	110
432	1	20
432	2	50
432	3	90
432	4	100
432	5	80
432	6	120
432	7	40
432	8	110
432	9	90
432	10	100
432	11	80
432	12	70
432	13	30
432	14	80
432	15	110
432	16	100
432	17	110
432	18	80
432	19	100
432	20	120
432	21	80
432	22	110
432	23	60
432	24	90
432	25	80
432	26	60
432	27	60
432	28	100
432	29	70
432	30	90
432	31	70
432	32	60
432	33	50
432	34	50
432	35	60
432	36	90
432	37	10
432	38	80
432	39	90
432	40	40
433	1	70
433	2	60
433	3	20
433	4	100
433	5	80
433	6	120
433	7	90
433	8	100
433	9	70
433	10	100
433	11	110
433	12	80
433	13	80
433	14	80
433	15	90
433	16	80
433	17	90
433	18	80
433	19	80
433	20	120
433	21	80
433	22	110
433	23	60
433	24	70
433	25	30
433	26	10
433	27	60
433	28	80
433	29	70
433	30	80
433	31	20
433	32	60
433	33	50
433	34	60
433	35	60
433	36	90
433	37	60
433	38	30
433	39	80
433	40	80
434	1	90
434	2	80
434	3	20
434	4	80
434	5	80
434	6	100
434	7	110
434	8	120
434	9	90
434	10	120
434	11	110
434	12	100
434	13	80
434	14	80
434	15	110
434	16	100
434	17	90
434	18	80
434	19	100
434	20	100
434	21	80
434	22	110
434	23	60
434	24	90
434	25	30
434	26	30
434	27	60
434	28	100
434	29	70
434	30	120
434	31	20
434	32	60
434	33	50
434	34	60
434	35	60
434	36	90
434	37	60
434	38	10
434	39	120
434	40	120
435	1	40
435	2	80
435	3	70
435	4	80
435	5	80
435	6	100
435	7	60
435	8	80
435	9	70
435	10	120
435	11	0
435	12	120
435	13	30
435	14	60
435	15	70
435	16	80
435	17	50
435	18	80
435	19	80
435	20	100
435	21	80
435	22	90
435	23	60
435	24	70
435	25	80
435	26	80
435	27	60
435	28	80
435	29	70
435	30	80
435	31	70
435	32	60
435	33	50
435	34	60
435	35	60
435	36	70
435	37	10
435	38	60
435	39	80
435	40	50
436	1	70
436	2	50
436	3	40
436	4	70
436	5	90
436	6	120
436	7	110
436	8	110
436	9	90
436	10	110
436	11	110
436	12	90
436	13	80
436	14	70
436	15	110
436	16	120
436	17	90
436	18	80
436	19	90
436	20	110
436	21	80
436	22	110
436	23	60
436	24	90
436	25	30
436	26	0
436	27	60
436	28	120
436	29	70
436	30	90
436	31	20
436	32	60
436	33	50
436	34	50
436	35	50
436	36	90
436	37	50
436	38	10
436	39	90
436	40	110
437	1	50
437	2	50
437	3	20
437	4	70
437	5	70
437	6	70
437	7	50
437	8	50
437	9	50
437	10	50
437	11	90
437	12	50
437	13	70
437	14	50
437	15	70
437	16	70
437	17	90
437	18	50
437	19	70
437	20	70
437	21	50
437	22	90
437	23	50
437	24	50
437	25	20
437	26	0
437	27	50
437	28	70
437	29	70
437	30	50
437	31	0
437	32	50
437	33	50
437	34	50
437	35	50
437	36	50
437	37	50
437	38	20
437	39	70
437	40	50
438	1	50
438	2	50
438	3	20
438	4	50
438	5	90
438	6	80
438	7	70
438	8	50
438	9	50
438	10	70
438	11	70
438	12	70
438	13	80
438	14	50
438	15	70
438	16	100
438	17	70
438	18	60
438	19	70
438	20	70
438	21	60
438	22	90
438	23	60
438	24	50
438	25	30
438	26	0
438	27	60
438	28	100
438	29	70
438	30	50
438	31	0
438	32	60
438	33	50
438	34	50
438	35	50
438	36	50
438	37	50
438	38	10
438	39	70
438	40	70
439	1	20
439	2	50
439	3	90
439	4	90
439	5	90
439	6	90
439	7	20
439	8	90
439	9	90
439	10	70
439	11	60
439	12	70
439	13	20
439	14	70
439	15	90
439	16	110
439	17	110
439	18	90
439	19	90
439	20	90
439	21	70
439	22	110
439	23	50
439	24	110
439	25	70
439	26	50
439	27	50
439	28	90
439	29	70
439	30	70
439	31	70
439	32	70
439	33	50
439	34	70
439	35	70
439	36	90
439	37	20
439	38	70
439	39	90
439	40	20
440	1	50
440	2	50
440	3	40
440	4	70
440	5	70
440	6	100
440	7	70
440	8	50
440	9	50
440	10	70
440	11	70
440	12	70
440	13	80
440	14	50
440	15	70
440	16	80
440	17	70
440	18	60
440	19	70
440	20	90
440	21	60
440	22	70
440	23	60
440	24	50
440	25	30
440	26	0
440	27	60
440	28	80
440	29	70
440	30	50
440	31	0
440	32	60
440	33	50
440	34	50
440	35	50
440	36	50
440	37	50
440	38	30
440	39	50
440	40	70
441	1	40
441	2	70
441	3	70
441	4	70
441	5	70
441	6	90
441	7	60
441	8	110
441	9	90
441	10	110
441	11	60
441	12	90
441	13	20
441	14	70
441	15	110
441	16	90
441	17	90
441	18	70
441	19	90
441	20	90
441	21	70
441	22	110
441	23	50
441	24	90
441	25	70
441	26	70
441	27	50
441	28	90
441	29	70
441	30	110
441	31	70
441	32	50
441	33	50
441	34	50
441	35	50
441	36	90
441	37	0
441	38	50
441	39	110
441	40	60
442	1	0
442	2	50
442	3	70
442	4	70
442	5	70
442	6	90
442	7	20
442	8	70
442	9	50
442	10	70
442	11	60
442	12	50
442	13	20
442	14	70
442	15	90
442	16	70
442	17	90
442	18	50
442	19	70
442	20	90
442	21	50
442	22	90
442	23	50
442	24	50
442	25	70
442	26	50
442	27	50
442	28	70
442	29	70
442	30	70
442	31	50
442	32	50
442	33	50
442	34	50
442	35	50
442	36	70
442	37	0
442	38	70
442	39	70
442	40	20
443	1	20
443	2	60
443	3	90
443	4	100
443	5	80
443	6	100
443	7	20
443	8	100
443	9	90
443	10	80
443	11	60
443	12	80
443	13	30
443	14	60
443	15	90
443	16	100
443	17	110
443	18	80
443	19	100
443	20	100
443	21	80
443	22	110
443	23	60
443	24	90
443	25	80
443	26	60
443	27	60
443	28	100
443	29	70
443	30	80
443	31	70
443	32	60
443	33	50
443	34	60
443	35	60
443	36	70
443	37	10
443	38	80
443	39	100
443	40	30
444	1	20
444	2	60
444	3	110
444	4	100
444	5	100
444	6	140
444	7	60
444	8	120
444	9	90
444	10	120
444	11	80
444	12	100
444	13	30
444	14	80
444	15	110
444	16	120
444	17	110
444	18	80
444	19	100
444	20	140
444	21	80
444	22	110
444	23	60
444	24	90
444	25	80
444	26	60
444	27	60
444	28	120
444	29	70
444	30	100
444	31	70
444	32	60
444	33	50
444	34	60
444	35	60
444	36	90
444	37	10
444	38	80
444	39	100
444	40	70
445	1	40
445	2	70
445	3	70
445	4	80
445	5	80
445	6	100
445	7	60
445	8	110
445	9	90
445	10	120
445	11	60
445	12	90
445	13	30
445	14	80
445	15	110
445	16	100
445	17	90
445	18	80
445	19	100
445	20	100
445	21	80
445	22	110
445	23	60
445	24	90
445	25	80
445	26	80
445	27	60
445	28	100
445	29	70
445	30	110
445	31	70
445	32	60
445	33	50
445	34	50
445	35	60
445	36	90
445	37	10
445	38	60
445	39	110
445	40	60
446	1	20
446	2	50
446	3	90
446	4	90
446	5	90
446	6	120
446	7	40
446	8	110
446	9	90
446	10	90
446	11	80
446	12	70
446	13	30
446	14	90
446	15	110
446	16	120
446	17	110
446	18	100
446	19	90
446	20	110
446	21	80
446	22	110
446	23	60
446	24	110
446	25	80
446	26	50
446	27	60
446	28	100
446	29	70
446	30	90
446	31	70
446	32	80
446	33	50
446	34	70
446	35	70
446	36	110
446	37	20
446	38	80
446	39	90
446	40	40
447	1	90
447	2	70
447	3	40
447	4	100
447	5	100
447	6	120
447	7	110
447	8	110
447	9	90
447	10	120
447	11	130
447	12	90
447	13	60
447	14	100
447	15	90
447	16	120
447	17	110
447	18	100
447	19	80
447	20	120
447	21	80
447	22	90
447	23	60
447	24	110
447	25	10
447	26	30
447	27	60
447	28	100
447	29	50
447	30	110
447	31	20
447	32	80
447	33	50
447	34	70
447	35	80
447	36	110
447	37	80
447	38	30
447	39	110
447	40	110
448	1	90
448	2	80
448	3	0
448	4	80
448	5	80
448	6	100
448	7	110
448	8	100
448	9	70
448	10	120
448	11	90
448	12	100
448	13	80
448	14	80
448	15	90
448	16	80
448	17	70
448	18	80
448	19	80
448	20	100
448	21	80
448	22	110
448	23	60
448	24	70
448	25	30
448	26	30
448	27	60
448	28	80
448	29	70
448	30	100
448	31	20
448	32	60
448	33	50
448	34	60
448	35	60
448	36	90
448	37	60
448	38	10
448	39	100
448	40	100
449	1	20
449	2	50
449	3	90
449	4	70
449	5	110
449	6	90
449	7	40
449	8	110
449	9	110
449	10	90
449	11	40
449	12	90
449	13	20
449	14	70
449	15	90
449	16	130
449	17	90
449	18	90
449	19	90
449	20	90
449	21	90
449	22	110
449	23	70
449	24	110
449	25	70
449	26	50
449	27	70
449	28	130
449	29	70
449	30	70
449	31	90
449	32	70
449	33	70
449	34	70
449	35	70
449	36	90
449	37	20
449	38	50
449	39	90
449	40	40
450	1	0
450	2	50
450	3	90
450	4	50
450	5	90
450	6	100
450	7	40
450	8	90
450	9	70
450	10	90
450	11	40
450	12	70
450	13	10
450	14	90
450	15	90
450	16	120
450	17	70
450	18	80
450	19	70
450	20	90
450	21	60
450	22	50
450	23	60
450	24	90
450	25	60
450	26	50
450	27	60
450	28	100
450	29	50
450	30	90
450	31	50
450	32	80
450	33	50
450	34	70
450	35	70
450	36	90
450	37	20
450	38	60
450	39	70
450	40	60
451	1	90
451	2	70
451	3	20
451	4	70
451	5	70
451	6	90
451	7	110
451	8	110
451	9	90
451	10	110
451	11	110
451	12	90
451	13	70
451	14	70
451	15	110
451	16	90
451	17	90
451	18	70
451	19	90
451	20	90
451	21	70
451	22	110
451	23	50
451	24	90
451	25	20
451	26	20
451	27	50
451	28	90
451	29	70
451	30	110
451	31	20
451	32	50
451	33	50
451	34	50
451	35	50
451	36	90
451	37	50
451	38	0
451	39	110
451	40	110
452	1	70
452	2	60
452	3	40
452	4	100
452	5	120
452	6	120
452	7	90
452	8	80
452	9	70
452	10	100
452	11	90
452	12	100
452	13	80
452	14	80
452	15	70
452	16	120
452	17	90
452	18	100
452	19	80
452	20	120
452	21	80
452	22	110
452	23	60
452	24	90
452	25	30
452	26	10
452	27	60
452	28	100
452	29	70
452	30	60
452	31	20
452	32	80
452	33	50
452	34	80
452	35	80
452	36	90
452	37	80
452	38	30
452	39	80
452	40	80
453	1	0
453	2	50
453	3	90
453	4	50
453	5	90
453	6	80
453	7	20
453	8	70
453	9	70
453	10	70
453	11	20
453	12	70
453	13	10
453	14	70
453	15	70
453	16	120
453	17	70
453	18	80
453	19	70
453	20	70
453	21	60
453	22	50
453	23	60
453	24	90
453	25	60
453	26	50
453	27	60
453	28	100
453	29	50
453	30	70
453	31	50
453	32	80
453	33	50
453	34	70
453	35	70
453	36	70
453	37	20
453	38	60
453	39	70
453	40	40
454	1	0
454	2	50
454	3	70
454	4	80
454	5	60
454	6	80
454	7	0
454	8	50
454	9	50
454	10	60
454	11	20
454	12	50
454	13	30
454	14	60
454	15	70
454	16	60
454	17	70
454	18	60
454	19	80
454	20	80
454	21	60
454	22	70
454	23	60
454	24	50
454	25	80
454	26	60
454	27	60
454	28	60
454	29	70
454	30	50
454	31	50
454	32	60
454	33	50
454	34	50
454	35	60
454	36	50
454	37	10
454	38	80
454	39	50
454	40	0
455	1	0
455	2	50
455	3	50
455	4	50
455	5	50
455	6	50
455	7	0
455	8	50
455	9	50
455	10	50
455	11	0
455	12	50
455	13	20
455	14	50
455	15	70
455	16	50
455	17	50
455	18	50
455	19	70
455	20	50
455	21	50
455	22	70
455	23	50
455	24	50
455	25	70
455	26	50
455	27	50
455	28	50
455	29	70
455	30	50
455	31	50
455	32	50
455	33	50
455	34	50
455	35	50
455	36	50
455	37	0
455	38	50
455	39	50
455	40	0
456	1	40
456	2	70
456	3	70
456	4	80
456	5	80
456	6	120
456	7	80
456	8	90
456	9	70
456	10	140
456	11	20
456	12	110
456	13	30
456	14	80
456	15	90
456	16	80
456	17	50
456	18	80
456	19	80
456	20	120
456	21	80
456	22	90
456	23	60
456	24	70
456	25	80
456	26	80
456	27	60
456	28	80
456	29	70
456	30	90
456	31	70
456	32	60
456	33	50
456	34	50
456	35	60
456	36	90
456	37	10
456	38	60
456	39	70
456	40	60
457	1	20
457	2	50
457	3	50
457	4	70
457	5	70
457	6	100
457	7	40
457	8	110
457	9	90
457	10	90
457	11	20
457	12	70
457	13	30
457	14	90
457	15	90
457	16	80
457	17	50
457	18	100
457	19	70
457	20	90
457	21	100
457	22	90
457	23	80
457	24	90
457	25	80
457	26	50
457	27	80
457	28	80
457	29	70
457	30	70
457	31	90
457	32	80
457	33	70
457	34	70
457	35	70
457	36	110
457	37	20
457	38	60
457	39	50
457	40	20
458	1	40
458	2	80
458	3	90
458	4	100
458	5	120
458	6	140
458	7	80
458	8	100
458	9	70
458	10	140
458	11	60
458	12	120
458	13	10
458	14	100
458	15	70
458	16	120
458	17	90
458	18	100
458	19	60
458	20	140
458	21	80
458	22	90
458	23	60
458	24	90
458	25	60
458	26	80
458	27	60
458	28	100
458	29	50
458	30	100
458	31	70
458	32	80
458	33	50
458	34	80
458	35	80
458	36	110
458	37	30
458	38	80
458	39	100
458	40	70
459	1	70
459	2	60
459	3	60
459	4	100
459	5	80
459	6	140
459	7	110
459	8	120
459	9	90
459	10	120
459	11	110
459	12	100
459	13	80
459	14	80
459	15	110
459	16	100
459	17	90
459	18	80
459	19	100
459	20	140
459	21	80
459	22	90
459	23	60
459	24	90
459	25	30
459	26	10
459	27	60
459	28	100
459	29	70
459	30	100
459	31	20
459	32	60
459	33	50
459	34	60
459	35	60
459	36	90
459	37	60
459	38	30
459	39	80
459	40	120
460	1	20
460	2	50
460	3	90
460	4	90
460	5	70
460	6	120
460	7	40
460	8	110
460	9	90
460	10	90
460	11	80
460	12	70
460	13	30
460	14	70
460	15	110
460	16	100
460	17	110
460	18	80
460	19	90
460	20	110
460	21	80
460	22	110
460	23	60
460	24	90
460	25	80
460	26	50
460	27	60
460	28	100
460	29	70
460	30	90
460	31	70
460	32	60
460	33	50
460	34	50
460	35	50
460	36	90
460	37	0
460	38	80
460	39	90
460	40	40
461	1	70
461	2	60
461	3	20
461	4	80
461	5	120
461	6	120
461	7	110
461	8	120
461	9	90
461	10	120
461	11	90
461	12	100
461	13	80
461	14	100
461	15	90
461	16	120
461	17	70
461	18	100
461	19	80
461	20	120
461	21	100
461	22	110
461	23	80
461	24	90
461	25	30
461	26	10
461	27	80
461	28	120
461	29	70
461	30	80
461	31	40
461	32	80
461	33	70
461	34	80
461	35	80
461	36	110
461	37	80
461	38	10
461	39	80
461	40	100
462	1	70
462	2	50
462	3	0
462	4	70
462	5	70
462	6	80
462	7	70
462	8	70
462	9	70
462	10	70
462	11	50
462	12	70
462	13	60
462	14	70
462	15	50
462	16	80
462	17	50
462	18	100
462	19	50
462	20	70
462	21	80
462	22	70
462	23	60
462	24	90
462	25	10
462	26	0
462	27	60
462	28	60
462	29	50
462	30	50
462	31	20
462	32	80
462	33	50
462	34	70
462	35	70
462	36	90
462	37	70
462	38	10
462	39	50
462	40	50
463	1	90
463	2	70
463	3	40
463	4	90
463	5	110
463	6	130
463	7	130
463	8	90
463	9	70
463	10	130
463	11	110
463	12	110
463	13	50
463	14	90
463	15	70
463	16	110
463	17	90
463	18	90
463	19	50
463	20	130
463	21	70
463	22	90
463	23	50
463	24	90
463	25	0
463	26	20
463	27	50
463	28	90
463	29	50
463	30	90
463	31	20
463	32	70
463	33	50
463	34	70
463	35	70
463	36	110
463	37	70
463	38	20
463	39	90
463	40	110
464	1	20
464	2	50
464	3	70
464	4	70
464	5	110
464	6	120
464	7	60
464	8	90
464	9	70
464	10	110
464	11	40
464	12	90
464	13	10
464	14	90
464	15	70
464	16	120
464	17	70
464	18	100
464	19	50
464	20	110
464	21	80
464	22	90
464	23	60
464	24	90
464	25	60
464	26	50
464	27	60
464	28	100
464	29	50
464	30	70
464	31	70
464	32	80
464	33	50
464	34	70
464	35	70
464	36	110
464	37	20
464	38	60
464	39	70
464	40	40
465	1	20
465	2	80
465	3	70
465	4	60
465	5	100
465	6	100
465	7	60
465	8	80
465	9	50
465	10	120
465	11	40
465	12	100
465	13	30
465	14	80
465	15	90
465	16	100
465	17	70
465	18	60
465	19	80
465	20	100
465	21	60
465	22	90
465	23	60
465	24	50
465	25	80
465	26	80
465	27	60
465	28	100
465	29	70
465	30	100
465	31	50
465	32	60
465	33	50
465	34	60
465	35	60
465	36	70
465	37	10
465	38	60
465	39	100
465	40	70
466	1	70
466	2	50
466	3	40
466	4	90
466	5	70
466	6	110
466	7	90
466	8	70
466	9	70
466	10	90
466	11	70
466	12	90
466	13	70
466	14	50
466	15	70
466	16	70
466	17	70
466	18	70
466	19	70
466	20	110
466	21	70
466	22	90
466	23	50
466	24	70
466	25	20
466	26	0
466	27	50
466	28	70
466	29	70
466	30	50
466	31	20
466	32	50
466	33	50
466	34	50
466	35	50
466	36	70
466	37	50
466	38	20
466	39	50
466	40	70
467	1	50
467	2	50
467	3	60
467	4	70
467	5	70
467	6	90
467	7	70
467	8	70
467	9	70
467	10	70
467	11	90
467	12	70
467	13	70
467	14	50
467	15	90
467	16	90
467	17	90
467	18	50
467	19	90
467	20	90
467	21	50
467	22	70
467	23	50
467	24	70
467	25	20
467	26	0
467	27	50
467	28	90
467	29	70
467	30	70
467	31	0
467	32	50
467	33	50
467	34	50
467	35	50
467	36	50
467	37	50
467	38	20
467	39	70
467	40	90
468	1	50
468	2	50
468	3	40
468	4	80
468	5	60
468	6	100
468	7	70
468	8	90
468	9	70
468	10	80
468	11	110
468	12	50
468	13	80
468	14	80
468	15	110
468	16	80
468	17	90
468	18	60
468	19	100
468	20	100
468	21	60
468	22	70
468	23	60
468	24	70
468	25	30
468	26	10
468	27	60
468	28	80
468	29	70
468	30	90
468	31	0
468	32	60
468	33	50
468	34	50
468	35	60
468	36	70
468	37	60
468	38	30
468	39	70
468	40	90
469	1	50
469	2	60
469	3	20
469	4	80
469	5	80
469	6	100
469	7	70
469	8	80
469	9	50
469	10	80
469	11	110
469	12	60
469	13	60
469	14	80
469	15	70
469	16	80
469	17	90
469	18	60
469	19	60
469	20	100
469	21	60
469	22	70
469	23	60
469	24	50
469	25	10
469	26	10
469	27	60
469	28	80
469	29	50
469	30	80
469	31	0
469	32	60
469	33	50
469	34	60
469	35	60
469	36	70
469	37	60
469	38	30
469	39	80
469	40	80
470	1	70
470	2	50
470	3	60
470	4	90
470	5	70
470	6	140
470	7	110
470	8	110
470	9	90
470	10	110
470	11	110
470	12	90
470	13	80
470	14	70
470	15	110
470	16	100
470	17	90
470	18	80
470	19	90
470	20	130
470	21	80
470	22	90
470	23	60
470	24	90
470	25	30
470	26	0
470	27	60
470	28	100
470	29	70
470	30	90
470	31	20
470	32	60
470	33	50
470	34	50
470	35	50
470	36	90
470	37	50
470	38	30
470	39	70
470	40	110
471	1	90
471	2	70
471	3	0
471	4	70
471	5	50
471	6	100
471	7	110
471	8	90
471	9	70
471	10	110
471	11	70
471	12	90
471	13	80
471	14	70
471	15	90
471	16	60
471	17	50
471	18	80
471	19	70
471	20	90
471	21	80
471	22	90
471	23	60
471	24	70
471	25	30
471	26	20
471	27	60
471	28	60
471	29	70
471	30	90
471	31	20
471	32	60
471	33	50
471	34	50
471	35	50
471	36	90
471	37	50
471	38	10
471	39	70
471	40	90
472	1	70
472	2	50
472	3	0
472	4	70
472	5	70
472	6	70
472	7	70
472	8	70
472	9	70
472	10	70
472	11	70
472	12	70
472	13	70
472	14	50
472	15	70
472	16	70
472	17	70
472	18	70
472	19	70
472	20	70
472	21	70
472	22	110
472	23	50
472	24	70
472	25	20
472	26	0
472	27	50
472	28	70
472	29	70
472	30	50
472	31	20
472	32	50
472	33	50
472	34	50
472	35	50
472	36	70
472	37	50
472	38	0
472	39	70
472	40	50
473	1	70
473	2	50
473	3	60
473	4	100
473	5	100
473	6	140
473	7	110
473	8	110
473	9	90
473	10	120
473	11	110
473	12	90
473	13	80
473	14	100
473	15	110
473	16	120
473	17	90
473	18	100
473	19	100
473	20	140
473	21	80
473	22	90
473	23	60
473	24	110
473	25	30
473	26	10
473	27	60
473	28	100
473	29	70
473	30	90
473	31	20
473	32	80
473	33	50
473	34	70
473	35	80
473	36	110
473	37	80
473	38	30
473	39	70
473	40	110
474	1	50
474	2	50
474	3	20
474	4	50
474	5	110
474	6	70
474	7	70
474	8	50
474	9	50
474	10	70
474	11	70
474	12	70
474	13	50
474	14	70
474	15	50
474	16	110
474	17	70
474	18	70
474	19	50
474	20	70
474	21	50
474	22	70
474	23	50
474	24	70
474	25	0
474	26	0
474	27	50
474	28	90
474	29	50
474	30	50
474	31	0
474	32	70
474	33	50
474	34	70
474	35	70
474	36	70
474	37	70
474	38	0
474	39	70
474	40	70
475	1	50
475	2	60
475	3	40
475	4	80
475	5	80
475	6	100
475	7	70
475	8	100
475	9	70
475	10	80
475	11	130
475	12	60
475	13	80
475	14	80
475	15	110
475	16	100
475	17	110
475	18	60
475	19	100
475	20	100
475	21	60
475	22	90
475	23	60
475	24	70
475	25	30
475	26	10
475	27	60
475	28	100
475	29	70
475	30	100
475	31	0
475	32	60
475	33	50
475	34	60
475	35	60
475	36	70
475	37	60
475	38	30
475	39	100
475	40	100
476	1	40
476	2	70
476	3	110
476	4	90
476	5	90
476	6	140
476	7	80
476	8	110
476	9	90
476	10	130
476	11	60
476	12	110
476	13	10
476	14	90
476	15	90
476	16	120
476	17	90
476	18	100
476	19	70
476	20	130
476	21	80
476	22	70
476	23	60
476	24	110
476	25	60
476	26	70
476	27	60
476	28	100
476	29	50
476	30	110
476	31	70
476	32	80
476	33	50
476	34	70
476	35	70
476	36	110
476	37	20
476	38	80
476	39	90
476	40	80
477	1	0
477	2	50
477	3	50
477	4	60
477	5	80
477	6	60
477	7	0
477	8	50
477	9	50
477	10	60
477	11	0
477	12	50
477	13	10
477	14	80
477	15	50
477	16	80
477	17	50
477	18	80
477	19	60
477	20	60
477	21	60
477	22	50
477	23	60
477	24	70
477	25	60
477	26	60
477	27	60
477	28	60
477	29	50
477	30	50
477	31	50
477	32	80
477	33	50
477	34	70
477	35	80
477	36	70
477	37	30
477	38	60
477	39	50
477	40	0
478	1	70
478	2	50
478	3	20
478	4	80
478	5	100
478	6	100
478	7	90
478	8	70
478	9	70
478	10	100
478	11	50
478	12	90
478	13	60
478	14	80
478	15	50
478	16	100
478	17	50
478	18	100
478	19	60
478	20	100
478	21	80
478	22	70
478	23	60
478	24	90
478	25	10
478	26	10
478	27	60
478	28	80
478	29	50
478	30	50
478	31	20
478	32	80
478	33	50
478	34	70
478	35	80
478	36	90
478	37	80
478	38	10
478	39	50
478	40	70
479	1	20
479	2	50
479	3	110
479	4	90
479	5	70
479	6	120
479	7	40
479	8	90
479	9	90
479	10	90
479	11	40
479	12	90
479	13	30
479	14	50
479	15	90
479	16	100
479	17	90
479	18	80
479	19	90
479	20	110
479	21	80
479	22	90
479	23	60
479	24	90
479	25	80
479	26	50
479	27	60
479	28	100
479	29	70
479	30	70
479	31	70
479	32	60
479	33	50
479	34	50
479	35	50
479	36	70
479	37	0
479	38	80
479	39	70
479	40	40
480	1	40
480	2	70
480	3	90
480	4	100
480	5	100
480	6	140
480	7	80
480	8	90
480	9	70
480	10	140
480	11	40
480	12	110
480	13	10
480	14	100
480	15	70
480	16	100
480	17	70
480	18	100
480	19	60
480	20	140
480	21	80
480	22	70
480	23	60
480	24	90
480	25	60
480	26	80
480	27	60
480	28	80
480	29	50
480	30	90
480	31	70
480	32	80
480	33	50
480	34	70
480	35	80
480	36	110
480	37	30
480	38	80
480	39	70
480	40	60
481	1	40
481	2	80
481	3	50
481	4	80
481	5	80
481	6	100
481	7	60
481	8	100
481	9	70
481	10	120
481	11	40
481	12	100
481	13	30
481	14	80
481	15	90
481	16	80
481	17	70
481	18	80
481	19	80
481	20	100
481	21	80
481	22	110
481	23	60
481	24	70
481	25	80
481	26	80
481	27	60
481	28	80
481	29	70
481	30	100
481	31	70
481	32	60
481	33	50
481	34	60
481	35	60
481	36	90
481	37	10
481	38	60
481	39	100
481	40	50
482	1	90
482	2	80
482	3	0
482	4	80
482	5	60
482	6	100
482	7	110
482	8	100
482	9	70
482	10	120
482	11	70
482	12	100
482	13	80
482	14	80
482	15	90
482	16	60
482	17	50
482	18	80
482	19	80
482	20	100
482	21	80
482	22	90
482	23	60
482	24	70
482	25	30
482	26	30
482	27	60
482	28	60
482	29	70
482	30	100
482	31	20
482	32	60
482	33	50
482	34	60
482	35	60
482	36	90
482	37	60
482	38	10
482	39	80
482	40	100
483	1	0
483	2	50
483	3	50
483	4	50
483	5	90
483	6	80
483	7	20
483	8	90
483	9	70
483	10	70
483	11	40
483	12	50
483	13	30
483	14	90
483	15	90
483	16	100
483	17	70
483	18	80
483	19	70
483	20	70
483	21	80
483	22	90
483	23	80
483	24	70
483	25	80
483	26	50
483	27	80
483	28	100
483	29	70
483	30	70
483	31	70
483	32	80
483	33	70
483	34	70
483	35	70
483	36	90
483	37	20
483	38	60
483	39	70
483	40	20
484	1	50
484	2	50
484	3	40
484	4	50
484	5	90
484	6	100
484	7	90
484	8	110
484	9	90
484	10	90
484	11	90
484	12	70
484	13	80
484	14	90
484	15	110
484	16	120
484	17	70
484	18	80
484	19	90
484	20	90
484	21	80
484	22	70
484	23	80
484	24	90
484	25	30
484	26	0
484	27	80
484	28	120
484	29	70
484	30	90
484	31	20
484	32	80
484	33	70
484	34	70
484	35	70
484	36	90
484	37	70
484	38	10
484	39	70
484	40	110
485	1	70
485	2	70
485	3	40
485	4	80
485	5	80
485	6	80
485	7	70
485	8	70
485	9	70
485	10	80
485	11	90
485	12	70
485	13	60
485	14	80
485	15	70
485	16	100
485	17	90
485	18	80
485	19	80
485	20	80
485	21	60
485	22	50
485	23	60
485	24	90
485	25	10
485	26	30
485	27	60
485	28	80
485	29	50
485	30	90
485	31	0
485	32	80
485	33	50
485	34	70
485	35	80
485	36	70
485	37	80
485	38	30
485	39	90
485	40	90
486	1	20
486	2	70
486	3	110
486	4	80
486	5	100
486	6	120
486	7	60
486	8	90
486	9	70
486	10	120
486	11	60
486	12	90
486	13	10
486	14	100
486	15	90
486	16	120
486	17	90
486	18	80
486	19	80
486	20	120
486	21	60
486	22	50
486	23	60
486	24	90
486	25	60
486	26	80
486	27	60
486	28	100
486	29	50
486	30	110
486	31	50
486	32	80
486	33	50
486	34	70
486	35	80
486	36	90
486	37	30
486	38	80
486	39	90
486	40	80
487	1	70
487	2	50
487	3	60
487	4	90
487	5	90
487	6	120
487	7	90
487	8	90
487	9	90
487	10	90
487	11	110
487	12	90
487	13	80
487	14	50
487	15	90
487	16	120
487	17	110
487	18	80
487	19	90
487	20	110
487	21	80
487	22	110
487	23	60
487	24	90
487	25	30
487	26	0
487	27	60
487	28	120
487	29	70
487	30	70
487	31	20
487	32	60
487	33	50
487	34	50
487	35	50
487	36	70
487	37	50
487	38	30
487	39	90
487	40	90
488	1	70
488	2	50
488	3	20
488	4	70
488	5	110
488	6	110
488	7	110
488	8	90
488	9	70
488	10	110
488	11	90
488	12	90
488	13	50
488	14	90
488	15	70
488	16	110
488	17	70
488	18	90
488	19	50
488	20	110
488	21	70
488	22	90
488	23	50
488	24	90
488	25	0
488	26	0
488	27	50
488	28	90
488	29	50
488	30	70
488	31	20
488	32	70
488	33	50
488	34	70
488	35	70
488	36	110
488	37	70
488	38	0
488	39	70
488	40	90
489	1	70
489	2	50
489	3	20
489	4	100
489	5	60
489	6	120
489	7	90
489	8	90
489	9	70
489	10	100
489	11	90
489	12	70
489	13	60
489	14	80
489	15	70
489	16	60
489	17	70
489	18	80
489	19	60
489	20	120
489	21	80
489	22	70
489	23	60
489	24	70
489	25	10
489	26	10
489	27	60
489	28	60
489	29	50
489	30	70
489	31	20
489	32	60
489	33	50
489	34	50
489	35	60
489	36	90
489	37	60
489	38	30
489	39	50
489	40	70
490	1	0
490	2	60
490	3	70
490	4	60
490	5	80
490	6	80
490	7	20
490	8	100
490	9	70
490	10	80
490	11	40
490	12	60
490	13	10
490	14	100
490	15	90
490	16	100
490	17	70
490	18	80
490	19	80
490	20	80
490	21	60
490	22	50
490	23	60
490	24	90
490	25	60
490	26	60
490	27	60
490	28	80
490	29	50
490	30	100
490	31	50
490	32	80
490	33	50
490	34	80
490	35	80
490	36	90
490	37	30
490	38	60
490	39	80
490	40	50
491	1	90
491	2	70
491	3	40
491	4	90
491	5	110
491	6	110
491	7	110
491	8	70
491	9	70
491	10	110
491	11	90
491	12	110
491	13	50
491	14	70
491	15	50
491	16	110
491	17	90
491	18	90
491	19	50
491	20	110
491	21	70
491	22	90
491	23	50
491	24	90
491	25	0
491	26	20
491	27	50
491	28	90
491	29	50
491	30	70
491	31	20
491	32	70
491	33	50
491	34	70
491	35	70
491	36	90
491	37	70
491	38	20
491	39	90
491	40	90
492	1	20
492	2	50
492	3	90
492	4	100
492	5	100
492	6	140
492	7	60
492	8	90
492	9	70
492	10	120
492	11	40
492	12	90
492	13	30
492	14	100
492	15	90
492	16	100
492	17	70
492	18	100
492	19	80
492	20	140
492	21	80
492	22	90
492	23	60
492	24	90
492	25	80
492	26	60
492	27	60
492	28	80
492	29	70
492	30	70
492	31	70
492	32	80
492	33	50
492	34	70
492	35	80
492	36	110
492	37	30
492	38	80
492	39	50
492	40	40
493	1	20
493	2	60
493	3	70
493	4	100
493	5	100
493	6	100
493	7	20
493	8	80
493	9	70
493	10	80
493	11	40
493	12	80
493	13	30
493	14	80
493	15	70
493	16	100
493	17	90
493	18	100
493	19	80
493	20	100
493	21	80
493	22	110
493	23	60
493	24	90
493	25	80
493	26	60
493	27	60
493	28	80
493	29	70
493	30	60
493	31	70
493	32	80
493	33	50
493	34	80
493	35	80
493	36	90
493	37	30
493	38	80
493	39	80
493	40	10
494	1	20
494	2	50
494	3	70
494	4	90
494	5	50
494	6	110
494	7	40
494	8	90
494	9	70
494	10	90
494	11	40
494	12	70
494	13	0
494	14	70
494	15	70
494	16	50
494	17	70
494	18	70
494	19	50
494	20	110
494	21	70
494	22	70
494	23	50
494	24	70
494	25	50
494	26	50
494	27	50
494	28	50
494	29	50
494	30	70
494	31	70
494	32	50
494	33	50
494	34	50
494	35	50
494	36	90
494	37	0
494	38	70
494	39	50
494	40	20
495	1	20
495	2	50
495	3	110
495	4	90
495	5	70
495	6	140
495	7	60
495	8	110
495	9	90
495	10	110
495	11	60
495	12	90
495	13	10
495	14	70
495	15	90
495	16	100
495	17	90
495	18	80
495	19	70
495	20	130
495	21	80
495	22	70
495	23	60
495	24	90
495	25	60
495	26	50
495	27	60
495	28	100
495	29	50
495	30	90
495	31	70
495	32	60
495	33	50
495	34	50
495	35	50
495	36	90
495	37	0
495	38	80
495	39	70
495	40	60
496	1	50
496	2	50
496	3	20
496	4	50
496	5	70
496	6	70
496	7	70
496	8	50
496	9	50
496	10	70
496	11	50
496	12	70
496	13	70
496	14	50
496	15	70
496	16	70
496	17	50
496	18	50
496	19	70
496	20	70
496	21	50
496	22	70
496	23	50
496	24	50
496	25	20
496	26	0
496	27	50
496	28	70
496	29	70
496	30	50
496	31	0
496	32	50
496	33	50
496	34	50
496	35	50
496	36	50
496	37	50
496	38	0
496	39	50
496	40	70
497	1	0
497	2	50
497	3	90
497	4	80
497	5	100
497	6	120
497	7	40
497	8	70
497	9	50
497	10	100
497	11	60
497	12	70
497	13	10
497	14	80
497	15	70
497	16	100
497	17	90
497	18	60
497	19	60
497	20	120
497	21	60
497	22	70
497	23	60
497	24	50
497	25	60
497	26	60
497	27	60
497	28	100
497	29	50
497	30	70
497	31	50
497	32	60
497	33	50
497	34	50
497	35	60
497	36	70
497	37	10
497	38	80
497	39	70
497	40	40
498	1	20
498	2	50
498	3	110
498	4	90
498	5	70
498	6	120
498	7	40
498	8	90
498	9	90
498	10	90
498	11	40
498	12	90
498	13	10
498	14	50
498	15	70
498	16	100
498	17	90
498	18	80
498	19	70
498	20	110
498	21	80
498	22	70
498	23	60
498	24	90
498	25	60
498	26	50
498	27	60
498	28	100
498	29	50
498	30	70
498	31	70
498	32	60
498	33	50
498	34	50
498	35	50
498	36	70
498	37	0
498	38	80
498	39	70
498	40	40
499	1	20
499	2	50
499	3	90
499	4	100
499	5	80
499	6	140
499	7	60
499	8	90
499	9	70
499	10	120
499	11	40
499	12	90
499	13	10
499	14	80
499	15	70
499	16	80
499	17	70
499	18	80
499	19	60
499	20	140
499	21	80
499	22	70
499	23	60
499	24	70
499	25	60
499	26	60
499	27	60
499	28	80
499	29	50
499	30	70
499	31	70
499	32	60
499	33	50
499	34	50
499	35	60
499	36	90
499	37	10
499	38	80
499	39	50
499	40	40
500	1	50
500	2	50
500	3	40
500	4	50
500	5	110
500	6	80
500	7	70
500	8	70
500	9	70
500	10	70
500	11	90
500	12	70
500	13	60
500	14	70
500	15	70
500	16	140
500	17	90
500	18	80
500	19	70
500	20	70
500	21	60
500	22	70
500	23	60
500	24	90
500	25	10
500	26	0
500	27	60
500	28	120
500	29	50
500	30	70
500	31	0
500	32	80
500	33	50
500	34	70
500	35	70
500	36	70
500	37	70
500	38	10
500	39	90
500	40	90
501	1	40
501	2	70
501	3	90
501	4	70
501	5	70
501	6	120
501	7	80
501	8	110
501	9	90
501	10	130
501	11	40
501	12	110
501	13	30
501	14	70
501	15	110
501	16	100
501	17	70
501	18	80
501	19	90
501	20	110
501	21	80
501	22	90
501	23	60
501	24	90
501	25	80
501	26	70
501	27	60
501	28	100
501	29	70
501	30	110
501	31	70
501	32	60
501	33	50
501	34	50
501	35	50
501	36	90
501	37	0
501	38	60
501	39	90
501	40	80
502	1	20
502	2	60
502	3	90
502	4	100
502	5	100
502	6	120
502	7	40
502	8	120
502	9	90
502	10	100
502	11	80
502	12	80
502	13	30
502	14	100
502	15	110
502	16	120
502	17	110
502	18	100
502	19	100
502	20	120
502	21	80
502	22	110
502	23	60
502	24	110
502	25	80
502	26	60
502	27	60
502	28	100
502	29	70
502	30	100
502	31	70
502	32	80
502	33	50
502	34	80
502	35	80
502	36	110
502	37	30
502	38	80
502	39	100
502	40	50
503	1	20
503	2	50
503	3	90
503	4	90
503	5	50
503	6	100
503	7	20
503	8	90
503	9	90
503	10	70
503	11	40
503	12	70
503	13	30
503	14	50
503	15	90
503	16	80
503	17	90
503	18	80
503	19	90
503	20	90
503	21	80
503	22	90
503	23	60
503	24	90
503	25	80
503	26	50
503	27	60
503	28	80
503	29	70
503	30	70
503	31	70
503	32	60
503	33	50
503	34	50
503	35	50
503	36	70
503	37	0
503	38	80
503	39	70
503	40	20
504	1	90
504	2	70
504	3	40
504	4	70
504	5	70
504	6	120
504	7	130
504	8	110
504	9	90
504	10	130
504	11	90
504	12	110
504	13	80
504	14	70
504	15	110
504	16	100
504	17	70
504	18	80
504	19	90
504	20	110
504	21	80
504	22	90
504	23	60
504	24	90
504	25	30
504	26	20
504	27	60
504	28	100
504	29	70
504	30	110
504	31	20
504	32	60
504	33	50
504	34	50
504	35	50
504	36	90
504	37	50
504	38	10
504	39	90
504	40	130
505	1	0
505	2	60
505	3	50
505	4	60
505	5	80
505	6	60
505	7	0
505	8	80
505	9	70
505	10	60
505	11	0
505	12	60
505	13	30
505	14	80
505	15	70
505	16	80
505	17	50
505	18	80
505	19	80
505	20	60
505	21	80
505	22	70
505	23	80
505	24	70
505	25	80
505	26	60
505	27	80
505	28	80
505	29	70
505	30	60
505	31	70
505	32	80
505	33	70
505	34	80
505	35	80
505	36	70
505	37	30
505	38	60
505	39	60
505	40	10
506	1	0
506	2	50
506	3	110
506	4	80
506	5	80
506	6	120
506	7	40
506	8	90
506	9	70
506	10	100
506	11	60
506	12	70
506	13	30
506	14	80
506	15	110
506	16	100
506	17	90
506	18	60
506	19	100
506	20	120
506	21	60
506	22	70
506	23	60
506	24	70
506	25	80
506	26	60
506	27	60
506	28	100
506	29	70
506	30	90
506	31	50
506	32	60
506	33	50
506	34	50
506	35	60
506	36	70
506	37	10
506	38	80
506	39	70
506	40	60
507	1	20
507	2	50
507	3	70
507	4	80
507	5	100
507	6	120
507	7	60
507	8	90
507	9	70
507	10	120
507	11	40
507	12	90
507	13	30
507	14	80
507	15	90
507	16	100
507	17	70
507	18	80
507	19	80
507	20	120
507	21	80
507	22	110
507	23	60
507	24	70
507	25	80
507	26	60
507	27	60
507	28	100
507	29	70
507	30	70
507	31	70
507	32	60
507	33	50
507	34	50
507	35	60
507	36	90
507	37	10
507	38	60
507	39	70
507	40	40
508	1	70
508	2	50
508	3	20
508	4	80
508	5	100
508	6	120
508	7	110
508	8	90
508	9	70
508	10	120
508	11	90
508	12	90
508	13	80
508	14	80
508	15	90
508	16	100
508	17	70
508	18	80
508	19	80
508	20	120
508	21	80
508	22	110
508	23	60
508	24	70
508	25	30
508	26	10
508	27	60
508	28	100
508	29	70
508	30	70
508	31	20
508	32	60
508	33	50
508	34	50
508	35	60
508	36	90
508	37	60
508	38	10
508	39	70
508	40	90
509	1	0
509	2	50
509	3	70
509	4	70
509	5	50
509	6	80
509	7	0
509	8	50
509	9	50
509	10	50
509	11	20
509	12	50
509	13	30
509	14	50
509	15	70
509	16	60
509	17	70
509	18	60
509	19	70
509	20	70
509	21	60
509	22	70
509	23	60
509	24	50
509	25	80
509	26	50
509	27	60
509	28	60
509	29	70
509	30	50
509	31	50
509	32	60
509	33	50
509	34	50
509	35	50
509	36	50
509	37	0
509	38	80
509	39	50
509	40	0
510	1	70
510	2	60
510	3	20
510	4	100
510	5	100
510	6	120
510	7	90
510	8	100
510	9	70
510	10	100
510	11	110
510	12	80
510	13	80
510	14	100
510	15	90
510	16	100
510	17	90
510	18	100
510	19	80
510	20	120
510	21	80
510	22	110
510	23	60
510	24	90
510	25	30
510	26	10
510	27	60
510	28	80
510	29	70
510	30	80
510	31	20
510	32	80
510	33	50
510	34	80
510	35	80
510	36	110
510	37	80
510	38	30
510	39	80
510	40	80
511	1	40
511	2	70
511	3	90
511	4	90
511	5	90
511	6	110
511	7	60
511	8	110
511	9	90
511	10	110
511	11	80
511	12	90
511	13	0
511	14	90
511	15	90
511	16	110
511	17	110
511	18	90
511	19	70
511	20	110
511	21	70
511	22	90
511	23	50
511	24	110
511	25	50
511	26	70
511	27	50
511	28	90
511	29	50
511	30	110
511	31	70
511	32	70
511	33	50
511	34	70
511	35	70
511	36	110
511	37	20
511	38	70
511	39	110
511	40	60
512	1	20
512	2	50
512	3	90
512	4	100
512	5	120
512	6	140
512	7	60
512	8	90
512	9	70
512	10	120
512	11	60
512	12	90
512	13	30
512	14	100
512	15	90
512	16	120
512	17	90
512	18	100
512	19	80
512	20	140
512	21	80
512	22	110
512	23	60
512	24	90
512	25	80
512	26	60
512	27	60
512	28	100
512	29	70
512	30	70
512	31	70
512	32	80
512	33	50
512	34	70
512	35	80
512	36	110
512	37	30
512	38	80
512	39	70
512	40	40
513	1	50
513	2	50
513	3	40
513	4	50
513	5	90
513	6	100
513	7	90
513	8	110
513	9	90
513	10	90
513	11	90
513	12	70
513	13	80
513	14	90
513	15	110
513	16	120
513	17	70
513	18	80
513	19	90
513	20	90
513	21	80
513	22	70
513	23	80
513	24	90
513	25	30
513	26	0
513	27	80
513	28	120
513	29	70
513	30	90
513	31	20
513	32	80
513	33	70
513	34	70
513	35	70
513	36	90
513	37	70
513	38	10
513	39	70
513	40	110
514	1	70
514	2	50
514	3	20
514	4	90
514	5	70
514	6	120
514	7	90
514	8	90
514	9	70
514	10	90
514	11	110
514	12	70
514	13	80
514	14	70
514	15	90
514	16	80
514	17	90
514	18	80
514	19	70
514	20	110
514	21	80
514	22	110
514	23	60
514	24	70
514	25	30
514	26	0
514	27	60
514	28	80
514	29	70
514	30	70
514	31	20
514	32	60
514	33	50
514	34	50
514	35	50
514	36	90
514	37	50
514	38	30
514	39	70
514	40	70
515	1	70
515	2	50
515	3	20
515	4	80
515	5	100
515	6	100
515	7	90
515	8	110
515	9	90
515	10	100
515	11	110
515	12	70
515	13	60
515	14	100
515	15	90
515	16	120
515	17	90
515	18	100
515	19	80
515	20	100
515	21	80
515	22	90
515	23	60
515	24	110
515	25	10
515	26	10
515	27	60
515	28	100
515	29	50
515	30	90
515	31	20
515	32	80
515	33	50
515	34	70
515	35	80
515	36	110
515	37	80
515	38	10
515	39	90
515	40	90
516	1	40
516	2	70
516	3	110
516	4	90
516	5	90
516	6	140
516	7	80
516	8	110
516	9	90
516	10	130
516	11	60
516	12	110
516	13	10
516	14	90
516	15	90
516	16	120
516	17	90
516	18	100
516	19	70
516	20	130
516	21	80
516	22	70
516	23	60
516	24	110
516	25	60
516	26	70
516	27	60
516	28	100
516	29	50
516	30	110
516	31	70
516	32	80
516	33	50
516	34	70
516	35	70
516	36	110
516	37	20
516	38	80
516	39	90
516	40	80
517	1	0
517	2	50
517	3	110
517	4	70
517	5	70
517	6	120
517	7	40
517	8	90
517	9	70
517	10	90
517	11	60
517	12	70
517	13	30
517	14	70
517	15	110
517	16	100
517	17	90
517	18	60
517	19	90
517	20	110
517	21	60
517	22	70
517	23	60
517	24	70
517	25	80
517	26	50
517	27	60
517	28	100
517	29	70
517	30	90
517	31	50
517	32	60
517	33	50
517	34	50
517	35	50
517	36	70
517	37	0
517	38	80
517	39	70
517	40	60
518	1	20
518	2	50
518	3	110
518	4	90
518	5	70
518	6	130
518	7	60
518	8	110
518	9	90
518	10	110
518	11	60
518	12	90
518	13	20
518	14	70
518	15	110
518	16	90
518	17	90
518	18	70
518	19	90
518	20	130
518	21	70
518	22	90
518	23	50
518	24	90
518	25	70
518	26	50
518	27	50
518	28	90
518	29	70
518	30	90
518	31	70
518	32	50
518	33	50
518	34	50
518	35	50
518	36	90
518	37	0
518	38	70
518	39	70
518	40	60
519	1	20
519	2	70
519	3	50
519	4	60
519	5	80
519	6	80
519	7	40
519	8	70
519	9	50
519	10	100
519	11	40
519	12	70
519	13	30
519	14	80
519	15	90
519	16	80
519	17	70
519	18	60
519	19	80
519	20	80
519	21	60
519	22	90
519	23	60
519	24	50
519	25	80
519	26	80
519	27	60
519	28	80
519	29	70
519	30	90
519	31	50
519	32	60
519	33	50
519	34	50
519	35	60
519	36	70
519	37	10
519	38	60
519	39	90
519	40	40
520	1	20
520	2	50
520	3	90
520	4	90
520	5	70
520	6	120
520	7	40
520	8	70
520	9	70
520	10	90
520	11	20
520	12	90
520	13	30
520	14	50
520	15	70
520	16	80
520	17	70
520	18	80
520	19	70
520	20	110
520	21	80
520	22	90
520	23	60
520	24	70
520	25	80
520	26	50
520	27	60
520	28	80
520	29	70
520	30	50
520	31	70
520	32	60
520	33	50
520	34	50
520	35	50
520	36	70
520	37	0
520	38	80
520	39	50
520	40	20
521	1	50
521	2	50
521	3	40
521	4	60
521	5	120
521	6	80
521	7	70
521	8	70
521	9	70
521	10	80
521	11	90
521	12	70
521	13	60
521	14	80
521	15	70
521	16	140
521	17	90
521	18	80
521	19	80
521	20	80
521	21	60
521	22	70
521	23	60
521	24	90
521	25	10
521	26	10
521	27	60
521	28	120
521	29	50
521	30	70
521	31	0
521	32	80
521	33	50
521	34	70
521	35	80
521	36	70
521	37	80
521	38	10
521	39	90
521	40	90
522	1	20
522	2	50
522	3	90
522	4	100
522	5	120
522	6	140
522	7	60
522	8	90
522	9	70
522	10	120
522	11	60
522	12	90
522	13	30
522	14	100
522	15	90
522	16	120
522	17	90
522	18	100
522	19	80
522	20	140
522	21	80
522	22	110
522	23	60
522	24	90
522	25	80
522	26	60
522	27	60
522	28	100
522	29	70
522	30	70
522	31	70
522	32	80
522	33	50
522	34	70
522	35	80
522	36	110
522	37	30
522	38	80
522	39	70
522	40	40
523	1	50
523	2	50
523	3	60
523	4	70
523	5	90
523	6	90
523	7	70
523	8	70
523	9	70
523	10	70
523	11	110
523	12	70
523	13	50
523	14	50
523	15	70
523	16	110
523	17	110
523	18	50
523	19	70
523	20	90
523	21	50
523	22	70
523	23	50
523	24	70
523	25	0
523	26	0
523	27	50
523	28	110
523	29	50
523	30	70
523	31	0
523	32	50
523	33	50
523	34	50
523	35	50
523	36	50
523	37	50
523	38	20
523	39	90
523	40	90
524	1	0
524	2	50
524	3	70
524	4	60
524	5	120
524	6	100
524	7	40
524	8	90
524	9	70
524	10	100
524	11	40
524	12	70
524	13	30
524	14	100
524	15	90
524	16	120
524	17	70
524	18	80
524	19	80
524	20	100
524	21	80
524	22	90
524	23	80
524	24	70
524	25	80
524	26	60
524	27	80
524	28	120
524	29	70
524	30	70
524	31	70
524	32	80
524	33	70
524	34	70
524	35	80
524	36	90
524	37	30
524	38	60
524	39	70
524	40	40
525	1	50
525	2	50
525	3	40
525	4	80
525	5	60
525	6	100
525	7	70
525	8	90
525	9	70
525	10	80
525	11	110
525	12	50
525	13	60
525	14	80
525	15	90
525	16	80
525	17	90
525	18	60
525	19	80
525	20	100
525	21	60
525	22	50
525	23	60
525	24	70
525	25	10
525	26	10
525	27	60
525	28	80
525	29	50
525	30	90
525	31	0
525	32	60
525	33	50
525	34	50
525	35	60
525	36	70
525	37	60
525	38	30
525	39	70
525	40	90
526	1	20
526	2	50
526	3	90
526	4	90
526	5	90
526	6	130
526	7	60
526	8	90
526	9	70
526	10	110
526	11	60
526	12	90
526	13	20
526	14	70
526	15	90
526	16	90
526	17	90
526	18	70
526	19	70
526	20	130
526	21	70
526	22	110
526	23	50
526	24	70
526	25	70
526	26	50
526	27	50
526	28	90
526	29	70
526	30	70
526	31	70
526	32	50
526	33	50
526	34	50
526	35	50
526	36	90
526	37	0
526	38	70
526	39	70
526	40	40
527	1	50
527	2	50
527	3	20
527	4	60
527	5	80
527	6	100
527	7	90
527	8	70
527	9	50
527	10	100
527	11	70
527	12	70
527	13	80
527	14	80
527	15	90
527	16	80
527	17	50
527	18	60
527	19	80
527	20	100
527	21	60
527	22	70
527	23	60
527	24	50
527	25	30
527	26	10
527	27	60
527	28	80
527	29	70
527	30	70
527	31	0
527	32	60
527	33	50
527	34	50
527	35	60
527	36	70
527	37	60
527	38	10
527	39	50
527	40	90
528	1	90
528	2	80
528	3	40
528	4	80
528	5	80
528	6	120
528	7	130
528	8	120
528	9	90
528	10	140
528	11	90
528	12	120
528	13	80
528	14	80
528	15	110
528	16	100
528	17	70
528	18	80
528	19	100
528	20	120
528	21	80
528	22	90
528	23	60
528	24	90
528	25	30
528	26	30
528	27	60
528	28	100
528	29	70
528	30	120
528	31	20
528	32	60
528	33	50
528	34	60
528	35	60
528	36	90
528	37	60
528	38	10
528	39	100
528	40	140
529	1	0
529	2	60
529	3	90
529	4	80
529	5	80
529	6	80
529	7	0
529	8	80
529	9	70
529	10	60
529	11	40
529	12	60
529	13	30
529	14	80
529	15	90
529	16	100
529	17	90
529	18	80
529	19	100
529	20	80
529	21	60
529	22	70
529	23	60
529	24	90
529	25	80
529	26	60
529	27	60
529	28	80
529	29	70
529	30	80
529	31	50
529	32	80
529	33	50
529	34	80
529	35	80
529	36	70
529	37	30
529	38	80
529	39	80
529	40	30
530	1	0
530	2	60
530	3	90
530	4	80
530	5	80
530	6	80
530	7	0
530	8	80
530	9	70
530	10	60
530	11	60
530	12	60
530	13	30
530	14	60
530	15	90
530	16	100
530	17	110
530	18	60
530	19	100
530	20	80
530	21	60
530	22	90
530	23	60
530	24	70
530	25	80
530	26	60
530	27	60
530	28	100
530	29	70
530	30	80
530	31	50
530	32	60
530	33	50
530	34	60
530	35	60
530	36	50
530	37	10
530	38	80
530	39	100
530	40	30
531	1	20
531	2	50
531	3	70
531	4	80
531	5	80
531	6	120
531	7	60
531	8	90
531	9	70
531	10	120
531	11	20
531	12	90
531	13	30
531	14	80
531	15	90
531	16	80
531	17	50
531	18	80
531	19	80
531	20	120
531	21	80
531	22	90
531	23	60
531	24	70
531	25	80
531	26	60
531	27	60
531	28	80
531	29	70
531	30	70
531	31	70
531	32	60
531	33	50
531	34	50
531	35	60
531	36	90
531	37	10
531	38	60
531	39	50
531	40	40
532	1	20
532	2	50
532	3	70
532	4	70
532	5	90
532	6	110
532	7	60
532	8	90
532	9	70
532	10	110
532	11	40
532	12	90
532	13	20
532	14	70
532	15	90
532	16	90
532	17	70
532	18	70
532	19	70
532	20	110
532	21	70
532	22	110
532	23	50
532	24	70
532	25	70
532	26	50
532	27	50
532	28	90
532	29	70
532	30	70
532	31	70
532	32	50
532	33	50
532	34	50
532	35	50
532	36	90
532	37	0
532	38	50
532	39	70
532	40	40
533	1	0
533	2	50
533	3	90
533	4	80
533	5	60
533	6	100
533	7	20
533	8	90
533	9	70
533	10	80
533	11	60
533	12	50
533	13	10
533	14	80
533	15	90
533	16	80
533	17	90
533	18	60
533	19	80
533	20	100
533	21	60
533	22	50
533	23	60
533	24	70
533	25	60
533	26	60
533	27	60
533	28	80
533	29	50
533	30	90
533	31	50
533	32	60
533	33	50
533	34	50
533	35	60
533	36	70
533	37	10
533	38	80
533	39	70
533	40	40
534	1	50
534	2	50
534	3	60
534	4	70
534	5	90
534	6	120
534	7	90
534	8	90
534	9	70
534	10	90
534	11	130
534	12	70
534	13	80
534	14	70
534	15	110
534	16	120
534	17	110
534	18	60
534	19	90
534	20	110
534	21	60
534	22	90
534	23	60
534	24	70
534	25	30
534	26	0
534	27	60
534	28	120
534	29	70
534	30	90
534	31	0
534	32	60
534	33	50
534	34	50
534	35	50
534	36	70
534	37	50
534	38	30
534	39	90
534	40	110
535	1	0
535	2	50
535	3	50
535	4	50
535	5	70
535	6	50
535	7	0
535	8	50
535	9	50
535	10	50
535	11	20
535	12	50
535	13	20
535	14	50
535	15	70
535	16	70
535	17	70
535	18	50
535	19	70
535	20	50
535	21	50
535	22	90
535	23	50
535	24	50
535	25	70
535	26	50
535	27	50
535	28	70
535	29	70
535	30	50
535	31	50
535	32	50
535	33	50
535	34	50
535	35	50
535	36	50
535	37	0
535	38	50
535	39	70
535	40	0
536	1	0
536	2	50
536	3	90
536	4	70
536	5	90
536	6	120
536	7	40
536	8	70
536	9	50
536	10	90
536	11	60
536	12	70
536	13	10
536	14	70
536	15	70
536	16	100
536	17	90
536	18	60
536	19	50
536	20	110
536	21	60
536	22	70
536	23	60
536	24	50
536	25	60
536	26	50
536	27	60
536	28	100
536	29	50
536	30	70
536	31	50
536	32	60
536	33	50
536	34	50
536	35	50
536	36	70
536	37	0
536	38	80
536	39	70
536	40	40
537	1	50
537	2	60
537	3	20
537	4	60
537	5	100
537	6	80
537	7	70
537	8	80
537	9	70
537	10	80
537	11	50
537	12	80
537	13	80
537	14	80
537	15	70
537	16	100
537	17	50
537	18	80
537	19	80
537	20	80
537	21	80
537	22	70
537	23	80
537	24	70
537	25	30
537	26	10
537	27	80
537	28	100
537	29	70
537	30	60
537	31	20
537	32	80
537	33	70
537	34	80
537	35	80
537	36	70
537	37	80
537	38	10
537	39	60
537	40	80
538	1	0
538	2	60
538	3	70
538	4	80
538	5	60
538	6	80
538	7	0
538	8	60
538	9	50
538	10	60
538	11	20
538	12	60
538	13	30
538	14	60
538	15	70
538	16	60
538	17	70
538	18	60
538	19	80
538	20	80
538	21	60
538	22	70
538	23	60
538	24	50
538	25	80
538	26	60
538	27	60
538	28	60
538	29	70
538	30	60
538	31	50
538	32	60
538	33	50
538	34	60
538	35	60
538	36	50
538	37	10
538	38	80
538	39	60
538	40	10
539	1	20
539	2	50
539	3	70
539	4	80
539	5	120
539	6	100
539	7	40
539	8	70
539	9	70
539	10	100
539	11	20
539	12	90
539	13	10
539	14	80
539	15	50
539	16	120
539	17	70
539	18	100
539	19	60
539	20	100
539	21	80
539	22	90
539	23	60
539	24	90
539	25	60
539	26	60
539	27	60
539	28	100
539	29	50
539	30	50
539	31	70
539	32	80
539	33	50
539	34	70
539	35	80
539	36	90
539	37	30
539	38	60
539	39	70
539	40	20
540	1	40
540	2	80
540	3	110
540	4	100
540	5	100
540	6	120
540	7	60
540	8	100
540	9	90
540	10	120
540	11	40
540	12	120
540	13	10
540	14	80
540	15	70
540	16	120
540	17	90
540	18	100
540	19	80
540	20	120
540	21	80
540	22	70
540	23	60
540	24	110
540	25	60
540	26	80
540	27	60
540	28	100
540	29	50
540	30	100
540	31	70
540	32	80
540	33	50
540	34	80
540	35	80
540	36	90
540	37	30
540	38	80
540	39	100
540	40	70
541	1	20
541	2	50
541	3	90
541	4	100
541	5	100
541	6	140
541	7	60
541	8	90
541	9	70
541	10	120
541	11	60
541	12	90
541	13	30
541	14	80
541	15	90
541	16	100
541	17	90
541	18	80
541	19	80
541	20	140
541	21	80
541	22	110
541	23	60
541	24	70
541	25	80
541	26	60
541	27	60
541	28	100
541	29	70
541	30	70
541	31	70
541	32	60
541	33	50
541	34	50
541	35	60
541	36	90
541	37	10
541	38	80
541	39	70
541	40	40
542	1	50
542	2	60
542	3	40
542	4	80
542	5	80
542	6	80
542	7	50
542	8	80
542	9	70
542	10	60
542	11	110
542	12	60
542	13	80
542	14	60
542	15	90
542	16	100
542	17	110
542	18	60
542	19	100
542	20	80
542	21	60
542	22	90
542	23	60
542	24	70
542	25	30
542	26	10
542	27	60
542	28	100
542	29	70
542	30	80
542	31	0
542	32	60
542	33	50
542	34	60
542	35	60
542	36	50
542	37	60
542	38	30
542	39	100
542	40	80
543	1	50
543	2	50
543	3	20
543	4	60
543	5	100
543	6	60
543	7	50
543	8	90
543	9	90
543	10	60
543	11	90
543	12	50
543	13	80
543	14	80
543	15	90
543	16	120
543	17	90
543	18	80
543	19	100
543	20	60
543	21	80
543	22	90
543	23	80
543	24	90
543	25	30
543	26	10
543	27	80
543	28	120
543	29	70
543	30	70
543	31	20
543	32	80
543	33	70
543	34	70
543	35	80
543	36	70
543	37	80
543	38	10
543	39	90
543	40	70
544	1	70
544	2	50
544	3	40
544	4	90
544	5	90
544	6	120
544	7	90
544	8	70
544	9	70
544	10	90
544	11	90
544	12	90
544	13	80
544	14	50
544	15	70
544	16	100
544	17	90
544	18	80
544	19	70
544	20	110
544	21	80
544	22	110
544	23	60
544	24	70
544	25	30
544	26	0
544	27	60
544	28	100
544	29	70
544	30	50
544	31	20
544	32	60
544	33	50
544	34	50
544	35	50
544	36	70
544	37	50
544	38	30
544	39	70
544	40	70
545	1	20
545	2	50
545	3	90
545	4	90
545	5	90
545	6	100
545	7	20
545	8	90
545	9	90
545	10	70
545	11	60
545	12	70
545	13	30
545	14	70
545	15	90
545	16	120
545	17	110
545	18	100
545	19	90
545	20	90
545	21	80
545	22	110
545	23	60
545	24	110
545	25	80
545	26	50
545	27	60
545	28	100
545	29	70
545	30	70
545	31	70
545	32	80
545	33	50
545	34	70
545	35	70
545	36	90
545	37	20
545	38	80
545	39	90
545	40	20
546	1	50
546	2	50
546	3	40
546	4	50
546	5	90
546	6	80
546	7	70
546	8	70
546	9	70
546	10	70
546	11	70
546	12	70
546	13	60
546	14	70
546	15	70
546	16	120
546	17	70
546	18	80
546	19	70
546	20	70
546	21	60
546	22	50
546	23	60
546	24	90
546	25	10
546	26	0
546	27	60
546	28	100
546	29	50
546	30	70
546	31	0
546	32	80
546	33	50
546	34	70
546	35	70
546	36	70
546	37	70
546	38	10
546	39	70
546	40	90
547	1	50
547	2	50
547	3	40
547	4	80
547	5	80
547	6	100
547	7	70
547	8	90
547	9	70
547	10	80
547	11	130
547	12	50
547	13	80
547	14	80
547	15	110
547	16	100
547	17	110
547	18	60
547	19	100
547	20	100
547	21	60
547	22	90
547	23	60
547	24	70
547	25	30
547	26	10
547	27	60
547	28	100
547	29	70
547	30	90
547	31	0
547	32	60
547	33	50
547	34	50
547	35	60
547	36	70
547	37	60
547	38	30
547	39	90
547	40	90
548	1	50
548	2	60
548	3	40
548	4	80
548	5	100
548	6	100
548	7	70
548	8	60
548	9	50
548	10	80
548	11	90
548	12	80
548	13	80
548	14	60
548	15	70
548	16	100
548	17	90
548	18	60
548	19	80
548	20	100
548	21	60
548	22	90
548	23	60
548	24	50
548	25	30
548	26	10
548	27	60
548	28	100
548	29	70
548	30	60
548	31	0
548	32	60
548	33	50
548	34	60
548	35	60
548	36	50
548	37	60
548	38	30
548	39	80
548	40	80
549	1	0
549	2	50
549	3	90
549	4	70
549	5	70
549	6	120
549	7	40
549	8	70
549	9	50
549	10	90
549	11	40
549	12	70
549	13	30
549	14	70
549	15	90
549	16	80
549	17	70
549	18	60
549	19	70
549	20	110
549	21	60
549	22	70
549	23	60
549	24	50
549	25	80
549	26	50
549	27	60
549	28	80
549	29	70
549	30	70
549	31	50
549	32	60
549	33	50
549	34	50
549	35	50
549	36	70
549	37	0
549	38	80
549	39	50
549	40	40
550	1	70
550	2	50
550	3	40
550	4	70
550	5	110
550	6	100
550	7	90
550	8	110
550	9	110
550	10	90
550	11	90
550	12	90
550	13	80
550	14	70
550	15	90
550	16	140
550	17	90
550	18	100
550	19	90
550	20	90
550	21	100
550	22	110
550	23	80
550	24	110
550	25	30
550	26	0
550	27	80
550	28	140
550	29	70
550	30	70
550	31	40
550	32	80
550	33	70
550	34	70
550	35	70
550	36	90
550	37	70
550	38	10
550	39	90
550	40	90
551	1	50
551	2	50
551	3	20
551	4	70
551	5	50
551	6	70
551	7	50
551	8	50
551	9	50
551	10	50
551	11	70
551	12	50
551	13	70
551	14	50
551	15	70
551	16	50
551	17	70
551	18	50
551	19	70
551	20	70
551	21	50
551	22	70
551	23	50
551	24	50
551	25	20
551	26	0
551	27	50
551	28	50
551	29	70
551	30	50
551	31	0
551	32	50
551	33	50
551	34	50
551	35	50
551	36	50
551	37	50
551	38	20
551	39	50
551	40	50
552	1	70
552	2	70
552	3	60
552	4	70
552	5	90
552	6	100
552	7	90
552	8	70
552	9	70
552	10	90
552	11	90
552	12	90
552	13	60
552	14	70
552	15	70
552	16	120
552	17	90
552	18	80
552	19	70
552	20	90
552	21	60
552	22	50
552	23	60
552	24	90
552	25	10
552	26	20
552	27	60
552	28	100
552	29	50
552	30	90
552	31	0
552	32	80
552	33	50
552	34	70
552	35	70
552	36	70
552	37	70
552	38	30
552	39	90
552	40	110
553	1	40
553	2	70
553	3	70
553	4	70
553	5	70
553	6	70
553	7	40
553	8	90
553	9	90
553	10	90
553	11	40
553	12	90
553	13	20
553	14	50
553	15	90
553	16	90
553	17	90
553	18	70
553	19	90
553	20	70
553	21	70
553	22	110
553	23	50
553	24	90
553	25	70
553	26	70
553	27	50
553	28	90
553	29	70
553	30	90
553	31	70
553	32	50
553	33	50
553	34	50
553	35	50
553	36	70
553	37	0
553	38	50
553	39	110
553	40	40
554	1	70
554	2	50
554	3	20
554	4	70
554	5	70
554	6	100
554	7	90
554	8	110
554	9	90
554	10	90
554	11	110
554	12	70
554	13	80
554	14	70
554	15	110
554	16	100
554	17	90
554	18	80
554	19	90
554	20	90
554	21	80
554	22	110
554	23	60
554	24	90
554	25	30
554	26	0
554	27	60
554	28	100
554	29	70
554	30	90
554	31	20
554	32	60
554	33	50
554	34	50
554	35	50
554	36	90
554	37	50
554	38	10
554	39	90
554	40	90
555	1	50
555	2	50
555	3	20
555	4	80
555	5	80
555	6	100
555	7	70
555	8	70
555	9	50
555	10	80
555	11	110
555	12	50
555	13	60
555	14	80
555	15	70
555	16	80
555	17	90
555	18	60
555	19	60
555	20	100
555	21	60
555	22	70
555	23	60
555	24	50
555	25	10
555	26	10
555	27	60
555	28	80
555	29	50
555	30	70
555	31	0
555	32	60
555	33	50
555	34	50
555	35	60
555	36	70
555	37	60
555	38	30
555	39	70
555	40	70
556	1	70
556	2	70
556	3	0
556	4	60
556	5	60
556	6	80
556	7	90
556	8	70
556	9	50
556	10	100
556	11	70
556	12	70
556	13	80
556	14	80
556	15	90
556	16	60
556	17	50
556	18	60
556	19	80
556	20	80
556	21	60
556	22	70
556	23	60
556	24	50
556	25	30
556	26	30
556	27	60
556	28	60
556	29	70
556	30	90
556	31	0
556	32	60
556	33	50
556	34	50
556	35	60
556	36	70
556	37	60
556	38	10
556	39	70
556	40	90
557	1	20
557	2	60
557	3	90
557	4	80
557	5	80
557	6	120
557	7	60
557	8	120
557	9	90
557	10	120
557	11	40
557	12	100
557	13	30
557	14	80
557	15	110
557	16	100
557	17	70
557	18	80
557	19	100
557	20	120
557	21	80
557	22	90
557	23	60
557	24	90
557	25	80
557	26	60
557	27	60
557	28	100
557	29	70
557	30	100
557	31	70
557	32	60
557	33	50
557	34	60
557	35	60
557	36	90
557	37	10
557	38	60
557	39	80
557	40	70
558	1	70
558	2	50
558	3	20
558	4	90
558	5	70
558	6	100
558	7	70
558	8	70
558	9	70
558	10	70
558	11	90
558	12	70
558	13	80
558	14	50
558	15	70
558	16	80
558	17	90
558	18	80
558	19	70
558	20	90
558	21	80
558	22	110
558	23	60
558	24	70
558	25	30
558	26	0
558	27	60
558	28	80
558	29	70
558	30	50
558	31	20
558	32	60
558	33	50
558	34	50
558	35	50
558	36	70
558	37	50
558	38	30
558	39	70
558	40	50
559	1	70
559	2	50
559	3	40
559	4	90
559	5	50
559	6	120
559	7	90
559	8	110
559	9	90
559	10	90
559	11	110
559	12	70
559	13	80
559	14	70
559	15	110
559	16	80
559	17	90
559	18	80
559	19	90
559	20	110
559	21	80
559	22	90
559	23	60
559	24	90
559	25	30
559	26	0
559	27	60
559	28	80
559	29	70
559	30	90
559	31	20
559	32	60
559	33	50
559	34	50
559	35	50
559	36	90
559	37	50
559	38	30
559	39	70
559	40	90
560	1	90
560	2	80
560	3	20
560	4	80
560	5	60
560	6	80
560	7	90
560	8	100
560	9	90
560	10	100
560	11	70
560	12	100
560	13	80
560	14	60
560	15	90
560	16	80
560	17	70
560	18	80
560	19	100
560	20	80
560	21	80
560	22	90
560	23	60
560	24	90
560	25	30
560	26	30
560	27	60
560	28	80
560	29	70
560	30	100
560	31	20
560	32	60
560	33	50
560	34	60
560	35	60
560	36	70
560	37	60
560	38	10
560	39	100
560	40	100
561	1	0
561	2	50
561	3	110
561	4	70
561	5	110
561	6	110
561	7	40
561	8	90
561	9	70
561	10	90
561	11	80
561	12	70
561	13	20
561	14	90
561	15	110
561	16	130
561	17	110
561	18	70
561	19	90
561	20	110
561	21	50
561	22	90
561	23	50
561	24	90
561	25	70
561	26	50
561	27	50
561	28	110
561	29	70
561	30	90
561	31	50
561	32	70
561	33	50
561	34	70
561	35	70
561	36	90
561	37	20
561	38	70
561	39	90
561	40	60
562	1	50
562	2	60
562	3	20
562	4	60
562	5	80
562	6	80
562	7	70
562	8	120
562	9	90
562	10	80
562	11	90
562	12	60
562	13	80
562	14	100
562	15	110
562	16	100
562	17	70
562	18	80
562	19	100
562	20	80
562	21	80
562	22	70
562	23	80
562	24	90
562	25	30
562	26	10
562	27	80
562	28	100
562	29	70
562	30	100
562	31	20
562	32	80
562	33	70
562	34	80
562	35	80
562	36	90
562	37	80
562	38	10
562	39	80
562	40	100
563	1	50
563	2	60
563	3	40
563	4	80
563	5	80
563	6	120
563	7	90
563	8	80
563	9	50
563	10	100
563	11	90
563	12	80
563	13	80
563	14	80
563	15	90
563	16	80
563	17	70
563	18	60
563	19	80
563	20	120
563	21	60
563	22	70
563	23	60
563	24	50
563	25	30
563	26	10
563	27	60
563	28	80
563	29	70
563	30	80
563	31	0
563	32	60
563	33	50
563	34	60
563	35	60
563	36	70
563	37	60
563	38	30
563	39	60
563	40	100
564	1	0
564	2	50
564	3	50
564	4	60
564	5	80
564	6	60
564	7	0
564	8	50
564	9	50
564	10	60
564	11	0
564	12	50
564	13	10
564	14	80
564	15	50
564	16	80
564	17	50
564	18	80
564	19	60
564	20	60
564	21	60
564	22	50
564	23	60
564	24	70
564	25	60
564	26	60
564	27	60
564	28	60
564	29	50
564	30	50
564	31	50
564	32	80
564	33	50
564	34	70
564	35	80
564	36	70
564	37	30
564	38	60
564	39	50
564	40	0
565	1	20
565	2	50
565	3	110
565	4	100
565	5	100
565	6	120
565	7	40
565	8	90
565	9	90
565	10	100
565	11	60
565	12	90
565	13	30
565	14	60
565	15	90
565	16	120
565	17	110
565	18	80
565	19	100
565	20	120
565	21	80
565	22	110
565	23	60
565	24	90
565	25	80
565	26	60
565	27	60
565	28	120
565	29	70
565	30	70
565	31	70
565	32	60
565	33	50
565	34	50
565	35	60
565	36	70
565	37	10
565	38	80
565	39	90
565	40	40
566	1	0
566	2	50
566	3	90
566	4	70
566	5	90
566	6	90
566	7	20
566	8	50
566	9	50
566	10	70
566	11	40
566	12	70
566	13	20
566	14	50
566	15	70
566	16	90
566	17	90
566	18	50
566	19	70
566	20	90
566	21	50
566	22	90
566	23	50
566	24	50
566	25	70
566	26	50
566	27	50
566	28	90
566	29	70
566	30	50
566	31	50
566	32	50
566	33	50
566	34	50
566	35	50
566	36	50
566	37	0
566	38	70
566	39	70
566	40	20
567	1	70
567	2	50
567	3	0
567	4	70
567	5	50
567	6	70
567	7	70
567	8	70
567	9	70
567	10	70
567	11	50
567	12	70
567	13	70
567	14	50
567	15	70
567	16	50
567	17	50
567	18	70
567	19	70
567	20	70
567	21	70
567	22	90
567	23	50
567	24	70
567	25	20
567	26	0
567	27	50
567	28	50
567	29	70
567	30	50
567	31	20
567	32	50
567	33	50
567	34	50
567	35	50
567	36	70
567	37	50
567	38	0
567	39	50
567	40	50
568	1	0
568	2	50
568	3	110
568	4	70
568	5	110
568	6	120
568	7	40
568	8	90
568	9	70
568	10	90
568	11	80
568	12	70
568	13	30
568	14	90
568	15	110
568	16	140
568	17	110
568	18	80
568	19	90
568	20	110
568	21	60
568	22	90
568	23	60
568	24	90
568	25	80
568	26	50
568	27	60
568	28	120
568	29	70
568	30	90
568	31	50
568	32	80
568	33	50
568	34	70
568	35	70
568	36	90
568	37	20
568	38	80
568	39	90
568	40	60
569	1	50
569	2	50
569	3	20
569	4	70
569	5	70
569	6	70
569	7	50
569	8	50
569	9	50
569	10	50
569	11	90
569	12	50
569	13	50
569	14	50
569	15	50
569	16	70
569	17	90
569	18	50
569	19	50
569	20	70
569	21	50
569	22	70
569	23	50
569	24	50
569	25	0
569	26	0
569	27	50
569	28	70
569	29	50
569	30	50
569	31	0
569	32	50
569	33	50
569	34	50
569	35	50
569	36	50
569	37	50
569	38	20
569	39	70
569	40	50
570	1	20
570	2	50
570	3	110
570	4	90
570	5	70
570	6	140
570	7	60
570	8	110
570	9	90
570	10	110
570	11	60
570	12	90
570	13	30
570	14	70
570	15	110
570	16	100
570	17	90
570	18	80
570	19	90
570	20	130
570	21	80
570	22	90
570	23	60
570	24	90
570	25	80
570	26	50
570	27	60
570	28	100
570	29	70
570	30	90
570	31	70
570	32	60
570	33	50
570	34	50
570	35	50
570	36	90
570	37	0
570	38	80
570	39	70
570	40	60
571	1	70
571	2	60
571	3	20
571	4	100
571	5	60
571	6	100
571	7	70
571	8	80
571	9	70
571	10	80
571	11	70
571	12	80
571	13	60
571	14	60
571	15	50
571	16	60
571	17	70
571	18	80
571	19	60
571	20	100
571	21	80
571	22	70
571	23	60
571	24	70
571	25	10
571	26	10
571	27	60
571	28	60
571	29	50
571	30	60
571	31	20
571	32	60
571	33	50
571	34	60
571	35	60
571	36	70
571	37	60
571	38	30
571	39	60
571	40	60
572	1	70
572	2	50
572	3	40
572	4	100
572	5	80
572	6	140
572	7	110
572	8	90
572	9	70
572	10	120
572	11	90
572	12	90
572	13	60
572	14	80
572	15	70
572	16	80
572	17	70
572	18	80
572	19	60
572	20	140
572	21	80
572	22	70
572	23	60
572	24	70
572	25	10
572	26	10
572	27	60
572	28	80
572	29	50
572	30	70
572	31	20
572	32	60
572	33	50
572	34	50
572	35	60
572	36	90
572	37	60
572	38	30
572	39	50
572	40	90
573	1	0
573	2	50
573	3	110
573	4	80
573	5	80
573	6	120
573	7	40
573	8	90
573	9	70
573	10	100
573	11	60
573	12	70
573	13	30
573	14	80
573	15	110
573	16	100
573	17	90
573	18	60
573	19	100
573	20	120
573	21	60
573	22	70
573	23	60
573	24	70
573	25	80
573	26	60
573	27	60
573	28	100
573	29	70
573	30	90
573	31	50
573	32	60
573	33	50
573	34	50
573	35	60
573	36	70
573	37	10
573	38	80
573	39	70
573	40	60
574	1	70
574	2	50
574	3	40
574	4	70
574	5	90
574	6	110
574	7	110
574	8	110
574	9	90
574	10	110
574	11	90
574	12	90
574	13	50
574	14	90
574	15	90
574	16	110
574	17	70
574	18	90
574	19	70
574	20	110
574	21	70
574	22	70
574	23	50
574	24	110
574	25	0
574	26	0
574	27	50
574	28	90
574	29	50
574	30	90
574	31	20
574	32	70
574	33	50
574	34	70
574	35	70
574	36	110
574	37	70
574	38	0
574	39	70
574	40	110
575	1	70
575	2	50
575	3	20
575	4	80
575	5	120
575	6	120
575	7	110
575	8	90
575	9	70
575	10	120
575	11	90
575	12	90
575	13	60
575	14	100
575	15	70
575	16	120
575	17	70
575	18	100
575	19	60
575	20	120
575	21	80
575	22	90
575	23	60
575	24	90
575	25	10
575	26	10
575	27	60
575	28	100
575	29	50
575	30	70
575	31	20
575	32	80
575	33	50
575	34	70
575	35	80
575	36	110
575	37	80
575	38	10
575	39	70
575	40	90
576	1	70
576	2	60
576	3	20
576	4	80
576	5	100
576	6	80
576	7	70
576	8	120
576	9	110
576	10	80
576	11	90
576	12	80
576	13	80
576	14	80
576	15	90
576	16	120
576	17	90
576	18	100
576	19	100
576	20	80
576	21	100
576	22	110
576	23	80
576	24	110
576	25	30
576	26	10
576	27	80
576	28	120
576	29	70
576	30	80
576	31	40
576	32	80
576	33	70
576	34	80
576	35	80
576	36	90
576	37	80
576	38	10
576	39	100
576	40	80
577	1	70
577	2	60
577	3	40
577	4	80
577	5	80
577	6	100
577	7	90
577	8	100
577	9	90
577	10	100
577	11	70
577	12	100
577	13	80
577	14	60
577	15	90
577	16	100
577	17	70
577	18	80
577	19	100
577	20	100
577	21	80
577	22	90
577	23	60
577	24	90
577	25	30
577	26	10
577	27	60
577	28	100
577	29	70
577	30	80
577	31	20
577	32	60
577	33	50
577	34	60
577	35	60
577	36	70
577	37	60
577	38	10
577	39	80
577	40	100
578	1	70
578	2	50
578	3	40
578	4	90
578	5	70
578	6	90
578	7	70
578	8	90
578	9	90
578	10	70
578	11	110
578	12	70
578	13	70
578	14	50
578	15	90
578	16	90
578	17	110
578	18	70
578	19	90
578	20	90
578	21	70
578	22	110
578	23	50
578	24	90
578	25	20
578	26	0
578	27	50
578	28	90
578	29	70
578	30	70
578	31	20
578	32	50
578	33	50
578	34	50
578	35	50
578	36	70
578	37	50
578	38	20
578	39	90
578	40	70
579	1	70
579	2	50
579	3	20
579	4	70
579	5	90
579	6	120
579	7	110
579	8	90
579	9	70
579	10	110
579	11	90
579	12	90
579	13	80
579	14	70
579	15	90
579	16	100
579	17	70
579	18	80
579	19	70
579	20	110
579	21	80
579	22	110
579	23	60
579	24	70
579	25	30
579	26	0
579	27	60
579	28	100
579	29	70
579	30	70
579	31	20
579	32	60
579	33	50
579	34	50
579	35	50
579	36	90
579	37	50
579	38	10
579	39	70
579	40	90
580	1	70
580	2	50
580	3	20
580	4	100
580	5	80
580	6	120
580	7	90
580	8	90
580	9	70
580	10	100
580	11	110
580	12	70
580	13	80
580	14	80
580	15	90
580	16	80
580	17	90
580	18	80
580	19	80
580	20	120
580	21	80
580	22	110
580	23	60
580	24	70
580	25	30
580	26	10
580	27	60
580	28	80
580	29	70
580	30	70
580	31	20
580	32	60
580	33	50
580	34	50
580	35	60
580	36	90
580	37	60
580	38	30
580	39	70
580	40	70
581	1	0
581	2	50
581	3	110
581	4	70
581	5	90
581	6	120
581	7	40
581	8	90
581	9	70
581	10	90
581	11	60
581	12	70
581	13	30
581	14	90
581	15	110
581	16	120
581	17	90
581	18	80
581	19	90
581	20	110
581	21	60
581	22	70
581	23	60
581	24	90
581	25	80
581	26	50
581	27	60
581	28	100
581	29	70
581	30	90
581	31	50
581	32	80
581	33	50
581	34	70
581	35	70
581	36	90
581	37	20
581	38	80
581	39	70
581	40	60
582	1	70
582	2	70
582	3	20
582	4	70
582	5	90
582	6	90
582	7	90
582	8	70
582	9	50
582	10	90
582	11	110
582	12	70
582	13	50
582	14	90
582	15	70
582	16	90
582	17	90
582	18	70
582	19	50
582	20	90
582	21	50
582	22	70
582	23	50
582	24	70
582	25	0
582	26	20
582	27	50
582	28	70
582	29	50
582	30	90
582	31	0
582	32	70
582	33	50
582	34	70
582	35	70
582	36	90
582	37	70
582	38	20
582	39	90
582	40	90
583	1	70
583	2	50
583	3	20
583	4	80
583	5	80
583	6	80
583	7	70
583	8	110
583	9	110
583	10	80
583	11	70
583	12	70
583	13	80
583	14	80
583	15	90
583	16	100
583	17	70
583	18	100
583	19	100
583	20	80
583	21	100
583	22	90
583	23	80
583	24	110
583	25	30
583	26	10
583	27	80
583	28	100
583	29	70
583	30	70
583	31	40
583	32	80
583	33	70
583	34	70
583	35	80
583	36	90
583	37	80
583	38	10
583	39	70
583	40	70
584	1	50
584	2	60
584	3	20
584	4	60
584	5	100
584	6	80
584	7	70
584	8	80
584	9	70
584	10	80
584	11	50
584	12	80
584	13	80
584	14	80
584	15	70
584	16	100
584	17	50
584	18	80
584	19	80
584	20	80
584	21	80
584	22	70
584	23	80
584	24	70
584	25	30
584	26	10
584	27	80
584	28	100
584	29	70
584	30	60
584	31	20
584	32	80
584	33	70
584	34	80
584	35	80
584	36	70
584	37	80
584	38	10
584	39	60
584	40	80
585	1	70
585	2	60
585	3	20
585	4	100
585	5	80
585	6	120
585	7	90
585	8	100
585	9	70
585	10	100
585	11	110
585	12	80
585	13	80
585	14	80
585	15	90
585	16	80
585	17	90
585	18	80
585	19	80
585	20	120
585	21	80
585	22	110
585	23	60
585	24	70
585	25	30
585	26	10
585	27	60
585	28	80
585	29	70
585	30	80
585	31	20
585	32	60
585	33	50
585	34	60
585	35	60
585	36	90
585	37	60
585	38	30
585	39	80
585	40	80
586	1	20
586	2	70
586	3	90
586	4	70
586	5	90
586	6	100
586	7	40
586	8	90
586	9	70
586	10	90
586	11	80
586	12	70
586	13	10
586	14	90
586	15	90
586	16	120
586	17	110
586	18	80
586	19	70
586	20	90
586	21	60
586	22	70
586	23	60
586	24	90
586	25	60
586	26	70
586	27	60
586	28	100
586	29	50
586	30	110
586	31	50
586	32	80
586	33	50
586	34	70
586	35	70
586	36	90
586	37	20
586	38	80
586	39	110
586	40	60
587	1	70
587	2	60
587	3	40
587	4	100
587	5	80
587	6	120
587	7	90
587	8	120
587	9	90
587	10	100
587	11	130
587	12	80
587	13	80
587	14	80
587	15	110
587	16	100
587	17	110
587	18	80
587	19	100
587	20	120
587	21	80
587	22	110
587	23	60
587	24	90
587	25	30
587	26	10
587	27	60
587	28	100
587	29	70
587	30	100
587	31	20
587	32	60
587	33	50
587	34	60
587	35	60
587	36	90
587	37	60
587	38	30
587	39	100
587	40	100
588	1	70
588	2	50
588	3	20
588	4	80
588	5	80
588	6	80
588	7	70
588	8	90
588	9	90
588	10	80
588	11	90
588	12	70
588	13	80
588	14	60
588	15	90
588	16	100
588	17	90
588	18	80
588	19	100
588	20	80
588	21	80
588	22	110
588	23	60
588	24	90
588	25	30
588	26	10
588	27	60
588	28	100
588	29	70
588	30	70
588	31	20
588	32	60
588	33	50
588	34	50
588	35	60
588	36	70
588	37	60
588	38	10
588	39	90
588	40	70
589	1	20
589	2	50
589	3	90
589	4	90
589	5	70
589	6	130
589	7	60
589	8	90
589	9	70
589	10	110
589	11	40
589	12	90
589	13	20
589	14	70
589	15	90
589	16	70
589	17	70
589	18	70
589	19	70
589	20	130
589	21	70
589	22	90
589	23	50
589	24	70
589	25	70
589	26	50
589	27	50
589	28	70
589	29	70
589	30	70
589	31	70
589	32	50
589	33	50
589	34	50
589	35	50
589	36	90
589	37	0
589	38	70
589	39	50
589	40	40
590	1	70
590	2	50
590	3	60
590	4	90
590	5	90
590	6	110
590	7	90
590	8	90
590	9	90
590	10	90
590	11	90
590	12	90
590	13	70
590	14	70
590	15	90
590	16	110
590	17	90
590	18	90
590	19	90
590	20	110
590	21	70
590	22	90
590	23	50
590	24	110
590	25	20
590	26	0
590	27	50
590	28	90
590	29	70
590	30	70
590	31	20
590	32	70
590	33	50
590	34	70
590	35	70
590	36	90
590	37	70
590	38	20
590	39	70
590	40	90
591	1	70
591	2	50
591	3	20
591	4	90
591	5	50
591	6	110
591	7	90
591	8	90
591	9	70
591	10	90
591	11	90
591	12	70
591	13	70
591	14	70
591	15	90
591	16	50
591	17	70
591	18	70
591	19	70
591	20	110
591	21	70
591	22	90
591	23	50
591	24	70
591	25	20
591	26	0
591	27	50
591	28	50
591	29	70
591	30	70
591	31	20
591	32	50
591	33	50
591	34	50
591	35	50
591	36	90
591	37	50
591	38	20
591	39	50
591	40	70
592	1	90
592	2	70
592	3	40
592	4	70
592	5	90
592	6	90
592	7	110
592	8	90
592	9	90
592	10	110
592	11	90
592	12	110
592	13	70
592	14	50
592	15	90
592	16	110
592	17	90
592	18	70
592	19	90
592	20	90
592	21	70
592	22	110
592	23	50
592	24	90
592	25	20
592	26	20
592	27	50
592	28	110
592	29	70
592	30	90
592	31	20
592	32	50
592	33	50
592	34	50
592	35	50
592	36	70
592	37	50
592	38	0
592	39	110
592	40	110
593	1	20
593	2	60
593	3	90
593	4	100
593	5	100
593	6	120
593	7	40
593	8	80
593	9	70
593	10	100
593	11	40
593	12	100
593	13	10
593	14	60
593	15	50
593	16	100
593	17	90
593	18	80
593	19	60
593	20	120
593	21	80
593	22	90
593	23	60
593	24	70
593	25	60
593	26	60
593	27	60
593	28	100
593	29	50
593	30	60
593	31	70
593	32	60
593	33	50
593	34	60
593	35	60
593	36	70
593	37	10
593	38	80
593	39	80
593	40	30
594	1	70
594	2	50
594	3	20
594	4	90
594	5	70
594	6	110
594	7	90
594	8	90
594	9	70
594	10	90
594	11	110
594	12	70
594	13	70
594	14	70
594	15	90
594	16	70
594	17	90
594	18	70
594	19	70
594	20	110
594	21	70
594	22	110
594	23	50
594	24	70
594	25	20
594	26	0
594	27	50
594	28	70
594	29	70
594	30	70
594	31	20
594	32	50
594	33	50
594	34	50
594	35	50
594	36	90
594	37	50
594	38	20
594	39	70
594	40	70
595	1	70
595	2	50
595	3	60
595	4	90
595	5	70
595	6	110
595	7	90
595	8	90
595	9	90
595	10	90
595	11	90
595	12	90
595	13	50
595	14	50
595	15	70
595	16	90
595	17	90
595	18	70
595	19	70
595	20	110
595	21	70
595	22	70
595	23	50
595	24	90
595	25	0
595	26	0
595	27	50
595	28	90
595	29	50
595	30	70
595	31	20
595	32	50
595	33	50
595	34	50
595	35	50
595	36	70
595	37	50
595	38	20
595	39	70
595	40	90
596	1	70
596	2	50
596	3	60
596	4	90
596	5	90
596	6	120
596	7	90
596	8	90
596	9	90
596	10	90
596	11	90
596	12	90
596	13	80
596	14	70
596	15	90
596	16	120
596	17	90
596	18	100
596	19	90
596	20	110
596	21	80
596	22	90
596	23	60
596	24	110
596	25	30
596	26	0
596	27	60
596	28	100
596	29	70
596	30	70
596	31	20
596	32	80
596	33	50
596	34	70
596	35	70
596	36	90
596	37	70
596	38	30
596	39	70
596	40	90
597	1	70
597	2	50
597	3	20
597	4	70
597	5	110
597	6	90
597	7	90
597	8	90
597	9	90
597	10	90
597	11	70
597	12	90
597	13	70
597	14	70
597	15	70
597	16	110
597	17	70
597	18	90
597	19	70
597	20	90
597	21	90
597	22	110
597	23	70
597	24	90
597	25	20
597	26	0
597	27	70
597	28	110
597	29	70
597	30	50
597	31	40
597	32	70
597	33	70
597	34	70
597	35	70
597	36	90
597	37	70
597	38	0
597	39	70
597	40	70
598	1	0
598	2	50
598	3	50
598	4	60
598	5	80
598	6	60
598	7	0
598	8	50
598	9	50
598	10	60
598	11	20
598	12	50
598	13	30
598	14	60
598	15	70
598	16	80
598	17	70
598	18	60
598	19	80
598	20	60
598	21	60
598	22	90
598	23	60
598	24	50
598	25	80
598	26	60
598	27	60
598	28	80
598	29	70
598	30	50
598	31	50
598	32	60
598	33	50
598	34	50
598	35	60
598	36	50
598	37	10
598	38	60
598	39	70
598	40	0
599	1	20
599	2	50
599	3	90
599	4	90
599	5	70
599	6	130
599	7	60
599	8	90
599	9	70
599	10	110
599	11	40
599	12	90
599	13	20
599	14	70
599	15	90
599	16	70
599	17	70
599	18	70
599	19	70
599	20	130
599	21	70
599	22	90
599	23	50
599	24	70
599	25	70
599	26	50
599	27	50
599	28	70
599	29	70
599	30	70
599	31	70
599	32	50
599	33	50
599	34	50
599	35	50
599	36	90
599	37	0
599	38	70
599	39	50
599	40	40
600	1	70
600	2	50
600	3	20
600	4	70
600	5	90
600	6	90
600	7	90
600	8	130
600	9	110
600	10	90
600	11	110
600	12	70
600	13	70
600	14	90
600	15	110
600	16	110
600	17	90
600	18	90
600	19	90
600	20	90
600	21	90
600	22	110
600	23	70
600	24	110
600	25	20
600	26	0
600	27	70
600	28	110
600	29	70
600	30	90
600	31	40
600	32	70
600	33	70
600	34	70
600	35	70
600	36	110
600	37	70
600	38	0
600	39	90
600	40	90
601	1	70
601	2	50
601	3	40
601	4	70
601	5	90
601	6	100
601	7	90
601	8	90
601	9	90
601	10	90
601	11	90
601	12	90
601	13	80
601	14	50
601	15	90
601	16	120
601	17	90
601	18	80
601	19	90
601	20	90
601	21	80
601	22	110
601	23	60
601	24	90
601	25	30
601	26	0
601	27	60
601	28	120
601	29	70
601	30	70
601	31	20
601	32	60
601	33	50
601	34	50
601	35	50
601	36	70
601	37	50
601	38	10
601	39	90
601	40	90
602	1	50
602	2	50
602	3	40
602	4	70
602	5	70
602	6	100
602	7	70
602	8	50
602	9	50
602	10	70
602	11	70
602	12	70
602	13	80
602	14	50
602	15	70
602	16	80
602	17	70
602	18	60
602	19	70
602	20	90
602	21	60
602	22	70
602	23	60
602	24	50
602	25	30
602	26	0
602	27	60
602	28	80
602	29	70
602	30	50
602	31	0
602	32	60
602	33	50
602	34	50
602	35	50
602	36	50
602	37	50
602	38	30
602	39	50
602	40	70
603	1	20
603	2	60
603	3	90
603	4	100
603	5	120
603	6	120
603	7	40
603	8	80
603	9	70
603	10	100
603	11	40
603	12	100
603	13	30
603	14	80
603	15	70
603	16	120
603	17	90
603	18	100
603	19	80
603	20	120
603	21	80
603	22	110
603	23	60
603	24	90
603	25	80
603	26	60
603	27	60
603	28	100
603	29	70
603	30	60
603	31	70
603	32	80
603	33	50
603	34	80
603	35	80
603	36	90
603	37	30
603	38	80
603	39	80
603	40	30
604	1	50
604	2	50
604	3	20
604	4	70
604	5	50
604	6	90
604	7	70
604	8	70
604	9	50
604	10	70
604	11	90
604	12	50
604	13	50
604	14	70
604	15	70
604	16	50
604	17	70
604	18	50
604	19	50
604	20	90
604	21	50
604	22	50
604	23	50
604	24	50
604	25	0
604	26	0
604	27	50
604	28	50
604	29	50
604	30	70
604	31	0
604	32	50
604	33	50
604	34	50
604	35	50
604	36	70
604	37	50
604	38	20
604	39	50
604	40	70
605	1	0
605	2	50
605	3	70
605	4	50
605	5	70
605	6	70
605	7	20
605	8	90
605	9	70
605	10	70
605	11	60
605	12	50
605	13	20
605	14	70
605	15	110
605	16	90
605	17	90
605	18	50
605	19	90
605	20	70
605	21	50
605	22	90
605	23	50
605	24	70
605	25	70
605	26	50
605	27	50
605	28	90
605	29	70
605	30	90
605	31	50
605	32	50
605	33	50
605	34	50
605	35	50
605	36	70
605	37	0
605	38	50
605	39	90
605	40	40
606	1	20
606	2	70
606	3	110
606	4	70
606	5	90
606	6	110
606	7	60
606	8	90
606	9	70
606	10	110
606	11	60
606	12	90
606	13	0
606	14	90
606	15	90
606	16	110
606	17	90
606	18	70
606	19	70
606	20	110
606	21	50
606	22	50
606	23	50
606	24	90
606	25	50
606	26	70
606	27	50
606	28	90
606	29	50
606	30	110
606	31	50
606	32	70
606	33	50
606	34	70
606	35	70
606	36	90
606	37	20
606	38	70
606	39	90
606	40	80
607	1	50
607	2	50
607	3	40
607	4	70
607	5	70
607	6	90
607	7	70
607	8	50
607	9	50
607	10	70
607	11	70
607	12	70
607	13	50
607	14	50
607	15	50
607	16	70
607	17	70
607	18	50
607	19	50
607	20	90
607	21	50
607	22	50
607	23	50
607	24	50
607	25	0
607	26	0
607	27	50
607	28	70
607	29	50
607	30	50
607	31	0
607	32	50
607	33	50
607	34	50
607	35	50
607	36	50
607	37	50
607	38	20
607	39	50
607	40	70
608	1	20
608	2	50
608	3	90
608	4	80
608	5	100
608	6	100
608	7	40
608	8	110
608	9	110
608	10	100
608	11	20
608	12	90
608	13	30
608	14	80
608	15	90
608	16	120
608	17	70
608	18	100
608	19	100
608	20	100
608	21	100
608	22	90
608	23	80
608	24	110
608	25	80
608	26	60
608	27	80
608	28	120
608	29	70
608	30	70
608	31	90
608	32	80
608	33	70
608	34	70
608	35	80
608	36	90
608	37	30
608	38	60
608	39	70
608	40	40
609	1	0
609	2	50
609	3	70
609	4	80
609	5	60
609	6	100
609	7	20
609	8	70
609	9	50
609	10	80
609	11	40
609	12	50
609	13	30
609	14	80
609	15	90
609	16	60
609	17	70
609	18	60
609	19	80
609	20	100
609	21	60
609	22	70
609	23	60
609	24	50
609	25	80
609	26	60
609	27	60
609	28	60
609	29	70
609	30	70
609	31	50
609	32	60
609	33	50
609	34	50
609	35	60
609	36	70
609	37	10
609	38	80
609	39	50
609	40	20
610	1	70
610	2	50
610	3	40
610	4	100
610	5	60
610	6	100
610	7	70
610	8	90
610	9	90
610	10	80
610	11	90
610	12	70
610	13	80
610	14	60
610	15	90
610	16	80
610	17	90
610	18	80
610	19	100
610	20	100
610	21	80
610	22	90
610	23	60
610	24	90
610	25	30
610	26	10
610	27	60
610	28	80
610	29	70
610	30	70
610	31	20
610	32	60
610	33	50
610	34	50
610	35	60
610	36	70
610	37	60
610	38	30
610	39	70
610	40	70
611	1	70
611	2	70
611	3	40
611	4	50
611	5	90
611	6	100
611	7	110
611	8	90
611	9	70
611	10	110
611	11	110
611	12	90
611	13	80
611	14	70
611	15	110
611	16	120
611	17	90
611	18	60
611	19	90
611	20	90
611	21	60
611	22	90
611	23	60
611	24	70
611	25	30
611	26	20
611	27	60
611	28	120
611	29	70
611	30	110
611	31	0
611	32	60
611	33	50
611	34	50
611	35	50
611	36	70
611	37	50
611	38	10
611	39	110
611	40	130
612	1	70
612	2	60
612	3	60
612	4	100
612	5	80
612	6	140
612	7	110
612	8	120
612	9	90
612	10	120
612	11	110
612	12	100
612	13	80
612	14	80
612	15	110
612	16	100
612	17	90
612	18	80
612	19	100
612	20	140
612	21	80
612	22	90
612	23	60
612	24	90
612	25	30
612	26	10
612	27	60
612	28	100
612	29	70
612	30	100
612	31	20
612	32	60
612	33	50
612	34	60
612	35	60
612	36	90
612	37	60
612	38	30
612	39	80
612	40	120
613	1	0
613	2	60
613	3	50
613	4	60
613	5	80
613	6	80
613	7	20
613	8	80
613	9	50
613	10	80
613	11	20
613	12	60
613	13	10
613	14	100
613	15	70
613	16	80
613	17	50
613	18	80
613	19	60
613	20	80
613	21	60
613	22	50
613	23	60
613	24	70
613	25	60
613	26	60
613	27	60
613	28	60
613	29	50
613	30	80
613	31	50
613	32	80
613	33	50
613	34	80
613	35	80
613	36	90
613	37	30
613	38	60
613	39	60
613	40	30
614	1	20
614	2	50
614	3	90
614	4	90
614	5	70
614	6	110
614	7	40
614	8	110
614	9	90
614	10	90
614	11	60
614	12	70
614	13	20
614	14	90
614	15	110
614	16	90
614	17	90
614	18	90
614	19	90
614	20	110
614	21	70
614	22	90
614	23	50
614	24	110
614	25	70
614	26	50
614	27	50
614	28	70
614	29	70
614	30	90
614	31	70
614	32	70
614	33	50
614	34	70
614	35	70
614	36	110
614	37	20
614	38	70
614	39	70
614	40	40
615	1	20
615	2	50
615	3	90
615	4	80
615	5	100
615	6	100
615	7	40
615	8	90
615	9	90
615	10	100
615	11	40
615	12	90
615	13	30
615	14	60
615	15	90
615	16	120
615	17	90
615	18	80
615	19	100
615	20	100
615	21	80
615	22	110
615	23	60
615	24	90
615	25	80
615	26	60
615	27	60
615	28	120
615	29	70
615	30	70
615	31	70
615	32	60
615	33	50
615	34	50
615	35	60
615	36	70
615	37	10
615	38	60
615	39	90
615	40	40
616	1	20
616	2	50
616	3	90
616	4	100
616	5	80
616	6	100
616	7	20
616	8	90
616	9	90
616	10	80
616	11	60
616	12	70
616	13	30
616	14	60
616	15	90
616	16	100
616	17	110
616	18	80
616	19	100
616	20	100
616	21	80
616	22	110
616	23	60
616	24	90
616	25	80
616	26	60
616	27	60
616	28	100
616	29	70
616	30	70
616	31	70
616	32	60
616	33	50
616	34	50
616	35	60
616	36	70
616	37	10
616	38	80
616	39	90
616	40	20
617	1	0
617	2	50
617	3	110
617	4	70
617	5	70
617	6	110
617	7	40
617	8	90
617	9	70
617	10	90
617	11	60
617	12	70
617	13	20
617	14	70
617	15	110
617	16	90
617	17	90
617	18	50
617	19	90
617	20	110
617	21	50
617	22	70
617	23	50
617	24	70
617	25	70
617	26	50
617	27	50
617	28	90
617	29	70
617	30	90
617	31	50
617	32	50
617	33	50
617	34	50
617	35	50
617	36	70
617	37	0
617	38	70
617	39	70
617	40	60
618	1	0
618	2	50
618	3	110
618	4	70
618	5	70
618	6	100
618	7	20
618	8	70
618	9	70
618	10	70
618	11	40
618	12	70
618	13	30
618	14	50
618	15	90
618	16	100
618	17	90
618	18	60
618	19	90
618	20	90
618	21	60
618	22	70
618	23	60
618	24	70
618	25	80
618	26	50
618	27	60
618	28	100
618	29	70
618	30	70
618	31	50
618	32	60
618	33	50
618	34	50
618	35	50
618	36	50
618	37	0
618	38	80
618	39	70
618	40	40
619	1	20
619	2	50
619	3	110
619	4	100
619	5	100
619	6	140
619	7	60
619	8	110
619	9	90
619	10	120
619	11	80
619	12	90
619	13	30
619	14	80
619	15	110
619	16	120
619	17	110
619	18	80
619	19	100
619	20	140
619	21	80
619	22	110
619	23	60
619	24	90
619	25	80
619	26	60
619	27	60
619	28	120
619	29	70
619	30	90
619	31	70
619	32	60
619	33	50
619	34	50
619	35	60
619	36	90
619	37	10
619	38	80
619	39	90
619	40	60
620	1	70
620	2	50
620	3	20
620	4	70
620	5	90
620	6	110
620	7	110
620	8	110
620	9	90
620	10	110
620	11	70
620	12	90
620	13	70
620	14	90
620	15	90
620	16	90
620	17	50
620	18	90
620	19	70
620	20	110
620	21	90
620	22	90
620	23	70
620	24	90
620	25	20
620	26	0
620	27	70
620	28	90
620	29	70
620	30	70
620	31	40
620	32	70
620	33	70
620	34	70
620	35	70
620	36	110
620	37	70
620	38	0
620	39	50
620	40	90
621	1	0
621	2	50
621	3	110
621	4	70
621	5	70
621	6	90
621	7	20
621	8	70
621	9	70
621	10	70
621	11	40
621	12	70
621	13	20
621	14	50
621	15	90
621	16	90
621	17	90
621	18	50
621	19	90
621	20	90
621	21	50
621	22	70
621	23	50
621	24	70
621	25	70
621	26	50
621	27	50
621	28	90
621	29	70
621	30	70
621	31	50
621	32	50
621	33	50
621	34	50
621	35	50
621	36	50
621	37	0
621	38	70
621	39	70
621	40	40
622	1	70
622	2	50
622	3	40
622	4	70
622	5	90
622	6	110
622	7	110
622	8	110
622	9	90
622	10	110
622	11	90
622	12	90
622	13	50
622	14	90
622	15	90
622	16	110
622	17	70
622	18	90
622	19	70
622	20	110
622	21	70
622	22	70
622	23	50
622	24	110
622	25	0
622	26	0
622	27	50
622	28	90
622	29	50
622	30	90
622	31	20
622	32	70
622	33	50
622	34	70
622	35	70
622	36	110
622	37	70
622	38	0
622	39	70
622	40	110
623	1	70
623	2	50
623	3	40
623	4	100
623	5	100
623	6	140
623	7	110
623	8	90
623	9	70
623	10	120
623	11	90
623	12	90
623	13	80
623	14	100
623	15	90
623	16	100
623	17	70
623	18	100
623	19	80
623	20	140
623	21	80
623	22	90
623	23	60
623	24	90
623	25	30
623	26	10
623	27	60
623	28	80
623	29	70
623	30	70
623	31	20
623	32	80
623	33	50
623	34	70
623	35	80
623	36	110
623	37	80
623	38	30
623	39	50
623	40	90
624	1	20
624	2	60
624	3	90
624	4	100
624	5	60
624	6	120
624	7	40
624	8	120
624	9	90
624	10	100
624	11	60
624	12	80
624	13	30
624	14	80
624	15	110
624	16	80
624	17	90
624	18	80
624	19	100
624	20	120
624	21	80
624	22	90
624	23	60
624	24	90
624	25	80
624	26	60
624	27	60
624	28	80
624	29	70
624	30	100
624	31	70
624	32	60
624	33	50
624	34	60
624	35	60
624	36	90
624	37	10
624	38	80
624	39	80
624	40	50
625	1	50
625	2	60
625	3	40
625	4	60
625	5	120
625	6	80
625	7	70
625	8	80
625	9	70
625	10	80
625	11	90
625	12	80
625	13	60
625	14	80
625	15	70
625	16	140
625	17	90
625	18	80
625	19	80
625	20	80
625	21	60
625	22	70
625	23	60
625	24	90
625	25	10
625	26	10
625	27	60
625	28	120
625	29	50
625	30	80
625	31	0
625	32	80
625	33	50
625	34	80
625	35	80
625	36	70
625	37	80
625	38	10
625	39	100
625	40	100
626	1	0
626	2	60
626	3	90
626	4	80
626	5	80
626	6	100
626	7	20
626	8	100
626	9	70
626	10	80
626	11	60
626	12	60
626	13	30
626	14	100
626	15	110
626	16	100
626	17	90
626	18	80
626	19	100
626	20	100
626	21	60
626	22	70
626	23	60
626	24	90
626	25	80
626	26	60
626	27	60
626	28	80
626	29	70
626	30	100
626	31	50
626	32	80
626	33	50
626	34	80
626	35	80
626	36	90
626	37	30
626	38	80
626	39	80
626	40	50
627	1	70
627	2	50
627	3	0
627	4	70
627	5	50
627	6	90
627	7	90
627	8	90
627	9	70
627	10	90
627	11	70
627	12	70
627	13	70
627	14	70
627	15	90
627	16	50
627	17	50
627	18	70
627	19	70
627	20	90
627	21	70
627	22	90
627	23	50
627	24	70
627	25	20
627	26	0
627	27	50
627	28	50
627	29	70
627	30	70
627	31	20
627	32	50
627	33	50
627	34	50
627	35	50
627	36	90
627	37	50
627	38	0
627	39	50
627	40	70
628	1	70
628	2	60
628	3	40
628	4	100
628	5	60
628	6	100
628	7	70
628	8	100
628	9	90
628	10	80
628	11	90
628	12	80
628	13	80
628	14	60
628	15	90
628	16	80
628	17	90
628	18	80
628	19	100
628	20	100
628	21	80
628	22	90
628	23	60
628	24	90
628	25	30
628	26	10
628	27	60
628	28	80
628	29	70
628	30	80
628	31	20
628	32	60
628	33	50
628	34	60
628	35	60
628	36	70
628	37	60
628	38	30
628	39	80
628	40	80
629	1	50
629	2	50
629	3	60
629	4	80
629	5	100
629	6	120
629	7	90
629	8	90
629	9	70
629	10	100
629	11	130
629	12	70
629	13	80
629	14	80
629	15	110
629	16	120
629	17	110
629	18	60
629	19	100
629	20	120
629	21	60
629	22	90
629	23	60
629	24	70
629	25	30
629	26	10
629	27	60
629	28	120
629	29	70
629	30	90
629	31	0
629	32	60
629	33	50
629	34	50
629	35	60
629	36	70
629	37	60
629	38	30
629	39	90
629	40	110
630	1	0
630	2	60
630	3	90
630	4	80
630	5	80
630	6	100
630	7	20
630	8	60
630	9	50
630	10	80
630	11	20
630	12	80
630	13	30
630	14	60
630	15	70
630	16	80
630	17	70
630	18	60
630	19	80
630	20	100
630	21	60
630	22	70
630	23	60
630	24	50
630	25	80
630	26	60
630	27	60
630	28	80
630	29	70
630	30	60
630	31	50
630	32	60
630	33	50
630	34	60
630	35	60
630	36	50
630	37	10
630	38	80
630	39	60
630	40	30
631	1	20
631	2	70
631	3	70
631	4	50
631	5	50
631	6	50
631	7	20
631	8	70
631	9	70
631	10	70
631	11	20
631	12	70
631	13	20
631	14	50
631	15	90
631	16	70
631	17	70
631	18	50
631	19	90
631	20	50
631	21	50
631	22	70
631	23	50
631	24	70
631	25	70
631	26	70
631	27	50
631	28	70
631	29	70
631	30	90
631	31	50
631	32	50
631	33	50
631	34	50
631	35	50
631	36	50
631	37	0
631	38	50
631	39	90
631	40	40
632	1	20
632	2	60
632	3	70
632	4	100
632	5	60
632	6	100
632	7	20
632	8	80
632	9	70
632	10	80
632	11	20
632	12	80
632	13	10
632	14	60
632	15	50
632	16	60
632	17	70
632	18	80
632	19	60
632	20	100
632	21	80
632	22	70
632	23	60
632	24	70
632	25	60
632	26	60
632	27	60
632	28	60
632	29	50
632	30	60
632	31	70
632	32	60
632	33	50
632	34	60
632	35	60
632	36	70
632	37	10
632	38	80
632	39	60
632	40	10
633	1	40
633	2	70
633	3	50
633	4	70
633	5	50
633	6	80
633	7	40
633	8	70
633	9	70
633	10	90
633	11	0
633	12	90
633	13	30
633	14	50
633	15	70
633	16	60
633	17	50
633	18	80
633	19	70
633	20	70
633	21	80
633	22	90
633	23	60
633	24	70
633	25	80
633	26	70
633	27	60
633	28	60
633	29	70
633	30	70
633	31	70
633	32	60
633	33	50
633	34	50
633	35	50
633	36	70
633	37	0
633	38	60
633	39	70
633	40	20
634	1	70
634	2	50
634	3	40
634	4	100
634	5	80
634	6	100
634	7	70
634	8	90
634	9	90
634	10	80
634	11	110
634	12	70
634	13	80
634	14	60
634	15	90
634	16	100
634	17	110
634	18	80
634	19	100
634	20	100
634	21	80
634	22	110
634	23	60
634	24	90
634	25	30
634	26	10
634	27	60
634	28	100
634	29	70
634	30	70
634	31	20
634	32	60
634	33	50
634	34	50
634	35	60
634	36	70
634	37	60
634	38	30
634	39	90
634	40	70
635	1	0
635	2	50
635	3	90
635	4	50
635	5	90
635	6	70
635	7	20
635	8	70
635	9	70
635	10	70
635	11	20
635	12	70
635	13	0
635	14	70
635	15	70
635	16	110
635	17	70
635	18	70
635	19	70
635	20	70
635	21	50
635	22	50
635	23	50
635	24	90
635	25	50
635	26	50
635	27	50
635	28	90
635	29	50
635	30	70
635	31	50
635	32	70
635	33	50
635	34	70
635	35	70
635	36	70
635	37	20
635	38	50
635	39	70
635	40	40
636	1	70
636	2	60
636	3	60
636	4	100
636	5	100
636	6	120
636	7	90
636	8	100
636	9	90
636	10	100
636	11	110
636	12	100
636	13	60
636	14	60
636	15	70
636	16	120
636	17	110
636	18	80
636	19	80
636	20	120
636	21	80
636	22	90
636	23	60
636	24	90
636	25	10
636	26	10
636	27	60
636	28	120
636	29	50
636	30	80
636	31	20
636	32	60
636	33	50
636	34	60
636	35	60
636	36	70
636	37	60
636	38	30
636	39	100
636	40	100
637	1	70
637	2	60
637	3	40
637	4	80
637	5	80
637	6	100
637	7	90
637	8	100
637	9	90
637	10	100
637	11	70
637	12	100
637	13	80
637	14	60
637	15	90
637	16	100
637	17	70
637	18	80
637	19	100
637	20	100
637	21	80
637	22	90
637	23	60
637	24	90
637	25	30
637	26	10
637	27	60
637	28	100
637	29	70
637	30	80
637	31	20
637	32	60
637	33	50
637	34	60
637	35	60
637	36	70
637	37	60
637	38	10
637	39	80
637	40	100
638	1	50
638	2	60
638	3	60
638	4	80
638	5	80
638	6	100
638	7	70
638	8	80
638	9	70
638	10	80
638	11	90
638	12	80
638	13	60
638	14	60
638	15	70
638	16	100
638	17	90
638	18	60
638	19	80
638	20	100
638	21	60
638	22	50
638	23	60
638	24	70
638	25	10
638	26	10
638	27	60
638	28	100
638	29	50
638	30	80
638	31	0
638	32	60
638	33	50
638	34	60
638	35	60
638	36	50
638	37	60
638	38	30
638	39	80
638	40	100
639	1	70
639	2	50
639	3	20
639	4	70
639	5	90
639	6	100
639	7	90
639	8	110
639	9	90
639	10	90
639	11	110
639	12	70
639	13	60
639	14	90
639	15	90
639	16	120
639	17	90
639	18	100
639	19	70
639	20	90
639	21	80
639	22	90
639	23	60
639	24	110
639	25	10
639	26	0
639	27	60
639	28	100
639	29	50
639	30	90
639	31	20
639	32	80
639	33	50
639	34	70
639	35	70
639	36	110
639	37	70
639	38	10
639	39	90
639	40	90
640	1	0
640	2	50
640	3	70
640	4	50
640	5	90
640	6	100
640	7	40
640	8	70
640	9	50
640	10	90
640	11	40
640	12	70
640	13	30
640	14	70
640	15	90
640	16	100
640	17	70
640	18	60
640	19	70
640	20	90
640	21	60
640	22	90
640	23	60
640	24	50
640	25	80
640	26	50
640	27	60
640	28	100
640	29	70
640	30	70
640	31	50
640	32	60
640	33	50
640	34	50
640	35	50
640	36	70
640	37	0
640	38	60
640	39	70
640	40	40
641	1	0
641	2	60
641	3	70
641	4	60
641	5	100
641	6	80
641	7	20
641	8	60
641	9	50
641	10	80
641	11	0
641	12	80
641	13	10
641	14	80
641	15	50
641	16	100
641	17	50
641	18	80
641	19	60
641	20	80
641	21	60
641	22	50
641	23	60
641	24	70
641	25	60
641	26	60
641	27	60
641	28	80
641	29	50
641	30	60
641	31	50
641	32	80
641	33	50
641	34	80
641	35	80
641	36	70
641	37	30
641	38	60
641	39	60
641	40	30
642	1	40
642	2	70
642	3	90
642	4	80
642	5	80
642	6	120
642	7	80
642	8	110
642	9	90
642	10	140
642	11	40
642	12	110
642	13	30
642	14	80
642	15	110
642	16	100
642	17	70
642	18	80
642	19	100
642	20	120
642	21	80
642	22	90
642	23	60
642	24	90
642	25	80
642	26	80
642	27	60
642	28	100
642	29	70
642	30	110
642	31	70
642	32	60
642	33	50
642	34	50
642	35	60
642	36	90
642	37	10
642	38	60
642	39	90
642	40	80
643	1	70
643	2	60
643	3	0
643	4	80
643	5	100
643	6	100
643	7	90
643	8	120
643	9	90
643	10	100
643	11	90
643	12	80
643	13	80
643	14	100
643	15	90
643	16	100
643	17	70
643	18	100
643	19	80
643	20	100
643	21	100
643	22	110
643	23	80
643	24	90
643	25	30
643	26	10
643	27	80
643	28	100
643	29	70
643	30	80
643	31	40
643	32	80
643	33	70
643	34	80
643	35	80
643	36	110
643	37	80
643	38	10
643	39	80
643	40	80
644	1	20
644	2	70
644	3	70
644	4	60
644	5	60
644	6	80
644	7	40
644	8	90
644	9	70
644	10	100
644	11	40
644	12	70
644	13	30
644	14	80
644	15	110
644	16	80
644	17	70
644	18	60
644	19	100
644	20	80
644	21	60
644	22	70
644	23	60
644	24	70
644	25	80
644	26	80
644	27	60
644	28	80
644	29	70
644	30	110
644	31	50
644	32	60
644	33	50
644	34	50
644	35	60
644	36	70
644	37	10
644	38	60
644	39	90
644	40	60
645	1	20
645	2	70
645	3	90
645	4	50
645	5	70
645	6	70
645	7	40
645	8	70
645	9	70
645	10	90
645	11	20
645	12	90
645	13	20
645	14	50
645	15	90
645	16	90
645	17	70
645	18	50
645	19	90
645	20	70
645	21	50
645	22	70
645	23	50
645	24	70
645	25	70
645	26	70
645	27	50
645	28	90
645	29	70
645	30	90
645	31	50
645	32	50
645	33	50
645	34	50
645	35	50
645	36	50
645	37	0
645	38	50
645	39	90
645	40	60
646	1	50
646	2	50
646	3	40
646	4	60
646	5	120
646	6	100
646	7	90
646	8	110
646	9	90
646	10	100
646	11	110
646	12	70
646	13	80
646	14	100
646	15	110
646	16	140
646	17	90
646	18	80
646	19	100
646	20	100
646	21	80
646	22	90
646	23	80
646	24	90
646	25	30
646	26	10
646	27	80
646	28	140
646	29	70
646	30	90
646	31	20
646	32	80
646	33	70
646	34	70
646	35	80
646	36	90
646	37	80
646	38	10
646	39	90
646	40	110
647	1	70
647	2	50
647	3	40
647	4	70
647	5	90
647	6	100
647	7	90
647	8	90
647	9	90
647	10	90
647	11	70
647	12	90
647	13	60
647	14	70
647	15	70
647	16	120
647	17	70
647	18	100
647	19	70
647	20	90
647	21	80
647	22	70
647	23	60
647	24	110
647	25	10
647	26	0
647	27	60
647	28	100
647	29	50
647	30	70
647	31	20
647	32	80
647	33	50
647	34	70
647	35	70
647	36	90
647	37	70
647	38	10
647	39	70
647	40	90
648	1	50
648	2	50
648	3	40
648	4	50
648	5	110
648	6	90
648	7	90
648	8	110
648	9	90
648	10	90
648	11	110
648	12	70
648	13	70
648	14	90
648	15	110
648	16	130
648	17	90
648	18	70
648	19	90
648	20	90
648	21	70
648	22	90
648	23	70
648	24	90
648	25	20
648	26	0
648	27	70
648	28	130
648	29	70
648	30	90
648	31	20
648	32	70
648	33	70
648	34	70
648	35	70
648	36	90
648	37	70
648	38	0
648	39	90
648	40	110
649	1	50
649	2	50
649	3	60
649	4	70
649	5	110
649	6	100
649	7	70
649	8	70
649	9	70
649	10	70
649	11	110
649	12	70
649	13	80
649	14	70
649	15	90
649	16	140
649	17	110
649	18	80
649	19	90
649	20	90
649	21	60
649	22	90
649	23	60
649	24	90
649	25	30
649	26	0
649	27	60
649	28	120
649	29	70
649	30	70
649	31	0
649	32	80
649	33	50
649	34	70
649	35	70
649	36	70
649	37	70
649	38	30
649	39	90
649	40	90
650	1	50
650	2	60
650	3	60
650	4	80
650	5	100
650	6	100
650	7	70
650	8	80
650	9	70
650	10	80
650	11	110
650	12	80
650	13	80
650	14	60
650	15	90
650	16	120
650	17	110
650	18	60
650	19	100
650	20	100
650	21	60
650	22	90
650	23	60
650	24	70
650	25	30
650	26	10
650	27	60
650	28	120
650	29	70
650	30	80
650	31	0
650	32	60
650	33	50
650	34	60
650	35	60
650	36	50
650	37	60
650	38	30
650	39	100
650	40	100
651	1	0
651	2	60
651	3	50
651	4	60
651	5	80
651	6	60
651	7	0
651	8	60
651	9	50
651	10	60
651	11	0
651	12	60
651	13	10
651	14	80
651	15	50
651	16	80
651	17	50
651	18	80
651	19	60
651	20	60
651	21	60
651	22	50
651	23	60
651	24	70
651	25	60
651	26	60
651	27	60
651	28	60
651	29	50
651	30	60
651	31	50
651	32	80
651	33	50
651	34	80
651	35	80
651	36	70
651	37	30
651	38	60
651	39	60
651	40	10
652	1	50
652	2	50
652	3	40
652	4	70
652	5	70
652	6	80
652	7	50
652	8	70
652	9	70
652	10	50
652	11	110
652	12	50
652	13	80
652	14	50
652	15	90
652	16	100
652	17	110
652	18	60
652	19	90
652	20	70
652	21	60
652	22	90
652	23	60
652	24	70
652	25	30
652	26	0
652	27	60
652	28	100
652	29	70
652	30	70
652	31	0
652	32	60
652	33	50
652	34	50
652	35	50
652	36	50
652	37	50
652	38	30
652	39	90
652	40	70
653	1	20
653	2	50
653	3	110
653	4	90
653	5	70
653	6	110
653	7	40
653	8	90
653	9	90
653	10	90
653	11	40
653	12	90
653	13	20
653	14	50
653	15	90
653	16	90
653	17	90
653	18	70
653	19	90
653	20	110
653	21	70
653	22	90
653	23	50
653	24	90
653	25	70
653	26	50
653	27	50
653	28	90
653	29	70
653	30	70
653	31	70
653	32	50
653	33	50
653	34	50
653	35	50
653	36	70
653	37	0
653	38	70
653	39	70
653	40	40
654	1	50
654	2	50
654	3	20
654	4	80
654	5	60
654	6	100
654	7	70
654	8	70
654	9	50
654	10	80
654	11	90
654	12	50
654	13	80
654	14	80
654	15	90
654	16	60
654	17	70
654	18	60
654	19	80
654	20	100
654	21	60
654	22	70
654	23	60
654	24	50
654	25	30
654	26	10
654	27	60
654	28	60
654	29	70
654	30	70
654	31	0
654	32	60
654	33	50
654	34	50
654	35	60
654	36	70
654	37	60
654	38	30
654	39	50
654	40	70
655	1	20
655	2	50
655	3	90
655	4	90
655	5	50
655	6	90
655	7	20
655	8	90
655	9	90
655	10	70
655	11	40
655	12	70
655	13	20
655	14	50
655	15	90
655	16	70
655	17	90
655	18	70
655	19	90
655	20	90
655	21	70
655	22	90
655	23	50
655	24	90
655	25	70
655	26	50
655	27	50
655	28	70
655	29	70
655	30	70
655	31	70
655	32	50
655	33	50
655	34	50
655	35	50
655	36	70
655	37	0
655	38	70
655	39	70
655	40	20
656	1	50
656	2	60
656	3	0
656	4	60
656	5	80
656	6	60
656	7	50
656	8	60
656	9	50
656	10	60
656	11	50
656	12	60
656	13	60
656	14	80
656	15	50
656	16	80
656	17	50
656	18	80
656	19	60
656	20	60
656	21	60
656	22	50
656	23	60
656	24	70
656	25	10
656	26	10
656	27	60
656	28	60
656	29	50
656	30	60
656	31	0
656	32	80
656	33	50
656	34	80
656	35	80
656	36	70
656	37	80
656	38	10
656	39	60
656	40	60
657	1	0
657	2	50
657	3	50
657	4	50
657	5	90
657	6	60
657	7	0
657	8	70
657	9	70
657	10	50
657	11	20
657	12	50
657	13	30
657	14	70
657	15	70
657	16	100
657	17	70
657	18	80
657	19	70
657	20	50
657	21	80
657	22	90
657	23	80
657	24	70
657	25	80
657	26	50
657	27	80
657	28	100
657	29	70
657	30	50
657	31	70
657	32	80
657	33	70
657	34	70
657	35	70
657	36	70
657	37	20
657	38	60
657	39	70
657	40	0
658	1	20
658	2	50
658	3	90
658	4	100
658	5	100
658	6	140
658	7	60
658	8	90
658	9	70
658	10	120
658	11	60
658	12	90
658	13	30
658	14	80
658	15	90
658	16	100
658	17	90
658	18	80
658	19	80
658	20	140
658	21	80
658	22	110
658	23	60
658	24	70
658	25	80
658	26	60
658	27	60
658	28	100
658	29	70
658	30	70
658	31	70
658	32	60
658	33	50
658	34	50
658	35	60
658	36	90
658	37	10
658	38	80
658	39	70
658	40	40
659	1	20
659	2	80
659	3	70
659	4	80
659	5	100
659	6	80
659	7	20
659	8	60
659	9	50
659	10	80
659	11	40
659	12	80
659	13	10
659	14	80
659	15	50
659	16	100
659	17	90
659	18	80
659	19	60
659	20	80
659	21	60
659	22	70
659	23	60
659	24	70
659	25	60
659	26	80
659	27	60
659	28	80
659	29	50
659	30	80
659	31	50
659	32	80
659	33	50
659	34	80
659	35	80
659	36	70
659	37	30
659	38	80
659	39	100
659	40	30
660	1	20
660	2	70
660	3	110
660	4	70
660	5	110
660	6	100
660	7	40
660	8	70
660	9	70
660	10	90
660	11	60
660	12	90
660	13	10
660	14	70
660	15	70
660	16	140
660	17	110
660	18	80
660	19	70
660	20	90
660	21	60
660	22	70
660	23	60
660	24	90
660	25	60
660	26	70
660	27	60
660	28	120
660	29	50
660	30	90
660	31	50
660	32	80
660	33	50
660	34	70
660	35	70
660	36	70
660	37	20
660	38	80
660	39	110
660	40	60
661	1	20
661	2	50
661	3	90
661	4	70
661	5	110
661	6	100
661	7	40
661	8	110
661	9	110
661	10	90
661	11	40
661	12	90
661	13	30
661	14	70
661	15	90
661	16	140
661	17	90
661	18	100
661	19	90
661	20	90
661	21	100
661	22	110
661	23	80
661	24	110
661	25	80
661	26	50
661	27	80
661	28	140
661	29	70
661	30	70
661	31	90
661	32	80
661	33	70
661	34	70
661	35	70
661	36	90
661	37	20
661	38	60
661	39	90
661	40	40
662	1	20
662	2	60
662	3	90
662	4	100
662	5	100
662	6	140
662	7	60
662	8	100
662	9	70
662	10	120
662	11	60
662	12	100
662	13	10
662	14	80
662	15	70
662	16	100
662	17	90
662	18	80
662	19	60
662	20	140
662	21	80
662	22	90
662	23	60
662	24	70
662	25	60
662	26	60
662	27	60
662	28	100
662	29	50
662	30	80
662	31	70
662	32	60
662	33	50
662	34	60
662	35	60
662	36	90
662	37	10
662	38	80
662	39	80
662	40	50
663	1	0
663	2	60
663	3	90
663	4	60
663	5	120
663	6	100
663	7	40
663	8	100
663	9	70
663	10	100
663	11	60
663	12	80
663	13	10
663	14	100
663	15	90
663	16	140
663	17	90
663	18	80
663	19	80
663	20	100
663	21	60
663	22	70
663	23	60
663	24	90
663	25	60
663	26	60
663	27	60
663	28	120
663	29	50
663	30	100
663	31	50
663	32	80
663	33	50
663	34	80
663	35	80
663	36	90
663	37	30
663	38	60
663	39	100
663	40	70
664	1	50
664	2	60
664	3	20
664	4	60
664	5	80
664	6	60
664	7	50
664	8	80
664	9	70
664	10	60
664	11	90
664	12	60
664	13	80
664	14	60
664	15	90
664	16	100
664	17	90
664	18	60
664	19	100
664	20	60
664	21	60
664	22	90
664	23	60
664	24	70
664	25	30
664	26	10
664	27	60
664	28	100
664	29	70
664	30	80
664	31	0
664	32	60
664	33	50
664	34	60
664	35	60
664	36	50
664	37	60
664	38	10
664	39	100
664	40	80
665	1	20
665	2	60
665	3	90
665	4	100
665	5	80
665	6	120
665	7	40
665	8	120
665	9	90
665	10	100
665	11	80
665	12	80
665	13	30
665	14	80
665	15	110
665	16	100
665	17	110
665	18	80
665	19	100
665	20	120
665	21	80
665	22	110
665	23	60
665	24	90
665	25	80
665	26	60
665	27	60
665	28	100
665	29	70
665	30	100
665	31	70
665	32	60
665	33	50
665	34	60
665	35	60
665	36	90
665	37	10
665	38	80
665	39	100
665	40	50
666	1	50
666	2	50
666	3	0
666	4	60
666	5	80
666	6	80
666	7	70
666	8	70
666	9	50
666	10	80
666	11	70
666	12	50
666	13	60
666	14	100
666	15	70
666	16	80
666	17	50
666	18	80
666	19	60
666	20	80
666	21	60
666	22	50
666	23	60
666	24	70
666	25	10
666	26	10
666	27	60
666	28	60
666	29	50
666	30	70
666	31	0
666	32	80
666	33	50
666	34	70
666	35	80
666	36	90
666	37	80
666	38	10
666	39	50
666	40	70
667	1	20
667	2	60
667	3	70
667	4	80
667	5	100
667	6	100
667	7	40
667	8	140
667	9	110
667	10	100
667	11	60
667	12	80
667	13	30
667	14	100
667	15	110
667	16	120
667	17	90
667	18	100
667	19	100
667	20	100
667	21	100
667	22	110
667	23	80
667	24	110
667	25	80
667	26	60
667	27	80
667	28	120
667	29	70
667	30	100
667	31	90
667	32	80
667	33	70
667	34	80
667	35	80
667	36	110
667	37	30
667	38	60
667	39	100
667	40	50
668	1	90
668	2	70
668	3	40
668	4	90
668	5	70
668	6	110
668	7	110
668	8	110
668	9	90
668	10	110
668	11	110
668	12	90
668	13	50
668	14	90
668	15	90
668	16	90
668	17	90
668	18	90
668	19	70
668	20	110
668	21	70
668	22	70
668	23	50
668	24	110
668	25	0
668	26	20
668	27	50
668	28	70
668	29	50
668	30	110
668	31	20
668	32	70
668	33	50
668	34	70
668	35	70
668	36	110
668	37	70
668	38	20
668	39	90
668	40	110
669	1	20
669	2	50
669	3	70
669	4	70
669	5	70
669	6	70
669	7	20
669	8	110
669	9	110
669	10	70
669	11	20
669	12	70
669	13	20
669	14	70
669	15	90
669	16	90
669	17	70
669	18	90
669	19	90
669	20	70
669	21	90
669	22	90
669	23	70
669	24	110
669	25	70
669	26	50
669	27	70
669	28	90
669	29	70
669	30	70
669	31	90
669	32	70
669	33	70
669	34	70
669	35	70
669	36	90
669	37	20
669	38	50
669	39	70
669	40	20
670	1	20
670	2	60
670	3	70
670	4	100
670	5	100
670	6	100
670	7	20
670	8	80
670	9	70
670	10	80
670	11	40
670	12	80
670	13	30
670	14	80
670	15	70
670	16	100
670	17	90
670	18	100
670	19	80
670	20	100
670	21	80
670	22	110
670	23	60
670	24	90
670	25	80
670	26	60
670	27	60
670	28	80
670	29	70
670	30	60
670	31	70
670	32	80
670	33	50
670	34	80
670	35	80
670	36	90
670	37	30
670	38	80
670	39	80
670	40	10
671	1	20
671	2	50
671	3	110
671	4	90
671	5	110
671	6	120
671	7	40
671	8	90
671	9	90
671	10	90
671	11	60
671	12	90
671	13	30
671	14	70
671	15	90
671	16	140
671	17	110
671	18	100
671	19	90
671	20	110
671	21	80
671	22	110
671	23	60
671	24	110
671	25	80
671	26	50
671	27	60
671	28	120
671	29	70
671	30	70
671	31	70
671	32	80
671	33	50
671	34	70
671	35	70
671	36	90
671	37	20
671	38	80
671	39	90
671	40	40
672	1	50
672	2	50
672	3	20
672	4	70
672	5	70
672	6	70
672	7	50
672	8	50
672	9	50
672	10	50
672	11	90
672	12	50
672	13	70
672	14	50
672	15	70
672	16	70
672	17	90
672	18	50
672	19	70
672	20	70
672	21	50
672	22	90
672	23	50
672	24	50
672	25	20
672	26	0
672	27	50
672	28	70
672	29	70
672	30	50
672	31	0
672	32	50
672	33	50
672	34	50
672	35	50
672	36	50
672	37	50
672	38	20
672	39	70
672	40	50
673	1	70
673	2	60
673	3	40
673	4	100
673	5	80
673	6	120
673	7	90
673	8	120
673	9	90
673	10	100
673	11	110
673	12	80
673	13	80
673	14	100
673	15	110
673	16	100
673	17	90
673	18	100
673	19	100
673	20	120
673	21	80
673	22	90
673	23	60
673	24	110
673	25	30
673	26	10
673	27	60
673	28	80
673	29	70
673	30	100
673	31	20
673	32	80
673	33	50
673	34	80
673	35	80
673	36	110
673	37	80
673	38	30
673	39	80
673	40	100
674	1	20
674	2	50
674	3	70
674	4	70
674	5	90
674	6	120
674	7	60
674	8	110
674	9	90
674	10	110
674	11	20
674	12	90
674	13	30
674	14	90
674	15	90
674	16	100
674	17	50
674	18	100
674	19	70
674	20	110
674	21	100
674	22	90
674	23	80
674	24	90
674	25	80
674	26	50
674	27	80
674	28	100
674	29	70
674	30	70
674	31	90
674	32	80
674	33	70
674	34	70
674	35	70
674	36	110
674	37	20
674	38	60
674	39	50
674	40	40
675	1	0
675	2	50
675	3	110
675	4	70
675	5	110
675	6	120
675	7	40
675	8	90
675	9	70
675	10	90
675	11	80
675	12	70
675	13	30
675	14	90
675	15	110
675	16	140
675	17	110
675	18	80
675	19	90
675	20	110
675	21	60
675	22	90
675	23	60
675	24	90
675	25	80
675	26	50
675	27	60
675	28	120
675	29	70
675	30	90
675	31	50
675	32	80
675	33	50
675	34	70
675	35	70
675	36	90
675	37	20
675	38	80
675	39	90
675	40	60
676	1	50
676	2	50
676	3	20
676	4	60
676	5	100
676	6	100
676	7	90
676	8	70
676	9	50
676	10	100
676	11	70
676	12	70
676	13	60
676	14	100
676	15	70
676	16	100
676	17	50
676	18	80
676	19	60
676	20	100
676	21	60
676	22	50
676	23	60
676	24	70
676	25	10
676	26	10
676	27	60
676	28	80
676	29	50
676	30	70
676	31	0
676	32	80
676	33	50
676	34	70
676	35	80
676	36	90
676	37	80
676	38	10
676	39	50
676	40	90
677	1	0
677	2	50
677	3	90
677	4	60
677	5	80
677	6	100
677	7	40
677	8	90
677	9	70
677	10	100
677	11	40
677	12	70
677	13	30
677	14	80
677	15	110
677	16	100
677	17	70
677	18	60
677	19	100
677	20	100
677	21	60
677	22	70
677	23	60
677	24	70
677	25	80
677	26	60
677	27	60
677	28	100
677	29	70
677	30	90
677	31	50
677	32	60
677	33	50
677	34	50
677	35	60
677	36	70
677	37	10
677	38	60
677	39	70
677	40	60
678	1	70
678	2	50
678	3	40
678	4	70
678	5	90
678	6	120
678	7	110
678	8	130
678	9	110
678	10	110
678	11	90
678	12	90
678	13	80
678	14	90
678	15	110
678	16	120
678	17	70
678	18	100
678	19	90
678	20	110
678	21	100
678	22	90
678	23	80
678	24	110
678	25	30
678	26	0
678	27	80
678	28	120
678	29	70
678	30	90
678	31	40
678	32	80
678	33	70
678	34	70
678	35	70
678	36	110
678	37	70
678	38	10
678	39	70
678	40	110
679	1	0
679	2	50
679	3	110
679	4	70
679	5	110
679	6	110
679	7	40
679	8	90
679	9	70
679	10	90
679	11	80
679	12	70
679	13	20
679	14	90
679	15	110
679	16	130
679	17	110
679	18	70
679	19	90
679	20	110
679	21	50
679	22	90
679	23	50
679	24	90
679	25	70
679	26	50
679	27	50
679	28	110
679	29	70
679	30	90
679	31	50
679	32	70
679	33	50
679	34	70
679	35	70
679	36	90
679	37	20
679	38	70
679	39	90
679	40	60
680	1	70
680	2	80
680	3	40
680	4	80
680	5	100
680	6	100
680	7	90
680	8	60
680	9	50
680	10	100
680	11	70
680	12	100
680	13	60
680	14	80
680	15	50
680	16	100
680	17	70
680	18	80
680	19	60
680	20	100
680	21	60
680	22	50
680	23	60
680	24	70
680	25	10
680	26	30
680	27	60
680	28	80
680	29	50
680	30	80
680	31	0
680	32	80
680	33	50
680	34	80
680	35	80
680	36	70
680	37	80
680	38	30
680	39	80
680	40	100
681	1	50
681	2	50
681	3	40
681	4	80
681	5	100
681	6	100
681	7	70
681	8	90
681	9	70
681	10	80
681	11	130
681	12	50
681	13	80
681	14	100
681	15	110
681	16	120
681	17	110
681	18	80
681	19	100
681	20	100
681	21	60
681	22	90
681	23	60
681	24	90
681	25	30
681	26	10
681	27	60
681	28	100
681	29	70
681	30	90
681	31	0
681	32	80
681	33	50
681	34	70
681	35	80
681	36	90
681	37	80
681	38	30
681	39	90
681	40	90
682	1	50
682	2	50
682	3	40
682	4	60
682	5	120
682	6	100
682	7	90
682	8	90
682	9	70
682	10	100
682	11	110
682	12	70
682	13	60
682	14	100
682	15	90
682	16	140
682	17	90
682	18	80
682	19	80
682	20	100
682	21	60
682	22	70
682	23	60
682	24	90
682	25	10
682	26	10
682	27	60
682	28	120
682	29	50
682	30	90
682	31	0
682	32	80
682	33	50
682	34	70
682	35	80
682	36	90
682	37	80
682	38	10
682	39	90
682	40	110
683	1	50
683	2	50
683	3	0
683	4	60
683	5	60
683	6	60
683	7	50
683	8	50
683	9	50
683	10	60
683	11	50
683	12	50
683	13	80
683	14	60
683	15	70
683	16	60
683	17	50
683	18	60
683	19	80
683	20	60
683	21	60
683	22	70
683	23	60
683	24	50
683	25	30
683	26	10
683	27	60
683	28	60
683	29	70
683	30	50
683	31	0
683	32	60
683	33	50
683	34	50
683	35	60
683	36	50
683	37	60
683	38	10
683	39	50
683	40	50
684	1	90
684	2	70
684	3	0
684	4	80
684	5	60
684	6	80
684	7	90
684	8	70
684	9	70
684	10	100
684	11	50
684	12	90
684	13	80
684	14	60
684	15	70
684	16	60
684	17	50
684	18	80
684	19	80
684	20	80
684	21	80
684	22	90
684	23	60
684	24	70
684	25	30
684	26	30
684	27	60
684	28	60
684	29	70
684	30	70
684	31	20
684	32	60
684	33	50
684	34	50
684	35	60
684	36	70
684	37	60
684	38	10
684	39	70
684	40	70
685	1	50
685	2	60
685	3	0
685	4	60
685	5	80
685	6	60
685	7	50
685	8	80
685	9	70
685	10	60
685	11	50
685	12	60
685	13	80
685	14	80
685	15	70
685	16	80
685	17	50
685	18	80
685	19	80
685	20	60
685	21	80
685	22	70
685	23	80
685	24	70
685	25	30
685	26	10
685	27	80
685	28	80
685	29	70
685	30	60
685	31	20
685	32	80
685	33	70
685	34	80
685	35	80
685	36	70
685	37	80
685	38	10
685	39	60
685	40	60
686	1	50
686	2	60
686	3	40
686	4	60
686	5	80
686	6	80
686	7	70
686	8	80
686	9	70
686	10	80
686	11	70
686	12	80
686	13	80
686	14	60
686	15	90
686	16	100
686	17	70
686	18	60
686	19	100
686	20	80
686	21	60
686	22	70
686	23	60
686	24	70
686	25	30
686	26	10
686	27	60
686	28	100
686	29	70
686	30	80
686	31	0
686	32	60
686	33	50
686	34	60
686	35	60
686	36	50
686	37	60
686	38	10
686	39	80
686	40	100
687	1	50
687	2	50
687	3	20
687	4	50
687	5	90
687	6	50
687	7	50
687	8	90
687	9	90
687	10	50
687	11	90
687	12	50
687	13	70
687	14	70
687	15	90
687	16	110
687	17	90
687	18	70
687	19	90
687	20	50
687	21	70
687	22	90
687	23	70
687	24	90
687	25	20
687	26	0
687	27	70
687	28	110
687	29	70
687	30	70
687	31	20
687	32	70
687	33	70
687	34	70
687	35	70
687	36	70
687	37	70
687	38	0
687	39	90
687	40	70
688	1	20
688	2	50
688	3	110
688	4	90
688	5	90
688	6	120
688	7	40
688	8	90
688	9	90
688	10	90
688	11	60
688	12	90
688	13	30
688	14	50
688	15	90
688	16	120
688	17	110
688	18	80
688	19	90
688	20	110
688	21	80
688	22	110
688	23	60
688	24	90
688	25	80
688	26	50
688	27	60
688	28	120
688	29	70
688	30	70
688	31	70
688	32	60
688	33	50
688	34	50
688	35	50
688	36	70
688	37	0
688	38	80
688	39	90
688	40	40
689	1	20
689	2	70
689	3	110
689	4	70
689	5	90
689	6	120
689	7	60
689	8	90
689	9	70
689	10	110
689	11	60
689	12	90
689	13	10
689	14	90
689	15	90
689	16	120
689	17	90
689	18	80
689	19	70
689	20	110
689	21	60
689	22	50
689	23	60
689	24	90
689	25	60
689	26	70
689	27	60
689	28	100
689	29	50
689	30	110
689	31	50
689	32	80
689	33	50
689	34	70
689	35	70
689	36	90
689	37	20
689	38	80
689	39	90
689	40	80
690	1	40
690	2	80
690	3	70
690	4	80
690	5	80
690	6	100
690	7	60
690	8	120
690	9	90
690	10	120
690	11	60
690	12	100
690	13	30
690	14	80
690	15	110
690	16	100
690	17	90
690	18	80
690	19	100
690	20	100
690	21	80
690	22	110
690	23	60
690	24	90
690	25	80
690	26	80
690	27	60
690	28	100
690	29	70
690	30	120
690	31	70
690	32	60
690	33	50
690	34	60
690	35	60
690	36	90
690	37	10
690	38	60
690	39	120
690	40	70
691	1	50
691	2	50
691	3	20
691	4	50
691	5	110
691	6	100
691	7	90
691	8	90
691	9	70
691	10	90
691	11	90
691	12	70
691	13	80
691	14	90
691	15	90
691	16	120
691	17	70
691	18	80
691	19	70
691	20	90
691	21	80
691	22	90
691	23	80
691	24	70
691	25	30
691	26	0
691	27	80
691	28	120
691	29	70
691	30	70
691	31	20
691	32	80
691	33	70
691	34	70
691	35	70
691	36	90
691	37	70
691	38	10
691	39	70
691	40	90
692	1	0
692	2	50
692	3	70
692	4	70
692	5	50
692	6	70
692	7	0
692	8	50
692	9	50
692	10	50
692	11	20
692	12	50
692	13	20
692	14	50
692	15	70
692	16	50
692	17	70
692	18	50
692	19	70
692	20	70
692	21	50
692	22	70
692	23	50
692	24	50
692	25	70
692	26	50
692	27	50
692	28	50
692	29	70
692	30	50
692	31	50
692	32	50
692	33	50
692	34	50
692	35	50
692	36	50
692	37	0
692	38	70
692	39	50
692	40	0
693	1	20
693	2	50
693	3	70
693	4	80
693	5	100
693	6	100
693	7	40
693	8	130
693	9	110
693	10	100
693	11	60
693	12	70
693	13	30
693	14	100
693	15	110
693	16	120
693	17	90
693	18	100
693	19	100
693	20	100
693	21	100
693	22	110
693	23	80
693	24	110
693	25	80
693	26	60
693	27	80
693	28	120
693	29	70
693	30	90
693	31	90
693	32	80
693	33	70
693	34	70
693	35	80
693	36	110
693	37	30
693	38	60
693	39	90
693	40	40
694	1	20
694	2	50
694	3	90
694	4	100
694	5	100
694	6	140
694	7	60
694	8	90
694	9	70
694	10	120
694	11	60
694	12	90
694	13	30
694	14	80
694	15	90
694	16	100
694	17	90
694	18	80
694	19	80
694	20	140
694	21	80
694	22	110
694	23	60
694	24	70
694	25	80
694	26	60
694	27	60
694	28	100
694	29	70
694	30	70
694	31	70
694	32	60
694	33	50
694	34	50
694	35	60
694	36	90
694	37	10
694	38	80
694	39	70
694	40	40
695	1	50
695	2	50
695	3	60
695	4	80
695	5	120
695	6	100
695	7	70
695	8	70
695	9	70
695	10	80
695	11	110
695	12	70
695	13	80
695	14	80
695	15	90
695	16	140
695	17	110
695	18	80
695	19	100
695	20	100
695	21	60
695	22	90
695	23	60
695	24	90
695	25	30
695	26	10
695	27	60
695	28	120
695	29	70
695	30	70
695	31	0
695	32	80
695	33	50
695	34	70
695	35	80
695	36	70
695	37	80
695	38	30
695	39	90
695	40	90
696	1	20
696	2	50
696	3	90
696	4	70
696	5	90
696	6	90
696	7	40
696	8	90
696	9	90
696	10	90
696	11	40
696	12	90
696	13	20
696	14	50
696	15	90
696	16	110
696	17	90
696	18	70
696	19	90
696	20	90
696	21	70
696	22	110
696	23	50
696	24	90
696	25	70
696	26	50
696	27	50
696	28	110
696	29	70
696	30	70
696	31	70
696	32	50
696	33	50
696	34	50
696	35	50
696	36	70
696	37	0
696	38	50
696	39	90
696	40	40
697	1	0
697	2	50
697	3	70
697	4	80
697	5	60
697	6	100
697	7	20
697	8	70
697	9	50
697	10	80
697	11	40
697	12	50
697	13	10
697	14	80
697	15	70
697	16	60
697	17	70
697	18	60
697	19	60
697	20	100
697	21	60
697	22	50
697	23	60
697	24	50
697	25	60
697	26	60
697	27	60
697	28	60
697	29	50
697	30	70
697	31	50
697	32	60
697	33	50
697	34	50
697	35	60
697	36	70
697	37	10
697	38	80
697	39	50
697	40	20
698	1	50
698	2	60
698	3	40
698	4	80
698	5	120
698	6	100
698	7	70
698	8	60
698	9	50
698	10	80
698	11	90
698	12	80
698	13	80
698	14	80
698	15	70
698	16	120
698	17	90
698	18	80
698	19	80
698	20	100
698	21	60
698	22	90
698	23	60
698	24	70
698	25	30
698	26	10
698	27	60
698	28	100
698	29	70
698	30	60
698	31	0
698	32	80
698	33	50
698	34	80
698	35	80
698	36	70
698	37	80
698	38	30
698	39	80
698	40	80
699	1	20
699	2	60
699	3	110
699	4	100
699	5	100
699	6	120
699	7	40
699	8	100
699	9	90
699	10	100
699	11	60
699	12	100
699	13	10
699	14	60
699	15	70
699	16	120
699	17	110
699	18	80
699	19	80
699	20	120
699	21	80
699	22	90
699	23	60
699	24	90
699	25	60
699	26	60
699	27	60
699	28	120
699	29	50
699	30	80
699	31	70
699	32	60
699	33	50
699	34	60
699	35	60
699	36	70
699	37	10
699	38	80
699	39	100
699	40	50
700	1	0
700	2	60
700	3	90
700	4	80
700	5	80
700	6	120
700	7	40
700	8	80
700	9	50
700	10	100
700	11	40
700	12	80
700	13	10
700	14	80
700	15	70
700	16	80
700	17	70
700	18	60
700	19	60
700	20	120
700	21	60
700	22	50
700	23	60
700	24	50
700	25	60
700	26	60
700	27	60
700	28	80
700	29	50
700	30	80
700	31	50
700	32	60
700	33	50
700	34	60
700	35	60
700	36	70
700	37	10
700	38	80
700	39	60
700	40	50
701	1	50
701	2	50
701	3	60
701	4	70
701	5	90
701	6	100
701	7	70
701	8	70
701	9	70
701	10	70
701	11	110
701	12	70
701	13	60
701	14	50
701	15	70
701	16	120
701	17	110
701	18	60
701	19	70
701	20	90
701	21	60
701	22	70
701	23	60
701	24	70
701	25	10
701	26	0
701	27	60
701	28	120
701	29	50
701	30	70
701	31	0
701	32	60
701	33	50
701	34	50
701	35	50
701	36	50
701	37	50
701	38	30
701	39	90
701	40	90
702	1	40
702	2	70
702	3	90
702	4	90
702	5	90
702	6	110
702	7	60
702	8	70
702	9	70
702	10	110
702	11	20
702	12	110
702	13	0
702	14	70
702	15	50
702	16	90
702	17	70
702	18	90
702	19	50
702	20	110
702	21	70
702	22	70
702	23	50
702	24	90
702	25	50
702	26	70
702	27	50
702	28	70
702	29	50
702	30	70
702	31	70
702	32	70
702	33	50
702	34	70
702	35	70
702	36	90
702	37	20
702	38	70
702	39	70
702	40	40
703	1	20
703	2	70
703	3	90
703	4	70
703	5	90
703	6	90
703	7	40
703	8	50
703	9	50
703	10	90
703	11	20
703	12	90
703	13	0
703	14	70
703	15	50
703	16	90
703	17	70
703	18	70
703	19	50
703	20	90
703	21	50
703	22	50
703	23	50
703	24	70
703	25	50
703	26	70
703	27	50
703	28	70
703	29	50
703	30	70
703	31	50
703	32	70
703	33	50
703	34	70
703	35	70
703	36	70
703	37	20
703	38	70
703	39	70
703	40	40
704	1	70
704	2	50
704	3	60
704	4	100
704	5	80
704	6	140
704	7	110
704	8	110
704	9	90
704	10	120
704	11	110
704	12	90
704	13	60
704	14	80
704	15	90
704	16	100
704	17	90
704	18	80
704	19	80
704	20	140
704	21	80
704	22	70
704	23	60
704	24	90
704	25	10
704	26	10
704	27	60
704	28	100
704	29	50
704	30	90
704	31	20
704	32	60
704	33	50
704	34	50
704	35	60
704	36	90
704	37	60
704	38	30
704	39	70
704	40	110
705	1	20
705	2	60
705	3	70
705	4	80
705	5	120
705	6	120
705	7	60
705	8	100
705	9	70
705	10	120
705	11	40
705	12	100
705	13	10
705	14	100
705	15	70
705	16	120
705	17	70
705	18	100
705	19	60
705	20	120
705	21	80
705	22	90
705	23	60
705	24	90
705	25	60
705	26	60
705	27	60
705	28	100
705	29	50
705	30	80
705	31	70
705	32	80
705	33	50
705	34	80
705	35	80
705	36	110
705	37	30
705	38	60
705	39	80
705	40	50
706	1	70
706	2	50
706	3	60
706	4	90
706	5	90
706	6	120
706	7	90
706	8	90
706	9	90
706	10	90
706	11	110
706	12	90
706	13	60
706	14	50
706	15	70
706	16	120
706	17	110
706	18	80
706	19	70
706	20	110
706	21	80
706	22	90
706	23	60
706	24	90
706	25	10
706	26	0
706	27	60
706	28	120
706	29	50
706	30	70
706	31	20
706	32	60
706	33	50
706	34	50
706	35	50
706	36	70
706	37	50
706	38	30
706	39	90
706	40	90
707	1	50
707	2	50
707	3	60
707	4	70
707	5	70
707	6	90
707	7	70
707	8	70
707	9	70
707	10	70
707	11	90
707	12	70
707	13	70
707	14	50
707	15	90
707	16	90
707	17	90
707	18	50
707	19	90
707	20	90
707	21	50
707	22	70
707	23	50
707	24	70
707	25	20
707	26	0
707	27	50
707	28	90
707	29	70
707	30	70
707	31	0
707	32	50
707	33	50
707	34	50
707	35	50
707	36	50
707	37	50
707	38	20
707	39	70
707	40	90
708	1	40
708	2	70
708	3	50
708	4	80
708	5	80
708	6	100
708	7	60
708	8	90
708	9	70
708	10	120
708	11	40
708	12	90
708	13	30
708	14	80
708	15	90
708	16	80
708	17	70
708	18	80
708	19	80
708	20	100
708	21	80
708	22	110
708	23	60
708	24	70
708	25	80
708	26	80
708	27	60
708	28	80
708	29	70
708	30	90
708	31	70
708	32	60
708	33	50
708	34	50
708	35	60
708	36	90
708	37	10
708	38	60
708	39	90
708	40	40
709	1	70
709	2	60
709	3	20
709	4	100
709	5	100
709	6	120
709	7	90
709	8	100
709	9	70
709	10	100
709	11	110
709	12	80
709	13	80
709	14	100
709	15	90
709	16	100
709	17	90
709	18	100
709	19	80
709	20	120
709	21	80
709	22	110
709	23	60
709	24	90
709	25	30
709	26	10
709	27	60
709	28	80
709	29	70
709	30	80
709	31	20
709	32	80
709	33	50
709	34	80
709	35	80
709	36	110
709	37	80
709	38	30
709	39	80
709	40	80
710	1	20
710	2	70
710	3	70
710	4	60
710	5	80
710	6	80
710	7	40
710	8	90
710	9	70
710	10	100
710	11	60
710	12	70
710	13	30
710	14	80
710	15	110
710	16	100
710	17	90
710	18	60
710	19	100
710	20	80
710	21	60
710	22	90
710	23	60
710	24	70
710	25	80
710	26	80
710	27	60
710	28	100
710	29	70
710	30	110
710	31	50
710	32	60
710	33	50
710	34	50
710	35	60
710	36	70
710	37	10
710	38	60
710	39	110
710	40	60
711	1	0
711	2	60
711	3	90
711	4	80
711	5	80
711	6	80
711	7	0
711	8	80
711	9	70
711	10	60
711	11	60
711	12	60
711	13	30
711	14	60
711	15	90
711	16	100
711	17	110
711	18	60
711	19	100
711	20	80
711	21	60
711	22	90
711	23	60
711	24	70
711	25	80
711	26	60
711	27	60
711	28	100
711	29	70
711	30	80
711	31	50
711	32	60
711	33	50
711	34	60
711	35	60
711	36	50
711	37	10
711	38	80
711	39	100
711	40	30
712	1	70
712	2	50
712	3	0
712	4	80
712	5	80
712	6	80
712	7	70
712	8	90
712	9	90
712	10	80
712	11	50
712	12	70
712	13	80
712	14	80
712	15	70
712	16	80
712	17	50
712	18	100
712	19	80
712	20	80
712	21	100
712	22	90
712	23	80
712	24	90
712	25	30
712	26	10
712	27	80
712	28	80
712	29	70
712	30	50
712	31	40
712	32	80
712	33	70
712	34	70
712	35	80
712	36	90
712	37	80
712	38	10
712	39	50
712	40	50
713	1	0
713	2	50
713	3	90
713	4	50
713	5	110
713	6	90
713	7	40
713	8	90
713	9	70
713	10	90
713	11	60
713	12	70
713	13	0
713	14	90
713	15	90
713	16	130
713	17	90
713	18	70
713	19	70
713	20	90
713	21	50
713	22	70
713	23	50
713	24	90
713	25	50
713	26	50
713	27	50
713	28	110
713	29	50
713	30	90
713	31	50
713	32	70
713	33	50
713	34	70
713	35	70
713	36	90
713	37	20
713	38	50
713	39	90
713	40	60
714	1	90
714	2	70
714	3	60
714	4	90
714	5	90
714	6	110
714	7	110
714	8	90
714	9	90
714	10	110
714	11	90
714	12	110
714	13	50
714	14	70
714	15	70
714	16	110
714	17	90
714	18	90
714	19	70
714	20	110
714	21	70
714	22	70
714	23	50
714	24	110
714	25	0
714	26	20
714	27	50
714	28	90
714	29	50
714	30	90
714	31	20
714	32	70
714	33	50
714	34	70
714	35	70
714	36	90
714	37	70
714	38	20
714	39	90
714	40	110
715	1	0
715	2	50
715	3	90
715	4	50
715	5	90
715	6	100
715	7	40
715	8	90
715	9	70
715	10	90
715	11	40
715	12	70
715	13	10
715	14	90
715	15	90
715	16	120
715	17	70
715	18	80
715	19	70
715	20	90
715	21	60
715	22	50
715	23	60
715	24	90
715	25	60
715	26	50
715	27	60
715	28	100
715	29	50
715	30	90
715	31	50
715	32	80
715	33	50
715	34	70
715	35	70
715	36	90
715	37	20
715	38	60
715	39	70
715	40	60
716	1	70
716	2	50
716	3	60
716	4	90
716	5	90
716	6	140
716	7	110
716	8	110
716	9	90
716	10	110
716	11	110
716	12	90
716	13	80
716	14	90
716	15	110
716	16	120
716	17	90
716	18	100
716	19	90
716	20	130
716	21	80
716	22	90
716	23	60
716	24	110
716	25	30
716	26	0
716	27	60
716	28	100
716	29	70
716	30	90
716	31	20
716	32	80
716	33	50
716	34	70
716	35	70
716	36	110
716	37	70
716	38	30
716	39	70
716	40	110
717	1	0
717	2	50
717	3	70
717	4	70
717	5	70
717	6	70
717	7	0
717	8	50
717	9	50
717	10	50
717	11	40
717	12	50
717	13	20
717	14	50
717	15	70
717	16	70
717	17	90
717	18	50
717	19	70
717	20	70
717	21	50
717	22	90
717	23	50
717	24	50
717	25	70
717	26	50
717	27	50
717	28	70
717	29	70
717	30	50
717	31	50
717	32	50
717	33	50
717	34	50
717	35	50
717	36	50
717	37	0
717	38	70
717	39	70
717	40	0
718	1	0
718	2	50
718	3	70
718	4	70
718	5	50
718	6	70
718	7	0
718	8	50
718	9	50
718	10	50
718	11	20
718	12	50
718	13	20
718	14	50
718	15	70
718	16	50
718	17	70
718	18	50
718	19	70
718	20	70
718	21	50
718	22	70
718	23	50
718	24	50
718	25	70
718	26	50
718	27	50
718	28	50
718	29	70
718	30	50
718	31	50
718	32	50
718	33	50
718	34	50
718	35	50
718	36	50
718	37	0
718	38	70
718	39	50
718	40	0
719	1	40
719	2	70
719	3	70
719	4	70
719	5	70
719	6	90
719	7	60
719	8	110
719	9	90
719	10	110
719	11	60
719	12	90
719	13	20
719	14	70
719	15	110
719	16	90
719	17	90
719	18	70
719	19	90
719	20	90
719	21	70
719	22	110
719	23	50
719	24	90
719	25	70
719	26	70
719	27	50
719	28	90
719	29	70
719	30	110
719	31	70
719	32	50
719	33	50
719	34	50
719	35	50
719	36	90
719	37	0
719	38	50
719	39	110
719	40	60
720	1	70
720	2	50
720	3	20
720	4	80
720	5	120
720	6	120
720	7	110
720	8	90
720	9	70
720	10	120
720	11	90
720	12	90
720	13	60
720	14	100
720	15	70
720	16	120
720	17	70
720	18	100
720	19	60
720	20	120
720	21	80
720	22	90
720	23	60
720	24	90
720	25	10
720	26	10
720	27	60
720	28	100
720	29	50
720	30	70
720	31	20
720	32	80
720	33	50
720	34	70
720	35	80
720	36	110
720	37	80
720	38	10
720	39	70
720	40	90
721	1	20
721	2	80
721	3	70
721	4	80
721	5	80
721	6	80
721	7	20
721	8	60
721	9	50
721	10	80
721	11	20
721	12	80
721	13	10
721	14	80
721	15	50
721	16	80
721	17	70
721	18	80
721	19	60
721	20	80
721	21	60
721	22	50
721	23	60
721	24	70
721	25	60
721	26	80
721	27	60
721	28	60
721	29	50
721	30	80
721	31	50
721	32	80
721	33	50
721	34	80
721	35	80
721	36	70
721	37	30
721	38	80
721	39	80
721	40	30
722	1	90
722	2	70
722	3	20
722	4	80
722	5	100
722	6	120
722	7	130
722	8	90
722	9	70
722	10	140
722	11	90
722	12	110
722	13	80
722	14	80
722	15	90
722	16	100
722	17	70
722	18	80
722	19	80
722	20	120
722	21	80
722	22	110
722	23	60
722	24	70
722	25	30
722	26	30
722	27	60
722	28	100
722	29	70
722	30	90
722	31	20
722	32	60
722	33	50
722	34	50
722	35	60
722	36	90
722	37	60
722	38	10
722	39	90
722	40	110
723	1	70
723	2	60
723	3	40
723	4	100
723	5	80
723	6	140
723	7	110
723	8	100
723	9	70
723	10	120
723	11	90
723	12	100
723	13	80
723	14	80
723	15	90
723	16	80
723	17	70
723	18	80
723	19	80
723	20	140
723	21	80
723	22	90
723	23	60
723	24	70
723	25	30
723	26	10
723	27	60
723	28	80
723	29	70
723	30	80
723	31	20
723	32	60
723	33	50
723	34	60
723	35	60
723	36	90
723	37	60
723	38	30
723	39	60
723	40	100
724	1	20
724	2	60
724	3	90
724	4	100
724	5	80
724	6	120
724	7	40
724	8	120
724	9	90
724	10	100
724	11	80
724	12	80
724	13	30
724	14	80
724	15	110
724	16	100
724	17	110
724	18	80
724	19	100
724	20	120
724	21	80
724	22	110
724	23	60
724	24	90
724	25	80
724	26	60
724	27	60
724	28	100
724	29	70
724	30	100
724	31	70
724	32	60
724	33	50
724	34	60
724	35	60
724	36	90
724	37	10
724	38	80
724	39	100
724	40	50
725	1	50
725	2	50
725	3	20
725	4	70
725	5	50
725	6	70
725	7	50
725	8	50
725	9	50
725	10	50
725	11	70
725	12	50
725	13	70
725	14	50
725	15	70
725	16	50
725	17	70
725	18	50
725	19	70
725	20	70
725	21	50
725	22	70
725	23	50
725	24	50
725	25	20
725	26	0
725	27	50
725	28	50
725	29	70
725	30	50
725	31	0
725	32	50
725	33	50
725	34	50
725	35	50
725	36	50
725	37	50
725	38	20
725	39	50
725	40	50
726	1	20
726	2	50
726	3	50
726	4	70
726	5	90
726	6	80
726	7	20
726	8	70
726	9	70
726	10	70
726	11	20
726	12	70
726	13	10
726	14	70
726	15	50
726	16	100
726	17	70
726	18	100
726	19	50
726	20	70
726	21	80
726	22	90
726	23	60
726	24	90
726	25	60
726	26	50
726	27	60
726	28	80
726	29	50
726	30	50
726	31	70
726	32	80
726	33	50
726	34	70
726	35	70
726	36	90
726	37	20
726	38	60
726	39	70
726	40	0
727	1	20
727	2	60
727	3	90
727	4	80
727	5	100
727	6	100
727	7	40
727	8	100
727	9	90
727	10	100
727	11	20
727	12	100
727	13	10
727	14	80
727	15	70
727	16	120
727	17	70
727	18	100
727	19	80
727	20	100
727	21	80
727	22	70
727	23	60
727	24	110
727	25	60
727	26	60
727	27	60
727	28	100
727	29	50
727	30	80
727	31	70
727	32	80
727	33	50
727	34	80
727	35	80
727	36	90
727	37	30
727	38	60
727	39	80
727	40	50
728	1	70
728	2	50
728	3	40
728	4	90
728	5	90
728	6	110
728	7	90
728	8	110
728	9	90
728	10	90
728	11	130
728	12	70
728	13	70
728	14	90
728	15	110
728	16	110
728	17	110
728	18	90
728	19	90
728	20	110
728	21	70
728	22	110
728	23	50
728	24	110
728	25	20
728	26	0
728	27	50
728	28	90
728	29	70
728	30	90
728	31	20
728	32	70
728	33	50
728	34	70
728	35	70
728	36	110
728	37	70
728	38	20
728	39	90
728	40	90
729	1	50
729	2	50
729	3	20
729	4	50
729	5	90
729	6	90
729	7	90
729	8	70
729	9	50
729	10	90
729	11	90
729	12	70
729	13	70
729	14	70
729	15	90
729	16	90
729	17	70
729	18	50
729	19	70
729	20	90
729	21	50
729	22	90
729	23	50
729	24	50
729	25	20
729	26	0
729	27	50
729	28	90
729	29	70
729	30	70
729	31	0
729	32	50
729	33	50
729	34	50
729	35	50
729	36	70
729	37	50
729	38	0
729	39	70
729	40	90
730	1	20
730	2	50
730	3	70
730	4	70
730	5	70
730	6	110
730	7	60
730	8	90
730	9	70
730	10	110
730	11	20
730	12	90
730	13	20
730	14	70
730	15	90
730	16	70
730	17	50
730	18	70
730	19	70
730	20	110
730	21	70
730	22	90
730	23	50
730	24	70
730	25	70
730	26	50
730	27	50
730	28	70
730	29	70
730	30	70
730	31	70
730	32	50
730	33	50
730	34	50
730	35	50
730	36	90
730	37	0
730	38	50
730	39	50
730	40	40
731	1	20
731	2	50
731	3	90
731	4	90
731	5	50
731	6	120
731	7	40
731	8	110
731	9	90
731	10	90
731	11	60
731	12	70
731	13	30
731	14	70
731	15	110
731	16	80
731	17	90
731	18	80
731	19	90
731	20	110
731	21	80
731	22	90
731	23	60
731	24	90
731	25	80
731	26	50
731	27	60
731	28	80
731	29	70
731	30	90
731	31	70
731	32	60
731	33	50
731	34	50
731	35	50
731	36	90
731	37	0
731	38	80
731	39	70
731	40	40
732	1	0
732	2	60
732	3	70
732	4	60
732	5	80
732	6	80
732	7	20
732	8	120
732	9	90
732	10	80
732	11	40
732	12	60
732	13	30
732	14	100
732	15	110
732	16	100
732	17	70
732	18	80
732	19	100
732	20	80
732	21	80
732	22	70
732	23	80
732	24	90
732	25	80
732	26	60
732	27	80
732	28	100
732	29	70
732	30	100
732	31	70
732	32	80
732	33	70
732	34	80
732	35	80
732	36	90
732	37	30
732	38	60
732	39	80
732	40	50
733	1	50
733	2	50
733	3	20
733	4	70
733	5	70
733	6	90
733	7	70
733	8	70
733	9	50
733	10	70
733	11	110
733	12	50
733	13	70
733	14	70
733	15	90
733	16	70
733	17	90
733	18	50
733	19	70
733	20	90
733	21	50
733	22	90
733	23	50
733	24	50
733	25	20
733	26	0
733	27	50
733	28	70
733	29	70
733	30	70
733	31	0
733	32	50
733	33	50
733	34	50
733	35	50
733	36	70
733	37	50
733	38	20
733	39	70
733	40	70
734	1	70
734	2	60
734	3	40
734	4	100
734	5	80
734	6	140
734	7	110
734	8	100
734	9	70
734	10	120
734	11	90
734	12	100
734	13	80
734	14	80
734	15	90
734	16	80
734	17	70
734	18	80
734	19	80
734	20	140
734	21	80
734	22	90
734	23	60
734	24	70
734	25	30
734	26	10
734	27	60
734	28	80
734	29	70
734	30	80
734	31	20
734	32	60
734	33	50
734	34	60
734	35	60
734	36	90
734	37	60
734	38	30
734	39	60
734	40	100
735	1	20
735	2	70
735	3	90
735	4	80
735	5	100
735	6	120
735	7	60
735	8	70
735	9	50
735	10	120
735	11	40
735	12	90
735	13	10
735	14	100
735	15	70
735	16	100
735	17	70
735	18	80
735	19	60
735	20	120
735	21	60
735	22	50
735	23	60
735	24	70
735	25	60
735	26	80
735	27	60
735	28	80
735	29	50
735	30	90
735	31	50
735	32	80
735	33	50
735	34	70
735	35	80
735	36	90
735	37	30
735	38	80
735	39	70
735	40	60
736	1	0
736	2	50
736	3	90
736	4	70
736	5	50
736	6	90
736	7	20
736	8	90
736	9	70
736	10	70
736	11	60
736	12	50
736	13	20
736	14	70
736	15	110
736	16	70
736	17	90
736	18	50
736	19	90
736	20	90
736	21	50
736	22	70
736	23	50
736	24	70
736	25	70
736	26	50
736	27	50
736	28	70
736	29	70
736	30	90
736	31	50
736	32	50
736	33	50
736	34	50
736	35	50
736	36	70
736	37	0
736	38	70
736	39	70
736	40	40
737	1	20
737	2	50
737	3	90
737	4	90
737	5	70
737	6	100
737	7	20
737	8	90
737	9	90
737	10	70
737	11	60
737	12	70
737	13	30
737	14	50
737	15	90
737	16	100
737	17	110
737	18	80
737	19	90
737	20	90
737	21	80
737	22	110
737	23	60
737	24	90
737	25	80
737	26	50
737	27	60
737	28	100
737	29	70
737	30	70
737	31	70
737	32	60
737	33	50
737	34	50
737	35	50
737	36	70
737	37	0
737	38	80
737	39	90
737	40	20
738	1	70
738	2	50
738	3	40
738	4	100
738	5	120
738	6	140
738	7	110
738	8	90
738	9	70
738	10	120
738	11	110
738	12	90
738	13	80
738	14	100
738	15	90
738	16	120
738	17	90
738	18	100
738	19	80
738	20	140
738	21	80
738	22	110
738	23	60
738	24	90
738	25	30
738	26	10
738	27	60
738	28	100
738	29	70
738	30	70
738	31	20
738	32	80
738	33	50
738	34	70
738	35	80
738	36	110
738	37	80
738	38	30
738	39	70
738	40	90
739	1	90
739	2	70
739	3	20
739	4	80
739	5	60
739	6	80
739	7	90
739	8	90
739	9	90
739	10	100
739	11	70
739	12	90
739	13	80
739	14	60
739	15	90
739	16	80
739	17	70
739	18	80
739	19	100
739	20	80
739	21	80
739	22	90
739	23	60
739	24	90
739	25	30
739	26	30
739	27	60
739	28	80
739	29	70
739	30	90
739	31	20
739	32	60
739	33	50
739	34	50
739	35	60
739	36	70
739	37	60
739	38	10
739	39	90
739	40	90
740	1	20
740	2	60
740	3	90
740	4	100
740	5	100
740	6	120
740	7	40
740	8	80
740	9	70
740	10	100
740	11	40
740	12	100
740	13	10
740	14	60
740	15	50
740	16	100
740	17	90
740	18	80
740	19	60
740	20	120
740	21	80
740	22	90
740	23	60
740	24	70
740	25	60
740	26	60
740	27	60
740	28	100
740	29	50
740	30	60
740	31	70
740	32	60
740	33	50
740	34	60
740	35	60
740	36	70
740	37	10
740	38	80
740	39	80
740	40	30
741	1	20
741	2	70
741	3	70
741	4	50
741	5	70
741	6	60
741	7	20
741	8	70
741	9	70
741	10	70
741	11	40
741	12	70
741	13	30
741	14	50
741	15	90
741	16	100
741	17	90
741	18	60
741	19	90
741	20	50
741	21	60
741	22	90
741	23	60
741	24	70
741	25	80
741	26	70
741	27	60
741	28	100
741	29	70
741	30	90
741	31	50
741	32	60
741	33	50
741	34	50
741	35	50
741	36	50
741	37	0
741	38	60
741	39	110
741	40	40
742	1	50
742	2	50
742	3	20
742	4	50
742	5	70
742	6	80
742	7	70
742	8	110
742	9	90
742	10	70
742	11	90
742	12	50
742	13	80
742	14	90
742	15	110
742	16	100
742	17	70
742	18	80
742	19	90
742	20	70
742	21	80
742	22	70
742	23	80
742	24	90
742	25	30
742	26	0
742	27	80
742	28	100
742	29	70
742	30	90
742	31	20
742	32	80
742	33	70
742	34	70
742	35	70
742	36	90
742	37	70
742	38	10
742	39	70
742	40	90
743	1	0
743	2	50
743	3	90
743	4	50
743	5	110
743	6	80
743	7	20
743	8	70
743	9	70
743	10	70
743	11	40
743	12	70
743	13	10
743	14	70
743	15	70
743	16	140
743	17	90
743	18	80
743	19	70
743	20	70
743	21	60
743	22	70
743	23	60
743	24	90
743	25	60
743	26	50
743	27	60
743	28	120
743	29	50
743	30	70
743	31	50
743	32	80
743	33	50
743	34	70
743	35	70
743	36	70
743	37	20
743	38	60
743	39	90
743	40	40
744	1	70
744	2	50
744	3	40
744	4	90
744	5	110
744	6	130
744	7	110
744	8	90
744	9	70
744	10	110
744	11	110
744	12	90
744	13	70
744	14	90
744	15	90
744	16	110
744	17	90
744	18	90
744	19	70
744	20	130
744	21	70
744	22	110
744	23	50
744	24	90
744	25	20
744	26	0
744	27	50
744	28	90
744	29	70
744	30	70
744	31	20
744	32	70
744	33	50
744	34	70
744	35	70
744	36	110
744	37	70
744	38	20
744	39	70
744	40	90
745	1	50
745	2	50
745	3	0
745	4	50
745	5	70
745	6	60
745	7	50
745	8	50
745	9	50
745	10	50
745	11	50
745	12	50
745	13	60
745	14	70
745	15	50
745	16	80
745	17	50
745	18	80
745	19	50
745	20	50
745	21	60
745	22	50
745	23	60
745	24	70
745	25	10
745	26	0
745	27	60
745	28	60
745	29	50
745	30	50
745	31	0
745	32	80
745	33	50
745	34	70
745	35	70
745	36	70
745	37	70
745	38	10
745	39	50
745	40	50
746	1	0
746	2	50
746	3	110
746	4	80
746	5	100
746	6	100
746	7	20
746	8	70
746	9	70
746	10	80
746	11	60
746	12	70
746	13	30
746	14	60
746	15	90
746	16	120
746	17	110
746	18	60
746	19	100
746	20	100
746	21	60
746	22	90
746	23	60
746	24	70
746	25	80
746	26	60
746	27	60
746	28	120
746	29	70
746	30	70
746	31	50
746	32	60
746	33	50
746	34	50
746	35	60
746	36	50
746	37	10
746	38	80
746	39	90
746	40	40
747	1	0
747	2	50
747	3	110
747	4	80
747	5	100
747	6	120
747	7	40
747	8	90
747	9	70
747	10	100
747	11	80
747	12	70
747	13	30
747	14	80
747	15	110
747	16	120
747	17	110
747	18	60
747	19	100
747	20	120
747	21	60
747	22	90
747	23	60
747	24	70
747	25	80
747	26	60
747	27	60
747	28	120
747	29	70
747	30	90
747	31	50
747	32	60
747	33	50
747	34	50
747	35	60
747	36	70
747	37	10
747	38	80
747	39	90
747	40	60
748	1	50
748	2	50
748	3	20
748	4	80
748	5	80
748	6	80
748	7	50
748	8	50
748	9	50
748	10	60
748	11	90
748	12	50
748	13	60
748	14	60
748	15	50
748	16	80
748	17	90
748	18	60
748	19	60
748	20	80
748	21	60
748	22	70
748	23	60
748	24	50
748	25	10
748	26	10
748	27	60
748	28	80
748	29	50
748	30	50
748	31	0
748	32	60
748	33	50
748	34	50
748	35	60
748	36	50
748	37	60
748	38	30
748	39	70
748	40	50
749	1	90
749	2	70
749	3	20
749	4	80
749	5	100
749	6	120
749	7	130
749	8	90
749	9	70
749	10	140
749	11	90
749	12	110
749	13	80
749	14	80
749	15	90
749	16	100
749	17	70
749	18	80
749	19	80
749	20	120
749	21	80
749	22	110
749	23	60
749	24	70
749	25	30
749	26	30
749	27	60
749	28	100
749	29	70
749	30	90
749	31	20
749	32	60
749	33	50
749	34	50
749	35	60
749	36	90
749	37	60
749	38	10
749	39	90
749	40	110
750	1	70
750	2	50
750	3	60
750	4	90
750	5	70
750	6	120
750	7	90
750	8	90
750	9	90
750	10	90
750	11	90
750	12	90
750	13	80
750	14	50
750	15	90
750	16	100
750	17	90
750	18	80
750	19	90
750	20	110
750	21	80
750	22	90
750	23	60
750	24	90
750	25	30
750	26	0
750	27	60
750	28	100
750	29	70
750	30	70
750	31	20
750	32	60
750	33	50
750	34	50
750	35	50
750	36	70
750	37	50
750	38	30
750	39	70
750	40	90
751	1	90
751	2	80
751	3	20
751	4	80
751	5	100
751	6	100
751	7	110
751	8	80
751	9	70
751	10	120
751	11	70
751	12	120
751	13	80
751	14	60
751	15	70
751	16	100
751	17	70
751	18	80
751	19	80
751	20	100
751	21	80
751	22	110
751	23	60
751	24	70
751	25	30
751	26	30
751	27	60
751	28	100
751	29	70
751	30	80
751	31	20
751	32	60
751	33	50
751	34	60
751	35	60
751	36	70
751	37	60
751	38	10
751	39	100
751	40	100
752	1	20
752	2	50
752	3	90
752	4	90
752	5	90
752	6	110
752	7	40
752	8	70
752	9	70
752	10	90
752	11	40
752	12	90
752	13	0
752	14	50
752	15	50
752	16	90
752	17	90
752	18	70
752	19	50
752	20	110
752	21	70
752	22	90
752	23	50
752	24	70
752	25	50
752	26	50
752	27	50
752	28	90
752	29	50
752	30	50
752	31	70
752	32	50
752	33	50
752	34	50
752	35	50
752	36	70
752	37	0
752	38	70
752	39	70
752	40	20
753	1	0
753	2	50
753	3	90
753	4	70
753	5	70
753	6	100
753	7	20
753	8	90
753	9	70
753	10	70
753	11	80
753	12	50
753	13	30
753	14	70
753	15	110
753	16	100
753	17	110
753	18	60
753	19	90
753	20	90
753	21	60
753	22	90
753	23	60
753	24	70
753	25	80
753	26	50
753	27	60
753	28	100
753	29	70
753	30	90
753	31	50
753	32	60
753	33	50
753	34	50
753	35	50
753	36	70
753	37	0
753	38	80
753	39	90
753	40	40
754	1	70
754	2	50
754	3	60
754	4	90
754	5	70
754	6	140
754	7	110
754	8	110
754	9	90
754	10	110
754	11	110
754	12	90
754	13	80
754	14	70
754	15	110
754	16	100
754	17	90
754	18	80
754	19	90
754	20	130
754	21	80
754	22	90
754	23	60
754	24	90
754	25	30
754	26	0
754	27	60
754	28	100
754	29	70
754	30	90
754	31	20
754	32	60
754	33	50
754	34	50
754	35	50
754	36	90
754	37	50
754	38	30
754	39	70
754	40	110
755	1	70
755	2	50
755	3	20
755	4	70
755	5	90
755	6	100
755	7	90
755	8	110
755	9	90
755	10	90
755	11	110
755	12	70
755	13	60
755	14	90
755	15	90
755	16	120
755	17	90
755	18	100
755	19	70
755	20	90
755	21	80
755	22	90
755	23	60
755	24	110
755	25	10
755	26	0
755	27	60
755	28	100
755	29	50
755	30	90
755	31	20
755	32	80
755	33	50
755	34	70
755	35	70
755	36	110
755	37	70
755	38	10
755	39	90
755	40	90
756	1	50
756	2	50
756	3	0
756	4	50
756	5	90
756	6	70
756	7	70
756	8	90
756	9	70
756	10	70
756	11	90
756	12	50
756	13	70
756	14	90
756	15	90
756	16	90
756	17	70
756	18	70
756	19	70
756	20	70
756	21	70
756	22	90
756	23	70
756	24	70
756	25	20
756	26	0
756	27	70
756	28	90
756	29	70
756	30	70
756	31	20
756	32	70
756	33	70
756	34	70
756	35	70
756	36	90
756	37	70
756	38	0
756	39	70
756	40	70
757	1	20
757	2	70
757	3	110
757	4	70
757	5	90
757	6	100
757	7	40
757	8	70
757	9	70
757	10	90
757	11	40
757	12	90
757	13	10
757	14	70
757	15	70
757	16	120
757	17	90
757	18	80
757	19	70
757	20	90
757	21	60
757	22	50
757	23	60
757	24	90
757	25	60
757	26	70
757	27	60
757	28	100
757	29	50
757	30	90
757	31	50
757	32	80
757	33	50
757	34	70
757	35	70
757	36	70
757	37	20
757	38	80
757	39	90
757	40	60
758	1	0
758	2	60
758	3	90
758	4	80
758	5	100
758	6	120
758	7	40
758	8	80
758	9	50
758	10	100
758	11	60
758	12	80
758	13	30
758	14	80
758	15	90
758	16	100
758	17	90
758	18	60
758	19	80
758	20	120
758	21	60
758	22	90
758	23	60
758	24	50
758	25	80
758	26	60
758	27	60
758	28	100
758	29	70
758	30	80
758	31	50
758	32	60
758	33	50
758	34	60
758	35	60
758	36	70
758	37	10
758	38	80
758	39	80
758	40	50
759	1	90
759	2	70
759	3	40
759	4	70
759	5	70
759	6	110
759	7	130
759	8	110
759	9	90
759	10	130
759	11	90
759	12	110
759	13	70
759	14	70
759	15	110
759	16	90
759	17	70
759	18	70
759	19	90
759	20	110
759	21	70
759	22	90
759	23	50
759	24	90
759	25	20
759	26	20
759	27	50
759	28	90
759	29	70
759	30	110
759	31	20
759	32	50
759	33	50
759	34	50
759	35	50
759	36	90
759	37	50
759	38	0
759	39	90
759	40	130
760	1	50
760	2	50
760	3	40
760	4	60
760	5	80
760	6	80
760	7	70
760	8	70
760	9	70
760	10	80
760	11	70
760	12	70
760	13	80
760	14	60
760	15	90
760	16	100
760	17	70
760	18	60
760	19	100
760	20	80
760	21	60
760	22	70
760	23	60
760	24	70
760	25	30
760	26	10
760	27	60
760	28	100
760	29	70
760	30	70
760	31	0
760	32	60
760	33	50
760	34	50
760	35	60
760	36	50
760	37	60
760	38	10
760	39	70
760	40	90
761	1	70
761	2	70
761	3	60
761	4	70
761	5	110
761	6	120
761	7	110
761	8	90
761	9	70
761	10	110
761	11	130
761	12	90
761	13	60
761	14	90
761	15	90
761	16	140
761	17	110
761	18	80
761	19	70
761	20	110
761	21	60
761	22	70
761	23	60
761	24	90
761	25	10
761	26	20
761	27	60
761	28	120
761	29	50
761	30	110
761	31	0
761	32	80
761	33	50
761	34	70
761	35	70
761	36	90
761	37	70
761	38	30
761	39	110
761	40	130
762	1	0
762	2	50
762	3	90
762	4	50
762	5	70
762	6	90
762	7	40
762	8	90
762	9	70
762	10	90
762	11	40
762	12	70
762	13	20
762	14	70
762	15	110
762	16	90
762	17	70
762	18	50
762	19	90
762	20	90
762	21	50
762	22	70
762	23	50
762	24	70
762	25	70
762	26	50
762	27	50
762	28	90
762	29	70
762	30	90
762	31	50
762	32	50
762	33	50
762	34	50
762	35	50
762	36	70
762	37	0
762	38	50
762	39	70
762	40	60
763	1	50
763	2	60
763	3	20
763	4	60
763	5	60
763	6	80
763	7	70
763	8	100
763	9	70
763	10	80
763	11	90
763	12	60
763	13	80
763	14	80
763	15	110
763	16	80
763	17	70
763	18	60
763	19	100
763	20	80
763	21	60
763	22	70
763	23	60
763	24	70
763	25	30
763	26	10
763	27	60
763	28	80
763	29	70
763	30	100
763	31	0
763	32	60
763	33	50
763	34	60
763	35	60
763	36	70
763	37	60
763	38	10
763	39	80
763	40	100
764	1	50
764	2	50
764	3	40
764	4	70
764	5	50
764	6	70
764	7	50
764	8	70
764	9	70
764	10	50
764	11	90
764	12	50
764	13	50
764	14	50
764	15	70
764	16	70
764	17	90
764	18	50
764	19	70
764	20	70
764	21	50
764	22	50
764	23	50
764	24	70
764	25	0
764	26	0
764	27	50
764	28	70
764	29	50
764	30	70
764	31	0
764	32	50
764	33	50
764	34	50
764	35	50
764	36	50
764	37	50
764	38	20
764	39	70
764	40	70
765	1	0
765	2	60
765	3	70
765	4	60
765	5	100
765	6	80
765	7	20
765	8	60
765	9	50
765	10	80
765	11	0
765	12	80
765	13	10
765	14	80
765	15	50
765	16	100
765	17	50
765	18	80
765	19	60
765	20	80
765	21	60
765	22	50
765	23	60
765	24	70
765	25	60
765	26	60
765	27	60
765	28	80
765	29	50
765	30	60
765	31	50
765	32	80
765	33	50
765	34	80
765	35	80
765	36	70
765	37	30
765	38	60
765	39	60
765	40	30
766	1	20
766	2	50
766	3	90
766	4	70
766	5	70
766	6	120
766	7	60
766	8	110
766	9	90
766	10	110
766	11	40
766	12	90
766	13	30
766	14	70
766	15	110
766	16	100
766	17	70
766	18	80
766	19	90
766	20	110
766	21	80
766	22	90
766	23	60
766	24	90
766	25	80
766	26	50
766	27	60
766	28	100
766	29	70
766	30	90
766	31	70
766	32	60
766	33	50
766	34	50
766	35	50
766	36	90
766	37	0
766	38	60
766	39	70
766	40	60
767	1	70
767	2	50
767	3	20
767	4	70
767	5	90
767	6	90
767	7	90
767	8	110
767	9	90
767	10	90
767	11	110
767	12	70
767	13	50
767	14	90
767	15	90
767	16	110
767	17	90
767	18	90
767	19	70
767	20	90
767	21	70
767	22	90
767	23	50
767	24	110
767	25	0
767	26	0
767	27	50
767	28	90
767	29	50
767	30	90
767	31	20
767	32	70
767	33	50
767	34	70
767	35	70
767	36	110
767	37	70
767	38	0
767	39	90
767	40	90
768	1	90
768	2	70
768	3	20
768	4	80
768	5	100
768	6	120
768	7	130
768	8	90
768	9	70
768	10	140
768	11	90
768	12	110
768	13	80
768	14	80
768	15	90
768	16	100
768	17	70
768	18	80
768	19	80
768	20	120
768	21	80
768	22	110
768	23	60
768	24	70
768	25	30
768	26	30
768	27	60
768	28	100
768	29	70
768	30	90
768	31	20
768	32	60
768	33	50
768	34	50
768	35	60
768	36	90
768	37	60
768	38	10
768	39	90
768	40	110
769	1	40
769	2	70
769	3	70
769	4	70
769	5	70
769	6	90
769	7	60
769	8	110
769	9	90
769	10	110
769	11	60
769	12	90
769	13	20
769	14	70
769	15	110
769	16	90
769	17	90
769	18	70
769	19	90
769	20	90
769	21	70
769	22	110
769	23	50
769	24	90
769	25	70
769	26	70
769	27	50
769	28	90
769	29	70
769	30	110
769	31	70
769	32	50
769	33	50
769	34	50
769	35	50
769	36	90
769	37	0
769	38	50
769	39	110
769	40	60
770	1	0
770	2	60
770	3	70
770	4	80
770	5	80
770	6	80
770	7	0
770	8	60
770	9	50
770	10	60
770	11	40
770	12	60
770	13	10
770	14	60
770	15	50
770	16	80
770	17	90
770	18	60
770	19	60
770	20	80
770	21	60
770	22	70
770	23	60
770	24	50
770	25	60
770	26	60
770	27	60
770	28	80
770	29	50
770	30	60
770	31	50
770	32	60
770	33	50
770	34	60
770	35	60
770	36	50
770	37	10
770	38	80
770	39	80
770	40	10
771	1	50
771	2	50
771	3	60
771	4	70
771	5	70
771	6	90
771	7	70
771	8	70
771	9	70
771	10	70
771	11	90
771	12	70
771	13	70
771	14	50
771	15	90
771	16	90
771	17	90
771	18	50
771	19	90
771	20	90
771	21	50
771	22	70
771	23	50
771	24	70
771	25	20
771	26	0
771	27	50
771	28	90
771	29	70
771	30	70
771	31	0
771	32	50
771	33	50
771	34	50
771	35	50
771	36	50
771	37	50
771	38	20
771	39	70
771	40	90
772	1	20
772	2	50
772	3	90
772	4	90
772	5	90
772	6	120
772	7	40
772	8	70
772	9	70
772	10	90
772	11	40
772	12	90
772	13	10
772	14	50
772	15	50
772	16	100
772	17	90
772	18	80
772	19	50
772	20	110
772	21	80
772	22	90
772	23	60
772	24	70
772	25	60
772	26	50
772	27	60
772	28	100
772	29	50
772	30	50
772	31	70
772	32	60
772	33	50
772	34	50
772	35	50
772	36	70
772	37	0
772	38	80
772	39	70
772	40	20
773	1	70
773	2	50
773	3	20
773	4	100
773	5	80
773	6	120
773	7	90
773	8	90
773	9	70
773	10	100
773	11	90
773	12	70
773	13	80
773	14	100
773	15	90
773	16	80
773	17	70
773	18	100
773	19	80
773	20	120
773	21	80
773	22	90
773	23	60
773	24	90
773	25	30
773	26	10
773	27	60
773	28	60
773	29	70
773	30	70
773	31	20
773	32	80
773	33	50
773	34	70
773	35	80
773	36	110
773	37	80
773	38	30
773	39	50
773	40	70
774	1	0
774	2	60
774	3	90
774	4	80
774	5	80
774	6	80
774	7	0
774	8	80
774	9	70
774	10	60
774	11	60
774	12	60
774	13	30
774	14	60
774	15	90
774	16	100
774	17	110
774	18	60
774	19	100
774	20	80
774	21	60
774	22	90
774	23	60
774	24	70
774	25	80
774	26	60
774	27	60
774	28	100
774	29	70
774	30	80
774	31	50
774	32	60
774	33	50
774	34	60
774	35	60
774	36	50
774	37	10
774	38	80
774	39	100
774	40	30
775	1	50
775	2	50
775	3	40
775	4	60
775	5	100
775	6	80
775	7	70
775	8	70
775	9	70
775	10	80
775	11	90
775	12	70
775	13	80
775	14	60
775	15	90
775	16	120
775	17	90
775	18	60
775	19	100
775	20	80
775	21	60
775	22	90
775	23	60
775	24	70
775	25	30
775	26	10
775	27	60
775	28	120
775	29	70
775	30	70
775	31	0
775	32	60
775	33	50
775	34	50
775	35	60
775	36	50
775	37	60
775	38	10
775	39	90
775	40	90
776	1	50
776	2	50
776	3	40
776	4	50
776	5	110
776	6	80
776	7	70
776	8	70
776	9	70
776	10	70
776	11	90
776	12	70
776	13	60
776	14	70
776	15	70
776	16	140
776	17	90
776	18	80
776	19	70
776	20	70
776	21	60
776	22	70
776	23	60
776	24	90
776	25	10
776	26	0
776	27	60
776	28	120
776	29	50
776	30	70
776	31	0
776	32	80
776	33	50
776	34	70
776	35	70
776	36	70
776	37	70
776	38	10
776	39	90
776	40	90
777	1	40
777	2	70
777	3	70
777	4	80
777	5	100
777	6	100
777	7	60
777	8	70
777	9	70
777	10	120
777	11	20
777	12	110
777	13	30
777	14	60
777	15	70
777	16	100
777	17	70
777	18	80
777	19	80
777	20	100
777	21	80
777	22	110
777	23	60
777	24	70
777	25	80
777	26	80
777	27	60
777	28	100
777	29	70
777	30	70
777	31	70
777	32	60
777	33	50
777	34	50
777	35	60
777	36	70
777	37	10
777	38	60
777	39	90
777	40	40
778	1	20
778	2	50
778	3	90
778	4	90
778	5	110
778	6	140
778	7	60
778	8	90
778	9	70
778	10	110
778	11	60
778	12	90
778	13	30
778	14	90
778	15	90
778	16	120
778	17	90
778	18	100
778	19	70
778	20	130
778	21	80
778	22	110
778	23	60
778	24	90
778	25	80
778	26	50
778	27	60
778	28	100
778	29	70
778	30	70
778	31	70
778	32	80
778	33	50
778	34	70
778	35	70
778	36	110
778	37	20
778	38	80
778	39	70
778	40	40
779	1	70
779	2	70
779	3	40
779	4	50
779	5	90
779	6	100
779	7	110
779	8	90
779	9	70
779	10	110
779	11	110
779	12	90
779	13	80
779	14	70
779	15	110
779	16	120
779	17	90
779	18	60
779	19	90
779	20	90
779	21	60
779	22	90
779	23	60
779	24	70
779	25	30
779	26	20
779	27	60
779	28	120
779	29	70
779	30	110
779	31	0
779	32	60
779	33	50
779	34	50
779	35	50
779	36	70
779	37	50
779	38	10
779	39	110
779	40	130
780	1	0
780	2	50
780	3	70
780	4	50
780	5	110
780	6	100
780	7	40
780	8	90
780	9	70
780	10	90
780	11	40
780	12	70
780	13	30
780	14	90
780	15	90
780	16	120
780	17	70
780	18	80
780	19	70
780	20	90
780	21	80
780	22	90
780	23	80
780	24	70
780	25	80
780	26	50
780	27	80
780	28	120
780	29	70
780	30	70
780	31	70
780	32	80
780	33	70
780	34	70
780	35	70
780	36	90
780	37	20
780	38	60
780	39	70
780	40	40
781	1	50
781	2	50
781	3	0
781	4	60
781	5	80
781	6	80
781	7	70
781	8	70
781	9	50
781	10	80
781	11	90
781	12	50
781	13	80
781	14	80
781	15	90
781	16	80
781	17	70
781	18	60
781	19	80
781	20	80
781	21	60
781	22	90
781	23	60
781	24	50
781	25	30
781	26	10
781	27	60
781	28	80
781	29	70
781	30	70
781	31	0
781	32	60
781	33	50
781	34	50
781	35	60
781	36	70
781	37	60
781	38	10
781	39	70
781	40	70
782	1	20
782	2	70
782	3	90
782	4	70
782	5	90
782	6	90
782	7	40
782	8	50
782	9	50
782	10	90
782	11	20
782	12	90
782	13	0
782	14	70
782	15	50
782	16	90
782	17	70
782	18	70
782	19	50
782	20	90
782	21	50
782	22	50
782	23	50
782	24	70
782	25	50
782	26	70
782	27	50
782	28	70
782	29	50
782	30	70
782	31	50
782	32	70
782	33	50
782	34	70
782	35	70
782	36	70
782	37	20
782	38	70
782	39	70
782	40	40
783	1	50
783	2	50
783	3	40
783	4	70
783	5	90
783	6	110
783	7	90
783	8	70
783	9	50
783	10	90
783	11	90
783	12	70
783	13	70
783	14	90
783	15	90
783	16	90
783	17	70
783	18	70
783	19	70
783	20	110
783	21	50
783	22	70
783	23	50
783	24	70
783	25	20
783	26	0
783	27	50
783	28	70
783	29	70
783	30	70
783	31	0
783	32	70
783	33	50
783	34	70
783	35	70
783	36	90
783	37	70
783	38	20
783	39	50
783	40	90
784	1	50
784	2	60
784	3	20
784	4	60
784	5	80
784	6	60
784	7	50
784	8	80
784	9	70
784	10	60
784	11	70
784	12	60
784	13	60
784	14	80
784	15	70
784	16	100
784	17	70
784	18	80
784	19	80
784	20	60
784	21	60
784	22	50
784	23	60
784	24	90
784	25	10
784	26	10
784	27	60
784	28	80
784	29	50
784	30	80
784	31	0
784	32	80
784	33	50
784	34	80
784	35	80
784	36	70
784	37	80
784	38	10
784	39	80
784	40	80
785	1	50
785	2	50
785	3	40
785	4	60
785	5	100
785	6	100
785	7	90
785	8	90
785	9	70
785	10	100
785	11	110
785	12	70
785	13	80
785	14	80
785	15	110
785	16	120
785	17	90
785	18	60
785	19	100
785	20	100
785	21	60
785	22	90
785	23	60
785	24	70
785	25	30
785	26	10
785	27	60
785	28	120
785	29	70
785	30	90
785	31	0
785	32	60
785	33	50
785	34	50
785	35	60
785	36	70
785	37	60
785	38	10
785	39	90
785	40	110
786	1	70
786	2	70
786	3	0
786	4	50
786	5	50
786	6	70
786	7	90
786	8	70
786	9	50
786	10	90
786	11	70
786	12	70
786	13	70
786	14	70
786	15	90
786	16	50
786	17	50
786	18	50
786	19	70
786	20	70
786	21	50
786	22	70
786	23	50
786	24	50
786	25	20
786	26	20
786	27	50
786	28	50
786	29	70
786	30	90
786	31	0
786	32	50
786	33	50
786	34	50
786	35	50
786	36	70
786	37	50
786	38	0
786	39	70
786	40	90
787	1	90
787	2	70
787	3	40
787	4	100
787	5	120
787	6	120
787	7	110
787	8	70
787	9	70
787	10	120
787	11	90
787	12	110
787	13	60
787	14	80
787	15	50
787	16	120
787	17	90
787	18	100
787	19	60
787	20	120
787	21	80
787	22	90
787	23	60
787	24	90
787	25	10
787	26	30
787	27	60
787	28	100
787	29	50
787	30	70
787	31	20
787	32	80
787	33	50
787	34	70
787	35	80
787	36	90
787	37	80
787	38	30
787	39	90
787	40	90
788	1	20
788	2	60
788	3	70
788	4	80
788	5	120
788	6	100
788	7	40
788	8	80
788	9	70
788	10	100
788	11	20
788	12	100
788	13	10
788	14	80
788	15	50
788	16	120
788	17	70
788	18	100
788	19	60
788	20	100
788	21	80
788	22	90
788	23	60
788	24	90
788	25	60
788	26	60
788	27	60
788	28	100
788	29	50
788	30	60
788	31	70
788	32	80
788	33	50
788	34	80
788	35	80
788	36	90
788	37	30
788	38	60
788	39	80
788	40	30
789	1	70
789	2	50
789	3	40
789	4	70
789	5	70
789	6	100
789	7	90
789	8	90
789	9	90
789	10	90
789	11	70
789	12	90
789	13	80
789	14	50
789	15	90
789	16	100
789	17	70
789	18	80
789	19	90
789	20	90
789	21	80
789	22	90
789	23	60
789	24	90
789	25	30
789	26	0
789	27	60
789	28	100
789	29	70
789	30	70
789	31	20
789	32	60
789	33	50
789	34	50
789	35	50
789	36	70
789	37	50
789	38	10
789	39	70
789	40	90
790	1	50
790	2	60
790	3	40
790	4	80
790	5	80
790	6	100
790	7	70
790	8	60
790	9	50
790	10	80
790	11	70
790	12	80
790	13	80
790	14	60
790	15	70
790	16	80
790	17	70
790	18	60
790	19	80
790	20	100
790	21	60
790	22	70
790	23	60
790	24	50
790	25	30
790	26	10
790	27	60
790	28	80
790	29	70
790	30	60
790	31	0
790	32	60
790	33	50
790	34	60
790	35	60
790	36	50
790	37	60
790	38	30
790	39	60
790	40	80
791	1	70
791	2	60
791	3	60
791	4	100
791	5	120
791	6	120
791	7	90
791	8	100
791	9	90
791	10	100
791	11	110
791	12	100
791	13	80
791	14	80
791	15	90
791	16	140
791	17	110
791	18	100
791	19	100
791	20	120
791	21	80
791	22	110
791	23	60
791	24	110
791	25	30
791	26	10
791	27	60
791	28	120
791	29	70
791	30	80
791	31	20
791	32	80
791	33	50
791	34	80
791	35	80
791	36	90
791	37	80
791	38	30
791	39	100
791	40	100
792	1	20
792	2	50
792	3	50
792	4	70
792	5	90
792	6	70
792	7	20
792	8	90
792	9	90
792	10	70
792	11	20
792	12	70
792	13	20
792	14	70
792	15	70
792	16	90
792	17	70
792	18	90
792	19	70
792	20	70
792	21	90
792	22	110
792	23	70
792	24	90
792	25	70
792	26	50
792	27	70
792	28	90
792	29	70
792	30	50
792	31	90
792	32	70
792	33	70
792	34	70
792	35	70
792	36	90
792	37	20
792	38	50
792	39	70
792	40	0
793	1	50
793	2	50
793	3	40
793	4	70
793	5	90
793	6	80
793	7	50
793	8	70
793	9	70
793	10	50
793	11	110
793	12	50
793	13	80
793	14	70
793	15	90
793	16	120
793	17	110
793	18	80
793	19	90
793	20	70
793	21	60
793	22	90
793	23	60
793	24	90
793	25	30
793	26	0
793	27	60
793	28	100
793	29	70
793	30	70
793	31	0
793	32	80
793	33	50
793	34	70
793	35	70
793	36	70
793	37	70
793	38	30
793	39	90
793	40	70
794	1	50
794	2	50
794	3	60
794	4	70
794	5	70
794	6	120
794	7	90
794	8	90
794	9	70
794	10	90
794	11	110
794	12	70
794	13	80
794	14	70
794	15	110
794	16	100
794	17	90
794	18	60
794	19	90
794	20	110
794	21	60
794	22	70
794	23	60
794	24	70
794	25	30
794	26	0
794	27	60
794	28	100
794	29	70
794	30	90
794	31	0
794	32	60
794	33	50
794	34	50
794	35	50
794	36	70
794	37	50
794	38	30
794	39	70
794	40	110
795	1	50
795	2	60
795	3	40
795	4	80
795	5	80
795	6	100
795	7	70
795	8	100
795	9	70
795	10	80
795	11	110
795	12	60
795	13	80
795	14	100
795	15	110
795	16	100
795	17	90
795	18	80
795	19	100
795	20	100
795	21	60
795	22	70
795	23	60
795	24	90
795	25	30
795	26	10
795	27	60
795	28	80
795	29	70
795	30	100
795	31	0
795	32	80
795	33	50
795	34	80
795	35	80
795	36	90
795	37	80
795	38	30
795	39	80
795	40	100
796	1	70
796	2	50
796	3	40
796	4	90
796	5	90
796	6	130
796	7	110
796	8	90
796	9	70
796	10	110
796	11	110
796	12	90
796	13	70
796	14	70
796	15	90
796	16	90
796	17	90
796	18	70
796	19	70
796	20	130
796	21	70
796	22	110
796	23	50
796	24	70
796	25	20
796	26	0
796	27	50
796	28	90
796	29	70
796	30	70
796	31	20
796	32	50
796	33	50
796	34	50
796	35	50
796	36	90
796	37	50
796	38	20
796	39	70
796	40	90
797	1	0
797	2	60
797	3	90
797	4	80
797	5	80
797	6	80
797	7	0
797	8	80
797	9	70
797	10	60
797	11	60
797	12	60
797	13	30
797	14	60
797	15	90
797	16	100
797	17	110
797	18	60
797	19	100
797	20	80
797	21	60
797	22	90
797	23	60
797	24	70
797	25	80
797	26	60
797	27	60
797	28	100
797	29	70
797	30	80
797	31	50
797	32	60
797	33	50
797	34	60
797	35	60
797	36	50
797	37	10
797	38	80
797	39	100
797	40	30
798	1	20
798	2	50
798	3	50
798	4	80
798	5	100
798	6	100
798	7	40
798	8	110
798	9	90
798	10	100
798	11	40
798	12	70
798	13	30
798	14	100
798	15	90
798	16	100
798	17	70
798	18	100
798	19	80
798	20	100
798	21	100
798	22	110
798	23	80
798	24	90
798	25	80
798	26	60
798	27	80
798	28	100
798	29	70
798	30	70
798	31	90
798	32	80
798	33	70
798	34	70
798	35	80
798	36	110
798	37	30
798	38	60
798	39	70
798	40	20
799	1	20
799	2	50
799	3	70
799	4	80
799	5	80
799	6	120
799	7	60
799	8	90
799	9	70
799	10	120
799	11	20
799	12	90
799	13	30
799	14	80
799	15	90
799	16	80
799	17	50
799	18	80
799	19	80
799	20	120
799	21	80
799	22	90
799	23	60
799	24	70
799	25	80
799	26	60
799	27	60
799	28	80
799	29	70
799	30	70
799	31	70
799	32	60
799	33	50
799	34	50
799	35	60
799	36	90
799	37	10
799	38	60
799	39	50
799	40	40
800	1	20
800	2	50
800	3	90
800	4	90
800	5	70
800	6	100
800	7	20
800	8	90
800	9	90
800	10	70
800	11	60
800	12	70
800	13	30
800	14	50
800	15	90
800	16	100
800	17	110
800	18	80
800	19	90
800	20	90
800	21	80
800	22	110
800	23	60
800	24	90
800	25	80
800	26	50
800	27	60
800	28	100
800	29	70
800	30	70
800	31	70
800	32	60
800	33	50
800	34	50
800	35	50
800	36	70
800	37	0
800	38	80
800	39	90
800	40	20
801	1	0
801	2	50
801	3	70
801	4	70
801	5	70
801	6	90
801	7	20
801	8	70
801	9	50
801	10	70
801	11	60
801	12	50
801	13	0
801	14	70
801	15	70
801	16	70
801	17	90
801	18	50
801	19	50
801	20	90
801	21	50
801	22	70
801	23	50
801	24	50
801	25	50
801	26	50
801	27	50
801	28	70
801	29	50
801	30	70
801	31	50
801	32	50
801	33	50
801	34	50
801	35	50
801	36	70
801	37	0
801	38	70
801	39	70
801	40	20
802	1	50
802	2	50
802	3	60
802	4	80
802	5	100
802	6	100
802	7	70
802	8	70
802	9	70
802	10	80
802	11	110
802	12	70
802	13	80
802	14	60
802	15	90
802	16	120
802	17	110
802	18	60
802	19	100
802	20	100
802	21	60
802	22	90
802	23	60
802	24	70
802	25	30
802	26	10
802	27	60
802	28	120
802	29	70
802	30	70
802	31	0
802	32	60
802	33	50
802	34	50
802	35	60
802	36	50
802	37	60
802	38	30
802	39	90
802	40	90
803	1	0
803	2	50
803	3	90
803	4	70
803	5	90
803	6	120
803	7	40
803	8	70
803	9	50
803	10	90
803	11	60
803	12	70
803	13	30
803	14	70
803	15	90
803	16	100
803	17	90
803	18	60
803	19	70
803	20	110
803	21	60
803	22	90
803	23	60
803	24	50
803	25	80
803	26	50
803	27	60
803	28	100
803	29	70
803	30	70
803	31	50
803	32	60
803	33	50
803	34	50
803	35	50
803	36	70
803	37	0
803	38	80
803	39	70
803	40	40
804	1	0
804	2	50
804	3	70
804	4	60
804	5	100
804	6	80
804	7	20
804	8	70
804	9	70
804	10	80
804	11	0
804	12	70
804	13	30
804	14	80
804	15	70
804	16	100
804	17	50
804	18	80
804	19	80
804	20	80
804	21	80
804	22	70
804	23	80
804	24	70
804	25	80
804	26	60
804	27	80
804	28	100
804	29	70
804	30	50
804	31	70
804	32	80
804	33	70
804	34	70
804	35	80
804	36	70
804	37	30
804	38	60
804	39	50
804	40	20
805	1	0
805	2	60
805	3	90
805	4	80
805	5	80
805	6	80
805	7	0
805	8	80
805	9	70
805	10	60
805	11	60
805	12	60
805	13	10
805	14	60
805	15	70
805	16	100
805	17	110
805	18	60
805	19	80
805	20	80
805	21	60
805	22	70
805	23	60
805	24	70
805	25	60
805	26	60
805	27	60
805	28	100
805	29	50
805	30	80
805	31	50
805	32	60
805	33	50
805	34	60
805	35	60
805	36	50
805	37	10
805	38	80
805	39	100
805	40	30
806	1	20
806	2	60
806	3	50
806	4	80
806	5	100
806	6	100
806	7	40
806	8	100
806	9	70
806	10	100
806	11	40
806	12	80
806	13	10
806	14	100
806	15	70
806	16	100
806	17	70
806	18	100
806	19	60
806	20	100
806	21	80
806	22	90
806	23	60
806	24	90
806	25	60
806	26	60
806	27	60
806	28	80
806	29	50
806	30	80
806	31	70
806	32	80
806	33	50
806	34	80
806	35	80
806	36	110
806	37	30
806	38	60
806	39	80
806	40	30
807	1	70
807	2	60
807	3	60
807	4	100
807	5	80
807	6	140
807	7	110
807	8	120
807	9	90
807	10	120
807	11	110
807	12	100
807	13	80
807	14	80
807	15	110
807	16	100
807	17	90
807	18	80
807	19	100
807	20	140
807	21	80
807	22	90
807	23	60
807	24	90
807	25	30
807	26	10
807	27	60
807	28	100
807	29	70
807	30	100
807	31	20
807	32	60
807	33	50
807	34	60
807	35	60
807	36	90
807	37	60
807	38	30
807	39	80
807	40	120
808	1	70
808	2	50
808	3	40
808	4	80
808	5	120
808	6	120
808	7	110
808	8	110
808	9	90
808	10	120
808	11	110
808	12	90
808	13	60
808	14	100
808	15	90
808	16	140
808	17	90
808	18	100
808	19	80
808	20	120
808	21	80
808	22	90
808	23	60
808	24	110
808	25	10
808	26	10
808	27	60
808	28	120
808	29	50
808	30	90
808	31	20
808	32	80
808	33	50
808	34	70
808	35	80
808	36	110
808	37	80
808	38	10
808	39	90
808	40	110
809	1	90
809	2	70
809	3	60
809	4	90
809	5	110
809	6	120
809	7	110
809	8	90
809	9	90
809	10	110
809	11	110
809	12	110
809	13	60
809	14	70
809	15	70
809	16	140
809	17	110
809	18	100
809	19	70
809	20	110
809	21	80
809	22	90
809	23	60
809	24	110
809	25	10
809	26	20
809	27	60
809	28	120
809	29	50
809	30	90
809	31	20
809	32	80
809	33	50
809	34	70
809	35	70
809	36	90
809	37	70
809	38	30
809	39	110
809	40	110
810	1	20
810	2	60
810	3	70
810	4	80
810	5	100
810	6	100
810	7	40
810	8	100
810	9	90
810	10	100
810	11	0
810	12	100
810	13	30
810	14	80
810	15	70
810	16	100
810	17	50
810	18	100
810	19	80
810	20	100
810	21	100
810	22	90
810	23	80
810	24	90
810	25	80
810	26	60
810	27	80
810	28	100
810	29	70
810	30	60
810	31	90
810	32	80
810	33	70
810	34	80
810	35	80
810	36	90
810	37	30
810	38	60
810	39	60
810	40	30
811	1	50
811	2	60
811	3	0
811	4	60
811	5	100
811	6	80
811	7	70
811	8	100
811	9	70
811	10	80
811	11	90
811	12	60
811	13	80
811	14	100
811	15	90
811	16	100
811	17	70
811	18	80
811	19	80
811	20	80
811	21	80
811	22	90
811	23	80
811	24	70
811	25	30
811	26	10
811	27	80
811	28	100
811	29	70
811	30	80
811	31	20
811	32	80
811	33	70
811	34	80
811	35	80
811	36	90
811	37	80
811	38	10
811	39	80
811	40	80
812	1	20
812	2	80
812	3	50
812	4	60
812	5	60
812	6	80
812	7	40
812	8	80
812	9	50
812	10	100
812	11	20
812	12	80
812	13	30
812	14	80
812	15	90
812	16	60
812	17	50
812	18	60
812	19	80
812	20	80
812	21	60
812	22	70
812	23	60
812	24	50
812	25	80
812	26	80
812	27	60
812	28	60
812	29	70
812	30	100
812	31	50
812	32	60
812	33	50
812	34	60
812	35	60
812	36	70
812	37	10
812	38	60
812	39	80
812	40	50
813	1	70
813	2	50
813	3	60
813	4	90
813	5	90
813	6	110
813	7	90
813	8	90
813	9	90
813	10	90
813	11	110
813	12	90
813	13	70
813	14	50
813	15	90
813	16	110
813	17	110
813	18	70
813	19	90
813	20	110
813	21	70
813	22	110
813	23	50
813	24	90
813	25	20
813	26	0
813	27	50
813	28	110
813	29	70
813	30	70
813	31	20
813	32	50
813	33	50
813	34	50
813	35	50
813	36	70
813	37	50
813	38	20
813	39	90
813	40	90
814	1	40
814	2	70
814	3	70
814	4	90
814	5	70
814	6	110
814	7	60
814	8	90
814	9	70
814	10	110
814	11	40
814	12	90
814	13	0
814	14	90
814	15	70
814	16	70
814	17	70
814	18	90
814	19	50
814	20	110
814	21	70
814	22	70
814	23	50
814	24	90
814	25	50
814	26	70
814	27	50
814	28	50
814	29	50
814	30	90
814	31	70
814	32	70
814	33	50
814	34	70
814	35	70
814	36	110
814	37	20
814	38	70
814	39	70
814	40	40
815	1	70
815	2	50
815	3	60
815	4	100
815	5	100
815	6	120
815	7	90
815	8	90
815	9	90
815	10	100
815	11	110
815	12	90
815	13	80
815	14	60
815	15	90
815	16	120
815	17	110
815	18	80
815	19	100
815	20	120
815	21	80
815	22	110
815	23	60
815	24	90
815	25	30
815	26	10
815	27	60
815	28	120
815	29	70
815	30	70
815	31	20
815	32	60
815	33	50
815	34	50
815	35	60
815	36	70
815	37	60
815	38	30
815	39	90
815	40	90
816	1	50
816	2	50
816	3	60
816	4	80
816	5	80
816	6	120
816	7	90
816	8	90
816	9	70
816	10	100
816	11	110
816	12	70
816	13	80
816	14	80
816	15	110
816	16	100
816	17	90
816	18	60
816	19	100
816	20	120
816	21	60
816	22	70
816	23	60
816	24	70
816	25	30
816	26	10
816	27	60
816	28	100
816	29	70
816	30	90
816	31	0
816	32	60
816	33	50
816	34	50
816	35	60
816	36	70
816	37	60
816	38	30
816	39	70
816	40	110
817	1	40
817	2	70
817	3	90
817	4	90
817	5	70
817	6	120
817	7	60
817	8	110
817	9	90
817	10	110
817	11	60
817	12	90
817	13	10
817	14	90
817	15	90
817	16	100
817	17	90
817	18	100
817	19	70
817	20	110
817	21	80
817	22	70
817	23	60
817	24	110
817	25	60
817	26	70
817	27	60
817	28	80
817	29	50
817	30	110
817	31	70
817	32	80
817	33	50
817	34	70
817	35	70
817	36	110
817	37	20
817	38	80
817	39	90
817	40	60
818	1	90
818	2	70
818	3	40
818	4	100
818	5	100
818	6	120
818	7	110
818	8	110
818	9	90
818	10	120
818	11	130
818	12	90
818	13	60
818	14	100
818	15	90
818	16	120
818	17	110
818	18	100
818	19	80
818	20	120
818	21	80
818	22	90
818	23	60
818	24	110
818	25	10
818	26	30
818	27	60
818	28	100
818	29	50
818	30	110
818	31	20
818	32	80
818	33	50
818	34	70
818	35	80
818	36	110
818	37	80
818	38	30
818	39	110
818	40	110
819	1	20
819	2	50
819	3	110
819	4	100
819	5	100
819	6	120
819	7	40
819	8	90
819	9	90
819	10	100
819	11	60
819	12	90
819	13	30
819	14	60
819	15	90
819	16	120
819	17	110
819	18	80
819	19	100
819	20	120
819	21	80
819	22	110
819	23	60
819	24	90
819	25	80
819	26	60
819	27	60
819	28	120
819	29	70
819	30	70
819	31	70
819	32	60
819	33	50
819	34	50
819	35	60
819	36	70
819	37	10
819	38	80
819	39	90
819	40	40
820	1	20
820	2	60
820	3	70
820	4	100
820	5	60
820	6	120
820	7	40
820	8	100
820	9	70
820	10	100
820	11	40
820	12	80
820	13	30
820	14	80
820	15	90
820	16	60
820	17	70
820	18	80
820	19	80
820	20	120
820	21	80
820	22	90
820	23	60
820	24	70
820	25	80
820	26	60
820	27	60
820	28	60
820	29	70
820	30	80
820	31	70
820	32	60
820	33	50
820	34	60
820	35	60
820	36	90
820	37	10
820	38	80
820	39	60
820	40	30
821	1	70
821	2	50
821	3	20
821	4	100
821	5	80
821	6	120
821	7	90
821	8	90
821	9	70
821	10	100
821	11	90
821	12	70
821	13	80
821	14	100
821	15	90
821	16	80
821	17	70
821	18	100
821	19	80
821	20	120
821	21	80
821	22	90
821	23	60
821	24	90
821	25	30
821	26	10
821	27	60
821	28	60
821	29	70
821	30	70
821	31	20
821	32	80
821	33	50
821	34	70
821	35	80
821	36	110
821	37	80
821	38	30
821	39	50
821	40	70
822	1	70
822	2	50
822	3	20
822	4	70
822	5	70
822	6	100
822	7	90
822	8	110
822	9	90
822	10	90
822	11	110
822	12	70
822	13	80
822	14	70
822	15	110
822	16	100
822	17	90
822	18	80
822	19	90
822	20	90
822	21	80
822	22	110
822	23	60
822	24	90
822	25	30
822	26	0
822	27	60
822	28	100
822	29	70
822	30	90
822	31	20
822	32	60
822	33	50
822	34	50
822	35	50
822	36	90
822	37	50
822	38	10
822	39	90
822	40	90
823	1	20
823	2	60
823	3	70
823	4	100
823	5	80
823	6	100
823	7	20
823	8	80
823	9	70
823	10	80
823	11	40
823	12	80
823	13	30
823	14	60
823	15	70
823	16	80
823	17	90
823	18	80
823	19	80
823	20	100
823	21	80
823	22	110
823	23	60
823	24	70
823	25	80
823	26	60
823	27	60
823	28	80
823	29	70
823	30	60
823	31	70
823	32	60
823	33	50
823	34	60
823	35	60
823	36	70
823	37	10
823	38	80
823	39	80
823	40	10
824	1	50
824	2	50
824	3	20
824	4	70
824	5	50
824	6	90
824	7	70
824	8	70
824	9	50
824	10	70
824	11	90
824	12	50
824	13	70
824	14	70
824	15	90
824	16	50
824	17	70
824	18	50
824	19	70
824	20	90
824	21	50
824	22	70
824	23	50
824	24	50
824	25	20
824	26	0
824	27	50
824	28	50
824	29	70
824	30	70
824	31	0
824	32	50
824	33	50
824	34	50
824	35	50
824	36	70
824	37	50
824	38	20
824	39	50
824	40	70
825	1	20
825	2	70
825	3	110
825	4	70
825	5	110
825	6	100
825	7	40
825	8	70
825	9	70
825	10	90
825	11	60
825	12	90
825	13	10
825	14	70
825	15	70
825	16	140
825	17	110
825	18	80
825	19	70
825	20	90
825	21	60
825	22	70
825	23	60
825	24	90
825	25	60
825	26	70
825	27	60
825	28	120
825	29	50
825	30	90
825	31	50
825	32	80
825	33	50
825	34	70
825	35	70
825	36	70
825	37	20
825	38	80
825	39	110
825	40	60
826	1	20
826	2	70
826	3	70
826	4	60
826	5	80
826	6	80
826	7	40
826	8	50
826	9	50
826	10	100
826	11	0
826	12	90
826	13	30
826	14	60
826	15	70
826	16	80
826	17	50
826	18	60
826	19	80
826	20	80
826	21	60
826	22	70
826	23	60
826	24	50
826	25	80
826	26	80
826	27	60
826	28	80
826	29	70
826	30	70
826	31	50
826	32	60
826	33	50
826	34	50
826	35	60
826	36	50
826	37	10
826	38	60
826	39	70
826	40	40
827	1	70
827	2	80
827	3	40
827	4	60
827	5	100
827	6	100
827	7	110
827	8	100
827	9	70
827	10	120
827	11	110
827	12	100
827	13	80
827	14	80
827	15	110
827	16	120
827	17	90
827	18	60
827	19	100
827	20	100
827	21	60
827	22	90
827	23	60
827	24	70
827	25	30
827	26	30
827	27	60
827	28	120
827	29	70
827	30	120
827	31	0
827	32	60
827	33	50
827	34	60
827	35	60
827	36	70
827	37	60
827	38	10
827	39	120
827	40	140
828	1	50
828	2	50
828	3	0
828	4	50
828	5	70
828	6	70
828	7	70
828	8	70
828	9	50
828	10	70
828	11	90
828	12	50
828	13	70
828	14	70
828	15	90
828	16	70
828	17	70
828	18	50
828	19	70
828	20	70
828	21	50
828	22	90
828	23	50
828	24	50
828	25	20
828	26	0
828	27	50
828	28	70
828	29	70
828	30	70
828	31	0
828	32	50
828	33	50
828	34	50
828	35	50
828	36	70
828	37	50
828	38	0
828	39	70
828	40	70
829	1	20
829	2	50
829	3	90
829	4	70
829	5	90
829	6	110
829	7	60
829	8	130
829	9	110
829	10	110
829	11	40
829	12	90
829	13	20
829	14	90
829	15	110
829	16	110
829	17	70
829	18	90
829	19	90
829	20	110
829	21	90
829	22	90
829	23	70
829	24	110
829	25	70
829	26	50
829	27	70
829	28	110
829	29	70
829	30	90
829	31	90
829	32	70
829	33	70
829	34	70
829	35	70
829	36	110
829	37	20
829	38	50
829	39	70
829	40	60
830	1	0
830	2	60
830	3	110
830	4	80
830	5	100
830	6	100
830	7	20
830	8	80
830	9	70
830	10	80
830	11	60
830	12	80
830	13	30
830	14	60
830	15	90
830	16	120
830	17	110
830	18	60
830	19	100
830	20	100
830	21	60
830	22	90
830	23	60
830	24	70
830	25	80
830	26	60
830	27	60
830	28	120
830	29	70
830	30	80
830	31	50
830	32	60
830	33	50
830	34	60
830	35	60
830	36	50
830	37	10
830	38	80
830	39	100
830	40	50
831	1	20
831	2	50
831	3	90
831	4	80
831	5	120
831	6	100
831	7	40
831	8	110
831	9	110
831	10	100
831	11	40
831	12	90
831	13	30
831	14	80
831	15	90
831	16	140
831	17	90
831	18	100
831	19	100
831	20	100
831	21	100
831	22	110
831	23	80
831	24	110
831	25	80
831	26	60
831	27	80
831	28	140
831	29	70
831	30	70
831	31	90
831	32	80
831	33	70
831	34	70
831	35	80
831	36	90
831	37	30
831	38	60
831	39	90
831	40	40
832	1	70
832	2	60
832	3	20
832	4	80
832	5	80
832	6	80
832	7	70
832	8	100
832	9	90
832	10	80
832	11	70
832	12	80
832	13	60
832	14	80
832	15	70
832	16	100
832	17	70
832	18	100
832	19	80
832	20	80
832	21	80
832	22	70
832	23	60
832	24	110
832	25	10
832	26	10
832	27	60
832	28	80
832	29	50
832	30	80
832	31	20
832	32	80
832	33	50
832	34	80
832	35	80
832	36	90
832	37	80
832	38	10
832	39	80
832	40	80
833	1	50
833	2	50
833	3	0
833	4	50
833	5	90
833	6	80
833	7	70
833	8	70
833	9	50
833	10	70
833	11	90
833	12	50
833	13	60
833	14	90
833	15	70
833	16	100
833	17	70
833	18	80
833	19	50
833	20	70
833	21	60
833	22	70
833	23	60
833	24	70
833	25	10
833	26	0
833	27	60
833	28	80
833	29	50
833	30	70
833	31	0
833	32	80
833	33	50
833	34	70
833	35	70
833	36	90
833	37	70
833	38	10
833	39	70
833	40	70
834	1	70
834	2	60
834	3	20
834	4	100
834	5	60
834	6	120
834	7	90
834	8	100
834	9	70
834	10	100
834	11	90
834	12	80
834	13	60
834	14	80
834	15	70
834	16	60
834	17	70
834	18	80
834	19	60
834	20	120
834	21	80
834	22	70
834	23	60
834	24	70
834	25	10
834	26	10
834	27	60
834	28	60
834	29	50
834	30	80
834	31	20
834	32	60
834	33	50
834	34	60
834	35	60
834	36	90
834	37	60
834	38	30
834	39	60
834	40	80
835	1	0
835	2	50
835	3	50
835	4	50
835	5	70
835	6	60
835	7	0
835	8	70
835	9	70
835	10	50
835	11	0
835	12	50
835	13	30
835	14	70
835	15	70
835	16	80
835	17	50
835	18	80
835	19	70
835	20	50
835	21	80
835	22	70
835	23	80
835	24	70
835	25	80
835	26	50
835	27	80
835	28	80
835	29	70
835	30	50
835	31	70
835	32	80
835	33	70
835	34	70
835	35	70
835	36	70
835	37	20
835	38	60
835	39	50
835	40	0
836	1	20
836	2	70
836	3	70
836	4	70
836	5	70
836	6	80
836	7	20
836	8	50
836	9	50
836	10	70
836	11	20
836	12	70
836	13	10
836	14	70
836	15	50
836	16	80
836	17	70
836	18	80
836	19	50
836	20	70
836	21	60
836	22	50
836	23	60
836	24	70
836	25	60
836	26	70
836	27	60
836	28	60
836	29	50
836	30	70
836	31	50
836	32	80
836	33	50
836	34	70
836	35	70
836	36	70
836	37	20
836	38	80
836	39	70
836	40	20
837	1	70
837	2	50
837	3	60
837	4	100
837	5	100
837	6	120
837	7	90
837	8	90
837	9	90
837	10	100
837	11	110
837	12	90
837	13	80
837	14	60
837	15	90
837	16	120
837	17	110
837	18	80
837	19	100
837	20	120
837	21	80
837	22	110
837	23	60
837	24	90
837	25	30
837	26	10
837	27	60
837	28	120
837	29	70
837	30	70
837	31	20
837	32	60
837	33	50
837	34	50
837	35	60
837	36	70
837	37	60
837	38	30
837	39	90
837	40	90
838	1	0
838	2	50
838	3	70
838	4	50
838	5	70
838	6	50
838	7	0
838	8	70
838	9	70
838	10	50
838	11	20
838	12	50
838	13	0
838	14	70
838	15	70
838	16	90
838	17	70
838	18	70
838	19	70
838	20	50
838	21	50
838	22	50
838	23	50
838	24	90
838	25	50
838	26	50
838	27	50
838	28	70
838	29	50
838	30	70
838	31	50
838	32	70
838	33	50
838	34	70
838	35	70
838	36	70
838	37	20
838	38	50
838	39	70
838	40	20
839	1	90
839	2	80
839	3	40
839	4	80
839	5	80
839	6	120
839	7	130
839	8	120
839	9	90
839	10	140
839	11	90
839	12	120
839	13	80
839	14	80
839	15	110
839	16	100
839	17	70
839	18	80
839	19	100
839	20	120
839	21	80
839	22	90
839	23	60
839	24	90
839	25	30
839	26	30
839	27	60
839	28	100
839	29	70
839	30	120
839	31	20
839	32	60
839	33	50
839	34	60
839	35	60
839	36	90
839	37	60
839	38	10
839	39	100
839	40	140
840	1	0
840	2	50
840	3	90
840	4	70
840	5	70
840	6	90
840	7	20
840	8	90
840	9	70
840	10	70
840	11	80
840	12	50
840	13	20
840	14	70
840	15	110
840	16	90
840	17	110
840	18	50
840	19	90
840	20	90
840	21	50
840	22	90
840	23	50
840	24	70
840	25	70
840	26	50
840	27	50
840	28	90
840	29	70
840	30	90
840	31	50
840	32	50
840	33	50
840	34	50
840	35	50
840	36	70
840	37	0
840	38	70
840	39	90
840	40	40
841	1	20
841	2	70
841	3	70
841	4	60
841	5	80
841	6	60
841	7	20
841	8	70
841	9	70
841	10	80
841	11	40
841	12	70
841	13	30
841	14	60
841	15	90
841	16	100
841	17	90
841	18	60
841	19	100
841	20	60
841	21	60
841	22	90
841	23	60
841	24	70
841	25	80
841	26	80
841	27	60
841	28	100
841	29	70
841	30	90
841	31	50
841	32	60
841	33	50
841	34	50
841	35	60
841	36	50
841	37	10
841	38	60
841	39	110
841	40	40
842	1	70
842	2	60
842	3	40
842	4	100
842	5	80
842	6	120
842	7	90
842	8	120
842	9	90
842	10	100
842	11	130
842	12	80
842	13	80
842	14	80
842	15	110
842	16	100
842	17	110
842	18	80
842	19	100
842	20	120
842	21	80
842	22	110
842	23	60
842	24	90
842	25	30
842	26	10
842	27	60
842	28	100
842	29	70
842	30	100
842	31	20
842	32	60
842	33	50
842	34	60
842	35	60
842	36	90
842	37	60
842	38	30
842	39	100
842	40	100
843	1	40
843	2	70
843	3	50
843	4	80
843	5	60
843	6	80
843	7	40
843	8	70
843	9	70
843	10	100
843	11	0
843	12	90
843	13	30
843	14	60
843	15	70
843	16	60
843	17	50
843	18	80
843	19	80
843	20	80
843	21	80
843	22	90
843	23	60
843	24	70
843	25	80
843	26	80
843	27	60
843	28	60
843	29	70
843	30	70
843	31	70
843	32	60
843	33	50
843	34	50
843	35	60
843	36	70
843	37	10
843	38	60
843	39	70
843	40	20
844	1	40
844	2	70
844	3	90
844	4	80
844	5	100
844	6	100
844	7	60
844	8	90
844	9	90
844	10	120
844	11	40
844	12	110
844	13	30
844	14	60
844	15	90
844	16	120
844	17	90
844	18	80
844	19	100
844	20	100
844	21	80
844	22	110
844	23	60
844	24	90
844	25	80
844	26	80
844	27	60
844	28	120
844	29	70
844	30	90
844	31	70
844	32	60
844	33	50
844	34	50
844	35	60
844	36	70
844	37	10
844	38	60
844	39	110
844	40	60
845	1	0
845	2	50
845	3	70
845	4	80
845	5	80
845	6	80
845	7	0
845	8	50
845	9	50
845	10	60
845	11	40
845	12	50
845	13	10
845	14	60
845	15	50
845	16	80
845	17	90
845	18	60
845	19	60
845	20	80
845	21	60
845	22	70
845	23	60
845	24	50
845	25	60
845	26	60
845	27	60
845	28	80
845	29	50
845	30	50
845	31	50
845	32	60
845	33	50
845	34	50
845	35	60
845	36	50
845	37	10
845	38	80
845	39	70
845	40	0
846	1	20
846	2	70
846	3	90
846	4	70
846	5	110
846	6	120
846	7	60
846	8	70
846	9	50
846	10	110
846	11	60
846	12	90
846	13	10
846	14	90
846	15	70
846	16	120
846	17	90
846	18	80
846	19	50
846	20	110
846	21	60
846	22	70
846	23	60
846	24	70
846	25	60
846	26	70
846	27	60
846	28	100
846	29	50
846	30	90
846	31	50
846	32	80
846	33	50
846	34	70
846	35	70
846	36	90
846	37	20
846	38	80
846	39	90
846	40	60
847	1	20
847	2	60
847	3	50
847	4	80
847	5	80
847	6	100
847	7	40
847	8	100
847	9	70
847	10	100
847	11	20
847	12	80
847	13	10
847	14	100
847	15	70
847	16	80
847	17	50
847	18	100
847	19	60
847	20	100
847	21	80
847	22	70
847	23	60
847	24	90
847	25	60
847	26	60
847	27	60
847	28	60
847	29	50
847	30	80
847	31	70
847	32	80
847	33	50
847	34	80
847	35	80
847	36	110
847	37	30
847	38	60
847	39	60
847	40	30
848	1	0
848	2	50
848	3	70
848	4	80
848	5	60
848	6	80
848	7	0
848	8	50
848	9	50
848	10	60
848	11	20
848	12	50
848	13	30
848	14	60
848	15	70
848	16	60
848	17	70
848	18	60
848	19	80
848	20	80
848	21	60
848	22	70
848	23	60
848	24	50
848	25	80
848	26	60
848	27	60
848	28	60
848	29	70
848	30	50
848	31	50
848	32	60
848	33	50
848	34	50
848	35	60
848	36	50
848	37	10
848	38	80
848	39	50
848	40	0
849	1	20
849	2	80
849	3	70
849	4	60
849	5	60
849	6	80
849	7	40
849	8	100
849	9	70
849	10	100
849	11	40
849	12	80
849	13	30
849	14	80
849	15	110
849	16	80
849	17	70
849	18	60
849	19	100
849	20	80
849	21	60
849	22	70
849	23	60
849	24	70
849	25	80
849	26	80
849	27	60
849	28	80
849	29	70
849	30	120
849	31	50
849	32	60
849	33	50
849	34	60
849	35	60
849	36	70
849	37	10
849	38	60
849	39	100
849	40	70
850	1	40
850	2	70
850	3	70
850	4	70
850	5	50
850	6	70
850	7	40
850	8	90
850	9	90
850	10	90
850	11	20
850	12	90
850	13	20
850	14	50
850	15	90
850	16	70
850	17	70
850	18	70
850	19	90
850	20	70
850	21	70
850	22	90
850	23	50
850	24	90
850	25	70
850	26	70
850	27	50
850	28	70
850	29	70
850	30	90
850	31	70
850	32	50
850	33	50
850	34	50
850	35	50
850	36	70
850	37	0
850	38	50
850	39	90
850	40	40
851	1	50
851	2	60
851	3	60
851	4	80
851	5	80
851	6	100
851	7	70
851	8	80
851	9	70
851	10	80
851	11	90
851	12	80
851	13	60
851	14	60
851	15	70
851	16	100
851	17	90
851	18	60
851	19	80
851	20	100
851	21	60
851	22	50
851	23	60
851	24	70
851	25	10
851	26	10
851	27	60
851	28	100
851	29	50
851	30	80
851	31	0
851	32	60
851	33	50
851	34	60
851	35	60
851	36	50
851	37	60
851	38	30
851	39	80
851	40	100
852	1	20
852	2	50
852	3	90
852	4	90
852	5	90
852	6	90
852	7	20
852	8	90
852	9	90
852	10	70
852	11	60
852	12	70
852	13	20
852	14	70
852	15	90
852	16	110
852	17	110
852	18	90
852	19	90
852	20	90
852	21	70
852	22	110
852	23	50
852	24	110
852	25	70
852	26	50
852	27	50
852	28	90
852	29	70
852	30	70
852	31	70
852	32	70
852	33	50
852	34	70
852	35	70
852	36	90
852	37	20
852	38	70
852	39	90
852	40	20
853	1	70
853	2	70
853	3	40
853	4	70
853	5	90
853	6	70
853	7	70
853	8	70
853	9	70
853	10	70
853	11	110
853	12	70
853	13	50
853	14	70
853	15	70
853	16	110
853	17	110
853	18	70
853	19	70
853	20	70
853	21	50
853	22	70
853	23	50
853	24	90
853	25	0
853	26	20
853	27	50
853	28	90
853	29	50
853	30	90
853	31	0
853	32	70
853	33	50
853	34	70
853	35	70
853	36	70
853	37	70
853	38	20
853	39	110
853	40	90
854	1	20
854	2	50
854	3	70
854	4	90
854	5	50
854	6	100
854	7	20
854	8	70
854	9	70
854	10	70
854	11	20
854	12	70
854	13	30
854	14	50
854	15	70
854	16	60
854	17	70
854	18	80
854	19	70
854	20	90
854	21	80
854	22	90
854	23	60
854	24	70
854	25	80
854	26	50
854	27	60
854	28	60
854	29	70
854	30	50
854	31	70
854	32	60
854	33	50
854	34	50
854	35	50
854	36	70
854	37	0
854	38	80
854	39	50
854	40	0
855	1	90
855	2	70
855	3	40
855	4	90
855	5	110
855	6	120
855	7	110
855	8	70
855	9	70
855	10	110
855	11	90
855	12	110
855	13	60
855	14	70
855	15	50
855	16	120
855	17	90
855	18	100
855	19	50
855	20	110
855	21	80
855	22	90
855	23	60
855	24	90
855	25	10
855	26	20
855	27	60
855	28	100
855	29	50
855	30	70
855	31	20
855	32	80
855	33	50
855	34	70
855	35	70
855	36	90
855	37	70
855	38	30
855	39	90
855	40	90
856	1	20
856	2	50
856	3	50
856	4	70
856	5	90
856	6	80
856	7	20
856	8	70
856	9	70
856	10	70
856	11	20
856	12	70
856	13	10
856	14	70
856	15	50
856	16	100
856	17	70
856	18	100
856	19	50
856	20	70
856	21	80
856	22	90
856	23	60
856	24	90
856	25	60
856	26	50
856	27	60
856	28	80
856	29	50
856	30	50
856	31	70
856	32	80
856	33	50
856	34	70
856	35	70
856	36	90
856	37	20
856	38	60
856	39	70
856	40	0
857	1	70
857	2	50
857	3	20
857	4	90
857	5	70
857	6	100
857	7	70
857	8	70
857	9	70
857	10	70
857	11	90
857	12	70
857	13	80
857	14	50
857	15	70
857	16	80
857	17	90
857	18	80
857	19	70
857	20	90
857	21	80
857	22	110
857	23	60
857	24	70
857	25	30
857	26	0
857	27	60
857	28	80
857	29	70
857	30	50
857	31	20
857	32	60
857	33	50
857	34	50
857	35	50
857	36	70
857	37	50
857	38	30
857	39	70
857	40	50
858	1	0
858	2	50
858	3	50
858	4	50
858	5	70
858	6	60
858	7	0
858	8	50
858	9	50
858	10	50
858	11	0
858	12	50
858	13	10
858	14	70
858	15	50
858	16	80
858	17	50
858	18	80
858	19	50
858	20	50
858	21	60
858	22	50
858	23	60
858	24	70
858	25	60
858	26	50
858	27	60
858	28	60
858	29	50
858	30	50
858	31	50
858	32	80
858	33	50
858	34	70
858	35	70
858	36	70
858	37	20
858	38	60
858	39	50
858	40	0
859	1	0
859	2	50
859	3	90
859	4	70
859	5	70
859	6	100
859	7	20
859	8	50
859	9	50
859	10	70
859	11	20
859	12	70
859	13	10
859	14	50
859	15	50
859	16	80
859	17	70
859	18	60
859	19	50
859	20	90
859	21	60
859	22	50
859	23	60
859	24	50
859	25	60
859	26	50
859	27	60
859	28	80
859	29	50
859	30	50
859	31	50
859	32	60
859	33	50
859	34	50
859	35	50
859	36	50
859	37	0
859	38	80
859	39	50
859	40	20
860	1	20
860	2	50
860	3	70
860	4	70
860	5	90
860	6	120
860	7	60
860	8	110
860	9	90
860	10	110
860	11	20
860	12	90
860	13	30
860	14	90
860	15	90
860	16	100
860	17	50
860	18	100
860	19	70
860	20	110
860	21	100
860	22	90
860	23	80
860	24	90
860	25	80
860	26	50
860	27	80
860	28	100
860	29	70
860	30	70
860	31	90
860	32	80
860	33	70
860	34	70
860	35	70
860	36	110
860	37	20
860	38	60
860	39	50
860	40	40
861	1	50
861	2	50
861	3	20
861	4	70
861	5	50
861	6	70
861	7	50
861	8	50
861	9	50
861	10	50
861	11	70
861	12	50
861	13	70
861	14	50
861	15	70
861	16	50
861	17	70
861	18	50
861	19	70
861	20	70
861	21	50
861	22	70
861	23	50
861	24	50
861	25	20
861	26	0
861	27	50
861	28	50
861	29	70
861	30	50
861	31	0
861	32	50
861	33	50
861	34	50
861	35	50
861	36	50
861	37	50
861	38	20
861	39	50
861	40	50
862	1	70
862	2	80
862	3	40
862	4	60
862	5	100
862	6	80
862	7	90
862	8	80
862	9	70
862	10	100
862	11	90
862	12	100
862	13	80
862	14	60
862	15	90
862	16	120
862	17	90
862	18	60
862	19	100
862	20	80
862	21	60
862	22	90
862	23	60
862	24	70
862	25	30
862	26	30
862	27	60
862	28	120
862	29	70
862	30	100
862	31	0
862	32	60
862	33	50
862	34	60
862	35	60
862	36	50
862	37	60
862	38	10
862	39	120
862	40	120
863	1	90
863	2	70
863	3	40
863	4	80
863	5	80
863	6	120
863	7	130
863	8	110
863	9	90
863	10	140
863	11	90
863	12	110
863	13	80
863	14	80
863	15	110
863	16	100
863	17	70
863	18	80
863	19	100
863	20	120
863	21	80
863	22	90
863	23	60
863	24	90
863	25	30
863	26	30
863	27	60
863	28	100
863	29	70
863	30	110
863	31	20
863	32	60
863	33	50
863	34	50
863	35	60
863	36	90
863	37	60
863	38	10
863	39	90
863	40	130
864	1	0
864	2	50
864	3	110
864	4	70
864	5	110
864	6	100
864	7	20
864	8	70
864	9	70
864	10	70
864	11	60
864	12	70
864	13	30
864	14	70
864	15	90
864	16	140
864	17	110
864	18	80
864	19	90
864	20	90
864	21	60
864	22	90
864	23	60
864	24	90
864	25	80
864	26	50
864	27	60
864	28	120
864	29	70
864	30	70
864	31	50
864	32	80
864	33	50
864	34	70
864	35	70
864	36	70
864	37	20
864	38	80
864	39	90
864	40	40
865	1	70
865	2	80
865	3	40
865	4	80
865	5	120
865	6	100
865	7	90
865	8	60
865	9	50
865	10	100
865	11	90
865	12	100
865	13	60
865	14	80
865	15	50
865	16	120
865	17	90
865	18	80
865	19	60
865	20	100
865	21	60
865	22	70
865	23	60
865	24	70
865	25	10
865	26	30
865	27	60
865	28	100
865	29	50
865	30	80
865	31	0
865	32	80
865	33	50
865	34	80
865	35	80
865	36	70
865	37	80
865	38	30
865	39	100
865	40	100
866	1	0
866	2	60
866	3	90
866	4	80
866	5	100
866	6	100
866	7	20
866	8	60
866	9	50
866	10	80
866	11	40
866	12	80
866	13	30
866	14	60
866	15	70
866	16	100
866	17	90
866	18	60
866	19	80
866	20	100
866	21	60
866	22	90
866	23	60
866	24	50
866	25	80
866	26	60
866	27	60
866	28	100
866	29	70
866	30	60
866	31	50
866	32	60
866	33	50
866	34	60
866	35	60
866	36	50
866	37	10
866	38	80
866	39	80
866	40	30
867	1	20
867	2	50
867	3	50
867	4	70
867	5	70
867	6	90
867	7	40
867	8	90
867	9	70
867	10	90
867	11	40
867	12	70
867	13	20
867	14	70
867	15	90
867	16	70
867	17	70
867	18	70
867	19	70
867	20	90
867	21	70
867	22	110
867	23	50
867	24	70
867	25	70
867	26	50
867	27	50
867	28	70
867	29	70
867	30	70
867	31	70
867	32	50
867	33	50
867	34	50
867	35	50
867	36	90
867	37	0
867	38	50
867	39	70
867	40	20
868	1	0
868	2	50
868	3	90
868	4	80
868	5	60
868	6	80
868	7	0
868	8	70
868	9	70
868	10	60
868	11	40
868	12	50
868	13	30
868	14	60
868	15	90
868	16	80
868	17	90
868	18	60
868	19	100
868	20	80
868	21	60
868	22	70
868	23	60
868	24	70
868	25	80
868	26	60
868	27	60
868	28	80
868	29	70
868	30	70
868	31	50
868	32	60
868	33	50
868	34	50
868	35	60
868	36	50
868	37	10
868	38	80
868	39	70
868	40	20
869	1	90
869	2	70
869	3	0
869	4	70
869	5	70
869	6	70
869	7	90
869	8	70
869	9	70
869	10	90
869	11	70
869	12	90
869	13	70
869	14	50
869	15	70
869	16	70
869	17	70
869	18	70
869	19	70
869	20	70
869	21	70
869	22	110
869	23	50
869	24	70
869	25	20
869	26	20
869	27	50
869	28	70
869	29	70
869	30	70
869	31	20
869	32	50
869	33	50
869	34	50
869	35	50
869	36	70
869	37	50
869	38	0
869	39	90
869	40	70
870	1	0
870	2	60
870	3	90
870	4	60
870	5	100
870	6	80
870	7	20
870	8	100
870	9	90
870	10	80
870	11	20
870	12	80
870	13	30
870	14	80
870	15	90
870	16	120
870	17	70
870	18	80
870	19	100
870	20	80
870	21	80
870	22	70
870	23	80
870	24	90
870	25	80
870	26	60
870	27	80
870	28	120
870	29	70
870	30	80
870	31	70
870	32	80
870	33	70
870	34	80
870	35	80
870	36	70
870	37	30
870	38	60
870	39	80
870	40	50
871	1	70
871	2	50
871	3	40
871	4	90
871	5	90
871	6	120
871	7	90
871	8	70
871	9	70
871	10	90
871	11	70
871	12	90
871	13	80
871	14	70
871	15	70
871	16	100
871	17	70
871	18	100
871	19	70
871	20	110
871	21	80
871	22	90
871	23	60
871	24	90
871	25	30
871	26	0
871	27	60
871	28	80
871	29	70
871	30	50
871	31	20
871	32	80
871	33	50
871	34	70
871	35	70
871	36	90
871	37	70
871	38	30
871	39	50
871	40	70
872	1	0
872	2	60
872	3	90
872	4	80
872	5	60
872	6	100
872	7	20
872	8	100
872	9	70
872	10	80
872	11	60
872	12	60
872	13	30
872	14	80
872	15	110
872	16	80
872	17	90
872	18	60
872	19	100
872	20	100
872	21	60
872	22	70
872	23	60
872	24	70
872	25	80
872	26	60
872	27	60
872	28	80
872	29	70
872	30	100
872	31	50
872	32	60
872	33	50
872	34	60
872	35	60
872	36	70
872	37	10
872	38	80
872	39	80
872	40	50
873	1	0
873	2	50
873	3	90
873	4	70
873	5	110
873	6	120
873	7	40
873	8	70
873	9	50
873	10	90
873	11	60
873	12	70
873	13	30
873	14	90
873	15	90
873	16	120
873	17	90
873	18	80
873	19	70
873	20	110
873	21	60
873	22	90
873	23	60
873	24	70
873	25	80
873	26	50
873	27	60
873	28	100
873	29	70
873	30	70
873	31	50
873	32	80
873	33	50
873	34	70
873	35	70
873	36	90
873	37	20
873	38	80
873	39	70
873	40	40
874	1	70
874	2	50
874	3	20
874	4	80
874	5	120
874	6	120
874	7	110
874	8	110
874	9	90
874	10	120
874	11	90
874	12	90
874	13	80
874	14	100
874	15	90
874	16	120
874	17	70
874	18	100
874	19	80
874	20	120
874	21	100
874	22	110
874	23	80
874	24	90
874	25	30
874	26	10
874	27	80
874	28	120
874	29	70
874	30	70
874	31	40
874	32	80
874	33	70
874	34	70
874	35	80
874	36	110
874	37	80
874	38	10
874	39	70
874	40	90
875	1	70
875	2	50
875	3	60
875	4	100
875	5	80
875	6	140
875	7	110
875	8	110
875	9	90
875	10	120
875	11	110
875	12	90
875	13	80
875	14	80
875	15	110
875	16	100
875	17	90
875	18	80
875	19	100
875	20	140
875	21	80
875	22	90
875	23	60
875	24	90
875	25	30
875	26	10
875	27	60
875	28	100
875	29	70
875	30	90
875	31	20
875	32	60
875	33	50
875	34	50
875	35	60
875	36	90
875	37	60
875	38	30
875	39	70
875	40	110
876	1	0
876	2	50
876	3	90
876	4	70
876	5	50
876	6	70
876	7	0
876	8	70
876	9	70
876	10	50
876	11	40
876	12	50
876	13	0
876	14	50
876	15	70
876	16	70
876	17	90
876	18	50
876	19	70
876	20	70
876	21	50
876	22	50
876	23	50
876	24	70
876	25	50
876	26	50
876	27	50
876	28	70
876	29	50
876	30	70
876	31	50
876	32	50
876	33	50
876	34	50
876	35	50
876	36	50
876	37	0
876	38	70
876	39	70
876	40	20
877	1	70
877	2	60
877	3	40
877	4	100
877	5	120
877	6	120
877	7	90
877	8	80
877	9	70
877	10	100
877	11	90
877	12	100
877	13	80
877	14	80
877	15	70
877	16	120
877	17	90
877	18	100
877	19	80
877	20	120
877	21	80
877	22	110
877	23	60
877	24	90
877	25	30
877	26	10
877	27	60
877	28	100
877	29	70
877	30	60
877	31	20
877	32	80
877	33	50
877	34	80
877	35	80
877	36	90
877	37	80
877	38	30
877	39	80
877	40	80
878	1	40
878	2	70
878	3	50
878	4	80
878	5	60
878	6	100
878	7	60
878	8	90
878	9	70
878	10	120
878	11	20
878	12	90
878	13	30
878	14	80
878	15	90
878	16	60
878	17	50
878	18	80
878	19	80
878	20	100
878	21	80
878	22	90
878	23	60
878	24	70
878	25	80
878	26	80
878	27	60
878	28	60
878	29	70
878	30	90
878	31	70
878	32	60
878	33	50
878	34	50
878	35	60
878	36	90
878	37	10
878	38	60
878	39	70
878	40	40
879	1	70
879	2	50
879	3	40
879	4	80
879	5	100
879	6	120
879	7	110
879	8	110
879	9	90
879	10	120
879	11	90
879	12	90
879	13	60
879	14	100
879	15	90
879	16	120
879	17	70
879	18	100
879	19	80
879	20	120
879	21	80
879	22	70
879	23	60
879	24	110
879	25	10
879	26	10
879	27	60
879	28	100
879	29	50
879	30	90
879	31	20
879	32	80
879	33	50
879	34	70
879	35	80
879	36	110
879	37	80
879	38	10
879	39	70
879	40	110
880	1	70
880	2	50
880	3	40
880	4	100
880	5	100
880	6	140
880	7	110
880	8	90
880	9	70
880	10	120
880	11	110
880	12	90
880	13	80
880	14	80
880	15	90
880	16	100
880	17	90
880	18	80
880	19	80
880	20	140
880	21	80
880	22	110
880	23	60
880	24	70
880	25	30
880	26	10
880	27	60
880	28	100
880	29	70
880	30	70
880	31	20
880	32	60
880	33	50
880	34	50
880	35	60
880	36	90
880	37	60
880	38	30
880	39	70
880	40	90
881	1	40
881	2	70
881	3	50
881	4	70
881	5	70
881	6	70
881	7	40
881	8	70
881	9	70
881	10	90
881	11	20
881	12	90
881	13	20
881	14	50
881	15	70
881	16	70
881	17	70
881	18	70
881	19	70
881	20	70
881	21	70
881	22	110
881	23	50
881	24	70
881	25	70
881	26	70
881	27	50
881	28	70
881	29	70
881	30	70
881	31	70
881	32	50
881	33	50
881	34	50
881	35	50
881	36	70
881	37	0
881	38	50
881	39	90
881	40	20
882	1	50
882	2	50
882	3	60
882	4	70
882	5	110
882	6	120
882	7	90
882	8	90
882	9	70
882	10	90
882	11	130
882	12	70
882	13	80
882	14	90
882	15	110
882	16	140
882	17	110
882	18	80
882	19	90
882	20	110
882	21	60
882	22	90
882	23	60
882	24	90
882	25	30
882	26	0
882	27	60
882	28	120
882	29	70
882	30	90
882	31	0
882	32	80
882	33	50
882	34	70
882	35	70
882	36	90
882	37	70
882	38	30
882	39	90
882	40	110
883	1	50
883	2	60
883	3	20
883	4	60
883	5	100
883	6	100
883	7	90
883	8	80
883	9	50
883	10	100
883	11	70
883	12	80
883	13	60
883	14	100
883	15	70
883	16	100
883	17	50
883	18	80
883	19	60
883	20	100
883	21	60
883	22	50
883	23	60
883	24	70
883	25	10
883	26	10
883	27	60
883	28	80
883	29	50
883	30	80
883	31	0
883	32	80
883	33	50
883	34	80
883	35	80
883	36	90
883	37	80
883	38	10
883	39	60
883	40	100
884	1	70
884	2	50
884	3	20
884	4	100
884	5	60
884	6	120
884	7	90
884	8	90
884	9	70
884	10	100
884	11	90
884	12	70
884	13	80
884	14	80
884	15	90
884	16	60
884	17	70
884	18	80
884	19	80
884	20	120
884	21	80
884	22	90
884	23	60
884	24	70
884	25	30
884	26	10
884	27	60
884	28	60
884	29	70
884	30	70
884	31	20
884	32	60
884	33	50
884	34	50
884	35	60
884	36	90
884	37	60
884	38	30
884	39	50
884	40	70
885	1	70
885	2	50
885	3	20
885	4	90
885	5	90
885	6	110
885	7	90
885	8	90
885	9	70
885	10	90
885	11	110
885	12	70
885	13	70
885	14	90
885	15	90
885	16	90
885	17	90
885	18	90
885	19	70
885	20	110
885	21	70
885	22	110
885	23	50
885	24	90
885	25	20
885	26	0
885	27	50
885	28	70
885	29	70
885	30	70
885	31	20
885	32	70
885	33	50
885	34	70
885	35	70
885	36	110
885	37	70
885	38	20
885	39	70
885	40	70
886	1	70
886	2	50
886	3	20
886	4	80
886	5	120
886	6	100
886	7	90
886	8	70
886	9	70
886	10	100
886	11	70
886	12	90
886	13	60
886	14	80
886	15	50
886	16	120
886	17	70
886	18	100
886	19	60
886	20	100
886	21	80
886	22	90
886	23	60
886	24	90
886	25	10
886	26	10
886	27	60
886	28	100
886	29	50
886	30	50
886	31	20
886	32	80
886	33	50
886	34	70
886	35	80
886	36	90
886	37	80
886	38	10
886	39	70
886	40	70
887	1	90
887	2	70
887	3	40
887	4	90
887	5	90
887	6	110
887	7	110
887	8	110
887	9	90
887	10	110
887	11	130
887	12	90
887	13	50
887	14	90
887	15	90
887	16	110
887	17	110
887	18	90
887	19	70
887	20	110
887	21	70
887	22	90
887	23	50
887	24	110
887	25	0
887	26	20
887	27	50
887	28	90
887	29	50
887	30	110
887	31	20
887	32	70
887	33	50
887	34	70
887	35	70
887	36	110
887	37	70
887	38	20
887	39	110
887	40	110
888	1	50
888	2	60
888	3	60
888	4	80
888	5	100
888	6	120
888	7	90
888	8	100
888	9	70
888	10	100
888	11	130
888	12	80
888	13	80
888	14	80
888	15	110
888	16	120
888	17	110
888	18	60
888	19	100
888	20	120
888	21	60
888	22	90
888	23	60
888	24	70
888	25	30
888	26	10
888	27	60
888	28	120
888	29	70
888	30	100
888	31	0
888	32	60
888	33	50
888	34	60
888	35	60
888	36	70
888	37	60
888	38	30
888	39	100
888	40	120
889	1	0
889	2	50
889	3	90
889	4	70
889	5	70
889	6	90
889	7	20
889	8	90
889	9	70
889	10	70
889	11	60
889	12	50
889	13	20
889	14	90
889	15	110
889	16	90
889	17	90
889	18	70
889	19	90
889	20	90
889	21	50
889	22	70
889	23	50
889	24	90
889	25	70
889	26	50
889	27	50
889	28	70
889	29	70
889	30	90
889	31	50
889	32	70
889	33	50
889	34	70
889	35	70
889	36	90
889	37	20
889	38	70
889	39	70
889	40	40
890	1	0
890	2	50
890	3	70
890	4	60
890	5	120
890	6	80
890	7	20
890	8	70
890	9	70
890	10	80
890	11	20
890	12	70
890	13	30
890	14	80
890	15	70
890	16	120
890	17	70
890	18	80
890	19	80
890	20	80
890	21	80
890	22	90
890	23	80
890	24	70
890	25	80
890	26	60
890	27	80
890	28	120
890	29	70
890	30	50
890	31	70
890	32	80
890	33	70
890	34	70
890	35	80
890	36	70
890	37	30
890	38	60
890	39	70
890	40	20
891	1	20
891	2	60
891	3	70
891	4	100
891	5	80
891	6	100
891	7	20
891	8	80
891	9	70
891	10	80
891	11	40
891	12	80
891	13	30
891	14	60
891	15	70
891	16	80
891	17	90
891	18	80
891	19	80
891	20	100
891	21	80
891	22	110
891	23	60
891	24	70
891	25	80
891	26	60
891	27	60
891	28	80
891	29	70
891	30	60
891	31	70
891	32	60
891	33	50
891	34	60
891	35	60
891	36	70
891	37	10
891	38	80
891	39	80
891	40	10
892	1	0
892	2	50
892	3	50
892	4	50
892	5	70
892	6	50
892	7	0
892	8	50
892	9	50
892	10	50
892	11	0
892	12	50
892	13	0
892	14	70
892	15	50
892	16	70
892	17	50
892	18	70
892	19	50
892	20	50
892	21	50
892	22	50
892	23	50
892	24	70
892	25	50
892	26	50
892	27	50
892	28	50
892	29	50
892	30	50
892	31	50
892	32	70
892	33	50
892	34	70
892	35	70
892	36	70
892	37	20
892	38	50
892	39	50
892	40	0
893	1	50
893	2	60
893	3	40
893	4	80
893	5	60
893	6	80
893	7	50
893	8	80
893	9	70
893	10	60
893	11	90
893	12	60
893	13	60
893	14	60
893	15	70
893	16	80
893	17	90
893	18	60
893	19	80
893	20	80
893	21	60
893	22	50
893	23	60
893	24	70
893	25	10
893	26	10
893	27	60
893	28	80
893	29	50
893	30	80
893	31	0
893	32	60
893	33	50
893	34	60
893	35	60
893	36	50
893	37	60
893	38	30
893	39	80
893	40	80
894	1	20
894	2	60
894	3	90
894	4	100
894	5	120
894	6	120
894	7	40
894	8	80
894	9	70
894	10	100
894	11	40
894	12	100
894	13	30
894	14	80
894	15	70
894	16	120
894	17	90
894	18	100
894	19	80
894	20	120
894	21	80
894	22	110
894	23	60
894	24	90
894	25	80
894	26	60
894	27	60
894	28	100
894	29	70
894	30	60
894	31	70
894	32	80
894	33	50
894	34	80
894	35	80
894	36	90
894	37	30
894	38	80
894	39	80
894	40	30
895	1	50
895	2	50
895	3	20
895	4	60
895	5	100
895	6	80
895	7	70
895	8	50
895	9	50
895	10	80
895	11	70
895	12	70
895	13	80
895	14	60
895	15	70
895	16	100
895	17	70
895	18	60
895	19	80
895	20	80
895	21	60
895	22	90
895	23	60
895	24	50
895	25	30
895	26	10
895	27	60
895	28	100
895	29	70
895	30	50
895	31	0
895	32	60
895	33	50
895	34	50
895	35	60
895	36	50
895	37	60
895	38	10
895	39	70
895	40	70
896	1	50
896	2	60
896	3	40
896	4	80
896	5	100
896	6	100
896	7	70
896	8	60
896	9	50
896	10	80
896	11	70
896	12	80
896	13	80
896	14	80
896	15	70
896	16	100
896	17	70
896	18	80
896	19	80
896	20	100
896	21	60
896	22	70
896	23	60
896	24	70
896	25	30
896	26	10
896	27	60
896	28	80
896	29	70
896	30	60
896	31	0
896	32	80
896	33	50
896	34	80
896	35	80
896	36	70
896	37	80
896	38	30
896	39	60
896	40	80
897	1	0
897	2	50
897	3	110
897	4	80
897	5	100
897	6	100
897	7	20
897	8	70
897	9	70
897	10	80
897	11	60
897	12	70
897	13	10
897	14	60
897	15	70
897	16	120
897	17	110
897	18	60
897	19	80
897	20	100
897	21	60
897	22	70
897	23	60
897	24	70
897	25	60
897	26	60
897	27	60
897	28	120
897	29	50
897	30	70
897	31	50
897	32	60
897	33	50
897	34	50
897	35	60
897	36	50
897	37	10
897	38	80
897	39	90
897	40	40
898	1	20
898	2	50
898	3	70
898	4	70
898	5	70
898	6	90
898	7	40
898	8	70
898	9	70
898	10	90
898	11	0
898	12	90
898	13	20
898	14	50
898	15	70
898	16	70
898	17	50
898	18	70
898	19	70
898	20	90
898	21	70
898	22	90
898	23	50
898	24	70
898	25	70
898	26	50
898	27	50
898	28	70
898	29	70
898	30	50
898	31	70
898	32	50
898	33	50
898	34	50
898	35	50
898	36	70
898	37	0
898	38	50
898	39	50
898	40	20
899	1	50
899	2	50
899	3	40
899	4	70
899	5	70
899	6	100
899	7	70
899	8	50
899	9	50
899	10	70
899	11	70
899	12	70
899	13	80
899	14	50
899	15	70
899	16	80
899	17	70
899	18	60
899	19	70
899	20	90
899	21	60
899	22	70
899	23	60
899	24	50
899	25	30
899	26	0
899	27	60
899	28	80
899	29	70
899	30	50
899	31	0
899	32	60
899	33	50
899	34	50
899	35	50
899	36	50
899	37	50
899	38	30
899	39	50
899	40	70
900	1	40
900	2	70
900	3	90
900	4	100
900	5	100
900	6	120
900	7	60
900	8	110
900	9	90
900	10	120
900	11	80
900	12	90
900	13	10
900	14	100
900	15	90
900	16	120
900	17	110
900	18	100
900	19	80
900	20	120
900	21	80
900	22	90
900	23	60
900	24	110
900	25	60
900	26	80
900	27	60
900	28	100
900	29	50
900	30	110
900	31	70
900	32	80
900	33	50
900	34	70
900	35	80
900	36	110
900	37	30
900	38	80
900	39	110
900	40	60
901	1	20
901	2	50
901	3	90
901	4	80
901	5	120
901	6	100
901	7	40
901	8	90
901	9	90
901	10	100
901	11	40
901	12	90
901	13	10
901	14	80
901	15	70
901	16	140
901	17	90
901	18	100
901	19	80
901	20	100
901	21	80
901	22	90
901	23	60
901	24	110
901	25	60
901	26	60
901	27	60
901	28	120
901	29	50
901	30	70
901	31	70
901	32	80
901	33	50
901	34	70
901	35	80
901	36	90
901	37	30
901	38	60
901	39	90
901	40	40
902	1	0
902	2	50
902	3	90
902	4	50
902	5	110
902	6	100
902	7	40
902	8	110
902	9	90
902	10	90
902	11	60
902	12	70
902	13	30
902	14	90
902	15	110
902	16	140
902	17	90
902	18	80
902	19	90
902	20	90
902	21	80
902	22	90
902	23	80
902	24	90
902	25	80
902	26	50
902	27	80
902	28	140
902	29	70
902	30	90
902	31	70
902	32	80
902	33	70
902	34	70
902	35	70
902	36	90
902	37	20
902	38	60
902	39	90
902	40	60
903	1	0
903	2	50
903	3	110
903	4	80
903	5	80
903	6	100
903	7	20
903	8	70
903	9	70
903	10	80
903	11	40
903	12	70
903	13	30
903	14	60
903	15	90
903	16	100
903	17	90
903	18	60
903	19	100
903	20	100
903	21	60
903	22	70
903	23	60
903	24	70
903	25	80
903	26	60
903	27	60
903	28	100
903	29	70
903	30	70
903	31	50
903	32	60
903	33	50
903	34	50
903	35	60
903	36	50
903	37	10
903	38	80
903	39	70
903	40	40
904	1	20
904	2	70
904	3	50
904	4	50
904	5	50
904	6	70
904	7	40
904	8	70
904	9	50
904	10	90
904	11	20
904	12	70
904	13	20
904	14	70
904	15	90
904	16	50
904	17	50
904	18	50
904	19	70
904	20	70
904	21	50
904	22	70
904	23	50
904	24	50
904	25	70
904	26	70
904	27	50
904	28	50
904	29	70
904	30	90
904	31	50
904	32	50
904	33	50
904	34	50
904	35	50
904	36	70
904	37	0
904	38	50
904	39	70
904	40	40
905	1	0
905	2	50
905	3	90
905	4	80
905	5	120
905	6	100
905	7	20
905	8	50
905	9	50
905	10	80
905	11	40
905	12	70
905	13	30
905	14	80
905	15	70
905	16	120
905	17	90
905	18	80
905	19	80
905	20	100
905	21	60
905	22	90
905	23	60
905	24	70
905	25	80
905	26	60
905	27	60
905	28	100
905	29	70
905	30	50
905	31	50
905	32	80
905	33	50
905	34	70
905	35	80
905	36	70
905	37	30
905	38	80
905	39	70
905	40	20
906	1	0
906	2	50
906	3	90
906	4	80
906	5	100
906	6	100
906	7	20
906	8	50
906	9	50
906	10	80
906	11	40
906	12	70
906	13	10
906	14	60
906	15	50
906	16	100
906	17	90
906	18	60
906	19	60
906	20	100
906	21	60
906	22	70
906	23	60
906	24	50
906	25	60
906	26	60
906	27	60
906	28	100
906	29	50
906	30	50
906	31	50
906	32	60
906	33	50
906	34	50
906	35	60
906	36	50
906	37	10
906	38	80
906	39	70
906	40	20
907	1	50
907	2	50
907	3	20
907	4	60
907	5	80
907	6	80
907	7	70
907	8	90
907	9	70
907	10	80
907	11	90
907	12	50
907	13	60
907	14	100
907	15	90
907	16	100
907	17	70
907	18	80
907	19	80
907	20	80
907	21	60
907	22	50
907	23	60
907	24	90
907	25	10
907	26	10
907	27	60
907	28	80
907	29	50
907	30	90
907	31	0
907	32	80
907	33	50
907	34	70
907	35	80
907	36	90
907	37	80
907	38	10
907	39	70
907	40	90
908	1	0
908	2	50
908	3	50
908	4	60
908	5	80
908	6	60
908	7	0
908	8	70
908	9	70
908	10	60
908	11	0
908	12	50
908	13	30
908	14	80
908	15	70
908	16	80
908	17	50
908	18	80
908	19	80
908	20	60
908	21	80
908	22	70
908	23	80
908	24	70
908	25	80
908	26	60
908	27	80
908	28	80
908	29	70
908	30	50
908	31	70
908	32	80
908	33	70
908	34	70
908	35	80
908	36	70
908	37	30
908	38	60
908	39	50
908	40	0
909	1	40
909	2	80
909	3	90
909	4	80
909	5	80
909	6	120
909	7	80
909	8	120
909	9	90
909	10	140
909	11	40
909	12	120
909	13	30
909	14	80
909	15	110
909	16	100
909	17	70
909	18	80
909	19	100
909	20	120
909	21	80
909	22	90
909	23	60
909	24	90
909	25	80
909	26	80
909	27	60
909	28	100
909	29	70
909	30	120
909	31	70
909	32	60
909	33	50
909	34	60
909	35	60
909	36	90
909	37	10
909	38	60
909	39	100
909	40	90
910	1	70
910	2	50
910	3	0
910	4	80
910	5	80
910	6	80
910	7	70
910	8	70
910	9	70
910	10	80
910	11	70
910	12	70
910	13	80
910	14	60
910	15	70
910	16	80
910	17	70
910	18	80
910	19	80
910	20	80
910	21	80
910	22	110
910	23	60
910	24	70
910	25	30
910	26	10
910	27	60
910	28	80
910	29	70
910	30	50
910	31	20
910	32	60
910	33	50
910	34	50
910	35	60
910	36	70
910	37	60
910	38	10
910	39	70
910	40	50
911	1	20
911	2	50
911	3	110
911	4	100
911	5	100
911	6	120
911	7	40
911	8	90
911	9	90
911	10	100
911	11	60
911	12	90
911	13	30
911	14	60
911	15	90
911	16	120
911	17	110
911	18	80
911	19	100
911	20	120
911	21	80
911	22	110
911	23	60
911	24	90
911	25	80
911	26	60
911	27	60
911	28	120
911	29	70
911	30	70
911	31	70
911	32	60
911	33	50
911	34	50
911	35	60
911	36	70
911	37	10
911	38	80
911	39	90
911	40	40
912	1	20
912	2	50
912	3	90
912	4	90
912	5	70
912	6	120
912	7	40
912	8	110
912	9	90
912	10	90
912	11	80
912	12	70
912	13	30
912	14	70
912	15	110
912	16	100
912	17	110
912	18	80
912	19	90
912	20	110
912	21	80
912	22	110
912	23	60
912	24	90
912	25	80
912	26	50
912	27	60
912	28	100
912	29	70
912	30	90
912	31	70
912	32	60
912	33	50
912	34	50
912	35	50
912	36	90
912	37	0
912	38	80
912	39	90
912	40	40
913	1	0
913	2	60
913	3	90
913	4	80
913	5	100
913	6	120
913	7	40
913	8	80
913	9	50
913	10	100
913	11	60
913	12	80
913	13	30
913	14	80
913	15	90
913	16	100
913	17	90
913	18	60
913	19	80
913	20	120
913	21	60
913	22	90
913	23	60
913	24	50
913	25	80
913	26	60
913	27	60
913	28	100
913	29	70
913	30	80
913	31	50
913	32	60
913	33	50
913	34	60
913	35	60
913	36	70
913	37	10
913	38	80
913	39	80
913	40	50
914	1	20
914	2	50
914	3	50
914	4	70
914	5	50
914	6	90
914	7	40
914	8	90
914	9	70
914	10	90
914	11	20
914	12	70
914	13	20
914	14	70
914	15	90
914	16	50
914	17	50
914	18	70
914	19	70
914	20	90
914	21	70
914	22	90
914	23	50
914	24	70
914	25	70
914	26	50
914	27	50
914	28	50
914	29	70
914	30	70
914	31	70
914	32	50
914	33	50
914	34	50
914	35	50
914	36	90
914	37	0
914	38	50
914	39	50
914	40	20
915	1	50
915	2	50
915	3	0
915	4	50
915	5	90
915	6	50
915	7	50
915	8	50
915	9	50
915	10	50
915	11	70
915	12	50
915	13	50
915	14	70
915	15	50
915	16	90
915	17	70
915	18	70
915	19	50
915	20	50
915	21	50
915	22	70
915	23	50
915	24	70
915	25	0
915	26	0
915	27	50
915	28	70
915	29	50
915	30	50
915	31	0
915	32	70
915	33	50
915	34	70
915	35	70
915	36	70
915	37	70
915	38	0
915	39	70
915	40	50
916	1	20
916	2	60
916	3	50
916	4	80
916	5	60
916	6	100
916	7	40
916	8	100
916	9	70
916	10	100
916	11	20
916	12	80
916	13	30
916	14	80
916	15	90
916	16	60
916	17	50
916	18	80
916	19	80
916	20	100
916	21	80
916	22	90
916	23	60
916	24	70
916	25	80
916	26	60
916	27	60
916	28	60
916	29	70
916	30	80
916	31	70
916	32	60
916	33	50
916	34	60
916	35	60
916	36	90
916	37	10
916	38	60
916	39	60
916	40	30
917	1	70
917	2	50
917	3	60
917	4	90
917	5	70
917	6	140
917	7	110
917	8	110
917	9	90
917	10	110
917	11	110
917	12	90
917	13	80
917	14	70
917	15	110
917	16	100
917	17	90
917	18	80
917	19	90
917	20	130
917	21	80
917	22	90
917	23	60
917	24	90
917	25	30
917	26	0
917	27	60
917	28	100
917	29	70
917	30	90
917	31	20
917	32	60
917	33	50
917	34	50
917	35	50
917	36	90
917	37	50
917	38	30
917	39	70
917	40	110
918	1	70
918	2	50
918	3	0
918	4	80
918	5	80
918	6	80
918	7	70
918	8	70
918	9	70
918	10	80
918	11	70
918	12	70
918	13	80
918	14	60
918	15	70
918	16	80
918	17	70
918	18	80
918	19	80
918	20	80
918	21	80
918	22	110
918	23	60
918	24	70
918	25	30
918	26	10
918	27	60
918	28	80
918	29	70
918	30	50
918	31	20
918	32	60
918	33	50
918	34	50
918	35	60
918	36	70
918	37	60
918	38	10
918	39	70
918	40	50
919	1	70
919	2	50
919	3	20
919	4	80
919	5	80
919	6	80
919	7	70
919	8	110
919	9	110
919	10	80
919	11	70
919	12	70
919	13	80
919	14	80
919	15	90
919	16	100
919	17	70
919	18	100
919	19	100
919	20	80
919	21	100
919	22	90
919	23	80
919	24	110
919	25	30
919	26	10
919	27	80
919	28	100
919	29	70
919	30	70
919	31	40
919	32	80
919	33	70
919	34	70
919	35	80
919	36	90
919	37	80
919	38	10
919	39	70
919	40	70
920	1	70
920	2	50
920	3	60
920	4	90
920	5	70
920	6	120
920	7	90
920	8	90
920	9	90
920	10	90
920	11	90
920	12	90
920	13	60
920	14	50
920	15	70
920	16	100
920	17	90
920	18	80
920	19	70
920	20	110
920	21	80
920	22	70
920	23	60
920	24	90
920	25	10
920	26	0
920	27	60
920	28	100
920	29	50
920	30	70
920	31	20
920	32	60
920	33	50
920	34	50
920	35	50
920	36	70
920	37	50
920	38	30
920	39	70
920	40	90
921	1	50
921	2	50
921	3	40
921	4	70
921	5	70
921	6	100
921	7	70
921	8	50
921	9	50
921	10	70
921	11	70
921	12	70
921	13	80
921	14	50
921	15	70
921	16	80
921	17	70
921	18	60
921	19	70
921	20	90
921	21	60
921	22	70
921	23	60
921	24	50
921	25	30
921	26	0
921	27	60
921	28	80
921	29	70
921	30	50
921	31	0
921	32	60
921	33	50
921	34	50
921	35	50
921	36	50
921	37	50
921	38	30
921	39	50
921	40	70
922	1	50
922	2	60
922	3	20
922	4	60
922	5	80
922	6	80
922	7	70
922	8	120
922	9	90
922	10	80
922	11	90
922	12	60
922	13	80
922	14	100
922	15	110
922	16	100
922	17	70
922	18	80
922	19	100
922	20	80
922	21	80
922	22	70
922	23	80
922	24	90
922	25	30
922	26	10
922	27	80
922	28	100
922	29	70
922	30	100
922	31	20
922	32	80
922	33	70
922	34	80
922	35	80
922	36	90
922	37	80
922	38	10
922	39	80
922	40	100
923	1	40
923	2	70
923	3	70
923	4	100
923	5	80
923	6	100
923	7	40
923	8	70
923	9	70
923	10	100
923	11	20
923	12	90
923	13	10
923	14	80
923	15	50
923	16	80
923	17	70
923	18	100
923	19	60
923	20	100
923	21	80
923	22	70
923	23	60
923	24	90
923	25	60
923	26	80
923	27	60
923	28	60
923	29	50
923	30	70
923	31	70
923	32	80
923	33	50
923	34	70
923	35	80
923	36	90
923	37	30
923	38	80
923	39	70
923	40	20
924	1	20
924	2	50
924	3	90
924	4	100
924	5	100
924	6	140
924	7	60
924	8	90
924	9	70
924	10	120
924	11	40
924	12	90
924	13	30
924	14	100
924	15	90
924	16	100
924	17	70
924	18	100
924	19	80
924	20	140
924	21	80
924	22	90
924	23	60
924	24	90
924	25	80
924	26	60
924	27	60
924	28	80
924	29	70
924	30	70
924	31	70
924	32	80
924	33	50
924	34	70
924	35	80
924	36	110
924	37	30
924	38	80
924	39	50
924	40	40
925	1	70
925	2	50
925	3	40
925	4	90
925	5	50
925	6	120
925	7	90
925	8	110
925	9	90
925	10	90
925	11	110
925	12	70
925	13	80
925	14	70
925	15	110
925	16	80
925	17	90
925	18	80
925	19	90
925	20	110
925	21	80
925	22	90
925	23	60
925	24	90
925	25	30
925	26	0
925	27	60
925	28	80
925	29	70
925	30	90
925	31	20
925	32	60
925	33	50
925	34	50
925	35	50
925	36	90
925	37	50
925	38	30
925	39	70
925	40	90
926	1	50
926	2	50
926	3	40
926	4	70
926	5	90
926	6	70
926	7	50
926	8	70
926	9	70
926	10	50
926	11	110
926	12	50
926	13	70
926	14	70
926	15	90
926	16	110
926	17	110
926	18	70
926	19	90
926	20	70
926	21	50
926	22	90
926	23	50
926	24	90
926	25	20
926	26	0
926	27	50
926	28	90
926	29	70
926	30	70
926	31	0
926	32	70
926	33	50
926	34	70
926	35	70
926	36	70
926	37	70
926	38	20
926	39	90
926	40	70
927	1	50
927	2	60
927	3	60
927	4	80
927	5	120
927	6	120
927	7	90
927	8	100
927	9	70
927	10	100
927	11	130
927	12	80
927	13	80
927	14	100
927	15	110
927	16	140
927	17	110
927	18	80
927	19	100
927	20	120
927	21	60
927	22	90
927	23	60
927	24	90
927	25	30
927	26	10
927	27	60
927	28	120
927	29	70
927	30	100
927	31	0
927	32	80
927	33	50
927	34	80
927	35	80
927	36	90
927	37	80
927	38	30
927	39	100
927	40	120
928	1	70
928	2	70
928	3	40
928	4	60
928	5	100
928	6	100
928	7	110
928	8	90
928	9	70
928	10	120
928	11	110
928	12	90
928	13	80
928	14	80
928	15	110
928	16	120
928	17	90
928	18	60
928	19	100
928	20	100
928	21	60
928	22	90
928	23	60
928	24	70
928	25	30
928	26	30
928	27	60
928	28	120
928	29	70
928	30	110
928	31	0
928	32	60
928	33	50
928	34	50
928	35	60
928	36	70
928	37	60
928	38	10
928	39	110
928	40	130
929	1	40
929	2	70
929	3	70
929	4	100
929	5	100
929	6	120
929	7	60
929	8	90
929	9	70
929	10	120
929	11	60
929	12	90
929	13	10
929	14	100
929	15	70
929	16	100
929	17	90
929	18	100
929	19	60
929	20	120
929	21	80
929	22	90
929	23	60
929	24	90
929	25	60
929	26	80
929	27	60
929	28	80
929	29	50
929	30	90
929	31	70
929	32	80
929	33	50
929	34	70
929	35	80
929	36	110
929	37	30
929	38	80
929	39	90
929	40	40
930	1	50
930	2	60
930	3	20
930	4	60
930	5	80
930	6	80
930	7	70
930	8	120
930	9	90
930	10	80
930	11	90
930	12	60
930	13	80
930	14	100
930	15	110
930	16	100
930	17	70
930	18	80
930	19	100
930	20	80
930	21	80
930	22	70
930	23	80
930	24	90
930	25	30
930	26	10
930	27	80
930	28	100
930	29	70
930	30	100
930	31	20
930	32	80
930	33	70
930	34	80
930	35	80
930	36	90
930	37	80
930	38	10
930	39	80
930	40	100
931	1	0
931	2	50
931	3	90
931	4	50
931	5	110
931	6	90
931	7	40
931	8	110
931	9	90
931	10	90
931	11	60
931	12	70
931	13	20
931	14	90
931	15	110
931	16	130
931	17	90
931	18	70
931	19	90
931	20	90
931	21	70
931	22	90
931	23	70
931	24	90
931	25	70
931	26	50
931	27	70
931	28	130
931	29	70
931	30	90
931	31	70
931	32	70
931	33	70
931	34	70
931	35	70
931	36	90
931	37	20
931	38	50
931	39	90
931	40	60
932	1	90
932	2	70
932	3	20
932	4	70
932	5	50
932	6	70
932	7	90
932	8	90
932	9	90
932	10	90
932	11	70
932	12	90
932	13	70
932	14	50
932	15	90
932	16	70
932	17	70
932	18	70
932	19	90
932	20	70
932	21	70
932	22	90
932	23	50
932	24	90
932	25	20
932	26	20
932	27	50
932	28	70
932	29	70
932	30	90
932	31	20
932	32	50
932	33	50
932	34	50
932	35	50
932	36	70
932	37	50
932	38	0
932	39	90
932	40	90
933	1	70
933	2	60
933	3	60
933	4	100
933	5	100
933	6	120
933	7	90
933	8	100
933	9	90
933	10	100
933	11	90
933	12	100
933	13	80
933	14	80
933	15	90
933	16	120
933	17	90
933	18	100
933	19	100
933	20	120
933	21	80
933	22	90
933	23	60
933	24	110
933	25	30
933	26	10
933	27	60
933	28	100
933	29	70
933	30	80
933	31	20
933	32	80
933	33	50
933	34	80
933	35	80
933	36	90
933	37	80
933	38	30
933	39	80
933	40	100
934	1	20
934	2	50
934	3	90
934	4	90
934	5	70
934	6	120
934	7	40
934	8	110
934	9	90
934	10	90
934	11	80
934	12	70
934	13	30
934	14	70
934	15	110
934	16	100
934	17	110
934	18	80
934	19	90
934	20	110
934	21	80
934	22	110
934	23	60
934	24	90
934	25	80
934	26	50
934	27	60
934	28	100
934	29	70
934	30	90
934	31	70
934	32	60
934	33	50
934	34	50
934	35	50
934	36	90
934	37	0
934	38	80
934	39	90
934	40	40
935	1	0
935	2	50
935	3	110
935	4	80
935	5	80
935	6	100
935	7	20
935	8	70
935	9	70
935	10	80
935	11	40
935	12	70
935	13	30
935	14	60
935	15	90
935	16	100
935	17	90
935	18	60
935	19	100
935	20	100
935	21	60
935	22	70
935	23	60
935	24	70
935	25	80
935	26	60
935	27	60
935	28	100
935	29	70
935	30	70
935	31	50
935	32	60
935	33	50
935	34	50
935	35	60
935	36	50
935	37	10
935	38	80
935	39	70
935	40	40
936	1	70
936	2	60
936	3	20
936	4	80
936	5	120
936	6	120
936	7	110
936	8	120
936	9	90
936	10	120
936	11	90
936	12	100
936	13	80
936	14	100
936	15	90
936	16	120
936	17	70
936	18	100
936	19	80
936	20	120
936	21	100
936	22	110
936	23	80
936	24	90
936	25	30
936	26	10
936	27	80
936	28	120
936	29	70
936	30	80
936	31	40
936	32	80
936	33	70
936	34	80
936	35	80
936	36	110
936	37	80
936	38	10
936	39	80
936	40	100
937	1	0
937	2	60
937	3	70
937	4	80
937	5	60
937	6	80
937	7	0
937	8	60
937	9	50
937	10	60
937	11	20
937	12	60
937	13	10
937	14	60
937	15	50
937	16	60
937	17	70
937	18	60
937	19	60
937	20	80
937	21	60
937	22	50
937	23	60
937	24	50
937	25	60
937	26	60
937	27	60
937	28	60
937	29	50
937	30	60
937	31	50
937	32	60
937	33	50
937	34	60
937	35	60
937	36	50
937	37	10
937	38	80
937	39	60
937	40	10
938	1	90
938	2	70
938	3	60
938	4	90
938	5	110
938	6	110
938	7	110
938	8	90
938	9	90
938	10	110
938	11	110
938	12	110
938	13	50
938	14	70
938	15	70
938	16	130
938	17	110
938	18	90
938	19	70
938	20	110
938	21	70
938	22	90
938	23	50
938	24	110
938	25	0
938	26	20
938	27	50
938	28	110
938	29	50
938	30	90
938	31	20
938	32	70
938	33	50
938	34	70
938	35	70
938	36	90
938	37	70
938	38	20
938	39	110
938	40	110
939	1	20
939	2	50
939	3	70
939	4	100
939	5	80
939	6	120
939	7	40
939	8	90
939	9	70
939	10	100
939	11	60
939	12	70
939	13	30
939	14	80
939	15	90
939	16	80
939	17	90
939	18	80
939	19	80
939	20	120
939	21	80
939	22	110
939	23	60
939	24	70
939	25	80
939	26	60
939	27	60
939	28	80
939	29	70
939	30	70
939	31	70
939	32	60
939	33	50
939	34	50
939	35	60
939	36	90
939	37	10
939	38	80
939	39	70
939	40	20
940	1	20
940	2	60
940	3	90
940	4	100
940	5	80
940	6	140
940	7	60
940	8	100
940	9	70
940	10	120
940	11	40
940	12	100
940	13	10
940	14	80
940	15	70
940	16	80
940	17	70
940	18	80
940	19	60
940	20	140
940	21	80
940	22	70
940	23	60
940	24	70
940	25	60
940	26	60
940	27	60
940	28	80
940	29	50
940	30	80
940	31	70
940	32	60
940	33	50
940	34	60
940	35	60
940	36	90
940	37	10
940	38	80
940	39	60
940	40	50
941	1	50
941	2	50
941	3	60
941	4	80
941	5	100
941	6	120
941	7	90
941	8	90
941	9	70
941	10	100
941	11	130
941	12	70
941	13	80
941	14	80
941	15	110
941	16	120
941	17	110
941	18	60
941	19	100
941	20	120
941	21	60
941	22	90
941	23	60
941	24	70
941	25	30
941	26	10
941	27	60
941	28	120
941	29	70
941	30	90
941	31	0
941	32	60
941	33	50
941	34	50
941	35	60
941	36	70
941	37	60
941	38	30
941	39	90
941	40	110
942	1	0
942	2	50
942	3	90
942	4	50
942	5	110
942	6	70
942	7	20
942	8	70
942	9	70
942	10	70
942	11	40
942	12	70
942	13	0
942	14	70
942	15	70
942	16	130
942	17	90
942	18	70
942	19	70
942	20	70
942	21	50
942	22	70
942	23	50
942	24	90
942	25	50
942	26	50
942	27	50
942	28	110
942	29	50
942	30	70
942	31	50
942	32	70
942	33	50
942	34	70
942	35	70
942	36	70
942	37	20
942	38	50
942	39	90
942	40	40
943	1	50
943	2	60
943	3	20
943	4	80
943	5	80
943	6	80
943	7	50
943	8	60
943	9	50
943	10	60
943	11	90
943	12	60
943	13	80
943	14	60
943	15	70
943	16	80
943	17	90
943	18	60
943	19	80
943	20	80
943	21	60
943	22	90
943	23	60
943	24	50
943	25	30
943	26	10
943	27	60
943	28	80
943	29	70
943	30	60
943	31	0
943	32	60
943	33	50
943	34	60
943	35	60
943	36	50
943	37	60
943	38	30
943	39	80
943	40	60
944	1	50
944	2	50
944	3	40
944	4	50
944	5	90
944	6	70
944	7	70
944	8	70
944	9	70
944	10	70
944	11	70
944	12	70
944	13	50
944	14	70
944	15	70
944	16	110
944	17	70
944	18	70
944	19	70
944	20	70
944	21	50
944	22	50
944	23	50
944	24	90
944	25	0
944	26	0
944	27	50
944	28	90
944	29	50
944	30	70
944	31	0
944	32	70
944	33	50
944	34	70
944	35	70
944	36	70
944	37	70
944	38	0
944	39	70
944	40	90
945	1	20
945	2	70
945	3	110
945	4	70
945	5	90
945	6	90
945	7	40
945	8	70
945	9	70
945	10	90
945	11	40
945	12	90
945	13	0
945	14	70
945	15	70
945	16	110
945	17	90
945	18	70
945	19	70
945	20	90
945	21	50
945	22	50
945	23	50
945	24	90
945	25	50
945	26	70
945	27	50
945	28	90
945	29	50
945	30	90
945	31	50
945	32	70
945	33	50
945	34	70
945	35	70
945	36	70
945	37	20
945	38	70
945	39	90
945	40	60
946	1	20
946	2	70
946	3	90
946	4	80
946	5	100
946	6	100
946	7	40
946	8	90
946	9	70
946	10	100
946	11	80
946	12	70
946	13	10
946	14	100
946	15	90
946	16	120
946	17	110
946	18	80
946	19	80
946	20	100
946	21	60
946	22	70
946	23	60
946	24	90
946	25	60
946	26	80
946	27	60
946	28	100
946	29	50
946	30	110
946	31	50
946	32	80
946	33	50
946	34	70
946	35	80
946	36	90
946	37	30
946	38	80
946	39	110
946	40	60
947	1	0
947	2	50
947	3	110
947	4	70
947	5	110
947	6	110
947	7	40
947	8	90
947	9	70
947	10	90
947	11	80
947	12	70
947	13	20
947	14	90
947	15	110
947	16	130
947	17	110
947	18	70
947	19	90
947	20	110
947	21	50
947	22	90
947	23	50
947	24	90
947	25	70
947	26	50
947	27	50
947	28	110
947	29	70
947	30	90
947	31	50
947	32	70
947	33	50
947	34	70
947	35	70
947	36	90
947	37	20
947	38	70
947	39	90
947	40	60
948	1	70
948	2	50
948	3	40
948	4	90
948	5	50
948	6	120
948	7	90
948	8	110
948	9	90
948	10	90
948	11	110
948	12	70
948	13	60
948	14	70
948	15	90
948	16	80
948	17	90
948	18	80
948	19	70
948	20	110
948	21	80
948	22	70
948	23	60
948	24	90
948	25	10
948	26	0
948	27	60
948	28	80
948	29	50
948	30	90
948	31	20
948	32	60
948	33	50
948	34	50
948	35	50
948	36	90
948	37	50
948	38	30
948	39	70
948	40	90
949	1	70
949	2	70
949	3	40
949	4	50
949	5	70
949	6	90
949	7	110
949	8	90
949	9	70
949	10	110
949	11	90
949	12	90
949	13	70
949	14	70
949	15	110
949	16	90
949	17	70
949	18	50
949	19	90
949	20	90
949	21	50
949	22	70
949	23	50
949	24	70
949	25	20
949	26	20
949	27	50
949	28	90
949	29	70
949	30	110
949	31	0
949	32	50
949	33	50
949	34	50
949	35	50
949	36	70
949	37	50
949	38	0
949	39	90
949	40	130
950	1	50
950	2	50
950	3	20
950	4	80
950	5	80
950	6	100
950	7	70
950	8	70
950	9	50
950	10	80
950	11	110
950	12	50
950	13	80
950	14	80
950	15	90
950	16	80
950	17	90
950	18	60
950	19	80
950	20	100
950	21	60
950	22	90
950	23	60
950	24	50
950	25	30
950	26	10
950	27	60
950	28	80
950	29	70
950	30	70
950	31	0
950	32	60
950	33	50
950	34	50
950	35	60
950	36	70
950	37	60
950	38	30
950	39	70
950	40	70
951	1	20
951	2	50
951	3	70
951	4	90
951	5	50
951	6	110
951	7	40
951	8	90
951	9	70
951	10	90
951	11	40
951	12	70
951	13	20
951	14	70
951	15	90
951	16	50
951	17	70
951	18	70
951	19	70
951	20	110
951	21	70
951	22	90
951	23	50
951	24	70
951	25	70
951	26	50
951	27	50
951	28	50
951	29	70
951	30	70
951	31	70
951	32	50
951	33	50
951	34	50
951	35	50
951	36	90
951	37	0
951	38	70
951	39	50
951	40	20
952	1	20
952	2	70
952	3	50
952	4	50
952	5	70
952	6	80
952	7	40
952	8	70
952	9	50
952	10	90
952	11	40
952	12	70
952	13	30
952	14	70
952	15	90
952	16	80
952	17	70
952	18	60
952	19	70
952	20	70
952	21	60
952	22	90
952	23	60
952	24	50
952	25	80
952	26	70
952	27	60
952	28	80
952	29	70
952	30	90
952	31	50
952	32	60
952	33	50
952	34	50
952	35	50
952	36	70
952	37	0
952	38	60
952	39	90
952	40	40
953	1	40
953	2	70
953	3	70
953	4	70
953	5	90
953	6	120
953	7	80
953	8	90
953	9	70
953	10	130
953	11	40
953	12	110
953	13	30
953	14	70
953	15	90
953	16	100
953	17	70
953	18	80
953	19	70
953	20	110
953	21	80
953	22	110
953	23	60
953	24	70
953	25	80
953	26	70
953	27	60
953	28	100
953	29	70
953	30	90
953	31	70
953	32	60
953	33	50
953	34	50
953	35	50
953	36	90
953	37	0
953	38	60
953	39	90
953	40	60
954	1	0
954	2	50
954	3	50
954	4	50
954	5	90
954	6	60
954	7	0
954	8	50
954	9	50
954	10	50
954	11	20
954	12	50
954	13	10
954	14	70
954	15	50
954	16	100
954	17	70
954	18	80
954	19	50
954	20	50
954	21	60
954	22	70
954	23	60
954	24	70
954	25	60
954	26	50
954	27	60
954	28	80
954	29	50
954	30	50
954	31	50
954	32	80
954	33	50
954	34	70
954	35	70
954	36	70
954	37	20
954	38	60
954	39	70
954	40	0
955	1	20
955	2	50
955	3	90
955	4	70
955	5	110
955	6	90
955	7	40
955	8	110
955	9	110
955	10	90
955	11	40
955	12	90
955	13	20
955	14	70
955	15	90
955	16	130
955	17	90
955	18	90
955	19	90
955	20	90
955	21	90
955	22	110
955	23	70
955	24	110
955	25	70
955	26	50
955	27	70
955	28	130
955	29	70
955	30	70
955	31	90
955	32	70
955	33	70
955	34	70
955	35	70
955	36	90
955	37	20
955	38	50
955	39	90
955	40	40
956	1	20
956	2	60
956	3	70
956	4	80
956	5	120
956	6	100
956	7	40
956	8	100
956	9	90
956	10	100
956	11	20
956	12	100
956	13	30
956	14	80
956	15	70
956	16	120
956	17	70
956	18	100
956	19	80
956	20	100
956	21	100
956	22	110
956	23	80
956	24	90
956	25	80
956	26	60
956	27	80
956	28	120
956	29	70
956	30	60
956	31	90
956	32	80
956	33	70
956	34	80
956	35	80
956	36	90
956	37	30
956	38	60
956	39	80
956	40	30
957	1	40
957	2	80
957	3	70
957	4	80
957	5	100
957	6	120
957	7	80
957	8	100
957	9	70
957	10	140
957	11	40
957	12	120
957	13	30
957	14	80
957	15	90
957	16	100
957	17	70
957	18	80
957	19	80
957	20	120
957	21	80
957	22	110
957	23	60
957	24	70
957	25	80
957	26	80
957	27	60
957	28	100
957	29	70
957	30	100
957	31	70
957	32	60
957	33	50
957	34	60
957	35	60
957	36	90
957	37	10
957	38	60
957	39	100
957	40	70
958	1	50
958	2	50
958	3	20
958	4	80
958	5	60
958	6	80
958	7	50
958	8	50
958	9	50
958	10	60
958	11	70
958	12	50
958	13	80
958	14	60
958	15	70
958	16	60
958	17	70
958	18	60
958	19	80
958	20	80
958	21	60
958	22	70
958	23	60
958	24	50
958	25	30
958	26	10
958	27	60
958	28	60
958	29	70
958	30	50
958	31	0
958	32	60
958	33	50
958	34	50
958	35	60
958	36	50
958	37	60
958	38	30
958	39	50
958	40	50
959	1	50
959	2	50
959	3	40
959	4	70
959	5	50
959	6	70
959	7	50
959	8	70
959	9	70
959	10	50
959	11	90
959	12	50
959	13	70
959	14	50
959	15	90
959	16	70
959	17	90
959	18	50
959	19	90
959	20	70
959	21	50
959	22	70
959	23	50
959	24	70
959	25	20
959	26	0
959	27	50
959	28	70
959	29	70
959	30	70
959	31	0
959	32	50
959	33	50
959	34	50
959	35	50
959	36	50
959	37	50
959	38	20
959	39	70
959	40	70
960	1	20
960	2	70
960	3	90
960	4	80
960	5	120
960	6	100
960	7	40
960	8	50
960	9	50
960	10	100
960	11	40
960	12	90
960	13	10
960	14	80
960	15	50
960	16	120
960	17	90
960	18	80
960	19	60
960	20	100
960	21	60
960	22	70
960	23	60
960	24	70
960	25	60
960	26	80
960	27	60
960	28	100
960	29	50
960	30	70
960	31	50
960	32	80
960	33	50
960	34	70
960	35	80
960	36	70
960	37	30
960	38	80
960	39	90
960	40	40
961	1	20
961	2	70
961	3	50
961	4	60
961	5	80
961	6	60
961	7	20
961	8	50
961	9	50
961	10	80
961	11	20
961	12	70
961	13	30
961	14	60
961	15	70
961	16	80
961	17	70
961	18	60
961	19	80
961	20	60
961	21	60
961	22	90
961	23	60
961	24	50
961	25	80
961	26	80
961	27	60
961	28	80
961	29	70
961	30	70
961	31	50
961	32	60
961	33	50
961	34	50
961	35	60
961	36	50
961	37	10
961	38	60
961	39	90
961	40	20
962	1	50
962	2	60
962	3	60
962	4	80
962	5	80
962	6	120
962	7	90
962	8	100
962	9	70
962	10	100
962	11	110
962	12	80
962	13	60
962	14	80
962	15	90
962	16	100
962	17	90
962	18	60
962	19	80
962	20	120
962	21	60
962	22	50
962	23	60
962	24	70
962	25	10
962	26	10
962	27	60
962	28	100
962	29	50
962	30	100
962	31	0
962	32	60
962	33	50
962	34	60
962	35	60
962	36	70
962	37	60
962	38	30
962	39	80
962	40	120
963	1	50
963	2	50
963	3	40
963	4	70
963	5	70
963	6	110
963	7	90
963	8	70
963	9	50
963	10	90
963	11	90
963	12	70
963	13	50
963	14	70
963	15	70
963	16	70
963	17	70
963	18	50
963	19	50
963	20	110
963	21	50
963	22	50
963	23	50
963	24	50
963	25	0
963	26	0
963	27	50
963	28	70
963	29	50
963	30	70
963	31	0
963	32	50
963	33	50
963	34	50
963	35	50
963	36	70
963	37	50
963	38	20
963	39	50
963	40	90
964	1	0
964	2	60
964	3	70
964	4	60
964	5	100
964	6	80
964	7	20
964	8	80
964	9	70
964	10	80
964	11	0
964	12	80
964	13	30
964	14	80
964	15	70
964	16	100
964	17	50
964	18	80
964	19	80
964	20	80
964	21	80
964	22	70
964	23	80
964	24	70
964	25	80
964	26	60
964	27	80
964	28	100
964	29	70
964	30	60
964	31	70
964	32	80
964	33	70
964	34	80
964	35	80
964	36	70
964	37	30
964	38	60
964	39	60
964	40	30
965	1	70
965	2	70
965	3	40
965	4	70
965	5	110
965	6	120
965	7	110
965	8	70
965	9	50
965	10	110
965	11	110
965	12	90
965	13	60
965	14	90
965	15	70
965	16	120
965	17	90
965	18	80
965	19	50
965	20	110
965	21	60
965	22	70
965	23	60
965	24	70
965	25	10
965	26	20
965	27	60
965	28	100
965	29	50
965	30	90
965	31	0
965	32	80
965	33	50
965	34	70
965	35	70
965	36	90
965	37	70
965	38	30
965	39	90
965	40	110
966	1	0
966	2	50
966	3	90
966	4	70
966	5	70
966	6	100
966	7	20
966	8	90
966	9	70
966	10	70
966	11	80
966	12	50
966	13	30
966	14	70
966	15	110
966	16	100
966	17	110
966	18	60
966	19	90
966	20	90
966	21	60
966	22	90
966	23	60
966	24	70
966	25	80
966	26	50
966	27	60
966	28	100
966	29	70
966	30	90
966	31	50
966	32	60
966	33	50
966	34	50
966	35	50
966	36	70
966	37	0
966	38	80
966	39	90
966	40	40
967	1	20
967	2	60
967	3	90
967	4	100
967	5	60
967	6	100
967	7	20
967	8	100
967	9	90
967	10	80
967	11	40
967	12	80
967	13	10
967	14	60
967	15	70
967	16	80
967	17	90
967	18	80
967	19	80
967	20	100
967	21	80
967	22	70
967	23	60
967	24	90
967	25	60
967	26	60
967	27	60
967	28	80
967	29	50
967	30	80
967	31	70
967	32	60
967	33	50
967	34	60
967	35	60
967	36	70
967	37	10
967	38	80
967	39	80
967	40	30
968	1	20
968	2	50
968	3	90
968	4	100
968	5	100
968	6	140
968	7	60
968	8	90
968	9	70
968	10	120
968	11	60
968	12	90
968	13	10
968	14	80
968	15	70
968	16	100
968	17	90
968	18	80
968	19	60
968	20	140
968	21	80
968	22	90
968	23	60
968	24	70
968	25	60
968	26	60
968	27	60
968	28	100
968	29	50
968	30	70
968	31	70
968	32	60
968	33	50
968	34	50
968	35	60
968	36	90
968	37	10
968	38	80
968	39	70
968	40	40
969	1	70
969	2	50
969	3	20
969	4	90
969	5	50
969	6	110
969	7	90
969	8	90
969	9	70
969	10	90
969	11	90
969	12	70
969	13	50
969	14	70
969	15	70
969	16	50
969	17	70
969	18	70
969	19	50
969	20	110
969	21	70
969	22	70
969	23	50
969	24	70
969	25	0
969	26	0
969	27	50
969	28	50
969	29	50
969	30	70
969	31	20
969	32	50
969	33	50
969	34	50
969	35	50
969	36	90
969	37	50
969	38	20
969	39	50
969	40	70
970	1	20
970	2	80
970	3	50
970	4	60
970	5	60
970	6	60
970	7	20
970	8	60
970	9	50
970	10	80
970	11	0
970	12	80
970	13	30
970	14	60
970	15	70
970	16	60
970	17	50
970	18	60
970	19	80
970	20	60
970	21	60
970	22	70
970	23	60
970	24	50
970	25	80
970	26	80
970	27	60
970	28	60
970	29	70
970	30	80
970	31	50
970	32	60
970	33	50
970	34	60
970	35	60
970	36	50
970	37	10
970	38	60
970	39	80
970	40	30
971	1	0
971	2	50
971	3	110
971	4	70
971	5	90
971	6	120
971	7	40
971	8	90
971	9	70
971	10	90
971	11	80
971	12	70
971	13	30
971	14	70
971	15	110
971	16	120
971	17	110
971	18	60
971	19	90
971	20	110
971	21	60
971	22	90
971	23	60
971	24	70
971	25	80
971	26	50
971	27	60
971	28	120
971	29	70
971	30	90
971	31	50
971	32	60
971	33	50
971	34	50
971	35	50
971	36	70
971	37	0
971	38	80
971	39	90
971	40	60
972	1	20
972	2	50
972	3	90
972	4	90
972	5	70
972	6	110
972	7	40
972	8	110
972	9	90
972	10	90
972	11	80
972	12	70
972	13	20
972	14	70
972	15	110
972	16	90
972	17	110
972	18	70
972	19	90
972	20	110
972	21	70
972	22	110
972	23	50
972	24	90
972	25	70
972	26	50
972	27	50
972	28	90
972	29	70
972	30	90
972	31	70
972	32	50
972	33	50
972	34	50
972	35	50
972	36	90
972	37	0
972	38	70
972	39	90
972	40	40
973	1	40
973	2	70
973	3	90
973	4	100
973	5	100
973	6	140
973	7	80
973	8	90
973	9	70
973	10	140
973	11	40
973	12	110
973	13	10
973	14	100
973	15	70
973	16	100
973	17	70
973	18	100
973	19	60
973	20	140
973	21	80
973	22	70
973	23	60
973	24	90
973	25	60
973	26	80
973	27	60
973	28	80
973	29	50
973	30	90
973	31	70
973	32	80
973	33	50
973	34	70
973	35	80
973	36	110
973	37	30
973	38	80
973	39	70
973	40	60
974	1	0
974	2	50
974	3	90
974	4	60
974	5	100
974	6	100
974	7	40
974	8	110
974	9	90
974	10	100
974	11	40
974	12	70
974	13	30
974	14	100
974	15	110
974	16	120
974	17	70
974	18	80
974	19	100
974	20	100
974	21	80
974	22	70
974	23	80
974	24	90
974	25	80
974	26	60
974	27	80
974	28	120
974	29	70
974	30	90
974	31	70
974	32	80
974	33	70
974	34	70
974	35	80
974	36	90
974	37	30
974	38	60
974	39	70
974	40	60
975	1	20
975	2	60
975	3	70
975	4	80
975	5	120
975	6	120
975	7	60
975	8	100
975	9	70
975	10	120
975	11	40
975	12	100
975	13	10
975	14	100
975	15	70
975	16	120
975	17	70
975	18	100
975	19	60
975	20	120
975	21	80
975	22	90
975	23	60
975	24	90
975	25	60
975	26	60
975	27	60
975	28	100
975	29	50
975	30	80
975	31	70
975	32	80
975	33	50
975	34	80
975	35	80
975	36	110
975	37	30
975	38	60
975	39	80
975	40	50
976	1	70
976	2	50
976	3	20
976	4	80
976	5	80
976	6	80
976	7	70
976	8	90
976	9	90
976	10	80
976	11	70
976	12	70
976	13	60
976	14	80
976	15	70
976	16	100
976	17	70
976	18	100
976	19	80
976	20	80
976	21	80
976	22	70
976	23	60
976	24	110
976	25	10
976	26	10
976	27	60
976	28	80
976	29	50
976	30	70
976	31	20
976	32	80
976	33	50
976	34	70
976	35	80
976	36	90
976	37	80
976	38	10
976	39	70
976	40	70
977	1	70
977	2	50
977	3	40
977	4	100
977	5	80
977	6	120
977	7	90
977	8	110
977	9	90
977	10	100
977	11	130
977	12	70
977	13	80
977	14	80
977	15	110
977	16	100
977	17	110
977	18	80
977	19	100
977	20	120
977	21	80
977	22	110
977	23	60
977	24	90
977	25	30
977	26	10
977	27	60
977	28	100
977	29	70
977	30	90
977	31	20
977	32	60
977	33	50
977	34	50
977	35	60
977	36	90
977	37	60
977	38	30
977	39	90
977	40	90
978	1	20
978	2	70
978	3	110
978	4	80
978	5	120
978	6	120
978	7	60
978	8	90
978	9	70
978	10	120
978	11	80
978	12	90
978	13	10
978	14	100
978	15	90
978	16	140
978	17	110
978	18	80
978	19	80
978	20	120
978	21	60
978	22	70
978	23	60
978	24	90
978	25	60
978	26	80
978	27	60
978	28	120
978	29	50
978	30	110
978	31	50
978	32	80
978	33	50
978	34	70
978	35	80
978	36	90
978	37	30
978	38	80
978	39	110
978	40	80
979	1	70
979	2	50
979	3	40
979	4	90
979	5	70
979	6	110
979	7	90
979	8	70
979	9	70
979	10	90
979	11	70
979	12	90
979	13	70
979	14	50
979	15	70
979	16	70
979	17	70
979	18	70
979	19	70
979	20	110
979	21	70
979	22	90
979	23	50
979	24	70
979	25	20
979	26	0
979	27	50
979	28	70
979	29	70
979	30	50
979	31	20
979	32	50
979	33	50
979	34	50
979	35	50
979	36	70
979	37	50
979	38	20
979	39	50
979	40	70
980	1	70
980	2	60
980	3	20
980	4	80
980	5	80
980	6	100
980	7	90
980	8	120
980	9	90
980	10	100
980	11	110
980	12	80
980	13	80
980	14	80
980	15	110
980	16	100
980	17	90
980	18	80
980	19	100
980	20	100
980	21	80
980	22	110
980	23	60
980	24	90
980	25	30
980	26	10
980	27	60
980	28	100
980	29	70
980	30	100
980	31	20
980	32	60
980	33	50
980	34	60
980	35	60
980	36	90
980	37	60
980	38	10
980	39	100
980	40	100
981	1	40
981	2	80
981	3	90
981	4	100
981	5	120
981	6	140
981	7	80
981	8	100
981	9	70
981	10	140
981	11	60
981	12	120
981	13	10
981	14	100
981	15	70
981	16	120
981	17	90
981	18	100
981	19	60
981	20	140
981	21	80
981	22	90
981	23	60
981	24	90
981	25	60
981	26	80
981	27	60
981	28	100
981	29	50
981	30	100
981	31	70
981	32	80
981	33	50
981	34	80
981	35	80
981	36	110
981	37	30
981	38	80
981	39	100
981	40	70
982	1	20
982	2	60
982	3	70
982	4	100
982	5	80
982	6	120
982	7	40
982	8	100
982	9	70
982	10	100
982	11	60
982	12	80
982	13	30
982	14	80
982	15	90
982	16	80
982	17	90
982	18	80
982	19	80
982	20	120
982	21	80
982	22	110
982	23	60
982	24	70
982	25	80
982	26	60
982	27	60
982	28	80
982	29	70
982	30	80
982	31	70
982	32	60
982	33	50
982	34	60
982	35	60
982	36	90
982	37	10
982	38	80
982	39	80
982	40	30
983	1	40
983	2	70
983	3	90
983	4	90
983	5	110
983	6	130
983	7	80
983	8	90
983	9	70
983	10	130
983	11	60
983	12	110
983	13	0
983	14	90
983	15	70
983	16	110
983	17	90
983	18	90
983	19	50
983	20	130
983	21	70
983	22	90
983	23	50
983	24	90
983	25	50
983	26	70
983	27	50
983	28	90
983	29	50
983	30	90
983	31	70
983	32	70
983	33	50
983	34	70
983	35	70
983	36	110
983	37	20
983	38	70
983	39	90
983	40	60
984	1	20
984	2	50
984	3	70
984	4	80
984	5	100
984	6	80
984	7	20
984	8	90
984	9	90
984	10	80
984	11	40
984	12	70
984	13	10
984	14	80
984	15	70
984	16	120
984	17	90
984	18	100
984	19	80
984	20	80
984	21	80
984	22	90
984	23	60
984	24	110
984	25	60
984	26	60
984	27	60
984	28	100
984	29	50
984	30	70
984	31	70
984	32	80
984	33	50
984	34	70
984	35	80
984	36	90
984	37	30
984	38	60
984	39	90
984	40	20
985	1	50
985	2	60
985	3	60
985	4	80
985	5	80
985	6	120
985	7	90
985	8	100
985	9	70
985	10	100
985	11	110
985	12	80
985	13	80
985	14	80
985	15	110
985	16	100
985	17	90
985	18	60
985	19	100
985	20	120
985	21	60
985	22	70
985	23	60
985	24	70
985	25	30
985	26	10
985	27	60
985	28	100
985	29	70
985	30	100
985	31	0
985	32	60
985	33	50
985	34	60
985	35	60
985	36	70
985	37	60
985	38	30
985	39	80
985	40	120
986	1	50
986	2	50
986	3	40
986	4	70
986	5	70
986	6	120
986	7	90
986	8	70
986	9	50
986	10	90
986	11	90
986	12	70
986	13	80
986	14	70
986	15	90
986	16	80
986	17	70
986	18	60
986	19	70
986	20	110
986	21	60
986	22	70
986	23	60
986	24	50
986	25	30
986	26	0
986	27	60
986	28	80
986	29	70
986	30	70
986	31	0
986	32	60
986	33	50
986	34	50
986	35	50
986	36	70
986	37	50
986	38	30
986	39	50
986	40	90
987	1	50
987	2	50
987	3	40
987	4	50
987	5	110
987	6	100
987	7	90
987	8	90
987	9	70
987	10	90
987	11	110
987	12	70
987	13	60
987	14	90
987	15	90
987	16	140
987	17	90
987	18	80
987	19	70
987	20	90
987	21	60
987	22	70
987	23	60
987	24	90
987	25	10
987	26	0
987	27	60
987	28	120
987	29	50
987	30	90
987	31	0
987	32	80
987	33	50
987	34	70
987	35	70
987	36	90
987	37	70
987	38	10
987	39	90
987	40	110
988	1	20
988	2	60
988	3	70
988	4	100
988	5	60
988	6	100
988	7	20
988	8	80
988	9	70
988	10	80
988	11	20
988	12	80
988	13	30
988	14	60
988	15	70
988	16	60
988	17	70
988	18	80
988	19	80
988	20	100
988	21	80
988	22	90
988	23	60
988	24	70
988	25	80
988	26	60
988	27	60
988	28	60
988	29	70
988	30	60
988	31	70
988	32	60
988	33	50
988	34	60
988	35	60
988	36	70
988	37	10
988	38	80
988	39	60
988	40	10
989	1	50
989	2	60
989	3	20
989	4	80
989	5	60
989	6	100
989	7	70
989	8	80
989	9	50
989	10	80
989	11	90
989	12	60
989	13	80
989	14	80
989	15	90
989	16	60
989	17	70
989	18	60
989	19	80
989	20	100
989	21	60
989	22	70
989	23	60
989	24	50
989	25	30
989	26	10
989	27	60
989	28	60
989	29	70
989	30	80
989	31	0
989	32	60
989	33	50
989	34	60
989	35	60
989	36	70
989	37	60
989	38	30
989	39	60
989	40	80
990	1	0
990	2	50
990	3	90
990	4	70
990	5	90
990	6	90
990	7	20
990	8	50
990	9	50
990	10	70
990	11	40
990	12	70
990	13	20
990	14	50
990	15	70
990	16	90
990	17	90
990	18	50
990	19	70
990	20	90
990	21	50
990	22	90
990	23	50
990	24	50
990	25	70
990	26	50
990	27	50
990	28	90
990	29	70
990	30	50
990	31	50
990	32	50
990	33	50
990	34	50
990	35	50
990	36	50
990	37	0
990	38	70
990	39	70
990	40	20
991	1	0
991	2	50
991	3	90
991	4	80
991	5	100
991	6	120
991	7	40
991	8	70
991	9	50
991	10	100
991	11	40
991	12	70
991	13	30
991	14	100
991	15	90
991	16	100
991	17	70
991	18	80
991	19	80
991	20	120
991	21	60
991	22	70
991	23	60
991	24	70
991	25	80
991	26	60
991	27	60
991	28	80
991	29	70
991	30	70
991	31	50
991	32	80
991	33	50
991	34	70
991	35	80
991	36	90
991	37	30
991	38	80
991	39	50
991	40	40
992	1	70
992	2	50
992	3	60
992	4	90
992	5	90
992	6	120
992	7	90
992	8	90
992	9	90
992	10	90
992	11	110
992	12	90
992	13	80
992	14	50
992	15	90
992	16	120
992	17	110
992	18	80
992	19	90
992	20	110
992	21	80
992	22	110
992	23	60
992	24	90
992	25	30
992	26	0
992	27	60
992	28	120
992	29	70
992	30	70
992	31	20
992	32	60
992	33	50
992	34	50
992	35	50
992	36	70
992	37	50
992	38	30
992	39	90
992	40	90
993	1	50
993	2	50
993	3	60
993	4	70
993	5	90
993	6	110
993	7	90
993	8	90
993	9	70
993	10	90
993	11	130
993	12	70
993	13	70
993	14	70
993	15	110
993	16	110
993	17	110
993	18	50
993	19	90
993	20	110
993	21	50
993	22	90
993	23	50
993	24	70
993	25	20
993	26	0
993	27	50
993	28	110
993	29	70
993	30	90
993	31	0
993	32	50
993	33	50
993	34	50
993	35	50
993	36	70
993	37	50
993	38	20
993	39	90
993	40	110
994	1	90
994	2	70
994	3	40
994	4	90
994	5	90
994	6	120
994	7	110
994	8	110
994	9	90
994	10	110
994	11	130
994	12	90
994	13	60
994	14	90
994	15	90
994	16	120
994	17	110
994	18	100
994	19	70
994	20	110
994	21	80
994	22	90
994	23	60
994	24	110
994	25	10
994	26	20
994	27	60
994	28	100
994	29	50
994	30	110
994	31	20
994	32	80
994	33	50
994	34	70
994	35	70
994	36	110
994	37	70
994	38	30
994	39	110
994	40	110
995	1	0
995	2	50
995	3	110
995	4	70
995	5	90
995	6	120
995	7	40
995	8	90
995	9	70
995	10	90
995	11	80
995	12	70
995	13	30
995	14	70
995	15	110
995	16	120
995	17	110
995	18	60
995	19	90
995	20	110
995	21	60
995	22	90
995	23	60
995	24	70
995	25	80
995	26	50
995	27	60
995	28	120
995	29	70
995	30	90
995	31	50
995	32	60
995	33	50
995	34	50
995	35	50
995	36	70
995	37	0
995	38	80
995	39	90
995	40	60
996	1	20
996	2	70
996	3	90
996	4	70
996	5	110
996	6	120
996	7	60
996	8	70
996	9	50
996	10	110
996	11	60
996	12	90
996	13	10
996	14	90
996	15	70
996	16	120
996	17	90
996	18	80
996	19	50
996	20	110
996	21	60
996	22	70
996	23	60
996	24	70
996	25	60
996	26	70
996	27	60
996	28	100
996	29	50
996	30	90
996	31	50
996	32	80
996	33	50
996	34	70
996	35	70
996	36	90
996	37	20
996	38	80
996	39	90
996	40	60
997	1	70
997	2	70
997	3	40
997	4	80
997	5	80
997	6	80
997	7	70
997	8	70
997	9	70
997	10	80
997	11	90
997	12	70
997	13	60
997	14	80
997	15	70
997	16	100
997	17	90
997	18	80
997	19	80
997	20	80
997	21	60
997	22	50
997	23	60
997	24	90
997	25	10
997	26	30
997	27	60
997	28	80
997	29	50
997	30	90
997	31	0
997	32	80
997	33	50
997	34	70
997	35	80
997	36	70
997	37	80
997	38	30
997	39	90
997	40	90
998	1	0
998	2	50
998	3	70
998	4	70
998	5	50
998	6	70
998	7	0
998	8	50
998	9	50
998	10	50
998	11	20
998	12	50
998	13	20
998	14	50
998	15	70
998	16	50
998	17	70
998	18	50
998	19	70
998	20	70
998	21	50
998	22	70
998	23	50
998	24	50
998	25	70
998	26	50
998	27	50
998	28	50
998	29	70
998	30	50
998	31	50
998	32	50
998	33	50
998	34	50
998	35	50
998	36	50
998	37	0
998	38	70
998	39	50
998	40	0
999	1	70
999	2	50
999	3	20
999	4	70
999	5	70
999	6	100
999	7	90
999	8	110
999	9	90
999	10	90
999	11	110
999	12	70
999	13	80
999	14	70
999	15	110
999	16	100
999	17	90
999	18	80
999	19	90
999	20	90
999	21	80
999	22	110
999	23	60
999	24	90
999	25	30
999	26	0
999	27	60
999	28	100
999	29	70
999	30	90
999	31	20
999	32	60
999	33	50
999	34	50
999	35	50
999	36	90
999	37	50
999	38	10
999	39	90
999	40	90
1000	1	0
1000	2	50
1000	3	70
1000	4	50
1000	5	110
1000	6	80
1000	7	20
1000	8	70
1000	9	70
1000	10	70
1000	11	20
1000	12	70
1000	13	30
1000	14	70
1000	15	70
1000	16	120
1000	17	70
1000	18	80
1000	19	70
1000	20	70
1000	21	80
1000	22	90
1000	23	80
1000	24	70
1000	25	80
1000	26	50
1000	27	80
1000	28	120
1000	29	70
1000	30	50
1000	31	70
1000	32	80
1000	33	70
1000	34	70
1000	35	70
1000	36	70
1000	37	20
1000	38	60
1000	39	70
1000	40	20
