p	r	C_pr
1	1	70
1	2	60
1	3	70
1	4	60
1	5	80
1	6	70
1	7	80
1	8	20
1	9	100
1	10	10
1	11	70
1	12	0
1	13	80
1	14	50
1	15	20
1	16	70
1	17	80
1	18	60
1	19	60
1	20	30
1	21	50
1	22	60
1	23	70
1	24	0
1	25	10
1	26	20
1	27	30
1	28	20
1	29	80
1	30	80
1	31	60
1	32	80
1	33	80
1	34	60
1	35	10
1	36	60
1	37	80
1	38	60
1	39	80
1	40	50
2	1	50
2	2	60
2	3	70
2	4	100
2	5	90
2	6	70
2	7	70
2	8	40
2	9	70
2	10	0
2	11	110
2	12	20
2	13	90
2	14	50
2	15	20
2	16	70
2	17	70
2	18	60
2	19	80
2	20	40
2	21	50
2	22	70
2	23	90
2	24	20
2	25	0
2	26	0
2	27	70
2	28	20
2	29	90
2	30	80
2	31	90
2	32	90
2	33	70
2	34	70
2	35	20
2	36	50
2	37	90
2	38	50
2	39	50
2	40	50
3	1	50
3	2	60
3	3	50
3	4	80
3	5	50
3	6	50
3	7	60
3	8	20
3	9	50
3	10	10
3	11	70
3	12	0
3	13	50
3	14	50
3	15	0
3	16	50
3	17	50
3	18	60
3	19	80
3	20	20
3	21	50
3	22	60
3	23	50
3	24	20
3	25	0
3	26	0
3	27	30
3	28	0
3	29	60
3	30	60
3	31	70
3	32	80
3	33	50
3	34	50
3	35	20
3	36	50
3	37	50
3	38	50
3	39	50
3	40	50
4	1	50
4	2	20
4	3	60
4	4	110
4	5	90
4	6	70
4	7	70
4	8	90
4	9	70
4	10	50
4	11	130
4	12	90
4	13	60
4	14	50
4	15	90
4	16	70
4	17	70
4	18	70
4	19	70
4	20	90
4	21	90
4	22	90
4	23	130
4	24	70
4	25	90
4	26	70
4	27	110
4	28	70
4	29	90
4	30	70
4	31	60
4	32	90
4	33	50
4	34	90
4	35	90
4	36	70
4	37	110
4	38	50
4	39	70
4	40	40
5	1	50
5	2	0
5	3	20
5	4	70
5	5	90
5	6	70
5	7	70
5	8	70
5	9	70
5	10	50
5	11	90
5	12	70
5	13	40
5	14	50
5	15	70
5	16	70
5	17	70
5	18	50
5	19	50
5	20	70
5	21	70
5	22	70
5	23	90
5	24	50
5	25	50
5	26	50
5	27	90
5	28	70
5	29	90
5	30	70
5	31	20
5	32	70
5	33	70
5	34	70
5	35	50
5	36	50
5	37	90
5	38	50
5	39	50
5	40	0
6	1	70
6	2	60
6	3	90
6	4	80
6	5	70
6	6	90
6	7	100
6	8	40
6	9	90
6	10	10
6	11	90
6	12	0
6	13	70
6	14	50
6	15	20
6	16	70
6	17	70
6	18	80
6	19	60
6	20	20
6	21	70
6	22	60
6	23	90
6	24	0
6	25	20
6	26	40
6	27	50
6	28	20
6	29	80
6	30	80
6	31	70
6	32	80
6	33	70
6	34	50
6	35	20
6	36	50
6	37	70
6	38	50
6	39	90
6	40	70
7	1	50
7	2	10
7	3	0
7	4	80
7	5	70
7	6	70
7	7	70
7	8	90
7	9	50
7	10	50
7	11	70
7	12	50
7	13	0
7	14	50
7	15	50
7	16	50
7	17	70
7	18	60
7	19	80
7	20	70
7	21	70
7	22	50
7	23	50
7	24	70
7	25	50
7	26	50
7	27	100
7	28	50
7	29	50
7	30	80
7	31	20
7	32	70
7	33	70
7	34	50
7	35	70
7	36	50
7	37	50
7	38	50
7	39	50
7	40	0
8	1	50
8	2	20
8	3	20
8	4	90
8	5	90
8	6	50
8	7	70
8	8	50
8	9	50
8	10	50
8	11	70
8	12	70
8	13	40
8	14	70
8	15	70
8	16	70
8	17	50
8	18	50
8	19	50
8	20	50
8	21	90
8	22	90
8	23	70
8	24	50
8	25	70
8	26	50
8	27	70
8	28	50
8	29	90
8	30	50
8	31	40
8	32	50
8	33	50
8	34	70
8	35	70
8	36	50
8	37	70
8	38	70
8	39	50
8	40	0
9	1	50
9	2	20
9	3	40
9	4	110
9	5	90
9	6	90
9	7	110
9	8	110
9	9	50
9	10	50
9	11	90
9	12	50
9	13	20
9	14	70
9	15	70
9	16	50
9	17	70
9	18	70
9	19	70
9	20	70
9	21	90
9	22	70
9	23	70
9	24	70
9	25	90
9	26	70
9	27	110
9	28	50
9	29	70
9	30	70
9	31	60
9	32	70
9	33	70
9	34	50
9	35	110
9	36	50
9	37	50
9	38	70
9	39	70
9	40	20
10	1	50
10	2	70
10	3	90
10	4	70
10	5	70
10	6	50
10	7	70
10	8	0
10	9	70
10	10	0
10	11	70
10	12	0
10	13	90
10	14	70
10	15	40
10	16	50
10	17	50
10	18	50
10	19	50
10	20	20
10	21	90
10	22	70
10	23	70
10	24	0
10	25	20
10	26	0
10	27	0
10	28	20
10	29	90
10	30	50
10	31	70
10	32	70
10	33	50
10	34	50
10	35	20
10	36	50
10	37	70
10	38	70
10	39	50
10	40	50
11	1	70
11	2	80
11	3	90
11	4	120
11	5	110
11	6	90
11	7	120
11	8	40
11	9	70
11	10	10
11	11	90
11	12	20
11	13	90
11	14	70
11	15	20
11	16	90
11	17	70
11	18	80
11	19	60
11	20	0
11	21	90
11	22	100
11	23	90
11	24	0
11	25	40
11	26	40
11	27	70
11	28	0
11	29	100
11	30	80
11	31	110
11	32	60
11	33	70
11	34	70
11	35	40
11	36	50
11	37	70
11	38	70
11	39	90
11	40	70
12	1	50
12	2	80
12	3	110
12	4	120
12	5	100
12	6	70
12	7	100
12	8	20
12	9	80
12	10	10
12	11	110
12	12	20
12	13	120
12	14	70
12	15	40
12	16	70
12	17	60
12	18	80
12	19	60
12	20	30
12	21	110
12	22	100
12	23	110
12	24	0
12	25	50
12	26	20
12	27	50
12	28	20
12	29	120
12	30	60
12	31	120
12	32	80
12	33	60
12	34	80
12	35	50
12	36	60
12	37	100
12	38	80
12	39	80
12	40	70
13	1	50
13	2	60
13	3	90
13	4	120
13	5	90
13	6	90
13	7	90
13	8	60
13	9	70
13	10	0
13	11	130
13	12	20
13	13	90
13	14	50
13	15	20
13	16	70
13	17	70
13	18	80
13	19	80
13	20	40
13	21	70
13	22	70
13	23	110
13	24	20
13	25	20
13	26	20
13	27	90
13	28	20
13	29	90
13	30	80
13	31	110
13	32	90
13	33	70
13	34	70
13	35	40
13	36	50
13	37	90
13	38	50
13	39	70
13	40	70
14	1	70
14	2	70
14	3	90
14	4	70
14	5	90
14	6	70
14	7	90
14	8	20
14	9	90
14	10	0
14	11	70
14	12	0
14	13	90
14	14	70
14	15	40
14	16	70
14	17	70
14	18	50
14	19	50
14	20	20
14	21	70
14	22	70
14	23	70
14	24	0
14	25	20
14	26	20
14	27	20
14	28	20
14	29	90
14	30	70
14	31	70
14	32	70
14	33	70
14	34	50
14	35	20
14	36	50
14	37	70
14	38	70
14	39	70
14	40	50
15	1	70
15	2	80
15	3	110
15	4	100
15	5	90
15	6	90
15	7	120
15	8	40
15	9	90
15	10	10
15	11	90
15	12	0
15	13	90
15	14	70
15	15	40
15	16	70
15	17	70
15	18	80
15	19	60
15	20	20
15	21	90
15	22	80
15	23	90
15	24	0
15	25	40
15	26	40
15	27	50
15	28	20
15	29	100
15	30	80
15	31	90
15	32	80
15	33	70
15	34	50
15	35	40
15	36	50
15	37	70
15	38	70
15	39	90
15	40	70
16	1	70
16	2	80
16	3	90
16	4	100
16	5	90
16	6	50
16	7	70
16	8	0
16	9	90
16	10	0
16	11	90
16	12	20
16	13	110
16	14	70
16	15	40
16	16	90
16	17	50
16	18	60
16	19	60
16	20	20
16	21	70
16	22	90
16	23	90
16	24	0
16	25	20
16	26	20
16	27	30
16	28	20
16	29	110
16	30	60
16	31	90
16	32	70
16	33	50
16	34	70
16	35	20
16	36	50
16	37	90
16	38	70
16	39	70
16	40	50
17	1	70
17	2	70
17	3	90
17	4	90
17	5	90
17	6	50
17	7	70
17	8	0
17	9	90
17	10	0
17	11	90
17	12	20
17	13	110
17	14	70
17	15	40
17	16	90
17	17	50
17	18	50
17	19	50
17	20	20
17	21	70
17	22	90
17	23	90
17	24	0
17	25	20
17	26	20
17	27	20
17	28	20
17	29	110
17	30	50
17	31	90
17	32	70
17	33	50
17	34	70
17	35	20
17	36	50
17	37	90
17	38	70
17	39	70
17	40	50
18	1	70
18	2	100
18	3	110
18	4	140
18	5	130
18	6	90
18	7	110
18	8	60
18	9	70
18	10	0
18	11	110
18	12	40
18	13	110
18	14	70
18	15	40
18	16	90
18	17	90
18	18	80
18	19	80
18	20	20
18	21	90
18	22	110
18	23	110
18	24	20
18	25	60
18	26	40
18	27	90
18	28	0
18	29	90
18	30	100
18	31	130
18	32	70
18	33	70
18	34	90
18	35	60
18	36	70
18	37	90
18	38	70
18	39	90
18	40	90
19	1	50
19	2	0
19	3	0
19	4	70
19	5	70
19	6	70
19	7	70
19	8	90
19	9	50
19	10	50
19	11	70
19	12	50
19	13	0
19	14	50
19	15	50
19	16	50
19	17	70
19	18	50
19	19	70
19	20	70
19	21	70
19	22	50
19	23	50
19	24	70
19	25	50
19	26	50
19	27	90
19	28	50
19	29	50
19	30	70
19	31	20
19	32	70
19	33	70
19	34	50
19	35	70
19	36	50
19	37	50
19	38	50
19	39	50
19	40	0
20	1	70
20	2	10
20	3	20
20	4	60
20	5	80
20	6	70
20	7	80
20	8	70
20	9	100
20	10	60
20	11	70
20	12	50
20	13	30
20	14	50
20	15	70
20	16	70
20	17	80
20	18	60
20	19	60
20	20	80
20	21	50
20	22	60
20	23	70
20	24	50
20	25	60
20	26	70
20	27	80
20	28	70
20	29	80
20	30	80
20	31	10
20	32	80
20	33	80
20	34	60
20	35	60
20	36	60
20	37	80
20	38	60
20	39	80
20	40	0
21	1	70
21	2	50
21	3	60
21	4	100
21	5	110
21	6	70
21	7	90
21	8	50
21	9	90
21	10	70
21	11	90
21	12	90
21	13	80
21	14	90
21	15	110
21	16	90
21	17	70
21	18	80
21	19	60
21	20	70
21	21	70
21	22	110
21	23	110
21	24	50
21	25	90
21	26	70
21	27	80
21	28	90
21	29	130
21	30	80
21	31	40
21	32	70
21	33	70
21	34	90
21	35	70
21	36	70
21	37	110
21	38	90
21	39	70
21	40	20
22	1	70
22	2	80
22	3	90
22	4	120
22	5	110
22	6	90
22	7	120
22	8	40
22	9	70
22	10	10
22	11	90
22	12	20
22	13	90
22	14	70
22	15	20
22	16	90
22	17	70
22	18	80
22	19	60
22	20	0
22	21	90
22	22	100
22	23	90
22	24	0
22	25	40
22	26	40
22	27	70
22	28	0
22	29	100
22	30	80
22	31	110
22	32	60
22	33	70
22	34	70
22	35	40
22	36	50
22	37	70
22	38	70
22	39	90
22	40	70
23	1	50
23	2	80
23	3	90
23	4	140
23	5	100
23	6	70
23	7	100
23	8	40
23	9	60
23	10	10
23	11	110
23	12	20
23	13	100
23	14	70
23	15	20
23	16	70
23	17	60
23	18	80
23	19	80
23	20	30
23	21	90
23	22	100
23	23	90
23	24	20
23	25	50
23	26	20
23	27	70
23	28	0
23	29	100
23	30	60
23	31	140
23	32	80
23	33	60
23	34	80
23	35	70
23	36	60
23	37	80
23	38	80
23	39	80
23	40	70
24	1	50
24	2	30
24	3	20
24	4	100
24	5	90
24	6	50
24	7	80
24	8	50
24	9	50
24	10	60
24	11	70
24	12	70
24	13	40
24	14	70
24	15	70
24	16	70
24	17	50
24	18	60
24	19	60
24	20	50
24	21	90
24	22	100
24	23	70
24	24	50
24	25	70
24	26	50
24	27	80
24	28	50
24	29	100
24	30	60
24	31	40
24	32	60
24	33	50
24	34	70
24	35	70
24	36	50
24	37	70
24	38	70
24	39	50
24	40	0
25	1	50
25	2	50
25	3	50
25	4	70
25	5	50
25	6	50
25	7	50
25	8	20
25	9	50
25	10	0
25	11	70
25	12	0
25	13	50
25	14	50
25	15	0
25	16	50
25	17	50
25	18	50
25	19	70
25	20	20
25	21	50
25	22	50
25	23	50
25	24	20
25	25	0
25	26	0
25	27	20
25	28	0
25	29	50
25	30	50
25	31	70
25	32	70
25	33	50
25	34	50
25	35	20
25	36	50
25	37	50
25	38	50
25	39	50
25	40	50
26	1	70
26	2	60
26	3	90
26	4	100
26	5	90
26	6	90
26	7	100
26	8	40
26	9	90
26	10	10
26	11	110
26	12	20
26	13	90
26	14	50
26	15	20
26	16	90
26	17	70
26	18	80
26	19	60
26	20	20
26	21	70
26	22	80
26	23	110
26	24	0
26	25	20
26	26	40
26	27	70
26	28	20
26	29	100
26	30	80
26	31	90
26	32	80
26	33	70
26	34	70
26	35	20
26	36	50
26	37	90
26	38	50
26	39	90
26	40	70
27	1	70
27	2	20
27	3	20
27	4	70
27	5	70
27	6	50
27	7	70
27	8	50
27	9	70
27	10	50
27	11	50
27	12	50
27	13	20
27	14	70
27	15	70
27	16	70
27	17	50
27	18	50
27	19	50
27	20	50
27	21	70
27	22	70
27	23	50
27	24	50
27	25	70
27	26	70
27	27	50
27	28	50
27	29	70
27	30	50
27	31	20
27	32	50
27	33	50
27	34	50
27	35	70
27	36	50
27	37	50
27	38	70
27	39	70
27	40	0
28	1	70
28	2	50
28	3	40
28	4	100
28	5	130
28	6	90
28	7	110
28	8	70
28	9	70
28	10	70
28	11	70
28	12	90
28	13	60
28	14	90
28	15	90
28	16	90
28	17	90
28	18	80
28	19	60
28	20	50
28	21	70
28	22	110
28	23	90
28	24	50
28	25	90
28	26	70
28	27	100
28	28	70
28	29	110
28	30	100
28	31	40
28	32	50
28	33	90
28	34	90
28	35	70
28	36	70
28	37	90
28	38	90
28	39	70
28	40	20
29	1	50
29	2	70
29	3	110
29	4	130
29	5	90
29	6	70
29	7	90
29	8	40
29	9	70
29	10	0
29	11	130
29	12	20
29	13	110
29	14	70
29	15	40
29	16	70
29	17	50
29	18	70
29	19	70
29	20	40
29	21	90
29	22	90
29	23	110
29	24	20
29	25	40
29	26	20
29	27	60
29	28	20
29	29	110
29	30	50
29	31	130
29	32	90
29	33	50
29	34	70
29	35	60
29	36	50
29	37	90
29	38	70
29	39	70
29	40	70
30	1	70
30	2	100
30	3	90
30	4	120
30	5	130
30	6	70
30	7	90
30	8	40
30	9	70
30	10	0
30	11	90
30	12	40
30	13	110
30	14	70
30	15	40
30	16	90
30	17	90
30	18	60
30	19	80
30	20	20
30	21	70
30	22	110
30	23	90
30	24	20
30	25	40
30	26	20
30	27	70
30	28	0
30	29	90
30	30	100
30	31	110
30	32	70
30	33	70
30	34	90
30	35	40
30	36	70
30	37	90
30	38	70
30	39	70
30	40	70
31	1	70
31	2	20
31	3	40
31	4	90
31	5	90
31	6	90
31	7	110
31	8	90
31	9	70
31	10	50
31	11	70
31	12	50
31	13	20
31	14	70
31	15	70
31	16	70
31	17	70
31	18	70
31	19	50
31	20	50
31	21	90
31	22	70
31	23	70
31	24	50
31	25	90
31	26	90
31	27	90
31	28	50
31	29	70
31	30	70
31	31	40
31	32	50
31	33	70
31	34	50
31	35	90
31	36	50
31	37	50
31	38	70
31	39	90
31	40	20
32	1	70
32	2	30
32	3	20
32	4	100
32	5	90
32	6	50
32	7	80
32	8	50
32	9	70
32	10	60
32	11	70
32	12	70
32	13	40
32	14	70
32	15	70
32	16	90
32	17	50
32	18	60
32	19	60
32	20	50
32	21	70
32	22	100
32	23	70
32	24	50
32	25	70
32	26	70
32	27	80
32	28	50
32	29	100
32	30	60
32	31	40
32	32	60
32	33	50
32	34	70
32	35	70
32	36	50
32	37	70
32	38	70
32	39	70
32	40	0
33	1	50
33	2	10
33	3	0
33	4	80
33	5	90
33	6	70
33	7	70
33	8	70
33	9	50
33	10	50
33	11	70
33	12	70
33	13	20
33	14	50
33	15	50
33	16	70
33	17	70
33	18	60
33	19	60
33	20	50
33	21	70
33	22	70
33	23	70
33	24	50
33	25	50
33	26	50
33	27	100
33	28	50
33	29	70
33	30	80
33	31	20
33	32	50
33	33	70
33	34	70
33	35	50
33	36	50
33	37	70
33	38	50
33	39	50
33	40	0
34	1	50
34	2	80
34	3	90
34	4	120
34	5	120
34	6	90
34	7	120
34	8	40
34	9	60
34	10	10
34	11	90
34	12	20
34	13	100
34	14	70
34	15	20
34	16	70
34	17	80
34	18	80
34	19	60
34	20	10
34	21	110
34	22	100
34	23	90
34	24	0
34	25	50
34	26	20
34	27	70
34	28	0
34	29	100
34	30	80
34	31	120
34	32	60
34	33	80
34	34	80
34	35	50
34	36	60
34	37	80
34	38	80
34	39	80
34	40	70
35	1	50
35	2	20
35	3	40
35	4	90
35	5	90
35	6	70
35	7	90
35	8	90
35	9	70
35	10	50
35	11	90
35	12	50
35	13	40
35	14	70
35	15	90
35	16	50
35	17	70
35	18	50
35	19	70
35	20	90
35	21	70
35	22	70
35	23	70
35	24	70
35	25	70
35	26	50
35	27	90
35	28	70
35	29	90
35	30	70
35	31	40
35	32	90
35	33	70
35	34	50
35	35	90
35	36	50
35	37	70
35	38	70
35	39	50
35	40	0
36	1	70
36	2	30
36	3	40
36	4	80
36	5	90
36	6	70
36	7	90
36	8	70
36	9	90
36	10	50
36	11	70
36	12	50
36	13	40
36	14	70
36	15	90
36	16	70
36	17	70
36	18	60
36	19	60
36	20	70
36	21	70
36	22	70
36	23	70
36	24	50
36	25	70
36	26	70
36	27	80
36	28	70
36	29	90
36	30	80
36	31	20
36	32	70
36	33	70
36	34	50
36	35	70
36	36	50
36	37	70
36	38	70
36	39	70
36	40	0
37	1	50
37	2	50
37	3	90
37	4	110
37	5	90
37	6	90
37	7	90
37	8	60
37	9	70
37	10	0
37	11	130
37	12	20
37	13	90
37	14	50
37	15	20
37	16	70
37	17	70
37	18	70
37	19	70
37	20	40
37	21	90
37	22	70
37	23	110
37	24	20
37	25	20
37	26	20
37	27	80
37	28	20
37	29	90
37	30	70
37	31	110
37	32	90
37	33	70
37	34	70
37	35	40
37	36	50
37	37	90
37	38	50
37	39	70
37	40	70
38	1	50
38	2	50
38	3	60
38	4	120
38	5	120
38	6	50
38	7	80
38	8	70
38	9	80
38	10	60
38	11	110
38	12	90
38	13	90
38	14	70
38	15	110
38	16	70
38	17	80
38	18	60
38	19	80
38	20	100
38	21	90
38	22	120
38	23	110
38	24	70
38	25	100
38	26	50
38	27	100
38	28	70
38	29	120
38	30	80
38	31	70
38	32	100
38	33	60
38	34	100
38	35	100
38	36	80
38	37	120
38	38	80
38	39	60
38	40	20
39	1	70
39	2	70
39	3	90
39	4	110
39	5	90
39	6	70
39	7	90
39	8	20
39	9	70
39	10	0
39	11	90
39	12	20
39	13	90
39	14	70
39	15	20
39	16	90
39	17	50
39	18	70
39	19	50
39	20	0
39	21	90
39	22	90
39	23	90
39	24	0
39	25	40
39	26	40
39	27	40
39	28	0
39	29	90
39	30	50
39	31	110
39	32	50
39	33	50
39	34	70
39	35	40
39	36	50
39	37	70
39	38	70
39	39	90
39	40	70
40	1	70
40	2	50
40	3	60
40	4	80
40	5	110
40	6	90
40	7	120
40	8	70
40	9	90
40	10	80
40	11	70
40	12	70
40	13	60
40	14	90
40	15	110
40	16	70
40	17	90
40	18	80
40	19	60
40	20	70
40	21	70
40	22	100
40	23	90
40	24	50
40	25	90
40	26	70
40	27	80
40	28	90
40	29	120
40	30	100
40	31	20
40	32	80
40	33	90
40	34	70
40	35	70
40	36	70
40	37	90
40	38	90
40	39	70
40	40	20
41	1	70
41	2	20
41	3	60
41	4	110
41	5	110
41	6	90
41	7	110
41	8	90
41	9	90
41	10	50
41	11	110
41	12	70
41	13	60
41	14	70
41	15	90
41	16	90
41	17	70
41	18	70
41	19	50
41	20	70
41	21	90
41	22	90
41	23	110
41	24	50
41	25	90
41	26	90
41	27	110
41	28	70
41	29	110
41	30	70
41	31	60
41	32	70
41	33	70
41	34	70
41	35	90
41	36	50
41	37	90
41	38	70
41	39	90
41	40	20
42	1	70
42	2	100
42	3	110
42	4	100
42	5	110
42	6	110
42	7	130
42	8	40
42	9	70
42	10	20
42	11	70
42	12	20
42	13	90
42	14	90
42	15	40
42	16	70
42	17	90
42	18	100
42	19	60
42	20	0
42	21	90
42	22	90
42	23	90
42	24	0
42	25	60
42	26	40
42	27	50
42	28	20
42	29	90
42	30	100
42	31	90
42	32	50
42	33	90
42	34	70
42	35	40
42	36	70
42	37	70
42	38	90
42	39	90
42	40	90
43	1	70
43	2	70
43	3	110
43	4	90
43	5	90
43	6	90
43	7	110
43	8	40
43	9	90
43	10	0
43	11	90
43	12	0
43	13	90
43	14	70
43	15	40
43	16	70
43	17	70
43	18	70
43	19	50
43	20	20
43	21	90
43	22	70
43	23	90
43	24	0
43	25	40
43	26	40
43	27	40
43	28	20
43	29	90
43	30	70
43	31	90
43	32	70
43	33	70
43	34	50
43	35	40
43	36	50
43	37	70
43	38	70
43	39	90
43	40	70
44	1	70
44	2	70
44	3	90
44	4	90
44	5	110
44	6	70
44	7	90
44	8	20
44	9	90
44	10	0
44	11	90
44	12	20
44	13	110
44	14	70
44	15	40
44	16	90
44	17	70
44	18	50
44	19	50
44	20	20
44	21	70
44	22	90
44	23	90
44	24	0
44	25	20
44	26	20
44	27	40
44	28	20
44	29	110
44	30	70
44	31	90
44	32	70
44	33	70
44	34	70
44	35	20
44	36	50
44	37	90
44	38	70
44	39	70
44	40	50
45	1	70
45	2	30
45	3	40
45	4	80
45	5	80
45	6	50
45	7	80
45	8	50
45	9	100
45	10	60
45	11	70
45	12	50
45	13	50
45	14	70
45	15	90
45	16	70
45	17	60
45	18	60
45	19	60
45	20	80
45	21	70
45	22	80
45	23	70
45	24	50
45	25	80
45	26	70
45	27	60
45	28	70
45	29	100
45	30	60
45	31	30
45	32	80
45	33	60
45	34	60
45	35	80
45	36	60
45	37	80
45	38	80
45	39	80
45	40	0
46	1	70
46	2	80
46	3	70
46	4	80
46	5	90
46	6	70
46	7	70
46	8	40
46	9	70
46	10	0
46	11	70
46	12	20
46	13	70
46	14	50
46	15	20
46	16	70
46	17	90
46	18	60
46	19	80
46	20	20
46	21	50
46	22	70
46	23	70
46	24	20
46	25	20
46	26	20
46	27	50
46	28	0
46	29	50
46	30	100
46	31	70
46	32	70
46	33	70
46	34	70
46	35	20
46	36	70
46	37	70
46	38	50
46	39	70
46	40	70
47	1	70
47	2	30
47	3	40
47	4	60
47	5	90
47	6	90
47	7	100
47	8	70
47	9	90
47	10	80
47	11	70
47	12	70
47	13	40
47	14	70
47	15	90
47	16	70
47	17	90
47	18	80
47	19	60
47	20	70
47	21	50
47	22	80
47	23	90
47	24	50
47	25	70
47	26	70
47	27	80
47	28	90
47	29	100
47	30	100
47	31	0
47	32	80
47	33	90
47	34	70
47	35	50
47	36	70
47	37	90
47	38	70
47	39	70
47	40	20
48	1	70
48	2	80
48	3	70
48	4	60
48	5	90
48	6	90
48	7	90
48	8	20
48	9	70
48	10	20
48	11	50
48	12	20
48	13	70
48	14	70
48	15	20
48	16	70
48	17	90
48	18	80
48	19	60
48	20	0
48	21	50
48	22	70
48	23	70
48	24	0
48	25	20
48	26	20
48	27	30
48	28	20
48	29	70
48	30	100
48	31	50
48	32	50
48	33	90
48	34	70
48	35	0
48	36	70
48	37	70
48	38	70
48	39	70
48	40	70
49	1	70
49	2	60
49	3	70
49	4	80
49	5	100
49	6	70
49	7	80
49	8	20
49	9	100
49	10	10
49	11	90
49	12	20
49	13	100
49	14	50
49	15	20
49	16	90
49	17	80
49	18	60
49	19	60
49	20	30
49	21	50
49	22	80
49	23	90
49	24	0
49	25	10
49	26	20
49	27	50
49	28	20
49	29	100
49	30	80
49	31	80
49	32	80
49	33	80
49	34	80
49	35	10
49	36	60
49	37	100
49	38	60
49	39	80
49	40	50
50	1	70
50	2	100
50	3	110
50	4	80
50	5	100
50	6	70
50	7	100
50	8	0
50	9	100
50	10	30
50	11	70
50	12	20
50	13	120
50	14	90
50	15	60
50	16	70
50	17	80
50	18	80
50	19	60
50	20	30
50	21	70
50	22	100
50	23	90
50	24	0
50	25	50
50	26	20
50	27	10
50	28	40
50	29	120
50	30	80
50	31	80
50	32	80
50	33	80
50	34	80
50	35	30
50	36	80
50	37	100
50	38	100
50	39	80
50	40	70
51	1	70
51	2	60
51	3	70
51	4	80
51	5	90
51	6	70
51	7	70
51	8	20
51	9	90
51	10	0
51	11	90
51	12	20
51	13	90
51	14	50
51	15	20
51	16	90
51	17	70
51	18	60
51	19	60
51	20	20
51	21	50
51	22	70
51	23	90
51	24	0
51	25	0
51	26	20
51	27	50
51	28	20
51	29	90
51	30	80
51	31	70
51	32	70
51	33	70
51	34	70
51	35	0
51	36	50
51	37	90
51	38	50
51	39	70
51	40	50
52	1	50
52	2	10
52	3	40
52	4	100
52	5	100
52	6	90
52	7	100
52	8	90
52	9	80
52	10	60
52	11	110
52	12	70
52	13	50
52	14	50
52	15	70
52	16	70
52	17	80
52	18	80
52	19	60
52	20	80
52	21	90
52	22	80
52	23	110
52	24	50
52	25	80
52	26	70
52	27	120
52	28	70
52	29	100
52	30	80
52	31	50
52	32	80
52	33	80
52	34	80
52	35	80
52	36	60
52	37	100
52	38	60
52	39	80
52	40	20
53	1	70
53	2	10
53	3	0
53	4	80
53	5	80
53	6	50
53	7	60
53	8	50
53	9	80
53	10	60
53	11	70
53	12	70
53	13	30
53	14	50
53	15	50
53	16	90
53	17	60
53	18	60
53	19	60
53	20	60
53	21	50
53	22	80
53	23	70
53	24	50
53	25	60
53	26	70
53	27	80
53	28	50
53	29	80
53	30	60
53	31	30
53	32	60
53	33	60
53	34	80
53	35	60
53	36	60
53	37	80
53	38	60
53	39	80
53	40	0
54	1	50
54	2	10
54	3	0
54	4	80
54	5	50
54	6	50
54	7	60
54	8	70
54	9	50
54	10	60
54	11	70
54	12	50
54	13	0
54	14	50
54	15	50
54	16	50
54	17	50
54	18	60
54	19	80
54	20	70
54	21	70
54	22	60
54	23	50
54	24	70
54	25	50
54	26	50
54	27	80
54	28	50
54	29	60
54	30	60
54	31	20
54	32	80
54	33	50
54	34	50
54	35	70
54	36	50
54	37	50
54	38	50
54	39	50
54	40	0
55	1	70
55	2	80
55	3	70
55	4	80
55	5	70
55	6	50
55	7	60
55	8	20
55	9	70
55	10	10
55	11	70
55	12	20
55	13	70
55	14	50
55	15	20
55	16	70
55	17	70
55	18	60
55	19	80
55	20	20
55	21	50
55	22	80
55	23	70
55	24	20
55	25	20
55	26	20
55	27	30
55	28	0
55	29	60
55	30	80
55	31	70
55	32	80
55	33	50
55	34	70
55	35	20
55	36	70
55	37	70
55	38	50
55	39	70
55	40	70
56	1	50
56	2	80
56	3	70
56	4	120
56	5	100
56	6	50
56	7	80
56	8	20
56	9	60
56	10	10
56	11	90
56	12	20
56	13	100
56	14	70
56	15	20
56	16	70
56	17	60
56	18	60
56	19	80
56	20	30
56	21	70
56	22	100
56	23	70
56	24	20
56	25	30
56	26	0
56	27	50
56	28	0
56	29	100
56	30	60
56	31	120
56	32	80
56	33	60
56	34	80
56	35	50
56	36	60
56	37	80
56	38	80
56	39	60
56	40	50
57	1	50
57	2	80
57	3	110
57	4	100
57	5	90
57	6	90
57	7	100
57	8	60
57	9	70
57	10	10
57	11	110
57	12	20
57	13	90
57	14	50
57	15	40
57	16	50
57	17	90
57	18	80
57	19	80
57	20	40
57	21	90
57	22	80
57	23	110
57	24	20
57	25	40
57	26	20
57	27	70
57	28	20
57	29	80
57	30	100
57	31	90
57	32	100
57	33	70
57	34	70
57	35	40
57	36	70
57	37	90
57	38	50
57	39	70
57	40	90
58	1	50
58	2	100
58	3	90
58	4	100
58	5	120
58	6	70
58	7	100
58	8	40
58	9	60
58	10	10
58	11	70
58	12	20
58	13	100
58	14	70
58	15	40
58	16	50
58	17	100
58	18	60
58	19	80
58	20	30
58	21	90
58	22	100
58	23	70
58	24	20
58	25	50
58	26	0
58	27	50
58	28	0
58	29	80
58	30	100
58	31	100
58	32	80
58	33	80
58	34	80
58	35	50
58	36	80
58	37	80
58	38	80
58	39	60
58	40	70
59	1	50
59	2	30
59	3	40
59	4	120
59	5	90
59	6	90
59	7	120
59	8	110
59	9	50
59	10	60
59	11	90
59	12	50
59	13	20
59	14	70
59	15	70
59	16	50
59	17	70
59	18	80
59	19	80
59	20	70
59	21	110
59	22	80
59	23	70
59	24	70
59	25	90
59	26	70
59	27	120
59	28	50
59	29	80
59	30	80
59	31	60
59	32	80
59	33	70
59	34	50
59	35	110
59	36	50
59	37	50
59	38	70
59	39	70
59	40	20
60	1	70
60	2	0
60	3	0
60	4	50
60	5	50
60	6	50
60	7	50
60	8	50
60	9	70
60	10	50
60	11	50
60	12	50
60	13	0
60	14	50
60	15	50
60	16	70
60	17	50
60	18	50
60	19	50
60	20	50
60	21	50
60	22	50
60	23	50
60	24	50
60	25	50
60	26	70
60	27	50
60	28	50
60	29	50
60	30	50
60	31	0
60	32	50
60	33	50
60	34	50
60	35	50
60	36	50
60	37	50
60	38	50
60	39	70
60	40	0
61	1	70
61	2	20
61	3	40
61	4	50
61	5	90
61	6	90
61	7	90
61	8	70
61	9	90
61	10	70
61	11	70
61	12	70
61	13	40
61	14	70
61	15	90
61	16	70
61	17	90
61	18	70
61	19	50
61	20	70
61	21	50
61	22	70
61	23	90
61	24	50
61	25	70
61	26	70
61	27	70
61	28	90
61	29	90
61	30	90
61	31	0
61	32	70
61	33	90
61	34	70
61	35	50
61	36	70
61	37	90
61	38	70
61	39	70
61	40	20
62	1	50
62	2	60
62	3	50
62	4	100
62	5	80
62	6	50
62	7	60
62	8	20
62	9	60
62	10	10
62	11	90
62	12	20
62	13	80
62	14	50
62	15	0
62	16	70
62	17	60
62	18	60
62	19	80
62	20	30
62	21	50
62	22	80
62	23	70
62	24	20
62	25	10
62	26	0
62	27	50
62	28	0
62	29	80
62	30	60
62	31	100
62	32	80
62	33	60
62	34	80
62	35	30
62	36	60
62	37	80
62	38	60
62	39	60
62	40	50
63	1	70
63	2	80
63	3	90
63	4	100
63	5	90
63	6	90
63	7	110
63	8	40
63	9	70
63	10	0
63	11	70
63	12	0
63	13	70
63	14	70
63	15	20
63	16	70
63	17	70
63	18	80
63	19	60
63	20	0
63	21	90
63	22	70
63	23	70
63	24	0
63	25	40
63	26	40
63	27	50
63	28	0
63	29	70
63	30	80
63	31	90
63	32	50
63	33	70
63	34	50
63	35	40
63	36	50
63	37	50
63	38	70
63	39	90
63	40	70
64	1	70
64	2	10
64	3	0
64	4	80
64	5	90
64	6	70
64	7	70
64	8	70
64	9	70
64	10	50
64	11	70
64	12	70
64	13	20
64	14	50
64	15	50
64	16	90
64	17	70
64	18	60
64	19	60
64	20	50
64	21	50
64	22	70
64	23	70
64	24	50
64	25	50
64	26	70
64	27	100
64	28	50
64	29	70
64	30	80
64	31	20
64	32	50
64	33	70
64	34	70
64	35	50
64	36	50
64	37	70
64	38	50
64	39	70
64	40	0
65	1	70
65	2	70
65	3	70
65	4	90
65	5	110
65	6	70
65	7	90
65	8	20
65	9	70
65	10	0
65	11	70
65	12	20
65	13	90
65	14	70
65	15	20
65	16	90
65	17	70
65	18	50
65	19	50
65	20	0
65	21	70
65	22	90
65	23	70
65	24	0
65	25	20
65	26	20
65	27	40
65	28	0
65	29	90
65	30	70
65	31	90
65	32	50
65	33	70
65	34	70
65	35	20
65	36	50
65	37	70
65	38	70
65	39	70
65	40	50
66	1	70
66	2	50
66	3	40
66	4	100
66	5	90
66	6	50
66	7	80
66	8	70
66	9	70
66	10	60
66	11	70
66	12	70
66	13	40
66	14	70
66	15	90
66	16	70
66	17	70
66	18	60
66	19	80
66	20	70
66	21	70
66	22	100
66	23	70
66	24	70
66	25	90
66	26	70
66	27	80
66	28	50
66	29	80
66	30	80
66	31	40
66	32	80
66	33	50
66	34	70
66	35	90
66	36	70
66	37	70
66	38	70
66	39	70
66	40	20
67	1	70
67	2	80
67	3	90
67	4	100
67	5	110
67	6	70
67	7	100
67	8	20
67	9	90
67	10	10
67	11	90
67	12	20
67	13	110
67	14	70
67	15	40
67	16	90
67	17	70
67	18	60
67	19	60
67	20	20
67	21	70
67	22	100
67	23	90
67	24	0
67	25	20
67	26	20
67	27	50
67	28	20
67	29	120
67	30	80
67	31	90
67	32	80
67	33	70
67	34	70
67	35	20
67	36	50
67	37	90
67	38	70
67	39	70
67	40	50
68	1	70
68	2	60
68	3	70
68	4	80
68	5	90
68	6	70
68	7	80
68	8	20
68	9	90
68	10	10
68	11	90
68	12	20
68	13	90
68	14	50
68	15	20
68	16	90
68	17	70
68	18	60
68	19	60
68	20	20
68	21	50
68	22	80
68	23	90
68	24	0
68	25	0
68	26	20
68	27	50
68	28	20
68	29	100
68	30	80
68	31	70
68	32	80
68	33	70
68	34	70
68	35	0
68	36	50
68	37	90
68	38	50
68	39	70
68	40	50
69	1	70
69	2	50
69	3	70
69	4	70
69	5	90
69	6	70
69	7	70
69	8	20
69	9	90
69	10	0
69	11	90
69	12	20
69	13	90
69	14	50
69	15	20
69	16	90
69	17	70
69	18	50
69	19	50
69	20	20
69	21	50
69	22	70
69	23	90
69	24	0
69	25	0
69	26	20
69	27	40
69	28	20
69	29	90
69	30	70
69	31	70
69	32	70
69	33	70
69	34	70
69	35	0
69	36	50
69	37	90
69	38	50
69	39	70
69	40	50
70	1	50
70	2	60
70	3	70
70	4	60
70	5	60
70	6	50
70	7	60
70	8	0
70	9	80
70	10	10
70	11	70
70	12	0
70	13	80
70	14	50
70	15	20
70	16	50
70	17	60
70	18	60
70	19	60
70	20	30
70	21	70
70	22	60
70	23	70
70	24	0
70	25	10
70	26	0
70	27	10
70	28	20
70	29	80
70	30	60
70	31	60
70	32	80
70	33	60
70	34	60
70	35	10
70	36	60
70	37	80
70	38	60
70	39	60
70	40	50
71	1	50
71	2	20
71	3	20
71	4	110
71	5	110
71	6	70
71	7	90
71	8	90
71	9	50
71	10	50
71	11	90
71	12	70
71	13	40
71	14	70
71	15	70
71	16	70
71	17	70
71	18	50
71	19	70
71	20	70
71	21	90
71	22	90
71	23	70
71	24	70
71	25	70
71	26	50
71	27	110
71	28	50
71	29	90
71	30	70
71	31	60
71	32	70
71	33	70
71	34	70
71	35	90
71	36	50
71	37	70
71	38	70
71	39	50
71	40	0
72	1	70
72	2	30
72	3	60
72	4	120
72	5	110
72	6	90
72	7	100
72	8	110
72	9	90
72	10	60
72	11	130
72	12	90
72	13	60
72	14	50
72	15	90
72	16	90
72	17	90
72	18	80
72	19	80
72	20	90
72	21	70
72	22	100
72	23	130
72	24	70
72	25	90
72	26	90
72	27	140
72	28	70
72	29	100
72	30	100
72	31	60
72	32	100
72	33	70
72	34	90
72	35	90
72	36	70
72	37	110
72	38	50
72	39	90
72	40	40
73	1	70
73	2	70
73	3	70
73	4	70
73	5	70
73	6	50
73	7	70
73	8	0
73	9	70
73	10	0
73	11	50
73	12	0
73	13	70
73	14	70
73	15	20
73	16	70
73	17	50
73	18	50
73	19	50
73	20	0
73	21	70
73	22	70
73	23	50
73	24	0
73	25	20
73	26	20
73	27	0
73	28	0
73	29	70
73	30	50
73	31	70
73	32	50
73	33	50
73	34	50
73	35	20
73	36	50
73	37	50
73	38	70
73	39	70
73	40	50
74	1	50
74	2	0
74	3	0
74	4	50
74	5	50
74	6	50
74	7	50
74	8	50
74	9	50
74	10	50
74	11	50
74	12	50
74	13	0
74	14	50
74	15	50
74	16	50
74	17	50
74	18	50
74	19	50
74	20	50
74	21	70
74	22	50
74	23	50
74	24	50
74	25	50
74	26	50
74	27	50
74	28	50
74	29	50
74	30	50
74	31	0
74	32	50
74	33	50
74	34	50
74	35	50
74	36	50
74	37	50
74	38	50
74	39	50
74	40	0
75	1	70
75	2	30
75	3	40
75	4	60
75	5	90
75	6	90
75	7	90
75	8	70
75	9	90
75	10	70
75	11	70
75	12	70
75	13	40
75	14	70
75	15	90
75	16	70
75	17	90
75	18	80
75	19	60
75	20	70
75	21	50
75	22	70
75	23	90
75	24	50
75	25	70
75	26	70
75	27	80
75	28	90
75	29	90
75	30	100
75	31	0
75	32	70
75	33	90
75	34	70
75	35	50
75	36	70
75	37	90
75	38	70
75	39	70
75	40	20
76	1	70
76	2	80
76	3	90
76	4	100
76	5	90
76	6	90
76	7	120
76	8	40
76	9	70
76	10	10
76	11	70
76	12	0
76	13	70
76	14	70
76	15	20
76	16	70
76	17	70
76	18	80
76	19	60
76	20	0
76	21	90
76	22	80
76	23	70
76	24	0
76	25	40
76	26	40
76	27	50
76	28	0
76	29	80
76	30	80
76	31	90
76	32	60
76	33	70
76	34	50
76	35	40
76	36	50
76	37	50
76	38	70
76	39	90
76	40	70
77	1	70
77	2	30
77	3	20
77	4	80
77	5	100
77	6	70
77	7	80
77	8	50
77	9	80
77	10	80
77	11	70
77	12	90
77	13	50
77	14	70
77	15	70
77	16	90
77	17	80
77	18	80
77	19	60
77	20	60
77	21	50
77	22	100
77	23	90
77	24	50
77	25	80
77	26	70
77	27	80
77	28	70
77	29	100
77	30	80
77	31	30
77	32	60
77	33	80
77	34	100
77	35	60
77	36	80
77	37	100
77	38	80
77	39	80
77	40	20
78	1	70
78	2	80
78	3	90
78	4	100
78	5	100
78	6	50
78	7	80
78	8	0
78	9	100
78	10	10
78	11	90
78	12	20
78	13	120
78	14	70
78	15	40
78	16	90
78	17	60
78	18	60
78	19	60
78	20	30
78	21	70
78	22	100
78	23	90
78	24	0
78	25	30
78	26	20
78	27	30
78	28	20
78	29	120
78	30	60
78	31	100
78	32	80
78	33	60
78	34	80
78	35	30
78	36	60
78	37	100
78	38	80
78	39	80
78	40	50
79	1	70
79	2	90
79	3	110
79	4	130
79	5	130
79	6	90
79	7	110
79	8	60
79	9	70
79	10	0
79	11	110
79	12	40
79	13	110
79	14	70
79	15	40
79	16	90
79	17	90
79	18	70
79	19	70
79	20	20
79	21	90
79	22	110
79	23	110
79	24	20
79	25	60
79	26	40
79	27	80
79	28	0
79	29	90
79	30	90
79	31	130
79	32	70
79	33	70
79	34	90
79	35	60
79	36	70
79	37	90
79	38	70
79	39	90
79	40	90
80	1	50
80	2	70
80	3	110
80	4	90
80	5	70
80	6	70
80	7	70
80	8	40
80	9	70
80	10	0
80	11	110
80	12	20
80	13	90
80	14	50
80	15	40
80	16	50
80	17	70
80	18	70
80	19	70
80	20	40
80	21	90
80	22	70
80	23	110
80	24	20
80	25	40
80	26	20
80	27	40
80	28	20
80	29	70
80	30	70
80	31	90
80	32	90
80	33	50
80	34	70
80	35	40
80	36	70
80	37	90
80	38	50
80	39	70
80	40	90
81	1	50
81	2	10
81	3	20
81	4	100
81	5	70
81	6	50
81	7	60
81	8	70
81	9	70
81	10	60
81	11	110
81	12	70
81	13	40
81	14	50
81	15	70
81	16	70
81	17	50
81	18	60
81	19	80
81	20	90
81	21	70
81	22	80
81	23	90
81	24	70
81	25	50
81	26	50
81	27	100
81	28	70
81	29	100
81	30	60
81	31	40
81	32	100
81	33	50
81	34	70
81	35	70
81	36	50
81	37	90
81	38	50
81	39	50
81	40	0
82	1	70
82	2	70
82	3	90
82	4	110
82	5	110
82	6	90
82	7	110
82	8	40
82	9	70
82	10	0
82	11	90
82	12	20
82	13	90
82	14	70
82	15	20
82	16	90
82	17	70
82	18	70
82	19	50
82	20	0
82	21	90
82	22	90
82	23	90
82	24	0
82	25	40
82	26	40
82	27	60
82	28	0
82	29	90
82	30	70
82	31	110
82	32	50
82	33	70
82	34	70
82	35	40
82	36	50
82	37	70
82	38	70
82	39	90
82	40	70
83	1	70
83	2	80
83	3	90
83	4	100
83	5	110
83	6	70
83	7	90
83	8	20
83	9	90
83	10	0
83	11	90
83	12	20
83	13	110
83	14	70
83	15	40
83	16	90
83	17	70
83	18	60
83	19	60
83	20	20
83	21	70
83	22	90
83	23	90
83	24	0
83	25	20
83	26	20
83	27	50
83	28	20
83	29	110
83	30	80
83	31	90
83	32	70
83	33	70
83	34	70
83	35	20
83	36	50
83	37	90
83	38	70
83	39	70
83	40	50
84	1	70
84	2	100
84	3	110
84	4	120
84	5	110
84	6	90
84	7	120
84	8	20
84	9	70
84	10	30
84	11	90
84	12	40
84	13	110
84	14	90
84	15	40
84	16	90
84	17	70
84	18	100
84	19	60
84	20	0
84	21	90
84	22	120
84	23	110
84	24	0
84	25	60
84	26	40
84	27	50
84	28	20
84	29	120
84	30	80
84	31	110
84	32	60
84	33	70
84	34	90
84	35	40
84	36	70
84	37	90
84	38	90
84	39	90
84	40	90
85	1	70
85	2	60
85	3	70
85	4	60
85	5	70
85	6	70
85	7	80
85	8	20
85	9	90
85	10	10
85	11	70
85	12	0
85	13	70
85	14	50
85	15	20
85	16	70
85	17	70
85	18	60
85	19	60
85	20	20
85	21	50
85	22	60
85	23	70
85	24	0
85	25	0
85	26	20
85	27	30
85	28	20
85	29	80
85	30	80
85	31	50
85	32	80
85	33	70
85	34	50
85	35	0
85	36	50
85	37	70
85	38	50
85	39	70
85	40	50
86	1	70
86	2	50
86	3	40
86	4	100
86	5	100
86	6	50
86	7	80
86	8	70
86	9	80
86	10	60
86	11	70
86	12	70
86	13	50
86	14	70
86	15	90
86	16	70
86	17	80
86	18	60
86	19	80
86	20	80
86	21	70
86	22	100
86	23	70
86	24	70
86	25	100
86	26	70
86	27	80
86	28	50
86	29	80
86	30	80
86	31	50
86	32	80
86	33	60
86	34	80
86	35	100
86	36	80
86	37	80
86	38	80
86	39	80
86	40	20
87	1	50
87	2	10
87	3	20
87	4	80
87	5	70
87	6	70
87	7	70
87	8	90
87	9	70
87	10	50
87	11	90
87	12	50
87	13	20
87	14	50
87	15	70
87	16	50
87	17	70
87	18	60
87	19	80
87	20	90
87	21	50
87	22	50
87	23	70
87	24	70
87	25	50
87	26	50
87	27	100
87	28	70
87	29	70
87	30	80
87	31	20
87	32	90
87	33	70
87	34	50
87	35	70
87	36	50
87	37	70
87	38	50
87	39	50
87	40	0
88	1	50
88	2	20
88	3	60
88	4	110
88	5	90
88	6	90
88	7	110
88	8	110
88	9	70
88	10	50
88	11	110
88	12	50
88	13	40
88	14	70
88	15	90
88	16	50
88	17	70
88	18	70
88	19	70
88	20	90
88	21	110
88	22	70
88	23	90
88	24	70
88	25	90
88	26	70
88	27	110
88	28	70
88	29	90
88	30	70
88	31	60
88	32	90
88	33	70
88	34	50
88	35	110
88	36	50
88	37	70
88	38	70
88	39	70
88	40	20
89	1	70
89	2	30
89	3	20
89	4	80
89	5	110
89	6	90
89	7	90
89	8	70
89	9	70
89	10	70
89	11	70
89	12	90
89	13	40
89	14	70
89	15	70
89	16	90
89	17	90
89	18	80
89	19	60
89	20	50
89	21	50
89	22	90
89	23	90
89	24	50
89	25	70
89	26	70
89	27	100
89	28	70
89	29	90
89	30	100
89	31	20
89	32	50
89	33	90
89	34	90
89	35	50
89	36	70
89	37	90
89	38	70
89	39	70
89	40	20
90	1	70
90	2	10
90	3	20
90	4	80
90	5	90
90	6	70
90	7	70
90	8	70
90	9	90
90	10	50
90	11	90
90	12	70
90	13	40
90	14	50
90	15	70
90	16	90
90	17	70
90	18	60
90	19	60
90	20	70
90	21	50
90	22	70
90	23	90
90	24	50
90	25	50
90	26	70
90	27	100
90	28	70
90	29	90
90	30	80
90	31	20
90	32	70
90	33	70
90	34	70
90	35	50
90	36	50
90	37	90
90	38	50
90	39	70
90	40	0
91	1	70
91	2	100
91	3	130
91	4	120
91	5	110
91	6	90
91	7	120
91	8	20
91	9	90
91	10	30
91	11	110
91	12	40
91	13	130
91	14	90
91	15	60
91	16	90
91	17	70
91	18	100
91	19	60
91	20	20
91	21	90
91	22	120
91	23	130
91	24	0
91	25	60
91	26	40
91	27	50
91	28	40
91	29	140
91	30	80
91	31	110
91	32	80
91	33	70
91	34	90
91	35	40
91	36	70
91	37	110
91	38	90
91	39	90
91	40	90
92	1	70
92	2	30
92	3	40
92	4	80
92	5	100
92	6	70
92	7	100
92	8	70
92	9	100
92	10	60
92	11	70
92	12	50
92	13	50
92	14	70
92	15	90
92	16	70
92	17	80
92	18	60
92	19	60
92	20	80
92	21	70
92	22	80
92	23	70
92	24	50
92	25	80
92	26	70
92	27	80
92	28	70
92	29	100
92	30	80
92	31	30
92	32	80
92	33	80
92	34	60
92	35	80
92	36	60
92	37	80
92	38	80
92	39	80
92	40	0
93	1	70
93	2	60
93	3	90
93	4	80
93	5	70
93	6	90
93	7	90
93	8	40
93	9	90
93	10	0
93	11	90
93	12	0
93	13	70
93	14	50
93	15	20
93	16	70
93	17	70
93	18	80
93	19	60
93	20	20
93	21	70
93	22	50
93	23	90
93	24	0
93	25	20
93	26	40
93	27	50
93	28	20
93	29	70
93	30	80
93	31	70
93	32	70
93	33	70
93	34	50
93	35	20
93	36	50
93	37	70
93	38	50
93	39	90
93	40	70
94	1	50
94	2	70
94	3	90
94	4	110
94	5	90
94	6	90
94	7	110
94	8	60
94	9	50
94	10	0
94	11	90
94	12	0
94	13	70
94	14	70
94	15	20
94	16	50
94	17	70
94	18	70
94	19	70
94	20	20
94	21	90
94	22	70
94	23	70
94	24	20
94	25	40
94	26	20
94	27	60
94	28	0
94	29	70
94	30	70
94	31	110
94	32	70
94	33	70
94	34	50
94	35	60
94	36	50
94	37	50
94	38	70
94	39	70
94	40	70
95	1	70
95	2	0
95	3	20
95	4	70
95	5	50
95	6	70
95	7	70
95	8	70
95	9	70
95	10	50
95	11	70
95	12	50
95	13	0
95	14	50
95	15	50
95	16	70
95	17	50
95	18	70
95	19	50
95	20	50
95	21	70
95	22	50
95	23	70
95	24	50
95	25	70
95	26	90
95	27	70
95	28	50
95	29	50
95	30	50
95	31	20
95	32	50
95	33	50
95	34	50
95	35	70
95	36	50
95	37	50
95	38	50
95	39	90
95	40	20
96	1	50
96	2	100
96	3	130
96	4	120
96	5	90
96	6	70
96	7	90
96	8	40
96	9	70
96	10	0
96	11	110
96	12	20
96	13	110
96	14	70
96	15	60
96	16	50
96	17	70
96	18	80
96	19	80
96	20	40
96	21	110
96	22	90
96	23	110
96	24	20
96	25	60
96	26	20
96	27	50
96	28	20
96	29	90
96	30	80
96	31	110
96	32	90
96	33	50
96	34	70
96	35	60
96	36	70
96	37	90
96	38	70
96	39	70
96	40	90
97	1	70
97	2	30
97	3	60
97	4	100
97	5	100
97	6	90
97	7	100
97	8	70
97	9	100
97	10	80
97	11	110
97	12	90
97	13	70
97	14	70
97	15	90
97	16	90
97	17	80
97	18	100
97	19	60
97	20	80
97	21	70
97	22	100
97	23	130
97	24	50
97	25	100
97	26	90
97	27	100
97	28	90
97	29	120
97	30	80
97	31	50
97	32	80
97	33	80
97	34	100
97	35	80
97	36	80
97	37	120
97	38	80
97	39	100
97	40	40
98	1	70
98	2	50
98	3	60
98	4	120
98	5	110
98	6	50
98	7	80
98	8	70
98	9	90
98	10	60
98	11	110
98	12	90
98	13	80
98	14	70
98	15	110
98	16	90
98	17	70
98	18	60
98	19	80
98	20	90
98	21	70
98	22	120
98	23	110
98	24	70
98	25	90
98	26	70
98	27	100
98	28	70
98	29	120
98	30	80
98	31	60
98	32	100
98	33	50
98	34	90
98	35	90
98	36	70
98	37	110
98	38	70
98	39	70
98	40	20
99	1	70
99	2	50
99	3	60
99	4	100
99	5	90
99	6	90
99	7	120
99	8	70
99	9	70
99	10	80
99	11	70
99	12	70
99	13	40
99	14	90
99	15	90
99	16	70
99	17	70
99	18	100
99	19	60
99	20	50
99	21	90
99	22	100
99	23	90
99	24	50
99	25	110
99	26	90
99	27	80
99	28	70
99	29	100
99	30	80
99	31	40
99	32	60
99	33	70
99	34	70
99	35	90
99	36	70
99	37	70
99	38	90
99	39	90
99	40	40
100	1	50
100	2	60
100	3	50
100	4	80
100	5	70
100	6	70
100	7	70
100	8	40
100	9	50
100	10	0
100	11	70
100	12	0
100	13	50
100	14	50
100	15	0
100	16	50
100	17	70
100	18	60
100	19	80
100	20	20
100	21	70
100	22	50
100	23	50
100	24	20
100	25	0
100	26	0
100	27	50
100	28	0
100	29	50
100	30	80
100	31	70
100	32	70
100	33	70
100	34	50
100	35	20
100	36	50
100	37	50
100	38	50
100	39	50
100	40	50
101	1	70
101	2	100
101	3	130
101	4	100
101	5	110
101	6	110
101	7	130
101	8	40
101	9	90
101	10	20
101	11	90
101	12	20
101	13	110
101	14	90
101	15	60
101	16	70
101	17	90
101	18	100
101	19	60
101	20	20
101	21	90
101	22	90
101	23	110
101	24	0
101	25	60
101	26	40
101	27	50
101	28	40
101	29	110
101	30	100
101	31	90
101	32	70
101	33	90
101	34	70
101	35	40
101	36	70
101	37	90
101	38	90
101	39	90
101	40	90
102	1	50
102	2	10
102	3	0
102	4	60
102	5	70
102	6	70
102	7	70
102	8	70
102	9	50
102	10	50
102	11	50
102	12	50
102	13	0
102	14	50
102	15	50
102	16	50
102	17	70
102	18	60
102	19	60
102	20	50
102	21	70
102	22	50
102	23	50
102	24	50
102	25	50
102	26	50
102	27	80
102	28	50
102	29	50
102	30	80
102	31	0
102	32	50
102	33	70
102	34	50
102	35	50
102	36	50
102	37	50
102	38	50
102	39	50
102	40	0
103	1	50
103	2	100
103	3	90
103	4	100
103	5	90
103	6	50
103	7	70
103	8	20
103	9	50
103	10	0
103	11	70
103	12	20
103	13	90
103	14	70
103	15	40
103	16	50
103	17	70
103	18	60
103	19	80
103	20	20
103	21	90
103	22	90
103	23	70
103	24	20
103	25	40
103	26	0
103	27	30
103	28	0
103	29	70
103	30	80
103	31	90
103	32	70
103	33	50
103	34	70
103	35	40
103	36	70
103	37	70
103	38	70
103	39	50
103	40	70
104	1	50
104	2	10
104	3	40
104	4	100
104	5	90
104	6	90
104	7	100
104	8	90
104	9	70
104	10	60
104	11	110
104	12	70
104	13	40
104	14	50
104	15	70
104	16	70
104	17	70
104	18	80
104	19	60
104	20	70
104	21	90
104	22	80
104	23	110
104	24	50
104	25	70
104	26	70
104	27	120
104	28	70
104	29	100
104	30	80
104	31	40
104	32	80
104	33	70
104	34	70
104	35	70
104	36	50
104	37	90
104	38	50
104	39	70
104	40	20
105	1	50
105	2	80
105	3	110
105	4	140
105	5	100
105	6	70
105	7	100
105	8	40
105	9	80
105	10	10
105	11	130
105	12	20
105	13	120
105	14	70
105	15	40
105	16	70
105	17	60
105	18	80
105	19	80
105	20	50
105	21	110
105	22	100
105	23	110
105	24	20
105	25	50
105	26	20
105	27	70
105	28	20
105	29	120
105	30	60
105	31	140
105	32	100
105	33	60
105	34	80
105	35	70
105	36	60
105	37	100
105	38	80
105	39	80
105	40	70
106	1	50
106	2	10
106	3	0
106	4	80
106	5	80
106	6	70
106	7	80
106	8	90
106	9	60
106	10	60
106	11	70
106	12	50
106	13	10
106	14	50
106	15	50
106	16	50
106	17	80
106	18	60
106	19	80
106	20	80
106	21	70
106	22	60
106	23	50
106	24	70
106	25	60
106	26	50
106	27	100
106	28	50
106	29	60
106	30	80
106	31	30
106	32	80
106	33	80
106	34	60
106	35	80
106	36	60
106	37	60
106	38	60
106	39	60
106	40	0
107	1	70
107	2	50
107	3	60
107	4	140
107	5	110
107	6	70
107	7	100
107	8	90
107	9	70
107	10	60
107	11	110
107	12	90
107	13	60
107	14	70
107	15	90
107	16	90
107	17	70
107	18	80
107	19	80
107	20	70
107	21	90
107	22	120
107	23	110
107	24	70
107	25	110
107	26	90
107	27	120
107	28	50
107	29	100
107	30	80
107	31	80
107	32	80
107	33	50
107	34	90
107	35	110
107	36	70
107	37	90
107	38	70
107	39	90
107	40	40
108	1	70
108	2	10
108	3	20
108	4	100
108	5	90
108	6	90
108	7	90
108	8	90
108	9	70
108	10	50
108	11	90
108	12	70
108	13	20
108	14	50
108	15	50
108	16	90
108	17	70
108	18	80
108	19	60
108	20	50
108	21	70
108	22	70
108	23	90
108	24	50
108	25	70
108	26	90
108	27	120
108	28	50
108	29	70
108	30	80
108	31	40
108	32	50
108	33	70
108	34	70
108	35	70
108	36	50
108	37	70
108	38	50
108	39	90
108	40	20
109	1	70
109	2	100
109	3	110
109	4	120
109	5	110
109	6	90
109	7	120
109	8	60
109	9	70
109	10	10
109	11	90
109	12	20
109	13	90
109	14	70
109	15	40
109	16	70
109	17	90
109	18	80
109	19	80
109	20	20
109	21	90
109	22	100
109	23	90
109	24	20
109	25	60
109	26	40
109	27	70
109	28	0
109	29	80
109	30	100
109	31	110
109	32	80
109	33	70
109	34	70
109	35	60
109	36	70
109	37	70
109	38	70
109	39	90
109	40	90
110	1	50
110	2	10
110	3	40
110	4	100
110	5	90
110	6	90
110	7	90
110	8	90
110	9	70
110	10	50
110	11	110
110	12	70
110	13	40
110	14	50
110	15	70
110	16	70
110	17	70
110	18	80
110	19	60
110	20	70
110	21	90
110	22	70
110	23	110
110	24	50
110	25	70
110	26	70
110	27	120
110	28	70
110	29	90
110	30	80
110	31	40
110	32	70
110	33	70
110	34	70
110	35	70
110	36	50
110	37	90
110	38	50
110	39	70
110	40	20
111	1	50
111	2	80
111	3	110
111	4	140
111	5	100
111	6	70
111	7	100
111	8	40
111	9	80
111	10	10
111	11	130
111	12	20
111	13	120
111	14	70
111	15	40
111	16	70
111	17	60
111	18	80
111	19	80
111	20	50
111	21	90
111	22	100
111	23	110
111	24	20
111	25	50
111	26	20
111	27	70
111	28	20
111	29	120
111	30	60
111	31	140
111	32	100
111	33	60
111	34	80
111	35	70
111	36	60
111	37	100
111	38	80
111	39	80
111	40	70
112	1	50
112	2	50
112	3	50
112	4	70
112	5	50
112	6	50
112	7	50
112	8	20
112	9	50
112	10	0
112	11	70
112	12	0
112	13	50
112	14	50
112	15	0
112	16	50
112	17	50
112	18	50
112	19	70
112	20	20
112	21	50
112	22	50
112	23	50
112	24	20
112	25	0
112	26	0
112	27	20
112	28	0
112	29	50
112	30	50
112	31	70
112	32	70
112	33	50
112	34	50
112	35	20
112	36	50
112	37	50
112	38	50
112	39	50
112	40	50
113	1	70
113	2	50
113	3	40
113	4	80
113	5	90
113	6	70
113	7	100
113	8	50
113	9	70
113	10	80
113	11	50
113	12	70
113	13	40
113	14	90
113	15	90
113	16	70
113	17	70
113	18	80
113	19	60
113	20	50
113	21	70
113	22	100
113	23	70
113	24	50
113	25	90
113	26	70
113	27	60
113	28	70
113	29	100
113	30	80
113	31	20
113	32	60
113	33	70
113	34	70
113	35	70
113	36	70
113	37	70
113	38	90
113	39	70
113	40	20
114	1	70
114	2	30
114	3	60
114	4	120
114	5	90
114	6	70
114	7	90
114	8	70
114	9	90
114	10	50
114	11	110
114	12	70
114	13	60
114	14	70
114	15	90
114	16	90
114	17	50
114	18	80
114	19	60
114	20	70
114	21	90
114	22	90
114	23	110
114	24	50
114	25	90
114	26	90
114	27	100
114	28	70
114	29	110
114	30	60
114	31	60
114	32	70
114	33	50
114	34	70
114	35	90
114	36	50
114	37	90
114	38	70
114	39	90
114	40	20
115	1	70
115	2	80
115	3	90
115	4	120
115	5	110
115	6	90
115	7	120
115	8	40
115	9	70
115	10	10
115	11	90
115	12	20
115	13	90
115	14	70
115	15	20
115	16	90
115	17	70
115	18	80
115	19	60
115	20	0
115	21	90
115	22	100
115	23	90
115	24	0
115	25	40
115	26	40
115	27	70
115	28	0
115	29	100
115	30	80
115	31	110
115	32	60
115	33	70
115	34	70
115	35	40
115	36	50
115	37	70
115	38	70
115	39	90
115	40	70
116	1	50
116	2	30
116	3	40
116	4	100
116	5	90
116	6	50
116	7	60
116	8	70
116	9	70
116	10	60
116	11	110
116	12	90
116	13	60
116	14	50
116	15	90
116	16	70
116	17	70
116	18	60
116	19	80
116	20	90
116	21	70
116	22	100
116	23	110
116	24	70
116	25	70
116	26	50
116	27	100
116	28	70
116	29	100
116	30	80
116	31	40
116	32	100
116	33	50
116	34	90
116	35	70
116	36	70
116	37	110
116	38	50
116	39	50
116	40	20
117	1	70
117	2	20
117	3	20
117	4	90
117	5	90
117	6	50
117	7	70
117	8	50
117	9	70
117	10	50
117	11	70
117	12	70
117	13	40
117	14	70
117	15	70
117	16	90
117	17	50
117	18	50
117	19	50
117	20	50
117	21	70
117	22	90
117	23	70
117	24	50
117	25	70
117	26	70
117	27	70
117	28	50
117	29	90
117	30	50
117	31	40
117	32	50
117	33	50
117	34	70
117	35	70
117	36	50
117	37	70
117	38	70
117	39	70
117	40	0
118	1	70
118	2	30
118	3	60
118	4	100
118	5	90
118	6	90
118	7	110
118	8	90
118	9	90
118	10	50
118	11	90
118	12	50
118	13	40
118	14	70
118	15	90
118	16	70
118	17	70
118	18	80
118	19	60
118	20	70
118	21	90
118	22	70
118	23	90
118	24	50
118	25	90
118	26	90
118	27	100
118	28	70
118	29	90
118	30	80
118	31	40
118	32	70
118	33	70
118	34	50
118	35	90
118	36	50
118	37	70
118	38	70
118	39	90
118	40	20
119	1	50
119	2	80
119	3	90
119	4	140
119	5	110
119	6	90
119	7	120
119	8	60
119	9	50
119	10	10
119	11	110
119	12	20
119	13	90
119	14	70
119	15	20
119	16	70
119	17	70
119	18	80
119	19	80
119	20	20
119	21	110
119	22	100
119	23	90
119	24	20
119	25	40
119	26	20
119	27	90
119	28	0
119	29	100
119	30	80
119	31	130
119	32	80
119	33	70
119	34	70
119	35	60
119	36	50
119	37	70
119	38	70
119	39	70
119	40	70
120	1	70
120	2	10
120	3	20
120	4	80
120	5	70
120	6	50
120	7	60
120	8	50
120	9	90
120	10	60
120	11	90
120	12	70
120	13	40
120	14	50
120	15	70
120	16	90
120	17	50
120	18	60
120	19	60
120	20	70
120	21	50
120	22	80
120	23	90
120	24	50
120	25	50
120	26	70
120	27	80
120	28	70
120	29	100
120	30	60
120	31	20
120	32	80
120	33	50
120	34	70
120	35	50
120	36	50
120	37	90
120	38	50
120	39	70
120	40	0
121	1	70
121	2	100
121	3	90
121	4	80
121	5	120
121	6	90
121	7	120
121	8	20
121	9	80
121	10	30
121	11	50
121	12	20
121	13	100
121	14	90
121	15	40
121	16	70
121	17	100
121	18	80
121	19	60
121	20	10
121	21	70
121	22	100
121	23	70
121	24	0
121	25	50
121	26	20
121	27	30
121	28	20
121	29	100
121	30	100
121	31	80
121	32	60
121	33	100
121	34	80
121	35	30
121	36	80
121	37	80
121	38	100
121	39	80
121	40	70
122	1	70
122	2	60
122	3	70
122	4	80
122	5	90
122	6	70
122	7	70
122	8	20
122	9	90
122	10	0
122	11	90
122	12	20
122	13	90
122	14	50
122	15	20
122	16	90
122	17	70
122	18	60
122	19	60
122	20	20
122	21	50
122	22	70
122	23	90
122	24	0
122	25	0
122	26	20
122	27	50
122	28	20
122	29	90
122	30	80
122	31	70
122	32	70
122	33	70
122	34	70
122	35	0
122	36	50
122	37	90
122	38	50
122	39	70
122	40	50
123	1	50
123	2	50
123	3	80
123	4	120
123	5	120
123	6	90
123	7	120
123	8	110
123	9	80
123	10	60
123	11	110
123	12	70
123	13	70
123	14	70
123	15	110
123	16	50
123	17	100
123	18	80
123	19	80
123	20	100
123	21	110
123	22	100
123	23	110
123	24	70
123	25	120
123	26	70
123	27	120
123	28	70
123	29	100
123	30	100
123	31	70
123	32	100
123	33	80
123	34	80
123	35	120
123	36	80
123	37	100
123	38	80
123	39	80
123	40	40
124	1	70
124	2	70
124	3	90
124	4	90
124	5	110
124	6	70
124	7	90
124	8	20
124	9	90
124	10	0
124	11	90
124	12	20
124	13	110
124	14	70
124	15	40
124	16	90
124	17	70
124	18	50
124	19	50
124	20	20
124	21	70
124	22	90
124	23	90
124	24	0
124	25	20
124	26	20
124	27	40
124	28	20
124	29	110
124	30	70
124	31	90
124	32	70
124	33	70
124	34	70
124	35	20
124	36	50
124	37	90
124	38	70
124	39	70
124	40	50
125	1	50
125	2	80
125	3	90
125	4	140
125	5	100
125	6	70
125	7	100
125	8	40
125	9	60
125	10	10
125	11	110
125	12	20
125	13	100
125	14	70
125	15	20
125	16	70
125	17	60
125	18	80
125	19	80
125	20	30
125	21	110
125	22	100
125	23	90
125	24	20
125	25	50
125	26	20
125	27	70
125	28	0
125	29	100
125	30	60
125	31	140
125	32	80
125	33	60
125	34	80
125	35	70
125	36	60
125	37	80
125	38	80
125	39	80
125	40	70
126	1	70
126	2	30
126	3	60
126	4	100
126	5	90
126	6	90
126	7	120
126	8	90
126	9	90
126	10	60
126	11	90
126	12	50
126	13	40
126	14	70
126	15	90
126	16	70
126	17	70
126	18	80
126	19	60
126	20	70
126	21	90
126	22	80
126	23	90
126	24	50
126	25	90
126	26	90
126	27	100
126	28	70
126	29	100
126	30	80
126	31	40
126	32	80
126	33	70
126	34	50
126	35	90
126	36	50
126	37	70
126	38	70
126	39	90
126	40	20
127	1	70
127	2	80
127	3	70
127	4	80
127	5	90
127	6	70
127	7	70
127	8	0
127	9	70
127	10	20
127	11	70
127	12	40
127	13	90
127	14	70
127	15	20
127	16	90
127	17	70
127	18	80
127	19	60
127	20	0
127	21	50
127	22	90
127	23	90
127	24	0
127	25	20
127	26	20
127	27	30
127	28	20
127	29	90
127	30	80
127	31	70
127	32	50
127	33	70
127	34	90
127	35	0
127	36	70
127	37	90
127	38	70
127	39	70
127	40	70
128	1	50
128	2	0
128	3	0
128	4	70
128	5	50
128	6	50
128	7	50
128	8	70
128	9	50
128	10	50
128	11	70
128	12	50
128	13	0
128	14	50
128	15	50
128	16	50
128	17	50
128	18	50
128	19	70
128	20	70
128	21	70
128	22	50
128	23	50
128	24	70
128	25	50
128	26	50
128	27	70
128	28	50
128	29	50
128	30	50
128	31	20
128	32	70
128	33	50
128	34	50
128	35	70
128	36	50
128	37	50
128	38	50
128	39	50
128	40	0
129	1	70
129	2	100
129	3	90
129	4	80
129	5	120
129	6	90
129	7	120
129	8	20
129	9	80
129	10	30
129	11	50
129	12	20
129	13	100
129	14	90
129	15	40
129	16	70
129	17	100
129	18	80
129	19	60
129	20	10
129	21	70
129	22	100
129	23	70
129	24	0
129	25	50
129	26	20
129	27	30
129	28	20
129	29	100
129	30	100
129	31	80
129	32	60
129	33	100
129	34	80
129	35	30
129	36	80
129	37	80
129	38	100
129	39	80
129	40	70
130	1	50
130	2	40
130	3	40
130	4	110
130	5	110
130	6	50
130	7	70
130	8	70
130	9	50
130	10	50
130	11	90
130	12	90
130	13	60
130	14	70
130	15	90
130	16	70
130	17	70
130	18	50
130	19	70
130	20	70
130	21	90
130	22	110
130	23	90
130	24	70
130	25	90
130	26	50
130	27	90
130	28	50
130	29	90
130	30	70
130	31	60
130	32	70
130	33	50
130	34	90
130	35	90
130	36	70
130	37	90
130	38	70
130	39	50
130	40	20
131	1	70
131	2	0
131	3	40
131	4	70
131	5	70
131	6	90
131	7	90
131	8	90
131	9	90
131	10	50
131	11	90
131	12	50
131	13	20
131	14	50
131	15	70
131	16	70
131	17	70
131	18	70
131	19	50
131	20	70
131	21	70
131	22	50
131	23	90
131	24	50
131	25	70
131	26	90
131	27	90
131	28	70
131	29	70
131	30	70
131	31	20
131	32	70
131	33	70
131	34	50
131	35	70
131	36	50
131	37	70
131	38	50
131	39	90
131	40	20
132	1	50
132	2	70
132	3	110
132	4	90
132	5	90
132	6	90
132	7	110
132	8	40
132	9	70
132	10	0
132	11	90
132	12	0
132	13	90
132	14	70
132	15	40
132	16	50
132	17	70
132	18	70
132	19	50
132	20	20
132	21	110
132	22	70
132	23	90
132	24	0
132	25	40
132	26	20
132	27	40
132	28	20
132	29	90
132	30	70
132	31	90
132	32	70
132	33	70
132	34	50
132	35	40
132	36	50
132	37	70
132	38	70
132	39	70
132	40	70
133	1	50
133	2	50
133	3	80
133	4	140
133	5	110
133	6	70
133	7	90
133	8	90
133	9	70
133	10	50
133	11	130
133	12	90
133	13	80
133	14	70
133	15	110
133	16	70
133	17	70
133	18	80
133	19	80
133	20	90
133	21	110
133	22	110
133	23	130
133	24	70
133	25	110
133	26	70
133	27	120
133	28	70
133	29	110
133	30	80
133	31	80
133	32	90
133	33	50
133	34	90
133	35	110
133	36	70
133	37	110
133	38	70
133	39	70
133	40	40
134	1	50
134	2	70
134	3	90
134	4	110
134	5	110
134	6	70
134	7	90
134	8	40
134	9	70
134	10	0
134	11	110
134	12	20
134	13	110
134	14	70
134	15	40
134	16	70
134	17	70
134	18	50
134	19	70
134	20	40
134	21	70
134	22	90
134	23	90
134	24	20
134	25	20
134	26	0
134	27	60
134	28	20
134	29	110
134	30	70
134	31	110
134	32	90
134	33	70
134	34	70
134	35	40
134	36	50
134	37	90
134	38	70
134	39	50
134	40	50
135	1	70
135	2	0
135	3	0
135	4	50
135	5	50
135	6	50
135	7	50
135	8	50
135	9	70
135	10	50
135	11	50
135	12	50
135	13	0
135	14	50
135	15	50
135	16	70
135	17	50
135	18	50
135	19	50
135	20	50
135	21	50
135	22	50
135	23	50
135	24	50
135	25	50
135	26	70
135	27	50
135	28	50
135	29	50
135	30	50
135	31	0
135	32	50
135	33	50
135	34	50
135	35	50
135	36	50
135	37	50
135	38	50
135	39	70
135	40	0
136	1	70
136	2	30
136	3	40
136	4	100
136	5	100
136	6	90
136	7	120
136	8	90
136	9	80
136	10	60
136	11	70
136	12	50
136	13	30
136	14	70
136	15	70
136	16	70
136	17	80
136	18	80
136	19	60
136	20	60
136	21	90
136	22	80
136	23	70
136	24	50
136	25	100
136	26	90
136	27	100
136	28	50
136	29	80
136	30	80
136	31	50
136	32	60
136	33	80
136	34	60
136	35	100
136	36	60
136	37	60
136	38	80
136	39	100
136	40	20
137	1	70
137	2	60
137	3	70
137	4	100
137	5	90
137	6	90
137	7	100
137	8	40
137	9	70
137	10	10
137	11	90
137	12	20
137	13	70
137	14	50
137	15	0
137	16	90
137	17	70
137	18	80
137	19	60
137	20	0
137	21	70
137	22	80
137	23	90
137	24	0
137	25	20
137	26	40
137	27	70
137	28	0
137	29	80
137	30	80
137	31	90
137	32	60
137	33	70
137	34	70
137	35	20
137	36	50
137	37	70
137	38	50
137	39	90
137	40	70
138	1	50
138	2	30
138	3	20
138	4	80
138	5	70
138	6	50
138	7	60
138	8	70
138	9	50
138	10	60
138	11	70
138	12	70
138	13	20
138	14	50
138	15	70
138	16	50
138	17	70
138	18	60
138	19	80
138	20	70
138	21	70
138	22	80
138	23	70
138	24	70
138	25	70
138	26	50
138	27	80
138	28	50
138	29	60
138	30	80
138	31	20
138	32	80
138	33	50
138	34	70
138	35	70
138	36	70
138	37	70
138	38	50
138	39	50
138	40	20
139	1	70
139	2	50
139	3	40
139	4	120
139	5	140
139	6	70
139	7	100
139	8	90
139	9	80
139	10	60
139	11	90
139	12	90
139	13	70
139	14	70
139	15	90
139	16	90
139	17	100
139	18	60
139	19	80
139	20	80
139	21	70
139	22	120
139	23	90
139	24	70
139	25	100
139	26	70
139	27	120
139	28	50
139	29	100
139	30	100
139	31	70
139	32	80
139	33	80
139	34	100
139	35	100
139	36	80
139	37	100
139	38	80
139	39	80
139	40	20
140	1	50
140	2	0
140	3	40
140	4	70
140	5	50
140	6	70
140	7	70
140	8	70
140	9	70
140	10	50
140	11	90
140	12	50
140	13	20
140	14	50
140	15	70
140	16	50
140	17	50
140	18	70
140	19	50
140	20	70
140	21	90
140	22	50
140	23	90
140	24	50
140	25	70
140	26	70
140	27	70
140	28	70
140	29	70
140	30	50
140	31	20
140	32	70
140	33	50
140	34	50
140	35	70
140	36	50
140	37	70
140	38	50
140	39	70
140	40	20
141	1	70
141	2	80
141	3	70
141	4	100
141	5	110
141	6	70
141	7	100
141	8	20
141	9	70
141	10	10
141	11	70
141	12	20
141	13	90
141	14	70
141	15	20
141	16	90
141	17	70
141	18	60
141	19	60
141	20	0
141	21	70
141	22	100
141	23	70
141	24	0
141	25	20
141	26	20
141	27	50
141	28	0
141	29	100
141	30	80
141	31	90
141	32	60
141	33	70
141	34	70
141	35	20
141	36	50
141	37	70
141	38	70
141	39	70
141	40	50
142	1	50
142	2	30
142	3	20
142	4	100
142	5	100
142	6	70
142	7	100
142	8	90
142	9	60
142	10	60
142	11	70
142	12	50
142	13	30
142	14	70
142	15	70
142	16	50
142	17	80
142	18	60
142	19	80
142	20	80
142	21	70
142	22	80
142	23	50
142	24	70
142	25	80
142	26	50
142	27	100
142	28	50
142	29	80
142	30	80
142	31	50
142	32	80
142	33	80
142	34	60
142	35	100
142	36	60
142	37	60
142	38	80
142	39	60
142	40	0
143	1	50
143	2	100
143	3	110
143	4	140
143	5	130
143	6	90
143	7	120
143	8	60
143	9	50
143	10	10
143	11	110
143	12	40
143	13	110
143	14	70
143	15	40
143	16	70
143	17	90
143	18	80
143	19	80
143	20	20
143	21	110
143	22	120
143	23	110
143	24	20
143	25	60
143	26	20
143	27	90
143	28	0
143	29	100
143	30	100
143	31	130
143	32	80
143	33	70
143	34	90
143	35	60
143	36	70
143	37	90
143	38	70
143	39	70
143	40	90
144	1	50
144	2	30
144	3	40
144	4	100
144	5	70
144	6	50
144	7	80
144	8	70
144	9	70
144	10	60
144	11	90
144	12	50
144	13	40
144	14	70
144	15	90
144	16	50
144	17	50
144	18	60
144	19	80
144	20	90
144	21	70
144	22	80
144	23	70
144	24	70
144	25	70
144	26	50
144	27	80
144	28	70
144	29	100
144	30	60
144	31	40
144	32	100
144	33	50
144	34	50
144	35	90
144	36	50
144	37	70
144	38	70
144	39	50
144	40	0
145	1	50
145	2	60
145	3	70
145	4	120
145	5	90
145	6	90
145	7	90
145	8	60
145	9	50
145	10	0
145	11	110
145	12	20
145	13	70
145	14	50
145	15	0
145	16	70
145	17	70
145	18	80
145	19	80
145	20	20
145	21	70
145	22	70
145	23	90
145	24	20
145	25	20
145	26	20
145	27	90
145	28	0
145	29	70
145	30	80
145	31	110
145	32	70
145	33	70
145	34	70
145	35	40
145	36	50
145	37	70
145	38	50
145	39	70
145	40	70
146	1	70
146	2	100
146	3	130
146	4	120
146	5	110
146	6	90
146	7	120
146	8	20
146	9	90
146	10	30
146	11	110
146	12	40
146	13	130
146	14	90
146	15	60
146	16	90
146	17	70
146	18	100
146	19	60
146	20	20
146	21	90
146	22	120
146	23	130
146	24	0
146	25	60
146	26	40
146	27	50
146	28	40
146	29	140
146	30	80
146	31	110
146	32	80
146	33	70
146	34	90
146	35	40
146	36	70
146	37	110
146	38	90
146	39	90
146	40	90
147	1	50
147	2	80
147	3	90
147	4	140
147	5	90
147	6	70
147	7	90
147	8	40
147	9	50
147	10	0
147	11	110
147	12	20
147	13	90
147	14	70
147	15	20
147	16	70
147	17	50
147	18	80
147	19	80
147	20	20
147	21	90
147	22	90
147	23	90
147	24	20
147	25	40
147	26	20
147	27	70
147	28	0
147	29	90
147	30	60
147	31	130
147	32	70
147	33	50
147	34	70
147	35	60
147	36	50
147	37	70
147	38	70
147	39	70
147	40	70
148	1	70
148	2	30
148	3	40
148	4	100
148	5	120
148	6	70
148	7	100
148	8	70
148	9	100
148	10	60
148	11	90
148	12	70
148	13	70
148	14	70
148	15	90
148	16	90
148	17	80
148	18	60
148	19	60
148	20	80
148	21	70
148	22	100
148	23	90
148	24	50
148	25	80
148	26	70
148	27	100
148	28	70
148	29	120
148	30	80
148	31	50
148	32	80
148	33	80
148	34	80
148	35	80
148	36	60
148	37	100
148	38	80
148	39	80
148	40	0
149	1	70
149	2	100
149	3	130
149	4	120
149	5	120
149	6	90
149	7	120
149	8	60
149	9	100
149	10	10
149	11	110
149	12	20
149	13	120
149	14	70
149	15	60
149	16	70
149	17	100
149	18	80
149	19	80
149	20	50
149	21	90
149	22	100
149	23	110
149	24	20
149	25	70
149	26	40
149	27	70
149	28	20
149	29	100
149	30	100
149	31	120
149	32	100
149	33	80
149	34	80
149	35	70
149	36	80
149	37	100
149	38	80
149	39	100
149	40	90
150	1	50
150	2	40
150	3	40
150	4	110
150	5	110
150	6	50
150	7	70
150	8	70
150	9	50
150	10	50
150	11	90
150	12	90
150	13	60
150	14	70
150	15	90
150	16	70
150	17	70
150	18	50
150	19	70
150	20	70
150	21	90
150	22	110
150	23	90
150	24	70
150	25	90
150	26	50
150	27	90
150	28	50
150	29	90
150	30	70
150	31	60
150	32	70
150	33	50
150	34	90
150	35	90
150	36	70
150	37	90
150	38	70
150	39	50
150	40	20
151	1	70
151	2	70
151	3	90
151	4	90
151	5	70
151	6	70
151	7	90
151	8	20
151	9	70
151	10	0
151	11	70
151	12	0
151	13	70
151	14	70
151	15	20
151	16	70
151	17	50
151	18	70
151	19	50
151	20	0
151	21	90
151	22	70
151	23	70
151	24	0
151	25	40
151	26	40
151	27	20
151	28	0
151	29	70
151	30	50
151	31	90
151	32	50
151	33	50
151	34	50
151	35	40
151	36	50
151	37	50
151	38	70
151	39	90
151	40	70
152	1	50
152	2	30
152	3	40
152	4	100
152	5	100
152	6	50
152	7	80
152	8	50
152	9	80
152	10	60
152	11	90
152	12	70
152	13	70
152	14	70
152	15	90
152	16	70
152	17	60
152	18	60
152	19	60
152	20	80
152	21	90
152	22	100
152	23	90
152	24	50
152	25	80
152	26	50
152	27	80
152	28	70
152	29	120
152	30	60
152	31	50
152	32	80
152	33	60
152	34	80
152	35	80
152	36	60
152	37	100
152	38	80
152	39	60
152	40	0
153	1	70
153	2	20
153	3	60
153	4	90
153	5	90
153	6	90
153	7	110
153	8	90
153	9	90
153	10	50
153	11	90
153	12	50
153	13	40
153	14	70
153	15	90
153	16	70
153	17	70
153	18	70
153	19	50
153	20	70
153	21	90
153	22	70
153	23	90
153	24	50
153	25	90
153	26	90
153	27	90
153	28	70
153	29	90
153	30	70
153	31	40
153	32	70
153	33	70
153	34	50
153	35	90
153	36	50
153	37	70
153	38	70
153	39	90
153	40	20
154	1	70
154	2	100
154	3	130
154	4	120
154	5	130
154	6	110
154	7	130
154	8	40
154	9	90
154	10	20
154	11	110
154	12	40
154	13	130
154	14	90
154	15	60
154	16	90
154	17	90
154	18	100
154	19	60
154	20	20
154	21	90
154	22	110
154	23	130
154	24	0
154	25	60
154	26	40
154	27	70
154	28	40
154	29	130
154	30	100
154	31	110
154	32	70
154	33	90
154	34	90
154	35	40
154	36	70
154	37	110
154	38	90
154	39	90
154	40	90
155	1	70
155	2	80
155	3	110
155	4	120
155	5	90
155	6	70
155	7	70
155	8	40
155	9	90
155	10	0
155	11	130
155	12	40
155	13	110
155	14	50
155	15	40
155	16	90
155	17	70
155	18	80
155	19	80
155	20	40
155	21	70
155	22	90
155	23	130
155	24	20
155	25	40
155	26	40
155	27	70
155	28	20
155	29	90
155	30	80
155	31	110
155	32	90
155	33	50
155	34	90
155	35	40
155	36	70
155	37	110
155	38	50
155	39	90
155	40	90
156	1	70
156	2	30
156	3	40
156	4	100
156	5	90
156	6	90
156	7	90
156	8	70
156	9	70
156	10	70
156	11	90
156	12	90
156	13	40
156	14	70
156	15	70
156	16	90
156	17	70
156	18	100
156	19	60
156	20	50
156	21	70
156	22	90
156	23	110
156	24	50
156	25	90
156	26	90
156	27	100
156	28	70
156	29	90
156	30	80
156	31	40
156	32	50
156	33	70
156	34	90
156	35	70
156	36	70
156	37	90
156	38	70
156	39	90
156	40	40
157	1	50
157	2	50
157	3	90
157	4	110
157	5	90
157	6	90
157	7	90
157	8	60
157	9	70
157	10	0
157	11	130
157	12	20
157	13	90
157	14	50
157	15	20
157	16	70
157	17	70
157	18	70
157	19	70
157	20	40
157	21	70
157	22	70
157	23	110
157	24	20
157	25	20
157	26	20
157	27	80
157	28	20
157	29	90
157	30	70
157	31	110
157	32	90
157	33	70
157	34	70
157	35	40
157	36	50
157	37	90
157	38	50
157	39	70
157	40	70
158	1	50
158	2	100
158	3	110
158	4	120
158	5	110
158	6	50
158	7	70
158	8	20
158	9	70
158	10	0
158	11	110
158	12	40
158	13	130
158	14	70
158	15	60
158	16	70
158	17	70
158	18	60
158	19	80
158	20	40
158	21	90
158	22	110
158	23	110
158	24	20
158	25	40
158	26	0
158	27	50
158	28	20
158	29	110
158	30	80
158	31	110
158	32	90
158	33	50
158	34	90
158	35	40
158	36	70
158	37	110
158	38	70
158	39	50
158	40	70
159	1	70
159	2	70
159	3	90
159	4	90
159	5	90
159	6	50
159	7	50
159	8	20
159	9	90
159	10	0
159	11	110
159	12	40
159	13	110
159	14	50
159	15	40
159	16	90
159	17	70
159	18	50
159	19	70
159	20	40
159	21	50
159	22	90
159	23	110
159	24	20
159	25	20
159	26	20
159	27	40
159	28	20
159	29	90
159	30	70
159	31	90
159	32	90
159	33	50
159	34	90
159	35	20
159	36	70
159	37	110
159	38	50
159	39	70
159	40	70
160	1	70
160	2	30
160	3	60
160	4	100
160	5	90
160	6	90
160	7	120
160	8	90
160	9	90
160	10	60
160	11	90
160	12	50
160	13	40
160	14	70
160	15	90
160	16	70
160	17	70
160	18	80
160	19	60
160	20	70
160	21	90
160	22	80
160	23	90
160	24	50
160	25	90
160	26	90
160	27	100
160	28	70
160	29	100
160	30	80
160	31	40
160	32	80
160	33	70
160	34	50
160	35	90
160	36	50
160	37	70
160	38	70
160	39	90
160	40	20
161	1	70
161	2	10
161	3	0
161	4	80
161	5	70
161	6	50
161	7	60
161	8	50
161	9	70
161	10	60
161	11	70
161	12	70
161	13	20
161	14	50
161	15	50
161	16	90
161	17	50
161	18	60
161	19	60
161	20	50
161	21	50
161	22	80
161	23	70
161	24	50
161	25	50
161	26	70
161	27	80
161	28	50
161	29	80
161	30	60
161	31	20
161	32	60
161	33	50
161	34	70
161	35	50
161	36	50
161	37	70
161	38	50
161	39	70
161	40	0
162	1	70
162	2	100
162	3	130
162	4	120
162	5	120
162	6	90
162	7	120
162	8	20
162	9	100
162	10	30
162	11	110
162	12	40
162	13	140
162	14	90
162	15	60
162	16	90
162	17	80
162	18	100
162	19	60
162	20	30
162	21	90
162	22	120
162	23	130
162	24	0
162	25	70
162	26	40
162	27	50
162	28	40
162	29	140
162	30	80
162	31	120
162	32	80
162	33	80
162	34	100
162	35	50
162	36	80
162	37	120
162	38	100
162	39	100
162	40	90
163	1	70
163	2	30
163	3	60
163	4	100
163	5	70
163	6	70
163	7	100
163	8	70
163	9	90
163	10	60
163	11	90
163	12	50
163	13	40
163	14	70
163	15	90
163	16	70
163	17	50
163	18	80
163	19	60
163	20	70
163	21	90
163	22	80
163	23	90
163	24	50
163	25	90
163	26	90
163	27	80
163	28	70
163	29	100
163	30	60
163	31	40
163	32	80
163	33	50
163	34	50
163	35	90
163	36	50
163	37	70
163	38	70
163	39	90
163	40	20
164	1	70
164	2	70
164	3	110
164	4	90
164	5	70
164	6	70
164	7	90
164	8	20
164	9	90
164	10	0
164	11	90
164	12	0
164	13	90
164	14	70
164	15	40
164	16	70
164	17	50
164	18	70
164	19	50
164	20	20
164	21	90
164	22	70
164	23	90
164	24	0
164	25	40
164	26	40
164	27	20
164	28	20
164	29	90
164	30	50
164	31	90
164	32	70
164	33	50
164	34	50
164	35	40
164	36	50
164	37	70
164	38	70
164	39	90
164	40	70
165	1	70
165	2	80
165	3	90
165	4	120
165	5	110
165	6	90
165	7	120
165	8	40
165	9	70
165	10	10
165	11	90
165	12	20
165	13	90
165	14	70
165	15	20
165	16	90
165	17	70
165	18	80
165	19	60
165	20	0
165	21	90
165	22	100
165	23	90
165	24	0
165	25	40
165	26	40
165	27	70
165	28	0
165	29	100
165	30	80
165	31	110
165	32	60
165	33	70
165	34	70
165	35	40
165	36	50
165	37	70
165	38	70
165	39	90
165	40	70
166	1	70
166	2	80
166	3	90
166	4	100
166	5	110
166	6	110
166	7	120
166	8	40
166	9	70
166	10	30
166	11	90
166	12	40
166	13	90
166	14	70
166	15	20
166	16	90
166	17	90
166	18	100
166	19	60
166	20	0
166	21	70
166	22	100
166	23	110
166	24	0
166	25	40
166	26	40
166	27	70
166	28	20
166	29	100
166	30	100
166	31	90
166	32	60
166	33	90
166	34	90
166	35	20
166	36	70
166	37	90
166	38	70
166	39	90
166	40	90
167	1	50
167	2	10
167	3	20
167	4	80
167	5	70
167	6	70
167	7	80
167	8	90
167	9	70
167	10	60
167	11	90
167	12	50
167	13	20
167	14	50
167	15	70
167	16	50
167	17	70
167	18	60
167	19	80
167	20	90
167	21	50
167	22	60
167	23	70
167	24	70
167	25	50
167	26	50
167	27	100
167	28	70
167	29	80
167	30	80
167	31	20
167	32	100
167	33	70
167	34	50
167	35	70
167	36	50
167	37	70
167	38	50
167	39	50
167	40	0
168	1	70
168	2	30
168	3	40
168	4	100
168	5	110
168	6	70
168	7	80
168	8	90
168	9	90
168	10	60
168	11	110
168	12	90
168	13	60
168	14	50
168	15	90
168	16	90
168	17	90
168	18	60
168	19	80
168	20	90
168	21	50
168	22	100
168	23	110
168	24	70
168	25	70
168	26	70
168	27	120
168	28	70
168	29	100
168	30	100
168	31	40
168	32	100
168	33	70
168	34	90
168	35	70
168	36	70
168	37	110
168	38	50
168	39	70
168	40	20
169	1	50
169	2	100
169	3	110
169	4	100
169	5	110
169	6	70
169	7	100
169	8	40
169	9	70
169	10	10
169	11	90
169	12	20
169	13	110
169	14	70
169	15	60
169	16	50
169	17	90
169	18	60
169	19	80
169	20	40
169	21	90
169	22	100
169	23	90
169	24	20
169	25	40
169	26	0
169	27	50
169	28	20
169	29	100
169	30	100
169	31	90
169	32	100
169	33	70
169	34	70
169	35	40
169	36	70
169	37	90
169	38	70
169	39	50
169	40	70
170	1	70
170	2	10
170	3	20
170	4	60
170	5	50
170	6	50
170	7	60
170	8	50
170	9	90
170	10	60
170	11	70
170	12	50
170	13	20
170	14	50
170	15	70
170	16	70
170	17	50
170	18	60
170	19	60
170	20	70
170	21	50
170	22	60
170	23	70
170	24	50
170	25	50
170	26	70
170	27	60
170	28	70
170	29	80
170	30	60
170	31	0
170	32	80
170	33	50
170	34	50
170	35	50
170	36	50
170	37	70
170	38	50
170	39	70
170	40	0
171	1	70
171	2	10
171	3	20
171	4	80
171	5	60
171	6	70
171	7	80
171	8	70
171	9	80
171	10	60
171	11	70
171	12	50
171	13	10
171	14	50
171	15	50
171	16	70
171	17	60
171	18	80
171	19	60
171	20	60
171	21	70
171	22	60
171	23	70
171	24	50
171	25	80
171	26	90
171	27	80
171	28	50
171	29	60
171	30	60
171	31	30
171	32	60
171	33	60
171	34	60
171	35	80
171	36	60
171	37	60
171	38	60
171	39	100
171	40	20
172	1	50
172	2	80
172	3	110
172	4	100
172	5	90
172	6	90
172	7	90
172	8	60
172	9	70
172	10	0
172	11	110
172	12	20
172	13	90
172	14	50
172	15	40
172	16	50
172	17	90
172	18	80
172	19	80
172	20	40
172	21	90
172	22	70
172	23	110
172	24	20
172	25	40
172	26	20
172	27	70
172	28	20
172	29	70
172	30	100
172	31	90
172	32	90
172	33	70
172	34	70
172	35	40
172	36	70
172	37	90
172	38	50
172	39	70
172	40	90
173	1	70
173	2	10
173	3	0
173	4	80
173	5	80
173	6	50
173	7	60
173	8	50
173	9	80
173	10	60
173	11	70
173	12	70
173	13	30
173	14	50
173	15	50
173	16	90
173	17	60
173	18	60
173	19	60
173	20	60
173	21	50
173	22	80
173	23	70
173	24	50
173	25	60
173	26	70
173	27	80
173	28	50
173	29	80
173	30	60
173	31	30
173	32	60
173	33	60
173	34	80
173	35	60
173	36	60
173	37	80
173	38	60
173	39	80
173	40	0
174	1	70
174	2	80
174	3	70
174	4	80
174	5	100
174	6	70
174	7	80
174	8	0
174	9	80
174	10	30
174	11	70
174	12	40
174	13	100
174	14	70
174	15	20
174	16	90
174	17	80
174	18	80
174	19	60
174	20	10
174	21	50
174	22	100
174	23	90
174	24	0
174	25	30
174	26	20
174	27	30
174	28	20
174	29	100
174	30	80
174	31	80
174	32	60
174	33	80
174	34	100
174	35	10
174	36	80
174	37	100
174	38	80
174	39	80
174	40	70
175	1	70
175	2	30
175	3	40
175	4	100
175	5	100
175	6	50
175	7	80
175	8	50
175	9	100
175	10	60
175	11	90
175	12	70
175	13	70
175	14	70
175	15	90
175	16	90
175	17	60
175	18	60
175	19	60
175	20	80
175	21	70
175	22	100
175	23	90
175	24	50
175	25	80
175	26	70
175	27	80
175	28	70
175	29	120
175	30	60
175	31	50
175	32	80
175	33	60
175	34	80
175	35	80
175	36	60
175	37	100
175	38	80
175	39	80
175	40	0
176	1	70
176	2	100
176	3	130
176	4	120
176	5	110
176	6	90
176	7	110
176	8	60
176	9	90
176	10	0
176	11	110
176	12	20
176	13	110
176	14	70
176	15	60
176	16	70
176	17	90
176	18	80
176	19	80
176	20	40
176	21	90
176	22	90
176	23	110
176	24	20
176	25	60
176	26	40
176	27	70
176	28	20
176	29	90
176	30	100
176	31	110
176	32	90
176	33	70
176	34	70
176	35	60
176	36	70
176	37	90
176	38	70
176	39	90
176	40	90
177	1	70
177	2	40
177	3	40
177	4	90
177	5	110
177	6	70
177	7	90
177	8	50
177	9	70
177	10	70
177	11	70
177	12	90
177	13	60
177	14	90
177	15	90
177	16	90
177	17	70
177	18	70
177	19	50
177	20	50
177	21	70
177	22	110
177	23	90
177	24	50
177	25	90
177	26	70
177	27	70
177	28	70
177	29	110
177	30	70
177	31	40
177	32	50
177	33	70
177	34	90
177	35	70
177	36	70
177	37	90
177	38	90
177	39	70
177	40	20
178	1	70
178	2	50
178	3	70
178	4	70
178	5	50
178	6	70
178	7	70
178	8	20
178	9	70
178	10	0
178	11	70
178	12	0
178	13	50
178	14	50
178	15	0
178	16	70
178	17	50
178	18	70
178	19	50
178	20	0
178	21	70
178	22	50
178	23	70
178	24	0
178	25	20
178	26	40
178	27	20
178	28	0
178	29	50
178	30	50
178	31	70
178	32	50
178	33	50
178	34	50
178	35	20
178	36	50
178	37	50
178	38	50
178	39	90
178	40	70
179	1	70
179	2	80
179	3	70
179	4	100
179	5	90
179	6	50
179	7	70
179	8	0
179	9	70
179	10	0
179	11	70
179	12	20
179	13	90
179	14	70
179	15	20
179	16	90
179	17	50
179	18	60
179	19	60
179	20	0
179	21	70
179	22	90
179	23	70
179	24	0
179	25	20
179	26	20
179	27	30
179	28	0
179	29	90
179	30	60
179	31	90
179	32	50
179	33	50
179	34	70
179	35	20
179	36	50
179	37	70
179	38	70
179	39	70
179	40	50
180	1	70
180	2	30
180	3	40
180	4	80
180	5	70
180	6	50
180	7	70
180	8	50
180	9	90
180	10	50
180	11	70
180	12	50
180	13	40
180	14	70
180	15	90
180	16	70
180	17	50
180	18	60
180	19	60
180	20	70
180	21	70
180	22	70
180	23	70
180	24	50
180	25	70
180	26	70
180	27	60
180	28	70
180	29	90
180	30	60
180	31	20
180	32	70
180	33	50
180	34	50
180	35	70
180	36	50
180	37	70
180	38	70
180	39	70
180	40	0
181	1	70
181	2	10
181	3	40
181	4	100
181	5	80
181	6	70
181	7	80
181	8	70
181	9	100
181	10	60
181	11	110
181	12	70
181	13	50
181	14	50
181	15	70
181	16	90
181	17	60
181	18	80
181	19	60
181	20	80
181	21	70
181	22	80
181	23	110
181	24	50
181	25	80
181	26	90
181	27	100
181	28	70
181	29	100
181	30	60
181	31	50
181	32	80
181	33	60
181	34	80
181	35	80
181	36	60
181	37	100
181	38	60
181	39	100
181	40	20
182	1	50
182	2	80
182	3	90
182	4	120
182	5	120
182	6	70
182	7	100
182	8	40
182	9	80
182	10	10
182	11	110
182	12	20
182	13	120
182	14	70
182	15	40
182	16	70
182	17	80
182	18	60
182	19	80
182	20	50
182	21	90
182	22	100
182	23	90
182	24	20
182	25	30
182	26	0
182	27	70
182	28	20
182	29	120
182	30	80
182	31	120
182	32	100
182	33	80
182	34	80
182	35	50
182	36	60
182	37	100
182	38	80
182	39	60
182	40	50
183	1	70
183	2	50
183	3	60
183	4	140
183	5	130
183	6	90
183	7	120
183	8	110
183	9	70
183	10	60
183	11	110
183	12	90
183	13	60
183	14	70
183	15	90
183	16	90
183	17	90
183	18	80
183	19	80
183	20	70
183	21	90
183	22	120
183	23	110
183	24	70
183	25	110
183	26	90
183	27	140
183	28	50
183	29	100
183	30	100
183	31	80
183	32	80
183	33	70
183	34	90
183	35	110
183	36	70
183	37	90
183	38	70
183	39	90
183	40	40
184	1	70
184	2	50
184	3	70
184	4	70
184	5	70
184	6	50
184	7	50
184	8	0
184	9	90
184	10	0
184	11	90
184	12	20
184	13	90
184	14	50
184	15	20
184	16	90
184	17	50
184	18	50
184	19	50
184	20	20
184	21	50
184	22	70
184	23	90
184	24	0
184	25	0
184	26	20
184	27	20
184	28	20
184	29	90
184	30	50
184	31	70
184	32	70
184	33	50
184	34	70
184	35	0
184	36	50
184	37	90
184	38	50
184	39	70
184	40	50
185	1	70
185	2	10
185	3	40
185	4	100
185	5	100
185	6	90
185	7	100
185	8	90
185	9	100
185	10	60
185	11	110
185	12	70
185	13	50
185	14	50
185	15	70
185	16	90
185	17	80
185	18	80
185	19	60
185	20	80
185	21	70
185	22	80
185	23	110
185	24	50
185	25	80
185	26	90
185	27	120
185	28	70
185	29	100
185	30	80
185	31	50
185	32	80
185	33	80
185	34	80
185	35	80
185	36	60
185	37	100
185	38	60
185	39	100
185	40	20
186	1	70
186	2	20
186	3	40
186	4	90
186	5	110
186	6	70
186	7	90
186	8	70
186	9	90
186	10	50
186	11	90
186	12	70
186	13	60
186	14	70
186	15	90
186	16	90
186	17	70
186	18	50
186	19	50
186	20	70
186	21	70
186	22	90
186	23	90
186	24	50
186	25	70
186	26	70
186	27	90
186	28	70
186	29	110
186	30	70
186	31	40
186	32	70
186	33	70
186	34	70
186	35	70
186	36	50
186	37	90
186	38	70
186	39	70
186	40	0
187	1	70
187	2	80
187	3	90
187	4	80
187	5	70
187	6	50
187	7	80
187	8	0
187	9	90
187	10	10
187	11	70
187	12	0
187	13	90
187	14	70
187	15	40
187	16	70
187	17	50
187	18	60
187	19	60
187	20	20
187	21	70
187	22	80
187	23	70
187	24	0
187	25	20
187	26	20
187	27	10
187	28	20
187	29	100
187	30	60
187	31	70
187	32	80
187	33	50
187	34	50
187	35	20
187	36	50
187	37	70
187	38	70
187	39	70
187	40	50
188	1	50
188	2	60
188	3	90
188	4	80
188	5	70
188	6	90
188	7	100
188	8	40
188	9	70
188	10	10
188	11	90
188	12	0
188	13	70
188	14	50
188	15	20
188	16	50
188	17	70
188	18	80
188	19	60
188	20	20
188	21	90
188	22	60
188	23	90
188	24	0
188	25	20
188	26	20
188	27	50
188	28	20
188	29	80
188	30	80
188	31	70
188	32	80
188	33	70
188	34	50
188	35	20
188	36	50
188	37	70
188	38	50
188	39	70
188	40	70
189	1	70
189	2	20
189	3	40
189	4	70
189	5	110
189	6	90
189	7	90
189	8	70
189	9	90
189	10	70
189	11	90
189	12	90
189	13	60
189	14	70
189	15	90
189	16	90
189	17	90
189	18	70
189	19	50
189	20	70
189	21	50
189	22	90
189	23	110
189	24	50
189	25	70
189	26	70
189	27	90
189	28	90
189	29	110
189	30	90
189	31	20
189	32	70
189	33	90
189	34	90
189	35	50
189	36	70
189	37	110
189	38	70
189	39	70
189	40	20
190	1	70
190	2	80
190	3	110
190	4	100
190	5	70
190	6	70
190	7	100
190	8	20
190	9	90
190	10	10
190	11	90
190	12	0
190	13	90
190	14	70
190	15	40
190	16	70
190	17	50
190	18	80
190	19	60
190	20	20
190	21	90
190	22	80
190	23	90
190	24	0
190	25	40
190	26	40
190	27	30
190	28	20
190	29	100
190	30	60
190	31	90
190	32	80
190	33	50
190	34	50
190	35	40
190	36	50
190	37	70
190	38	70
190	39	90
190	40	70
191	1	50
191	2	80
191	3	90
191	4	140
191	5	120
191	6	90
191	7	120
191	8	60
191	9	60
191	10	10
191	11	110
191	12	20
191	13	100
191	14	70
191	15	20
191	16	70
191	17	80
191	18	80
191	19	80
191	20	30
191	21	90
191	22	100
191	23	90
191	24	20
191	25	50
191	26	20
191	27	90
191	28	0
191	29	100
191	30	80
191	31	140
191	32	80
191	33	80
191	34	80
191	35	70
191	36	60
191	37	80
191	38	80
191	39	80
191	40	70
192	1	70
192	2	20
192	3	60
192	4	90
192	5	70
192	6	70
192	7	90
192	8	70
192	9	90
192	10	50
192	11	90
192	12	50
192	13	40
192	14	70
192	15	90
192	16	70
192	17	50
192	18	70
192	19	50
192	20	70
192	21	90
192	22	70
192	23	90
192	24	50
192	25	90
192	26	90
192	27	70
192	28	70
192	29	90
192	30	50
192	31	40
192	32	70
192	33	50
192	34	50
192	35	90
192	36	50
192	37	70
192	38	70
192	39	90
192	40	20
193	1	50
193	2	50
193	3	70
193	4	50
193	5	50
193	6	50
193	7	50
193	8	0
193	9	70
193	10	0
193	11	70
193	12	0
193	13	70
193	14	50
193	15	20
193	16	50
193	17	50
193	18	50
193	19	50
193	20	20
193	21	70
193	22	50
193	23	70
193	24	0
193	25	0
193	26	0
193	27	0
193	28	20
193	29	70
193	30	50
193	31	50
193	32	70
193	33	50
193	34	50
193	35	0
193	36	50
193	37	70
193	38	50
193	39	50
193	40	50
194	1	70
194	2	10
194	3	40
194	4	80
194	5	80
194	6	90
194	7	100
194	8	90
194	9	100
194	10	60
194	11	90
194	12	50
194	13	30
194	14	50
194	15	70
194	16	70
194	17	80
194	18	80
194	19	60
194	20	80
194	21	70
194	22	60
194	23	90
194	24	50
194	25	80
194	26	90
194	27	100
194	28	70
194	29	80
194	30	80
194	31	30
194	32	80
194	33	80
194	34	60
194	35	80
194	36	60
194	37	80
194	38	60
194	39	100
194	40	20
195	1	50
195	2	80
195	3	110
195	4	120
195	5	100
195	6	70
195	7	100
195	8	20
195	9	80
195	10	10
195	11	110
195	12	20
195	13	120
195	14	70
195	15	40
195	16	70
195	17	60
195	18	80
195	19	60
195	20	30
195	21	110
195	22	100
195	23	110
195	24	0
195	25	50
195	26	20
195	27	50
195	28	20
195	29	120
195	30	60
195	31	120
195	32	80
195	33	60
195	34	80
195	35	50
195	36	60
195	37	100
195	38	80
195	39	80
195	40	70
196	1	70
196	2	30
196	3	20
196	4	100
196	5	110
196	6	70
196	7	90
196	8	70
196	9	70
196	10	50
196	11	70
196	12	70
196	13	40
196	14	70
196	15	70
196	16	90
196	17	70
196	18	60
196	19	60
196	20	50
196	21	70
196	22	90
196	23	70
196	24	50
196	25	70
196	26	70
196	27	100
196	28	50
196	29	90
196	30	80
196	31	40
196	32	50
196	33	70
196	34	70
196	35	70
196	36	50
196	37	70
196	38	70
196	39	70
196	40	0
197	1	50
197	2	80
197	3	90
197	4	100
197	5	120
197	6	70
197	7	100
197	8	20
197	9	80
197	10	10
197	11	90
197	12	20
197	13	120
197	14	70
197	15	40
197	16	70
197	17	80
197	18	60
197	19	60
197	20	30
197	21	90
197	22	100
197	23	90
197	24	0
197	25	30
197	26	0
197	27	50
197	28	20
197	29	120
197	30	80
197	31	100
197	32	80
197	33	80
197	34	80
197	35	30
197	36	60
197	37	100
197	38	80
197	39	60
197	40	50
198	1	70
198	2	30
198	3	20
198	4	100
198	5	90
198	6	50
198	7	80
198	8	50
198	9	70
198	10	60
198	11	70
198	12	70
198	13	40
198	14	70
198	15	70
198	16	90
198	17	50
198	18	60
198	19	60
198	20	50
198	21	70
198	22	100
198	23	70
198	24	50
198	25	70
198	26	70
198	27	80
198	28	50
198	29	100
198	30	60
198	31	40
198	32	60
198	33	50
198	34	70
198	35	70
198	36	50
198	37	70
198	38	70
198	39	70
198	40	0
199	1	50
199	2	30
199	3	20
199	4	80
199	5	70
199	6	50
199	7	50
199	8	70
199	9	50
199	10	50
199	11	70
199	12	70
199	13	20
199	14	50
199	15	70
199	16	50
199	17	70
199	18	60
199	19	80
199	20	70
199	21	70
199	22	70
199	23	70
199	24	70
199	25	70
199	26	50
199	27	80
199	28	50
199	29	50
199	30	80
199	31	20
199	32	70
199	33	50
199	34	70
199	35	70
199	36	70
199	37	70
199	38	50
199	39	50
199	40	20
200	1	50
200	2	80
200	3	90
200	4	140
200	5	110
200	6	90
200	7	120
200	8	60
200	9	50
200	10	10
200	11	110
200	12	20
200	13	90
200	14	70
200	15	20
200	16	70
200	17	70
200	18	80
200	19	80
200	20	20
200	21	90
200	22	100
200	23	90
200	24	20
200	25	40
200	26	20
200	27	90
200	28	0
200	29	100
200	30	80
200	31	130
200	32	80
200	33	70
200	34	70
200	35	60
200	36	50
200	37	70
200	38	70
200	39	70
200	40	70
201	1	50
201	2	80
201	3	70
201	4	100
201	5	80
201	6	50
201	7	80
201	8	20
201	9	60
201	10	10
201	11	70
201	12	0
201	13	80
201	14	70
201	15	20
201	16	50
201	17	60
201	18	60
201	19	80
201	20	30
201	21	90
201	22	80
201	23	50
201	24	20
201	25	30
201	26	0
201	27	30
201	28	0
201	29	80
201	30	60
201	31	100
201	32	80
201	33	60
201	34	60
201	35	50
201	36	60
201	37	60
201	38	80
201	39	60
201	40	50
202	1	50
202	2	30
202	3	40
202	4	120
202	5	120
202	6	70
202	7	100
202	8	90
202	9	80
202	10	60
202	11	110
202	12	70
202	13	70
202	14	70
202	15	90
202	16	70
202	17	80
202	18	60
202	19	80
202	20	100
202	21	90
202	22	100
202	23	90
202	24	70
202	25	80
202	26	50
202	27	120
202	28	70
202	29	120
202	30	80
202	31	70
202	32	100
202	33	80
202	34	80
202	35	100
202	36	60
202	37	100
202	38	80
202	39	60
202	40	0
203	1	70
203	2	90
203	3	110
203	4	130
203	5	130
203	6	90
203	7	110
203	8	60
203	9	70
203	10	0
203	11	110
203	12	40
203	13	110
203	14	70
203	15	40
203	16	90
203	17	90
203	18	70
203	19	70
203	20	20
203	21	90
203	22	110
203	23	110
203	24	20
203	25	60
203	26	40
203	27	80
203	28	0
203	29	90
203	30	90
203	31	130
203	32	70
203	33	70
203	34	90
203	35	60
203	36	70
203	37	90
203	38	70
203	39	90
203	40	90
204	1	50
204	2	30
204	3	40
204	4	120
204	5	100
204	6	50
204	7	80
204	8	70
204	9	80
204	10	60
204	11	110
204	12	70
204	13	70
204	14	70
204	15	90
204	16	70
204	17	60
204	18	60
204	19	80
204	20	100
204	21	90
204	22	100
204	23	90
204	24	70
204	25	80
204	26	50
204	27	100
204	28	70
204	29	120
204	30	60
204	31	70
204	32	100
204	33	60
204	34	80
204	35	100
204	36	60
204	37	100
204	38	80
204	39	60
204	40	0
205	1	70
205	2	50
205	3	40
205	4	120
205	5	110
205	6	50
205	7	80
205	8	70
205	9	70
205	10	60
205	11	90
205	12	90
205	13	60
205	14	70
205	15	90
205	16	90
205	17	70
205	18	60
205	19	80
205	20	70
205	21	70
205	22	120
205	23	90
205	24	70
205	25	90
205	26	70
205	27	100
205	28	50
205	29	100
205	30	80
205	31	60
205	32	80
205	33	50
205	34	90
205	35	90
205	36	70
205	37	90
205	38	70
205	39	70
205	40	20
206	1	70
206	2	80
206	3	110
206	4	100
206	5	80
206	6	70
206	7	100
206	8	20
206	9	100
206	10	10
206	11	90
206	12	0
206	13	100
206	14	70
206	15	40
206	16	70
206	17	60
206	18	80
206	19	60
206	20	30
206	21	90
206	22	80
206	23	90
206	24	0
206	25	50
206	26	40
206	27	30
206	28	20
206	29	100
206	30	60
206	31	100
206	32	80
206	33	60
206	34	60
206	35	50
206	36	60
206	37	80
206	38	80
206	39	100
206	40	70
207	1	50
207	2	80
207	3	90
207	4	100
207	5	90
207	6	70
207	7	100
207	8	40
207	9	70
207	10	10
207	11	90
207	12	0
207	13	90
207	14	70
207	15	40
207	16	50
207	17	70
207	18	60
207	19	80
207	20	40
207	21	70
207	22	80
207	23	70
207	24	20
207	25	20
207	26	0
207	27	50
207	28	20
207	29	100
207	30	80
207	31	90
207	32	100
207	33	70
207	34	50
207	35	40
207	36	50
207	37	70
207	38	70
207	39	50
207	40	50
208	1	70
208	2	10
208	3	20
208	4	60
208	5	80
208	6	70
208	7	80
208	8	70
208	9	100
208	10	60
208	11	70
208	12	50
208	13	30
208	14	50
208	15	70
208	16	70
208	17	80
208	18	60
208	19	60
208	20	80
208	21	50
208	22	60
208	23	70
208	24	50
208	25	60
208	26	70
208	27	80
208	28	70
208	29	80
208	30	80
208	31	10
208	32	80
208	33	80
208	34	60
208	35	60
208	36	60
208	37	80
208	38	60
208	39	80
208	40	0
209	1	50
209	2	10
209	3	40
209	4	120
209	5	70
209	6	70
209	7	70
209	8	90
209	9	70
209	10	50
209	11	130
209	12	70
209	13	40
209	14	50
209	15	70
209	16	70
209	17	50
209	18	80
209	19	80
209	20	90
209	21	90
209	22	70
209	23	110
209	24	70
209	25	70
209	26	70
209	27	120
209	28	70
209	29	90
209	30	60
209	31	60
209	32	90
209	33	50
209	34	70
209	35	90
209	36	50
209	37	90
209	38	50
209	39	70
209	40	20
210	1	70
210	2	60
210	3	90
210	4	100
210	5	70
210	6	70
210	7	70
210	8	20
210	9	90
210	10	0
210	11	110
210	12	20
210	13	90
210	14	50
210	15	20
210	16	90
210	17	50
210	18	80
210	19	60
210	20	20
210	21	70
210	22	70
210	23	110
210	24	0
210	25	20
210	26	40
210	27	50
210	28	20
210	29	90
210	30	60
210	31	90
210	32	70
210	33	50
210	34	70
210	35	20
210	36	50
210	37	90
210	38	50
210	39	90
210	40	70
211	1	50
211	2	10
211	3	0
211	4	60
211	5	60
211	6	50
211	7	60
211	8	50
211	9	60
211	10	60
211	11	50
211	12	50
211	13	10
211	14	50
211	15	50
211	16	50
211	17	60
211	18	60
211	19	60
211	20	60
211	21	70
211	22	60
211	23	50
211	24	50
211	25	60
211	26	50
211	27	60
211	28	50
211	29	60
211	30	60
211	31	10
211	32	60
211	33	60
211	34	60
211	35	60
211	36	60
211	37	60
211	38	60
211	39	60
211	40	0
212	1	70
212	2	70
212	3	90
212	4	50
212	5	90
212	6	90
212	7	90
212	8	20
212	9	90
212	10	20
212	11	70
212	12	20
212	13	90
212	14	70
212	15	40
212	16	70
212	17	90
212	18	70
212	19	50
212	20	20
212	21	50
212	22	70
212	23	90
212	24	0
212	25	20
212	26	20
212	27	20
212	28	40
212	29	90
212	30	90
212	31	50
212	32	70
212	33	90
212	34	70
212	35	0
212	36	70
212	37	90
212	38	70
212	39	70
212	40	70
213	1	50
213	2	20
213	3	40
213	4	110
213	5	110
213	6	90
213	7	110
213	8	90
213	9	50
213	10	50
213	11	90
213	12	70
213	13	40
213	14	70
213	15	70
213	16	70
213	17	70
213	18	70
213	19	50
213	20	50
213	21	110
213	22	90
213	23	90
213	24	50
213	25	90
213	26	70
213	27	110
213	28	50
213	29	90
213	30	70
213	31	60
213	32	50
213	33	70
213	34	70
213	35	90
213	36	50
213	37	70
213	38	70
213	39	70
213	40	20
214	1	70
214	2	30
214	3	60
214	4	120
214	5	90
214	6	70
214	7	100
214	8	70
214	9	90
214	10	60
214	11	110
214	12	70
214	13	60
214	14	70
214	15	90
214	16	90
214	17	50
214	18	80
214	19	60
214	20	70
214	21	90
214	22	100
214	23	110
214	24	50
214	25	90
214	26	90
214	27	100
214	28	70
214	29	120
214	30	60
214	31	60
214	32	80
214	33	50
214	34	70
214	35	90
214	36	50
214	37	90
214	38	70
214	39	90
214	40	20
215	1	70
215	2	80
215	3	90
215	4	80
215	5	100
215	6	70
215	7	100
215	8	20
215	9	100
215	10	10
215	11	70
215	12	0
215	13	100
215	14	70
215	15	40
215	16	70
215	17	80
215	18	60
215	19	60
215	20	30
215	21	70
215	22	80
215	23	70
215	24	0
215	25	30
215	26	20
215	27	30
215	28	20
215	29	100
215	30	80
215	31	80
215	32	80
215	33	80
215	34	60
215	35	30
215	36	60
215	37	80
215	38	80
215	39	80
215	40	50
216	1	70
216	2	80
216	3	90
216	4	60
216	5	100
216	6	90
216	7	100
216	8	20
216	9	100
216	10	30
216	11	70
216	12	20
216	13	100
216	14	70
216	15	40
216	16	70
216	17	100
216	18	80
216	19	60
216	20	30
216	21	50
216	22	80
216	23	90
216	24	0
216	25	30
216	26	20
216	27	30
216	28	40
216	29	100
216	30	100
216	31	60
216	32	80
216	33	100
216	34	80
216	35	10
216	36	80
216	37	100
216	38	80
216	39	80
216	40	70
217	1	50
217	2	80
217	3	70
217	4	80
217	5	80
217	6	50
217	7	60
217	8	20
217	9	60
217	10	10
217	11	70
217	12	20
217	13	80
217	14	50
217	15	20
217	16	50
217	17	80
217	18	60
217	19	80
217	20	30
217	21	70
217	22	80
217	23	70
217	24	20
217	25	30
217	26	0
217	27	30
217	28	0
217	29	60
217	30	80
217	31	80
217	32	80
217	33	60
217	34	80
217	35	30
217	36	80
217	37	80
217	38	60
217	39	60
217	40	70
218	1	70
218	2	60
218	3	70
218	4	100
218	5	80
218	6	70
218	7	80
218	8	20
218	9	80
218	10	10
218	11	90
218	12	20
218	13	80
218	14	50
218	15	0
218	16	90
218	17	60
218	18	80
218	19	60
218	20	10
218	21	70
218	22	80
218	23	90
218	24	0
218	25	30
218	26	40
218	27	50
218	28	0
218	29	80
218	30	60
218	31	100
218	32	60
218	33	60
218	34	80
218	35	30
218	36	60
218	37	80
218	38	60
218	39	100
218	40	70
219	1	70
219	2	70
219	3	110
219	4	90
219	5	90
219	6	90
219	7	110
219	8	40
219	9	90
219	10	0
219	11	90
219	12	0
219	13	90
219	14	70
219	15	40
219	16	70
219	17	70
219	18	70
219	19	50
219	20	20
219	21	90
219	22	70
219	23	90
219	24	0
219	25	40
219	26	40
219	27	40
219	28	20
219	29	90
219	30	70
219	31	90
219	32	70
219	33	70
219	34	50
219	35	40
219	36	50
219	37	70
219	38	70
219	39	90
219	40	70
220	1	70
220	2	30
220	3	40
220	4	80
220	5	90
220	6	70
220	7	100
220	8	70
220	9	90
220	10	60
220	11	70
220	12	50
220	13	40
220	14	70
220	15	90
220	16	70
220	17	70
220	18	60
220	19	60
220	20	70
220	21	70
220	22	80
220	23	70
220	24	50
220	25	70
220	26	70
220	27	80
220	28	70
220	29	100
220	30	80
220	31	20
220	32	80
220	33	70
220	34	50
220	35	70
220	36	50
220	37	70
220	38	70
220	39	70
220	40	0
221	1	70
221	2	50
221	3	60
221	4	100
221	5	90
221	6	90
221	7	120
221	8	70
221	9	70
221	10	80
221	11	70
221	12	70
221	13	40
221	14	90
221	15	90
221	16	70
221	17	70
221	18	100
221	19	60
221	20	50
221	21	90
221	22	100
221	23	90
221	24	50
221	25	110
221	26	90
221	27	80
221	28	70
221	29	100
221	30	80
221	31	40
221	32	60
221	33	70
221	34	70
221	35	90
221	36	70
221	37	70
221	38	90
221	39	90
221	40	40
222	1	50
222	2	10
222	3	0
222	4	80
222	5	80
222	6	70
222	7	80
222	8	90
222	9	60
222	10	60
222	11	70
222	12	50
222	13	10
222	14	50
222	15	50
222	16	50
222	17	80
222	18	60
222	19	80
222	20	80
222	21	50
222	22	60
222	23	50
222	24	70
222	25	60
222	26	50
222	27	100
222	28	50
222	29	60
222	30	80
222	31	30
222	32	80
222	33	80
222	34	60
222	35	80
222	36	60
222	37	60
222	38	60
222	39	60
222	40	0
223	1	50
223	2	50
223	3	80
223	4	140
223	5	120
223	6	70
223	7	100
223	8	90
223	9	80
223	10	60
223	11	130
223	12	90
223	13	90
223	14	70
223	15	110
223	16	70
223	17	80
223	18	80
223	19	80
223	20	100
223	21	110
223	22	120
223	23	130
223	24	70
223	25	120
223	26	70
223	27	120
223	28	70
223	29	120
223	30	80
223	31	90
223	32	100
223	33	60
223	34	100
223	35	120
223	36	80
223	37	120
223	38	80
223	39	80
223	40	40
224	1	70
224	2	30
224	3	40
224	4	100
224	5	90
224	6	90
224	7	120
224	8	90
224	9	70
224	10	60
224	11	70
224	12	50
224	13	20
224	14	70
224	15	70
224	16	70
224	17	70
224	18	80
224	19	60
224	20	50
224	21	90
224	22	80
224	23	70
224	24	50
224	25	90
224	26	90
224	27	100
224	28	50
224	29	80
224	30	80
224	31	40
224	32	60
224	33	70
224	34	50
224	35	90
224	36	50
224	37	50
224	38	70
224	39	90
224	40	20
225	1	50
225	2	20
225	3	60
225	4	130
225	5	90
225	6	70
225	7	90
225	8	90
225	9	70
225	10	50
225	11	130
225	12	70
225	13	60
225	14	70
225	15	90
225	16	70
225	17	50
225	18	70
225	19	70
225	20	90
225	21	90
225	22	90
225	23	110
225	24	70
225	25	90
225	26	70
225	27	110
225	28	70
225	29	110
225	30	50
225	31	80
225	32	90
225	33	50
225	34	70
225	35	110
225	36	50
225	37	90
225	38	70
225	39	70
225	40	20
226	1	50
226	2	60
226	3	50
226	4	80
226	5	60
226	6	50
226	7	60
226	8	20
226	9	60
226	10	10
226	11	70
226	12	0
226	13	60
226	14	50
226	15	0
226	16	50
226	17	60
226	18	60
226	19	80
226	20	30
226	21	50
226	22	60
226	23	50
226	24	20
226	25	10
226	26	0
226	27	30
226	28	0
226	29	60
226	30	60
226	31	80
226	32	80
226	33	60
226	34	60
226	35	30
226	36	60
226	37	60
226	38	60
226	39	60
226	40	50
227	1	50
227	2	30
227	3	20
227	4	120
227	5	100
227	6	50
227	7	80
227	8	70
227	9	60
227	10	60
227	11	90
227	12	70
227	13	50
227	14	70
227	15	70
227	16	70
227	17	60
227	18	60
227	19	80
227	20	80
227	21	90
227	22	100
227	23	70
227	24	70
227	25	80
227	26	50
227	27	100
227	28	50
227	29	100
227	30	60
227	31	70
227	32	80
227	33	60
227	34	80
227	35	100
227	36	60
227	37	80
227	38	80
227	39	60
227	40	0
228	1	70
228	2	60
228	3	90
228	4	80
228	5	70
228	6	90
228	7	100
228	8	40
228	9	90
228	10	10
228	11	90
228	12	0
228	13	70
228	14	50
228	15	20
228	16	70
228	17	70
228	18	80
228	19	60
228	20	20
228	21	70
228	22	60
228	23	90
228	24	0
228	25	20
228	26	40
228	27	50
228	28	20
228	29	80
228	30	80
228	31	70
228	32	80
228	33	70
228	34	50
228	35	20
228	36	50
228	37	70
228	38	50
228	39	90
228	40	70
229	1	50
229	2	60
229	3	70
229	4	60
229	5	80
229	6	70
229	7	80
229	8	20
229	9	80
229	10	10
229	11	70
229	12	0
229	13	80
229	14	50
229	15	20
229	16	50
229	17	80
229	18	60
229	19	60
229	20	30
229	21	70
229	22	60
229	23	70
229	24	0
229	25	10
229	26	0
229	27	30
229	28	20
229	29	80
229	30	80
229	31	60
229	32	80
229	33	80
229	34	60
229	35	10
229	36	60
229	37	80
229	38	60
229	39	60
229	40	50
230	1	70
230	2	90
230	3	130
230	4	110
230	5	130
230	6	110
230	7	130
230	8	40
230	9	90
230	10	20
230	11	110
230	12	40
230	13	130
230	14	90
230	15	60
230	16	90
230	17	90
230	18	90
230	19	50
230	20	20
230	21	90
230	22	110
230	23	130
230	24	0
230	25	60
230	26	40
230	27	60
230	28	40
230	29	130
230	30	90
230	31	110
230	32	70
230	33	90
230	34	90
230	35	40
230	36	70
230	37	110
230	38	90
230	39	90
230	40	90
231	1	50
231	2	60
231	3	70
231	4	80
231	5	80
231	6	50
231	7	60
231	8	0
231	9	80
231	10	10
231	11	90
231	12	20
231	13	100
231	14	50
231	15	20
231	16	70
231	17	60
231	18	60
231	19	60
231	20	30
231	21	70
231	22	80
231	23	90
231	24	0
231	25	10
231	26	0
231	27	30
231	28	20
231	29	100
231	30	60
231	31	80
231	32	80
231	33	60
231	34	80
231	35	10
231	36	60
231	37	100
231	38	60
231	39	60
231	40	50
232	1	70
232	2	30
232	3	40
232	4	100
232	5	100
232	6	50
232	7	60
232	8	70
232	9	100
232	10	60
232	11	110
232	12	90
232	13	70
232	14	50
232	15	90
232	16	90
232	17	80
232	18	60
232	19	80
232	20	100
232	21	50
232	22	100
232	23	110
232	24	70
232	25	80
232	26	70
232	27	100
232	28	70
232	29	100
232	30	80
232	31	50
232	32	100
232	33	60
232	34	100
232	35	80
232	36	80
232	37	120
232	38	60
232	39	80
232	40	20
233	1	50
233	2	100
233	3	90
233	4	100
233	5	110
233	6	70
233	7	100
233	8	40
233	9	50
233	10	10
233	11	70
233	12	20
233	13	90
233	14	70
233	15	40
233	16	50
233	17	90
233	18	60
233	19	80
233	20	20
233	21	90
233	22	100
233	23	70
233	24	20
233	25	40
233	26	0
233	27	50
233	28	0
233	29	80
233	30	100
233	31	90
233	32	80
233	33	70
233	34	70
233	35	40
233	36	70
233	37	70
233	38	70
233	39	50
233	40	70
234	1	70
234	2	10
234	3	20
234	4	100
234	5	90
234	6	90
234	7	90
234	8	90
234	9	70
234	10	50
234	11	90
234	12	70
234	13	20
234	14	50
234	15	50
234	16	90
234	17	70
234	18	80
234	19	60
234	20	50
234	21	70
234	22	70
234	23	90
234	24	50
234	25	70
234	26	90
234	27	120
234	28	50
234	29	70
234	30	80
234	31	40
234	32	50
234	33	70
234	34	70
234	35	70
234	36	50
234	37	70
234	38	50
234	39	90
234	40	20
235	1	70
235	2	60
235	3	70
235	4	80
235	5	70
235	6	50
235	7	50
235	8	0
235	9	90
235	10	0
235	11	90
235	12	20
235	13	90
235	14	50
235	15	20
235	16	90
235	17	50
235	18	60
235	19	60
235	20	20
235	21	50
235	22	70
235	23	90
235	24	0
235	25	0
235	26	20
235	27	30
235	28	20
235	29	90
235	30	60
235	31	70
235	32	70
235	33	50
235	34	70
235	35	0
235	36	50
235	37	90
235	38	50
235	39	70
235	40	50
236	1	50
236	2	50
236	3	40
236	4	100
236	5	100
236	6	50
236	7	80
236	8	70
236	9	60
236	10	60
236	11	70
236	12	70
236	13	50
236	14	70
236	15	90
236	16	50
236	17	80
236	18	60
236	19	80
236	20	80
236	21	90
236	22	100
236	23	70
236	24	70
236	25	100
236	26	50
236	27	80
236	28	50
236	29	80
236	30	80
236	31	50
236	32	80
236	33	60
236	34	80
236	35	100
236	36	80
236	37	80
236	38	80
236	39	60
236	40	20
237	1	50
237	2	30
237	3	20
237	4	80
237	5	80
237	6	50
237	7	80
237	8	50
237	9	60
237	10	60
237	11	50
237	12	50
237	13	30
237	14	70
237	15	70
237	16	50
237	17	60
237	18	60
237	19	60
237	20	60
237	21	90
237	22	80
237	23	50
237	24	50
237	25	80
237	26	50
237	27	60
237	28	50
237	29	80
237	30	60
237	31	30
237	32	60
237	33	60
237	34	60
237	35	80
237	36	60
237	37	60
237	38	80
237	39	60
237	40	0
238	1	70
238	2	20
238	3	40
238	4	90
238	5	90
238	6	50
238	7	70
238	8	50
238	9	90
238	10	50
238	11	90
238	12	70
238	13	60
238	14	70
238	15	90
238	16	90
238	17	50
238	18	50
238	19	50
238	20	70
238	21	70
238	22	90
238	23	90
238	24	50
238	25	70
238	26	70
238	27	70
238	28	70
238	29	110
238	30	50
238	31	40
238	32	70
238	33	50
238	34	70
238	35	70
238	36	50
238	37	90
238	38	70
238	39	70
238	40	0
239	1	70
239	2	30
239	3	60
239	4	120
239	5	90
239	6	70
239	7	100
239	8	70
239	9	90
239	10	60
239	11	110
239	12	70
239	13	60
239	14	70
239	15	90
239	16	90
239	17	50
239	18	80
239	19	60
239	20	70
239	21	90
239	22	100
239	23	110
239	24	50
239	25	90
239	26	90
239	27	100
239	28	70
239	29	120
239	30	60
239	31	60
239	32	80
239	33	50
239	34	70
239	35	90
239	36	50
239	37	90
239	38	70
239	39	90
239	40	20
240	1	70
240	2	10
240	3	20
240	4	80
240	5	70
240	6	50
240	7	50
240	8	50
240	9	90
240	10	50
240	11	90
240	12	70
240	13	40
240	14	50
240	15	70
240	16	90
240	17	50
240	18	60
240	19	60
240	20	70
240	21	50
240	22	70
240	23	90
240	24	50
240	25	50
240	26	70
240	27	80
240	28	70
240	29	90
240	30	60
240	31	20
240	32	70
240	33	50
240	34	70
240	35	50
240	36	50
240	37	90
240	38	50
240	39	70
240	40	0
241	1	70
241	2	30
241	3	60
241	4	100
241	5	90
241	6	90
241	7	110
241	8	90
241	9	90
241	10	50
241	11	90
241	12	50
241	13	40
241	14	70
241	15	90
241	16	70
241	17	70
241	18	80
241	19	60
241	20	70
241	21	90
241	22	70
241	23	90
241	24	50
241	25	90
241	26	90
241	27	100
241	28	70
241	29	90
241	30	80
241	31	40
241	32	70
241	33	70
241	34	50
241	35	90
241	36	50
241	37	70
241	38	70
241	39	90
241	40	20
242	1	50
242	2	10
242	3	40
242	4	120
242	5	80
242	6	70
242	7	80
242	8	90
242	9	80
242	10	60
242	11	130
242	12	70
242	13	50
242	14	50
242	15	70
242	16	70
242	17	60
242	18	80
242	19	80
242	20	100
242	21	70
242	22	80
242	23	110
242	24	70
242	25	80
242	26	70
242	27	120
242	28	70
242	29	100
242	30	60
242	31	70
242	32	100
242	33	60
242	34	80
242	35	100
242	36	60
242	37	100
242	38	60
242	39	80
242	40	20
243	1	70
243	2	10
243	3	0
243	4	80
243	5	90
243	6	70
243	7	80
243	8	70
243	9	70
243	10	60
243	11	70
243	12	70
243	13	20
243	14	50
243	15	50
243	16	90
243	17	70
243	18	60
243	19	60
243	20	50
243	21	50
243	22	80
243	23	70
243	24	50
243	25	50
243	26	70
243	27	100
243	28	50
243	29	80
243	30	80
243	31	20
243	32	60
243	33	70
243	34	70
243	35	50
243	36	50
243	37	70
243	38	50
243	39	70
243	40	0
244	1	70
244	2	50
244	3	40
244	4	100
244	5	90
244	6	50
244	7	80
244	8	70
244	9	70
244	10	60
244	11	70
244	12	70
244	13	40
244	14	70
244	15	90
244	16	70
244	17	70
244	18	60
244	19	80
244	20	70
244	21	70
244	22	100
244	23	70
244	24	70
244	25	90
244	26	70
244	27	80
244	28	50
244	29	80
244	30	80
244	31	40
244	32	80
244	33	50
244	34	70
244	35	90
244	36	70
244	37	70
244	38	70
244	39	70
244	40	20
245	1	50
245	2	100
245	3	130
245	4	140
245	5	120
245	6	70
245	7	100
245	8	40
245	9	80
245	10	10
245	11	130
245	12	40
245	13	140
245	14	70
245	15	60
245	16	70
245	17	80
245	18	80
245	19	80
245	20	50
245	21	110
245	22	120
245	23	130
245	24	20
245	25	70
245	26	20
245	27	70
245	28	20
245	29	120
245	30	80
245	31	140
245	32	100
245	33	60
245	34	100
245	35	70
245	36	80
245	37	120
245	38	80
245	39	80
245	40	90
246	1	70
246	2	70
246	3	110
246	4	90
246	5	90
246	6	90
246	7	110
246	8	40
246	9	90
246	10	0
246	11	90
246	12	0
246	13	90
246	14	70
246	15	40
246	16	70
246	17	70
246	18	70
246	19	50
246	20	20
246	21	90
246	22	70
246	23	90
246	24	0
246	25	40
246	26	40
246	27	40
246	28	20
246	29	90
246	30	70
246	31	90
246	32	70
246	33	70
246	34	50
246	35	40
246	36	50
246	37	70
246	38	70
246	39	90
246	40	70
247	1	50
247	2	40
247	3	80
247	4	110
247	5	110
247	6	90
247	7	110
247	8	110
247	9	70
247	10	50
247	11	110
247	12	70
247	13	60
247	14	70
247	15	110
247	16	50
247	17	90
247	18	70
247	19	70
247	20	90
247	21	110
247	22	90
247	23	110
247	24	70
247	25	110
247	26	70
247	27	110
247	28	70
247	29	90
247	30	90
247	31	60
247	32	90
247	33	70
247	34	70
247	35	110
247	36	70
247	37	90
247	38	70
247	39	70
247	40	40
248	1	70
248	2	70
248	3	90
248	4	110
248	5	90
248	6	70
248	7	90
248	8	20
248	9	70
248	10	0
248	11	90
248	12	20
248	13	90
248	14	70
248	15	20
248	16	90
248	17	50
248	18	70
248	19	50
248	20	0
248	21	90
248	22	90
248	23	90
248	24	0
248	25	40
248	26	40
248	27	40
248	28	0
248	29	90
248	30	50
248	31	110
248	32	50
248	33	50
248	34	70
248	35	40
248	36	50
248	37	70
248	38	70
248	39	90
248	40	70
249	1	70
249	2	20
249	3	40
249	4	70
249	5	70
249	6	50
249	7	70
249	8	50
249	9	90
249	10	50
249	11	70
249	12	50
249	13	40
249	14	70
249	15	90
249	16	70
249	17	50
249	18	50
249	19	50
249	20	70
249	21	70
249	22	70
249	23	70
249	24	50
249	25	70
249	26	70
249	27	50
249	28	70
249	29	90
249	30	50
249	31	20
249	32	70
249	33	50
249	34	50
249	35	70
249	36	50
249	37	70
249	38	70
249	39	70
249	40	0
250	1	70
250	2	70
250	3	70
250	4	70
250	5	90
250	6	70
250	7	90
250	8	20
250	9	70
250	10	0
250	11	50
250	12	0
250	13	70
250	14	70
250	15	20
250	16	70
250	17	70
250	18	50
250	19	50
250	20	0
250	21	70
250	22	70
250	23	50
250	24	0
250	25	20
250	26	20
250	27	20
250	28	0
250	29	70
250	30	70
250	31	70
250	32	50
250	33	70
250	34	50
250	35	20
250	36	50
250	37	50
250	38	70
250	39	70
250	40	50
251	1	50
251	2	100
251	3	110
251	4	140
251	5	140
251	6	90
251	7	120
251	8	60
251	9	60
251	10	10
251	11	110
251	12	40
251	13	120
251	14	70
251	15	40
251	16	70
251	17	100
251	18	80
251	19	80
251	20	30
251	21	110
251	22	120
251	23	110
251	24	20
251	25	70
251	26	20
251	27	90
251	28	0
251	29	100
251	30	100
251	31	140
251	32	80
251	33	80
251	34	100
251	35	70
251	36	80
251	37	100
251	38	80
251	39	80
251	40	90
252	1	50
252	2	80
252	3	90
252	4	100
252	5	90
252	6	50
252	7	80
252	8	0
252	9	70
252	10	10
252	11	90
252	12	20
252	13	110
252	14	70
252	15	40
252	16	70
252	17	50
252	18	60
252	19	60
252	20	20
252	21	90
252	22	100
252	23	90
252	24	0
252	25	20
252	26	0
252	27	30
252	28	20
252	29	120
252	30	60
252	31	90
252	32	80
252	33	50
252	34	70
252	35	20
252	36	50
252	37	90
252	38	70
252	39	50
252	40	50
253	1	50
253	2	60
253	3	50
253	4	80
253	5	50
253	6	50
253	7	60
253	8	20
253	9	50
253	10	10
253	11	70
253	12	0
253	13	50
253	14	50
253	15	0
253	16	50
253	17	50
253	18	60
253	19	80
253	20	20
253	21	50
253	22	60
253	23	50
253	24	20
253	25	0
253	26	0
253	27	30
253	28	0
253	29	60
253	30	60
253	31	70
253	32	80
253	33	50
253	34	50
253	35	20
253	36	50
253	37	50
253	38	50
253	39	50
253	40	50
254	1	70
254	2	100
254	3	90
254	4	100
254	5	110
254	6	70
254	7	90
254	8	40
254	9	70
254	10	0
254	11	70
254	12	20
254	13	90
254	14	70
254	15	40
254	16	70
254	17	90
254	18	60
254	19	80
254	20	20
254	21	70
254	22	90
254	23	70
254	24	20
254	25	40
254	26	20
254	27	50
254	28	0
254	29	70
254	30	100
254	31	90
254	32	70
254	33	70
254	34	70
254	35	40
254	36	70
254	37	70
254	38	70
254	39	70
254	40	70
255	1	70
255	2	10
255	3	0
255	4	80
255	5	70
255	6	50
255	7	60
255	8	50
255	9	70
255	10	60
255	11	70
255	12	70
255	13	20
255	14	50
255	15	50
255	16	90
255	17	50
255	18	60
255	19	60
255	20	50
255	21	50
255	22	80
255	23	70
255	24	50
255	25	50
255	26	70
255	27	80
255	28	50
255	29	80
255	30	60
255	31	20
255	32	60
255	33	50
255	34	70
255	35	50
255	36	50
255	37	70
255	38	50
255	39	70
255	40	0
256	1	50
256	2	50
256	3	80
256	4	140
256	5	110
256	6	70
256	7	100
256	8	90
256	9	70
256	10	60
256	11	130
256	12	90
256	13	80
256	14	70
256	15	110
256	16	70
256	17	70
256	18	80
256	19	80
256	20	90
256	21	110
256	22	120
256	23	130
256	24	70
256	25	110
256	26	70
256	27	120
256	28	70
256	29	120
256	30	80
256	31	80
256	32	100
256	33	50
256	34	90
256	35	110
256	36	70
256	37	110
256	38	70
256	39	70
256	40	40
257	1	50
257	2	10
257	3	20
257	4	100
257	5	70
257	6	70
257	7	70
257	8	70
257	9	50
257	10	50
257	11	90
257	12	70
257	13	20
257	14	50
257	15	50
257	16	70
257	17	50
257	18	80
257	19	60
257	20	50
257	21	90
257	22	70
257	23	90
257	24	50
257	25	70
257	26	70
257	27	100
257	28	50
257	29	70
257	30	60
257	31	40
257	32	50
257	33	50
257	34	70
257	35	70
257	36	50
257	37	70
257	38	50
257	39	70
257	40	20
258	1	70
258	2	80
258	3	110
258	4	80
258	5	90
258	6	110
258	7	120
258	8	40
258	9	90
258	10	30
258	11	90
258	12	20
258	13	90
258	14	70
258	15	40
258	16	70
258	17	90
258	18	100
258	19	60
258	20	20
258	21	70
258	22	80
258	23	110
258	24	0
258	25	40
258	26	40
258	27	50
258	28	40
258	29	100
258	30	100
258	31	70
258	32	80
258	33	90
258	34	70
258	35	20
258	36	70
258	37	90
258	38	70
258	39	90
258	40	90
259	1	70
259	2	100
259	3	90
259	4	100
259	5	110
259	6	70
259	7	100
259	8	40
259	9	70
259	10	10
259	11	70
259	12	20
259	13	90
259	14	70
259	15	40
259	16	70
259	17	90
259	18	60
259	19	80
259	20	20
259	21	70
259	22	100
259	23	70
259	24	20
259	25	40
259	26	20
259	27	50
259	28	0
259	29	80
259	30	100
259	31	90
259	32	80
259	33	70
259	34	70
259	35	40
259	36	70
259	37	70
259	38	70
259	39	70
259	40	70
260	1	50
260	2	80
260	3	70
260	4	100
260	5	110
260	6	70
260	7	70
260	8	40
260	9	50
260	10	0
260	11	90
260	12	40
260	13	90
260	14	50
260	15	20
260	16	70
260	17	90
260	18	60
260	19	80
260	20	20
260	21	70
260	22	90
260	23	90
260	24	20
260	25	20
260	26	0
260	27	70
260	28	0
260	29	70
260	30	100
260	31	90
260	32	70
260	33	70
260	34	90
260	35	20
260	36	70
260	37	90
260	38	50
260	39	50
260	40	70
261	1	70
261	2	80
261	3	90
261	4	80
261	5	80
261	6	50
261	7	80
261	8	0
261	9	100
261	10	10
261	11	70
261	12	0
261	13	100
261	14	70
261	15	40
261	16	70
261	17	60
261	18	60
261	19	60
261	20	30
261	21	70
261	22	80
261	23	70
261	24	0
261	25	30
261	26	20
261	27	10
261	28	20
261	29	100
261	30	60
261	31	80
261	32	80
261	33	60
261	34	60
261	35	30
261	36	60
261	37	80
261	38	80
261	39	80
261	40	50
262	1	70
262	2	60
262	3	70
262	4	80
262	5	90
262	6	70
262	7	70
262	8	20
262	9	90
262	10	0
262	11	90
262	12	20
262	13	90
262	14	50
262	15	20
262	16	90
262	17	70
262	18	60
262	19	60
262	20	20
262	21	50
262	22	70
262	23	90
262	24	0
262	25	0
262	26	20
262	27	50
262	28	20
262	29	90
262	30	80
262	31	70
262	32	70
262	33	70
262	34	70
262	35	0
262	36	50
262	37	90
262	38	50
262	39	70
262	40	50
263	1	70
263	2	80
263	3	70
263	4	80
263	5	70
263	6	50
263	7	80
263	8	0
263	9	70
263	10	10
263	11	50
263	12	0
263	13	70
263	14	70
263	15	20
263	16	70
263	17	50
263	18	60
263	19	60
263	20	0
263	21	70
263	22	80
263	23	50
263	24	0
263	25	20
263	26	20
263	27	10
263	28	0
263	29	80
263	30	60
263	31	70
263	32	60
263	33	50
263	34	50
263	35	20
263	36	50
263	37	50
263	38	70
263	39	70
263	40	50
264	1	70
264	2	30
264	3	40
264	4	120
264	5	90
264	6	70
264	7	90
264	8	70
264	9	70
264	10	50
264	11	90
264	12	70
264	13	40
264	14	70
264	15	70
264	16	90
264	17	50
264	18	80
264	19	60
264	20	50
264	21	90
264	22	90
264	23	90
264	24	50
264	25	90
264	26	90
264	27	100
264	28	50
264	29	90
264	30	60
264	31	60
264	32	50
264	33	50
264	34	70
264	35	90
264	36	50
264	37	70
264	38	70
264	39	90
264	40	20
265	1	70
265	2	60
265	3	70
265	4	60
265	5	50
265	6	50
265	7	60
265	8	0
265	9	90
265	10	10
265	11	70
265	12	0
265	13	70
265	14	50
265	15	20
265	16	70
265	17	50
265	18	60
265	19	60
265	20	20
265	21	50
265	22	60
265	23	70
265	24	0
265	25	0
265	26	20
265	27	10
265	28	20
265	29	80
265	30	60
265	31	50
265	32	80
265	33	50
265	34	50
265	35	0
265	36	50
265	37	70
265	38	50
265	39	70
265	40	50
266	1	70
266	2	30
266	3	20
266	4	100
266	5	90
266	6	50
266	7	70
266	8	50
266	9	70
266	10	50
266	11	70
266	12	70
266	13	40
266	14	70
266	15	70
266	16	90
266	17	50
266	18	60
266	19	60
266	20	50
266	21	70
266	22	90
266	23	70
266	24	50
266	25	70
266	26	70
266	27	80
266	28	50
266	29	90
266	30	60
266	31	40
266	32	50
266	33	50
266	34	70
266	35	70
266	36	50
266	37	70
266	38	70
266	39	70
266	40	0
267	1	70
267	2	80
267	3	90
267	4	120
267	5	110
267	6	90
267	7	120
267	8	40
267	9	70
267	10	10
267	11	90
267	12	20
267	13	90
267	14	70
267	15	20
267	16	90
267	17	70
267	18	80
267	19	60
267	20	0
267	21	90
267	22	100
267	23	90
267	24	0
267	25	40
267	26	40
267	27	70
267	28	0
267	29	100
267	30	80
267	31	110
267	32	60
267	33	70
267	34	70
267	35	40
267	36	50
267	37	70
267	38	70
267	39	90
267	40	70
268	1	70
268	2	50
268	3	60
268	4	100
268	5	110
268	6	70
268	7	90
268	8	50
268	9	90
268	10	70
268	11	90
268	12	90
268	13	80
268	14	90
268	15	110
268	16	90
268	17	70
268	18	80
268	19	60
268	20	70
268	21	70
268	22	110
268	23	110
268	24	50
268	25	90
268	26	70
268	27	80
268	28	90
268	29	130
268	30	80
268	31	40
268	32	70
268	33	70
268	34	90
268	35	70
268	36	70
268	37	110
268	38	90
268	39	70
268	40	20
269	1	70
269	2	90
269	3	110
269	4	110
269	5	110
269	6	50
269	7	70
269	8	20
269	9	90
269	10	0
269	11	110
269	12	40
269	13	130
269	14	70
269	15	60
269	16	90
269	17	70
269	18	50
269	19	70
269	20	40
269	21	70
269	22	110
269	23	110
269	24	20
269	25	40
269	26	20
269	27	40
269	28	20
269	29	110
269	30	70
269	31	110
269	32	90
269	33	50
269	34	90
269	35	40
269	36	70
269	37	110
269	38	70
269	39	70
269	40	70
270	1	70
270	2	30
270	3	60
270	4	100
270	5	110
270	6	110
270	7	110
270	8	90
270	9	90
270	10	70
270	11	110
270	12	90
270	13	60
270	14	70
270	15	90
270	16	90
270	17	90
270	18	100
270	19	60
270	20	70
270	21	70
270	22	90
270	23	130
270	24	50
270	25	90
270	26	90
270	27	120
270	28	90
270	29	110
270	30	100
270	31	40
270	32	70
270	33	90
270	34	90
270	35	70
270	36	70
270	37	110
270	38	70
270	39	90
270	40	40
271	1	50
271	2	10
271	3	0
271	4	80
271	5	100
271	6	70
271	7	80
271	8	70
271	9	60
271	10	60
271	11	70
271	12	70
271	13	30
271	14	50
271	15	50
271	16	70
271	17	80
271	18	60
271	19	60
271	20	60
271	21	70
271	22	80
271	23	70
271	24	50
271	25	60
271	26	50
271	27	100
271	28	50
271	29	80
271	30	80
271	31	30
271	32	60
271	33	80
271	34	80
271	35	60
271	36	60
271	37	80
271	38	60
271	39	60
271	40	0
272	1	50
272	2	20
272	3	40
272	4	90
272	5	70
272	6	70
272	7	90
272	8	70
272	9	50
272	10	50
272	11	70
272	12	50
272	13	20
272	14	70
272	15	70
272	16	50
272	17	50
272	18	70
272	19	50
272	20	50
272	21	110
272	22	70
272	23	70
272	24	50
272	25	90
272	26	70
272	27	70
272	28	50
272	29	70
272	30	50
272	31	40
272	32	50
272	33	50
272	34	50
272	35	90
272	36	50
272	37	50
272	38	70
272	39	70
272	40	20
273	1	70
273	2	10
273	3	40
273	4	100
273	5	80
273	6	70
273	7	80
273	8	70
273	9	100
273	10	60
273	11	110
273	12	70
273	13	50
273	14	50
273	15	70
273	16	90
273	17	60
273	18	80
273	19	60
273	20	80
273	21	70
273	22	80
273	23	110
273	24	50
273	25	80
273	26	90
273	27	100
273	28	70
273	29	100
273	30	60
273	31	50
273	32	80
273	33	60
273	34	80
273	35	80
273	36	60
273	37	100
273	38	60
273	39	100
273	40	20
274	1	70
274	2	60
274	3	50
274	4	80
274	5	90
274	6	70
274	7	70
274	8	20
274	9	70
274	10	0
274	11	70
274	12	20
274	13	70
274	14	50
274	15	0
274	16	90
274	17	70
274	18	60
274	19	60
274	20	0
274	21	50
274	22	70
274	23	70
274	24	0
274	25	0
274	26	20
274	27	50
274	28	0
274	29	70
274	30	80
274	31	70
274	32	50
274	33	70
274	34	70
274	35	0
274	36	50
274	37	70
274	38	50
274	39	70
274	40	50
275	1	70
275	2	30
275	3	40
275	4	60
275	5	90
275	6	90
275	7	100
275	8	70
275	9	90
275	10	80
275	11	70
275	12	70
275	13	40
275	14	70
275	15	90
275	16	70
275	17	90
275	18	80
275	19	60
275	20	70
275	21	50
275	22	80
275	23	90
275	24	50
275	25	70
275	26	70
275	27	80
275	28	90
275	29	100
275	30	100
275	31	0
275	32	80
275	33	90
275	34	70
275	35	50
275	36	70
275	37	90
275	38	70
275	39	70
275	40	20
276	1	70
276	2	70
276	3	110
276	4	70
276	5	90
276	6	110
276	7	110
276	8	40
276	9	90
276	10	20
276	11	90
276	12	20
276	13	90
276	14	70
276	15	40
276	16	70
276	17	90
276	18	90
276	19	50
276	20	20
276	21	70
276	22	70
276	23	110
276	24	0
276	25	40
276	26	40
276	27	40
276	28	40
276	29	90
276	30	90
276	31	70
276	32	70
276	33	90
276	34	70
276	35	20
276	36	70
276	37	90
276	38	70
276	39	90
276	40	90
277	1	50
277	2	80
277	3	110
277	4	100
277	5	70
277	6	70
277	7	80
277	8	40
277	9	70
277	10	10
277	11	110
277	12	20
277	13	90
277	14	50
277	15	40
277	16	50
277	17	70
277	18	80
277	19	80
277	20	40
277	21	90
277	22	80
277	23	110
277	24	20
277	25	40
277	26	20
277	27	50
277	28	20
277	29	80
277	30	80
277	31	90
277	32	100
277	33	50
277	34	70
277	35	40
277	36	70
277	37	90
277	38	50
277	39	70
277	40	90
278	1	70
278	2	40
278	3	80
278	4	90
278	5	110
278	6	110
278	7	130
278	8	90
278	9	90
278	10	70
278	11	90
278	12	70
278	13	60
278	14	90
278	15	110
278	16	70
278	17	90
278	18	90
278	19	50
278	20	70
278	21	90
278	22	90
278	23	110
278	24	50
278	25	110
278	26	90
278	27	90
278	28	90
278	29	110
278	30	90
278	31	40
278	32	70
278	33	90
278	34	70
278	35	90
278	36	70
278	37	90
278	38	90
278	39	90
278	40	40
279	1	50
279	2	30
279	3	40
279	4	100
279	5	90
279	6	70
279	7	100
279	8	90
279	9	70
279	10	60
279	11	90
279	12	50
279	13	40
279	14	70
279	15	90
279	16	50
279	17	70
279	18	60
279	19	80
279	20	90
279	21	90
279	22	80
279	23	70
279	24	70
279	25	70
279	26	50
279	27	100
279	28	70
279	29	100
279	30	80
279	31	40
279	32	100
279	33	70
279	34	50
279	35	90
279	36	50
279	37	70
279	38	70
279	39	50
279	40	0
280	1	50
280	2	80
280	3	70
280	4	120
280	5	100
280	6	50
280	7	80
280	8	20
280	9	60
280	10	10
280	11	90
280	12	20
280	13	100
280	14	70
280	15	20
280	16	70
280	17	60
280	18	60
280	19	80
280	20	30
280	21	70
280	22	100
280	23	70
280	24	20
280	25	30
280	26	0
280	27	50
280	28	0
280	29	100
280	30	60
280	31	120
280	32	80
280	33	60
280	34	80
280	35	50
280	36	60
280	37	80
280	38	80
280	39	60
280	40	50
281	1	50
281	2	0
281	3	40
281	4	90
281	5	50
281	6	70
281	7	70
281	8	90
281	9	70
281	10	50
281	11	110
281	12	50
281	13	20
281	14	50
281	15	70
281	16	50
281	17	50
281	18	70
281	19	70
281	20	90
281	21	90
281	22	50
281	23	90
281	24	70
281	25	70
281	26	70
281	27	90
281	28	70
281	29	70
281	30	50
281	31	40
281	32	90
281	33	50
281	34	50
281	35	90
281	36	50
281	37	70
281	38	50
281	39	70
281	40	20
282	1	70
282	2	60
282	3	90
282	4	100
282	5	100
282	6	90
282	7	100
282	8	40
282	9	100
282	10	10
282	11	110
282	12	20
282	13	100
282	14	50
282	15	20
282	16	90
282	17	80
282	18	80
282	19	60
282	20	30
282	21	70
282	22	80
282	23	110
282	24	0
282	25	30
282	26	40
282	27	70
282	28	20
282	29	100
282	30	80
282	31	100
282	32	80
282	33	80
282	34	80
282	35	30
282	36	60
282	37	100
282	38	60
282	39	100
282	40	70
283	1	70
283	2	20
283	3	40
283	4	90
283	5	110
283	6	70
283	7	90
283	8	70
283	9	90
283	10	50
283	11	90
283	12	70
283	13	60
283	14	70
283	15	90
283	16	90
283	17	70
283	18	50
283	19	50
283	20	70
283	21	70
283	22	90
283	23	90
283	24	50
283	25	70
283	26	70
283	27	90
283	28	70
283	29	110
283	30	70
283	31	40
283	32	70
283	33	70
283	34	70
283	35	70
283	36	50
283	37	90
283	38	70
283	39	70
283	40	0
284	1	70
284	2	30
284	3	20
284	4	100
284	5	120
284	6	70
284	7	100
284	8	70
284	9	80
284	10	60
284	11	70
284	12	70
284	13	50
284	14	70
284	15	70
284	16	90
284	17	80
284	18	60
284	19	60
284	20	60
284	21	70
284	22	100
284	23	70
284	24	50
284	25	80
284	26	70
284	27	100
284	28	50
284	29	100
284	30	80
284	31	50
284	32	60
284	33	80
284	34	80
284	35	80
284	36	60
284	37	80
284	38	80
284	39	80
284	40	0
285	1	70
285	2	20
285	3	60
285	4	90
285	5	70
285	6	70
285	7	90
285	8	70
285	9	90
285	10	50
285	11	90
285	12	50
285	13	40
285	14	70
285	15	90
285	16	70
285	17	50
285	18	70
285	19	50
285	20	70
285	21	90
285	22	70
285	23	90
285	24	50
285	25	90
285	26	90
285	27	70
285	28	70
285	29	90
285	30	50
285	31	40
285	32	70
285	33	50
285	34	50
285	35	90
285	36	50
285	37	70
285	38	70
285	39	90
285	40	20
286	1	70
286	2	10
286	3	20
286	4	60
286	5	50
286	6	50
286	7	60
286	8	50
286	9	90
286	10	60
286	11	70
286	12	50
286	13	20
286	14	50
286	15	70
286	16	70
286	17	50
286	18	60
286	19	60
286	20	70
286	21	50
286	22	60
286	23	70
286	24	50
286	25	50
286	26	70
286	27	60
286	28	70
286	29	80
286	30	60
286	31	0
286	32	80
286	33	50
286	34	50
286	35	50
286	36	50
286	37	70
286	38	50
286	39	70
286	40	0
287	1	70
287	2	80
287	3	90
287	4	80
287	5	70
287	6	50
287	7	80
287	8	0
287	9	90
287	10	10
287	11	70
287	12	0
287	13	90
287	14	70
287	15	40
287	16	70
287	17	50
287	18	60
287	19	60
287	20	20
287	21	70
287	22	80
287	23	70
287	24	0
287	25	20
287	26	20
287	27	10
287	28	20
287	29	100
287	30	60
287	31	70
287	32	80
287	33	50
287	34	50
287	35	20
287	36	50
287	37	70
287	38	70
287	39	70
287	40	50
288	1	50
288	2	50
288	3	50
288	4	70
288	5	50
288	6	50
288	7	50
288	8	20
288	9	50
288	10	0
288	11	70
288	12	0
288	13	50
288	14	50
288	15	0
288	16	50
288	17	50
288	18	50
288	19	70
288	20	20
288	21	70
288	22	50
288	23	50
288	24	20
288	25	0
288	26	0
288	27	20
288	28	0
288	29	50
288	30	50
288	31	70
288	32	70
288	33	50
288	34	50
288	35	20
288	36	50
288	37	50
288	38	50
288	39	50
288	40	50
289	1	70
289	2	80
289	3	90
289	4	100
289	5	90
289	6	50
289	7	80
289	8	0
289	9	90
289	10	10
289	11	90
289	12	20
289	13	110
289	14	70
289	15	40
289	16	90
289	17	50
289	18	60
289	19	60
289	20	20
289	21	70
289	22	100
289	23	90
289	24	0
289	25	20
289	26	20
289	27	30
289	28	20
289	29	120
289	30	60
289	31	90
289	32	80
289	33	50
289	34	70
289	35	20
289	36	50
289	37	90
289	38	70
289	39	70
289	40	50
290	1	70
290	2	80
290	3	70
290	4	80
290	5	90
290	6	70
290	7	90
290	8	20
290	9	70
290	10	0
290	11	50
290	12	0
290	13	70
290	14	70
290	15	20
290	16	70
290	17	70
290	18	60
290	19	60
290	20	0
290	21	70
290	22	70
290	23	50
290	24	0
290	25	20
290	26	20
290	27	30
290	28	0
290	29	70
290	30	80
290	31	70
290	32	50
290	33	70
290	34	50
290	35	20
290	36	50
290	37	50
290	38	70
290	39	70
290	40	50
291	1	50
291	2	30
291	3	40
291	4	120
291	5	90
291	6	70
291	7	100
291	8	70
291	9	50
291	10	60
291	11	90
291	12	70
291	13	40
291	14	70
291	15	70
291	16	70
291	17	50
291	18	80
291	19	60
291	20	50
291	21	110
291	22	100
291	23	90
291	24	50
291	25	90
291	26	70
291	27	100
291	28	50
291	29	100
291	30	60
291	31	60
291	32	60
291	33	50
291	34	70
291	35	90
291	36	50
291	37	70
291	38	70
291	39	70
291	40	20
292	1	70
292	2	80
292	3	90
292	4	80
292	5	100
292	6	70
292	7	100
292	8	20
292	9	100
292	10	10
292	11	70
292	12	0
292	13	100
292	14	70
292	15	40
292	16	70
292	17	80
292	18	60
292	19	60
292	20	30
292	21	70
292	22	80
292	23	70
292	24	0
292	25	30
292	26	20
292	27	30
292	28	20
292	29	100
292	30	80
292	31	80
292	32	80
292	33	80
292	34	60
292	35	30
292	36	60
292	37	80
292	38	80
292	39	80
292	40	50
293	1	70
293	2	80
293	3	110
293	4	120
293	5	110
293	6	90
293	7	120
293	8	40
293	9	90
293	10	10
293	11	110
293	12	20
293	13	110
293	14	70
293	15	40
293	16	90
293	17	70
293	18	80
293	19	60
293	20	20
293	21	90
293	22	100
293	23	110
293	24	0
293	25	40
293	26	40
293	27	70
293	28	20
293	29	120
293	30	80
293	31	110
293	32	80
293	33	70
293	34	70
293	35	40
293	36	50
293	37	90
293	38	70
293	39	90
293	40	70
294	1	70
294	2	30
294	3	40
294	4	100
294	5	90
294	6	90
294	7	110
294	8	90
294	9	70
294	10	50
294	11	70
294	12	50
294	13	20
294	14	70
294	15	70
294	16	70
294	17	70
294	18	80
294	19	60
294	20	50
294	21	90
294	22	70
294	23	70
294	24	50
294	25	90
294	26	90
294	27	100
294	28	50
294	29	70
294	30	80
294	31	40
294	32	50
294	33	70
294	34	50
294	35	90
294	36	50
294	37	50
294	38	70
294	39	90
294	40	20
295	1	70
295	2	60
295	3	50
295	4	60
295	5	70
295	6	70
295	7	70
295	8	20
295	9	70
295	10	0
295	11	50
295	12	0
295	13	50
295	14	50
295	15	0
295	16	70
295	17	70
295	18	60
295	19	60
295	20	0
295	21	50
295	22	50
295	23	50
295	24	0
295	25	0
295	26	20
295	27	30
295	28	0
295	29	50
295	30	80
295	31	50
295	32	50
295	33	70
295	34	50
295	35	0
295	36	50
295	37	50
295	38	50
295	39	70
295	40	50
296	1	50
296	2	30
296	3	20
296	4	100
296	5	90
296	6	50
296	7	60
296	8	70
296	9	50
296	10	60
296	11	90
296	12	90
296	13	40
296	14	50
296	15	70
296	16	70
296	17	70
296	18	60
296	19	80
296	20	70
296	21	70
296	22	100
296	23	90
296	24	70
296	25	70
296	26	50
296	27	100
296	28	50
296	29	80
296	30	80
296	31	40
296	32	80
296	33	50
296	34	90
296	35	70
296	36	70
296	37	90
296	38	50
296	39	50
296	40	20
297	1	70
297	2	30
297	3	40
297	4	120
297	5	110
297	6	90
297	7	100
297	8	110
297	9	70
297	10	60
297	11	110
297	12	90
297	13	40
297	14	50
297	15	70
297	16	90
297	17	90
297	18	80
297	19	80
297	20	70
297	21	70
297	22	100
297	23	110
297	24	70
297	25	90
297	26	90
297	27	140
297	28	50
297	29	80
297	30	100
297	31	60
297	32	80
297	33	70
297	34	90
297	35	90
297	36	70
297	37	90
297	38	50
297	39	90
297	40	40
298	1	50
298	2	30
298	3	40
298	4	100
298	5	90
298	6	70
298	7	90
298	8	90
298	9	70
298	10	50
298	11	90
298	12	50
298	13	40
298	14	70
298	15	90
298	16	50
298	17	70
298	18	60
298	19	80
298	20	90
298	21	90
298	22	70
298	23	70
298	24	70
298	25	70
298	26	50
298	27	100
298	28	70
298	29	90
298	30	80
298	31	40
298	32	90
298	33	70
298	34	50
298	35	90
298	36	50
298	37	70
298	38	70
298	39	50
298	40	0
299	1	50
299	2	30
299	3	60
299	4	140
299	5	90
299	6	70
299	7	90
299	8	90
299	9	70
299	10	50
299	11	130
299	12	70
299	13	60
299	14	70
299	15	90
299	16	70
299	17	50
299	18	80
299	19	80
299	20	90
299	21	90
299	22	90
299	23	110
299	24	70
299	25	90
299	26	70
299	27	120
299	28	70
299	29	110
299	30	60
299	31	80
299	32	90
299	33	50
299	34	70
299	35	110
299	36	50
299	37	90
299	38	70
299	39	70
299	40	20
300	1	70
300	2	80
300	3	70
300	4	80
300	5	70
300	6	50
300	7	70
300	8	0
300	9	70
300	10	0
300	11	50
300	12	0
300	13	70
300	14	70
300	15	20
300	16	70
300	17	50
300	18	60
300	19	60
300	20	0
300	21	70
300	22	70
300	23	50
300	24	0
300	25	20
300	26	20
300	27	10
300	28	0
300	29	70
300	30	60
300	31	70
300	32	50
300	33	50
300	34	50
300	35	20
300	36	50
300	37	50
300	38	70
300	39	70
300	40	50
301	1	70
301	2	80
301	3	110
301	4	100
301	5	90
301	6	90
301	7	110
301	8	40
301	9	90
301	10	0
301	11	90
301	12	0
301	13	90
301	14	70
301	15	40
301	16	70
301	17	70
301	18	80
301	19	60
301	20	20
301	21	90
301	22	70
301	23	90
301	24	0
301	25	40
301	26	40
301	27	50
301	28	20
301	29	90
301	30	80
301	31	90
301	32	70
301	33	70
301	34	50
301	35	40
301	36	50
301	37	70
301	38	70
301	39	90
301	40	70
302	1	70
302	2	80
302	3	70
302	4	100
302	5	90
302	6	50
302	7	70
302	8	0
302	9	70
302	10	0
302	11	70
302	12	20
302	13	90
302	14	70
302	15	20
302	16	90
302	17	50
302	18	60
302	19	60
302	20	0
302	21	70
302	22	90
302	23	70
302	24	0
302	25	20
302	26	20
302	27	30
302	28	0
302	29	90
302	30	60
302	31	90
302	32	50
302	33	50
302	34	70
302	35	20
302	36	50
302	37	70
302	38	70
302	39	70
302	40	50
303	1	50
303	2	0
303	3	0
303	4	70
303	5	50
303	6	50
303	7	50
303	8	70
303	9	50
303	10	50
303	11	70
303	12	50
303	13	0
303	14	50
303	15	50
303	16	50
303	17	50
303	18	50
303	19	70
303	20	70
303	21	50
303	22	50
303	23	50
303	24	70
303	25	50
303	26	50
303	27	70
303	28	50
303	29	50
303	30	50
303	31	20
303	32	70
303	33	50
303	34	50
303	35	70
303	36	50
303	37	50
303	38	50
303	39	50
303	40	0
304	1	70
304	2	50
304	3	90
304	4	90
304	5	90
304	6	90
304	7	90
304	8	40
304	9	90
304	10	0
304	11	110
304	12	20
304	13	90
304	14	50
304	15	20
304	16	90
304	17	70
304	18	70
304	19	50
304	20	20
304	21	70
304	22	70
304	23	110
304	24	0
304	25	20
304	26	40
304	27	60
304	28	20
304	29	90
304	30	70
304	31	90
304	32	70
304	33	70
304	34	70
304	35	20
304	36	50
304	37	90
304	38	50
304	39	90
304	40	70
305	1	70
305	2	10
305	3	20
305	4	60
305	5	50
305	6	50
305	7	50
305	8	50
305	9	90
305	10	50
305	11	70
305	12	50
305	13	20
305	14	50
305	15	70
305	16	70
305	17	50
305	18	60
305	19	60
305	20	70
305	21	50
305	22	50
305	23	70
305	24	50
305	25	50
305	26	70
305	27	60
305	28	70
305	29	70
305	30	60
305	31	0
305	32	70
305	33	50
305	34	50
305	35	50
305	36	50
305	37	70
305	38	50
305	39	70
305	40	0
306	1	50
306	2	30
306	3	40
306	4	80
306	5	90
306	6	70
306	7	80
306	8	90
306	9	70
306	10	60
306	11	90
306	12	70
306	13	40
306	14	50
306	15	90
306	16	50
306	17	90
306	18	60
306	19	80
306	20	90
306	21	70
306	22	80
306	23	90
306	24	70
306	25	70
306	26	50
306	27	100
306	28	70
306	29	80
306	30	100
306	31	20
306	32	100
306	33	70
306	34	70
306	35	70
306	36	70
306	37	90
306	38	50
306	39	50
306	40	20
307	1	50
307	2	0
307	3	20
307	4	70
307	5	90
307	6	70
307	7	70
307	8	70
307	9	70
307	10	50
307	11	90
307	12	70
307	13	40
307	14	50
307	15	70
307	16	70
307	17	70
307	18	50
307	19	50
307	20	70
307	21	70
307	22	70
307	23	90
307	24	50
307	25	50
307	26	50
307	27	90
307	28	70
307	29	90
307	30	70
307	31	20
307	32	70
307	33	70
307	34	70
307	35	50
307	36	50
307	37	90
307	38	50
307	39	50
307	40	0
308	1	50
308	2	30
308	3	40
308	4	140
308	5	110
308	6	90
308	7	110
308	8	110
308	9	50
308	10	50
308	11	110
308	12	70
308	13	40
308	14	70
308	15	70
308	16	70
308	17	70
308	18	80
308	19	80
308	20	70
308	21	90
308	22	90
308	23	90
308	24	70
308	25	90
308	26	70
308	27	140
308	28	50
308	29	90
308	30	80
308	31	80
308	32	70
308	33	70
308	34	70
308	35	110
308	36	50
308	37	70
308	38	70
308	39	70
308	40	20
309	1	50
309	2	100
309	3	110
309	4	120
309	5	110
309	6	50
309	7	80
309	8	20
309	9	70
309	10	10
309	11	110
309	12	40
309	13	130
309	14	70
309	15	60
309	16	70
309	17	70
309	18	60
309	19	80
309	20	40
309	21	90
309	22	120
309	23	110
309	24	20
309	25	40
309	26	0
309	27	50
309	28	20
309	29	120
309	30	80
309	31	110
309	32	100
309	33	50
309	34	90
309	35	40
309	36	70
309	37	110
309	38	70
309	39	50
309	40	70
310	1	70
310	2	30
310	3	60
310	4	120
310	5	110
310	6	90
310	7	100
310	8	110
310	9	90
310	10	60
310	11	130
310	12	90
310	13	60
310	14	50
310	15	90
310	16	90
310	17	90
310	18	80
310	19	80
310	20	90
310	21	70
310	22	100
310	23	130
310	24	70
310	25	90
310	26	90
310	27	140
310	28	70
310	29	100
310	30	100
310	31	60
310	32	100
310	33	70
310	34	90
310	35	90
310	36	70
310	37	110
310	38	50
310	39	90
310	40	40
311	1	70
311	2	70
311	3	110
311	4	90
311	5	70
311	6	70
311	7	90
311	8	20
311	9	90
311	10	0
311	11	90
311	12	0
311	13	90
311	14	70
311	15	40
311	16	70
311	17	50
311	18	70
311	19	50
311	20	20
311	21	90
311	22	70
311	23	90
311	24	0
311	25	40
311	26	40
311	27	20
311	28	20
311	29	90
311	30	50
311	31	90
311	32	70
311	33	50
311	34	50
311	35	40
311	36	50
311	37	70
311	38	70
311	39	90
311	40	70
312	1	70
312	2	60
312	3	70
312	4	60
312	5	60
312	6	50
312	7	60
312	8	0
312	9	100
312	10	10
312	11	70
312	12	0
312	13	80
312	14	50
312	15	20
312	16	70
312	17	60
312	18	60
312	19	60
312	20	30
312	21	50
312	22	60
312	23	70
312	24	0
312	25	10
312	26	20
312	27	10
312	28	20
312	29	80
312	30	60
312	31	60
312	32	80
312	33	60
312	34	60
312	35	10
312	36	60
312	37	80
312	38	60
312	39	80
312	40	50
313	1	50
313	2	30
313	3	60
313	4	100
313	5	100
313	6	90
313	7	100
313	8	110
313	9	80
313	10	60
313	11	110
313	12	70
313	13	50
313	14	50
313	15	90
313	16	50
313	17	100
313	18	80
313	19	80
313	20	100
313	21	90
313	22	80
313	23	110
313	24	70
313	25	100
313	26	70
313	27	120
313	28	70
313	29	80
313	30	100
313	31	50
313	32	100
313	33	80
313	34	80
313	35	100
313	36	80
313	37	100
313	38	60
313	39	80
313	40	40
314	1	70
314	2	30
314	3	60
314	4	100
314	5	90
314	6	90
314	7	110
314	8	90
314	9	90
314	10	50
314	11	90
314	12	50
314	13	40
314	14	70
314	15	90
314	16	70
314	17	70
314	18	80
314	19	60
314	20	70
314	21	90
314	22	70
314	23	90
314	24	50
314	25	90
314	26	90
314	27	100
314	28	70
314	29	90
314	30	80
314	31	40
314	32	70
314	33	70
314	34	50
314	35	90
314	36	50
314	37	70
314	38	70
314	39	90
314	40	20
315	1	70
315	2	30
315	3	40
315	4	80
315	5	90
315	6	70
315	7	90
315	8	70
315	9	90
315	10	50
315	11	70
315	12	50
315	13	40
315	14	70
315	15	90
315	16	70
315	17	70
315	18	60
315	19	60
315	20	70
315	21	70
315	22	70
315	23	70
315	24	50
315	25	70
315	26	70
315	27	80
315	28	70
315	29	90
315	30	80
315	31	20
315	32	70
315	33	70
315	34	50
315	35	70
315	36	50
315	37	70
315	38	70
315	39	70
315	40	0
316	1	70
316	2	30
316	3	60
316	4	120
316	5	110
316	6	90
316	7	120
316	8	90
316	9	90
316	10	60
316	11	110
316	12	70
316	13	60
316	14	70
316	15	90
316	16	90
316	17	70
316	18	80
316	19	60
316	20	70
316	21	90
316	22	100
316	23	110
316	24	50
316	25	90
316	26	90
316	27	120
316	28	70
316	29	120
316	30	80
316	31	60
316	32	80
316	33	70
316	34	70
316	35	90
316	36	50
316	37	90
316	38	70
316	39	90
316	40	20
317	1	50
317	2	60
317	3	90
317	4	80
317	5	50
317	6	70
317	7	70
317	8	20
317	9	70
317	10	0
317	11	90
317	12	0
317	13	70
317	14	50
317	15	20
317	16	50
317	17	50
317	18	80
317	19	60
317	20	20
317	21	90
317	22	50
317	23	90
317	24	0
317	25	20
317	26	20
317	27	30
317	28	20
317	29	70
317	30	60
317	31	70
317	32	70
317	33	50
317	34	50
317	35	20
317	36	50
317	37	70
317	38	50
317	39	70
317	40	70
318	1	70
318	2	30
318	3	40
318	4	100
318	5	110
318	6	70
318	7	90
318	8	70
318	9	90
318	10	50
318	11	90
318	12	70
318	13	60
318	14	70
318	15	90
318	16	90
318	17	70
318	18	60
318	19	60
318	20	70
318	21	70
318	22	90
318	23	90
318	24	50
318	25	70
318	26	70
318	27	100
318	28	70
318	29	110
318	30	80
318	31	40
318	32	70
318	33	70
318	34	70
318	35	70
318	36	50
318	37	90
318	38	70
318	39	70
318	40	0
319	1	70
319	2	80
319	3	70
319	4	80
319	5	90
319	6	70
319	7	90
319	8	20
319	9	70
319	10	0
319	11	50
319	12	0
319	13	70
319	14	70
319	15	20
319	16	70
319	17	70
319	18	60
319	19	60
319	20	0
319	21	70
319	22	70
319	23	50
319	24	0
319	25	20
319	26	20
319	27	30
319	28	0
319	29	70
319	30	80
319	31	70
319	32	50
319	33	70
319	34	50
319	35	20
319	36	50
319	37	50
319	38	70
319	39	70
319	40	50
320	1	50
320	2	80
320	3	70
320	4	80
320	5	80
320	6	50
320	7	80
320	8	0
320	9	60
320	10	10
320	11	50
320	12	0
320	13	80
320	14	70
320	15	20
320	16	50
320	17	60
320	18	60
320	19	60
320	20	10
320	21	90
320	22	80
320	23	50
320	24	0
320	25	30
320	26	0
320	27	10
320	28	0
320	29	80
320	30	60
320	31	80
320	32	60
320	33	60
320	34	60
320	35	30
320	36	60
320	37	60
320	38	80
320	39	60
320	40	50
321	1	50
321	2	10
321	3	40
321	4	120
321	5	90
321	6	90
321	7	90
321	8	110
321	9	70
321	10	50
321	11	130
321	12	70
321	13	40
321	14	50
321	15	70
321	16	70
321	17	70
321	18	80
321	19	80
321	20	90
321	21	70
321	22	70
321	23	110
321	24	70
321	25	70
321	26	70
321	27	140
321	28	70
321	29	90
321	30	80
321	31	60
321	32	90
321	33	70
321	34	70
321	35	90
321	36	50
321	37	90
321	38	50
321	39	70
321	40	20
322	1	70
322	2	70
322	3	90
322	4	70
322	5	110
322	6	90
322	7	90
322	8	20
322	9	90
322	10	20
322	11	90
322	12	40
322	13	110
322	14	70
322	15	40
322	16	90
322	17	90
322	18	70
322	19	50
322	20	20
322	21	50
322	22	90
322	23	110
322	24	0
322	25	20
322	26	20
322	27	40
322	28	40
322	29	110
322	30	90
322	31	70
322	32	70
322	33	90
322	34	90
322	35	0
322	36	70
322	37	110
322	38	70
322	39	70
322	40	70
323	1	70
323	2	10
323	3	40
323	4	80
323	5	70
323	6	90
323	7	90
323	8	90
323	9	90
323	10	50
323	11	90
323	12	50
323	13	20
323	14	50
323	15	70
323	16	70
323	17	70
323	18	80
323	19	60
323	20	70
323	21	70
323	22	50
323	23	90
323	24	50
323	25	70
323	26	90
323	27	100
323	28	70
323	29	70
323	30	80
323	31	20
323	32	70
323	33	70
323	34	50
323	35	70
323	36	50
323	37	70
323	38	50
323	39	90
323	40	20
324	1	50
324	2	60
324	3	70
324	4	100
324	5	70
324	6	50
324	7	50
324	8	20
324	9	70
324	10	0
324	11	110
324	12	20
324	13	90
324	14	50
324	15	20
324	16	70
324	17	50
324	18	60
324	19	80
324	20	40
324	21	70
324	22	70
324	23	90
324	24	20
324	25	0
324	26	0
324	27	50
324	28	20
324	29	90
324	30	60
324	31	90
324	32	90
324	33	50
324	34	70
324	35	20
324	36	50
324	37	90
324	38	50
324	39	50
324	40	50
325	1	50
325	2	50
325	3	60
325	4	120
325	5	110
325	6	90
325	7	120
325	8	110
325	9	50
325	10	60
325	11	90
325	12	70
325	13	40
325	14	70
325	15	90
325	16	50
325	17	90
325	18	80
325	19	80
325	20	70
325	21	110
325	22	100
325	23	90
325	24	70
325	25	110
325	26	70
325	27	120
325	28	50
325	29	80
325	30	100
325	31	60
325	32	80
325	33	70
325	34	70
325	35	110
325	36	70
325	37	70
325	38	70
325	39	70
325	40	40
326	1	70
326	2	60
326	3	70
326	4	80
326	5	70
326	6	90
326	7	90
326	8	40
326	9	70
326	10	0
326	11	70
326	12	0
326	13	50
326	14	50
326	15	0
326	16	70
326	17	70
326	18	80
326	19	60
326	20	0
326	21	70
326	22	50
326	23	70
326	24	0
326	25	20
326	26	40
326	27	50
326	28	0
326	29	50
326	30	80
326	31	70
326	32	50
326	33	70
326	34	50
326	35	20
326	36	50
326	37	50
326	38	50
326	39	90
326	40	70
327	1	70
327	2	100
327	3	110
327	4	120
327	5	100
327	6	70
327	7	100
327	8	40
327	9	80
327	10	10
327	11	90
327	12	20
327	13	100
327	14	70
327	15	40
327	16	70
327	17	80
327	18	80
327	19	80
327	20	30
327	21	90
327	22	100
327	23	90
327	24	20
327	25	70
327	26	40
327	27	50
327	28	0
327	29	80
327	30	80
327	31	120
327	32	80
327	33	60
327	34	80
327	35	70
327	36	80
327	37	80
327	38	80
327	39	100
327	40	90
328	1	70
328	2	70
328	3	70
328	4	90
328	5	110
328	6	70
328	7	90
328	8	20
328	9	70
328	10	0
328	11	70
328	12	20
328	13	90
328	14	70
328	15	20
328	16	90
328	17	70
328	18	50
328	19	50
328	20	0
328	21	70
328	22	90
328	23	70
328	24	0
328	25	20
328	26	20
328	27	40
328	28	0
328	29	90
328	30	70
328	31	90
328	32	50
328	33	70
328	34	70
328	35	20
328	36	50
328	37	70
328	38	70
328	39	70
328	40	50
329	1	70
329	2	50
329	3	70
329	4	90
329	5	90
329	6	90
329	7	90
329	8	40
329	9	70
329	10	0
329	11	90
329	12	20
329	13	70
329	14	50
329	15	0
329	16	90
329	17	70
329	18	70
329	19	50
329	20	0
329	21	70
329	22	70
329	23	90
329	24	0
329	25	20
329	26	40
329	27	60
329	28	0
329	29	70
329	30	70
329	31	90
329	32	50
329	33	70
329	34	70
329	35	20
329	36	50
329	37	70
329	38	50
329	39	90
329	40	70
330	1	70
330	2	20
330	3	40
330	4	70
330	5	70
330	6	50
330	7	70
330	8	50
330	9	90
330	10	50
330	11	70
330	12	50
330	13	40
330	14	70
330	15	90
330	16	70
330	17	50
330	18	50
330	19	50
330	20	70
330	21	70
330	22	70
330	23	70
330	24	50
330	25	70
330	26	70
330	27	50
330	28	70
330	29	90
330	30	50
330	31	20
330	32	70
330	33	50
330	34	50
330	35	70
330	36	50
330	37	70
330	38	70
330	39	70
330	40	0
331	1	70
331	2	60
331	3	90
331	4	100
331	5	90
331	6	90
331	7	90
331	8	40
331	9	90
331	10	0
331	11	110
331	12	20
331	13	90
331	14	50
331	15	20
331	16	90
331	17	70
331	18	80
331	19	60
331	20	20
331	21	70
331	22	70
331	23	110
331	24	0
331	25	20
331	26	40
331	27	70
331	28	20
331	29	90
331	30	80
331	31	90
331	32	70
331	33	70
331	34	70
331	35	20
331	36	50
331	37	90
331	38	50
331	39	90
331	40	70
332	1	50
332	2	0
332	3	0
332	4	70
332	5	70
332	6	50
332	7	50
332	8	50
332	9	50
332	10	50
332	11	70
332	12	70
332	13	20
332	14	50
332	15	50
332	16	70
332	17	50
332	18	50
332	19	50
332	20	50
332	21	70
332	22	70
332	23	70
332	24	50
332	25	50
332	26	50
332	27	70
332	28	50
332	29	70
332	30	50
332	31	20
332	32	50
332	33	50
332	34	70
332	35	50
332	36	50
332	37	70
332	38	50
332	39	50
332	40	0
333	1	70
333	2	10
333	3	0
333	4	60
333	5	50
333	6	50
333	7	60
333	8	50
333	9	70
333	10	60
333	11	50
333	12	50
333	13	0
333	14	50
333	15	50
333	16	70
333	17	50
333	18	60
333	19	60
333	20	50
333	21	50
333	22	60
333	23	50
333	24	50
333	25	50
333	26	70
333	27	60
333	28	50
333	29	60
333	30	60
333	31	0
333	32	60
333	33	50
333	34	50
333	35	50
333	36	50
333	37	50
333	38	50
333	39	70
333	40	0
334	1	70
334	2	80
334	3	70
334	4	100
334	5	110
334	6	70
334	7	90
334	8	20
334	9	70
334	10	0
334	11	70
334	12	20
334	13	90
334	14	70
334	15	20
334	16	90
334	17	70
334	18	60
334	19	60
334	20	0
334	21	70
334	22	90
334	23	70
334	24	0
334	25	20
334	26	20
334	27	50
334	28	0
334	29	90
334	30	80
334	31	90
334	32	50
334	33	70
334	34	70
334	35	20
334	36	50
334	37	70
334	38	70
334	39	70
334	40	50
335	1	50
335	2	20
335	3	40
335	4	90
335	5	90
335	6	90
335	7	90
335	8	110
335	9	50
335	10	50
335	11	90
335	12	70
335	13	20
335	14	50
335	15	70
335	16	50
335	17	90
335	18	70
335	19	70
335	20	70
335	21	90
335	22	70
335	23	90
335	24	70
335	25	90
335	26	70
335	27	110
335	28	50
335	29	50
335	30	90
335	31	40
335	32	70
335	33	70
335	34	70
335	35	90
335	36	70
335	37	70
335	38	50
335	39	70
335	40	40
336	1	50
336	2	80
336	3	70
336	4	100
336	5	90
336	6	50
336	7	70
336	8	0
336	9	50
336	10	0
336	11	70
336	12	20
336	13	90
336	14	70
336	15	20
336	16	70
336	17	50
336	18	60
336	19	60
336	20	0
336	21	90
336	22	90
336	23	70
336	24	0
336	25	20
336	26	0
336	27	30
336	28	0
336	29	90
336	30	60
336	31	90
336	32	50
336	33	50
336	34	70
336	35	20
336	36	50
336	37	70
336	38	70
336	39	50
336	40	50
337	1	70
337	2	60
337	3	70
337	4	60
337	5	50
337	6	50
337	7	60
337	8	0
337	9	90
337	10	10
337	11	70
337	12	0
337	13	70
337	14	50
337	15	20
337	16	70
337	17	50
337	18	60
337	19	60
337	20	20
337	21	50
337	22	60
337	23	70
337	24	0
337	25	0
337	26	20
337	27	10
337	28	20
337	29	80
337	30	60
337	31	50
337	32	80
337	33	50
337	34	50
337	35	0
337	36	50
337	37	70
337	38	50
337	39	70
337	40	50
338	1	70
338	2	80
338	3	90
338	4	100
338	5	110
338	6	110
338	7	110
338	8	40
338	9	70
338	10	20
338	11	90
338	12	40
338	13	90
338	14	70
338	15	20
338	16	90
338	17	90
338	18	100
338	19	60
338	20	0
338	21	70
338	22	90
338	23	110
338	24	0
338	25	40
338	26	40
338	27	70
338	28	20
338	29	90
338	30	100
338	31	90
338	32	50
338	33	90
338	34	90
338	35	20
338	36	70
338	37	90
338	38	70
338	39	90
338	40	90
339	1	70
339	2	60
339	3	50
339	4	60
339	5	50
339	6	50
339	7	60
339	8	0
339	9	70
339	10	10
339	11	50
339	12	0
339	13	50
339	14	50
339	15	0
339	16	70
339	17	50
339	18	60
339	19	60
339	20	0
339	21	50
339	22	60
339	23	50
339	24	0
339	25	0
339	26	20
339	27	10
339	28	0
339	29	60
339	30	60
339	31	50
339	32	60
339	33	50
339	34	50
339	35	0
339	36	50
339	37	50
339	38	50
339	39	70
339	40	50
340	1	50
340	2	30
340	3	60
340	4	120
340	5	100
340	6	70
340	7	100
340	8	70
340	9	80
340	10	60
340	11	110
340	12	70
340	13	70
340	14	70
340	15	90
340	16	70
340	17	60
340	18	80
340	19	60
340	20	80
340	21	110
340	22	100
340	23	110
340	24	50
340	25	100
340	26	70
340	27	100
340	28	70
340	29	120
340	30	60
340	31	70
340	32	80
340	33	60
340	34	80
340	35	100
340	36	60
340	37	100
340	38	80
340	39	80
340	40	20
341	1	50
341	2	80
341	3	90
341	4	100
341	5	90
341	6	50
341	7	70
341	8	0
341	9	70
341	10	0
341	11	90
341	12	20
341	13	110
341	14	70
341	15	40
341	16	70
341	17	50
341	18	60
341	19	60
341	20	20
341	21	90
341	22	90
341	23	90
341	24	0
341	25	20
341	26	0
341	27	30
341	28	20
341	29	110
341	30	60
341	31	90
341	32	70
341	33	50
341	34	70
341	35	20
341	36	50
341	37	90
341	38	70
341	39	50
341	40	50
342	1	70
342	2	0
342	3	20
342	4	70
342	5	70
342	6	90
342	7	90
342	8	90
342	9	70
342	10	50
342	11	70
342	12	50
342	13	0
342	14	50
342	15	50
342	16	70
342	17	70
342	18	70
342	19	50
342	20	50
342	21	70
342	22	50
342	23	70
342	24	50
342	25	70
342	26	90
342	27	90
342	28	50
342	29	50
342	30	70
342	31	20
342	32	50
342	33	70
342	34	50
342	35	70
342	36	50
342	37	50
342	38	50
342	39	90
342	40	20
343	1	70
343	2	30
343	3	20
343	4	60
343	5	80
343	6	70
343	7	80
343	8	50
343	9	80
343	10	80
343	11	50
343	12	70
343	13	30
343	14	70
343	15	70
343	16	70
343	17	80
343	18	80
343	19	60
343	20	60
343	21	50
343	22	80
343	23	70
343	24	50
343	25	80
343	26	70
343	27	60
343	28	70
343	29	80
343	30	80
343	31	10
343	32	60
343	33	80
343	34	80
343	35	60
343	36	80
343	37	80
343	38	80
343	39	80
343	40	20
344	1	70
344	2	10
344	3	20
344	4	80
344	5	70
344	6	50
344	7	50
344	8	50
344	9	90
344	10	50
344	11	90
344	12	70
344	13	40
344	14	50
344	15	70
344	16	90
344	17	50
344	18	60
344	19	60
344	20	70
344	21	50
344	22	70
344	23	90
344	24	50
344	25	50
344	26	70
344	27	80
344	28	70
344	29	90
344	30	60
344	31	20
344	32	70
344	33	50
344	34	70
344	35	50
344	36	50
344	37	90
344	38	50
344	39	70
344	40	0
345	1	50
345	2	30
345	3	40
345	4	140
345	5	90
345	6	70
345	7	90
345	8	90
345	9	50
345	10	50
345	11	110
345	12	70
345	13	40
345	14	70
345	15	70
345	16	70
345	17	50
345	18	80
345	19	80
345	20	70
345	21	90
345	22	90
345	23	90
345	24	70
345	25	90
345	26	70
345	27	120
345	28	50
345	29	90
345	30	60
345	31	80
345	32	70
345	33	50
345	34	70
345	35	110
345	36	50
345	37	70
345	38	70
345	39	70
345	40	20
346	1	70
346	2	80
346	3	70
346	4	60
346	5	80
346	6	70
346	7	80
346	8	0
346	9	80
346	10	30
346	11	50
346	12	20
346	13	80
346	14	70
346	15	20
346	16	70
346	17	80
346	18	80
346	19	60
346	20	10
346	21	50
346	22	80
346	23	70
346	24	0
346	25	30
346	26	20
346	27	10
346	28	20
346	29	80
346	30	80
346	31	60
346	32	60
346	33	80
346	34	80
346	35	10
346	36	80
346	37	80
346	38	80
346	39	80
346	40	70
347	1	70
347	2	80
347	3	110
347	4	100
347	5	90
347	6	90
347	7	120
347	8	40
347	9	90
347	10	10
347	11	90
347	12	0
347	13	90
347	14	70
347	15	40
347	16	70
347	17	70
347	18	80
347	19	60
347	20	20
347	21	90
347	22	80
347	23	90
347	24	0
347	25	40
347	26	40
347	27	50
347	28	20
347	29	100
347	30	80
347	31	90
347	32	80
347	33	70
347	34	50
347	35	40
347	36	50
347	37	70
347	38	70
347	39	90
347	40	70
348	1	70
348	2	10
348	3	40
348	4	100
348	5	90
348	6	90
348	7	100
348	8	90
348	9	90
348	10	60
348	11	110
348	12	70
348	13	40
348	14	50
348	15	70
348	16	90
348	17	70
348	18	80
348	19	60
348	20	70
348	21	70
348	22	80
348	23	110
348	24	50
348	25	70
348	26	90
348	27	120
348	28	70
348	29	100
348	30	80
348	31	40
348	32	80
348	33	70
348	34	70
348	35	70
348	36	50
348	37	90
348	38	50
348	39	90
348	40	20
349	1	70
349	2	30
349	3	40
349	4	100
349	5	110
349	6	70
349	7	100
349	8	70
349	9	90
349	10	60
349	11	90
349	12	70
349	13	60
349	14	70
349	15	90
349	16	90
349	17	70
349	18	60
349	19	60
349	20	70
349	21	70
349	22	100
349	23	90
349	24	50
349	25	70
349	26	70
349	27	100
349	28	70
349	29	120
349	30	80
349	31	40
349	32	80
349	33	70
349	34	70
349	35	70
349	36	50
349	37	90
349	38	70
349	39	70
349	40	0
350	1	70
350	2	80
350	3	90
350	4	100
350	5	120
350	6	70
350	7	100
350	8	20
350	9	100
350	10	10
350	11	90
350	12	20
350	13	120
350	14	70
350	15	40
350	16	90
350	17	80
350	18	60
350	19	60
350	20	30
350	21	70
350	22	100
350	23	90
350	24	0
350	25	30
350	26	20
350	27	50
350	28	20
350	29	120
350	30	80
350	31	100
350	32	80
350	33	80
350	34	80
350	35	30
350	36	60
350	37	100
350	38	80
350	39	80
350	40	50
351	1	70
351	2	50
351	3	70
351	4	70
351	5	50
351	6	70
351	7	70
351	8	20
351	9	70
351	10	0
351	11	70
351	12	0
351	13	50
351	14	50
351	15	0
351	16	70
351	17	50
351	18	70
351	19	50
351	20	0
351	21	70
351	22	50
351	23	70
351	24	0
351	25	20
351	26	40
351	27	20
351	28	0
351	29	50
351	30	50
351	31	70
351	32	50
351	33	50
351	34	50
351	35	20
351	36	50
351	37	50
351	38	50
351	39	90
351	40	70
352	1	70
352	2	0
352	3	0
352	4	70
352	5	70
352	6	50
352	7	50
352	8	50
352	9	70
352	10	50
352	11	70
352	12	70
352	13	20
352	14	50
352	15	50
352	16	90
352	17	50
352	18	50
352	19	50
352	20	50
352	21	50
352	22	70
352	23	70
352	24	50
352	25	50
352	26	70
352	27	70
352	28	50
352	29	70
352	30	50
352	31	20
352	32	50
352	33	50
352	34	70
352	35	50
352	36	50
352	37	70
352	38	50
352	39	70
352	40	0
353	1	50
353	2	0
353	3	40
353	4	90
353	5	70
353	6	70
353	7	70
353	8	70
353	9	70
353	10	50
353	11	110
353	12	70
353	13	40
353	14	50
353	15	70
353	16	70
353	17	50
353	18	70
353	19	50
353	20	70
353	21	90
353	22	70
353	23	110
353	24	50
353	25	70
353	26	70
353	27	90
353	28	70
353	29	90
353	30	50
353	31	40
353	32	70
353	33	50
353	34	70
353	35	70
353	36	50
353	37	90
353	38	50
353	39	70
353	40	20
354	1	70
354	2	10
354	3	20
354	4	60
354	5	50
354	6	50
354	7	60
354	8	50
354	9	90
354	10	60
354	11	70
354	12	50
354	13	20
354	14	50
354	15	70
354	16	70
354	17	50
354	18	60
354	19	60
354	20	70
354	21	50
354	22	60
354	23	70
354	24	50
354	25	50
354	26	70
354	27	60
354	28	70
354	29	80
354	30	60
354	31	0
354	32	80
354	33	50
354	34	50
354	35	50
354	36	50
354	37	70
354	38	50
354	39	70
354	40	0
355	1	50
355	2	60
355	3	90
355	4	100
355	5	90
355	6	90
355	7	100
355	8	40
355	9	70
355	10	10
355	11	110
355	12	20
355	13	90
355	14	50
355	15	20
355	16	70
355	17	70
355	18	80
355	19	60
355	20	20
355	21	90
355	22	80
355	23	110
355	24	0
355	25	20
355	26	20
355	27	70
355	28	20
355	29	100
355	30	80
355	31	90
355	32	80
355	33	70
355	34	70
355	35	20
355	36	50
355	37	90
355	38	50
355	39	70
355	40	70
356	1	70
356	2	30
356	3	40
356	4	60
356	5	90
356	6	90
356	7	90
356	8	70
356	9	90
356	10	70
356	11	70
356	12	70
356	13	40
356	14	70
356	15	90
356	16	70
356	17	90
356	18	80
356	19	60
356	20	70
356	21	50
356	22	70
356	23	90
356	24	50
356	25	70
356	26	70
356	27	80
356	28	90
356	29	90
356	30	100
356	31	0
356	32	70
356	33	90
356	34	70
356	35	50
356	36	70
356	37	90
356	38	70
356	39	70
356	40	20
357	1	50
357	2	70
357	3	110
357	4	130
357	5	90
357	6	70
357	7	90
357	8	40
357	9	70
357	10	0
357	11	130
357	12	20
357	13	110
357	14	70
357	15	40
357	16	70
357	17	50
357	18	70
357	19	70
357	20	40
357	21	110
357	22	90
357	23	110
357	24	20
357	25	40
357	26	20
357	27	60
357	28	20
357	29	110
357	30	50
357	31	130
357	32	90
357	33	50
357	34	70
357	35	60
357	36	50
357	37	90
357	38	70
357	39	70
357	40	70
358	1	70
358	2	30
358	3	40
358	4	100
358	5	100
358	6	50
358	7	60
358	8	70
358	9	100
358	10	60
358	11	110
358	12	90
358	13	70
358	14	50
358	15	90
358	16	90
358	17	80
358	18	60
358	19	80
358	20	100
358	21	50
358	22	100
358	23	110
358	24	70
358	25	80
358	26	70
358	27	100
358	28	70
358	29	100
358	30	80
358	31	50
358	32	100
358	33	60
358	34	100
358	35	80
358	36	80
358	37	120
358	38	60
358	39	80
358	40	20
359	1	50
359	2	60
359	3	70
359	4	80
359	5	70
359	6	90
359	7	90
359	8	40
359	9	50
359	10	0
359	11	70
359	12	0
359	13	50
359	14	50
359	15	0
359	16	50
359	17	70
359	18	80
359	19	60
359	20	0
359	21	90
359	22	50
359	23	70
359	24	0
359	25	20
359	26	20
359	27	50
359	28	0
359	29	50
359	30	80
359	31	70
359	32	50
359	33	70
359	34	50
359	35	20
359	36	50
359	37	50
359	38	50
359	39	70
359	40	70
360	1	70
360	2	30
360	3	60
360	4	120
360	5	90
360	6	70
360	7	70
360	8	90
360	9	90
360	10	50
360	11	130
360	12	90
360	13	60
360	14	50
360	15	90
360	16	90
360	17	70
360	18	80
360	19	80
360	20	90
360	21	70
360	22	90
360	23	130
360	24	70
360	25	90
360	26	90
360	27	120
360	28	70
360	29	90
360	30	80
360	31	60
360	32	90
360	33	50
360	34	90
360	35	90
360	36	70
360	37	110
360	38	50
360	39	90
360	40	40
361	1	70
361	2	60
361	3	70
361	4	100
361	5	80
361	6	70
361	7	80
361	8	20
361	9	80
361	10	10
361	11	90
361	12	20
361	13	80
361	14	50
361	15	0
361	16	90
361	17	60
361	18	80
361	19	60
361	20	10
361	21	70
361	22	80
361	23	90
361	24	0
361	25	30
361	26	40
361	27	50
361	28	0
361	29	80
361	30	60
361	31	100
361	32	60
361	33	60
361	34	80
361	35	30
361	36	60
361	37	80
361	38	60
361	39	100
361	40	70
362	1	50
362	2	50
362	3	50
362	4	90
362	5	90
362	6	70
362	7	70
362	8	40
362	9	50
362	10	0
362	11	90
362	12	20
362	13	70
362	14	50
362	15	0
362	16	70
362	17	70
362	18	50
362	19	70
362	20	20
362	21	50
362	22	70
362	23	70
362	24	20
362	25	0
362	26	0
362	27	60
362	28	0
362	29	70
362	30	70
362	31	90
362	32	70
362	33	70
362	34	70
362	35	20
362	36	50
362	37	70
362	38	50
362	39	50
362	40	50
363	1	70
363	2	30
363	3	60
363	4	120
363	5	110
363	6	90
363	7	110
363	8	90
363	9	90
363	10	50
363	11	110
363	12	70
363	13	60
363	14	70
363	15	90
363	16	90
363	17	70
363	18	80
363	19	60
363	20	70
363	21	90
363	22	90
363	23	110
363	24	50
363	25	90
363	26	90
363	27	120
363	28	70
363	29	110
363	30	80
363	31	60
363	32	70
363	33	70
363	34	70
363	35	90
363	36	50
363	37	90
363	38	70
363	39	90
363	40	20
364	1	70
364	2	80
364	3	70
364	4	100
364	5	120
364	6	70
364	7	100
364	8	20
364	9	80
364	10	10
364	11	70
364	12	20
364	13	100
364	14	70
364	15	20
364	16	90
364	17	80
364	18	60
364	19	60
364	20	10
364	21	70
364	22	100
364	23	70
364	24	0
364	25	30
364	26	20
364	27	50
364	28	0
364	29	100
364	30	80
364	31	100
364	32	60
364	33	80
364	34	80
364	35	30
364	36	60
364	37	80
364	38	80
364	39	80
364	40	50
365	1	70
365	2	10
365	3	20
365	4	80
365	5	50
365	6	70
365	7	70
365	8	70
365	9	70
365	10	50
365	11	70
365	12	50
365	13	0
365	14	50
365	15	50
365	16	70
365	17	50
365	18	80
365	19	60
365	20	50
365	21	70
365	22	50
365	23	70
365	24	50
365	25	70
365	26	90
365	27	80
365	28	50
365	29	50
365	30	60
365	31	20
365	32	50
365	33	50
365	34	50
365	35	70
365	36	50
365	37	50
365	38	50
365	39	90
365	40	20
366	1	50
366	2	30
366	3	60
366	4	100
366	5	80
366	6	70
366	7	100
366	8	70
366	9	80
366	10	60
366	11	90
366	12	50
366	13	50
366	14	70
366	15	90
366	16	50
366	17	60
366	18	80
366	19	60
366	20	80
366	21	110
366	22	80
366	23	90
366	24	50
366	25	100
366	26	70
366	27	80
366	28	70
366	29	100
366	30	60
366	31	50
366	32	80
366	33	60
366	34	60
366	35	100
366	36	60
366	37	80
366	38	80
366	39	80
366	40	20
367	1	70
367	2	80
367	3	90
367	4	60
367	5	70
367	6	70
367	7	70
367	8	0
367	9	90
367	10	20
367	11	70
367	12	20
367	13	90
367	14	70
367	15	40
367	16	70
367	17	70
367	18	80
367	19	60
367	20	20
367	21	50
367	22	70
367	23	90
367	24	0
367	25	20
367	26	20
367	27	10
367	28	40
367	29	90
367	30	80
367	31	50
367	32	70
367	33	70
367	34	70
367	35	0
367	36	70
367	37	90
367	38	70
367	39	70
367	40	70
368	1	50
368	2	60
368	3	90
368	4	80
368	5	50
368	6	70
368	7	80
368	8	20
368	9	70
368	10	10
368	11	90
368	12	0
368	13	70
368	14	50
368	15	20
368	16	50
368	17	50
368	18	80
368	19	60
368	20	20
368	21	90
368	22	60
368	23	90
368	24	0
368	25	20
368	26	20
368	27	30
368	28	20
368	29	80
368	30	60
368	31	70
368	32	80
368	33	50
368	34	50
368	35	20
368	36	50
368	37	70
368	38	50
368	39	70
368	40	70
369	1	50
369	2	70
369	3	70
369	4	90
369	5	90
369	6	50
369	7	70
369	8	0
369	9	50
369	10	0
369	11	70
369	12	20
369	13	90
369	14	70
369	15	20
369	16	70
369	17	50
369	18	50
369	19	50
369	20	0
369	21	90
369	22	90
369	23	70
369	24	0
369	25	20
369	26	0
369	27	20
369	28	0
369	29	90
369	30	50
369	31	90
369	32	50
369	33	50
369	34	70
369	35	20
369	36	50
369	37	70
369	38	70
369	39	50
369	40	50
370	1	70
370	2	50
370	3	40
370	4	100
370	5	100
370	6	50
370	7	80
370	8	70
370	9	80
370	10	60
370	11	70
370	12	70
370	13	50
370	14	70
370	15	90
370	16	70
370	17	80
370	18	60
370	19	80
370	20	80
370	21	70
370	22	100
370	23	70
370	24	70
370	25	100
370	26	70
370	27	80
370	28	50
370	29	80
370	30	80
370	31	50
370	32	80
370	33	60
370	34	80
370	35	100
370	36	80
370	37	80
370	38	80
370	39	80
370	40	20
371	1	70
371	2	50
371	3	40
371	4	100
371	5	110
371	6	70
371	7	100
371	8	50
371	9	70
371	10	80
371	11	70
371	12	90
371	13	60
371	14	90
371	15	90
371	16	90
371	17	70
371	18	80
371	19	60
371	20	50
371	21	70
371	22	120
371	23	90
371	24	50
371	25	90
371	26	70
371	27	80
371	28	70
371	29	120
371	30	80
371	31	40
371	32	60
371	33	70
371	34	90
371	35	70
371	36	70
371	37	90
371	38	90
371	39	70
371	40	20
372	1	70
372	2	30
372	3	40
372	4	80
372	5	70
372	6	50
372	7	80
372	8	50
372	9	90
372	10	60
372	11	70
372	12	50
372	13	40
372	14	70
372	15	90
372	16	70
372	17	50
372	18	60
372	19	60
372	20	70
372	21	70
372	22	80
372	23	70
372	24	50
372	25	70
372	26	70
372	27	60
372	28	70
372	29	100
372	30	60
372	31	20
372	32	80
372	33	50
372	34	50
372	35	70
372	36	50
372	37	70
372	38	70
372	39	70
372	40	0
373	1	50
373	2	10
373	3	40
373	4	120
373	5	90
373	6	90
373	7	100
373	8	110
373	9	70
373	10	60
373	11	130
373	12	70
373	13	40
373	14	50
373	15	70
373	16	70
373	17	70
373	18	80
373	19	80
373	20	90
373	21	70
373	22	80
373	23	110
373	24	70
373	25	70
373	26	70
373	27	140
373	28	70
373	29	100
373	30	80
373	31	60
373	32	100
373	33	70
373	34	70
373	35	90
373	36	50
373	37	90
373	38	50
373	39	70
373	40	20
374	1	50
374	2	50
374	3	60
374	4	140
374	5	130
374	6	90
374	7	120
374	8	110
374	9	50
374	10	60
374	11	110
374	12	90
374	13	60
374	14	70
374	15	90
374	16	70
374	17	90
374	18	80
374	19	80
374	20	70
374	21	110
374	22	120
374	23	110
374	24	70
374	25	110
374	26	70
374	27	140
374	28	50
374	29	100
374	30	100
374	31	80
374	32	80
374	33	70
374	34	90
374	35	110
374	36	70
374	37	90
374	38	70
374	39	70
374	40	40
375	1	70
375	2	0
375	3	20
375	4	90
375	5	90
375	6	90
375	7	90
375	8	90
375	9	70
375	10	50
375	11	90
375	12	70
375	13	20
375	14	50
375	15	50
375	16	90
375	17	70
375	18	70
375	19	50
375	20	50
375	21	70
375	22	70
375	23	90
375	24	50
375	25	70
375	26	90
375	27	110
375	28	50
375	29	70
375	30	70
375	31	40
375	32	50
375	33	70
375	34	70
375	35	70
375	36	50
375	37	70
375	38	50
375	39	90
375	40	20
376	1	70
376	2	30
376	3	60
376	4	120
376	5	110
376	6	90
376	7	110
376	8	90
376	9	90
376	10	50
376	11	110
376	12	70
376	13	60
376	14	70
376	15	90
376	16	90
376	17	70
376	18	80
376	19	60
376	20	70
376	21	90
376	22	90
376	23	110
376	24	50
376	25	90
376	26	90
376	27	120
376	28	70
376	29	110
376	30	80
376	31	60
376	32	70
376	33	70
376	34	70
376	35	90
376	36	50
376	37	90
376	38	70
376	39	90
376	40	20
377	1	50
377	2	10
377	3	0
377	4	100
377	5	80
377	6	50
377	7	60
377	8	70
377	9	60
377	10	60
377	11	90
377	12	70
377	13	30
377	14	50
377	15	50
377	16	70
377	17	60
377	18	60
377	19	80
377	20	80
377	21	50
377	22	80
377	23	70
377	24	70
377	25	60
377	26	50
377	27	100
377	28	50
377	29	80
377	30	60
377	31	50
377	32	80
377	33	60
377	34	80
377	35	80
377	36	60
377	37	80
377	38	60
377	39	60
377	40	0
378	1	50
378	2	80
378	3	90
378	4	80
378	5	90
378	6	70
378	7	80
378	8	40
378	9	70
378	10	10
378	11	90
378	12	20
378	13	90
378	14	50
378	15	40
378	16	50
378	17	90
378	18	60
378	19	80
378	20	40
378	21	70
378	22	80
378	23	90
378	24	20
378	25	20
378	26	0
378	27	50
378	28	20
378	29	80
378	30	100
378	31	70
378	32	100
378	33	70
378	34	70
378	35	20
378	36	70
378	37	90
378	38	50
378	39	50
378	40	70
379	1	50
379	2	30
379	3	40
379	4	120
379	5	110
379	6	70
379	7	90
379	8	90
379	9	70
379	10	50
379	11	110
379	12	70
379	13	60
379	14	70
379	15	90
379	16	70
379	17	70
379	18	60
379	19	80
379	20	90
379	21	70
379	22	90
379	23	90
379	24	70
379	25	70
379	26	50
379	27	120
379	28	70
379	29	110
379	30	80
379	31	60
379	32	90
379	33	70
379	34	70
379	35	90
379	36	50
379	37	90
379	38	70
379	39	50
379	40	0
380	1	70
380	2	70
380	3	90
380	4	90
380	5	90
380	6	90
380	7	110
380	8	40
380	9	70
380	10	0
380	11	70
380	12	0
380	13	70
380	14	70
380	15	20
380	16	70
380	17	70
380	18	70
380	19	50
380	20	0
380	21	90
380	22	70
380	23	70
380	24	0
380	25	40
380	26	40
380	27	40
380	28	0
380	29	70
380	30	70
380	31	90
380	32	50
380	33	70
380	34	50
380	35	40
380	36	50
380	37	50
380	38	70
380	39	90
380	40	70
381	1	50
381	2	80
381	3	90
381	4	80
381	5	100
381	6	70
381	7	100
381	8	20
381	9	80
381	10	10
381	11	70
381	12	0
381	13	100
381	14	70
381	15	40
381	16	50
381	17	80
381	18	60
381	19	60
381	20	30
381	21	90
381	22	80
381	23	70
381	24	0
381	25	30
381	26	0
381	27	30
381	28	20
381	29	100
381	30	80
381	31	80
381	32	80
381	33	80
381	34	60
381	35	30
381	36	60
381	37	80
381	38	80
381	39	60
381	40	50
382	1	50
382	2	80
382	3	90
382	4	100
382	5	120
382	6	70
382	7	100
382	8	20
382	9	80
382	10	10
382	11	90
382	12	20
382	13	120
382	14	70
382	15	40
382	16	70
382	17	80
382	18	60
382	19	60
382	20	30
382	21	90
382	22	100
382	23	90
382	24	0
382	25	30
382	26	0
382	27	50
382	28	20
382	29	120
382	30	80
382	31	100
382	32	80
382	33	80
382	34	80
382	35	30
382	36	60
382	37	100
382	38	80
382	39	60
382	40	50
383	1	70
383	2	80
383	3	90
383	4	80
383	5	100
383	6	70
383	7	100
383	8	20
383	9	100
383	10	10
383	11	70
383	12	0
383	13	100
383	14	70
383	15	40
383	16	70
383	17	80
383	18	60
383	19	60
383	20	30
383	21	70
383	22	80
383	23	70
383	24	0
383	25	30
383	26	20
383	27	30
383	28	20
383	29	100
383	30	80
383	31	80
383	32	80
383	33	80
383	34	60
383	35	30
383	36	60
383	37	80
383	38	80
383	39	80
383	40	50
384	1	70
384	2	60
384	3	90
384	4	100
384	5	70
384	6	70
384	7	80
384	8	20
384	9	90
384	10	10
384	11	110
384	12	20
384	13	90
384	14	50
384	15	20
384	16	90
384	17	50
384	18	80
384	19	60
384	20	20
384	21	70
384	22	80
384	23	110
384	24	0
384	25	20
384	26	40
384	27	50
384	28	20
384	29	100
384	30	60
384	31	90
384	32	80
384	33	50
384	34	70
384	35	20
384	36	50
384	37	90
384	38	50
384	39	90
384	40	70
385	1	70
385	2	60
385	3	70
385	4	80
385	5	80
385	6	90
385	7	100
385	8	40
385	9	80
385	10	10
385	11	70
385	12	0
385	13	60
385	14	50
385	15	0
385	16	70
385	17	80
385	18	80
385	19	60
385	20	10
385	21	70
385	22	60
385	23	70
385	24	0
385	25	30
385	26	40
385	27	50
385	28	0
385	29	60
385	30	80
385	31	80
385	32	60
385	33	80
385	34	60
385	35	30
385	36	60
385	37	60
385	38	60
385	39	100
385	40	70
386	1	50
386	2	0
386	3	20
386	4	90
386	5	90
386	6	90
386	7	90
386	8	90
386	9	50
386	10	50
386	11	90
386	12	70
386	13	20
386	14	50
386	15	50
386	16	70
386	17	70
386	18	70
386	19	50
386	20	50
386	21	90
386	22	70
386	23	90
386	24	50
386	25	70
386	26	70
386	27	110
386	28	50
386	29	70
386	30	70
386	31	40
386	32	50
386	33	70
386	34	70
386	35	70
386	36	50
386	37	70
386	38	50
386	39	70
386	40	20
387	1	50
387	2	10
387	3	0
387	4	80
387	5	60
387	6	50
387	7	60
387	8	70
387	9	60
387	10	60
387	11	70
387	12	50
387	13	10
387	14	50
387	15	50
387	16	50
387	17	60
387	18	60
387	19	80
387	20	80
387	21	70
387	22	60
387	23	50
387	24	70
387	25	60
387	26	50
387	27	80
387	28	50
387	29	60
387	30	60
387	31	30
387	32	80
387	33	60
387	34	60
387	35	80
387	36	60
387	37	60
387	38	60
387	39	60
387	40	0
388	1	70
388	2	30
388	3	60
388	4	100
388	5	100
388	6	90
388	7	120
388	8	90
388	9	100
388	10	60
388	11	90
388	12	50
388	13	50
388	14	70
388	15	90
388	16	70
388	17	80
388	18	80
388	19	60
388	20	80
388	21	90
388	22	80
388	23	90
388	24	50
388	25	100
388	26	90
388	27	100
388	28	70
388	29	100
388	30	80
388	31	50
388	32	80
388	33	80
388	34	60
388	35	100
388	36	60
388	37	80
388	38	80
388	39	100
388	40	20
389	1	70
389	2	60
389	3	70
389	4	100
389	5	80
389	6	70
389	7	80
389	8	20
389	9	80
389	10	10
389	11	90
389	12	20
389	13	80
389	14	50
389	15	0
389	16	90
389	17	60
389	18	80
389	19	60
389	20	10
389	21	70
389	22	80
389	23	90
389	24	0
389	25	30
389	26	40
389	27	50
389	28	0
389	29	80
389	30	60
389	31	100
389	32	60
389	33	60
389	34	80
389	35	30
389	36	60
389	37	80
389	38	60
389	39	100
389	40	70
390	1	70
390	2	30
390	3	60
390	4	100
390	5	90
390	6	90
390	7	120
390	8	90
390	9	90
390	10	60
390	11	90
390	12	50
390	13	40
390	14	70
390	15	90
390	16	70
390	17	70
390	18	80
390	19	60
390	20	70
390	21	90
390	22	80
390	23	90
390	24	50
390	25	90
390	26	90
390	27	100
390	28	70
390	29	100
390	30	80
390	31	40
390	32	80
390	33	70
390	34	50
390	35	90
390	36	50
390	37	70
390	38	70
390	39	90
390	40	20
391	1	50
391	2	100
391	3	110
391	4	120
391	5	120
391	6	90
391	7	120
391	8	60
391	9	60
391	10	10
391	11	90
391	12	20
391	13	100
391	14	70
391	15	40
391	16	50
391	17	100
391	18	80
391	19	80
391	20	30
391	21	110
391	22	100
391	23	90
391	24	20
391	25	70
391	26	20
391	27	70
391	28	0
391	29	80
391	30	100
391	31	120
391	32	80
391	33	80
391	34	80
391	35	70
391	36	80
391	37	80
391	38	80
391	39	80
391	40	90
392	1	50
392	2	30
392	3	40
392	4	100
392	5	110
392	6	70
392	7	90
392	8	70
392	9	70
392	10	50
392	11	90
392	12	70
392	13	60
392	14	70
392	15	90
392	16	70
392	17	70
392	18	60
392	19	60
392	20	70
392	21	90
392	22	90
392	23	90
392	24	50
392	25	70
392	26	50
392	27	100
392	28	70
392	29	110
392	30	80
392	31	40
392	32	70
392	33	70
392	34	70
392	35	70
392	36	50
392	37	90
392	38	70
392	39	50
392	40	0
393	1	70
393	2	30
393	3	40
393	4	80
393	5	70
393	6	50
393	7	50
393	8	70
393	9	90
393	10	50
393	11	90
393	12	70
393	13	40
393	14	50
393	15	90
393	16	70
393	17	70
393	18	60
393	19	80
393	20	90
393	21	50
393	22	70
393	23	90
393	24	70
393	25	70
393	26	70
393	27	80
393	28	70
393	29	70
393	30	80
393	31	20
393	32	90
393	33	50
393	34	70
393	35	70
393	36	70
393	37	90
393	38	50
393	39	70
393	40	20
394	1	50
394	2	10
394	3	0
394	4	80
394	5	70
394	6	50
394	7	60
394	8	50
394	9	50
394	10	60
394	11	70
394	12	70
394	13	20
394	14	50
394	15	50
394	16	70
394	17	50
394	18	60
394	19	60
394	20	50
394	21	70
394	22	80
394	23	70
394	24	50
394	25	50
394	26	50
394	27	80
394	28	50
394	29	80
394	30	60
394	31	20
394	32	60
394	33	50
394	34	70
394	35	50
394	36	50
394	37	70
394	38	50
394	39	50
394	40	0
395	1	50
395	2	50
395	3	80
395	4	120
395	5	110
395	6	90
395	7	110
395	8	110
395	9	70
395	10	50
395	11	110
395	12	70
395	13	60
395	14	70
395	15	110
395	16	50
395	17	90
395	18	80
395	19	80
395	20	90
395	21	110
395	22	90
395	23	110
395	24	70
395	25	110
395	26	70
395	27	120
395	28	70
395	29	90
395	30	100
395	31	60
395	32	90
395	33	70
395	34	70
395	35	110
395	36	70
395	37	90
395	38	70
395	39	70
395	40	40
396	1	50
396	2	10
396	3	20
396	4	80
396	5	70
396	6	70
396	7	70
396	8	90
396	9	70
396	10	50
396	11	90
396	12	50
396	13	20
396	14	50
396	15	70
396	16	50
396	17	70
396	18	60
396	19	80
396	20	90
396	21	50
396	22	50
396	23	70
396	24	70
396	25	50
396	26	50
396	27	100
396	28	70
396	29	70
396	30	80
396	31	20
396	32	90
396	33	70
396	34	50
396	35	70
396	36	50
396	37	70
396	38	50
396	39	50
396	40	0
397	1	70
397	2	100
397	3	110
397	4	120
397	5	110
397	6	50
397	7	80
397	8	20
397	9	90
397	10	10
397	11	110
397	12	40
397	13	130
397	14	70
397	15	60
397	16	90
397	17	70
397	18	60
397	19	80
397	20	40
397	21	70
397	22	120
397	23	110
397	24	20
397	25	40
397	26	20
397	27	50
397	28	20
397	29	120
397	30	80
397	31	110
397	32	100
397	33	50
397	34	90
397	35	40
397	36	70
397	37	110
397	38	70
397	39	70
397	40	70
398	1	50
398	2	80
398	3	90
398	4	120
398	5	110
398	6	70
398	7	100
398	8	40
398	9	70
398	10	10
398	11	110
398	12	20
398	13	110
398	14	70
398	15	40
398	16	70
398	17	70
398	18	60
398	19	80
398	20	40
398	21	70
398	22	100
398	23	90
398	24	20
398	25	20
398	26	0
398	27	70
398	28	20
398	29	120
398	30	80
398	31	110
398	32	100
398	33	70
398	34	70
398	35	40
398	36	50
398	37	90
398	38	70
398	39	50
398	40	50
399	1	70
399	2	80
399	3	90
399	4	100
399	5	90
399	6	50
399	7	70
399	8	0
399	9	90
399	10	0
399	11	90
399	12	20
399	13	110
399	14	70
399	15	40
399	16	90
399	17	50
399	18	60
399	19	60
399	20	20
399	21	70
399	22	90
399	23	90
399	24	0
399	25	20
399	26	20
399	27	30
399	28	20
399	29	110
399	30	60
399	31	90
399	32	70
399	33	50
399	34	70
399	35	20
399	36	50
399	37	90
399	38	70
399	39	70
399	40	50
400	1	50
400	2	80
400	3	90
400	4	120
400	5	90
400	6	70
400	7	90
400	8	20
400	9	50
400	10	0
400	11	90
400	12	20
400	13	90
400	14	70
400	15	20
400	16	70
400	17	50
400	18	80
400	19	60
400	20	0
400	21	110
400	22	90
400	23	90
400	24	0
400	25	40
400	26	20
400	27	50
400	28	0
400	29	90
400	30	60
400	31	110
400	32	50
400	33	50
400	34	70
400	35	40
400	36	50
400	37	70
400	38	70
400	39	70
400	40	70
401	1	70
401	2	80
401	3	110
401	4	100
401	5	90
401	6	90
401	7	120
401	8	40
401	9	90
401	10	10
401	11	90
401	12	0
401	13	90
401	14	70
401	15	40
401	16	70
401	17	70
401	18	80
401	19	60
401	20	20
401	21	90
401	22	80
401	23	90
401	24	0
401	25	40
401	26	40
401	27	50
401	28	20
401	29	100
401	30	80
401	31	90
401	32	80
401	33	70
401	34	50
401	35	40
401	36	50
401	37	70
401	38	70
401	39	90
401	40	70
402	1	70
402	2	80
402	3	70
402	4	100
402	5	90
402	6	50
402	7	70
402	8	0
402	9	70
402	10	0
402	11	70
402	12	20
402	13	90
402	14	70
402	15	20
402	16	90
402	17	50
402	18	60
402	19	60
402	20	0
402	21	70
402	22	90
402	23	70
402	24	0
402	25	20
402	26	20
402	27	30
402	28	0
402	29	90
402	30	60
402	31	90
402	32	50
402	33	50
402	34	70
402	35	20
402	36	50
402	37	70
402	38	70
402	39	70
402	40	50
403	1	50
403	2	20
403	3	60
403	4	110
403	5	90
403	6	70
403	7	90
403	8	70
403	9	70
403	10	50
403	11	110
403	12	70
403	13	60
403	14	70
403	15	90
403	16	70
403	17	50
403	18	70
403	19	50
403	20	70
403	21	110
403	22	90
403	23	110
403	24	50
403	25	90
403	26	70
403	27	90
403	28	70
403	29	110
403	30	50
403	31	60
403	32	70
403	33	50
403	34	70
403	35	90
403	36	50
403	37	90
403	38	70
403	39	70
403	40	20
404	1	50
404	2	60
404	3	70
404	4	120
404	5	90
404	6	90
404	7	90
404	8	60
404	9	50
404	10	0
404	11	110
404	12	20
404	13	70
404	14	50
404	15	0
404	16	70
404	17	70
404	18	80
404	19	80
404	20	20
404	21	90
404	22	70
404	23	90
404	24	20
404	25	20
404	26	20
404	27	90
404	28	0
404	29	70
404	30	80
404	31	110
404	32	70
404	33	70
404	34	70
404	35	40
404	36	50
404	37	70
404	38	50
404	39	70
404	40	70
405	1	70
405	2	80
405	3	70
405	4	80
405	5	70
405	6	50
405	7	50
405	8	20
405	9	70
405	10	0
405	11	70
405	12	20
405	13	70
405	14	50
405	15	20
405	16	70
405	17	70
405	18	60
405	19	80
405	20	20
405	21	50
405	22	70
405	23	70
405	24	20
405	25	20
405	26	20
405	27	30
405	28	0
405	29	50
405	30	80
405	31	70
405	32	70
405	33	50
405	34	70
405	35	20
405	36	70
405	37	70
405	38	50
405	39	70
405	40	70
406	1	50
406	2	80
406	3	90
406	4	80
406	5	80
406	6	50
406	7	60
406	8	20
406	9	80
406	10	10
406	11	90
406	12	20
406	13	100
406	14	50
406	15	40
406	16	50
406	17	80
406	18	60
406	19	80
406	20	50
406	21	70
406	22	80
406	23	90
406	24	20
406	25	30
406	26	0
406	27	30
406	28	20
406	29	80
406	30	80
406	31	80
406	32	100
406	33	60
406	34	80
406	35	30
406	36	80
406	37	100
406	38	60
406	39	60
406	40	70
407	1	70
407	2	30
407	3	40
407	4	80
407	5	90
407	6	70
407	7	80
407	8	90
407	9	90
407	10	60
407	11	90
407	12	70
407	13	40
407	14	50
407	15	90
407	16	70
407	17	90
407	18	60
407	19	80
407	20	90
407	21	50
407	22	80
407	23	90
407	24	70
407	25	70
407	26	70
407	27	100
407	28	70
407	29	80
407	30	100
407	31	20
407	32	100
407	33	70
407	34	70
407	35	70
407	36	70
407	37	90
407	38	50
407	39	70
407	40	20
408	1	70
408	2	10
408	3	40
408	4	80
408	5	60
408	6	70
408	7	80
408	8	70
408	9	100
408	10	60
408	11	90
408	12	50
408	13	30
408	14	50
408	15	70
408	16	70
408	17	60
408	18	80
408	19	60
408	20	80
408	21	70
408	22	60
408	23	90
408	24	50
408	25	80
408	26	90
408	27	80
408	28	70
408	29	80
408	30	60
408	31	30
408	32	80
408	33	60
408	34	60
408	35	80
408	36	60
408	37	80
408	38	60
408	39	100
408	40	20
409	1	70
409	2	0
409	3	0
409	4	50
409	5	50
409	6	50
409	7	50
409	8	50
409	9	70
409	10	50
409	11	50
409	12	50
409	13	0
409	14	50
409	15	50
409	16	70
409	17	50
409	18	50
409	19	50
409	20	50
409	21	50
409	22	50
409	23	50
409	24	50
409	25	50
409	26	70
409	27	50
409	28	50
409	29	50
409	30	50
409	31	0
409	32	50
409	33	50
409	34	50
409	35	50
409	36	50
409	37	50
409	38	50
409	39	70
409	40	0
410	1	70
410	2	80
410	3	90
410	4	80
410	5	110
410	6	90
410	7	90
410	8	20
410	9	90
410	10	20
410	11	90
410	12	40
410	13	110
410	14	70
410	15	40
410	16	90
410	17	90
410	18	80
410	19	60
410	20	20
410	21	50
410	22	90
410	23	110
410	24	0
410	25	20
410	26	20
410	27	50
410	28	40
410	29	110
410	30	100
410	31	70
410	32	70
410	33	90
410	34	90
410	35	0
410	36	70
410	37	110
410	38	70
410	39	70
410	40	70
411	1	70
411	2	10
411	3	0
411	4	80
411	5	90
411	6	70
411	7	70
411	8	70
411	9	70
411	10	50
411	11	70
411	12	70
411	13	20
411	14	50
411	15	50
411	16	90
411	17	70
411	18	60
411	19	60
411	20	50
411	21	50
411	22	70
411	23	70
411	24	50
411	25	50
411	26	70
411	27	100
411	28	50
411	29	70
411	30	80
411	31	20
411	32	50
411	33	70
411	34	70
411	35	50
411	36	50
411	37	70
411	38	50
411	39	70
411	40	0
412	1	70
412	2	60
412	3	70
412	4	80
412	5	70
412	6	90
412	7	100
412	8	40
412	9	70
412	10	10
412	11	70
412	12	0
412	13	50
412	14	50
412	15	0
412	16	70
412	17	70
412	18	80
412	19	60
412	20	0
412	21	70
412	22	60
412	23	70
412	24	0
412	25	20
412	26	40
412	27	50
412	28	0
412	29	60
412	30	80
412	31	70
412	32	60
412	33	70
412	34	50
412	35	20
412	36	50
412	37	50
412	38	50
412	39	90
412	40	70
413	1	50
413	2	10
413	3	20
413	4	100
413	5	70
413	6	50
413	7	60
413	8	70
413	9	70
413	10	60
413	11	110
413	12	70
413	13	40
413	14	50
413	15	70
413	16	70
413	17	50
413	18	60
413	19	80
413	20	90
413	21	70
413	22	80
413	23	90
413	24	70
413	25	50
413	26	50
413	27	100
413	28	70
413	29	100
413	30	60
413	31	40
413	32	100
413	33	50
413	34	70
413	35	70
413	36	50
413	37	90
413	38	50
413	39	50
413	40	0
414	1	70
414	2	30
414	3	40
414	4	100
414	5	110
414	6	70
414	7	90
414	8	70
414	9	90
414	10	50
414	11	90
414	12	70
414	13	60
414	14	70
414	15	90
414	16	90
414	17	70
414	18	60
414	19	60
414	20	70
414	21	70
414	22	90
414	23	90
414	24	50
414	25	70
414	26	70
414	27	100
414	28	70
414	29	110
414	30	80
414	31	40
414	32	70
414	33	70
414	34	70
414	35	70
414	36	50
414	37	90
414	38	70
414	39	70
414	40	0
415	1	50
415	2	80
415	3	90
415	4	140
415	5	110
415	6	90
415	7	120
415	8	60
415	9	50
415	10	10
415	11	110
415	12	20
415	13	90
415	14	70
415	15	20
415	16	70
415	17	70
415	18	80
415	19	80
415	20	20
415	21	110
415	22	100
415	23	90
415	24	20
415	25	40
415	26	20
415	27	90
415	28	0
415	29	100
415	30	80
415	31	130
415	32	80
415	33	70
415	34	70
415	35	60
415	36	50
415	37	70
415	38	70
415	39	70
415	40	70
416	1	70
416	2	70
416	3	70
416	4	70
416	5	70
416	6	50
416	7	50
416	8	20
416	9	70
416	10	0
416	11	70
416	12	20
416	13	70
416	14	50
416	15	20
416	16	70
416	17	70
416	18	50
416	19	70
416	20	20
416	21	50
416	22	70
416	23	70
416	24	20
416	25	20
416	26	20
416	27	20
416	28	0
416	29	50
416	30	70
416	31	70
416	32	70
416	33	50
416	34	70
416	35	20
416	36	70
416	37	70
416	38	50
416	39	70
416	40	70
417	1	70
417	2	90
417	3	110
417	4	110
417	5	90
417	6	70
417	7	90
417	8	40
417	9	70
417	10	0
417	11	90
417	12	20
417	13	90
417	14	70
417	15	40
417	16	70
417	17	70
417	18	70
417	19	70
417	20	20
417	21	90
417	22	90
417	23	90
417	24	20
417	25	60
417	26	40
417	27	40
417	28	0
417	29	70
417	30	70
417	31	110
417	32	70
417	33	50
417	34	70
417	35	60
417	36	70
417	37	70
417	38	70
417	39	90
417	40	90
418	1	50
418	2	50
418	3	90
418	4	110
418	5	90
418	6	90
418	7	90
418	8	60
418	9	70
418	10	0
418	11	130
418	12	20
418	13	90
418	14	50
418	15	20
418	16	70
418	17	70
418	18	70
418	19	70
418	20	40
418	21	90
418	22	70
418	23	110
418	24	20
418	25	20
418	26	20
418	27	80
418	28	20
418	29	90
418	30	70
418	31	110
418	32	90
418	33	70
418	34	70
418	35	40
418	36	50
418	37	90
418	38	50
418	39	70
418	40	70
419	1	70
419	2	30
419	3	60
419	4	100
419	5	70
419	6	70
419	7	100
419	8	70
419	9	90
419	10	60
419	11	90
419	12	50
419	13	40
419	14	70
419	15	90
419	16	70
419	17	50
419	18	80
419	19	60
419	20	70
419	21	90
419	22	80
419	23	90
419	24	50
419	25	90
419	26	90
419	27	80
419	28	70
419	29	100
419	30	60
419	31	40
419	32	80
419	33	50
419	34	50
419	35	90
419	36	50
419	37	70
419	38	70
419	39	90
419	40	20
420	1	70
420	2	0
420	3	20
420	4	70
420	5	90
420	6	70
420	7	70
420	8	70
420	9	90
420	10	50
420	11	90
420	12	70
420	13	40
420	14	50
420	15	70
420	16	90
420	17	70
420	18	50
420	19	50
420	20	70
420	21	50
420	22	70
420	23	90
420	24	50
420	25	50
420	26	70
420	27	90
420	28	70
420	29	90
420	30	70
420	31	20
420	32	70
420	33	70
420	34	70
420	35	50
420	36	50
420	37	90
420	38	50
420	39	70
420	40	0
421	1	70
421	2	80
421	3	90
421	4	100
421	5	90
421	6	90
421	7	120
421	8	40
421	9	70
421	10	10
421	11	70
421	12	0
421	13	70
421	14	70
421	15	20
421	16	70
421	17	70
421	18	80
421	19	60
421	20	0
421	21	90
421	22	80
421	23	70
421	24	0
421	25	40
421	26	40
421	27	50
421	28	0
421	29	80
421	30	80
421	31	90
421	32	60
421	33	70
421	34	50
421	35	40
421	36	50
421	37	50
421	38	70
421	39	90
421	40	70
422	1	50
422	2	50
422	3	40
422	4	100
422	5	90
422	6	50
422	7	70
422	8	70
422	9	50
422	10	50
422	11	70
422	12	70
422	13	40
422	14	70
422	15	90
422	16	50
422	17	70
422	18	60
422	19	80
422	20	70
422	21	90
422	22	90
422	23	70
422	24	70
422	25	90
422	26	50
422	27	80
422	28	50
422	29	70
422	30	80
422	31	40
422	32	70
422	33	50
422	34	70
422	35	90
422	36	70
422	37	70
422	38	70
422	39	50
422	40	20
423	1	50
423	2	40
423	3	60
423	4	130
423	5	110
423	6	70
423	7	90
423	8	90
423	9	50
423	10	50
423	11	110
423	12	90
423	13	60
423	14	70
423	15	90
423	16	70
423	17	70
423	18	70
423	19	70
423	20	70
423	21	110
423	22	110
423	23	110
423	24	70
423	25	110
423	26	70
423	27	110
423	28	50
423	29	90
423	30	70
423	31	80
423	32	70
423	33	50
423	34	90
423	35	110
423	36	70
423	37	90
423	38	70
423	39	70
423	40	40
424	1	50
424	2	20
424	3	40
424	4	90
424	5	90
424	6	50
424	7	50
424	8	70
424	9	70
424	10	50
424	11	110
424	12	90
424	13	60
424	14	50
424	15	90
424	16	70
424	17	70
424	18	50
424	19	70
424	20	90
424	21	70
424	22	90
424	23	110
424	24	70
424	25	70
424	26	50
424	27	90
424	28	70
424	29	90
424	30	70
424	31	40
424	32	90
424	33	50
424	34	90
424	35	70
424	36	70
424	37	110
424	38	50
424	39	50
424	40	20
425	1	50
425	2	50
425	3	80
425	4	120
425	5	100
425	6	70
425	7	100
425	8	90
425	9	80
425	10	60
425	11	110
425	12	70
425	13	70
425	14	70
425	15	110
425	16	50
425	17	80
425	18	80
425	19	80
425	20	100
425	21	110
425	22	100
425	23	110
425	24	70
425	25	120
425	26	70
425	27	100
425	28	70
425	29	100
425	30	80
425	31	70
425	32	100
425	33	60
425	34	80
425	35	120
425	36	80
425	37	100
425	38	80
425	39	80
425	40	40
426	1	50
426	2	60
426	3	50
426	4	100
426	5	90
426	6	70
426	7	70
426	8	40
426	9	50
426	10	0
426	11	90
426	12	20
426	13	70
426	14	50
426	15	0
426	16	70
426	17	70
426	18	60
426	19	80
426	20	20
426	21	70
426	22	70
426	23	70
426	24	20
426	25	0
426	26	0
426	27	70
426	28	0
426	29	70
426	30	80
426	31	90
426	32	70
426	33	70
426	34	70
426	35	20
426	36	50
426	37	70
426	38	50
426	39	50
426	40	50
427	1	70
427	2	10
427	3	0
427	4	80
427	5	100
427	6	70
427	7	80
427	8	70
427	9	80
427	10	60
427	11	70
427	12	70
427	13	30
427	14	50
427	15	50
427	16	90
427	17	80
427	18	60
427	19	60
427	20	60
427	21	50
427	22	80
427	23	70
427	24	50
427	25	60
427	26	70
427	27	100
427	28	50
427	29	80
427	30	80
427	31	30
427	32	60
427	33	80
427	34	80
427	35	60
427	36	60
427	37	80
427	38	60
427	39	80
427	40	0
428	1	50
428	2	50
428	3	80
428	4	140
428	5	130
428	6	90
428	7	110
428	8	110
428	9	70
428	10	50
428	11	130
428	12	90
428	13	80
428	14	70
428	15	110
428	16	70
428	17	90
428	18	80
428	19	80
428	20	90
428	21	110
428	22	110
428	23	130
428	24	70
428	25	110
428	26	70
428	27	140
428	28	70
428	29	110
428	30	100
428	31	80
428	32	90
428	33	70
428	34	90
428	35	110
428	36	70
428	37	110
428	38	70
428	39	70
428	40	40
429	1	50
429	2	30
429	3	40
429	4	140
429	5	110
429	6	90
429	7	120
429	8	110
429	9	50
429	10	60
429	11	110
429	12	70
429	13	40
429	14	70
429	15	70
429	16	70
429	17	70
429	18	80
429	19	80
429	20	70
429	21	110
429	22	100
429	23	90
429	24	70
429	25	90
429	26	70
429	27	140
429	28	50
429	29	100
429	30	80
429	31	80
429	32	80
429	33	70
429	34	70
429	35	110
429	36	50
429	37	70
429	38	70
429	39	70
429	40	20
430	1	50
430	2	30
430	3	20
430	4	80
430	5	100
430	6	70
430	7	80
430	8	90
430	9	60
430	10	60
430	11	70
430	12	70
430	13	30
430	14	50
430	15	70
430	16	50
430	17	100
430	18	60
430	19	80
430	20	80
430	21	70
430	22	80
430	23	70
430	24	70
430	25	80
430	26	50
430	27	100
430	28	50
430	29	60
430	30	100
430	31	30
430	32	80
430	33	80
430	34	80
430	35	80
430	36	80
430	37	80
430	38	60
430	39	60
430	40	20
431	1	50
431	2	80
431	3	90
431	4	120
431	5	90
431	6	70
431	7	70
431	8	40
431	9	50
431	10	0
431	11	110
431	12	40
431	13	90
431	14	50
431	15	20
431	16	70
431	17	70
431	18	80
431	19	80
431	20	20
431	21	90
431	22	90
431	23	110
431	24	20
431	25	40
431	26	20
431	27	70
431	28	0
431	29	70
431	30	80
431	31	110
431	32	70
431	33	50
431	34	90
431	35	40
431	36	70
431	37	90
431	38	50
431	39	70
431	40	90
432	1	50
432	2	50
432	3	80
432	4	120
432	5	110
432	6	90
432	7	120
432	8	110
432	9	70
432	10	60
432	11	110
432	12	70
432	13	60
432	14	70
432	15	110
432	16	50
432	17	90
432	18	80
432	19	80
432	20	90
432	21	110
432	22	100
432	23	110
432	24	70
432	25	110
432	26	70
432	27	120
432	28	70
432	29	100
432	30	100
432	31	60
432	32	100
432	33	70
432	34	70
432	35	110
432	36	70
432	37	90
432	38	70
432	39	70
432	40	40
433	1	70
433	2	100
433	3	110
433	4	100
433	5	120
433	6	110
433	7	140
433	8	40
433	9	80
433	10	30
433	11	70
433	12	20
433	13	100
433	14	90
433	15	40
433	16	70
433	17	100
433	18	100
433	19	60
433	20	10
433	21	90
433	22	100
433	23	90
433	24	0
433	25	70
433	26	40
433	27	50
433	28	20
433	29	100
433	30	100
433	31	100
433	32	60
433	33	100
433	34	80
433	35	50
433	36	80
433	37	80
433	38	100
433	39	100
433	40	90
434	1	70
434	2	10
434	3	20
434	4	80
434	5	80
434	6	50
434	7	60
434	8	50
434	9	100
434	10	60
434	11	90
434	12	70
434	13	50
434	14	50
434	15	70
434	16	90
434	17	60
434	18	60
434	19	60
434	20	80
434	21	50
434	22	80
434	23	90
434	24	50
434	25	60
434	26	70
434	27	80
434	28	70
434	29	100
434	30	60
434	31	30
434	32	80
434	33	60
434	34	80
434	35	60
434	36	60
434	37	100
434	38	60
434	39	80
434	40	0
435	1	70
435	2	70
435	3	70
435	4	90
435	5	110
435	6	70
435	7	90
435	8	20
435	9	70
435	10	0
435	11	70
435	12	20
435	13	90
435	14	70
435	15	20
435	16	90
435	17	70
435	18	50
435	19	50
435	20	0
435	21	70
435	22	90
435	23	70
435	24	0
435	25	20
435	26	20
435	27	40
435	28	0
435	29	90
435	30	70
435	31	90
435	32	50
435	33	70
435	34	70
435	35	20
435	36	50
435	37	70
435	38	70
435	39	70
435	40	50
436	1	50
436	2	80
436	3	70
436	4	80
436	5	70
436	6	50
436	7	50
436	8	20
436	9	50
436	10	0
436	11	70
436	12	20
436	13	70
436	14	50
436	15	20
436	16	50
436	17	70
436	18	60
436	19	80
436	20	20
436	21	70
436	22	70
436	23	70
436	24	20
436	25	20
436	26	0
436	27	30
436	28	0
436	29	50
436	30	80
436	31	70
436	32	70
436	33	50
436	34	70
436	35	20
436	36	70
436	37	70
436	38	50
436	39	50
436	40	70
437	1	70
437	2	0
437	3	40
437	4	70
437	5	70
437	6	90
437	7	90
437	8	90
437	9	90
437	10	50
437	11	90
437	12	50
437	13	20
437	14	50
437	15	70
437	16	70
437	17	70
437	18	70
437	19	50
437	20	70
437	21	70
437	22	50
437	23	90
437	24	50
437	25	70
437	26	90
437	27	90
437	28	70
437	29	70
437	30	70
437	31	20
437	32	70
437	33	70
437	34	50
437	35	70
437	36	50
437	37	70
437	38	50
437	39	90
437	40	20
438	1	50
438	2	50
438	3	60
438	4	140
438	5	120
438	6	70
438	7	100
438	8	90
438	9	60
438	10	60
438	11	110
438	12	90
438	13	70
438	14	70
438	15	90
438	16	70
438	17	80
438	18	80
438	19	80
438	20	80
438	21	110
438	22	120
438	23	110
438	24	70
438	25	120
438	26	70
438	27	120
438	28	50
438	29	100
438	30	80
438	31	90
438	32	80
438	33	60
438	34	100
438	35	120
438	36	80
438	37	100
438	38	80
438	39	80
438	40	40
439	1	70
439	2	80
439	3	90
439	4	80
439	5	80
439	6	50
439	7	80
439	8	0
439	9	100
439	10	10
439	11	70
439	12	0
439	13	100
439	14	70
439	15	40
439	16	70
439	17	60
439	18	60
439	19	60
439	20	30
439	21	70
439	22	80
439	23	70
439	24	0
439	25	30
439	26	20
439	27	10
439	28	20
439	29	100
439	30	60
439	31	80
439	32	80
439	33	60
439	34	60
439	35	30
439	36	60
439	37	80
439	38	80
439	39	80
439	40	50
440	1	70
440	2	50
440	3	80
440	4	120
440	5	130
440	6	110
440	7	140
440	8	90
440	9	90
440	10	80
440	11	110
440	12	90
440	13	80
440	14	90
440	15	110
440	16	90
440	17	90
440	18	100
440	19	60
440	20	70
440	21	90
440	22	120
440	23	130
440	24	50
440	25	110
440	26	90
440	27	120
440	28	90
440	29	140
440	30	100
440	31	60
440	32	80
440	33	90
440	34	90
440	35	90
440	36	70
440	37	110
440	38	90
440	39	90
440	40	40
441	1	70
441	2	100
441	3	110
441	4	100
441	5	120
441	6	70
441	7	100
441	8	0
441	9	100
441	10	30
441	11	90
441	12	40
441	13	140
441	14	90
441	15	60
441	16	90
441	17	80
441	18	80
441	19	60
441	20	30
441	21	70
441	22	120
441	23	110
441	24	0
441	25	50
441	26	20
441	27	30
441	28	40
441	29	140
441	30	80
441	31	100
441	32	80
441	33	80
441	34	100
441	35	30
441	36	80
441	37	120
441	38	100
441	39	80
441	40	70
442	1	70
442	2	30
442	3	40
442	4	120
442	5	110
442	6	90
442	7	90
442	8	110
442	9	70
442	10	50
442	11	110
442	12	90
442	13	40
442	14	50
442	15	70
442	16	90
442	17	90
442	18	80
442	19	80
442	20	70
442	21	70
442	22	90
442	23	110
442	24	70
442	25	90
442	26	90
442	27	140
442	28	50
442	29	70
442	30	100
442	31	60
442	32	70
442	33	70
442	34	90
442	35	90
442	36	70
442	37	90
442	38	50
442	39	90
442	40	40
443	1	70
443	2	0
443	3	0
443	4	70
443	5	70
443	6	50
443	7	50
443	8	50
443	9	70
443	10	50
443	11	70
443	12	70
443	13	20
443	14	50
443	15	50
443	16	90
443	17	50
443	18	50
443	19	50
443	20	50
443	21	50
443	22	70
443	23	70
443	24	50
443	25	50
443	26	70
443	27	70
443	28	50
443	29	70
443	30	50
443	31	20
443	32	50
443	33	50
443	34	70
443	35	50
443	36	50
443	37	70
443	38	50
443	39	70
443	40	0
444	1	50
444	2	30
444	3	40
444	4	140
444	5	100
444	6	70
444	7	100
444	8	90
444	9	60
444	10	60
444	11	110
444	12	70
444	13	50
444	14	70
444	15	70
444	16	70
444	17	60
444	18	80
444	19	80
444	20	80
444	21	90
444	22	100
444	23	90
444	24	70
444	25	100
444	26	70
444	27	120
444	28	50
444	29	100
444	30	60
444	31	90
444	32	80
444	33	60
444	34	80
444	35	120
444	36	60
444	37	80
444	38	80
444	39	80
444	40	20
445	1	70
445	2	30
445	3	40
445	4	100
445	5	90
445	6	50
445	7	70
445	8	50
445	9	90
445	10	50
445	11	90
445	12	70
445	13	60
445	14	70
445	15	90
445	16	90
445	17	50
445	18	60
445	19	60
445	20	70
445	21	70
445	22	90
445	23	90
445	24	50
445	25	70
445	26	70
445	27	80
445	28	70
445	29	110
445	30	60
445	31	40
445	32	70
445	33	50
445	34	70
445	35	70
445	36	50
445	37	90
445	38	70
445	39	70
445	40	0
446	1	50
446	2	80
446	3	90
446	4	80
446	5	80
446	6	50
446	7	60
446	8	20
446	9	80
446	10	10
446	11	90
446	12	20
446	13	100
446	14	50
446	15	40
446	16	50
446	17	80
446	18	60
446	19	80
446	20	50
446	21	70
446	22	80
446	23	90
446	24	20
446	25	30
446	26	0
446	27	30
446	28	20
446	29	80
446	30	80
446	31	80
446	32	100
446	33	60
446	34	80
446	35	30
446	36	80
446	37	100
446	38	60
446	39	60
446	40	70
447	1	70
447	2	30
447	3	40
447	4	120
447	5	110
447	6	90
447	7	120
447	8	90
447	9	70
447	10	60
447	11	90
447	12	70
447	13	40
447	14	70
447	15	70
447	16	90
447	17	70
447	18	80
447	19	60
447	20	50
447	21	90
447	22	100
447	23	90
447	24	50
447	25	90
447	26	90
447	27	120
447	28	50
447	29	100
447	30	80
447	31	60
447	32	60
447	33	70
447	34	70
447	35	90
447	36	50
447	37	70
447	38	70
447	39	90
447	40	20
448	1	50
448	2	50
448	3	70
448	4	90
448	5	90
448	6	70
448	7	70
448	8	40
448	9	70
448	10	0
448	11	110
448	12	20
448	13	90
448	14	50
448	15	20
448	16	70
448	17	70
448	18	50
448	19	70
448	20	40
448	21	50
448	22	70
448	23	90
448	24	20
448	25	0
448	26	0
448	27	60
448	28	20
448	29	90
448	30	70
448	31	90
448	32	90
448	33	70
448	34	70
448	35	20
448	36	50
448	37	90
448	38	50
448	39	50
448	40	50
449	1	70
449	2	60
449	3	90
449	4	100
449	5	100
449	6	90
449	7	100
449	8	40
449	9	100
449	10	10
449	11	110
449	12	20
449	13	100
449	14	50
449	15	20
449	16	90
449	17	80
449	18	80
449	19	60
449	20	30
449	21	70
449	22	80
449	23	110
449	24	0
449	25	30
449	26	40
449	27	70
449	28	20
449	29	100
449	30	80
449	31	100
449	32	80
449	33	80
449	34	80
449	35	30
449	36	60
449	37	100
449	38	60
449	39	100
449	40	70
450	1	70
450	2	80
450	3	110
450	4	100
450	5	90
450	6	90
450	7	110
450	8	40
450	9	90
450	10	0
450	11	90
450	12	0
450	13	90
450	14	70
450	15	40
450	16	70
450	17	70
450	18	80
450	19	60
450	20	20
450	21	90
450	22	70
450	23	90
450	24	0
450	25	40
450	26	40
450	27	50
450	28	20
450	29	90
450	30	80
450	31	90
450	32	70
450	33	70
450	34	50
450	35	40
450	36	50
450	37	70
450	38	70
450	39	90
450	40	70
451	1	50
451	2	70
451	3	90
451	4	110
451	5	110
451	6	70
451	7	90
451	8	40
451	9	70
451	10	0
451	11	110
451	12	20
451	13	110
451	14	70
451	15	40
451	16	70
451	17	70
451	18	50
451	19	70
451	20	40
451	21	70
451	22	90
451	23	90
451	24	20
451	25	20
451	26	0
451	27	60
451	28	20
451	29	110
451	30	70
451	31	110
451	32	90
451	33	70
451	34	70
451	35	40
451	36	50
451	37	90
451	38	70
451	39	50
451	40	50
452	1	50
452	2	100
452	3	90
452	4	120
452	5	130
452	6	70
452	7	90
452	8	40
452	9	50
452	10	0
452	11	90
452	12	40
452	13	110
452	14	70
452	15	40
452	16	70
452	17	90
452	18	60
452	19	80
452	20	20
452	21	90
452	22	110
452	23	90
452	24	20
452	25	40
452	26	0
452	27	70
452	28	0
452	29	90
452	30	100
452	31	110
452	32	70
452	33	70
452	34	90
452	35	40
452	36	70
452	37	90
452	38	70
452	39	50
452	40	70
453	1	70
453	2	100
453	3	110
453	4	120
453	5	140
453	6	70
453	7	100
453	8	40
453	9	100
453	10	10
453	11	110
453	12	40
453	13	140
453	14	70
453	15	60
453	16	90
453	17	100
453	18	60
453	19	80
453	20	50
453	21	70
453	22	120
453	23	110
453	24	20
453	25	50
453	26	20
453	27	70
453	28	20
453	29	120
453	30	100
453	31	120
453	32	100
453	33	80
453	34	100
453	35	50
453	36	80
453	37	120
453	38	80
453	39	80
453	40	70
454	1	50
454	2	10
454	3	20
454	4	100
454	5	90
454	6	90
454	7	100
454	8	90
454	9	50
454	10	60
454	11	90
454	12	70
454	13	20
454	14	50
454	15	50
454	16	70
454	17	70
454	18	80
454	19	60
454	20	50
454	21	90
454	22	80
454	23	90
454	24	50
454	25	70
454	26	70
454	27	120
454	28	50
454	29	80
454	30	80
454	31	40
454	32	60
454	33	70
454	34	70
454	35	70
454	36	50
454	37	70
454	38	50
454	39	70
454	40	20
455	1	70
455	2	80
455	3	70
455	4	80
455	5	70
455	6	50
455	7	80
455	8	0
455	9	70
455	10	10
455	11	50
455	12	0
455	13	70
455	14	70
455	15	20
455	16	70
455	17	50
455	18	60
455	19	60
455	20	0
455	21	70
455	22	80
455	23	50
455	24	0
455	25	20
455	26	20
455	27	10
455	28	0
455	29	80
455	30	60
455	31	70
455	32	60
455	33	50
455	34	50
455	35	20
455	36	50
455	37	50
455	38	70
455	39	70
455	40	50
456	1	70
456	2	80
456	3	110
456	4	100
456	5	90
456	6	90
456	7	110
456	8	40
456	9	90
456	10	0
456	11	90
456	12	0
456	13	90
456	14	70
456	15	40
456	16	70
456	17	70
456	18	80
456	19	60
456	20	20
456	21	90
456	22	70
456	23	90
456	24	0
456	25	40
456	26	40
456	27	50
456	28	20
456	29	90
456	30	80
456	31	90
456	32	70
456	33	70
456	34	50
456	35	40
456	36	50
456	37	70
456	38	70
456	39	90
456	40	70
457	1	50
457	2	60
457	3	50
457	4	80
457	5	70
457	6	50
457	7	60
457	8	0
457	9	50
457	10	10
457	11	70
457	12	20
457	13	70
457	14	50
457	15	0
457	16	70
457	17	50
457	18	60
457	19	60
457	20	0
457	21	70
457	22	80
457	23	70
457	24	0
457	25	0
457	26	0
457	27	30
457	28	0
457	29	80
457	30	60
457	31	70
457	32	60
457	33	50
457	34	70
457	35	0
457	36	50
457	37	70
457	38	50
457	39	50
457	40	50
458	1	70
458	2	0
458	3	40
458	4	90
458	5	70
458	6	70
458	7	70
458	8	70
458	9	90
458	10	50
458	11	110
458	12	70
458	13	40
458	14	50
458	15	70
458	16	90
458	17	50
458	18	70
458	19	50
458	20	70
458	21	70
458	22	70
458	23	110
458	24	50
458	25	70
458	26	90
458	27	90
458	28	70
458	29	90
458	30	50
458	31	40
458	32	70
458	33	50
458	34	70
458	35	70
458	36	50
458	37	90
458	38	50
458	39	90
458	40	20
459	1	50
459	2	60
459	3	70
459	4	100
459	5	90
459	6	90
459	7	100
459	8	40
459	9	50
459	10	10
459	11	90
459	12	20
459	13	70
459	14	50
459	15	0
459	16	70
459	17	70
459	18	80
459	19	60
459	20	0
459	21	90
459	22	80
459	23	90
459	24	0
459	25	20
459	26	20
459	27	70
459	28	0
459	29	80
459	30	80
459	31	90
459	32	60
459	33	70
459	34	70
459	35	20
459	36	50
459	37	70
459	38	50
459	39	70
459	40	70
460	1	70
460	2	30
460	3	40
460	4	100
460	5	90
460	6	90
460	7	120
460	8	90
460	9	70
460	10	60
460	11	70
460	12	50
460	13	20
460	14	70
460	15	70
460	16	70
460	17	70
460	18	80
460	19	60
460	20	50
460	21	90
460	22	80
460	23	70
460	24	50
460	25	90
460	26	90
460	27	100
460	28	50
460	29	80
460	30	80
460	31	40
460	32	60
460	33	70
460	34	50
460	35	90
460	36	50
460	37	50
460	38	70
460	39	90
460	40	20
461	1	50
461	2	100
461	3	130
461	4	140
461	5	110
461	6	70
461	7	100
461	8	40
461	9	70
461	10	10
461	11	130
461	12	40
461	13	130
461	14	70
461	15	60
461	16	70
461	17	70
461	18	80
461	19	80
461	20	40
461	21	110
461	22	120
461	23	130
461	24	20
461	25	60
461	26	20
461	27	70
461	28	20
461	29	120
461	30	80
461	31	130
461	32	100
461	33	50
461	34	90
461	35	60
461	36	70
461	37	110
461	38	70
461	39	70
461	40	90
462	1	50
462	2	60
462	3	70
462	4	100
462	5	60
462	6	70
462	7	80
462	8	40
462	9	60
462	10	10
462	11	90
462	12	0
462	13	60
462	14	50
462	15	0
462	16	50
462	17	60
462	18	80
462	19	80
462	20	30
462	21	70
462	22	60
462	23	70
462	24	20
462	25	30
462	26	20
462	27	50
462	28	0
462	29	60
462	30	60
462	31	100
462	32	80
462	33	60
462	34	60
462	35	50
462	36	60
462	37	60
462	38	60
462	39	80
462	40	70
463	1	70
463	2	80
463	3	70
463	4	80
463	5	70
463	6	50
463	7	80
463	8	0
463	9	70
463	10	10
463	11	50
463	12	0
463	13	70
463	14	70
463	15	20
463	16	70
463	17	50
463	18	60
463	19	60
463	20	0
463	21	70
463	22	80
463	23	50
463	24	0
463	25	20
463	26	20
463	27	10
463	28	0
463	29	80
463	30	60
463	31	70
463	32	60
463	33	50
463	34	50
463	35	20
463	36	50
463	37	50
463	38	70
463	39	70
463	40	50
464	1	70
464	2	10
464	3	40
464	4	100
464	5	80
464	6	70
464	7	80
464	8	70
464	9	100
464	10	60
464	11	110
464	12	70
464	13	50
464	14	50
464	15	70
464	16	90
464	17	60
464	18	80
464	19	60
464	20	80
464	21	70
464	22	80
464	23	110
464	24	50
464	25	80
464	26	90
464	27	100
464	28	70
464	29	100
464	30	60
464	31	50
464	32	80
464	33	60
464	34	80
464	35	80
464	36	60
464	37	100
464	38	60
464	39	100
464	40	20
465	1	70
465	2	80
465	3	110
465	4	80
465	5	90
465	6	110
465	7	120
465	8	40
465	9	90
465	10	30
465	11	90
465	12	20
465	13	90
465	14	70
465	15	40
465	16	70
465	17	90
465	18	100
465	19	60
465	20	20
465	21	70
465	22	80
465	23	110
465	24	0
465	25	40
465	26	40
465	27	50
465	28	40
465	29	100
465	30	100
465	31	70
465	32	80
465	33	90
465	34	70
465	35	20
465	36	70
465	37	90
465	38	70
465	39	90
465	40	90
466	1	50
466	2	30
466	3	20
466	4	100
466	5	100
466	6	50
466	7	80
466	8	50
466	9	60
466	10	60
466	11	70
466	12	70
466	13	50
466	14	70
466	15	70
466	16	70
466	17	60
466	18	60
466	19	60
466	20	60
466	21	90
466	22	100
466	23	70
466	24	50
466	25	80
466	26	50
466	27	80
466	28	50
466	29	100
466	30	60
466	31	50
466	32	60
466	33	60
466	34	80
466	35	80
466	36	60
466	37	80
466	38	80
466	39	60
466	40	0
467	1	70
467	2	10
467	3	20
467	4	80
467	5	90
467	6	70
467	7	80
467	8	70
467	9	90
467	10	60
467	11	90
467	12	70
467	13	40
467	14	50
467	15	70
467	16	90
467	17	70
467	18	60
467	19	60
467	20	70
467	21	50
467	22	80
467	23	90
467	24	50
467	25	50
467	26	70
467	27	100
467	28	70
467	29	100
467	30	80
467	31	20
467	32	80
467	33	70
467	34	70
467	35	50
467	36	50
467	37	90
467	38	50
467	39	70
467	40	0
468	1	70
468	2	30
468	3	40
468	4	120
468	5	110
468	6	90
468	7	120
468	8	90
468	9	70
468	10	60
468	11	90
468	12	70
468	13	40
468	14	70
468	15	70
468	16	90
468	17	70
468	18	80
468	19	60
468	20	50
468	21	90
468	22	100
468	23	90
468	24	50
468	25	90
468	26	90
468	27	120
468	28	50
468	29	100
468	30	80
468	31	60
468	32	60
468	33	70
468	34	70
468	35	90
468	36	50
468	37	70
468	38	70
468	39	90
468	40	20
469	1	50
469	2	30
469	3	40
469	4	100
469	5	120
469	6	70
469	7	100
469	8	70
469	9	80
469	10	60
469	11	90
469	12	70
469	13	70
469	14	70
469	15	90
469	16	70
469	17	80
469	18	60
469	19	60
469	20	80
469	21	90
469	22	100
469	23	90
469	24	50
469	25	80
469	26	50
469	27	100
469	28	70
469	29	120
469	30	80
469	31	50
469	32	80
469	33	80
469	34	80
469	35	80
469	36	60
469	37	100
469	38	80
469	39	60
469	40	0
470	1	50
470	2	30
470	3	20
470	4	100
470	5	110
470	6	70
470	7	100
470	8	70
470	9	50
470	10	60
470	11	70
470	12	70
470	13	40
470	14	70
470	15	70
470	16	70
470	17	70
470	18	60
470	19	60
470	20	50
470	21	90
470	22	100
470	23	70
470	24	50
470	25	70
470	26	50
470	27	100
470	28	50
470	29	100
470	30	80
470	31	40
470	32	60
470	33	70
470	34	70
470	35	70
470	36	50
470	37	70
470	38	70
470	39	50
470	40	0
471	1	50
471	2	30
471	3	40
471	4	140
471	5	100
471	6	70
471	7	100
471	8	90
471	9	60
471	10	60
471	11	110
471	12	70
471	13	50
471	14	70
471	15	70
471	16	70
471	17	60
471	18	80
471	19	80
471	20	80
471	21	110
471	22	100
471	23	90
471	24	70
471	25	100
471	26	70
471	27	120
471	28	50
471	29	100
471	30	60
471	31	90
471	32	80
471	33	60
471	34	80
471	35	120
471	36	60
471	37	80
471	38	80
471	39	80
471	40	20
472	1	70
472	2	100
472	3	110
472	4	140
472	5	110
472	6	70
472	7	100
472	8	40
472	9	70
472	10	10
472	11	110
472	12	40
472	13	110
472	14	70
472	15	40
472	16	90
472	17	70
472	18	80
472	19	80
472	20	20
472	21	90
472	22	120
472	23	110
472	24	20
472	25	60
472	26	40
472	27	70
472	28	0
472	29	100
472	30	80
472	31	130
472	32	80
472	33	50
472	34	90
472	35	60
472	36	70
472	37	90
472	38	70
472	39	90
472	40	90
473	1	70
473	2	30
473	3	40
473	4	80
473	5	80
473	6	50
473	7	80
473	8	50
473	9	100
473	10	60
473	11	70
473	12	50
473	13	50
473	14	70
473	15	90
473	16	70
473	17	60
473	18	60
473	19	60
473	20	80
473	21	70
473	22	80
473	23	70
473	24	50
473	25	80
473	26	70
473	27	60
473	28	70
473	29	100
473	30	60
473	31	30
473	32	80
473	33	60
473	34	60
473	35	80
473	36	60
473	37	80
473	38	80
473	39	80
473	40	0
474	1	70
474	2	80
474	3	70
474	4	80
474	5	80
474	6	50
474	7	60
474	8	20
474	9	80
474	10	10
474	11	70
474	12	20
474	13	80
474	14	50
474	15	20
474	16	70
474	17	80
474	18	60
474	19	80
474	20	30
474	21	50
474	22	80
474	23	70
474	24	20
474	25	30
474	26	20
474	27	30
474	28	0
474	29	60
474	30	80
474	31	80
474	32	80
474	33	60
474	34	80
474	35	30
474	36	80
474	37	80
474	38	60
474	39	80
474	40	70
475	1	70
475	2	50
475	3	80
475	4	140
475	5	120
475	6	70
475	7	100
475	8	90
475	9	100
475	10	60
475	11	130
475	12	90
475	13	90
475	14	70
475	15	110
475	16	90
475	17	80
475	18	80
475	19	80
475	20	100
475	21	90
475	22	120
475	23	130
475	24	70
475	25	120
475	26	90
475	27	120
475	28	70
475	29	120
475	30	80
475	31	90
475	32	100
475	33	60
475	34	100
475	35	120
475	36	80
475	37	120
475	38	80
475	39	100
475	40	40
476	1	50
476	2	30
476	3	60
476	4	140
476	5	90
476	6	70
476	7	100
476	8	90
476	9	70
476	10	60
476	11	130
476	12	70
476	13	60
476	14	70
476	15	90
476	16	70
476	17	50
476	18	80
476	19	80
476	20	90
476	21	90
476	22	100
476	23	110
476	24	70
476	25	90
476	26	70
476	27	120
476	28	70
476	29	120
476	30	60
476	31	80
476	32	100
476	33	50
476	34	70
476	35	110
476	36	50
476	37	90
476	38	70
476	39	70
476	40	20
477	1	70
477	2	10
477	3	0
477	4	80
477	5	90
477	6	70
477	7	80
477	8	70
477	9	70
477	10	60
477	11	70
477	12	70
477	13	20
477	14	50
477	15	50
477	16	90
477	17	70
477	18	60
477	19	60
477	20	50
477	21	50
477	22	80
477	23	70
477	24	50
477	25	50
477	26	70
477	27	100
477	28	50
477	29	80
477	30	80
477	31	20
477	32	60
477	33	70
477	34	70
477	35	50
477	36	50
477	37	70
477	38	50
477	39	70
477	40	0
478	1	70
478	2	10
478	3	40
478	4	80
478	5	80
478	6	90
478	7	100
478	8	90
478	9	100
478	10	60
478	11	90
478	12	50
478	13	30
478	14	50
478	15	70
478	16	70
478	17	80
478	18	80
478	19	60
478	20	80
478	21	70
478	22	60
478	23	90
478	24	50
478	25	80
478	26	90
478	27	100
478	28	70
478	29	80
478	30	80
478	31	30
478	32	80
478	33	80
478	34	60
478	35	80
478	36	60
478	37	80
478	38	60
478	39	100
478	40	20
479	1	70
479	2	50
479	3	80
479	4	140
479	5	110
479	6	70
479	7	90
479	8	90
479	9	90
479	10	50
479	11	130
479	12	90
479	13	80
479	14	70
479	15	110
479	16	90
479	17	70
479	18	80
479	19	80
479	20	90
479	21	90
479	22	110
479	23	130
479	24	70
479	25	110
479	26	90
479	27	120
479	28	70
479	29	110
479	30	80
479	31	80
479	32	90
479	33	50
479	34	90
479	35	110
479	36	70
479	37	110
479	38	70
479	39	90
479	40	40
480	1	70
480	2	100
480	3	130
480	4	100
480	5	120
480	6	110
480	7	140
480	8	40
480	9	100
480	10	30
480	11	90
480	12	20
480	13	120
480	14	90
480	15	60
480	16	70
480	17	100
480	18	100
480	19	60
480	20	30
480	21	90
480	22	100
480	23	110
480	24	0
480	25	70
480	26	40
480	27	50
480	28	40
480	29	120
480	30	100
480	31	100
480	32	80
480	33	100
480	34	80
480	35	50
480	36	80
480	37	100
480	38	100
480	39	100
480	40	90
481	1	50
481	2	50
481	3	90
481	4	90
481	5	50
481	6	70
481	7	70
481	8	40
481	9	70
481	10	0
481	11	110
481	12	0
481	13	70
481	14	50
481	15	20
481	16	50
481	17	50
481	18	70
481	19	70
481	20	40
481	21	90
481	22	50
481	23	90
481	24	20
481	25	20
481	26	20
481	27	40
481	28	20
481	29	70
481	30	50
481	31	90
481	32	90
481	33	50
481	34	50
481	35	40
481	36	50
481	37	70
481	38	50
481	39	70
481	40	70
482	1	50
482	2	80
482	3	70
482	4	100
482	5	90
482	6	70
482	7	100
482	8	40
482	9	50
482	10	10
482	11	70
482	12	0
482	13	70
482	14	70
482	15	20
482	16	50
482	17	70
482	18	60
482	19	80
482	20	20
482	21	90
482	22	80
482	23	50
482	24	20
482	25	20
482	26	0
482	27	50
482	28	0
482	29	80
482	30	80
482	31	90
482	32	80
482	33	70
482	34	50
482	35	40
482	36	50
482	37	50
482	38	70
482	39	50
482	40	50
483	1	70
483	2	50
483	3	40
483	4	80
483	5	100
483	6	70
483	7	100
483	8	50
483	9	80
483	10	80
483	11	50
483	12	70
483	13	50
483	14	90
483	15	90
483	16	70
483	17	80
483	18	80
483	19	60
483	20	60
483	21	70
483	22	100
483	23	70
483	24	50
483	25	100
483	26	70
483	27	60
483	28	70
483	29	100
483	30	80
483	31	30
483	32	60
483	33	80
483	34	80
483	35	80
483	36	80
483	37	80
483	38	100
483	39	80
483	40	20
484	1	70
484	2	30
484	3	40
484	4	80
484	5	90
484	6	70
484	7	80
484	8	50
484	9	90
484	10	80
484	11	90
484	12	90
484	13	60
484	14	70
484	15	90
484	16	90
484	17	70
484	18	80
484	19	60
484	20	70
484	21	50
484	22	100
484	23	110
484	24	50
484	25	70
484	26	70
484	27	80
484	28	90
484	29	120
484	30	80
484	31	20
484	32	80
484	33	70
484	34	90
484	35	50
484	36	70
484	37	110
484	38	70
484	39	70
484	40	20
485	1	50
485	2	80
485	3	70
485	4	80
485	5	80
485	6	50
485	7	60
485	8	20
485	9	60
485	10	10
485	11	70
485	12	20
485	13	80
485	14	50
485	15	20
485	16	50
485	17	80
485	18	60
485	19	80
485	20	30
485	21	70
485	22	80
485	23	70
485	24	20
485	25	30
485	26	0
485	27	30
485	28	0
485	29	60
485	30	80
485	31	80
485	32	80
485	33	60
485	34	80
485	35	30
485	36	80
485	37	80
485	38	60
485	39	60
485	40	70
486	1	70
486	2	10
486	3	20
486	4	80
486	5	60
486	6	70
486	7	80
486	8	70
486	9	80
486	10	60
486	11	70
486	12	50
486	13	10
486	14	50
486	15	50
486	16	70
486	17	60
486	18	80
486	19	60
486	20	60
486	21	70
486	22	60
486	23	70
486	24	50
486	25	80
486	26	90
486	27	80
486	28	50
486	29	60
486	30	60
486	31	30
486	32	60
486	33	60
486	34	60
486	35	80
486	36	60
486	37	60
486	38	60
486	39	100
486	40	20
487	1	70
487	2	60
487	3	50
487	4	80
487	5	100
487	6	70
487	7	80
487	8	20
487	9	80
487	10	10
487	11	70
487	12	20
487	13	80
487	14	50
487	15	0
487	16	90
487	17	80
487	18	60
487	19	60
487	20	10
487	21	50
487	22	80
487	23	70
487	24	0
487	25	10
487	26	20
487	27	50
487	28	0
487	29	80
487	30	80
487	31	80
487	32	60
487	33	80
487	34	80
487	35	10
487	36	60
487	37	80
487	38	60
487	39	80
487	40	50
488	1	70
488	2	80
488	3	110
488	4	100
488	5	70
488	6	70
488	7	100
488	8	20
488	9	90
488	10	10
488	11	90
488	12	0
488	13	90
488	14	70
488	15	40
488	16	70
488	17	50
488	18	80
488	19	60
488	20	20
488	21	90
488	22	80
488	23	90
488	24	0
488	25	40
488	26	40
488	27	30
488	28	20
488	29	100
488	30	60
488	31	90
488	32	80
488	33	50
488	34	50
488	35	40
488	36	50
488	37	70
488	38	70
488	39	90
488	40	70
489	1	70
489	2	80
489	3	110
489	4	100
489	5	70
489	6	70
489	7	100
489	8	20
489	9	90
489	10	10
489	11	90
489	12	0
489	13	90
489	14	70
489	15	40
489	16	70
489	17	50
489	18	80
489	19	60
489	20	20
489	21	90
489	22	80
489	23	90
489	24	0
489	25	40
489	26	40
489	27	30
489	28	20
489	29	100
489	30	60
489	31	90
489	32	80
489	33	50
489	34	50
489	35	40
489	36	50
489	37	70
489	38	70
489	39	90
489	40	70
490	1	70
490	2	30
490	3	40
490	4	120
490	5	90
490	6	70
490	7	100
490	8	70
490	9	70
490	10	60
490	11	90
490	12	70
490	13	40
490	14	70
490	15	70
490	16	90
490	17	50
490	18	80
490	19	60
490	20	50
490	21	90
490	22	100
490	23	90
490	24	50
490	25	90
490	26	90
490	27	100
490	28	50
490	29	100
490	30	60
490	31	60
490	32	60
490	33	50
490	34	70
490	35	90
490	36	50
490	37	70
490	38	70
490	39	90
490	40	20
491	1	70
491	2	60
491	3	70
491	4	80
491	5	90
491	6	70
491	7	70
491	8	20
491	9	90
491	10	0
491	11	90
491	12	20
491	13	90
491	14	50
491	15	20
491	16	90
491	17	70
491	18	60
491	19	60
491	20	20
491	21	50
491	22	70
491	23	90
491	24	0
491	25	0
491	26	20
491	27	50
491	28	20
491	29	90
491	30	80
491	31	70
491	32	70
491	33	70
491	34	70
491	35	0
491	36	50
491	37	90
491	38	50
491	39	70
491	40	50
492	1	70
492	2	10
492	3	40
492	4	100
492	5	90
492	6	90
492	7	90
492	8	90
492	9	90
492	10	50
492	11	110
492	12	70
492	13	40
492	14	50
492	15	70
492	16	90
492	17	70
492	18	80
492	19	60
492	20	70
492	21	70
492	22	70
492	23	110
492	24	50
492	25	70
492	26	90
492	27	120
492	28	70
492	29	90
492	30	80
492	31	40
492	32	70
492	33	70
492	34	70
492	35	70
492	36	50
492	37	90
492	38	50
492	39	90
492	40	20
493	1	50
493	2	10
493	3	20
493	4	100
493	5	70
493	6	90
493	7	90
493	8	110
493	9	50
493	10	50
493	11	90
493	12	50
493	13	0
493	14	50
493	15	50
493	16	50
493	17	70
493	18	80
493	19	80
493	20	70
493	21	70
493	22	50
493	23	70
493	24	70
493	25	70
493	26	70
493	27	120
493	28	50
493	29	50
493	30	80
493	31	40
493	32	70
493	33	70
493	34	50
493	35	90
493	36	50
493	37	50
493	38	50
493	39	70
493	40	20
494	1	70
494	2	100
494	3	110
494	4	120
494	5	110
494	6	50
494	7	70
494	8	20
494	9	90
494	10	0
494	11	110
494	12	40
494	13	130
494	14	70
494	15	60
494	16	90
494	17	70
494	18	60
494	19	80
494	20	40
494	21	70
494	22	110
494	23	110
494	24	20
494	25	40
494	26	20
494	27	50
494	28	20
494	29	110
494	30	80
494	31	110
494	32	90
494	33	50
494	34	90
494	35	40
494	36	70
494	37	110
494	38	70
494	39	70
494	40	70
495	1	50
495	2	80
495	3	110
495	4	120
495	5	110
495	6	90
495	7	110
495	8	40
495	9	70
495	10	0
495	11	110
495	12	20
495	13	110
495	14	70
495	15	40
495	16	70
495	17	70
495	18	80
495	19	60
495	20	20
495	21	110
495	22	90
495	23	110
495	24	0
495	25	40
495	26	20
495	27	70
495	28	20
495	29	110
495	30	80
495	31	110
495	32	70
495	33	70
495	34	70
495	35	40
495	36	50
495	37	90
495	38	70
495	39	70
495	40	70
496	1	50
496	2	80
496	3	110
496	4	120
496	5	90
496	6	70
496	7	80
496	8	40
496	9	70
496	10	10
496	11	130
496	12	40
496	13	110
496	14	50
496	15	40
496	16	70
496	17	70
496	18	80
496	19	80
496	20	40
496	21	90
496	22	100
496	23	130
496	24	20
496	25	40
496	26	20
496	27	70
496	28	20
496	29	100
496	30	80
496	31	110
496	32	100
496	33	50
496	34	90
496	35	40
496	36	70
496	37	110
496	38	50
496	39	70
496	40	90
497	1	50
497	2	30
497	3	60
497	4	140
497	5	100
497	6	70
497	7	100
497	8	90
497	9	80
497	10	60
497	11	130
497	12	70
497	13	70
497	14	70
497	15	90
497	16	70
497	17	60
497	18	80
497	19	80
497	20	100
497	21	110
497	22	100
497	23	110
497	24	70
497	25	100
497	26	70
497	27	120
497	28	70
497	29	120
497	30	60
497	31	90
497	32	100
497	33	60
497	34	80
497	35	120
497	36	60
497	37	100
497	38	80
497	39	80
497	40	20
498	1	70
498	2	10
498	3	0
498	4	80
498	5	80
498	6	50
498	7	60
498	8	50
498	9	80
498	10	60
498	11	70
498	12	70
498	13	30
498	14	50
498	15	50
498	16	90
498	17	60
498	18	60
498	19	60
498	20	60
498	21	50
498	22	80
498	23	70
498	24	50
498	25	60
498	26	70
498	27	80
498	28	50
498	29	80
498	30	60
498	31	30
498	32	60
498	33	60
498	34	80
498	35	60
498	36	60
498	37	80
498	38	60
498	39	80
498	40	0
499	1	70
499	2	80
499	3	90
499	4	100
499	5	110
499	6	70
499	7	100
499	8	20
499	9	90
499	10	10
499	11	90
499	12	20
499	13	110
499	14	70
499	15	40
499	16	90
499	17	70
499	18	60
499	19	60
499	20	20
499	21	70
499	22	100
499	23	90
499	24	0
499	25	20
499	26	20
499	27	50
499	28	20
499	29	120
499	30	80
499	31	90
499	32	80
499	33	70
499	34	70
499	35	20
499	36	50
499	37	90
499	38	70
499	39	70
499	40	50
500	1	70
500	2	80
500	3	90
500	4	80
500	5	90
500	6	70
500	7	100
500	8	20
500	9	90
500	10	10
500	11	70
500	12	0
500	13	90
500	14	70
500	15	40
500	16	70
500	17	70
500	18	60
500	19	60
500	20	20
500	21	70
500	22	80
500	23	70
500	24	0
500	25	20
500	26	20
500	27	30
500	28	20
500	29	100
500	30	80
500	31	70
500	32	80
500	33	70
500	34	50
500	35	20
500	36	50
500	37	70
500	38	70
500	39	70
500	40	50
501	1	50
501	2	20
501	3	40
501	4	70
501	5	70
501	6	50
501	7	50
501	8	70
501	9	70
501	10	50
501	11	90
501	12	70
501	13	40
501	14	50
501	15	90
501	16	50
501	17	70
501	18	50
501	19	70
501	20	90
501	21	70
501	22	70
501	23	90
501	24	70
501	25	70
501	26	50
501	27	70
501	28	70
501	29	70
501	30	70
501	31	20
501	32	90
501	33	50
501	34	70
501	35	70
501	36	70
501	37	90
501	38	50
501	39	50
501	40	20
502	1	50
502	2	30
502	3	40
502	4	120
502	5	90
502	6	70
502	7	100
502	8	70
502	9	50
502	10	60
502	11	90
502	12	70
502	13	40
502	14	70
502	15	70
502	16	70
502	17	50
502	18	80
502	19	60
502	20	50
502	21	110
502	22	100
502	23	90
502	24	50
502	25	90
502	26	70
502	27	100
502	28	50
502	29	100
502	30	60
502	31	60
502	32	60
502	33	50
502	34	70
502	35	90
502	36	50
502	37	70
502	38	70
502	39	70
502	40	20
503	1	70
503	2	10
503	3	20
503	4	60
503	5	60
503	6	50
503	7	60
503	8	50
503	9	100
503	10	60
503	11	70
503	12	50
503	13	30
503	14	50
503	15	70
503	16	70
503	17	60
503	18	60
503	19	60
503	20	80
503	21	50
503	22	60
503	23	70
503	24	50
503	25	60
503	26	70
503	27	60
503	28	70
503	29	80
503	30	60
503	31	10
503	32	80
503	33	60
503	34	60
503	35	60
503	36	60
503	37	80
503	38	60
503	39	80
503	40	0
504	1	50
504	2	0
504	3	20
504	4	110
504	5	90
504	6	90
504	7	90
504	8	110
504	9	50
504	10	50
504	11	110
504	12	70
504	13	20
504	14	50
504	15	50
504	16	70
504	17	70
504	18	70
504	19	70
504	20	70
504	21	70
504	22	70
504	23	90
504	24	70
504	25	70
504	26	70
504	27	130
504	28	50
504	29	70
504	30	70
504	31	60
504	32	70
504	33	70
504	34	70
504	35	90
504	36	50
504	37	70
504	38	50
504	39	70
504	40	20
505	1	70
505	2	30
505	3	40
505	4	100
505	5	80
505	6	70
505	7	100
505	8	70
505	9	80
505	10	60
505	11	70
505	12	50
505	13	30
505	14	70
505	15	70
505	16	70
505	17	60
505	18	80
505	19	60
505	20	60
505	21	90
505	22	80
505	23	70
505	24	50
505	25	100
505	26	90
505	27	80
505	28	50
505	29	80
505	30	60
505	31	50
505	32	60
505	33	60
505	34	60
505	35	100
505	36	60
505	37	60
505	38	80
505	39	100
505	40	20
506	1	50
506	2	60
506	3	90
506	4	100
506	5	90
506	6	90
506	7	90
506	8	40
506	9	70
506	10	0
506	11	110
506	12	20
506	13	90
506	14	50
506	15	20
506	16	70
506	17	70
506	18	80
506	19	60
506	20	20
506	21	90
506	22	70
506	23	110
506	24	0
506	25	20
506	26	20
506	27	70
506	28	20
506	29	90
506	30	80
506	31	90
506	32	70
506	33	70
506	34	70
506	35	20
506	36	50
506	37	90
506	38	50
506	39	70
506	40	70
507	1	70
507	2	80
507	3	110
507	4	100
507	5	70
507	6	70
507	7	90
507	8	20
507	9	90
507	10	0
507	11	90
507	12	0
507	13	90
507	14	70
507	15	40
507	16	70
507	17	50
507	18	80
507	19	60
507	20	20
507	21	90
507	22	70
507	23	90
507	24	0
507	25	40
507	26	40
507	27	30
507	28	20
507	29	90
507	30	60
507	31	90
507	32	70
507	33	50
507	34	50
507	35	40
507	36	50
507	37	70
507	38	70
507	39	90
507	40	70
508	1	70
508	2	50
508	3	80
508	4	100
508	5	120
508	6	110
508	7	140
508	8	90
508	9	100
508	10	80
508	11	90
508	12	70
508	13	70
508	14	90
508	15	110
508	16	70
508	17	100
508	18	100
508	19	60
508	20	80
508	21	90
508	22	100
508	23	110
508	24	50
508	25	120
508	26	90
508	27	100
508	28	90
508	29	120
508	30	100
508	31	50
508	32	80
508	33	100
508	34	80
508	35	100
508	36	80
508	37	100
508	38	100
508	39	100
508	40	40
509	1	50
509	2	20
509	3	40
509	4	130
509	5	110
509	6	90
509	7	110
509	8	110
509	9	50
509	10	50
509	11	110
509	12	70
509	13	40
509	14	70
509	15	70
509	16	70
509	17	70
509	18	70
509	19	70
509	20	70
509	21	90
509	22	90
509	23	90
509	24	70
509	25	90
509	26	70
509	27	130
509	28	50
509	29	90
509	30	70
509	31	80
509	32	70
509	33	70
509	34	70
509	35	110
509	36	50
509	37	70
509	38	70
509	39	70
509	40	20
510	1	70
510	2	30
510	3	40
510	4	60
510	5	100
510	6	90
510	7	100
510	8	70
510	9	100
510	10	80
510	11	70
510	12	70
510	13	50
510	14	70
510	15	90
510	16	70
510	17	100
510	18	80
510	19	60
510	20	80
510	21	50
510	22	80
510	23	90
510	24	50
510	25	80
510	26	70
510	27	80
510	28	90
510	29	100
510	30	100
510	31	10
510	32	80
510	33	100
510	34	80
510	35	60
510	36	80
510	37	100
510	38	80
510	39	80
510	40	20
511	1	50
511	2	10
511	3	20
511	4	100
511	5	100
511	6	70
511	7	80
511	8	90
511	9	80
511	10	60
511	11	110
511	12	70
511	13	50
511	14	50
511	15	70
511	16	70
511	17	80
511	18	60
511	19	80
511	20	100
511	21	70
511	22	80
511	23	90
511	24	70
511	25	60
511	26	50
511	27	120
511	28	70
511	29	100
511	30	80
511	31	50
511	32	100
511	33	80
511	34	80
511	35	80
511	36	60
511	37	100
511	38	60
511	39	60
511	40	0
512	1	50
512	2	80
512	3	110
512	4	100
512	5	90
512	6	90
512	7	90
512	8	60
512	9	70
512	10	0
512	11	110
512	12	20
512	13	90
512	14	50
512	15	40
512	16	50
512	17	90
512	18	80
512	19	80
512	20	40
512	21	90
512	22	70
512	23	110
512	24	20
512	25	40
512	26	20
512	27	70
512	28	20
512	29	70
512	30	100
512	31	90
512	32	90
512	33	70
512	34	70
512	35	40
512	36	70
512	37	90
512	38	50
512	39	70
512	40	90
513	1	50
513	2	80
513	3	110
513	4	140
513	5	100
513	6	70
513	7	100
513	8	40
513	9	80
513	10	10
513	11	130
513	12	20
513	13	120
513	14	70
513	15	40
513	16	70
513	17	60
513	18	80
513	19	80
513	20	50
513	21	90
513	22	100
513	23	110
513	24	20
513	25	50
513	26	20
513	27	70
513	28	20
513	29	120
513	30	60
513	31	140
513	32	100
513	33	60
513	34	80
513	35	70
513	36	60
513	37	100
513	38	80
513	39	80
513	40	70
514	1	70
514	2	50
514	3	40
514	4	80
514	5	110
514	6	90
514	7	120
514	8	70
514	9	70
514	10	80
514	11	50
514	12	70
514	13	40
514	14	90
514	15	90
514	16	70
514	17	90
514	18	80
514	19	60
514	20	50
514	21	70
514	22	100
514	23	70
514	24	50
514	25	90
514	26	70
514	27	80
514	28	70
514	29	100
514	30	100
514	31	20
514	32	60
514	33	90
514	34	70
514	35	70
514	36	70
514	37	70
514	38	90
514	39	70
514	40	20
515	1	70
515	2	50
515	3	40
515	4	100
515	5	110
515	6	70
515	7	90
515	8	90
515	9	70
515	10	50
515	11	70
515	12	70
515	13	40
515	14	70
515	15	90
515	16	70
515	17	90
515	18	60
515	19	80
515	20	70
515	21	70
515	22	90
515	23	70
515	24	70
515	25	90
515	26	70
515	27	100
515	28	50
515	29	70
515	30	100
515	31	40
515	32	70
515	33	70
515	34	70
515	35	90
515	36	70
515	37	70
515	38	70
515	39	70
515	40	20
516	1	50
516	2	80
516	3	90
516	4	140
516	5	90
516	6	70
516	7	100
516	8	40
516	9	50
516	10	10
516	11	110
516	12	20
516	13	90
516	14	70
516	15	20
516	16	70
516	17	50
516	18	80
516	19	80
516	20	20
516	21	110
516	22	100
516	23	90
516	24	20
516	25	40
516	26	20
516	27	70
516	28	0
516	29	100
516	30	60
516	31	130
516	32	80
516	33	50
516	34	70
516	35	60
516	36	50
516	37	70
516	38	70
516	39	70
516	40	70
517	1	70
517	2	0
517	3	40
517	4	90
517	5	90
517	6	90
517	7	90
517	8	90
517	9	90
517	10	50
517	11	110
517	12	70
517	13	40
517	14	50
517	15	70
517	16	90
517	17	70
517	18	70
517	19	50
517	20	70
517	21	70
517	22	70
517	23	110
517	24	50
517	25	70
517	26	90
517	27	110
517	28	70
517	29	90
517	30	70
517	31	40
517	32	70
517	33	70
517	34	70
517	35	70
517	36	50
517	37	90
517	38	50
517	39	90
517	40	20
518	1	70
518	2	50
518	3	70
518	4	90
518	5	70
518	6	70
518	7	70
518	8	20
518	9	70
518	10	0
518	11	90
518	12	20
518	13	70
518	14	50
518	15	0
518	16	90
518	17	50
518	18	70
518	19	50
518	20	0
518	21	70
518	22	70
518	23	90
518	24	0
518	25	20
518	26	40
518	27	40
518	28	0
518	29	70
518	30	50
518	31	90
518	32	50
518	33	50
518	34	70
518	35	20
518	36	50
518	37	70
518	38	50
518	39	90
518	40	70
519	1	70
519	2	50
519	3	60
519	4	80
519	5	110
519	6	90
519	7	110
519	8	70
519	9	90
519	10	70
519	11	70
519	12	70
519	13	60
519	14	90
519	15	110
519	16	70
519	17	90
519	18	80
519	19	60
519	20	70
519	21	70
519	22	90
519	23	90
519	24	50
519	25	90
519	26	70
519	27	80
519	28	90
519	29	110
519	30	100
519	31	20
519	32	70
519	33	90
519	34	70
519	35	70
519	36	70
519	37	90
519	38	90
519	39	70
519	40	20
520	1	70
520	2	50
520	3	60
520	4	120
520	5	140
520	6	110
520	7	140
520	8	90
520	9	80
520	10	80
520	11	90
520	12	90
520	13	70
520	14	90
520	15	90
520	16	90
520	17	100
520	18	100
520	19	60
520	20	60
520	21	90
520	22	120
520	23	110
520	24	50
520	25	120
520	26	90
520	27	120
520	28	70
520	29	120
520	30	100
520	31	70
520	32	60
520	33	100
520	34	100
520	35	100
520	36	80
520	37	100
520	38	100
520	39	100
520	40	40
521	1	50
521	2	60
521	3	70
521	4	120
521	5	70
521	6	70
521	7	80
521	8	40
521	9	50
521	10	10
521	11	110
521	12	20
521	13	70
521	14	50
521	15	0
521	16	70
521	17	50
521	18	80
521	19	80
521	20	20
521	21	90
521	22	80
521	23	90
521	24	20
521	25	20
521	26	20
521	27	70
521	28	0
521	29	80
521	30	60
521	31	110
521	32	80
521	33	50
521	34	70
521	35	40
521	36	50
521	37	70
521	38	50
521	39	70
521	40	70
522	1	70
522	2	60
522	3	90
522	4	80
522	5	70
522	6	90
522	7	100
522	8	40
522	9	90
522	10	10
522	11	90
522	12	0
522	13	70
522	14	50
522	15	20
522	16	70
522	17	70
522	18	80
522	19	60
522	20	20
522	21	70
522	22	60
522	23	90
522	24	0
522	25	20
522	26	40
522	27	50
522	28	20
522	29	80
522	30	80
522	31	70
522	32	80
522	33	70
522	34	50
522	35	20
522	36	50
522	37	70
522	38	50
522	39	90
522	40	70
523	1	70
523	2	60
523	3	70
523	4	100
523	5	90
523	6	90
523	7	100
523	8	40
523	9	70
523	10	10
523	11	90
523	12	20
523	13	70
523	14	50
523	15	0
523	16	90
523	17	70
523	18	80
523	19	60
523	20	0
523	21	70
523	22	80
523	23	90
523	24	0
523	25	20
523	26	40
523	27	70
523	28	0
523	29	80
523	30	80
523	31	90
523	32	60
523	33	70
523	34	70
523	35	20
523	36	50
523	37	70
523	38	50
523	39	90
523	40	70
524	1	70
524	2	70
524	3	90
524	4	90
524	5	90
524	6	50
524	7	70
524	8	0
524	9	90
524	10	0
524	11	90
524	12	20
524	13	110
524	14	70
524	15	40
524	16	90
524	17	50
524	18	50
524	19	50
524	20	20
524	21	70
524	22	90
524	23	90
524	24	0
524	25	20
524	26	20
524	27	20
524	28	20
524	29	110
524	30	50
524	31	90
524	32	70
524	33	50
524	34	70
524	35	20
524	36	50
524	37	90
524	38	70
524	39	70
524	40	50
525	1	70
525	2	70
525	3	70
525	4	70
525	5	90
525	6	70
525	7	90
525	8	20
525	9	70
525	10	0
525	11	50
525	12	0
525	13	70
525	14	70
525	15	20
525	16	70
525	17	70
525	18	50
525	19	50
525	20	0
525	21	70
525	22	70
525	23	50
525	24	0
525	25	20
525	26	20
525	27	20
525	28	0
525	29	70
525	30	70
525	31	70
525	32	50
525	33	70
525	34	50
525	35	20
525	36	50
525	37	50
525	38	70
525	39	70
525	40	50
526	1	70
526	2	50
526	3	90
526	4	90
526	5	90
526	6	90
526	7	90
526	8	40
526	9	90
526	10	0
526	11	110
526	12	20
526	13	90
526	14	50
526	15	20
526	16	90
526	17	70
526	18	70
526	19	50
526	20	20
526	21	70
526	22	70
526	23	110
526	24	0
526	25	20
526	26	40
526	27	60
526	28	20
526	29	90
526	30	70
526	31	90
526	32	70
526	33	70
526	34	70
526	35	20
526	36	50
526	37	90
526	38	50
526	39	90
526	40	70
527	1	70
527	2	90
527	3	110
527	4	110
527	5	110
527	6	90
527	7	110
527	8	60
527	9	70
527	10	0
527	11	90
527	12	20
527	13	90
527	14	70
527	15	40
527	16	70
527	17	90
527	18	70
527	19	70
527	20	20
527	21	90
527	22	90
527	23	90
527	24	20
527	25	60
527	26	40
527	27	60
527	28	0
527	29	70
527	30	90
527	31	110
527	32	70
527	33	70
527	34	70
527	35	60
527	36	70
527	37	70
527	38	70
527	39	90
527	40	90
528	1	50
528	2	30
528	3	20
528	4	120
528	5	90
528	6	50
528	7	70
528	8	70
528	9	50
528	10	50
528	11	90
528	12	70
528	13	40
528	14	70
528	15	70
528	16	70
528	17	50
528	18	60
528	19	80
528	20	70
528	21	70
528	22	90
528	23	70
528	24	70
528	25	70
528	26	50
528	27	100
528	28	50
528	29	90
528	30	60
528	31	60
528	32	70
528	33	50
528	34	70
528	35	90
528	36	50
528	37	70
528	38	70
528	39	50
528	40	0
529	1	70
529	2	80
529	3	90
529	4	100
529	5	110
529	6	70
529	7	90
529	8	20
529	9	90
529	10	0
529	11	90
529	12	20
529	13	110
529	14	70
529	15	40
529	16	90
529	17	70
529	18	60
529	19	60
529	20	20
529	21	70
529	22	90
529	23	90
529	24	0
529	25	20
529	26	20
529	27	50
529	28	20
529	29	110
529	30	80
529	31	90
529	32	70
529	33	70
529	34	70
529	35	20
529	36	50
529	37	90
529	38	70
529	39	70
529	40	50
530	1	70
530	2	30
530	3	60
530	4	120
530	5	120
530	6	90
530	7	120
530	8	90
530	9	100
530	10	60
530	11	110
530	12	70
530	13	70
530	14	70
530	15	90
530	16	90
530	17	80
530	18	80
530	19	60
530	20	80
530	21	90
530	22	100
530	23	110
530	24	50
530	25	100
530	26	90
530	27	120
530	28	70
530	29	120
530	30	80
530	31	70
530	32	80
530	33	80
530	34	80
530	35	100
530	36	60
530	37	100
530	38	80
530	39	100
530	40	20
531	1	50
531	2	10
531	3	40
531	4	100
531	5	70
531	6	90
531	7	90
531	8	110
531	9	70
531	10	50
531	11	110
531	12	50
531	13	20
531	14	50
531	15	70
531	16	50
531	17	70
531	18	80
531	19	80
531	20	90
531	21	90
531	22	50
531	23	90
531	24	70
531	25	70
531	26	70
531	27	120
531	28	70
531	29	70
531	30	80
531	31	40
531	32	90
531	33	70
531	34	50
531	35	90
531	36	50
531	37	70
531	38	50
531	39	70
531	40	20
532	1	70
532	2	30
532	3	60
532	4	100
532	5	90
532	6	90
532	7	100
532	8	70
532	9	90
532	10	80
532	11	110
532	12	90
532	13	60
532	14	70
532	15	90
532	16	90
532	17	70
532	18	100
532	19	60
532	20	70
532	21	70
532	22	100
532	23	130
532	24	50
532	25	90
532	26	90
532	27	100
532	28	90
532	29	120
532	30	80
532	31	40
532	32	80
532	33	70
532	34	90
532	35	70
532	36	70
532	37	110
532	38	70
532	39	90
532	40	40
533	1	50
533	2	30
533	3	40
533	4	80
533	5	90
533	6	70
533	7	100
533	8	70
533	9	70
533	10	60
533	11	70
533	12	50
533	13	40
533	14	70
533	15	90
533	16	50
533	17	70
533	18	60
533	19	60
533	20	70
533	21	90
533	22	80
533	23	70
533	24	50
533	25	70
533	26	50
533	27	80
533	28	70
533	29	100
533	30	80
533	31	20
533	32	80
533	33	70
533	34	50
533	35	70
533	36	50
533	37	70
533	38	70
533	39	50
533	40	0
534	1	50
534	2	20
534	3	40
534	4	110
534	5	110
534	6	70
534	7	90
534	8	90
534	9	70
534	10	50
534	11	110
534	12	70
534	13	60
534	14	70
534	15	90
534	16	70
534	17	70
534	18	50
534	19	70
534	20	90
534	21	90
534	22	90
534	23	90
534	24	70
534	25	70
534	26	50
534	27	110
534	28	70
534	29	110
534	30	70
534	31	60
534	32	90
534	33	70
534	34	70
534	35	90
534	36	50
534	37	90
534	38	70
534	39	50
534	40	0
535	1	70
535	2	30
535	3	40
535	4	80
535	5	100
535	6	70
535	7	80
535	8	90
535	9	100
535	10	60
535	11	90
535	12	70
535	13	50
535	14	50
535	15	90
535	16	70
535	17	100
535	18	60
535	19	80
535	20	100
535	21	50
535	22	80
535	23	90
535	24	70
535	25	80
535	26	70
535	27	100
535	28	70
535	29	80
535	30	100
535	31	30
535	32	100
535	33	80
535	34	80
535	35	80
535	36	80
535	37	100
535	38	60
535	39	80
535	40	20
536	1	70
536	2	30
536	3	20
536	4	100
536	5	90
536	6	50
536	7	80
536	8	50
536	9	70
536	10	60
536	11	70
536	12	70
536	13	40
536	14	70
536	15	70
536	16	90
536	17	50
536	18	60
536	19	60
536	20	50
536	21	70
536	22	100
536	23	70
536	24	50
536	25	70
536	26	70
536	27	80
536	28	50
536	29	100
536	30	60
536	31	40
536	32	60
536	33	50
536	34	70
536	35	70
536	36	50
536	37	70
536	38	70
536	39	70
536	40	0
537	1	70
537	2	80
537	3	110
537	4	120
537	5	120
537	6	90
537	7	100
537	8	60
537	9	100
537	10	10
537	11	130
537	12	40
537	13	120
537	14	50
537	15	40
537	16	90
537	17	100
537	18	80
537	19	80
537	20	50
537	21	70
537	22	100
537	23	130
537	24	20
537	25	50
537	26	40
537	27	90
537	28	20
537	29	100
537	30	100
537	31	120
537	32	100
537	33	80
537	34	100
537	35	50
537	36	80
537	37	120
537	38	60
537	39	100
537	40	90
538	1	50
538	2	90
538	3	90
538	4	110
538	5	110
538	6	50
538	7	70
538	8	20
538	9	50
538	10	0
538	11	90
538	12	40
538	13	110
538	14	70
538	15	40
538	16	70
538	17	70
538	18	50
538	19	70
538	20	20
538	21	90
538	22	110
538	23	90
538	24	20
538	25	40
538	26	0
538	27	40
538	28	0
538	29	90
538	30	70
538	31	110
538	32	70
538	33	50
538	34	90
538	35	40
538	36	70
538	37	90
538	38	70
538	39	50
538	40	70
539	1	70
539	2	80
539	3	90
539	4	120
539	5	90
539	6	70
539	7	90
539	8	20
539	9	70
539	10	0
539	11	90
539	12	20
539	13	90
539	14	70
539	15	20
539	16	90
539	17	50
539	18	80
539	19	60
539	20	0
539	21	90
539	22	90
539	23	90
539	24	0
539	25	40
539	26	40
539	27	50
539	28	0
539	29	90
539	30	60
539	31	110
539	32	50
539	33	50
539	34	70
539	35	40
539	36	50
539	37	70
539	38	70
539	39	90
539	40	70
540	1	50
540	2	80
540	3	70
540	4	100
540	5	110
540	6	70
540	7	100
540	8	20
540	9	50
540	10	10
540	11	70
540	12	20
540	13	90
540	14	70
540	15	20
540	16	70
540	17	70
540	18	60
540	19	60
540	20	0
540	21	90
540	22	100
540	23	70
540	24	0
540	25	20
540	26	0
540	27	50
540	28	0
540	29	100
540	30	80
540	31	90
540	32	60
540	33	70
540	34	70
540	35	20
540	36	50
540	37	70
540	38	70
540	39	50
540	40	50
541	1	70
541	2	30
541	3	60
541	4	80
541	5	70
541	6	90
541	7	90
541	8	70
541	9	90
541	10	70
541	11	90
541	12	70
541	13	40
541	14	70
541	15	90
541	16	70
541	17	70
541	18	100
541	19	60
541	20	70
541	21	70
541	22	70
541	23	110
541	24	50
541	25	90
541	26	90
541	27	80
541	28	90
541	29	90
541	30	80
541	31	20
541	32	70
541	33	70
541	34	70
541	35	70
541	36	70
541	37	90
541	38	70
541	39	90
541	40	40
542	1	50
542	2	80
542	3	70
542	4	80
542	5	70
542	6	50
542	7	70
542	8	0
542	9	50
542	10	0
542	11	50
542	12	0
542	13	70
542	14	70
542	15	20
542	16	50
542	17	50
542	18	60
542	19	60
542	20	0
542	21	90
542	22	70
542	23	50
542	24	0
542	25	20
542	26	0
542	27	10
542	28	0
542	29	70
542	30	60
542	31	70
542	32	50
542	33	50
542	34	50
542	35	20
542	36	50
542	37	50
542	38	70
542	39	50
542	40	50
543	1	50
543	2	60
543	3	50
543	4	60
543	5	50
543	6	50
543	7	60
543	8	0
543	9	50
543	10	10
543	11	50
543	12	0
543	13	50
543	14	50
543	15	0
543	16	50
543	17	50
543	18	60
543	19	60
543	20	0
543	21	70
543	22	60
543	23	50
543	24	0
543	25	0
543	26	0
543	27	10
543	28	0
543	29	60
543	30	60
543	31	50
543	32	60
543	33	50
543	34	50
543	35	0
543	36	50
543	37	50
543	38	50
543	39	50
543	40	50
544	1	70
544	2	60
544	3	50
544	4	80
544	5	70
544	6	50
544	7	50
544	8	0
544	9	70
544	10	0
544	11	70
544	12	20
544	13	70
544	14	50
544	15	0
544	16	90
544	17	50
544	18	60
544	19	60
544	20	0
544	21	50
544	22	70
544	23	70
544	24	0
544	25	0
544	26	20
544	27	30
544	28	0
544	29	70
544	30	60
544	31	70
544	32	50
544	33	50
544	34	70
544	35	0
544	36	50
544	37	70
544	38	50
544	39	70
544	40	50
545	1	70
545	2	30
545	3	60
545	4	120
545	5	90
545	6	70
545	7	100
545	8	70
545	9	90
545	10	60
545	11	110
545	12	70
545	13	60
545	14	70
545	15	90
545	16	90
545	17	50
545	18	80
545	19	60
545	20	70
545	21	90
545	22	100
545	23	110
545	24	50
545	25	90
545	26	90
545	27	100
545	28	70
545	29	120
545	30	60
545	31	60
545	32	80
545	33	50
545	34	70
545	35	90
545	36	50
545	37	90
545	38	70
545	39	90
545	40	20
546	1	70
546	2	30
546	3	60
546	4	100
546	5	70
546	6	70
546	7	100
546	8	70
546	9	90
546	10	60
546	11	90
546	12	50
546	13	40
546	14	70
546	15	90
546	16	70
546	17	50
546	18	80
546	19	60
546	20	70
546	21	90
546	22	80
546	23	90
546	24	50
546	25	90
546	26	90
546	27	80
546	28	70
546	29	100
546	30	60
546	31	40
546	32	80
546	33	50
546	34	50
546	35	90
546	36	50
546	37	70
546	38	70
546	39	90
546	40	20
547	1	70
547	2	80
547	3	90
547	4	100
547	5	100
547	6	90
547	7	120
547	8	40
547	9	80
547	10	10
547	11	70
547	12	0
547	13	80
547	14	70
547	15	20
547	16	70
547	17	80
547	18	80
547	19	60
547	20	10
547	21	90
547	22	80
547	23	70
547	24	0
547	25	50
547	26	40
547	27	50
547	28	0
547	29	80
547	30	80
547	31	100
547	32	60
547	33	80
547	34	60
547	35	50
547	36	60
547	37	60
547	38	80
547	39	100
547	40	70
548	1	50
548	2	10
548	3	20
548	4	100
548	5	60
548	6	70
548	7	80
548	8	90
548	9	60
548	10	60
548	11	90
548	12	50
548	13	10
548	14	50
548	15	50
548	16	50
548	17	60
548	18	80
548	19	80
548	20	80
548	21	90
548	22	60
548	23	70
548	24	70
548	25	80
548	26	70
548	27	100
548	28	50
548	29	60
548	30	60
548	31	50
548	32	80
548	33	60
548	34	60
548	35	100
548	36	60
548	37	60
548	38	60
548	39	80
548	40	20
549	1	50
549	2	30
549	3	20
549	4	80
549	5	70
549	6	50
549	7	50
549	8	70
549	9	50
549	10	50
549	11	70
549	12	70
549	13	20
549	14	50
549	15	70
549	16	50
549	17	70
549	18	60
549	19	80
549	20	70
549	21	70
549	22	70
549	23	70
549	24	70
549	25	70
549	26	50
549	27	80
549	28	50
549	29	50
549	30	80
549	31	20
549	32	70
549	33	50
549	34	70
549	35	70
549	36	70
549	37	70
549	38	50
549	39	50
549	40	20
550	1	70
550	2	30
550	3	40
550	4	120
550	5	100
550	6	70
550	7	80
550	8	90
550	9	80
550	10	60
550	11	110
550	12	90
550	13	50
550	14	50
550	15	70
550	16	90
550	17	80
550	18	80
550	19	80
550	20	80
550	21	70
550	22	100
550	23	110
550	24	70
550	25	100
550	26	90
550	27	120
550	28	50
550	29	80
550	30	80
550	31	70
550	32	80
550	33	60
550	34	100
550	35	100
550	36	80
550	37	100
550	38	60
550	39	100
550	40	40
551	1	50
551	2	50
551	3	60
551	4	120
551	5	120
551	6	50
551	7	80
551	8	70
551	9	80
551	10	60
551	11	110
551	12	90
551	13	90
551	14	70
551	15	110
551	16	70
551	17	80
551	18	60
551	19	80
551	20	100
551	21	90
551	22	120
551	23	110
551	24	70
551	25	100
551	26	50
551	27	100
551	28	70
551	29	120
551	30	80
551	31	70
551	32	100
551	33	60
551	34	100
551	35	100
551	36	80
551	37	120
551	38	80
551	39	60
551	40	20
552	1	70
552	2	80
552	3	90
552	4	80
552	5	70
552	6	90
552	7	100
552	8	20
552	9	70
552	10	30
552	11	70
552	12	20
552	13	70
552	14	70
552	15	20
552	16	70
552	17	70
552	18	100
552	19	60
552	20	0
552	21	70
552	22	80
552	23	90
552	24	0
552	25	40
552	26	40
552	27	30
552	28	20
552	29	80
552	30	80
552	31	70
552	32	60
552	33	70
552	34	70
552	35	20
552	36	70
552	37	70
552	38	70
552	39	90
552	40	90
553	1	50
553	2	30
553	3	40
553	4	100
553	5	110
553	6	70
553	7	70
553	8	90
553	9	70
553	10	50
553	11	110
553	12	90
553	13	60
553	14	50
553	15	90
553	16	70
553	17	90
553	18	60
553	19	80
553	20	90
553	21	70
553	22	90
553	23	110
553	24	70
553	25	70
553	26	50
553	27	120
553	28	70
553	29	90
553	30	100
553	31	40
553	32	90
553	33	70
553	34	90
553	35	70
553	36	70
553	37	110
553	38	50
553	39	50
553	40	20
554	1	50
554	2	60
554	3	70
554	4	60
554	5	70
554	6	70
554	7	80
554	8	20
554	9	70
554	10	10
554	11	70
554	12	0
554	13	70
554	14	50
554	15	20
554	16	50
554	17	70
554	18	60
554	19	60
554	20	20
554	21	70
554	22	60
554	23	70
554	24	0
554	25	0
554	26	0
554	27	30
554	28	20
554	29	80
554	30	80
554	31	50
554	32	80
554	33	70
554	34	50
554	35	0
554	36	50
554	37	70
554	38	50
554	39	50
554	40	50
555	1	70
555	2	0
555	3	20
555	4	90
555	5	70
555	6	70
555	7	70
555	8	70
555	9	70
555	10	50
555	11	90
555	12	70
555	13	20
555	14	50
555	15	50
555	16	90
555	17	50
555	18	70
555	19	50
555	20	50
555	21	70
555	22	70
555	23	90
555	24	50
555	25	70
555	26	90
555	27	90
555	28	50
555	29	70
555	30	50
555	31	40
555	32	50
555	33	50
555	34	70
555	35	70
555	36	50
555	37	70
555	38	50
555	39	90
555	40	20
556	1	50
556	2	80
556	3	90
556	4	100
556	5	90
556	6	70
556	7	90
556	8	40
556	9	70
556	10	0
556	11	90
556	12	0
556	13	90
556	14	70
556	15	40
556	16	50
556	17	70
556	18	60
556	19	80
556	20	40
556	21	90
556	22	70
556	23	70
556	24	20
556	25	20
556	26	0
556	27	50
556	28	20
556	29	90
556	30	80
556	31	90
556	32	90
556	33	70
556	34	50
556	35	40
556	36	50
556	37	70
556	38	70
556	39	50
556	40	50
557	1	50
557	2	30
557	3	40
557	4	80
557	5	70
557	6	50
557	7	60
557	8	70
557	9	70
557	10	60
557	11	90
557	12	70
557	13	40
557	14	50
557	15	90
557	16	50
557	17	70
557	18	60
557	19	80
557	20	90
557	21	70
557	22	80
557	23	90
557	24	70
557	25	70
557	26	50
557	27	80
557	28	70
557	29	80
557	30	80
557	31	20
557	32	100
557	33	50
557	34	70
557	35	70
557	36	70
557	37	90
557	38	50
557	39	50
557	40	20
558	1	50
558	2	0
558	3	20
558	4	90
558	5	70
558	6	90
558	7	90
558	8	110
558	9	50
558	10	50
558	11	90
558	12	50
558	13	0
558	14	50
558	15	50
558	16	50
558	17	70
558	18	70
558	19	70
558	20	70
558	21	90
558	22	50
558	23	70
558	24	70
558	25	70
558	26	70
558	27	110
558	28	50
558	29	50
558	30	70
558	31	40
558	32	70
558	33	70
558	34	50
558	35	90
558	36	50
558	37	50
558	38	50
558	39	70
558	40	20
559	1	50
559	2	80
559	3	90
559	4	120
559	5	110
559	6	70
559	7	90
559	8	40
559	9	70
559	10	0
559	11	110
559	12	20
559	13	110
559	14	70
559	15	40
559	16	70
559	17	70
559	18	60
559	19	80
559	20	40
559	21	90
559	22	90
559	23	90
559	24	20
559	25	20
559	26	0
559	27	70
559	28	20
559	29	110
559	30	80
559	31	110
559	32	90
559	33	70
559	34	70
559	35	40
559	36	50
559	37	90
559	38	70
559	39	50
559	40	50
560	1	70
560	2	50
560	3	90
560	4	90
560	5	90
560	6	90
560	7	90
560	8	40
560	9	90
560	10	0
560	11	110
560	12	20
560	13	90
560	14	50
560	15	20
560	16	90
560	17	70
560	18	70
560	19	50
560	20	20
560	21	70
560	22	70
560	23	110
560	24	0
560	25	20
560	26	40
560	27	60
560	28	20
560	29	90
560	30	70
560	31	90
560	32	70
560	33	70
560	34	70
560	35	20
560	36	50
560	37	90
560	38	50
560	39	90
560	40	70
561	1	70
561	2	80
561	3	90
561	4	120
561	5	110
561	6	90
561	7	120
561	8	40
561	9	70
561	10	10
561	11	90
561	12	20
561	13	90
561	14	70
561	15	20
561	16	90
561	17	70
561	18	80
561	19	60
561	20	0
561	21	90
561	22	100
561	23	90
561	24	0
561	25	40
561	26	40
561	27	70
561	28	0
561	29	100
561	30	80
561	31	110
561	32	60
561	33	70
561	34	70
561	35	40
561	36	50
561	37	70
561	38	70
561	39	90
561	40	70
562	1	70
562	2	80
562	3	70
562	4	80
562	5	110
562	6	90
562	7	90
562	8	20
562	9	70
562	10	20
562	11	70
562	12	40
562	13	90
562	14	70
562	15	20
562	16	90
562	17	90
562	18	80
562	19	60
562	20	0
562	21	50
562	22	90
562	23	90
562	24	0
562	25	20
562	26	20
562	27	50
562	28	20
562	29	90
562	30	100
562	31	70
562	32	50
562	33	90
562	34	90
562	35	0
562	36	70
562	37	90
562	38	70
562	39	70
562	40	70
563	1	70
563	2	10
563	3	0
563	4	60
563	5	60
563	6	50
563	7	60
563	8	50
563	9	80
563	10	60
563	11	50
563	12	50
563	13	10
563	14	50
563	15	50
563	16	70
563	17	60
563	18	60
563	19	60
563	20	60
563	21	50
563	22	60
563	23	50
563	24	50
563	25	60
563	26	70
563	27	60
563	28	50
563	29	60
563	30	60
563	31	10
563	32	60
563	33	60
563	34	60
563	35	60
563	36	60
563	37	60
563	38	60
563	39	80
563	40	0
564	1	70
564	2	10
564	3	0
564	4	80
564	5	90
564	6	70
564	7	80
564	8	70
564	9	70
564	10	60
564	11	70
564	12	70
564	13	20
564	14	50
564	15	50
564	16	90
564	17	70
564	18	60
564	19	60
564	20	50
564	21	50
564	22	80
564	23	70
564	24	50
564	25	50
564	26	70
564	27	100
564	28	50
564	29	80
564	30	80
564	31	20
564	32	60
564	33	70
564	34	70
564	35	50
564	36	50
564	37	70
564	38	50
564	39	70
564	40	0
565	1	70
565	2	80
565	3	110
565	4	120
565	5	90
565	6	70
565	7	100
565	8	20
565	9	90
565	10	10
565	11	110
565	12	20
565	13	110
565	14	70
565	15	40
565	16	90
565	17	50
565	18	80
565	19	60
565	20	20
565	21	90
565	22	100
565	23	110
565	24	0
565	25	40
565	26	40
565	27	50
565	28	20
565	29	120
565	30	60
565	31	110
565	32	80
565	33	50
565	34	70
565	35	40
565	36	50
565	37	90
565	38	70
565	39	90
565	40	70
566	1	50
566	2	50
566	3	70
566	4	70
566	5	50
566	6	50
566	7	50
566	8	20
566	9	70
566	10	0
566	11	90
566	12	0
566	13	70
566	14	50
566	15	20
566	16	50
566	17	50
566	18	50
566	19	70
566	20	40
566	21	70
566	22	50
566	23	70
566	24	20
566	25	0
566	26	0
566	27	20
566	28	20
566	29	70
566	30	50
566	31	70
566	32	90
566	33	50
566	34	50
566	35	20
566	36	50
566	37	70
566	38	50
566	39	50
566	40	50
567	1	50
567	2	70
567	3	70
567	4	90
567	5	90
567	6	50
567	7	50
567	8	20
567	9	50
567	10	0
567	11	90
567	12	40
567	13	90
567	14	50
567	15	20
567	16	70
567	17	70
567	18	50
567	19	70
567	20	20
567	21	70
567	22	90
567	23	90
567	24	20
567	25	20
567	26	0
567	27	40
567	28	0
567	29	70
567	30	70
567	31	90
567	32	70
567	33	50
567	34	90
567	35	20
567	36	70
567	37	90
567	38	50
567	39	50
567	40	70
568	1	50
568	2	80
568	3	110
568	4	120
568	5	80
568	6	70
568	7	100
568	8	40
568	9	80
568	10	10
568	11	110
568	12	0
568	13	100
568	14	70
568	15	40
568	16	50
568	17	60
568	18	80
568	19	80
568	20	50
568	21	110
568	22	80
568	23	90
568	24	20
568	25	50
568	26	20
568	27	50
568	28	20
568	29	100
568	30	60
568	31	120
568	32	100
568	33	60
568	34	60
568	35	70
568	36	60
568	37	80
568	38	80
568	39	80
568	40	70
569	1	70
569	2	80
569	3	90
569	4	80
569	5	70
569	6	50
569	7	80
569	8	0
569	9	90
569	10	10
569	11	70
569	12	0
569	13	90
569	14	70
569	15	40
569	16	70
569	17	50
569	18	60
569	19	60
569	20	20
569	21	70
569	22	80
569	23	70
569	24	0
569	25	20
569	26	20
569	27	10
569	28	20
569	29	100
569	30	60
569	31	70
569	32	80
569	33	50
569	34	50
569	35	20
569	36	50
569	37	70
569	38	70
569	39	70
569	40	50
570	1	50
570	2	80
570	3	110
570	4	140
570	5	90
570	6	70
570	7	100
570	8	40
570	9	70
570	10	10
570	11	130
570	12	20
570	13	110
570	14	70
570	15	40
570	16	70
570	17	50
570	18	80
570	19	80
570	20	40
570	21	110
570	22	100
570	23	110
570	24	20
570	25	40
570	26	20
570	27	70
570	28	20
570	29	120
570	30	60
570	31	130
570	32	100
570	33	50
570	34	70
570	35	60
570	36	50
570	37	90
570	38	70
570	39	70
570	40	70
571	1	50
571	2	10
571	3	40
571	4	120
571	5	100
571	6	90
571	7	100
571	8	110
571	9	80
571	10	60
571	11	130
571	12	70
571	13	50
571	14	50
571	15	70
571	16	70
571	17	80
571	18	80
571	19	80
571	20	100
571	21	90
571	22	80
571	23	110
571	24	70
571	25	80
571	26	70
571	27	140
571	28	70
571	29	100
571	30	80
571	31	70
571	32	100
571	33	80
571	34	80
571	35	100
571	36	60
571	37	100
571	38	60
571	39	80
571	40	20
572	1	70
572	2	40
572	3	80
572	4	110
572	5	90
572	6	70
572	7	90
572	8	90
572	9	90
572	10	50
572	11	110
572	12	70
572	13	60
572	14	70
572	15	110
572	16	70
572	17	70
572	18	70
572	19	70
572	20	90
572	21	90
572	22	90
572	23	110
572	24	70
572	25	110
572	26	90
572	27	90
572	28	70
572	29	90
572	30	70
572	31	60
572	32	90
572	33	50
572	34	70
572	35	110
572	36	70
572	37	90
572	38	70
572	39	90
572	40	40
573	1	70
573	2	80
573	3	90
573	4	120
573	5	100
573	6	70
573	7	80
573	8	40
573	9	80
573	10	10
573	11	110
573	12	40
573	13	100
573	14	50
573	15	20
573	16	90
573	17	80
573	18	80
573	19	80
573	20	30
573	21	70
573	22	100
573	23	110
573	24	20
573	25	50
573	26	40
573	27	70
573	28	0
573	29	80
573	30	80
573	31	120
573	32	80
573	33	60
573	34	100
573	35	50
573	36	80
573	37	100
573	38	60
573	39	100
573	40	90
574	1	70
574	2	40
574	3	40
574	4	90
574	5	90
574	6	50
574	7	70
574	8	70
574	9	70
574	10	50
574	11	70
574	12	70
574	13	40
574	14	70
574	15	90
574	16	70
574	17	70
574	18	50
574	19	70
574	20	70
574	21	70
574	22	90
574	23	70
574	24	70
574	25	90
574	26	70
574	27	70
574	28	50
574	29	70
574	30	70
574	31	40
574	32	70
574	33	50
574	34	70
574	35	90
574	36	70
574	37	70
574	38	70
574	39	70
574	40	20
575	1	70
575	2	10
575	3	20
575	4	80
575	5	90
575	6	70
575	7	70
575	8	70
575	9	90
575	10	50
575	11	90
575	12	70
575	13	40
575	14	50
575	15	70
575	16	90
575	17	70
575	18	60
575	19	60
575	20	70
575	21	50
575	22	70
575	23	90
575	24	50
575	25	50
575	26	70
575	27	100
575	28	70
575	29	90
575	30	80
575	31	20
575	32	70
575	33	70
575	34	70
575	35	50
575	36	50
575	37	90
575	38	50
575	39	70
575	40	0
576	1	70
576	2	60
576	3	70
576	4	100
576	5	90
576	6	90
576	7	100
576	8	40
576	9	70
576	10	10
576	11	90
576	12	20
576	13	70
576	14	50
576	15	0
576	16	90
576	17	70
576	18	80
576	19	60
576	20	0
576	21	70
576	22	80
576	23	90
576	24	0
576	25	20
576	26	40
576	27	70
576	28	0
576	29	80
576	30	80
576	31	90
576	32	60
576	33	70
576	34	70
576	35	20
576	36	50
576	37	70
576	38	50
576	39	90
576	40	70
577	1	70
577	2	10
577	3	0
577	4	80
577	5	90
577	6	70
577	7	70
577	8	70
577	9	70
577	10	50
577	11	70
577	12	70
577	13	20
577	14	50
577	15	50
577	16	90
577	17	70
577	18	60
577	19	60
577	20	50
577	21	50
577	22	70
577	23	70
577	24	50
577	25	50
577	26	70
577	27	100
577	28	50
577	29	70
577	30	80
577	31	20
577	32	50
577	33	70
577	34	70
577	35	50
577	36	50
577	37	70
577	38	50
577	39	70
577	40	0
578	1	70
578	2	50
578	3	60
578	4	100
578	5	120
578	6	70
578	7	100
578	8	50
578	9	100
578	10	80
578	11	90
578	12	90
578	13	90
578	14	90
578	15	110
578	16	90
578	17	80
578	18	80
578	19	60
578	20	80
578	21	70
578	22	120
578	23	110
578	24	50
578	25	100
578	26	70
578	27	80
578	28	90
578	29	140
578	30	80
578	31	50
578	32	80
578	33	80
578	34	100
578	35	80
578	36	80
578	37	120
578	38	100
578	39	80
578	40	20
579	1	50
579	2	10
579	3	20
579	4	120
579	5	100
579	6	90
579	7	100
579	8	110
579	9	60
579	10	60
579	11	110
579	12	70
579	13	30
579	14	50
579	15	50
579	16	70
579	17	80
579	18	80
579	19	80
579	20	80
579	21	70
579	22	80
579	23	90
579	24	70
579	25	80
579	26	70
579	27	140
579	28	50
579	29	80
579	30	80
579	31	70
579	32	80
579	33	80
579	34	80
579	35	100
579	36	60
579	37	80
579	38	60
579	39	80
579	40	20
580	1	50
580	2	80
580	3	110
580	4	120
580	5	110
580	6	90
580	7	110
580	8	40
580	9	70
580	10	0
580	11	110
580	12	20
580	13	110
580	14	70
580	15	40
580	16	70
580	17	70
580	18	80
580	19	60
580	20	20
580	21	110
580	22	90
580	23	110
580	24	0
580	25	40
580	26	20
580	27	70
580	28	20
580	29	110
580	30	80
580	31	110
580	32	70
580	33	70
580	34	70
580	35	40
580	36	50
580	37	90
580	38	70
580	39	70
580	40	70
581	1	70
581	2	10
581	3	20
581	4	80
581	5	50
581	6	70
581	7	70
581	8	70
581	9	70
581	10	50
581	11	70
581	12	50
581	13	0
581	14	50
581	15	50
581	16	70
581	17	50
581	18	80
581	19	60
581	20	50
581	21	70
581	22	50
581	23	70
581	24	50
581	25	70
581	26	90
581	27	80
581	28	50
581	29	50
581	30	60
581	31	20
581	32	50
581	33	50
581	34	50
581	35	70
581	36	50
581	37	50
581	38	50
581	39	90
581	40	20
582	1	70
582	2	60
582	3	50
582	4	80
582	5	90
582	6	70
582	7	80
582	8	20
582	9	70
582	10	10
582	11	70
582	12	20
582	13	70
582	14	50
582	15	0
582	16	90
582	17	70
582	18	60
582	19	60
582	20	0
582	21	50
582	22	80
582	23	70
582	24	0
582	25	0
582	26	20
582	27	50
582	28	0
582	29	80
582	30	80
582	31	70
582	32	60
582	33	70
582	34	70
582	35	0
582	36	50
582	37	70
582	38	50
582	39	70
582	40	50
583	1	50
583	2	10
583	3	20
583	4	80
583	5	80
583	6	70
583	7	80
583	8	90
583	9	80
583	10	60
583	11	90
583	12	50
583	13	30
583	14	50
583	15	70
583	16	50
583	17	80
583	18	60
583	19	80
583	20	100
583	21	70
583	22	60
583	23	70
583	24	70
583	25	60
583	26	50
583	27	100
583	28	70
583	29	80
583	30	80
583	31	30
583	32	100
583	33	80
583	34	60
583	35	80
583	36	60
583	37	80
583	38	60
583	39	60
583	40	0
584	1	70
584	2	0
584	3	20
584	4	70
584	5	90
584	6	70
584	7	70
584	8	70
584	9	90
584	10	50
584	11	90
584	12	70
584	13	40
584	14	50
584	15	70
584	16	90
584	17	70
584	18	50
584	19	50
584	20	70
584	21	50
584	22	70
584	23	90
584	24	50
584	25	50
584	26	70
584	27	90
584	28	70
584	29	90
584	30	70
584	31	20
584	32	70
584	33	70
584	34	70
584	35	50
584	36	50
584	37	90
584	38	50
584	39	70
584	40	0
585	1	70
585	2	60
585	3	50
585	4	60
585	5	50
585	6	50
585	7	60
585	8	0
585	9	70
585	10	10
585	11	50
585	12	0
585	13	50
585	14	50
585	15	0
585	16	70
585	17	50
585	18	60
585	19	60
585	20	0
585	21	50
585	22	60
585	23	50
585	24	0
585	25	0
585	26	20
585	27	10
585	28	0
585	29	60
585	30	60
585	31	50
585	32	60
585	33	50
585	34	50
585	35	0
585	36	50
585	37	50
585	38	50
585	39	70
585	40	50
586	1	50
586	2	70
586	3	90
586	4	90
586	5	90
586	6	90
586	7	110
586	8	40
586	9	50
586	10	0
586	11	70
586	12	0
586	13	70
586	14	70
586	15	20
586	16	50
586	17	70
586	18	70
586	19	50
586	20	0
586	21	110
586	22	70
586	23	70
586	24	0
586	25	40
586	26	20
586	27	40
586	28	0
586	29	70
586	30	70
586	31	90
586	32	50
586	33	70
586	34	50
586	35	40
586	36	50
586	37	50
586	38	70
586	39	70
586	40	70
587	1	70
587	2	70
587	3	110
587	4	110
587	5	90
587	6	70
587	7	90
587	8	20
587	9	90
587	10	0
587	11	110
587	12	20
587	13	110
587	14	70
587	15	40
587	16	90
587	17	50
587	18	70
587	19	50
587	20	20
587	21	90
587	22	90
587	23	110
587	24	0
587	25	40
587	26	40
587	27	40
587	28	20
587	29	110
587	30	50
587	31	110
587	32	70
587	33	50
587	34	70
587	35	40
587	36	50
587	37	90
587	38	70
587	39	90
587	40	70
588	1	50
588	2	80
588	3	90
588	4	80
588	5	80
588	6	50
588	7	80
588	8	0
588	9	80
588	10	10
588	11	70
588	12	0
588	13	100
588	14	70
588	15	40
588	16	50
588	17	60
588	18	60
588	19	60
588	20	30
588	21	90
588	22	80
588	23	70
588	24	0
588	25	30
588	26	0
588	27	10
588	28	20
588	29	100
588	30	60
588	31	80
588	32	80
588	33	60
588	34	60
588	35	30
588	36	60
588	37	80
588	38	80
588	39	60
588	40	50
589	1	50
589	2	60
589	3	50
589	4	80
589	5	60
589	6	50
589	7	60
589	8	20
589	9	60
589	10	10
589	11	70
589	12	0
589	13	60
589	14	50
589	15	0
589	16	50
589	17	60
589	18	60
589	19	80
589	20	30
589	21	70
589	22	60
589	23	50
589	24	20
589	25	10
589	26	0
589	27	30
589	28	0
589	29	60
589	30	60
589	31	80
589	32	80
589	33	60
589	34	60
589	35	30
589	36	60
589	37	60
589	38	60
589	39	60
589	40	50
590	1	50
590	2	50
590	3	60
590	4	140
590	5	130
590	6	90
590	7	120
590	8	110
590	9	50
590	10	60
590	11	110
590	12	90
590	13	60
590	14	70
590	15	90
590	16	70
590	17	90
590	18	80
590	19	80
590	20	70
590	21	110
590	22	120
590	23	110
590	24	70
590	25	110
590	26	70
590	27	140
590	28	50
590	29	100
590	30	100
590	31	80
590	32	80
590	33	70
590	34	90
590	35	110
590	36	70
590	37	90
590	38	70
590	39	70
590	40	40
591	1	70
591	2	10
591	3	20
591	4	60
591	5	50
591	6	50
591	7	60
591	8	50
591	9	90
591	10	60
591	11	70
591	12	50
591	13	20
591	14	50
591	15	70
591	16	70
591	17	50
591	18	60
591	19	60
591	20	70
591	21	50
591	22	60
591	23	70
591	24	50
591	25	50
591	26	70
591	27	60
591	28	70
591	29	80
591	30	60
591	31	0
591	32	80
591	33	50
591	34	50
591	35	50
591	36	50
591	37	70
591	38	50
591	39	70
591	40	0
592	1	50
592	2	30
592	3	60
592	4	120
592	5	120
592	6	90
592	7	100
592	8	110
592	9	80
592	10	60
592	11	130
592	12	90
592	13	70
592	14	50
592	15	90
592	16	70
592	17	100
592	18	80
592	19	80
592	20	100
592	21	90
592	22	100
592	23	130
592	24	70
592	25	100
592	26	70
592	27	140
592	28	70
592	29	100
592	30	100
592	31	70
592	32	100
592	33	80
592	34	100
592	35	100
592	36	80
592	37	120
592	38	60
592	39	80
592	40	40
593	1	50
593	2	80
593	3	90
593	4	120
593	5	110
593	6	70
593	7	90
593	8	40
593	9	70
593	10	0
593	11	110
593	12	20
593	13	110
593	14	70
593	15	40
593	16	70
593	17	70
593	18	60
593	19	80
593	20	40
593	21	70
593	22	90
593	23	90
593	24	20
593	25	20
593	26	0
593	27	70
593	28	20
593	29	110
593	30	80
593	31	110
593	32	90
593	33	70
593	34	70
593	35	40
593	36	50
593	37	90
593	38	70
593	39	50
593	40	50
594	1	50
594	2	50
594	3	50
594	4	70
594	5	50
594	6	50
594	7	50
594	8	20
594	9	50
594	10	0
594	11	70
594	12	0
594	13	50
594	14	50
594	15	0
594	16	50
594	17	50
594	18	50
594	19	70
594	20	20
594	21	70
594	22	50
594	23	50
594	24	20
594	25	0
594	26	0
594	27	20
594	28	0
594	29	50
594	30	50
594	31	70
594	32	70
594	33	50
594	34	50
594	35	20
594	36	50
594	37	50
594	38	50
594	39	50
594	40	50
595	1	50
595	2	20
595	3	40
595	4	110
595	5	110
595	6	90
595	7	90
595	8	110
595	9	50
595	10	50
595	11	110
595	12	90
595	13	40
595	14	50
595	15	70
595	16	70
595	17	90
595	18	70
595	19	70
595	20	70
595	21	90
595	22	90
595	23	110
595	24	70
595	25	90
595	26	70
595	27	130
595	28	50
595	29	70
595	30	90
595	31	60
595	32	70
595	33	70
595	34	90
595	35	90
595	36	70
595	37	90
595	38	50
595	39	70
595	40	40
596	1	70
596	2	50
596	3	60
596	4	120
596	5	120
596	6	90
596	7	120
596	8	110
596	9	80
596	10	60
596	11	90
596	12	70
596	13	50
596	14	70
596	15	90
596	16	70
596	17	100
596	18	80
596	19	80
596	20	80
596	21	90
596	22	100
596	23	90
596	24	70
596	25	120
596	26	90
596	27	120
596	28	50
596	29	80
596	30	100
596	31	70
596	32	80
596	33	80
596	34	80
596	35	120
596	36	80
596	37	80
596	38	80
596	39	100
596	40	40
597	1	70
597	2	30
597	3	40
597	4	100
597	5	110
597	6	70
597	7	100
597	8	70
597	9	90
597	10	60
597	11	90
597	12	70
597	13	60
597	14	70
597	15	90
597	16	90
597	17	70
597	18	60
597	19	60
597	20	70
597	21	70
597	22	100
597	23	90
597	24	50
597	25	70
597	26	70
597	27	100
597	28	70
597	29	120
597	30	80
597	31	40
597	32	80
597	33	70
597	34	70
597	35	70
597	36	50
597	37	90
597	38	70
597	39	70
597	40	0
598	1	50
598	2	20
598	3	40
598	4	70
598	5	90
598	6	70
598	7	70
598	8	90
598	9	70
598	10	50
598	11	90
598	12	70
598	13	40
598	14	50
598	15	90
598	16	50
598	17	90
598	18	50
598	19	70
598	20	90
598	21	70
598	22	70
598	23	90
598	24	70
598	25	70
598	26	50
598	27	90
598	28	70
598	29	70
598	30	90
598	31	20
598	32	90
598	33	70
598	34	70
598	35	70
598	36	70
598	37	90
598	38	50
598	39	50
598	40	20
599	1	50
599	2	80
599	3	90
599	4	140
599	5	120
599	6	90
599	7	120
599	8	60
599	9	60
599	10	10
599	11	110
599	12	20
599	13	100
599	14	70
599	15	20
599	16	70
599	17	80
599	18	80
599	19	80
599	20	30
599	21	110
599	22	100
599	23	90
599	24	20
599	25	50
599	26	20
599	27	90
599	28	0
599	29	100
599	30	80
599	31	140
599	32	80
599	33	80
599	34	80
599	35	70
599	36	60
599	37	80
599	38	80
599	39	80
599	40	70
600	1	50
600	2	50
600	3	70
600	4	110
600	5	70
600	6	70
600	7	70
600	8	40
600	9	50
600	10	0
600	11	110
600	12	20
600	13	70
600	14	50
600	15	0
600	16	70
600	17	50
600	18	70
600	19	70
600	20	20
600	21	70
600	22	70
600	23	90
600	24	20
600	25	20
600	26	20
600	27	60
600	28	0
600	29	70
600	30	50
600	31	110
600	32	70
600	33	50
600	34	70
600	35	40
600	36	50
600	37	70
600	38	50
600	39	70
600	40	70
601	1	50
601	2	80
601	3	110
601	4	100
601	5	100
601	6	90
601	7	120
601	8	40
601	9	80
601	10	10
601	11	90
601	12	0
601	13	100
601	14	70
601	15	40
601	16	50
601	17	80
601	18	80
601	19	60
601	20	30
601	21	110
601	22	80
601	23	90
601	24	0
601	25	50
601	26	20
601	27	50
601	28	20
601	29	100
601	30	80
601	31	100
601	32	80
601	33	80
601	34	60
601	35	50
601	36	60
601	37	80
601	38	80
601	39	80
601	40	70
602	1	70
602	2	30
602	3	60
602	4	100
602	5	70
602	6	70
602	7	90
602	8	70
602	9	90
602	10	50
602	11	90
602	12	50
602	13	40
602	14	70
602	15	90
602	16	70
602	17	50
602	18	80
602	19	60
602	20	70
602	21	90
602	22	70
602	23	90
602	24	50
602	25	90
602	26	90
602	27	80
602	28	70
602	29	90
602	30	60
602	31	40
602	32	70
602	33	50
602	34	50
602	35	90
602	36	50
602	37	70
602	38	70
602	39	90
602	40	20
603	1	50
603	2	50
603	3	50
603	4	90
603	5	90
603	6	70
603	7	70
603	8	40
603	9	50
603	10	0
603	11	90
603	12	20
603	13	70
603	14	50
603	15	0
603	16	70
603	17	70
603	18	50
603	19	70
603	20	20
603	21	70
603	22	70
603	23	70
603	24	20
603	25	0
603	26	0
603	27	60
603	28	0
603	29	70
603	30	70
603	31	90
603	32	70
603	33	70
603	34	70
603	35	20
603	36	50
603	37	70
603	38	50
603	39	50
603	40	50
604	1	70
604	2	50
604	3	70
604	4	70
604	5	70
604	6	90
604	7	90
604	8	40
604	9	70
604	10	0
604	11	70
604	12	0
604	13	50
604	14	50
604	15	0
604	16	70
604	17	70
604	18	70
604	19	50
604	20	0
604	21	70
604	22	50
604	23	70
604	24	0
604	25	20
604	26	40
604	27	40
604	28	0
604	29	50
604	30	70
604	31	70
604	32	50
604	33	70
604	34	50
604	35	20
604	36	50
604	37	50
604	38	50
604	39	90
604	40	70
605	1	50
605	2	30
605	3	60
605	4	120
605	5	110
605	6	90
605	7	90
605	8	110
605	9	70
605	10	50
605	11	130
605	12	90
605	13	60
605	14	50
605	15	90
605	16	70
605	17	90
605	18	80
605	19	80
605	20	90
605	21	90
605	22	90
605	23	130
605	24	70
605	25	90
605	26	70
605	27	140
605	28	70
605	29	90
605	30	100
605	31	60
605	32	90
605	33	70
605	34	90
605	35	90
605	36	70
605	37	110
605	38	50
605	39	70
605	40	40
606	1	70
606	2	20
606	3	60
606	4	110
606	5	90
606	6	70
606	7	90
606	8	70
606	9	90
606	10	50
606	11	110
606	12	70
606	13	60
606	14	70
606	15	90
606	16	90
606	17	50
606	18	70
606	19	50
606	20	70
606	21	90
606	22	90
606	23	110
606	24	50
606	25	90
606	26	90
606	27	90
606	28	70
606	29	110
606	30	50
606	31	60
606	32	70
606	33	50
606	34	70
606	35	90
606	36	50
606	37	90
606	38	70
606	39	90
606	40	20
607	1	50
607	2	80
607	3	70
607	4	120
607	5	100
607	6	50
607	7	80
607	8	20
607	9	60
607	10	10
607	11	90
607	12	20
607	13	100
607	14	70
607	15	20
607	16	70
607	17	60
607	18	60
607	19	80
607	20	30
607	21	70
607	22	100
607	23	70
607	24	20
607	25	30
607	26	0
607	27	50
607	28	0
607	29	100
607	30	60
607	31	120
607	32	80
607	33	60
607	34	80
607	35	50
607	36	60
607	37	80
607	38	80
607	39	60
607	40	50
608	1	50
608	2	10
608	3	0
608	4	80
608	5	50
608	6	50
608	7	60
608	8	70
608	9	50
608	10	60
608	11	70
608	12	50
608	13	0
608	14	50
608	15	50
608	16	50
608	17	50
608	18	60
608	19	80
608	20	70
608	21	70
608	22	60
608	23	50
608	24	70
608	25	50
608	26	50
608	27	80
608	28	50
608	29	60
608	30	60
608	31	20
608	32	80
608	33	50
608	34	50
608	35	70
608	36	50
608	37	50
608	38	50
608	39	50
608	40	0
609	1	70
609	2	60
609	3	50
609	4	60
609	5	80
609	6	70
609	7	80
609	8	20
609	9	80
609	10	10
609	11	50
609	12	0
609	13	60
609	14	50
609	15	0
609	16	70
609	17	80
609	18	60
609	19	60
609	20	10
609	21	50
609	22	60
609	23	50
609	24	0
609	25	10
609	26	20
609	27	30
609	28	0
609	29	60
609	30	80
609	31	60
609	32	60
609	33	80
609	34	60
609	35	10
609	36	60
609	37	60
609	38	60
609	39	80
609	40	50
610	1	50
610	2	0
610	3	20
610	4	110
610	5	90
610	6	90
610	7	90
610	8	110
610	9	50
610	10	50
610	11	110
610	12	70
610	13	20
610	14	50
610	15	50
610	16	70
610	17	70
610	18	70
610	19	70
610	20	70
610	21	70
610	22	70
610	23	90
610	24	70
610	25	70
610	26	70
610	27	130
610	28	50
610	29	70
610	30	70
610	31	60
610	32	70
610	33	70
610	34	70
610	35	90
610	36	50
610	37	70
610	38	50
610	39	70
610	40	20
611	1	50
611	2	70
611	3	110
611	4	130
611	5	90
611	6	70
611	7	90
611	8	40
611	9	70
611	10	0
611	11	130
611	12	20
611	13	110
611	14	70
611	15	40
611	16	70
611	17	50
611	18	70
611	19	70
611	20	40
611	21	90
611	22	90
611	23	110
611	24	20
611	25	40
611	26	20
611	27	60
611	28	20
611	29	110
611	30	50
611	31	130
611	32	90
611	33	50
611	34	70
611	35	60
611	36	50
611	37	90
611	38	70
611	39	70
611	40	70
612	1	70
612	2	100
612	3	90
612	4	100
612	5	130
612	6	90
612	7	110
612	8	20
612	9	70
612	10	20
612	11	70
612	12	40
612	13	110
612	14	90
612	15	40
612	16	90
612	17	90
612	18	80
612	19	60
612	20	0
612	21	70
612	22	110
612	23	90
612	24	0
612	25	40
612	26	20
612	27	50
612	28	20
612	29	110
612	30	100
612	31	90
612	32	50
612	33	90
612	34	90
612	35	20
612	36	70
612	37	90
612	38	90
612	39	70
612	40	70
613	1	70
613	2	80
613	3	70
613	4	60
613	5	80
613	6	70
613	7	80
613	8	0
613	9	80
613	10	30
613	11	50
613	12	20
613	13	80
613	14	70
613	15	20
613	16	70
613	17	80
613	18	80
613	19	60
613	20	10
613	21	50
613	22	80
613	23	70
613	24	0
613	25	30
613	26	20
613	27	10
613	28	20
613	29	80
613	30	80
613	31	60
613	32	60
613	33	80
613	34	80
613	35	10
613	36	80
613	37	80
613	38	80
613	39	80
613	40	70
614	1	50
614	2	80
614	3	90
614	4	100
614	5	70
614	6	50
614	7	70
614	8	20
614	9	70
614	10	0
614	11	90
614	12	0
614	13	90
614	14	70
614	15	40
614	16	50
614	17	50
614	18	60
614	19	80
614	20	40
614	21	70
614	22	70
614	23	70
614	24	20
614	25	20
614	26	0
614	27	30
614	28	20
614	29	90
614	30	60
614	31	90
614	32	90
614	33	50
614	34	50
614	35	40
614	36	50
614	37	70
614	38	70
614	39	50
614	40	50
615	1	50
615	2	80
615	3	110
615	4	140
615	5	90
615	6	70
615	7	90
615	8	40
615	9	70
615	10	0
615	11	130
615	12	20
615	13	110
615	14	70
615	15	40
615	16	70
615	17	50
615	18	80
615	19	80
615	20	40
615	21	110
615	22	90
615	23	110
615	24	20
615	25	40
615	26	20
615	27	70
615	28	20
615	29	110
615	30	60
615	31	130
615	32	90
615	33	50
615	34	70
615	35	60
615	36	50
615	37	90
615	38	70
615	39	70
615	40	70
616	1	70
616	2	80
616	3	90
616	4	100
616	5	70
616	6	70
616	7	100
616	8	20
616	9	70
616	10	10
616	11	70
616	12	0
616	13	70
616	14	70
616	15	20
616	16	70
616	17	50
616	18	80
616	19	60
616	20	0
616	21	90
616	22	80
616	23	70
616	24	0
616	25	40
616	26	40
616	27	30
616	28	0
616	29	80
616	30	60
616	31	90
616	32	60
616	33	50
616	34	50
616	35	40
616	36	50
616	37	50
616	38	70
616	39	90
616	40	70
617	1	50
617	2	50
617	3	60
617	4	140
617	5	120
617	6	70
617	7	100
617	8	90
617	9	60
617	10	60
617	11	110
617	12	90
617	13	70
617	14	70
617	15	90
617	16	70
617	17	80
617	18	80
617	19	80
617	20	80
617	21	110
617	22	120
617	23	110
617	24	70
617	25	120
617	26	70
617	27	120
617	28	50
617	29	100
617	30	80
617	31	90
617	32	80
617	33	60
617	34	100
617	35	120
617	36	80
617	37	100
617	38	80
617	39	80
617	40	40
618	1	70
618	2	50
618	3	60
618	4	100
618	5	110
618	6	70
618	7	100
618	8	50
618	9	90
618	10	80
618	11	90
618	12	90
618	13	80
618	14	90
618	15	110
618	16	90
618	17	70
618	18	80
618	19	60
618	20	70
618	21	70
618	22	120
618	23	110
618	24	50
618	25	90
618	26	70
618	27	80
618	28	90
618	29	140
618	30	80
618	31	40
618	32	80
618	33	70
618	34	90
618	35	70
618	36	70
618	37	110
618	38	90
618	39	70
618	40	20
619	1	50
619	2	70
619	3	110
619	4	90
619	5	70
619	6	70
619	7	70
619	8	40
619	9	70
619	10	0
619	11	110
619	12	20
619	13	90
619	14	50
619	15	40
619	16	50
619	17	70
619	18	70
619	19	70
619	20	40
619	21	90
619	22	70
619	23	110
619	24	20
619	25	40
619	26	20
619	27	40
619	28	20
619	29	70
619	30	70
619	31	90
619	32	90
619	33	50
619	34	70
619	35	40
619	36	70
619	37	90
619	38	50
619	39	70
619	40	90
620	1	50
620	2	0
620	3	20
620	4	70
620	5	70
620	6	50
620	7	50
620	8	50
620	9	70
620	10	50
620	11	90
620	12	70
620	13	40
620	14	50
620	15	70
620	16	70
620	17	50
620	18	50
620	19	50
620	20	70
620	21	70
620	22	70
620	23	90
620	24	50
620	25	50
620	26	50
620	27	70
620	28	70
620	29	90
620	30	50
620	31	20
620	32	70
620	33	50
620	34	70
620	35	50
620	36	50
620	37	90
620	38	50
620	39	50
620	40	0
621	1	50
621	2	80
621	3	110
621	4	140
621	5	110
621	6	90
621	7	120
621	8	60
621	9	70
621	10	10
621	11	130
621	12	20
621	13	110
621	14	70
621	15	40
621	16	70
621	17	70
621	18	80
621	19	80
621	20	40
621	21	110
621	22	100
621	23	110
621	24	20
621	25	40
621	26	20
621	27	90
621	28	20
621	29	120
621	30	80
621	31	130
621	32	100
621	33	70
621	34	70
621	35	60
621	36	50
621	37	90
621	38	70
621	39	70
621	40	70
622	1	70
622	2	30
622	3	40
622	4	100
622	5	90
622	6	90
622	7	110
622	8	90
622	9	70
622	10	50
622	11	70
622	12	50
622	13	20
622	14	70
622	15	70
622	16	70
622	17	70
622	18	80
622	19	60
622	20	50
622	21	90
622	22	70
622	23	70
622	24	50
622	25	90
622	26	90
622	27	100
622	28	50
622	29	70
622	30	80
622	31	40
622	32	50
622	33	70
622	34	50
622	35	90
622	36	50
622	37	50
622	38	70
622	39	90
622	40	20
623	1	70
623	2	10
623	3	20
623	4	80
623	5	70
623	6	50
623	7	50
623	8	50
623	9	90
623	10	50
623	11	90
623	12	70
623	13	40
623	14	50
623	15	70
623	16	90
623	17	50
623	18	60
623	19	60
623	20	70
623	21	50
623	22	70
623	23	90
623	24	50
623	25	50
623	26	70
623	27	80
623	28	70
623	29	90
623	30	60
623	31	20
623	32	70
623	33	50
623	34	70
623	35	50
623	36	50
623	37	90
623	38	50
623	39	70
623	40	0
624	1	50
624	2	20
624	3	40
624	4	90
624	5	90
624	6	90
624	7	90
624	8	110
624	9	50
624	10	50
624	11	90
624	12	70
624	13	20
624	14	50
624	15	70
624	16	50
624	17	90
624	18	70
624	19	70
624	20	70
624	21	90
624	22	70
624	23	90
624	24	70
624	25	90
624	26	70
624	27	110
624	28	50
624	29	50
624	30	90
624	31	40
624	32	70
624	33	70
624	34	70
624	35	90
624	36	70
624	37	70
624	38	50
624	39	70
624	40	40
625	1	70
625	2	80
625	3	70
625	4	80
625	5	70
625	6	50
625	7	60
625	8	20
625	9	70
625	10	10
625	11	70
625	12	20
625	13	70
625	14	50
625	15	20
625	16	70
625	17	70
625	18	60
625	19	80
625	20	20
625	21	50
625	22	80
625	23	70
625	24	20
625	25	20
625	26	20
625	27	30
625	28	0
625	29	60
625	30	80
625	31	70
625	32	80
625	33	50
625	34	70
625	35	20
625	36	70
625	37	70
625	38	50
625	39	70
625	40	70
626	1	50
626	2	10
626	3	20
626	4	100
626	5	90
626	6	90
626	7	90
626	8	90
626	9	50
626	10	50
626	11	90
626	12	70
626	13	20
626	14	50
626	15	50
626	16	70
626	17	70
626	18	80
626	19	60
626	20	50
626	21	90
626	22	70
626	23	90
626	24	50
626	25	70
626	26	70
626	27	120
626	28	50
626	29	70
626	30	80
626	31	40
626	32	50
626	33	70
626	34	70
626	35	70
626	36	50
626	37	70
626	38	50
626	39	70
626	40	20
627	1	70
627	2	30
627	3	40
627	4	100
627	5	90
627	6	90
627	7	100
627	8	70
627	9	70
627	10	80
627	11	90
627	12	90
627	13	40
627	14	70
627	15	70
627	16	90
627	17	70
627	18	100
627	19	60
627	20	50
627	21	70
627	22	100
627	23	110
627	24	50
627	25	90
627	26	90
627	27	100
627	28	70
627	29	100
627	30	80
627	31	40
627	32	60
627	33	70
627	34	90
627	35	70
627	36	70
627	37	90
627	38	70
627	39	90
627	40	40
628	1	50
628	2	80
628	3	90
628	4	100
628	5	100
628	6	70
628	7	100
628	8	40
628	9	80
628	10	10
628	11	90
628	12	0
628	13	100
628	14	70
628	15	40
628	16	50
628	17	80
628	18	60
628	19	80
628	20	50
628	21	70
628	22	80
628	23	70
628	24	20
628	25	30
628	26	0
628	27	50
628	28	20
628	29	100
628	30	80
628	31	100
628	32	100
628	33	80
628	34	60
628	35	50
628	36	60
628	37	80
628	38	80
628	39	60
628	40	50
629	1	50
629	2	40
629	3	40
629	4	90
629	5	90
629	6	50
629	7	70
629	8	70
629	9	50
629	10	50
629	11	70
629	12	70
629	13	40
629	14	70
629	15	90
629	16	50
629	17	70
629	18	50
629	19	70
629	20	70
629	21	90
629	22	90
629	23	70
629	24	70
629	25	90
629	26	50
629	27	70
629	28	50
629	29	70
629	30	70
629	31	40
629	32	70
629	33	50
629	34	70
629	35	90
629	36	70
629	37	70
629	38	70
629	39	50
629	40	20
630	1	50
630	2	50
630	3	60
630	4	120
630	5	120
630	6	90
630	7	120
630	8	110
630	9	60
630	10	60
630	11	90
630	12	70
630	13	50
630	14	70
630	15	90
630	16	50
630	17	100
630	18	80
630	19	80
630	20	80
630	21	110
630	22	100
630	23	90
630	24	70
630	25	120
630	26	70
630	27	120
630	28	50
630	29	80
630	30	100
630	31	70
630	32	80
630	33	80
630	34	80
630	35	120
630	36	80
630	37	80
630	38	80
630	39	80
630	40	40
631	1	70
631	2	40
631	3	60
631	4	90
631	5	90
631	6	50
631	7	70
631	8	70
631	9	90
631	10	50
631	11	90
631	12	70
631	13	60
631	14	70
631	15	110
631	16	70
631	17	70
631	18	50
631	19	70
631	20	90
631	21	70
631	22	90
631	23	90
631	24	70
631	25	90
631	26	70
631	27	70
631	28	70
631	29	90
631	30	70
631	31	40
631	32	90
631	33	50
631	34	70
631	35	90
631	36	70
631	37	90
631	38	70
631	39	70
631	40	20
632	1	70
632	2	10
632	3	20
632	4	100
632	5	70
632	6	70
632	7	70
632	8	70
632	9	70
632	10	50
632	11	90
632	12	70
632	13	20
632	14	50
632	15	50
632	16	90
632	17	50
632	18	80
632	19	60
632	20	50
632	21	70
632	22	70
632	23	90
632	24	50
632	25	70
632	26	90
632	27	100
632	28	50
632	29	70
632	30	60
632	31	40
632	32	50
632	33	50
632	34	70
632	35	70
632	36	50
632	37	70
632	38	50
632	39	90
632	40	20
633	1	70
633	2	10
633	3	20
633	4	60
633	5	60
633	6	50
633	7	60
633	8	50
633	9	100
633	10	60
633	11	70
633	12	50
633	13	30
633	14	50
633	15	70
633	16	70
633	17	60
633	18	60
633	19	60
633	20	80
633	21	50
633	22	60
633	23	70
633	24	50
633	25	60
633	26	70
633	27	60
633	28	70
633	29	80
633	30	60
633	31	10
633	32	80
633	33	60
633	34	60
633	35	60
633	36	60
633	37	80
633	38	60
633	39	80
633	40	0
634	1	50
634	2	50
634	3	60
634	4	140
634	5	130
634	6	90
634	7	110
634	8	110
634	9	50
634	10	50
634	11	110
634	12	90
634	13	60
634	14	70
634	15	90
634	16	70
634	17	90
634	18	80
634	19	80
634	20	70
634	21	110
634	22	110
634	23	110
634	24	70
634	25	110
634	26	70
634	27	140
634	28	50
634	29	90
634	30	100
634	31	80
634	32	70
634	33	70
634	34	90
634	35	110
634	36	70
634	37	90
634	38	70
634	39	70
634	40	40
635	1	50
635	2	30
635	3	40
635	4	100
635	5	90
635	6	70
635	7	100
635	8	90
635	9	70
635	10	60
635	11	90
635	12	50
635	13	40
635	14	70
635	15	90
635	16	50
635	17	70
635	18	60
635	19	80
635	20	90
635	21	90
635	22	80
635	23	70
635	24	70
635	25	70
635	26	50
635	27	100
635	28	70
635	29	100
635	30	80
635	31	40
635	32	100
635	33	70
635	34	50
635	35	90
635	36	50
635	37	70
635	38	70
635	39	50
635	40	0
636	1	70
636	2	60
636	3	70
636	4	80
636	5	50
636	6	70
636	7	70
636	8	20
636	9	70
636	10	0
636	11	70
636	12	0
636	13	50
636	14	50
636	15	0
636	16	70
636	17	50
636	18	80
636	19	60
636	20	0
636	21	70
636	22	50
636	23	70
636	24	0
636	25	20
636	26	40
636	27	30
636	28	0
636	29	50
636	30	60
636	31	70
636	32	50
636	33	50
636	34	50
636	35	20
636	36	50
636	37	50
636	38	50
636	39	90
636	40	70
637	1	70
637	2	50
637	3	60
637	4	100
637	5	130
637	6	90
637	7	110
637	8	70
637	9	90
637	10	70
637	11	90
637	12	90
637	13	80
637	14	90
637	15	110
637	16	90
637	17	90
637	18	80
637	19	60
637	20	70
637	21	70
637	22	110
637	23	110
637	24	50
637	25	90
637	26	70
637	27	100
637	28	90
637	29	130
637	30	100
637	31	40
637	32	70
637	33	90
637	34	90
637	35	70
637	36	70
637	37	110
637	38	90
637	39	70
637	40	20
638	1	70
638	2	10
638	3	40
638	4	100
638	5	90
638	6	90
638	7	90
638	8	90
638	9	90
638	10	50
638	11	110
638	12	70
638	13	40
638	14	50
638	15	70
638	16	90
638	17	70
638	18	80
638	19	60
638	20	70
638	21	70
638	22	70
638	23	110
638	24	50
638	25	70
638	26	90
638	27	120
638	28	70
638	29	90
638	30	80
638	31	40
638	32	70
638	33	70
638	34	70
638	35	70
638	36	50
638	37	90
638	38	50
638	39	90
638	40	20
639	1	70
639	2	30
639	3	40
639	4	100
639	5	80
639	6	70
639	7	100
639	8	70
639	9	80
639	10	60
639	11	70
639	12	50
639	13	30
639	14	70
639	15	70
639	16	70
639	17	60
639	18	80
639	19	60
639	20	60
639	21	90
639	22	80
639	23	70
639	24	50
639	25	100
639	26	90
639	27	80
639	28	50
639	29	80
639	30	60
639	31	50
639	32	60
639	33	60
639	34	60
639	35	100
639	36	60
639	37	60
639	38	80
639	39	100
639	40	20
640	1	70
640	2	30
640	3	40
640	4	100
640	5	100
640	6	90
640	7	100
640	8	110
640	9	80
640	10	60
640	11	90
640	12	70
640	13	30
640	14	50
640	15	70
640	16	70
640	17	100
640	18	80
640	19	80
640	20	80
640	21	70
640	22	80
640	23	90
640	24	70
640	25	100
640	26	90
640	27	120
640	28	50
640	29	60
640	30	100
640	31	50
640	32	80
640	33	80
640	34	80
640	35	100
640	36	80
640	37	80
640	38	60
640	39	100
640	40	40
641	1	50
641	2	20
641	3	40
641	4	110
641	5	110
641	6	70
641	7	90
641	8	90
641	9	70
641	10	50
641	11	110
641	12	70
641	13	60
641	14	70
641	15	90
641	16	70
641	17	70
641	18	50
641	19	70
641	20	90
641	21	70
641	22	90
641	23	90
641	24	70
641	25	70
641	26	50
641	27	110
641	28	70
641	29	110
641	30	70
641	31	60
641	32	90
641	33	70
641	34	70
641	35	90
641	36	50
641	37	90
641	38	70
641	39	50
641	40	0
642	1	50
642	2	80
642	3	90
642	4	100
642	5	110
642	6	70
642	7	80
642	8	40
642	9	70
642	10	10
642	11	110
642	12	40
642	13	110
642	14	50
642	15	40
642	16	70
642	17	90
642	18	60
642	19	80
642	20	40
642	21	70
642	22	100
642	23	110
642	24	20
642	25	20
642	26	0
642	27	70
642	28	20
642	29	100
642	30	100
642	31	90
642	32	100
642	33	70
642	34	90
642	35	20
642	36	70
642	37	110
642	38	50
642	39	50
642	40	70
643	1	70
643	2	70
643	3	90
643	4	90
643	5	70
643	6	70
643	7	90
643	8	20
643	9	70
643	10	0
643	11	70
643	12	0
643	13	70
643	14	70
643	15	20
643	16	70
643	17	50
643	18	70
643	19	50
643	20	0
643	21	90
643	22	70
643	23	70
643	24	0
643	25	40
643	26	40
643	27	20
643	28	0
643	29	70
643	30	50
643	31	90
643	32	50
643	33	50
643	34	50
643	35	40
643	36	50
643	37	50
643	38	70
643	39	90
643	40	70
644	1	50
644	2	10
644	3	40
644	4	100
644	5	60
644	6	70
644	7	80
644	8	90
644	9	80
644	10	60
644	11	110
644	12	50
644	13	30
644	14	50
644	15	70
644	16	50
644	17	60
644	18	80
644	19	80
644	20	100
644	21	70
644	22	60
644	23	90
644	24	70
644	25	80
644	26	70
644	27	100
644	28	70
644	29	80
644	30	60
644	31	50
644	32	100
644	33	60
644	34	60
644	35	100
644	36	60
644	37	80
644	38	60
644	39	80
644	40	20
645	1	70
645	2	100
645	3	110
645	4	120
645	5	120
645	6	50
645	7	80
645	8	20
645	9	100
645	10	10
645	11	110
645	12	40
645	13	140
645	14	70
645	15	60
645	16	90
645	17	80
645	18	60
645	19	80
645	20	50
645	21	70
645	22	120
645	23	110
645	24	20
645	25	50
645	26	20
645	27	50
645	28	20
645	29	120
645	30	80
645	31	120
645	32	100
645	33	60
645	34	100
645	35	50
645	36	80
645	37	120
645	38	80
645	39	80
645	40	70
646	1	70
646	2	70
646	3	90
646	4	110
646	5	110
646	6	90
646	7	110
646	8	40
646	9	70
646	10	0
646	11	90
646	12	20
646	13	90
646	14	70
646	15	20
646	16	90
646	17	70
646	18	70
646	19	50
646	20	0
646	21	90
646	22	90
646	23	90
646	24	0
646	25	40
646	26	40
646	27	60
646	28	0
646	29	90
646	30	70
646	31	110
646	32	50
646	33	70
646	34	70
646	35	40
646	36	50
646	37	70
646	38	70
646	39	90
646	40	70
647	1	70
647	2	50
647	3	60
647	4	80
647	5	90
647	6	70
647	7	100
647	8	50
647	9	90
647	10	80
647	11	70
647	12	70
647	13	60
647	14	90
647	15	110
647	16	70
647	17	70
647	18	80
647	19	60
647	20	70
647	21	70
647	22	100
647	23	90
647	24	50
647	25	90
647	26	70
647	27	60
647	28	90
647	29	120
647	30	80
647	31	20
647	32	80
647	33	70
647	34	70
647	35	70
647	36	70
647	37	90
647	38	90
647	39	70
647	40	20
648	1	70
648	2	60
648	3	70
648	4	100
648	5	80
648	6	70
648	7	80
648	8	20
648	9	80
648	10	10
648	11	90
648	12	20
648	13	80
648	14	50
648	15	0
648	16	90
648	17	60
648	18	80
648	19	60
648	20	10
648	21	70
648	22	80
648	23	90
648	24	0
648	25	30
648	26	40
648	27	50
648	28	0
648	29	80
648	30	60
648	31	100
648	32	60
648	33	60
648	34	80
648	35	30
648	36	60
648	37	80
648	38	60
648	39	100
648	40	70
649	1	50
649	2	30
649	3	20
649	4	80
649	5	90
649	6	70
649	7	100
649	8	70
649	9	50
649	10	60
649	11	50
649	12	50
649	13	20
649	14	70
649	15	70
649	16	50
649	17	70
649	18	60
649	19	60
649	20	50
649	21	90
649	22	80
649	23	50
649	24	50
649	25	70
649	26	50
649	27	80
649	28	50
649	29	80
649	30	80
649	31	20
649	32	60
649	33	70
649	34	50
649	35	70
649	36	50
649	37	50
649	38	70
649	39	50
649	40	0
650	1	70
650	2	80
650	3	90
650	4	100
650	5	90
650	6	50
650	7	70
650	8	0
650	9	90
650	10	0
650	11	90
650	12	20
650	13	110
650	14	70
650	15	40
650	16	90
650	17	50
650	18	60
650	19	60
650	20	20
650	21	70
650	22	90
650	23	90
650	24	0
650	25	20
650	26	20
650	27	30
650	28	20
650	29	110
650	30	60
650	31	90
650	32	70
650	33	50
650	34	70
650	35	20
650	36	50
650	37	90
650	38	70
650	39	70
650	40	50
651	1	50
651	2	30
651	3	20
651	4	80
651	5	80
651	6	50
651	7	60
651	8	70
651	9	60
651	10	60
651	11	70
651	12	70
651	13	30
651	14	50
651	15	70
651	16	50
651	17	80
651	18	60
651	19	80
651	20	80
651	21	70
651	22	80
651	23	70
651	24	70
651	25	80
651	26	50
651	27	80
651	28	50
651	29	60
651	30	80
651	31	30
651	32	80
651	33	60
651	34	80
651	35	80
651	36	80
651	37	80
651	38	60
651	39	60
651	40	20
652	1	50
652	2	80
652	3	90
652	4	80
652	5	70
652	6	50
652	7	70
652	8	0
652	9	70
652	10	0
652	11	70
652	12	0
652	13	90
652	14	70
652	15	40
652	16	50
652	17	50
652	18	60
652	19	60
652	20	20
652	21	90
652	22	70
652	23	70
652	24	0
652	25	20
652	26	0
652	27	10
652	28	20
652	29	90
652	30	60
652	31	70
652	32	70
652	33	50
652	34	50
652	35	20
652	36	50
652	37	70
652	38	70
652	39	50
652	40	50
653	1	70
653	2	80
653	3	90
653	4	100
653	5	70
653	6	70
653	7	100
653	8	20
653	9	70
653	10	10
653	11	70
653	12	0
653	13	70
653	14	70
653	15	20
653	16	70
653	17	50
653	18	80
653	19	60
653	20	0
653	21	90
653	22	80
653	23	70
653	24	0
653	25	40
653	26	40
653	27	30
653	28	0
653	29	80
653	30	60
653	31	90
653	32	60
653	33	50
653	34	50
653	35	40
653	36	50
653	37	50
653	38	70
653	39	90
653	40	70
654	1	70
654	2	60
654	3	70
654	4	60
654	5	70
654	6	70
654	7	80
654	8	20
654	9	90
654	10	10
654	11	70
654	12	0
654	13	70
654	14	50
654	15	20
654	16	70
654	17	70
654	18	60
654	19	60
654	20	20
654	21	50
654	22	60
654	23	70
654	24	0
654	25	0
654	26	20
654	27	30
654	28	20
654	29	80
654	30	80
654	31	50
654	32	80
654	33	70
654	34	50
654	35	0
654	36	50
654	37	70
654	38	50
654	39	70
654	40	50
655	1	70
655	2	70
655	3	90
655	4	110
655	5	110
655	6	90
655	7	90
655	8	60
655	9	70
655	10	0
655	11	110
655	12	40
655	13	90
655	14	50
655	15	20
655	16	90
655	17	90
655	18	70
655	19	70
655	20	20
655	21	70
655	22	90
655	23	110
655	24	20
655	25	40
655	26	40
655	27	80
655	28	0
655	29	70
655	30	90
655	31	110
655	32	70
655	33	70
655	34	90
655	35	40
655	36	70
655	37	90
655	38	50
655	39	90
655	40	90
656	1	70
656	2	60
656	3	90
656	4	80
656	5	70
656	6	90
656	7	90
656	8	40
656	9	90
656	10	0
656	11	90
656	12	0
656	13	70
656	14	50
656	15	20
656	16	70
656	17	70
656	18	80
656	19	60
656	20	20
656	21	70
656	22	50
656	23	90
656	24	0
656	25	20
656	26	40
656	27	50
656	28	20
656	29	70
656	30	80
656	31	70
656	32	70
656	33	70
656	34	50
656	35	20
656	36	50
656	37	70
656	38	50
656	39	90
656	40	70
657	1	70
657	2	80
657	3	70
657	4	100
657	5	120
657	6	70
657	7	100
657	8	20
657	9	80
657	10	10
657	11	70
657	12	20
657	13	100
657	14	70
657	15	20
657	16	90
657	17	80
657	18	60
657	19	60
657	20	10
657	21	70
657	22	100
657	23	70
657	24	0
657	25	30
657	26	20
657	27	50
657	28	0
657	29	100
657	30	80
657	31	100
657	32	60
657	33	80
657	34	80
657	35	30
657	36	60
657	37	80
657	38	80
657	39	80
657	40	50
658	1	70
658	2	60
658	3	90
658	4	100
658	5	70
658	6	70
658	7	80
658	8	20
658	9	90
658	10	10
658	11	110
658	12	20
658	13	90
658	14	50
658	15	20
658	16	90
658	17	50
658	18	80
658	19	60
658	20	20
658	21	70
658	22	80
658	23	110
658	24	0
658	25	20
658	26	40
658	27	50
658	28	20
658	29	100
658	30	60
658	31	90
658	32	80
658	33	50
658	34	70
658	35	20
658	36	50
658	37	90
658	38	50
658	39	90
658	40	70
659	1	70
659	2	70
659	3	90
659	4	90
659	5	70
659	6	70
659	7	90
659	8	20
659	9	70
659	10	0
659	11	70
659	12	0
659	13	70
659	14	70
659	15	20
659	16	70
659	17	50
659	18	70
659	19	50
659	20	0
659	21	90
659	22	70
659	23	70
659	24	0
659	25	40
659	26	40
659	27	20
659	28	0
659	29	70
659	30	50
659	31	90
659	32	50
659	33	50
659	34	50
659	35	40
659	36	50
659	37	50
659	38	70
659	39	90
659	40	70
660	1	50
660	2	30
660	3	60
660	4	120
660	5	110
660	6	90
660	7	90
660	8	110
660	9	70
660	10	50
660	11	130
660	12	90
660	13	60
660	14	50
660	15	90
660	16	70
660	17	90
660	18	80
660	19	80
660	20	90
660	21	90
660	22	90
660	23	130
660	24	70
660	25	90
660	26	70
660	27	140
660	28	70
660	29	90
660	30	100
660	31	60
660	32	90
660	33	70
660	34	90
660	35	90
660	36	70
660	37	110
660	38	50
660	39	70
660	40	40
661	1	50
661	2	50
661	3	80
661	4	140
661	5	120
661	6	70
661	7	100
661	8	90
661	9	80
661	10	60
661	11	130
661	12	90
661	13	90
661	14	70
661	15	110
661	16	70
661	17	80
661	18	80
661	19	80
661	20	100
661	21	110
661	22	120
661	23	130
661	24	70
661	25	120
661	26	70
661	27	120
661	28	70
661	29	120
661	30	80
661	31	90
661	32	100
661	33	60
661	34	100
661	35	120
661	36	80
661	37	120
661	38	80
661	39	80
661	40	40
662	1	50
662	2	60
662	3	70
662	4	100
662	5	90
662	6	90
662	7	100
662	8	40
662	9	50
662	10	10
662	11	90
662	12	20
662	13	70
662	14	50
662	15	0
662	16	70
662	17	70
662	18	80
662	19	60
662	20	0
662	21	90
662	22	80
662	23	90
662	24	0
662	25	20
662	26	20
662	27	70
662	28	0
662	29	80
662	30	80
662	31	90
662	32	60
662	33	70
662	34	70
662	35	20
662	36	50
662	37	70
662	38	50
662	39	70
662	40	70
663	1	50
663	2	60
663	3	70
663	4	80
663	5	100
663	6	70
663	7	80
663	8	20
663	9	80
663	10	10
663	11	90
663	12	20
663	13	100
663	14	50
663	15	20
663	16	70
663	17	80
663	18	60
663	19	60
663	20	30
663	21	70
663	22	80
663	23	90
663	24	0
663	25	10
663	26	0
663	27	50
663	28	20
663	29	100
663	30	80
663	31	80
663	32	80
663	33	80
663	34	80
663	35	10
663	36	60
663	37	100
663	38	60
663	39	60
663	40	50
664	1	70
664	2	30
664	3	60
664	4	80
664	5	70
664	6	90
664	7	90
664	8	70
664	9	90
664	10	70
664	11	90
664	12	70
664	13	40
664	14	70
664	15	90
664	16	70
664	17	70
664	18	100
664	19	60
664	20	70
664	21	70
664	22	70
664	23	110
664	24	50
664	25	90
664	26	90
664	27	80
664	28	90
664	29	90
664	30	80
664	31	20
664	32	70
664	33	70
664	34	70
664	35	70
664	36	70
664	37	90
664	38	70
664	39	90
664	40	40
665	1	50
665	2	60
665	3	90
665	4	120
665	5	100
665	6	90
665	7	100
665	8	60
665	9	80
665	10	10
665	11	130
665	12	20
665	13	100
665	14	50
665	15	20
665	16	70
665	17	80
665	18	80
665	19	80
665	20	50
665	21	90
665	22	80
665	23	110
665	24	20
665	25	30
665	26	20
665	27	90
665	28	20
665	29	100
665	30	80
665	31	120
665	32	100
665	33	80
665	34	80
665	35	50
665	36	60
665	37	100
665	38	60
665	39	80
665	40	70
666	1	70
666	2	100
666	3	90
666	4	100
666	5	140
666	6	90
666	7	120
666	8	20
666	9	80
666	10	30
666	11	70
666	12	40
666	13	120
666	14	90
666	15	40
666	16	90
666	17	100
666	18	80
666	19	60
666	20	10
666	21	70
666	22	120
666	23	90
666	24	0
666	25	50
666	26	20
666	27	50
666	28	20
666	29	120
666	30	100
666	31	100
666	32	60
666	33	100
666	34	100
666	35	30
666	36	80
666	37	100
666	38	100
666	39	80
666	40	70
667	1	50
667	2	30
667	3	40
667	4	80
667	5	70
667	6	50
667	7	50
667	8	70
667	9	70
667	10	50
667	11	90
667	12	70
667	13	40
667	14	50
667	15	90
667	16	50
667	17	70
667	18	60
667	19	80
667	20	90
667	21	70
667	22	70
667	23	90
667	24	70
667	25	70
667	26	50
667	27	80
667	28	70
667	29	70
667	30	80
667	31	20
667	32	90
667	33	50
667	34	70
667	35	70
667	36	70
667	37	90
667	38	50
667	39	50
667	40	20
668	1	70
668	2	80
668	3	110
668	4	120
668	5	90
668	6	70
668	7	90
668	8	20
668	9	90
668	10	0
668	11	110
668	12	20
668	13	110
668	14	70
668	15	40
668	16	90
668	17	50
668	18	80
668	19	60
668	20	20
668	21	90
668	22	90
668	23	110
668	24	0
668	25	40
668	26	40
668	27	50
668	28	20
668	29	110
668	30	60
668	31	110
668	32	70
668	33	50
668	34	70
668	35	40
668	36	50
668	37	90
668	38	70
668	39	90
668	40	70
669	1	50
669	2	30
669	3	60
669	4	120
669	5	90
669	6	70
669	7	90
669	8	70
669	9	70
669	10	50
669	11	110
669	12	70
669	13	60
669	14	70
669	15	90
669	16	70
669	17	50
669	18	80
669	19	60
669	20	70
669	21	110
669	22	90
669	23	110
669	24	50
669	25	90
669	26	70
669	27	100
669	28	70
669	29	110
669	30	60
669	31	60
669	32	70
669	33	50
669	34	70
669	35	90
669	36	50
669	37	90
669	38	70
669	39	70
669	40	20
670	1	70
670	2	80
670	3	90
670	4	120
670	5	110
670	6	90
670	7	120
670	8	40
670	9	70
670	10	10
670	11	90
670	12	20
670	13	90
670	14	70
670	15	20
670	16	90
670	17	70
670	18	80
670	19	60
670	20	0
670	21	90
670	22	100
670	23	90
670	24	0
670	25	40
670	26	40
670	27	70
670	28	0
670	29	100
670	30	80
670	31	110
670	32	60
670	33	70
670	34	70
670	35	40
670	36	50
670	37	70
670	38	70
670	39	90
670	40	70
671	1	50
671	2	30
671	3	20
671	4	100
671	5	80
671	6	50
671	7	80
671	8	70
671	9	60
671	10	60
671	11	70
671	12	50
671	13	30
671	14	70
671	15	70
671	16	50
671	17	60
671	18	60
671	19	80
671	20	80
671	21	90
671	22	80
671	23	50
671	24	70
671	25	80
671	26	50
671	27	80
671	28	50
671	29	80
671	30	60
671	31	50
671	32	80
671	33	60
671	34	60
671	35	100
671	36	60
671	37	60
671	38	80
671	39	60
671	40	0
672	1	50
672	2	70
672	3	110
672	4	110
672	5	90
672	6	90
672	7	110
672	8	60
672	9	70
672	10	0
672	11	110
672	12	0
672	13	90
672	14	70
672	15	40
672	16	50
672	17	70
672	18	70
672	19	70
672	20	40
672	21	110
672	22	70
672	23	90
672	24	20
672	25	40
672	26	20
672	27	60
672	28	20
672	29	90
672	30	70
672	31	110
672	32	90
672	33	70
672	34	50
672	35	60
672	36	50
672	37	70
672	38	70
672	39	70
672	40	70
673	1	70
673	2	70
673	3	70
673	4	90
673	5	90
673	6	50
673	7	70
673	8	0
673	9	70
673	10	0
673	11	70
673	12	20
673	13	90
673	14	70
673	15	20
673	16	90
673	17	50
673	18	50
673	19	50
673	20	0
673	21	70
673	22	90
673	23	70
673	24	0
673	25	20
673	26	20
673	27	20
673	28	0
673	29	90
673	30	50
673	31	90
673	32	50
673	33	50
673	34	70
673	35	20
673	36	50
673	37	70
673	38	70
673	39	70
673	40	50
674	1	70
674	2	70
674	3	110
674	4	90
674	5	70
674	6	70
674	7	90
674	8	20
674	9	90
674	10	0
674	11	90
674	12	0
674	13	90
674	14	70
674	15	40
674	16	70
674	17	50
674	18	70
674	19	50
674	20	20
674	21	90
674	22	70
674	23	90
674	24	0
674	25	40
674	26	40
674	27	20
674	28	20
674	29	90
674	30	50
674	31	90
674	32	70
674	33	50
674	34	50
674	35	40
674	36	50
674	37	70
674	38	70
674	39	90
674	40	70
675	1	50
675	2	20
675	3	20
675	4	90
675	5	110
675	6	70
675	7	90
675	8	70
675	9	50
675	10	50
675	11	70
675	12	70
675	13	40
675	14	70
675	15	70
675	16	70
675	17	70
675	18	50
675	19	50
675	20	50
675	21	90
675	22	90
675	23	70
675	24	50
675	25	70
675	26	50
675	27	90
675	28	50
675	29	90
675	30	70
675	31	40
675	32	50
675	33	70
675	34	70
675	35	70
675	36	50
675	37	70
675	38	70
675	39	50
675	40	0
676	1	70
676	2	10
676	3	20
676	4	60
676	5	80
676	6	70
676	7	80
676	8	70
676	9	100
676	10	60
676	11	70
676	12	50
676	13	30
676	14	50
676	15	70
676	16	70
676	17	80
676	18	60
676	19	60
676	20	80
676	21	50
676	22	60
676	23	70
676	24	50
676	25	60
676	26	70
676	27	80
676	28	70
676	29	80
676	30	80
676	31	10
676	32	80
676	33	80
676	34	60
676	35	60
676	36	60
676	37	80
676	38	60
676	39	80
676	40	0
677	1	70
677	2	50
677	3	80
677	4	120
677	5	130
677	6	110
677	7	130
677	8	90
677	9	90
677	10	70
677	11	110
677	12	90
677	13	80
677	14	90
677	15	110
677	16	90
677	17	90
677	18	100
677	19	60
677	20	70
677	21	90
677	22	110
677	23	130
677	24	50
677	25	110
677	26	90
677	27	120
677	28	90
677	29	130
677	30	100
677	31	60
677	32	70
677	33	90
677	34	90
677	35	90
677	36	70
677	37	110
677	38	90
677	39	90
677	40	40
678	1	70
678	2	80
678	3	90
678	4	100
678	5	110
678	6	70
678	7	100
678	8	20
678	9	90
678	10	10
678	11	90
678	12	20
678	13	110
678	14	70
678	15	40
678	16	90
678	17	70
678	18	60
678	19	60
678	20	20
678	21	70
678	22	100
678	23	90
678	24	0
678	25	20
678	26	20
678	27	50
678	28	20
678	29	120
678	30	80
678	31	90
678	32	80
678	33	70
678	34	70
678	35	20
678	36	50
678	37	90
678	38	70
678	39	70
678	40	50
679	1	50
679	2	100
679	3	110
679	4	120
679	5	110
679	6	90
679	7	110
679	8	60
679	9	50
679	10	0
679	11	90
679	12	20
679	13	90
679	14	70
679	15	40
679	16	50
679	17	90
679	18	80
679	19	80
679	20	20
679	21	110
679	22	90
679	23	90
679	24	20
679	25	60
679	26	20
679	27	70
679	28	0
679	29	70
679	30	100
679	31	110
679	32	70
679	33	70
679	34	70
679	35	60
679	36	70
679	37	70
679	38	70
679	39	70
679	40	90
680	1	50
680	2	10
680	3	0
680	4	60
680	5	70
680	6	70
680	7	80
680	8	70
680	9	50
680	10	60
680	11	50
680	12	50
680	13	0
680	14	50
680	15	50
680	16	50
680	17	70
680	18	60
680	19	60
680	20	50
680	21	70
680	22	60
680	23	50
680	24	50
680	25	50
680	26	50
680	27	80
680	28	50
680	29	60
680	30	80
680	31	0
680	32	60
680	33	70
680	34	50
680	35	50
680	36	50
680	37	50
680	38	50
680	39	50
680	40	0
681	1	70
681	2	100
681	3	110
681	4	140
681	5	120
681	6	70
681	7	100
681	8	40
681	9	80
681	10	10
681	11	110
681	12	40
681	13	120
681	14	70
681	15	40
681	16	90
681	17	80
681	18	80
681	19	80
681	20	30
681	21	90
681	22	120
681	23	110
681	24	20
681	25	70
681	26	40
681	27	70
681	28	0
681	29	100
681	30	80
681	31	140
681	32	80
681	33	60
681	34	100
681	35	70
681	36	80
681	37	100
681	38	80
681	39	100
681	40	90
682	1	50
682	2	10
682	3	40
682	4	120
682	5	70
682	6	70
682	7	80
682	8	90
682	9	70
682	10	60
682	11	130
682	12	70
682	13	40
682	14	50
682	15	70
682	16	70
682	17	50
682	18	80
682	19	80
682	20	90
682	21	70
682	22	80
682	23	110
682	24	70
682	25	70
682	26	70
682	27	120
682	28	70
682	29	100
682	30	60
682	31	60
682	32	100
682	33	50
682	34	70
682	35	90
682	36	50
682	37	90
682	38	50
682	39	70
682	40	20
683	1	70
683	2	50
683	3	60
683	4	100
683	5	140
683	6	90
683	7	120
683	8	70
683	9	100
683	10	80
683	11	90
683	12	90
683	13	90
683	14	90
683	15	110
683	16	90
683	17	100
683	18	80
683	19	60
683	20	80
683	21	70
683	22	120
683	23	110
683	24	50
683	25	100
683	26	70
683	27	100
683	28	90
683	29	140
683	30	100
683	31	50
683	32	80
683	33	100
683	34	100
683	35	80
683	36	80
683	37	120
683	38	100
683	39	80
683	40	20
684	1	70
684	2	100
684	3	130
684	4	120
684	5	130
684	6	110
684	7	140
684	8	40
684	9	90
684	10	30
684	11	110
684	12	40
684	13	130
684	14	90
684	15	60
684	16	90
684	17	90
684	18	100
684	19	60
684	20	20
684	21	90
684	22	120
684	23	130
684	24	0
684	25	60
684	26	40
684	27	70
684	28	40
684	29	140
684	30	100
684	31	110
684	32	80
684	33	90
684	34	90
684	35	40
684	36	70
684	37	110
684	38	90
684	39	90
684	40	90
685	1	50
685	2	60
685	3	50
685	4	80
685	5	50
685	6	50
685	7	60
685	8	20
685	9	50
685	10	10
685	11	70
685	12	0
685	13	50
685	14	50
685	15	0
685	16	50
685	17	50
685	18	60
685	19	80
685	20	20
685	21	50
685	22	60
685	23	50
685	24	20
685	25	0
685	26	0
685	27	30
685	28	0
685	29	60
685	30	60
685	31	70
685	32	80
685	33	50
685	34	50
685	35	20
685	36	50
685	37	50
685	38	50
685	39	50
685	40	50
686	1	70
686	2	80
686	3	90
686	4	120
686	5	90
686	6	70
686	7	90
686	8	20
686	9	70
686	10	0
686	11	90
686	12	20
686	13	90
686	14	70
686	15	20
686	16	90
686	17	50
686	18	80
686	19	60
686	20	0
686	21	90
686	22	90
686	23	90
686	24	0
686	25	40
686	26	40
686	27	50
686	28	0
686	29	90
686	30	60
686	31	110
686	32	50
686	33	50
686	34	70
686	35	40
686	36	50
686	37	70
686	38	70
686	39	90
686	40	70
687	1	70
687	2	70
687	3	110
687	4	90
687	5	110
687	6	110
687	7	110
687	8	40
687	9	90
687	10	20
687	11	110
687	12	40
687	13	110
687	14	70
687	15	40
687	16	90
687	17	90
687	18	90
687	19	50
687	20	20
687	21	70
687	22	90
687	23	130
687	24	0
687	25	40
687	26	40
687	27	60
687	28	40
687	29	110
687	30	90
687	31	90
687	32	70
687	33	90
687	34	90
687	35	20
687	36	70
687	37	110
687	38	70
687	39	90
687	40	90
688	1	70
688	2	30
688	3	40
688	4	80
688	5	90
688	6	110
688	7	120
688	8	90
688	9	70
688	10	80
688	11	70
688	12	70
688	13	20
688	14	70
688	15	70
688	16	70
688	17	90
688	18	100
688	19	60
688	20	50
688	21	70
688	22	80
688	23	90
688	24	50
688	25	90
688	26	90
688	27	100
688	28	70
688	29	80
688	30	100
688	31	20
688	32	60
688	33	90
688	34	70
688	35	70
688	36	70
688	37	70
688	38	70
688	39	90
688	40	40
689	1	50
689	2	30
689	3	60
689	4	120
689	5	90
689	6	90
689	7	110
689	8	110
689	9	70
689	10	50
689	11	110
689	12	50
689	13	40
689	14	70
689	15	90
689	16	50
689	17	70
689	18	80
689	19	80
689	20	90
689	21	110
689	22	70
689	23	90
689	24	70
689	25	90
689	26	70
689	27	120
689	28	70
689	29	90
689	30	80
689	31	60
689	32	90
689	33	70
689	34	50
689	35	110
689	36	50
689	37	70
689	38	70
689	39	70
689	40	20
690	1	50
690	2	10
690	3	0
690	4	60
690	5	70
690	6	70
690	7	70
690	8	70
690	9	50
690	10	50
690	11	50
690	12	50
690	13	0
690	14	50
690	15	50
690	16	50
690	17	70
690	18	60
690	19	60
690	20	50
690	21	70
690	22	50
690	23	50
690	24	50
690	25	50
690	26	50
690	27	80
690	28	50
690	29	50
690	30	80
690	31	0
690	32	50
690	33	70
690	34	50
690	35	50
690	36	50
690	37	50
690	38	50
690	39	50
690	40	0
691	1	70
691	2	80
691	3	110
691	4	100
691	5	80
691	6	70
691	7	100
691	8	20
691	9	100
691	10	10
691	11	90
691	12	0
691	13	100
691	14	70
691	15	40
691	16	70
691	17	60
691	18	80
691	19	60
691	20	30
691	21	90
691	22	80
691	23	90
691	24	0
691	25	50
691	26	40
691	27	30
691	28	20
691	29	100
691	30	60
691	31	100
691	32	80
691	33	60
691	34	60
691	35	50
691	36	60
691	37	80
691	38	80
691	39	100
691	40	70
692	1	50
692	2	50
692	3	60
692	4	120
692	5	90
692	6	70
692	7	100
692	8	90
692	9	50
692	10	60
692	11	90
692	12	70
692	13	40
692	14	70
692	15	90
692	16	50
692	17	70
692	18	80
692	19	80
692	20	70
692	21	110
692	22	100
692	23	90
692	24	70
692	25	110
692	26	70
692	27	100
692	28	50
692	29	80
692	30	80
692	31	60
692	32	80
692	33	50
692	34	70
692	35	110
692	36	70
692	37	70
692	38	70
692	39	70
692	40	40
693	1	70
693	2	30
693	3	60
693	4	120
693	5	90
693	6	70
693	7	90
693	8	70
693	9	90
693	10	50
693	11	110
693	12	70
693	13	60
693	14	70
693	15	90
693	16	90
693	17	50
693	18	80
693	19	60
693	20	70
693	21	90
693	22	90
693	23	110
693	24	50
693	25	90
693	26	90
693	27	100
693	28	70
693	29	110
693	30	60
693	31	60
693	32	70
693	33	50
693	34	70
693	35	90
693	36	50
693	37	90
693	38	70
693	39	90
693	40	20
694	1	50
694	2	40
694	3	60
694	4	90
694	5	110
694	6	70
694	7	90
694	8	90
694	9	70
694	10	50
694	11	90
694	12	70
694	13	60
694	14	70
694	15	110
694	16	50
694	17	90
694	18	50
694	19	70
694	20	90
694	21	90
694	22	90
694	23	90
694	24	70
694	25	90
694	26	50
694	27	90
694	28	70
694	29	90
694	30	90
694	31	40
694	32	90
694	33	70
694	34	70
694	35	90
694	36	70
694	37	90
694	38	70
694	39	50
694	40	20
695	1	70
695	2	80
695	3	70
695	4	80
695	5	80
695	6	50
695	7	60
695	8	20
695	9	80
695	10	10
695	11	70
695	12	20
695	13	80
695	14	50
695	15	20
695	16	70
695	17	80
695	18	60
695	19	80
695	20	30
695	21	50
695	22	80
695	23	70
695	24	20
695	25	30
695	26	20
695	27	30
695	28	0
695	29	60
695	30	80
695	31	80
695	32	80
695	33	60
695	34	80
695	35	30
695	36	80
695	37	80
695	38	60
695	39	80
695	40	70
696	1	70
696	2	80
696	3	90
696	4	100
696	5	120
696	6	70
696	7	100
696	8	20
696	9	100
696	10	10
696	11	90
696	12	20
696	13	120
696	14	70
696	15	40
696	16	90
696	17	80
696	18	60
696	19	60
696	20	30
696	21	70
696	22	100
696	23	90
696	24	0
696	25	30
696	26	20
696	27	50
696	28	20
696	29	120
696	30	80
696	31	100
696	32	80
696	33	80
696	34	80
696	35	30
696	36	60
696	37	100
696	38	80
696	39	80
696	40	50
697	1	50
697	2	100
697	3	90
697	4	120
697	5	130
697	6	70
697	7	90
697	8	40
697	9	50
697	10	0
697	11	90
697	12	40
697	13	110
697	14	70
697	15	40
697	16	70
697	17	90
697	18	60
697	19	80
697	20	20
697	21	90
697	22	110
697	23	90
697	24	20
697	25	40
697	26	0
697	27	70
697	28	0
697	29	90
697	30	100
697	31	110
697	32	70
697	33	70
697	34	90
697	35	40
697	36	70
697	37	90
697	38	70
697	39	50
697	40	70
698	1	50
698	2	20
698	3	40
698	4	90
698	5	110
698	6	70
698	7	70
698	8	90
698	9	70
698	10	50
698	11	110
698	12	90
698	13	60
698	14	50
698	15	90
698	16	70
698	17	90
698	18	50
698	19	70
698	20	90
698	21	70
698	22	90
698	23	110
698	24	70
698	25	70
698	26	50
698	27	110
698	28	70
698	29	90
698	30	90
698	31	40
698	32	90
698	33	70
698	34	90
698	35	70
698	36	70
698	37	110
698	38	50
698	39	50
698	40	20
699	1	50
699	2	70
699	3	110
699	4	110
699	5	90
699	6	70
699	7	90
699	8	20
699	9	70
699	10	0
699	11	110
699	12	20
699	13	110
699	14	70
699	15	40
699	16	70
699	17	50
699	18	70
699	19	50
699	20	20
699	21	110
699	22	90
699	23	110
699	24	0
699	25	40
699	26	20
699	27	40
699	28	20
699	29	110
699	30	50
699	31	110
699	32	70
699	33	50
699	34	70
699	35	40
699	36	50
699	37	90
699	38	70
699	39	70
699	40	70
700	1	70
700	2	80
700	3	110
700	4	120
700	5	90
700	6	70
700	7	90
700	8	20
700	9	90
700	10	0
700	11	110
700	12	20
700	13	110
700	14	70
700	15	40
700	16	90
700	17	50
700	18	80
700	19	60
700	20	20
700	21	90
700	22	90
700	23	110
700	24	0
700	25	40
700	26	40
700	27	50
700	28	20
700	29	110
700	30	60
700	31	110
700	32	70
700	33	50
700	34	70
700	35	40
700	36	50
700	37	90
700	38	70
700	39	90
700	40	70
701	1	70
701	2	70
701	3	90
701	4	70
701	5	90
701	6	70
701	7	70
701	8	40
701	9	90
701	10	0
701	11	90
701	12	20
701	13	90
701	14	50
701	15	40
701	16	70
701	17	90
701	18	50
701	19	70
701	20	40
701	21	50
701	22	70
701	23	90
701	24	20
701	25	20
701	26	20
701	27	40
701	28	20
701	29	70
701	30	90
701	31	70
701	32	90
701	33	70
701	34	70
701	35	20
701	36	70
701	37	90
701	38	50
701	39	70
701	40	70
702	1	70
702	2	60
702	3	50
702	4	60
702	5	80
702	6	70
702	7	80
702	8	20
702	9	80
702	10	10
702	11	50
702	12	0
702	13	60
702	14	50
702	15	0
702	16	70
702	17	80
702	18	60
702	19	60
702	20	10
702	21	50
702	22	60
702	23	50
702	24	0
702	25	10
702	26	20
702	27	30
702	28	0
702	29	60
702	30	80
702	31	60
702	32	60
702	33	80
702	34	60
702	35	10
702	36	60
702	37	60
702	38	60
702	39	80
702	40	50
703	1	50
703	2	70
703	3	90
703	4	110
703	5	70
703	6	70
703	7	90
703	8	40
703	9	50
703	10	0
703	11	90
703	12	0
703	13	70
703	14	70
703	15	20
703	16	50
703	17	50
703	18	70
703	19	70
703	20	20
703	21	90
703	22	70
703	23	70
703	24	20
703	25	40
703	26	20
703	27	40
703	28	0
703	29	70
703	30	50
703	31	110
703	32	70
703	33	50
703	34	50
703	35	60
703	36	50
703	37	50
703	38	70
703	39	70
703	40	70
704	1	70
704	2	80
704	3	90
704	4	100
704	5	80
704	6	70
704	7	100
704	8	20
704	9	80
704	10	10
704	11	70
704	12	0
704	13	80
704	14	70
704	15	20
704	16	70
704	17	60
704	18	80
704	19	60
704	20	10
704	21	90
704	22	80
704	23	70
704	24	0
704	25	50
704	26	40
704	27	30
704	28	0
704	29	80
704	30	60
704	31	100
704	32	60
704	33	60
704	34	60
704	35	50
704	36	60
704	37	60
704	38	80
704	39	100
704	40	70
705	1	50
705	2	30
705	3	20
705	4	100
705	5	110
705	6	70
705	7	100
705	8	70
705	9	50
705	10	60
705	11	70
705	12	70
705	13	40
705	14	70
705	15	70
705	16	70
705	17	70
705	18	60
705	19	60
705	20	50
705	21	90
705	22	100
705	23	70
705	24	50
705	25	70
705	26	50
705	27	100
705	28	50
705	29	100
705	30	80
705	31	40
705	32	60
705	33	70
705	34	70
705	35	70
705	36	50
705	37	70
705	38	70
705	39	50
705	40	0
706	1	70
706	2	80
706	3	70
706	4	100
706	5	110
706	6	70
706	7	90
706	8	20
706	9	70
706	10	0
706	11	70
706	12	20
706	13	90
706	14	70
706	15	20
706	16	90
706	17	70
706	18	60
706	19	60
706	20	0
706	21	70
706	22	90
706	23	70
706	24	0
706	25	20
706	26	20
706	27	50
706	28	0
706	29	90
706	30	80
706	31	90
706	32	50
706	33	70
706	34	70
706	35	20
706	36	50
706	37	70
706	38	70
706	39	70
706	40	50
707	1	50
707	2	30
707	3	40
707	4	100
707	5	70
707	6	70
707	7	100
707	8	70
707	9	50
707	10	60
707	11	70
707	12	50
707	13	20
707	14	70
707	15	70
707	16	50
707	17	50
707	18	80
707	19	60
707	20	50
707	21	110
707	22	80
707	23	70
707	24	50
707	25	90
707	26	70
707	27	80
707	28	50
707	29	80
707	30	60
707	31	40
707	32	60
707	33	50
707	34	50
707	35	90
707	36	50
707	37	50
707	38	70
707	39	70
707	40	20
708	1	70
708	2	10
708	3	20
708	4	80
708	5	70
708	6	50
708	7	60
708	8	50
708	9	90
708	10	60
708	11	90
708	12	70
708	13	40
708	14	50
708	15	70
708	16	90
708	17	50
708	18	60
708	19	60
708	20	70
708	21	50
708	22	80
708	23	90
708	24	50
708	25	50
708	26	70
708	27	80
708	28	70
708	29	100
708	30	60
708	31	20
708	32	80
708	33	50
708	34	70
708	35	50
708	36	50
708	37	90
708	38	50
708	39	70
708	40	0
709	1	50
709	2	50
709	3	50
709	4	70
709	5	70
709	6	70
709	7	70
709	8	40
709	9	50
709	10	0
709	11	70
709	12	0
709	13	50
709	14	50
709	15	0
709	16	50
709	17	70
709	18	50
709	19	70
709	20	20
709	21	70
709	22	50
709	23	50
709	24	20
709	25	0
709	26	0
709	27	40
709	28	0
709	29	50
709	30	70
709	31	70
709	32	70
709	33	70
709	34	50
709	35	20
709	36	50
709	37	50
709	38	50
709	39	50
709	40	50
710	1	50
710	2	80
710	3	90
710	4	100
710	5	120
710	6	70
710	7	80
710	8	40
710	9	80
710	10	10
710	11	110
710	12	40
710	13	120
710	14	50
710	15	40
710	16	70
710	17	100
710	18	60
710	19	80
710	20	50
710	21	70
710	22	100
710	23	110
710	24	20
710	25	30
710	26	0
710	27	70
710	28	20
710	29	100
710	30	100
710	31	100
710	32	100
710	33	80
710	34	100
710	35	30
710	36	80
710	37	120
710	38	60
710	39	60
710	40	70
711	1	50
711	2	80
711	3	70
711	4	120
711	5	110
711	6	70
711	7	100
711	8	40
711	9	50
711	10	10
711	11	90
711	12	20
711	13	90
711	14	70
711	15	20
711	16	70
711	17	70
711	18	60
711	19	80
711	20	20
711	21	90
711	22	100
711	23	70
711	24	20
711	25	20
711	26	0
711	27	70
711	28	0
711	29	100
711	30	80
711	31	110
711	32	80
711	33	70
711	34	70
711	35	40
711	36	50
711	37	70
711	38	70
711	39	50
711	40	50
712	1	50
712	2	50
712	3	40
712	4	100
712	5	110
712	6	70
712	7	90
712	8	90
712	9	50
712	10	50
712	11	70
712	12	70
712	13	40
712	14	70
712	15	90
712	16	50
712	17	90
712	18	60
712	19	80
712	20	70
712	21	90
712	22	90
712	23	70
712	24	70
712	25	90
712	26	50
712	27	100
712	28	50
712	29	70
712	30	100
712	31	40
712	32	70
712	33	70
712	34	70
712	35	90
712	36	70
712	37	70
712	38	70
712	39	50
712	40	20
713	1	70
713	2	80
713	3	90
713	4	100
713	5	120
713	6	70
713	7	100
713	8	20
713	9	100
713	10	10
713	11	90
713	12	20
713	13	120
713	14	70
713	15	40
713	16	90
713	17	80
713	18	60
713	19	60
713	20	30
713	21	70
713	22	100
713	23	90
713	24	0
713	25	30
713	26	20
713	27	50
713	28	20
713	29	120
713	30	80
713	31	100
713	32	80
713	33	80
713	34	80
713	35	30
713	36	60
713	37	100
713	38	80
713	39	80
713	40	50
714	1	50
714	2	10
714	3	20
714	4	120
714	5	90
714	6	90
714	7	100
714	8	110
714	9	50
714	10	60
714	11	110
714	12	70
714	13	20
714	14	50
714	15	50
714	16	70
714	17	70
714	18	80
714	19	80
714	20	70
714	21	70
714	22	80
714	23	90
714	24	70
714	25	70
714	26	70
714	27	140
714	28	50
714	29	80
714	30	80
714	31	60
714	32	80
714	33	70
714	34	70
714	35	90
714	36	50
714	37	70
714	38	50
714	39	70
714	40	20
715	1	50
715	2	20
715	3	60
715	4	90
715	5	90
715	6	90
715	7	110
715	8	90
715	9	70
715	10	50
715	11	90
715	12	50
715	13	40
715	14	70
715	15	90
715	16	50
715	17	70
715	18	70
715	19	50
715	20	70
715	21	110
715	22	70
715	23	90
715	24	50
715	25	90
715	26	70
715	27	90
715	28	70
715	29	90
715	30	70
715	31	40
715	32	70
715	33	70
715	34	50
715	35	90
715	36	50
715	37	70
715	38	70
715	39	70
715	40	20
716	1	70
716	2	80
716	3	90
716	4	100
716	5	110
716	6	70
716	7	90
716	8	20
716	9	90
716	10	0
716	11	90
716	12	20
716	13	110
716	14	70
716	15	40
716	16	90
716	17	70
716	18	60
716	19	60
716	20	20
716	21	70
716	22	90
716	23	90
716	24	0
716	25	20
716	26	20
716	27	50
716	28	20
716	29	110
716	30	80
716	31	90
716	32	70
716	33	70
716	34	70
716	35	20
716	36	50
716	37	90
716	38	70
716	39	70
716	40	50
717	1	50
717	2	10
717	3	0
717	4	100
717	5	100
717	6	70
717	7	80
717	8	90
717	9	60
717	10	60
717	11	90
717	12	70
717	13	30
717	14	50
717	15	50
717	16	70
717	17	80
717	18	60
717	19	80
717	20	80
717	21	70
717	22	80
717	23	70
717	24	70
717	25	60
717	26	50
717	27	120
717	28	50
717	29	80
717	30	80
717	31	50
717	32	80
717	33	80
717	34	80
717	35	80
717	36	60
717	37	80
717	38	60
717	39	60
717	40	0
718	1	50
718	2	80
718	3	110
718	4	100
718	5	80
718	6	70
718	7	80
718	8	40
718	9	80
718	10	10
718	11	110
718	12	20
718	13	100
718	14	50
718	15	40
718	16	50
718	17	80
718	18	80
718	19	80
718	20	50
718	21	90
718	22	80
718	23	110
718	24	20
718	25	50
718	26	20
718	27	50
718	28	20
718	29	80
718	30	80
718	31	100
718	32	100
718	33	60
718	34	80
718	35	50
718	36	80
718	37	100
718	38	60
718	39	80
718	40	90
719	1	70
719	2	80
719	3	90
719	4	100
719	5	80
719	6	70
719	7	100
719	8	20
719	9	80
719	10	10
719	11	70
719	12	0
719	13	80
719	14	70
719	15	20
719	16	70
719	17	60
719	18	80
719	19	60
719	20	10
719	21	90
719	22	80
719	23	70
719	24	0
719	25	50
719	26	40
719	27	30
719	28	0
719	29	80
719	30	60
719	31	100
719	32	60
719	33	60
719	34	60
719	35	50
719	36	60
719	37	60
719	38	80
719	39	100
719	40	70
720	1	70
720	2	10
720	3	20
720	4	80
720	5	90
720	6	70
720	7	80
720	8	70
720	9	90
720	10	60
720	11	90
720	12	70
720	13	40
720	14	50
720	15	70
720	16	90
720	17	70
720	18	60
720	19	60
720	20	70
720	21	50
720	22	80
720	23	90
720	24	50
720	25	50
720	26	70
720	27	100
720	28	70
720	29	100
720	30	80
720	31	20
720	32	80
720	33	70
720	34	70
720	35	50
720	36	50
720	37	90
720	38	50
720	39	70
720	40	0
721	1	70
721	2	40
721	3	80
721	4	130
721	5	110
721	6	70
721	7	90
721	8	90
721	9	90
721	10	50
721	11	130
721	12	90
721	13	80
721	14	70
721	15	110
721	16	90
721	17	70
721	18	70
721	19	70
721	20	90
721	21	90
721	22	110
721	23	130
721	24	70
721	25	110
721	26	90
721	27	110
721	28	70
721	29	110
721	30	70
721	31	80
721	32	90
721	33	50
721	34	90
721	35	110
721	36	70
721	37	110
721	38	70
721	39	90
721	40	40
722	1	50
722	2	50
722	3	80
722	4	140
722	5	110
722	6	70
722	7	100
722	8	90
722	9	70
722	10	60
722	11	130
722	12	90
722	13	80
722	14	70
722	15	110
722	16	70
722	17	70
722	18	80
722	19	80
722	20	90
722	21	110
722	22	120
722	23	130
722	24	70
722	25	110
722	26	70
722	27	120
722	28	70
722	29	120
722	30	80
722	31	80
722	32	100
722	33	50
722	34	90
722	35	110
722	36	70
722	37	110
722	38	70
722	39	70
722	40	40
723	1	50
723	2	100
723	3	110
723	4	100
723	5	120
723	6	70
723	7	100
723	8	40
723	9	80
723	10	10
723	11	90
723	12	20
723	13	120
723	14	70
723	15	60
723	16	50
723	17	100
723	18	60
723	19	80
723	20	50
723	21	90
723	22	100
723	23	90
723	24	20
723	25	50
723	26	0
723	27	50
723	28	20
723	29	100
723	30	100
723	31	100
723	32	100
723	33	80
723	34	80
723	35	50
723	36	80
723	37	100
723	38	80
723	39	60
723	40	70
724	1	70
724	2	80
724	3	90
724	4	100
724	5	110
724	6	70
724	7	90
724	8	20
724	9	90
724	10	0
724	11	90
724	12	20
724	13	110
724	14	70
724	15	40
724	16	90
724	17	70
724	18	60
724	19	60
724	20	20
724	21	70
724	22	90
724	23	90
724	24	0
724	25	20
724	26	20
724	27	50
724	28	20
724	29	110
724	30	80
724	31	90
724	32	70
724	33	70
724	34	70
724	35	20
724	36	50
724	37	90
724	38	70
724	39	70
724	40	50
725	1	50
725	2	50
725	3	60
725	4	120
725	5	130
725	6	70
725	7	90
725	8	90
725	9	70
725	10	50
725	11	110
725	12	90
725	13	80
725	14	70
725	15	110
725	16	70
725	17	90
725	18	60
725	19	80
725	20	90
725	21	90
725	22	110
725	23	110
725	24	70
725	25	90
725	26	50
725	27	120
725	28	70
725	29	110
725	30	100
725	31	60
725	32	90
725	33	70
725	34	90
725	35	90
725	36	70
725	37	110
725	38	70
725	39	50
725	40	20
726	1	50
726	2	80
726	3	90
726	4	120
726	5	100
726	6	70
726	7	100
726	8	20
726	9	60
726	10	10
726	11	90
726	12	20
726	13	100
726	14	70
726	15	20
726	16	70
726	17	60
726	18	80
726	19	60
726	20	10
726	21	110
726	22	100
726	23	90
726	24	0
726	25	50
726	26	20
726	27	50
726	28	0
726	29	100
726	30	60
726	31	120
726	32	60
726	33	60
726	34	80
726	35	50
726	36	60
726	37	80
726	38	80
726	39	80
726	40	70
727	1	70
727	2	50
727	3	50
727	4	50
727	5	50
727	6	50
727	7	50
727	8	0
727	9	70
727	10	0
727	11	50
727	12	0
727	13	50
727	14	50
727	15	0
727	16	70
727	17	50
727	18	50
727	19	50
727	20	0
727	21	50
727	22	50
727	23	50
727	24	0
727	25	0
727	26	20
727	27	0
727	28	0
727	29	50
727	30	50
727	31	50
727	32	50
727	33	50
727	34	50
727	35	0
727	36	50
727	37	50
727	38	50
727	39	70
727	40	50
728	1	70
728	2	80
728	3	70
728	4	80
728	5	70
728	6	50
728	7	70
728	8	0
728	9	70
728	10	0
728	11	50
728	12	0
728	13	70
728	14	70
728	15	20
728	16	70
728	17	50
728	18	60
728	19	60
728	20	0
728	21	70
728	22	70
728	23	50
728	24	0
728	25	20
728	26	20
728	27	10
728	28	0
728	29	70
728	30	60
728	31	70
728	32	50
728	33	50
728	34	50
728	35	20
728	36	50
728	37	50
728	38	70
728	39	70
728	40	50
729	1	50
729	2	80
729	3	110
729	4	120
729	5	120
729	6	90
729	7	100
729	8	60
729	9	80
729	10	10
729	11	130
729	12	40
729	13	120
729	14	50
729	15	40
729	16	70
729	17	100
729	18	80
729	19	80
729	20	50
729	21	90
729	22	100
729	23	130
729	24	20
729	25	50
729	26	20
729	27	90
729	28	20
729	29	100
729	30	100
729	31	120
729	32	100
729	33	80
729	34	100
729	35	50
729	36	80
729	37	120
729	38	60
729	39	80
729	40	90
730	1	70
730	2	0
730	3	0
730	4	70
730	5	70
730	6	50
730	7	50
730	8	50
730	9	70
730	10	50
730	11	70
730	12	70
730	13	20
730	14	50
730	15	50
730	16	90
730	17	50
730	18	50
730	19	50
730	20	50
730	21	50
730	22	70
730	23	70
730	24	50
730	25	50
730	26	70
730	27	70
730	28	50
730	29	70
730	30	50
730	31	20
730	32	50
730	33	50
730	34	70
730	35	50
730	36	50
730	37	70
730	38	50
730	39	70
730	40	0
731	1	50
731	2	10
731	3	40
731	4	120
731	5	90
731	6	90
731	7	90
731	8	110
731	9	70
731	10	50
731	11	130
731	12	70
731	13	40
731	14	50
731	15	70
731	16	70
731	17	70
731	18	80
731	19	80
731	20	90
731	21	90
731	22	70
731	23	110
731	24	70
731	25	70
731	26	70
731	27	140
731	28	70
731	29	90
731	30	80
731	31	60
731	32	90
731	33	70
731	34	70
731	35	90
731	36	50
731	37	90
731	38	50
731	39	70
731	40	20
732	1	50
732	2	100
732	3	90
732	4	100
732	5	100
732	6	50
732	7	80
732	8	20
732	9	60
732	10	10
732	11	70
732	12	20
732	13	100
732	14	70
732	15	40
732	16	50
732	17	80
732	18	60
732	19	80
732	20	30
732	21	90
732	22	100
732	23	70
732	24	20
732	25	50
732	26	0
732	27	30
732	28	0
732	29	80
732	30	80
732	31	100
732	32	80
732	33	60
732	34	80
732	35	50
732	36	80
732	37	80
732	38	80
732	39	60
732	40	70
733	1	70
733	2	70
733	3	90
733	4	110
733	5	110
733	6	90
733	7	110
733	8	40
733	9	70
733	10	0
733	11	90
733	12	20
733	13	90
733	14	70
733	15	20
733	16	90
733	17	70
733	18	70
733	19	50
733	20	0
733	21	90
733	22	90
733	23	90
733	24	0
733	25	40
733	26	40
733	27	60
733	28	0
733	29	90
733	30	70
733	31	110
733	32	50
733	33	70
733	34	70
733	35	40
733	36	50
733	37	70
733	38	70
733	39	90
733	40	70
734	1	70
734	2	30
734	3	20
734	4	60
734	5	100
734	6	90
734	7	100
734	8	70
734	9	80
734	10	80
734	11	50
734	12	70
734	13	30
734	14	70
734	15	70
734	16	70
734	17	100
734	18	80
734	19	60
734	20	60
734	21	50
734	22	80
734	23	70
734	24	50
734	25	80
734	26	70
734	27	80
734	28	70
734	29	80
734	30	100
734	31	10
734	32	60
734	33	100
734	34	80
734	35	60
734	36	80
734	37	80
734	38	80
734	39	80
734	40	20
735	1	50
735	2	30
735	3	60
735	4	140
735	5	90
735	6	70
735	7	100
735	8	90
735	9	70
735	10	60
735	11	130
735	12	70
735	13	60
735	14	70
735	15	90
735	16	70
735	17	50
735	18	80
735	19	80
735	20	90
735	21	110
735	22	100
735	23	110
735	24	70
735	25	90
735	26	70
735	27	120
735	28	70
735	29	120
735	30	60
735	31	80
735	32	100
735	33	50
735	34	70
735	35	110
735	36	50
735	37	90
735	38	70
735	39	70
735	40	20
736	1	50
736	2	50
736	3	80
736	4	120
736	5	90
736	6	70
736	7	90
736	8	90
736	9	70
736	10	50
736	11	110
736	12	70
736	13	60
736	14	70
736	15	110
736	16	50
736	17	70
736	18	80
736	19	80
736	20	90
736	21	110
736	22	90
736	23	110
736	24	70
736	25	110
736	26	70
736	27	100
736	28	70
736	29	90
736	30	80
736	31	60
736	32	90
736	33	50
736	34	70
736	35	110
736	36	70
736	37	90
736	38	70
736	39	70
736	40	40
737	1	50
737	2	80
737	3	70
737	4	100
737	5	90
737	6	50
737	7	60
737	8	20
737	9	50
737	10	10
737	11	90
737	12	40
737	13	90
737	14	50
737	15	20
737	16	70
737	17	70
737	18	60
737	19	80
737	20	20
737	21	70
737	22	100
737	23	90
737	24	20
737	25	20
737	26	0
737	27	50
737	28	0
737	29	80
737	30	80
737	31	90
737	32	80
737	33	50
737	34	90
737	35	20
737	36	70
737	37	90
737	38	50
737	39	50
737	40	70
738	1	50
738	2	70
738	3	110
738	4	110
738	5	90
738	6	90
738	7	110
738	8	60
738	9	70
738	10	0
738	11	110
738	12	0
738	13	90
738	14	70
738	15	40
738	16	50
738	17	70
738	18	70
738	19	70
738	20	40
738	21	90
738	22	70
738	23	90
738	24	20
738	25	40
738	26	20
738	27	60
738	28	20
738	29	90
738	30	70
738	31	110
738	32	90
738	33	70
738	34	50
738	35	60
738	36	50
738	37	70
738	38	70
738	39	70
738	40	70
739	1	70
739	2	30
739	3	40
739	4	80
739	5	90
739	6	70
739	7	80
739	8	50
739	9	90
739	10	80
739	11	90
739	12	90
739	13	60
739	14	70
739	15	90
739	16	90
739	17	70
739	18	80
739	19	60
739	20	70
739	21	50
739	22	100
739	23	110
739	24	50
739	25	70
739	26	70
739	27	80
739	28	90
739	29	120
739	30	80
739	31	20
739	32	80
739	33	70
739	34	90
739	35	50
739	36	70
739	37	110
739	38	70
739	39	70
739	40	20
740	1	70
740	2	50
740	3	90
740	4	90
740	5	70
740	6	70
740	7	70
740	8	20
740	9	90
740	10	0
740	11	110
740	12	20
740	13	90
740	14	50
740	15	20
740	16	90
740	17	50
740	18	70
740	19	50
740	20	20
740	21	70
740	22	70
740	23	110
740	24	0
740	25	20
740	26	40
740	27	40
740	28	20
740	29	90
740	30	50
740	31	90
740	32	70
740	33	50
740	34	70
740	35	20
740	36	50
740	37	90
740	38	50
740	39	90
740	40	70
741	1	70
741	2	80
741	3	110
741	4	120
741	5	110
741	6	90
741	7	120
741	8	40
741	9	90
741	10	10
741	11	110
741	12	20
741	13	110
741	14	70
741	15	40
741	16	90
741	17	70
741	18	80
741	19	60
741	20	20
741	21	90
741	22	100
741	23	110
741	24	0
741	25	40
741	26	40
741	27	70
741	28	20
741	29	120
741	30	80
741	31	110
741	32	80
741	33	70
741	34	70
741	35	40
741	36	50
741	37	90
741	38	70
741	39	90
741	40	70
742	1	70
742	2	60
742	3	50
742	4	60
742	5	70
742	6	70
742	7	70
742	8	20
742	9	70
742	10	0
742	11	50
742	12	0
742	13	50
742	14	50
742	15	0
742	16	70
742	17	70
742	18	60
742	19	60
742	20	0
742	21	50
742	22	50
742	23	50
742	24	0
742	25	0
742	26	20
742	27	30
742	28	0
742	29	50
742	30	80
742	31	50
742	32	50
742	33	70
742	34	50
742	35	0
742	36	50
742	37	50
742	38	50
742	39	70
742	40	50
743	1	50
743	2	10
743	3	0
743	4	60
743	5	70
743	6	70
743	7	80
743	8	70
743	9	50
743	10	60
743	11	50
743	12	50
743	13	0
743	14	50
743	15	50
743	16	50
743	17	70
743	18	60
743	19	60
743	20	50
743	21	70
743	22	60
743	23	50
743	24	50
743	25	50
743	26	50
743	27	80
743	28	50
743	29	60
743	30	80
743	31	0
743	32	60
743	33	70
743	34	50
743	35	50
743	36	50
743	37	50
743	38	50
743	39	50
743	40	0
744	1	70
744	2	100
744	3	110
744	4	120
744	5	130
744	6	110
744	7	140
744	8	40
744	9	70
744	10	30
744	11	90
744	12	40
744	13	110
744	14	90
744	15	40
744	16	90
744	17	90
744	18	100
744	19	60
744	20	0
744	21	90
744	22	120
744	23	110
744	24	0
744	25	60
744	26	40
744	27	70
744	28	20
744	29	120
744	30	100
744	31	110
744	32	60
744	33	90
744	34	90
744	35	40
744	36	70
744	37	90
744	38	90
744	39	90
744	40	90
745	1	50
745	2	70
745	3	110
745	4	130
745	5	90
745	6	70
745	7	90
745	8	40
745	9	70
745	10	0
745	11	130
745	12	20
745	13	110
745	14	70
745	15	40
745	16	70
745	17	50
745	18	70
745	19	70
745	20	40
745	21	90
745	22	90
745	23	110
745	24	20
745	25	40
745	26	20
745	27	60
745	28	20
745	29	110
745	30	50
745	31	130
745	32	90
745	33	50
745	34	70
745	35	60
745	36	50
745	37	90
745	38	70
745	39	70
745	40	70
746	1	50
746	2	10
746	3	20
746	4	100
746	5	100
746	6	70
746	7	80
746	8	90
746	9	80
746	10	60
746	11	110
746	12	70
746	13	50
746	14	50
746	15	70
746	16	70
746	17	80
746	18	60
746	19	80
746	20	100
746	21	50
746	22	80
746	23	90
746	24	70
746	25	60
746	26	50
746	27	120
746	28	70
746	29	100
746	30	80
746	31	50
746	32	100
746	33	80
746	34	80
746	35	80
746	36	60
746	37	100
746	38	60
746	39	60
746	40	0
747	1	70
747	2	50
747	3	80
747	4	140
747	5	120
747	6	70
747	7	100
747	8	90
747	9	100
747	10	60
747	11	130
747	12	90
747	13	90
747	14	70
747	15	110
747	16	90
747	17	80
747	18	80
747	19	80
747	20	100
747	21	90
747	22	120
747	23	130
747	24	70
747	25	120
747	26	90
747	27	120
747	28	70
747	29	120
747	30	80
747	31	90
747	32	100
747	33	60
747	34	100
747	35	120
747	36	80
747	37	120
747	38	80
747	39	100
747	40	40
748	1	50
748	2	90
748	3	110
748	4	110
748	5	90
748	6	70
748	7	90
748	8	40
748	9	50
748	10	0
748	11	90
748	12	20
748	13	90
748	14	70
748	15	40
748	16	50
748	17	70
748	18	70
748	19	70
748	20	20
748	21	110
748	22	90
748	23	90
748	24	20
748	25	60
748	26	20
748	27	40
748	28	0
748	29	70
748	30	70
748	31	110
748	32	70
748	33	50
748	34	70
748	35	60
748	36	70
748	37	70
748	38	70
748	39	70
748	40	90
749	1	50
749	2	30
749	3	60
749	4	120
749	5	70
749	6	70
749	7	100
749	8	90
749	9	70
749	10	60
749	11	110
749	12	50
749	13	40
749	14	70
749	15	90
749	16	50
749	17	50
749	18	80
749	19	80
749	20	90
749	21	110
749	22	80
749	23	90
749	24	70
749	25	90
749	26	70
749	27	100
749	28	70
749	29	100
749	30	60
749	31	60
749	32	100
749	33	50
749	34	50
749	35	110
749	36	50
749	37	70
749	38	70
749	39	70
749	40	20
750	1	50
750	2	30
750	3	40
750	4	100
750	5	110
750	6	70
750	7	100
750	8	70
750	9	70
750	10	60
750	11	90
750	12	70
750	13	60
750	14	70
750	15	90
750	16	70
750	17	70
750	18	60
750	19	60
750	20	70
750	21	90
750	22	100
750	23	90
750	24	50
750	25	70
750	26	50
750	27	100
750	28	70
750	29	120
750	30	80
750	31	40
750	32	80
750	33	70
750	34	70
750	35	70
750	36	50
750	37	90
750	38	70
750	39	50
750	40	0
751	1	50
751	2	80
751	3	90
751	4	120
751	5	120
751	6	70
751	7	100
751	8	40
751	9	80
751	10	10
751	11	110
751	12	20
751	13	120
751	14	70
751	15	40
751	16	70
751	17	80
751	18	60
751	19	80
751	20	50
751	21	70
751	22	100
751	23	90
751	24	20
751	25	30
751	26	0
751	27	70
751	28	20
751	29	120
751	30	80
751	31	120
751	32	100
751	33	80
751	34	80
751	35	50
751	36	60
751	37	100
751	38	80
751	39	60
751	40	50
752	1	50
752	2	60
752	3	90
752	4	120
752	5	90
752	6	90
752	7	90
752	8	60
752	9	70
752	10	0
752	11	130
752	12	20
752	13	90
752	14	50
752	15	20
752	16	70
752	17	70
752	18	80
752	19	80
752	20	40
752	21	70
752	22	70
752	23	110
752	24	20
752	25	20
752	26	20
752	27	90
752	28	20
752	29	90
752	30	80
752	31	110
752	32	90
752	33	70
752	34	70
752	35	40
752	36	50
752	37	90
752	38	50
752	39	70
752	40	70
753	1	70
753	2	10
753	3	0
753	4	60
753	5	50
753	6	50
753	7	50
753	8	50
753	9	70
753	10	50
753	11	50
753	12	50
753	13	0
753	14	50
753	15	50
753	16	70
753	17	50
753	18	60
753	19	60
753	20	50
753	21	50
753	22	50
753	23	50
753	24	50
753	25	50
753	26	70
753	27	60
753	28	50
753	29	50
753	30	60
753	31	0
753	32	50
753	33	50
753	34	50
753	35	50
753	36	50
753	37	50
753	38	50
753	39	70
753	40	0
754	1	70
754	2	20
754	3	40
754	4	70
754	5	110
754	6	90
754	7	90
754	8	70
754	9	90
754	10	70
754	11	90
754	12	90
754	13	60
754	14	70
754	15	90
754	16	90
754	17	90
754	18	70
754	19	50
754	20	70
754	21	50
754	22	90
754	23	110
754	24	50
754	25	70
754	26	70
754	27	90
754	28	90
754	29	110
754	30	90
754	31	20
754	32	70
754	33	90
754	34	90
754	35	50
754	36	70
754	37	110
754	38	70
754	39	70
754	40	20
755	1	70
755	2	50
755	3	50
755	4	50
755	5	70
755	6	70
755	7	70
755	8	20
755	9	70
755	10	0
755	11	50
755	12	0
755	13	50
755	14	50
755	15	0
755	16	70
755	17	70
755	18	50
755	19	50
755	20	0
755	21	50
755	22	50
755	23	50
755	24	0
755	25	0
755	26	20
755	27	20
755	28	0
755	29	50
755	30	70
755	31	50
755	32	50
755	33	70
755	34	50
755	35	0
755	36	50
755	37	50
755	38	50
755	39	70
755	40	50
756	1	50
756	2	30
756	3	40
756	4	120
756	5	110
756	6	70
756	7	100
756	8	90
756	9	70
756	10	60
756	11	110
756	12	70
756	13	60
756	14	70
756	15	90
756	16	70
756	17	70
756	18	60
756	19	80
756	20	90
756	21	70
756	22	100
756	23	90
756	24	70
756	25	70
756	26	50
756	27	120
756	28	70
756	29	120
756	30	80
756	31	60
756	32	100
756	33	70
756	34	70
756	35	90
756	36	50
756	37	90
756	38	70
756	39	50
756	40	0
757	1	50
757	2	80
757	3	110
757	4	140
757	5	120
757	6	90
757	7	120
757	8	60
757	9	80
757	10	10
757	11	130
757	12	20
757	13	120
757	14	70
757	15	40
757	16	70
757	17	80
757	18	80
757	19	80
757	20	50
757	21	110
757	22	100
757	23	110
757	24	20
757	25	50
757	26	20
757	27	90
757	28	20
757	29	120
757	30	80
757	31	140
757	32	100
757	33	80
757	34	80
757	35	70
757	36	60
757	37	100
757	38	80
757	39	80
757	40	70
758	1	70
758	2	30
758	3	60
758	4	100
758	5	110
758	6	110
758	7	120
758	8	90
758	9	90
758	10	80
758	11	110
758	12	90
758	13	60
758	14	70
758	15	90
758	16	90
758	17	90
758	18	100
758	19	60
758	20	70
758	21	70
758	22	100
758	23	130
758	24	50
758	25	90
758	26	90
758	27	120
758	28	90
758	29	120
758	30	100
758	31	40
758	32	80
758	33	90
758	34	90
758	35	70
758	36	70
758	37	110
758	38	70
758	39	90
758	40	40
759	1	70
759	2	60
759	3	70
759	4	60
759	5	60
759	6	50
759	7	60
759	8	0
759	9	100
759	10	10
759	11	70
759	12	0
759	13	80
759	14	50
759	15	20
759	16	70
759	17	60
759	18	60
759	19	60
759	20	30
759	21	50
759	22	60
759	23	70
759	24	0
759	25	10
759	26	20
759	27	10
759	28	20
759	29	80
759	30	60
759	31	60
759	32	80
759	33	60
759	34	60
759	35	10
759	36	60
759	37	80
759	38	60
759	39	80
759	40	50
760	1	70
760	2	30
760	3	40
760	4	80
760	5	100
760	6	70
760	7	100
760	8	70
760	9	100
760	10	60
760	11	70
760	12	50
760	13	50
760	14	70
760	15	90
760	16	70
760	17	80
760	18	60
760	19	60
760	20	80
760	21	70
760	22	80
760	23	70
760	24	50
760	25	80
760	26	70
760	27	80
760	28	70
760	29	100
760	30	80
760	31	30
760	32	80
760	33	80
760	34	60
760	35	80
760	36	60
760	37	80
760	38	80
760	39	80
760	40	0
761	1	50
761	2	50
761	3	40
761	4	100
761	5	110
761	6	70
761	7	100
761	8	90
761	9	50
761	10	60
761	11	70
761	12	70
761	13	40
761	14	70
761	15	90
761	16	50
761	17	90
761	18	60
761	19	80
761	20	70
761	21	90
761	22	100
761	23	70
761	24	70
761	25	90
761	26	50
761	27	100
761	28	50
761	29	80
761	30	100
761	31	40
761	32	80
761	33	70
761	34	70
761	35	90
761	36	70
761	37	70
761	38	70
761	39	50
761	40	20
762	1	50
762	2	80
762	3	110
762	4	140
762	5	110
762	6	90
762	7	120
762	8	60
762	9	70
762	10	10
762	11	130
762	12	20
762	13	110
762	14	70
762	15	40
762	16	70
762	17	70
762	18	80
762	19	80
762	20	40
762	21	110
762	22	100
762	23	110
762	24	20
762	25	40
762	26	20
762	27	90
762	28	20
762	29	120
762	30	80
762	31	130
762	32	100
762	33	70
762	34	70
762	35	60
762	36	50
762	37	90
762	38	70
762	39	70
762	40	70
763	1	50
763	2	30
763	3	20
763	4	100
763	5	80
763	6	50
763	7	80
763	8	70
763	9	60
763	10	60
763	11	70
763	12	50
763	13	30
763	14	70
763	15	70
763	16	50
763	17	60
763	18	60
763	19	80
763	20	80
763	21	90
763	22	80
763	23	50
763	24	70
763	25	80
763	26	50
763	27	80
763	28	50
763	29	80
763	30	60
763	31	50
763	32	80
763	33	60
763	34	60
763	35	100
763	36	60
763	37	60
763	38	80
763	39	60
763	40	0
764	1	70
764	2	60
764	3	90
764	4	100
764	5	90
764	6	90
764	7	90
764	8	40
764	9	90
764	10	0
764	11	110
764	12	20
764	13	90
764	14	50
764	15	20
764	16	90
764	17	70
764	18	80
764	19	60
764	20	20
764	21	70
764	22	70
764	23	110
764	24	0
764	25	20
764	26	40
764	27	70
764	28	20
764	29	90
764	30	80
764	31	90
764	32	70
764	33	70
764	34	70
764	35	20
764	36	50
764	37	90
764	38	50
764	39	90
764	40	70
765	1	70
765	2	40
765	3	80
765	4	130
765	5	110
765	6	70
765	7	90
765	8	90
765	9	90
765	10	50
765	11	130
765	12	90
765	13	80
765	14	70
765	15	110
765	16	90
765	17	70
765	18	70
765	19	70
765	20	90
765	21	90
765	22	110
765	23	130
765	24	70
765	25	110
765	26	90
765	27	110
765	28	70
765	29	110
765	30	70
765	31	80
765	32	90
765	33	50
765	34	90
765	35	110
765	36	70
765	37	110
765	38	70
765	39	90
765	40	40
766	1	50
766	2	50
766	3	90
766	4	70
766	5	50
766	6	70
766	7	70
766	8	20
766	9	70
766	10	0
766	11	90
766	12	0
766	13	70
766	14	50
766	15	20
766	16	50
766	17	50
766	18	70
766	19	50
766	20	20
766	21	90
766	22	50
766	23	90
766	24	0
766	25	20
766	26	20
766	27	20
766	28	20
766	29	70
766	30	50
766	31	70
766	32	70
766	33	50
766	34	50
766	35	20
766	36	50
766	37	70
766	38	50
766	39	70
766	40	70
767	1	50
767	2	70
767	3	110
767	4	90
767	5	90
767	6	90
767	7	90
767	8	60
767	9	70
767	10	0
767	11	110
767	12	20
767	13	90
767	14	50
767	15	40
767	16	50
767	17	90
767	18	70
767	19	70
767	20	40
767	21	90
767	22	70
767	23	110
767	24	20
767	25	40
767	26	20
767	27	60
767	28	20
767	29	70
767	30	90
767	31	90
767	32	90
767	33	70
767	34	70
767	35	40
767	36	70
767	37	90
767	38	50
767	39	70
767	40	90
768	1	50
768	2	10
768	3	20
768	4	120
768	5	70
768	6	70
768	7	80
768	8	90
768	9	50
768	10	60
768	11	110
768	12	70
768	13	20
768	14	50
768	15	50
768	16	70
768	17	50
768	18	80
768	19	80
768	20	70
768	21	90
768	22	80
768	23	90
768	24	70
768	25	70
768	26	70
768	27	120
768	28	50
768	29	80
768	30	60
768	31	60
768	32	80
768	33	50
768	34	70
768	35	90
768	36	50
768	37	70
768	38	50
768	39	70
768	40	20
769	1	50
769	2	10
769	3	40
769	4	120
769	5	100
769	6	90
769	7	100
769	8	110
769	9	80
769	10	60
769	11	130
769	12	70
769	13	50
769	14	50
769	15	70
769	16	70
769	17	80
769	18	80
769	19	80
769	20	100
769	21	90
769	22	80
769	23	110
769	24	70
769	25	80
769	26	70
769	27	140
769	28	70
769	29	100
769	30	80
769	31	70
769	32	100
769	33	80
769	34	80
769	35	100
769	36	60
769	37	100
769	38	60
769	39	80
769	40	20
770	1	50
770	2	70
770	3	90
770	4	130
770	5	110
770	6	90
770	7	110
770	8	60
770	9	50
770	10	0
770	11	110
770	12	20
770	13	90
770	14	70
770	15	20
770	16	70
770	17	70
770	18	70
770	19	70
770	20	20
770	21	90
770	22	90
770	23	90
770	24	20
770	25	40
770	26	20
770	27	80
770	28	0
770	29	90
770	30	70
770	31	130
770	32	70
770	33	70
770	34	70
770	35	60
770	36	50
770	37	70
770	38	70
770	39	70
770	40	70
771	1	50
771	2	10
771	3	20
771	4	100
771	5	70
771	6	50
771	7	60
771	8	70
771	9	70
771	10	60
771	11	110
771	12	70
771	13	40
771	14	50
771	15	70
771	16	70
771	17	50
771	18	60
771	19	80
771	20	90
771	21	70
771	22	80
771	23	90
771	24	70
771	25	50
771	26	50
771	27	100
771	28	70
771	29	100
771	30	60
771	31	40
771	32	100
771	33	50
771	34	70
771	35	70
771	36	50
771	37	90
771	38	50
771	39	50
771	40	0
772	1	70
772	2	30
772	3	40
772	4	100
772	5	110
772	6	110
772	7	110
772	8	90
772	9	70
772	10	70
772	11	90
772	12	90
772	13	40
772	14	70
772	15	70
772	16	90
772	17	90
772	18	100
772	19	60
772	20	50
772	21	70
772	22	90
772	23	110
772	24	50
772	25	90
772	26	90
772	27	120
772	28	70
772	29	90
772	30	100
772	31	40
772	32	50
772	33	90
772	34	90
772	35	70
772	36	70
772	37	90
772	38	70
772	39	90
772	40	40
773	1	50
773	2	60
773	3	70
773	4	80
773	5	50
773	6	70
773	7	70
773	8	20
773	9	50
773	10	0
773	11	70
773	12	0
773	13	50
773	14	50
773	15	0
773	16	50
773	17	50
773	18	80
773	19	60
773	20	0
773	21	90
773	22	50
773	23	70
773	24	0
773	25	20
773	26	20
773	27	30
773	28	0
773	29	50
773	30	60
773	31	70
773	32	50
773	33	50
773	34	50
773	35	20
773	36	50
773	37	50
773	38	50
773	39	70
773	40	70
774	1	70
774	2	100
774	3	90
774	4	120
774	5	130
774	6	70
774	7	100
774	8	40
774	9	70
774	10	10
774	11	90
774	12	40
774	13	110
774	14	70
774	15	40
774	16	90
774	17	90
774	18	60
774	19	80
774	20	20
774	21	70
774	22	120
774	23	90
774	24	20
774	25	40
774	26	20
774	27	70
774	28	0
774	29	100
774	30	100
774	31	110
774	32	80
774	33	70
774	34	90
774	35	40
774	36	70
774	37	90
774	38	70
774	39	70
774	40	70
775	1	70
775	2	50
775	3	60
775	4	100
775	5	110
775	6	70
775	7	100
775	8	90
775	9	90
775	10	60
775	11	90
775	12	70
775	13	60
775	14	70
775	15	110
775	16	70
775	17	90
775	18	60
775	19	80
775	20	90
775	21	70
775	22	100
775	23	90
775	24	70
775	25	90
775	26	70
775	27	100
775	28	70
775	29	100
775	30	100
775	31	40
775	32	100
775	33	70
775	34	70
775	35	90
775	36	70
775	37	90
775	38	70
775	39	70
775	40	20
776	1	70
776	2	80
776	3	90
776	4	80
776	5	100
776	6	70
776	7	100
776	8	20
776	9	100
776	10	10
776	11	70
776	12	0
776	13	100
776	14	70
776	15	40
776	16	70
776	17	80
776	18	60
776	19	60
776	20	30
776	21	70
776	22	80
776	23	70
776	24	0
776	25	30
776	26	20
776	27	30
776	28	20
776	29	100
776	30	80
776	31	80
776	32	80
776	33	80
776	34	60
776	35	30
776	36	60
776	37	80
776	38	80
776	39	80
776	40	50
777	1	70
777	2	30
777	3	40
777	4	80
777	5	90
777	6	70
777	7	80
777	8	90
777	9	90
777	10	60
777	11	90
777	12	70
777	13	40
777	14	50
777	15	90
777	16	70
777	17	90
777	18	60
777	19	80
777	20	90
777	21	50
777	22	80
777	23	90
777	24	70
777	25	70
777	26	70
777	27	100
777	28	70
777	29	80
777	30	100
777	31	20
777	32	100
777	33	70
777	34	70
777	35	70
777	36	70
777	37	90
777	38	50
777	39	70
777	40	20
778	1	50
778	2	30
778	3	40
778	4	120
778	5	100
778	6	70
778	7	80
778	8	90
778	9	60
778	10	60
778	11	110
778	12	90
778	13	50
778	14	50
778	15	70
778	16	70
778	17	80
778	18	80
778	19	80
778	20	80
778	21	90
778	22	100
778	23	110
778	24	70
778	25	100
778	26	70
778	27	120
778	28	50
778	29	80
778	30	80
778	31	70
778	32	80
778	33	60
778	34	100
778	35	100
778	36	80
778	37	100
778	38	60
778	39	80
778	40	40
779	1	50
779	2	80
779	3	110
779	4	120
779	5	90
779	6	70
779	7	90
779	8	20
779	9	70
779	10	0
779	11	110
779	12	20
779	13	110
779	14	70
779	15	40
779	16	70
779	17	50
779	18	80
779	19	60
779	20	20
779	21	110
779	22	90
779	23	110
779	24	0
779	25	40
779	26	20
779	27	50
779	28	20
779	29	110
779	30	60
779	31	110
779	32	70
779	33	50
779	34	70
779	35	40
779	36	50
779	37	90
779	38	70
779	39	70
779	40	70
780	1	50
780	2	30
780	3	20
780	4	100
780	5	70
780	6	50
780	7	80
780	8	70
780	9	50
780	10	60
780	11	70
780	12	50
780	13	20
780	14	70
780	15	70
780	16	50
780	17	50
780	18	60
780	19	80
780	20	70
780	21	70
780	22	80
780	23	50
780	24	70
780	25	70
780	26	50
780	27	80
780	28	50
780	29	80
780	30	60
780	31	40
780	32	80
780	33	50
780	34	50
780	35	90
780	36	50
780	37	50
780	38	70
780	39	50
780	40	0
781	1	70
781	2	100
781	3	130
781	4	100
781	5	110
781	6	110
781	7	140
781	8	40
781	9	90
781	10	30
781	11	90
781	12	20
781	13	110
781	14	90
781	15	60
781	16	70
781	17	90
781	18	100
781	19	60
781	20	20
781	21	90
781	22	100
781	23	110
781	24	0
781	25	60
781	26	40
781	27	50
781	28	40
781	29	120
781	30	100
781	31	90
781	32	80
781	33	90
781	34	70
781	35	40
781	36	70
781	37	90
781	38	90
781	39	90
781	40	90
782	1	70
782	2	50
782	3	60
782	4	100
782	5	130
782	6	90
782	7	110
782	8	70
782	9	90
782	10	70
782	11	90
782	12	90
782	13	80
782	14	90
782	15	110
782	16	90
782	17	90
782	18	80
782	19	60
782	20	70
782	21	70
782	22	110
782	23	110
782	24	50
782	25	90
782	26	70
782	27	100
782	28	90
782	29	130
782	30	100
782	31	40
782	32	70
782	33	90
782	34	90
782	35	70
782	36	70
782	37	110
782	38	90
782	39	70
782	40	20
783	1	70
783	2	10
783	3	40
783	4	100
783	5	100
783	6	90
783	7	100
783	8	90
783	9	100
783	10	60
783	11	110
783	12	70
783	13	50
783	14	50
783	15	70
783	16	90
783	17	80
783	18	80
783	19	60
783	20	80
783	21	70
783	22	80
783	23	110
783	24	50
783	25	80
783	26	90
783	27	120
783	28	70
783	29	100
783	30	80
783	31	50
783	32	80
783	33	80
783	34	80
783	35	80
783	36	60
783	37	100
783	38	60
783	39	100
783	40	20
784	1	70
784	2	100
784	3	110
784	4	120
784	5	90
784	6	70
784	7	90
784	8	40
784	9	70
784	10	0
784	11	90
784	12	20
784	13	90
784	14	70
784	15	40
784	16	70
784	17	70
784	18	80
784	19	80
784	20	20
784	21	90
784	22	90
784	23	90
784	24	20
784	25	60
784	26	40
784	27	50
784	28	0
784	29	70
784	30	80
784	31	110
784	32	70
784	33	50
784	34	70
784	35	60
784	36	70
784	37	70
784	38	70
784	39	90
784	40	90
785	1	70
785	2	80
785	3	90
785	4	100
785	5	70
785	6	70
785	7	90
785	8	20
785	9	70
785	10	0
785	11	70
785	12	0
785	13	70
785	14	70
785	15	20
785	16	70
785	17	50
785	18	80
785	19	60
785	20	0
785	21	90
785	22	70
785	23	70
785	24	0
785	25	40
785	26	40
785	27	30
785	28	0
785	29	70
785	30	60
785	31	90
785	32	50
785	33	50
785	34	50
785	35	40
785	36	50
785	37	50
785	38	70
785	39	90
785	40	70
786	1	50
786	2	80
786	3	90
786	4	140
786	5	110
786	6	90
786	7	120
786	8	60
786	9	50
786	10	10
786	11	110
786	12	20
786	13	90
786	14	70
786	15	20
786	16	70
786	17	70
786	18	80
786	19	80
786	20	20
786	21	110
786	22	100
786	23	90
786	24	20
786	25	40
786	26	20
786	27	90
786	28	0
786	29	100
786	30	80
786	31	130
786	32	80
786	33	70
786	34	70
786	35	60
786	36	50
786	37	70
786	38	70
786	39	70
786	40	70
787	1	50
787	2	10
787	3	0
787	4	60
787	5	60
787	6	50
787	7	60
787	8	50
787	9	60
787	10	60
787	11	50
787	12	50
787	13	10
787	14	50
787	15	50
787	16	50
787	17	60
787	18	60
787	19	60
787	20	60
787	21	70
787	22	60
787	23	50
787	24	50
787	25	60
787	26	50
787	27	60
787	28	50
787	29	60
787	30	60
787	31	10
787	32	60
787	33	60
787	34	60
787	35	60
787	36	60
787	37	60
787	38	60
787	39	60
787	40	0
788	1	70
788	2	20
788	3	40
788	4	70
788	5	90
788	6	70
788	7	90
788	8	70
788	9	90
788	10	50
788	11	70
788	12	50
788	13	40
788	14	70
788	15	90
788	16	70
788	17	70
788	18	50
788	19	50
788	20	70
788	21	70
788	22	70
788	23	70
788	24	50
788	25	70
788	26	70
788	27	70
788	28	70
788	29	90
788	30	70
788	31	20
788	32	70
788	33	70
788	34	50
788	35	70
788	36	50
788	37	70
788	38	70
788	39	70
788	40	0
789	1	70
789	2	90
789	3	110
789	4	90
789	5	90
789	6	90
789	7	110
789	8	20
789	9	70
789	10	20
789	11	70
789	12	20
789	13	90
789	14	90
789	15	40
789	16	70
789	17	70
789	18	90
789	19	50
789	20	0
789	21	90
789	22	90
789	23	90
789	24	0
789	25	60
789	26	40
789	27	20
789	28	20
789	29	90
789	30	70
789	31	90
789	32	50
789	33	70
789	34	70
789	35	40
789	36	70
789	37	70
789	38	90
789	39	90
789	40	90
790	1	70
790	2	80
790	3	70
790	4	80
790	5	70
790	6	50
790	7	70
790	8	0
790	9	70
790	10	0
790	11	50
790	12	0
790	13	70
790	14	70
790	15	20
790	16	70
790	17	50
790	18	60
790	19	60
790	20	0
790	21	70
790	22	70
790	23	50
790	24	0
790	25	20
790	26	20
790	27	10
790	28	0
790	29	70
790	30	60
790	31	70
790	32	50
790	33	50
790	34	50
790	35	20
790	36	50
790	37	50
790	38	70
790	39	70
790	40	50
791	1	70
791	2	40
791	3	40
791	4	110
791	5	110
791	6	50
791	7	70
791	8	70
791	9	70
791	10	50
791	11	90
791	12	90
791	13	60
791	14	70
791	15	90
791	16	90
791	17	70
791	18	50
791	19	70
791	20	70
791	21	70
791	22	110
791	23	90
791	24	70
791	25	90
791	26	70
791	27	90
791	28	50
791	29	90
791	30	70
791	31	60
791	32	70
791	33	50
791	34	90
791	35	90
791	36	70
791	37	90
791	38	70
791	39	70
791	40	20
792	1	70
792	2	30
792	3	40
792	4	80
792	5	90
792	6	70
792	7	90
792	8	70
792	9	90
792	10	50
792	11	70
792	12	50
792	13	40
792	14	70
792	15	90
792	16	70
792	17	70
792	18	60
792	19	60
792	20	70
792	21	70
792	22	70
792	23	70
792	24	50
792	25	70
792	26	70
792	27	80
792	28	70
792	29	90
792	30	80
792	31	20
792	32	70
792	33	70
792	34	50
792	35	70
792	36	50
792	37	70
792	38	70
792	39	70
792	40	0
793	1	50
793	2	10
793	3	0
793	4	80
793	5	50
793	6	50
793	7	60
793	8	70
793	9	50
793	10	60
793	11	70
793	12	50
793	13	0
793	14	50
793	15	50
793	16	50
793	17	50
793	18	60
793	19	80
793	20	70
793	21	50
793	22	60
793	23	50
793	24	70
793	25	50
793	26	50
793	27	80
793	28	50
793	29	60
793	30	60
793	31	20
793	32	80
793	33	50
793	34	50
793	35	70
793	36	50
793	37	50
793	38	50
793	39	50
793	40	0
794	1	50
794	2	0
794	3	20
794	4	90
794	5	90
794	6	70
794	7	70
794	8	90
794	9	70
794	10	50
794	11	110
794	12	70
794	13	40
794	14	50
794	15	70
794	16	70
794	17	70
794	18	50
794	19	70
794	20	90
794	21	70
794	22	70
794	23	90
794	24	70
794	25	50
794	26	50
794	27	110
794	28	70
794	29	90
794	30	70
794	31	40
794	32	90
794	33	70
794	34	70
794	35	70
794	36	50
794	37	90
794	38	50
794	39	50
794	40	0
795	1	70
795	2	80
795	3	90
795	4	80
795	5	100
795	6	70
795	7	100
795	8	20
795	9	100
795	10	10
795	11	70
795	12	0
795	13	100
795	14	70
795	15	40
795	16	70
795	17	80
795	18	60
795	19	60
795	20	30
795	21	70
795	22	80
795	23	70
795	24	0
795	25	30
795	26	20
795	27	30
795	28	20
795	29	100
795	30	80
795	31	80
795	32	80
795	33	80
795	34	60
795	35	30
795	36	60
795	37	80
795	38	80
795	39	80
795	40	50
796	1	70
796	2	50
796	3	80
796	4	120
796	5	120
796	6	90
796	7	120
796	8	110
796	9	100
796	10	60
796	11	110
796	12	70
796	13	70
796	14	70
796	15	110
796	16	70
796	17	100
796	18	80
796	19	80
796	20	100
796	21	90
796	22	100
796	23	110
796	24	70
796	25	120
796	26	90
796	27	120
796	28	70
796	29	100
796	30	100
796	31	70
796	32	100
796	33	80
796	34	80
796	35	120
796	36	80
796	37	100
796	38	80
796	39	100
796	40	40
797	1	70
797	2	10
797	3	20
797	4	80
797	5	50
797	6	70
797	7	70
797	8	70
797	9	70
797	10	50
797	11	70
797	12	50
797	13	0
797	14	50
797	15	50
797	16	70
797	17	50
797	18	80
797	19	60
797	20	50
797	21	70
797	22	50
797	23	70
797	24	50
797	25	70
797	26	90
797	27	80
797	28	50
797	29	50
797	30	60
797	31	20
797	32	50
797	33	50
797	34	50
797	35	70
797	36	50
797	37	50
797	38	50
797	39	90
797	40	20
798	1	70
798	2	70
798	3	70
798	4	90
798	5	90
798	6	50
798	7	50
798	8	20
798	9	70
798	10	0
798	11	90
798	12	40
798	13	90
798	14	50
798	15	20
798	16	90
798	17	70
798	18	50
798	19	70
798	20	20
798	21	50
798	22	90
798	23	90
798	24	20
798	25	20
798	26	20
798	27	40
798	28	0
798	29	70
798	30	70
798	31	90
798	32	70
798	33	50
798	34	90
798	35	20
798	36	70
798	37	90
798	38	50
798	39	70
798	40	70
799	1	70
799	2	40
799	3	80
799	4	110
799	5	90
799	6	70
799	7	90
799	8	90
799	9	90
799	10	50
799	11	110
799	12	70
799	13	60
799	14	70
799	15	110
799	16	70
799	17	70
799	18	70
799	19	70
799	20	90
799	21	90
799	22	90
799	23	110
799	24	70
799	25	110
799	26	90
799	27	90
799	28	70
799	29	90
799	30	70
799	31	60
799	32	90
799	33	50
799	34	70
799	35	110
799	36	70
799	37	90
799	38	70
799	39	90
799	40	40
800	1	70
800	2	20
800	3	60
800	4	110
800	5	90
800	6	70
800	7	90
800	8	70
800	9	90
800	10	50
800	11	110
800	12	70
800	13	60
800	14	70
800	15	90
800	16	90
800	17	50
800	18	70
800	19	50
800	20	70
800	21	90
800	22	90
800	23	110
800	24	50
800	25	90
800	26	90
800	27	90
800	28	70
800	29	110
800	30	50
800	31	60
800	32	70
800	33	50
800	34	70
800	35	90
800	36	50
800	37	90
800	38	70
800	39	90
800	40	20
801	1	70
801	2	30
801	3	60
801	4	100
801	5	100
801	6	90
801	7	120
801	8	90
801	9	100
801	10	60
801	11	90
801	12	50
801	13	50
801	14	70
801	15	90
801	16	70
801	17	80
801	18	80
801	19	60
801	20	80
801	21	90
801	22	80
801	23	90
801	24	50
801	25	100
801	26	90
801	27	100
801	28	70
801	29	100
801	30	80
801	31	50
801	32	80
801	33	80
801	34	60
801	35	100
801	36	60
801	37	80
801	38	80
801	39	100
801	40	20
802	1	70
802	2	50
802	3	80
802	4	120
802	5	110
802	6	90
802	7	110
802	8	70
802	9	90
802	10	70
802	11	110
802	12	90
802	13	80
802	14	90
802	15	110
802	16	90
802	17	70
802	18	100
802	19	60
802	20	70
802	21	90
802	22	110
802	23	130
802	24	50
802	25	110
802	26	90
802	27	100
802	28	90
802	29	130
802	30	80
802	31	60
802	32	70
802	33	70
802	34	90
802	35	90
802	36	70
802	37	110
802	38	90
802	39	90
802	40	40
803	1	70
803	2	40
803	3	80
803	4	110
803	5	110
803	6	90
803	7	110
803	8	110
803	9	90
803	10	50
803	11	110
803	12	70
803	13	60
803	14	70
803	15	110
803	16	70
803	17	90
803	18	70
803	19	70
803	20	90
803	21	90
803	22	90
803	23	110
803	24	70
803	25	110
803	26	90
803	27	110
803	28	70
803	29	90
803	30	90
803	31	60
803	32	90
803	33	70
803	34	70
803	35	110
803	36	70
803	37	90
803	38	70
803	39	90
803	40	40
804	1	70
804	2	40
804	3	80
804	4	90
804	5	110
804	6	110
804	7	130
804	8	90
804	9	90
804	10	70
804	11	90
804	12	70
804	13	60
804	14	90
804	15	110
804	16	70
804	17	90
804	18	90
804	19	50
804	20	70
804	21	90
804	22	90
804	23	110
804	24	50
804	25	110
804	26	90
804	27	90
804	28	90
804	29	110
804	30	90
804	31	40
804	32	70
804	33	90
804	34	70
804	35	90
804	36	70
804	37	90
804	38	90
804	39	90
804	40	40
805	1	70
805	2	100
805	3	110
805	4	100
805	5	120
805	6	70
805	7	100
805	8	40
805	9	100
805	10	10
805	11	90
805	12	20
805	13	120
805	14	70
805	15	60
805	16	70
805	17	100
805	18	60
805	19	80
805	20	50
805	21	70
805	22	100
805	23	90
805	24	20
805	25	50
805	26	20
805	27	50
805	28	20
805	29	100
805	30	100
805	31	100
805	32	100
805	33	80
805	34	80
805	35	50
805	36	80
805	37	100
805	38	80
805	39	80
805	40	70
806	1	70
806	2	70
806	3	90
806	4	90
806	5	110
806	6	70
806	7	90
806	8	20
806	9	90
806	10	0
806	11	90
806	12	20
806	13	110
806	14	70
806	15	40
806	16	90
806	17	70
806	18	50
806	19	50
806	20	20
806	21	70
806	22	90
806	23	90
806	24	0
806	25	20
806	26	20
806	27	40
806	28	20
806	29	110
806	30	70
806	31	90
806	32	70
806	33	70
806	34	70
806	35	20
806	36	50
806	37	90
806	38	70
806	39	70
806	40	50
807	1	50
807	2	20
807	3	40
807	4	130
807	5	90
807	6	70
807	7	90
807	8	90
807	9	50
807	10	50
807	11	110
807	12	70
807	13	40
807	14	70
807	15	70
807	16	70
807	17	50
807	18	70
807	19	70
807	20	70
807	21	90
807	22	90
807	23	90
807	24	70
807	25	90
807	26	70
807	27	110
807	28	50
807	29	90
807	30	50
807	31	80
807	32	70
807	33	50
807	34	70
807	35	110
807	36	50
807	37	70
807	38	70
807	39	70
807	40	20
808	1	70
808	2	60
808	3	50
808	4	80
808	5	100
808	6	70
808	7	80
808	8	20
808	9	80
808	10	10
808	11	70
808	12	20
808	13	80
808	14	50
808	15	0
808	16	90
808	17	80
808	18	60
808	19	60
808	20	10
808	21	50
808	22	80
808	23	70
808	24	0
808	25	10
808	26	20
808	27	50
808	28	0
808	29	80
808	30	80
808	31	80
808	32	60
808	33	80
808	34	80
808	35	10
808	36	60
808	37	80
808	38	60
808	39	80
808	40	50
809	1	70
809	2	60
809	3	70
809	4	80
809	5	80
809	6	50
809	7	60
809	8	0
809	9	100
809	10	10
809	11	90
809	12	20
809	13	100
809	14	50
809	15	20
809	16	90
809	17	60
809	18	60
809	19	60
809	20	30
809	21	50
809	22	80
809	23	90
809	24	0
809	25	10
809	26	20
809	27	30
809	28	20
809	29	100
809	30	60
809	31	80
809	32	80
809	33	60
809	34	80
809	35	10
809	36	60
809	37	100
809	38	60
809	39	80
809	40	50
810	1	70
810	2	40
810	3	60
810	4	130
810	5	110
810	6	70
810	7	90
810	8	90
810	9	70
810	10	50
810	11	110
810	12	90
810	13	60
810	14	70
810	15	90
810	16	90
810	17	70
810	18	70
810	19	70
810	20	70
810	21	90
810	22	110
810	23	110
810	24	70
810	25	110
810	26	90
810	27	110
810	28	50
810	29	90
810	30	70
810	31	80
810	32	70
810	33	50
810	34	90
810	35	110
810	36	70
810	37	90
810	38	70
810	39	90
810	40	40
811	1	70
811	2	50
811	3	60
811	4	100
811	5	110
811	6	70
811	7	90
811	8	50
811	9	90
811	10	70
811	11	90
811	12	90
811	13	80
811	14	90
811	15	110
811	16	90
811	17	70
811	18	80
811	19	60
811	20	70
811	21	70
811	22	110
811	23	110
811	24	50
811	25	90
811	26	70
811	27	80
811	28	90
811	29	130
811	30	80
811	31	40
811	32	70
811	33	70
811	34	90
811	35	70
811	36	70
811	37	110
811	38	90
811	39	70
811	40	20
812	1	70
812	2	60
812	3	50
812	4	60
812	5	70
812	6	70
812	7	80
812	8	20
812	9	70
812	10	10
812	11	50
812	12	0
812	13	50
812	14	50
812	15	0
812	16	70
812	17	70
812	18	60
812	19	60
812	20	0
812	21	50
812	22	60
812	23	50
812	24	0
812	25	0
812	26	20
812	27	30
812	28	0
812	29	60
812	30	80
812	31	50
812	32	60
812	33	70
812	34	50
812	35	0
812	36	50
812	37	50
812	38	50
812	39	70
812	40	50
813	1	50
813	2	70
813	3	90
813	4	90
813	5	90
813	6	70
813	7	90
813	8	40
813	9	70
813	10	0
813	11	90
813	12	0
813	13	90
813	14	70
813	15	40
813	16	50
813	17	70
813	18	50
813	19	70
813	20	40
813	21	90
813	22	70
813	23	70
813	24	20
813	25	20
813	26	0
813	27	40
813	28	20
813	29	90
813	30	70
813	31	90
813	32	90
813	33	70
813	34	50
813	35	40
813	36	50
813	37	70
813	38	70
813	39	50
813	40	50
814	1	70
814	2	50
814	3	90
814	4	90
814	5	90
814	6	90
814	7	90
814	8	40
814	9	90
814	10	0
814	11	110
814	12	20
814	13	90
814	14	50
814	15	20
814	16	90
814	17	70
814	18	70
814	19	50
814	20	20
814	21	70
814	22	70
814	23	110
814	24	0
814	25	20
814	26	40
814	27	60
814	28	20
814	29	90
814	30	70
814	31	90
814	32	70
814	33	70
814	34	70
814	35	20
814	36	50
814	37	90
814	38	50
814	39	90
814	40	70
815	1	50
815	2	10
815	3	20
815	4	120
815	5	70
815	6	70
815	7	70
815	8	90
815	9	50
815	10	50
815	11	110
815	12	70
815	13	20
815	14	50
815	15	50
815	16	70
815	17	50
815	18	80
815	19	80
815	20	70
815	21	70
815	22	70
815	23	90
815	24	70
815	25	70
815	26	70
815	27	120
815	28	50
815	29	70
815	30	60
815	31	60
815	32	70
815	33	50
815	34	70
815	35	90
815	36	50
815	37	70
815	38	50
815	39	70
815	40	20
816	1	50
816	2	80
816	3	90
816	4	100
816	5	100
816	6	90
816	7	100
816	8	60
816	9	60
816	10	10
816	11	90
816	12	20
816	13	80
816	14	50
816	15	20
816	16	50
816	17	100
816	18	80
816	19	80
816	20	30
816	21	90
816	22	80
816	23	90
816	24	20
816	25	50
816	26	20
816	27	70
816	28	0
816	29	60
816	30	100
816	31	100
816	32	80
816	33	80
816	34	80
816	35	50
816	36	80
816	37	80
816	38	60
816	39	80
816	40	90
817	1	50
817	2	30
817	3	40
817	4	120
817	5	120
817	6	70
817	7	100
817	8	90
817	9	80
817	10	60
817	11	110
817	12	70
817	13	70
817	14	70
817	15	90
817	16	70
817	17	80
817	18	60
817	19	80
817	20	100
817	21	70
817	22	100
817	23	90
817	24	70
817	25	80
817	26	50
817	27	120
817	28	70
817	29	120
817	30	80
817	31	70
817	32	100
817	33	80
817	34	80
817	35	100
817	36	60
817	37	100
817	38	80
817	39	60
817	40	0
818	1	70
818	2	80
818	3	70
818	4	80
818	5	100
818	6	70
818	7	80
818	8	40
818	9	80
818	10	10
818	11	70
818	12	20
818	13	80
818	14	50
818	15	20
818	16	70
818	17	100
818	18	60
818	19	80
818	20	30
818	21	50
818	22	80
818	23	70
818	24	20
818	25	30
818	26	20
818	27	50
818	28	0
818	29	60
818	30	100
818	31	80
818	32	80
818	33	80
818	34	80
818	35	30
818	36	80
818	37	80
818	38	60
818	39	80
818	40	70
819	1	50
819	2	80
819	3	90
819	4	120
819	5	80
819	6	70
819	7	100
819	8	40
819	9	60
819	10	10
819	11	90
819	12	0
819	13	80
819	14	70
819	15	20
819	16	50
819	17	60
819	18	80
819	19	80
819	20	30
819	21	90
819	22	80
819	23	70
819	24	20
819	25	50
819	26	20
819	27	50
819	28	0
819	29	80
819	30	60
819	31	120
819	32	80
819	33	60
819	34	60
819	35	70
819	36	60
819	37	60
819	38	80
819	39	80
819	40	70
820	1	70
820	2	50
820	3	60
820	4	120
820	5	130
820	6	70
820	7	100
820	8	90
820	9	90
820	10	60
820	11	110
820	12	90
820	13	80
820	14	70
820	15	110
820	16	90
820	17	90
820	18	60
820	19	80
820	20	90
820	21	70
820	22	120
820	23	110
820	24	70
820	25	90
820	26	70
820	27	120
820	28	70
820	29	120
820	30	100
820	31	60
820	32	100
820	33	70
820	34	90
820	35	90
820	36	70
820	37	110
820	38	70
820	39	70
820	40	20
821	1	70
821	2	80
821	3	90
821	4	120
821	5	110
821	6	90
821	7	120
821	8	40
821	9	70
821	10	10
821	11	90
821	12	20
821	13	90
821	14	70
821	15	20
821	16	90
821	17	70
821	18	80
821	19	60
821	20	0
821	21	90
821	22	100
821	23	90
821	24	0
821	25	40
821	26	40
821	27	70
821	28	0
821	29	100
821	30	80
821	31	110
821	32	60
821	33	70
821	34	70
821	35	40
821	36	50
821	37	70
821	38	70
821	39	90
821	40	70
822	1	70
822	2	60
822	3	50
822	4	60
822	5	70
822	6	70
822	7	70
822	8	20
822	9	70
822	10	0
822	11	50
822	12	0
822	13	50
822	14	50
822	15	0
822	16	70
822	17	70
822	18	60
822	19	60
822	20	0
822	21	50
822	22	50
822	23	50
822	24	0
822	25	0
822	26	20
822	27	30
822	28	0
822	29	50
822	30	80
822	31	50
822	32	50
822	33	70
822	34	50
822	35	0
822	36	50
822	37	50
822	38	50
822	39	70
822	40	50
823	1	70
823	2	10
823	3	40
823	4	100
823	5	90
823	6	90
823	7	100
823	8	90
823	9	90
823	10	60
823	11	110
823	12	70
823	13	40
823	14	50
823	15	70
823	16	90
823	17	70
823	18	80
823	19	60
823	20	70
823	21	70
823	22	80
823	23	110
823	24	50
823	25	70
823	26	90
823	27	120
823	28	70
823	29	100
823	30	80
823	31	40
823	32	80
823	33	70
823	34	70
823	35	70
823	36	50
823	37	90
823	38	50
823	39	90
823	40	20
824	1	50
824	2	10
824	3	0
824	4	60
824	5	80
824	6	70
824	7	80
824	8	70
824	9	60
824	10	60
824	11	50
824	12	50
824	13	10
824	14	50
824	15	50
824	16	50
824	17	80
824	18	60
824	19	60
824	20	60
824	21	70
824	22	60
824	23	50
824	24	50
824	25	60
824	26	50
824	27	80
824	28	50
824	29	60
824	30	80
824	31	10
824	32	60
824	33	80
824	34	60
824	35	60
824	36	60
824	37	60
824	38	60
824	39	60
824	40	0
825	1	50
825	2	30
825	3	40
825	4	100
825	5	90
825	6	70
825	7	100
825	8	90
825	9	70
825	10	60
825	11	90
825	12	50
825	13	40
825	14	70
825	15	90
825	16	50
825	17	70
825	18	60
825	19	80
825	20	90
825	21	90
825	22	80
825	23	70
825	24	70
825	25	70
825	26	50
825	27	100
825	28	70
825	29	100
825	30	80
825	31	40
825	32	100
825	33	70
825	34	50
825	35	90
825	36	50
825	37	70
825	38	70
825	39	50
825	40	0
826	1	70
826	2	40
826	3	80
826	4	110
826	5	130
826	6	110
826	7	130
826	8	90
826	9	90
826	10	70
826	11	110
826	12	90
826	13	80
826	14	90
826	15	110
826	16	90
826	17	90
826	18	90
826	19	50
826	20	70
826	21	90
826	22	110
826	23	130
826	24	50
826	25	110
826	26	90
826	27	110
826	28	90
826	29	130
826	30	90
826	31	60
826	32	70
826	33	90
826	34	90
826	35	90
826	36	70
826	37	110
826	38	90
826	39	90
826	40	40
827	1	70
827	2	30
827	3	40
827	4	100
827	5	70
827	6	70
827	7	100
827	8	70
827	9	70
827	10	60
827	11	70
827	12	50
827	13	20
827	14	70
827	15	70
827	16	70
827	17	50
827	18	80
827	19	60
827	20	50
827	21	90
827	22	80
827	23	70
827	24	50
827	25	90
827	26	90
827	27	80
827	28	50
827	29	80
827	30	60
827	31	40
827	32	60
827	33	50
827	34	50
827	35	90
827	36	50
827	37	50
827	38	70
827	39	90
827	40	20
828	1	70
828	2	100
828	3	110
828	4	120
828	5	120
828	6	90
828	7	120
828	8	20
828	9	80
828	10	30
828	11	90
828	12	40
828	13	120
828	14	90
828	15	40
828	16	90
828	17	80
828	18	100
828	19	60
828	20	10
828	21	90
828	22	120
828	23	110
828	24	0
828	25	70
828	26	40
828	27	50
828	28	20
828	29	120
828	30	80
828	31	120
828	32	60
828	33	80
828	34	100
828	35	50
828	36	80
828	37	100
828	38	100
828	39	100
828	40	90
829	1	50
829	2	80
829	3	70
829	4	100
829	5	90
829	6	50
829	7	70
829	8	0
829	9	50
829	10	0
829	11	70
829	12	20
829	13	90
829	14	70
829	15	20
829	16	70
829	17	50
829	18	60
829	19	60
829	20	0
829	21	90
829	22	90
829	23	70
829	24	0
829	25	20
829	26	0
829	27	30
829	28	0
829	29	90
829	30	60
829	31	90
829	32	50
829	33	50
829	34	70
829	35	20
829	36	50
829	37	70
829	38	70
829	39	50
829	40	50
830	1	50
830	2	0
830	3	20
830	4	90
830	5	90
830	6	70
830	7	70
830	8	90
830	9	70
830	10	50
830	11	110
830	12	70
830	13	40
830	14	50
830	15	70
830	16	70
830	17	70
830	18	50
830	19	70
830	20	90
830	21	70
830	22	70
830	23	90
830	24	70
830	25	50
830	26	50
830	27	110
830	28	70
830	29	90
830	30	70
830	31	40
830	32	90
830	33	70
830	34	70
830	35	70
830	36	50
830	37	90
830	38	50
830	39	50
830	40	0
831	1	50
831	2	70
831	3	110
831	4	110
831	5	90
831	6	70
831	7	90
831	8	20
831	9	70
831	10	0
831	11	110
831	12	20
831	13	110
831	14	70
831	15	40
831	16	70
831	17	50
831	18	70
831	19	50
831	20	20
831	21	110
831	22	90
831	23	110
831	24	0
831	25	40
831	26	20
831	27	40
831	28	20
831	29	110
831	30	50
831	31	110
831	32	70
831	33	50
831	34	70
831	35	40
831	36	50
831	37	90
831	38	70
831	39	70
831	40	70
832	1	70
832	2	60
832	3	70
832	4	100
832	5	90
832	6	90
832	7	100
832	8	40
832	9	70
832	10	10
832	11	90
832	12	20
832	13	70
832	14	50
832	15	0
832	16	90
832	17	70
832	18	80
832	19	60
832	20	0
832	21	70
832	22	80
832	23	90
832	24	0
832	25	20
832	26	40
832	27	70
832	28	0
832	29	80
832	30	80
832	31	90
832	32	60
832	33	70
832	34	70
832	35	20
832	36	50
832	37	70
832	38	50
832	39	90
832	40	70
833	1	70
833	2	80
833	3	90
833	4	100
833	5	90
833	6	50
833	7	80
833	8	0
833	9	90
833	10	10
833	11	90
833	12	20
833	13	110
833	14	70
833	15	40
833	16	90
833	17	50
833	18	60
833	19	60
833	20	20
833	21	70
833	22	100
833	23	90
833	24	0
833	25	20
833	26	20
833	27	30
833	28	20
833	29	120
833	30	60
833	31	90
833	32	80
833	33	50
833	34	70
833	35	20
833	36	50
833	37	90
833	38	70
833	39	70
833	40	50
834	1	70
834	2	70
834	3	70
834	4	50
834	5	70
834	6	70
834	7	70
834	8	0
834	9	70
834	10	20
834	11	50
834	12	20
834	13	70
834	14	70
834	15	20
834	16	70
834	17	70
834	18	70
834	19	50
834	20	0
834	21	50
834	22	70
834	23	70
834	24	0
834	25	20
834	26	20
834	27	0
834	28	20
834	29	70
834	30	70
834	31	50
834	32	50
834	33	70
834	34	70
834	35	0
834	36	70
834	37	70
834	38	70
834	39	70
834	40	70
835	1	70
835	2	70
835	3	70
835	4	70
835	5	70
835	6	50
835	7	70
835	8	0
835	9	70
835	10	0
835	11	50
835	12	0
835	13	70
835	14	70
835	15	20
835	16	70
835	17	50
835	18	50
835	19	50
835	20	0
835	21	70
835	22	70
835	23	50
835	24	0
835	25	20
835	26	20
835	27	0
835	28	0
835	29	70
835	30	50
835	31	70
835	32	50
835	33	50
835	34	50
835	35	20
835	36	50
835	37	50
835	38	70
835	39	70
835	40	50
836	1	70
836	2	30
836	3	60
836	4	120
836	5	100
836	6	70
836	7	100
836	8	70
836	9	100
836	10	60
836	11	110
836	12	70
836	13	70
836	14	70
836	15	90
836	16	90
836	17	60
836	18	80
836	19	60
836	20	80
836	21	90
836	22	100
836	23	110
836	24	50
836	25	100
836	26	90
836	27	100
836	28	70
836	29	120
836	30	60
836	31	70
836	32	80
836	33	60
836	34	80
836	35	100
836	36	60
836	37	100
836	38	80
836	39	100
836	40	20
837	1	70
837	2	10
837	3	40
837	4	100
837	5	70
837	6	70
837	7	80
837	8	70
837	9	90
837	10	60
837	11	110
837	12	70
837	13	40
837	14	50
837	15	70
837	16	90
837	17	50
837	18	80
837	19	60
837	20	70
837	21	70
837	22	80
837	23	110
837	24	50
837	25	70
837	26	90
837	27	100
837	28	70
837	29	100
837	30	60
837	31	40
837	32	80
837	33	50
837	34	70
837	35	70
837	36	50
837	37	90
837	38	50
837	39	90
837	40	20
838	1	50
838	2	30
838	3	20
838	4	100
838	5	90
838	6	50
838	7	50
838	8	70
838	9	50
838	10	50
838	11	90
838	12	90
838	13	40
838	14	50
838	15	70
838	16	70
838	17	70
838	18	60
838	19	80
838	20	70
838	21	70
838	22	90
838	23	90
838	24	70
838	25	70
838	26	50
838	27	100
838	28	50
838	29	70
838	30	80
838	31	40
838	32	70
838	33	50
838	34	90
838	35	70
838	36	70
838	37	90
838	38	50
838	39	50
838	40	20
839	1	70
839	2	30
839	3	60
839	4	120
839	5	90
839	6	70
839	7	90
839	8	70
839	9	90
839	10	50
839	11	110
839	12	70
839	13	60
839	14	70
839	15	90
839	16	90
839	17	50
839	18	80
839	19	60
839	20	70
839	21	90
839	22	90
839	23	110
839	24	50
839	25	90
839	26	90
839	27	100
839	28	70
839	29	110
839	30	60
839	31	60
839	32	70
839	33	50
839	34	70
839	35	90
839	36	50
839	37	90
839	38	70
839	39	90
839	40	20
840	1	70
840	2	80
840	3	90
840	4	100
840	5	110
840	6	70
840	7	100
840	8	20
840	9	90
840	10	10
840	11	90
840	12	20
840	13	110
840	14	70
840	15	40
840	16	90
840	17	70
840	18	60
840	19	60
840	20	20
840	21	70
840	22	100
840	23	90
840	24	0
840	25	20
840	26	20
840	27	50
840	28	20
840	29	120
840	30	80
840	31	90
840	32	80
840	33	70
840	34	70
840	35	20
840	36	50
840	37	90
840	38	70
840	39	70
840	40	50
841	1	50
841	2	60
841	3	50
841	4	100
841	5	100
841	6	70
841	7	80
841	8	40
841	9	60
841	10	10
841	11	90
841	12	20
841	13	80
841	14	50
841	15	0
841	16	70
841	17	80
841	18	60
841	19	80
841	20	30
841	21	70
841	22	80
841	23	70
841	24	20
841	25	10
841	26	0
841	27	70
841	28	0
841	29	80
841	30	80
841	31	100
841	32	80
841	33	80
841	34	80
841	35	30
841	36	60
841	37	80
841	38	60
841	39	60
841	40	50
842	1	50
842	2	10
842	3	20
842	4	100
842	5	70
842	6	50
842	7	60
842	8	70
842	9	70
842	10	60
842	11	110
842	12	70
842	13	40
842	14	50
842	15	70
842	16	70
842	17	50
842	18	60
842	19	80
842	20	90
842	21	50
842	22	80
842	23	90
842	24	70
842	25	50
842	26	50
842	27	100
842	28	70
842	29	100
842	30	60
842	31	40
842	32	100
842	33	50
842	34	70
842	35	70
842	36	50
842	37	90
842	38	50
842	39	50
842	40	0
843	1	70
843	2	30
843	3	60
843	4	100
843	5	90
843	6	90
843	7	110
843	8	90
843	9	90
843	10	50
843	11	90
843	12	50
843	13	40
843	14	70
843	15	90
843	16	70
843	17	70
843	18	80
843	19	60
843	20	70
843	21	90
843	22	70
843	23	90
843	24	50
843	25	90
843	26	90
843	27	100
843	28	70
843	29	90
843	30	80
843	31	40
843	32	70
843	33	70
843	34	50
843	35	90
843	36	50
843	37	70
843	38	70
843	39	90
843	40	20
844	1	50
844	2	80
844	3	90
844	4	80
844	5	70
844	6	50
844	7	80
844	8	0
844	9	70
844	10	10
844	11	70
844	12	0
844	13	90
844	14	70
844	15	40
844	16	50
844	17	50
844	18	60
844	19	60
844	20	20
844	21	90
844	22	80
844	23	70
844	24	0
844	25	20
844	26	0
844	27	10
844	28	20
844	29	100
844	30	60
844	31	70
844	32	80
844	33	50
844	34	50
844	35	20
844	36	50
844	37	70
844	38	70
844	39	50
844	40	50
845	1	70
845	2	10
845	3	40
845	4	100
845	5	90
845	6	90
845	7	100
845	8	90
845	9	90
845	10	60
845	11	110
845	12	70
845	13	40
845	14	50
845	15	70
845	16	90
845	17	70
845	18	80
845	19	60
845	20	70
845	21	70
845	22	80
845	23	110
845	24	50
845	25	70
845	26	90
845	27	120
845	28	70
845	29	100
845	30	80
845	31	40
845	32	80
845	33	70
845	34	70
845	35	70
845	36	50
845	37	90
845	38	50
845	39	90
845	40	20
846	1	50
846	2	80
846	3	90
846	4	120
846	5	80
846	6	70
846	7	100
846	8	40
846	9	60
846	10	10
846	11	90
846	12	0
846	13	80
846	14	70
846	15	20
846	16	50
846	17	60
846	18	80
846	19	80
846	20	30
846	21	90
846	22	80
846	23	70
846	24	20
846	25	50
846	26	20
846	27	50
846	28	0
846	29	80
846	30	60
846	31	120
846	32	80
846	33	60
846	34	60
846	35	70
846	36	60
846	37	60
846	38	80
846	39	80
846	40	70
847	1	70
847	2	10
847	3	40
847	4	80
847	5	80
847	6	90
847	7	100
847	8	90
847	9	100
847	10	60
847	11	90
847	12	50
847	13	30
847	14	50
847	15	70
847	16	70
847	17	80
847	18	80
847	19	60
847	20	80
847	21	70
847	22	60
847	23	90
847	24	50
847	25	80
847	26	90
847	27	100
847	28	70
847	29	80
847	30	80
847	31	30
847	32	80
847	33	80
847	34	60
847	35	80
847	36	60
847	37	80
847	38	60
847	39	100
847	40	20
848	1	70
848	2	60
848	3	90
848	4	100
848	5	90
848	6	90
848	7	100
848	8	40
848	9	90
848	10	10
848	11	110
848	12	20
848	13	90
848	14	50
848	15	20
848	16	90
848	17	70
848	18	80
848	19	60
848	20	20
848	21	70
848	22	80
848	23	110
848	24	0
848	25	20
848	26	40
848	27	70
848	28	20
848	29	100
848	30	80
848	31	90
848	32	80
848	33	70
848	34	70
848	35	20
848	36	50
848	37	90
848	38	50
848	39	90
848	40	70
849	1	50
849	2	80
849	3	110
849	4	140
849	5	90
849	6	70
849	7	90
849	8	40
849	9	70
849	10	0
849	11	130
849	12	20
849	13	110
849	14	70
849	15	40
849	16	70
849	17	50
849	18	80
849	19	80
849	20	40
849	21	110
849	22	90
849	23	110
849	24	20
849	25	40
849	26	20
849	27	70
849	28	20
849	29	110
849	30	60
849	31	130
849	32	90
849	33	50
849	34	70
849	35	60
849	36	50
849	37	90
849	38	70
849	39	70
849	40	70
850	1	50
850	2	50
850	3	40
850	4	120
850	5	140
850	6	70
850	7	100
850	8	90
850	9	60
850	10	60
850	11	90
850	12	90
850	13	70
850	14	70
850	15	90
850	16	70
850	17	100
850	18	60
850	19	80
850	20	80
850	21	90
850	22	120
850	23	90
850	24	70
850	25	100
850	26	50
850	27	120
850	28	50
850	29	100
850	30	100
850	31	70
850	32	80
850	33	80
850	34	100
850	35	100
850	36	80
850	37	100
850	38	80
850	39	60
850	40	20
851	1	70
851	2	20
851	3	20
851	4	50
851	5	70
851	6	70
851	7	70
851	8	50
851	9	70
851	10	70
851	11	50
851	12	70
851	13	20
851	14	70
851	15	70
851	16	70
851	17	70
851	18	70
851	19	50
851	20	50
851	21	50
851	22	70
851	23	70
851	24	50
851	25	70
851	26	70
851	27	50
851	28	70
851	29	70
851	30	70
851	31	0
851	32	50
851	33	70
851	34	70
851	35	50
851	36	70
851	37	70
851	38	70
851	39	70
851	40	20
852	1	50
852	2	70
852	3	90
852	4	90
852	5	90
852	6	90
852	7	90
852	8	60
852	9	50
852	10	0
852	11	90
852	12	20
852	13	70
852	14	50
852	15	20
852	16	50
852	17	90
852	18	70
852	19	70
852	20	20
852	21	90
852	22	70
852	23	90
852	24	20
852	25	40
852	26	20
852	27	60
852	28	0
852	29	50
852	30	90
852	31	90
852	32	70
852	33	70
852	34	70
852	35	40
852	36	70
852	37	70
852	38	50
852	39	70
852	40	90
853	1	70
853	2	60
853	3	50
853	4	80
853	5	70
853	6	50
853	7	50
853	8	0
853	9	70
853	10	0
853	11	70
853	12	20
853	13	70
853	14	50
853	15	0
853	16	90
853	17	50
853	18	60
853	19	60
853	20	0
853	21	50
853	22	70
853	23	70
853	24	0
853	25	0
853	26	20
853	27	30
853	28	0
853	29	70
853	30	60
853	31	70
853	32	50
853	33	50
853	34	70
853	35	0
853	36	50
853	37	70
853	38	50
853	39	70
853	40	50
854	1	50
854	2	0
854	3	0
854	4	50
854	5	50
854	6	50
854	7	50
854	8	50
854	9	50
854	10	50
854	11	50
854	12	50
854	13	0
854	14	50
854	15	50
854	16	50
854	17	50
854	18	50
854	19	50
854	20	50
854	21	70
854	22	50
854	23	50
854	24	50
854	25	50
854	26	50
854	27	50
854	28	50
854	29	50
854	30	50
854	31	0
854	32	50
854	33	50
854	34	50
854	35	50
854	36	50
854	37	50
854	38	50
854	39	50
854	40	0
855	1	70
855	2	30
855	3	40
855	4	80
855	5	70
855	6	50
855	7	60
855	8	70
855	9	90
855	10	60
855	11	90
855	12	70
855	13	40
855	14	50
855	15	90
855	16	70
855	17	70
855	18	60
855	19	80
855	20	90
855	21	50
855	22	80
855	23	90
855	24	70
855	25	70
855	26	70
855	27	80
855	28	70
855	29	80
855	30	80
855	31	20
855	32	100
855	33	50
855	34	70
855	35	70
855	36	70
855	37	90
855	38	50
855	39	70
855	40	20
856	1	70
856	2	50
856	3	80
856	4	140
856	5	130
856	6	90
856	7	120
856	8	110
856	9	90
856	10	60
856	11	130
856	12	90
856	13	80
856	14	70
856	15	110
856	16	90
856	17	90
856	18	80
856	19	80
856	20	90
856	21	90
856	22	120
856	23	130
856	24	70
856	25	110
856	26	90
856	27	140
856	28	70
856	29	120
856	30	100
856	31	80
856	32	100
856	33	70
856	34	90
856	35	110
856	36	70
856	37	110
856	38	70
856	39	90
856	40	40
857	1	70
857	2	50
857	3	70
857	4	70
857	5	90
857	6	70
857	7	70
857	8	20
857	9	90
857	10	0
857	11	90
857	12	20
857	13	90
857	14	50
857	15	20
857	16	90
857	17	70
857	18	50
857	19	50
857	20	20
857	21	50
857	22	70
857	23	90
857	24	0
857	25	0
857	26	20
857	27	40
857	28	20
857	29	90
857	30	70
857	31	70
857	32	70
857	33	70
857	34	70
857	35	0
857	36	50
857	37	90
857	38	50
857	39	70
857	40	50
858	1	50
858	2	30
858	3	40
858	4	80
858	5	70
858	6	50
858	7	50
858	8	70
858	9	70
858	10	50
858	11	90
858	12	70
858	13	40
858	14	50
858	15	90
858	16	50
858	17	70
858	18	60
858	19	80
858	20	90
858	21	70
858	22	70
858	23	90
858	24	70
858	25	70
858	26	50
858	27	80
858	28	70
858	29	70
858	30	80
858	31	20
858	32	90
858	33	50
858	34	70
858	35	70
858	36	70
858	37	90
858	38	50
858	39	50
858	40	20
859	1	50
859	2	50
859	3	60
859	4	100
859	5	110
859	6	70
859	7	100
859	8	90
859	9	70
859	10	60
859	11	90
859	12	70
859	13	60
859	14	70
859	15	110
859	16	50
859	17	90
859	18	60
859	19	80
859	20	90
859	21	90
859	22	100
859	23	90
859	24	70
859	25	90
859	26	50
859	27	100
859	28	70
859	29	100
859	30	100
859	31	40
859	32	100
859	33	70
859	34	70
859	35	90
859	36	70
859	37	90
859	38	70
859	39	50
859	40	20
860	1	70
860	2	90
860	3	110
860	4	110
860	5	110
860	6	90
860	7	110
860	8	60
860	9	70
860	10	0
860	11	90
860	12	20
860	13	90
860	14	70
860	15	40
860	16	70
860	17	90
860	18	70
860	19	70
860	20	20
860	21	90
860	22	90
860	23	90
860	24	20
860	25	60
860	26	40
860	27	60
860	28	0
860	29	70
860	30	90
860	31	110
860	32	70
860	33	70
860	34	70
860	35	60
860	36	70
860	37	70
860	38	70
860	39	90
860	40	90
861	1	70
861	2	70
861	3	90
861	4	90
861	5	110
861	6	70
861	7	90
861	8	20
861	9	90
861	10	0
861	11	90
861	12	20
861	13	110
861	14	70
861	15	40
861	16	90
861	17	70
861	18	50
861	19	50
861	20	20
861	21	70
861	22	90
861	23	90
861	24	0
861	25	20
861	26	20
861	27	40
861	28	20
861	29	110
861	30	70
861	31	90
861	32	70
861	33	70
861	34	70
861	35	20
861	36	50
861	37	90
861	38	70
861	39	70
861	40	50
862	1	50
862	2	0
862	3	20
862	4	110
862	5	70
862	6	70
862	7	70
862	8	90
862	9	50
862	10	50
862	11	110
862	12	70
862	13	20
862	14	50
862	15	50
862	16	70
862	17	50
862	18	70
862	19	70
862	20	70
862	21	70
862	22	70
862	23	90
862	24	70
862	25	70
862	26	70
862	27	110
862	28	50
862	29	70
862	30	50
862	31	60
862	32	70
862	33	50
862	34	70
862	35	90
862	36	50
862	37	70
862	38	50
862	39	70
862	40	20
863	1	50
863	2	60
863	3	90
863	4	100
863	5	70
863	6	70
863	7	80
863	8	20
863	9	70
863	10	10
863	11	110
863	12	20
863	13	90
863	14	50
863	15	20
863	16	70
863	17	50
863	18	80
863	19	60
863	20	20
863	21	90
863	22	80
863	23	110
863	24	0
863	25	20
863	26	20
863	27	50
863	28	20
863	29	100
863	30	60
863	31	90
863	32	80
863	33	50
863	34	70
863	35	20
863	36	50
863	37	90
863	38	50
863	39	70
863	40	70
864	1	50
864	2	10
864	3	20
864	4	100
864	5	70
864	6	70
864	7	70
864	8	70
864	9	50
864	10	50
864	11	90
864	12	70
864	13	20
864	14	50
864	15	50
864	16	70
864	17	50
864	18	80
864	19	60
864	20	50
864	21	90
864	22	70
864	23	90
864	24	50
864	25	70
864	26	70
864	27	100
864	28	50
864	29	70
864	30	60
864	31	40
864	32	50
864	33	50
864	34	70
864	35	70
864	36	50
864	37	70
864	38	50
864	39	70
864	40	20
865	1	50
865	2	0
865	3	40
865	4	90
865	5	50
865	6	70
865	7	70
865	8	90
865	9	70
865	10	50
865	11	110
865	12	50
865	13	20
865	14	50
865	15	70
865	16	50
865	17	50
865	18	70
865	19	70
865	20	90
865	21	70
865	22	50
865	23	90
865	24	70
865	25	70
865	26	70
865	27	90
865	28	70
865	29	70
865	30	50
865	31	40
865	32	90
865	33	50
865	34	50
865	35	90
865	36	50
865	37	70
865	38	50
865	39	70
865	40	20
866	1	50
866	2	10
866	3	40
866	4	120
866	5	70
866	6	70
866	7	70
866	8	90
866	9	70
866	10	50
866	11	130
866	12	70
866	13	40
866	14	50
866	15	70
866	16	70
866	17	50
866	18	80
866	19	80
866	20	90
866	21	70
866	22	70
866	23	110
866	24	70
866	25	70
866	26	70
866	27	120
866	28	70
866	29	90
866	30	60
866	31	60
866	32	90
866	33	50
866	34	70
866	35	90
866	36	50
866	37	90
866	38	50
866	39	70
866	40	20
867	1	50
867	2	50
867	3	70
867	4	90
867	5	50
867	6	70
867	7	70
867	8	40
867	9	50
867	10	0
867	11	90
867	12	0
867	13	50
867	14	50
867	15	0
867	16	50
867	17	50
867	18	70
867	19	70
867	20	20
867	21	90
867	22	50
867	23	70
867	24	20
867	25	20
867	26	20
867	27	40
867	28	0
867	29	50
867	30	50
867	31	90
867	32	70
867	33	50
867	34	50
867	35	40
867	36	50
867	37	50
867	38	50
867	39	70
867	40	70
868	1	70
868	2	30
868	3	20
868	4	60
868	5	70
868	6	70
868	7	80
868	8	50
868	9	70
868	10	80
868	11	50
868	12	70
868	13	20
868	14	70
868	15	70
868	16	70
868	17	70
868	18	80
868	19	60
868	20	50
868	21	50
868	22	80
868	23	70
868	24	50
868	25	70
868	26	70
868	27	60
868	28	70
868	29	80
868	30	80
868	31	0
868	32	60
868	33	70
868	34	70
868	35	50
868	36	70
868	37	70
868	38	70
868	39	70
868	40	20
869	1	50
869	2	80
869	3	70
869	4	100
869	5	100
869	6	70
869	7	100
869	8	40
869	9	60
869	10	10
869	11	70
869	12	0
869	13	80
869	14	70
869	15	20
869	16	50
869	17	80
869	18	60
869	19	80
869	20	30
869	21	90
869	22	80
869	23	50
869	24	20
869	25	30
869	26	0
869	27	50
869	28	0
869	29	80
869	30	80
869	31	100
869	32	80
869	33	80
869	34	60
869	35	50
869	36	60
869	37	60
869	38	80
869	39	60
869	40	50
870	1	70
870	2	0
870	3	40
870	4	90
870	5	90
870	6	90
870	7	90
870	8	90
870	9	90
870	10	50
870	11	110
870	12	70
870	13	40
870	14	50
870	15	70
870	16	90
870	17	70
870	18	70
870	19	50
870	20	70
870	21	70
870	22	70
870	23	110
870	24	50
870	25	70
870	26	90
870	27	110
870	28	70
870	29	90
870	30	70
870	31	40
870	32	70
870	33	70
870	34	70
870	35	70
870	36	50
870	37	90
870	38	50
870	39	90
870	40	20
871	1	70
871	2	30
871	3	40
871	4	120
871	5	90
871	6	70
871	7	90
871	8	70
871	9	70
871	10	50
871	11	90
871	12	70
871	13	40
871	14	70
871	15	70
871	16	90
871	17	50
871	18	80
871	19	60
871	20	50
871	21	90
871	22	90
871	23	90
871	24	50
871	25	90
871	26	90
871	27	100
871	28	50
871	29	90
871	30	60
871	31	60
871	32	50
871	33	50
871	34	70
871	35	90
871	36	50
871	37	70
871	38	70
871	39	90
871	40	20
872	1	70
872	2	20
872	3	40
872	4	90
872	5	90
872	6	90
872	7	90
872	8	110
872	9	70
872	10	50
872	11	90
872	12	70
872	13	20
872	14	50
872	15	70
872	16	70
872	17	90
872	18	70
872	19	70
872	20	70
872	21	70
872	22	70
872	23	90
872	24	70
872	25	90
872	26	90
872	27	110
872	28	50
872	29	50
872	30	90
872	31	40
872	32	70
872	33	70
872	34	70
872	35	90
872	36	70
872	37	70
872	38	50
872	39	90
872	40	40
873	1	70
873	2	10
873	3	40
873	4	100
873	5	100
873	6	90
873	7	100
873	8	90
873	9	100
873	10	60
873	11	110
873	12	70
873	13	50
873	14	50
873	15	70
873	16	90
873	17	80
873	18	80
873	19	60
873	20	80
873	21	70
873	22	80
873	23	110
873	24	50
873	25	80
873	26	90
873	27	120
873	28	70
873	29	100
873	30	80
873	31	50
873	32	80
873	33	80
873	34	80
873	35	80
873	36	60
873	37	100
873	38	60
873	39	100
873	40	20
874	1	70
874	2	100
874	3	130
874	4	120
874	5	120
874	6	90
874	7	120
874	8	20
874	9	100
874	10	30
874	11	110
874	12	40
874	13	140
874	14	90
874	15	60
874	16	90
874	17	80
874	18	100
874	19	60
874	20	30
874	21	90
874	22	120
874	23	130
874	24	0
874	25	70
874	26	40
874	27	50
874	28	40
874	29	140
874	30	80
874	31	120
874	32	80
874	33	80
874	34	100
874	35	50
874	36	80
874	37	120
874	38	100
874	39	100
874	40	90
875	1	70
875	2	80
875	3	110
875	4	100
875	5	70
875	6	70
875	7	90
875	8	20
875	9	90
875	10	0
875	11	90
875	12	0
875	13	90
875	14	70
875	15	40
875	16	70
875	17	50
875	18	80
875	19	60
875	20	20
875	21	90
875	22	70
875	23	90
875	24	0
875	25	40
875	26	40
875	27	30
875	28	20
875	29	90
875	30	60
875	31	90
875	32	70
875	33	50
875	34	50
875	35	40
875	36	50
875	37	70
875	38	70
875	39	90
875	40	70
876	1	70
876	2	0
876	3	20
876	4	70
876	5	70
876	6	50
876	7	50
876	8	50
876	9	90
876	10	50
876	11	90
876	12	70
876	13	40
876	14	50
876	15	70
876	16	90
876	17	50
876	18	50
876	19	50
876	20	70
876	21	50
876	22	70
876	23	90
876	24	50
876	25	50
876	26	70
876	27	70
876	28	70
876	29	90
876	30	50
876	31	20
876	32	70
876	33	50
876	34	70
876	35	50
876	36	50
876	37	90
876	38	50
876	39	70
876	40	0
877	1	70
877	2	50
877	3	80
877	4	100
877	5	110
877	6	110
877	7	140
877	8	90
877	9	90
877	10	80
877	11	90
877	12	70
877	13	60
877	14	90
877	15	110
877	16	70
877	17	90
877	18	100
877	19	60
877	20	70
877	21	90
877	22	100
877	23	110
877	24	50
877	25	110
877	26	90
877	27	100
877	28	90
877	29	120
877	30	100
877	31	40
877	32	80
877	33	90
877	34	70
877	35	90
877	36	70
877	37	90
877	38	90
877	39	90
877	40	40
878	1	50
878	2	50
878	3	60
878	4	100
878	5	90
878	6	50
878	7	70
878	8	70
878	9	70
878	10	50
878	11	90
878	12	70
878	13	60
878	14	70
878	15	110
878	16	50
878	17	70
878	18	60
878	19	80
878	20	90
878	21	90
878	22	90
878	23	90
878	24	70
878	25	90
878	26	50
878	27	80
878	28	70
878	29	90
878	30	80
878	31	40
878	32	90
878	33	50
878	34	70
878	35	90
878	36	70
878	37	90
878	38	70
878	39	50
878	40	20
879	1	70
879	2	30
879	3	60
879	4	100
879	5	90
879	6	90
879	7	120
879	8	90
879	9	90
879	10	60
879	11	90
879	12	50
879	13	40
879	14	70
879	15	90
879	16	70
879	17	70
879	18	80
879	19	60
879	20	70
879	21	90
879	22	80
879	23	90
879	24	50
879	25	90
879	26	90
879	27	100
879	28	70
879	29	100
879	30	80
879	31	40
879	32	80
879	33	70
879	34	50
879	35	90
879	36	50
879	37	70
879	38	70
879	39	90
879	40	20
880	1	50
880	2	80
880	3	110
880	4	120
880	5	90
880	6	90
880	7	120
880	8	60
880	9	70
880	10	10
880	11	110
880	12	0
880	13	90
880	14	70
880	15	40
880	16	50
880	17	70
880	18	80
880	19	80
880	20	40
880	21	110
880	22	80
880	23	90
880	24	20
880	25	40
880	26	20
880	27	70
880	28	20
880	29	100
880	30	80
880	31	110
880	32	100
880	33	70
880	34	50
880	35	60
880	36	50
880	37	70
880	38	70
880	39	70
880	40	70
881	1	70
881	2	50
881	3	50
881	4	50
881	5	50
881	6	50
881	7	50
881	8	0
881	9	70
881	10	0
881	11	50
881	12	0
881	13	50
881	14	50
881	15	0
881	16	70
881	17	50
881	18	50
881	19	50
881	20	0
881	21	50
881	22	50
881	23	50
881	24	0
881	25	0
881	26	20
881	27	0
881	28	0
881	29	50
881	30	50
881	31	50
881	32	50
881	33	50
881	34	50
881	35	0
881	36	50
881	37	50
881	38	50
881	39	70
881	40	50
882	1	50
882	2	50
882	3	60
882	4	120
882	5	100
882	6	70
882	7	100
882	8	90
882	9	60
882	10	60
882	11	90
882	12	70
882	13	50
882	14	70
882	15	90
882	16	50
882	17	80
882	18	80
882	19	80
882	20	80
882	21	110
882	22	100
882	23	90
882	24	70
882	25	120
882	26	70
882	27	100
882	28	50
882	29	80
882	30	80
882	31	70
882	32	80
882	33	60
882	34	80
882	35	120
882	36	80
882	37	80
882	38	80
882	39	80
882	40	40
883	1	50
883	2	30
883	3	60
883	4	140
883	5	90
883	6	70
883	7	90
883	8	90
883	9	70
883	10	50
883	11	130
883	12	70
883	13	60
883	14	70
883	15	90
883	16	70
883	17	50
883	18	80
883	19	80
883	20	90
883	21	110
883	22	90
883	23	110
883	24	70
883	25	90
883	26	70
883	27	120
883	28	70
883	29	110
883	30	60
883	31	80
883	32	90
883	33	50
883	34	70
883	35	110
883	36	50
883	37	90
883	38	70
883	39	70
883	40	20
884	1	50
884	2	10
884	3	20
884	4	100
884	5	70
884	6	90
884	7	100
884	8	110
884	9	50
884	10	60
884	11	90
884	12	50
884	13	0
884	14	50
884	15	50
884	16	50
884	17	70
884	18	80
884	19	80
884	20	70
884	21	90
884	22	60
884	23	70
884	24	70
884	25	70
884	26	70
884	27	120
884	28	50
884	29	60
884	30	80
884	31	40
884	32	80
884	33	70
884	34	50
884	35	90
884	36	50
884	37	50
884	38	50
884	39	70
884	40	20
885	1	50
885	2	30
885	3	60
885	4	120
885	5	90
885	6	70
885	7	100
885	8	70
885	9	70
885	10	60
885	11	110
885	12	70
885	13	60
885	14	70
885	15	90
885	16	70
885	17	50
885	18	80
885	19	60
885	20	70
885	21	110
885	22	100
885	23	110
885	24	50
885	25	90
885	26	70
885	27	100
885	28	70
885	29	120
885	30	60
885	31	60
885	32	80
885	33	50
885	34	70
885	35	90
885	36	50
885	37	90
885	38	70
885	39	70
885	40	20
886	1	70
886	2	30
886	3	40
886	4	100
886	5	90
886	6	90
886	7	110
886	8	90
886	9	70
886	10	50
886	11	70
886	12	50
886	13	20
886	14	70
886	15	70
886	16	70
886	17	70
886	18	80
886	19	60
886	20	50
886	21	90
886	22	70
886	23	70
886	24	50
886	25	90
886	26	90
886	27	100
886	28	50
886	29	70
886	30	80
886	31	40
886	32	50
886	33	70
886	34	50
886	35	90
886	36	50
886	37	50
886	38	70
886	39	90
886	40	20
887	1	70
887	2	40
887	3	60
887	4	90
887	5	110
887	6	70
887	7	90
887	8	90
887	9	90
887	10	50
887	11	90
887	12	70
887	13	60
887	14	70
887	15	110
887	16	70
887	17	90
887	18	50
887	19	70
887	20	90
887	21	70
887	22	90
887	23	90
887	24	70
887	25	90
887	26	70
887	27	90
887	28	70
887	29	90
887	30	90
887	31	40
887	32	90
887	33	70
887	34	70
887	35	90
887	36	70
887	37	90
887	38	70
887	39	70
887	40	20
888	1	70
888	2	30
888	3	40
888	4	100
888	5	70
888	6	70
888	7	100
888	8	70
888	9	70
888	10	60
888	11	70
888	12	50
888	13	20
888	14	70
888	15	70
888	16	70
888	17	50
888	18	80
888	19	60
888	20	50
888	21	90
888	22	80
888	23	70
888	24	50
888	25	90
888	26	90
888	27	80
888	28	50
888	29	80
888	30	60
888	31	40
888	32	60
888	33	50
888	34	50
888	35	90
888	36	50
888	37	50
888	38	70
888	39	90
888	40	20
889	1	70
889	2	20
889	3	40
889	4	70
889	5	110
889	6	90
889	7	90
889	8	70
889	9	90
889	10	70
889	11	90
889	12	90
889	13	60
889	14	70
889	15	90
889	16	90
889	17	90
889	18	70
889	19	50
889	20	70
889	21	50
889	22	90
889	23	110
889	24	50
889	25	70
889	26	70
889	27	90
889	28	90
889	29	110
889	30	90
889	31	20
889	32	70
889	33	90
889	34	90
889	35	50
889	36	70
889	37	110
889	38	70
889	39	70
889	40	20
890	1	70
890	2	80
890	3	110
890	4	100
890	5	70
890	6	70
890	7	90
890	8	20
890	9	90
890	10	0
890	11	90
890	12	0
890	13	90
890	14	70
890	15	40
890	16	70
890	17	50
890	18	80
890	19	60
890	20	20
890	21	90
890	22	70
890	23	90
890	24	0
890	25	40
890	26	40
890	27	30
890	28	20
890	29	90
890	30	60
890	31	90
890	32	70
890	33	50
890	34	50
890	35	40
890	36	50
890	37	70
890	38	70
890	39	90
890	40	70
891	1	50
891	2	80
891	3	90
891	4	100
891	5	110
891	6	70
891	7	70
891	8	40
891	9	70
891	10	0
891	11	110
891	12	40
891	13	110
891	14	50
891	15	40
891	16	70
891	17	90
891	18	60
891	19	80
891	20	40
891	21	70
891	22	90
891	23	110
891	24	20
891	25	20
891	26	0
891	27	70
891	28	20
891	29	90
891	30	100
891	31	90
891	32	90
891	33	70
891	34	90
891	35	20
891	36	70
891	37	110
891	38	50
891	39	50
891	40	70
892	1	70
892	2	100
892	3	90
892	4	100
892	5	130
892	6	90
892	7	120
892	8	20
892	9	70
892	10	30
892	11	70
892	12	40
892	13	110
892	14	90
892	15	40
892	16	90
892	17	90
892	18	80
892	19	60
892	20	0
892	21	70
892	22	120
892	23	90
892	24	0
892	25	40
892	26	20
892	27	50
892	28	20
892	29	120
892	30	100
892	31	90
892	32	60
892	33	90
892	34	90
892	35	20
892	36	70
892	37	90
892	38	90
892	39	70
892	40	70
893	1	70
893	2	60
893	3	70
893	4	100
893	5	100
893	6	90
893	7	100
893	8	40
893	9	80
893	10	10
893	11	90
893	12	20
893	13	80
893	14	50
893	15	0
893	16	90
893	17	80
893	18	80
893	19	60
893	20	10
893	21	70
893	22	80
893	23	90
893	24	0
893	25	30
893	26	40
893	27	70
893	28	0
893	29	80
893	30	80
893	31	100
893	32	60
893	33	80
893	34	80
893	35	30
893	36	60
893	37	80
893	38	60
893	39	100
893	40	70
894	1	50
894	2	80
894	3	70
894	4	100
894	5	120
894	6	70
894	7	100
894	8	20
894	9	60
894	10	10
894	11	70
894	12	20
894	13	100
894	14	70
894	15	20
894	16	70
894	17	80
894	18	60
894	19	60
894	20	10
894	21	90
894	22	100
894	23	70
894	24	0
894	25	30
894	26	0
894	27	50
894	28	0
894	29	100
894	30	80
894	31	100
894	32	60
894	33	80
894	34	80
894	35	30
894	36	60
894	37	80
894	38	80
894	39	60
894	40	50
895	1	70
895	2	80
895	3	70
895	4	80
895	5	90
895	6	70
895	7	80
895	8	40
895	9	70
895	10	10
895	11	70
895	12	20
895	13	70
895	14	50
895	15	20
895	16	70
895	17	90
895	18	60
895	19	80
895	20	20
895	21	50
895	22	80
895	23	70
895	24	20
895	25	20
895	26	20
895	27	50
895	28	0
895	29	60
895	30	100
895	31	70
895	32	80
895	33	70
895	34	70
895	35	20
895	36	70
895	37	70
895	38	50
895	39	70
895	40	70
896	1	50
896	2	10
896	3	20
896	4	100
896	5	90
896	6	70
896	7	80
896	8	90
896	9	70
896	10	60
896	11	110
896	12	70
896	13	40
896	14	50
896	15	70
896	16	70
896	17	70
896	18	60
896	19	80
896	20	90
896	21	70
896	22	80
896	23	90
896	24	70
896	25	50
896	26	50
896	27	120
896	28	70
896	29	100
896	30	80
896	31	40
896	32	100
896	33	70
896	34	70
896	35	70
896	36	50
896	37	90
896	38	50
896	39	50
896	40	0
897	1	50
897	2	50
897	3	50
897	4	70
897	5	50
897	6	50
897	7	50
897	8	20
897	9	50
897	10	0
897	11	70
897	12	0
897	13	50
897	14	50
897	15	0
897	16	50
897	17	50
897	18	50
897	19	70
897	20	20
897	21	70
897	22	50
897	23	50
897	24	20
897	25	0
897	26	0
897	27	20
897	28	0
897	29	50
897	30	50
897	31	70
897	32	70
897	33	50
897	34	50
897	35	20
897	36	50
897	37	50
897	38	50
897	39	50
897	40	50
898	1	50
898	2	80
898	3	110
898	4	120
898	5	90
898	6	90
898	7	120
898	8	60
898	9	70
898	10	10
898	11	110
898	12	0
898	13	90
898	14	70
898	15	40
898	16	50
898	17	70
898	18	80
898	19	80
898	20	40
898	21	90
898	22	80
898	23	90
898	24	20
898	25	40
898	26	20
898	27	70
898	28	20
898	29	100
898	30	80
898	31	110
898	32	100
898	33	70
898	34	50
898	35	60
898	36	50
898	37	70
898	38	70
898	39	70
898	40	70
899	1	70
899	2	60
899	3	70
899	4	80
899	5	90
899	6	70
899	7	80
899	8	20
899	9	90
899	10	10
899	11	90
899	12	20
899	13	90
899	14	50
899	15	20
899	16	90
899	17	70
899	18	60
899	19	60
899	20	20
899	21	50
899	22	80
899	23	90
899	24	0
899	25	0
899	26	20
899	27	50
899	28	20
899	29	100
899	30	80
899	31	70
899	32	80
899	33	70
899	34	70
899	35	0
899	36	50
899	37	90
899	38	50
899	39	70
899	40	50
900	1	50
900	2	80
900	3	110
900	4	100
900	5	70
900	6	70
900	7	80
900	8	40
900	9	70
900	10	10
900	11	110
900	12	20
900	13	90
900	14	50
900	15	40
900	16	50
900	17	70
900	18	80
900	19	80
900	20	40
900	21	90
900	22	80
900	23	110
900	24	20
900	25	40
900	26	20
900	27	50
900	28	20
900	29	80
900	30	80
900	31	90
900	32	100
900	33	50
900	34	70
900	35	40
900	36	70
900	37	90
900	38	50
900	39	70
900	40	90
901	1	70
901	2	20
901	3	40
901	4	90
901	5	70
901	6	70
901	7	90
901	8	70
901	9	70
901	10	50
901	11	70
901	12	50
901	13	20
901	14	70
901	15	70
901	16	70
901	17	50
901	18	70
901	19	50
901	20	50
901	21	90
901	22	70
901	23	70
901	24	50
901	25	90
901	26	90
901	27	70
901	28	50
901	29	70
901	30	50
901	31	40
901	32	50
901	33	50
901	34	50
901	35	90
901	36	50
901	37	50
901	38	70
901	39	90
901	40	20
902	1	70
902	2	30
902	3	40
902	4	80
902	5	90
902	6	70
902	7	90
902	8	70
902	9	90
902	10	50
902	11	70
902	12	50
902	13	40
902	14	70
902	15	90
902	16	70
902	17	70
902	18	60
902	19	60
902	20	70
902	21	70
902	22	70
902	23	70
902	24	50
902	25	70
902	26	70
902	27	80
902	28	70
902	29	90
902	30	80
902	31	20
902	32	70
902	33	70
902	34	50
902	35	70
902	36	50
902	37	70
902	38	70
902	39	70
902	40	0
903	1	70
903	2	60
903	3	70
903	4	60
903	5	70
903	6	70
903	7	70
903	8	20
903	9	90
903	10	0
903	11	70
903	12	0
903	13	70
903	14	50
903	15	20
903	16	70
903	17	70
903	18	60
903	19	60
903	20	20
903	21	50
903	22	50
903	23	70
903	24	0
903	25	0
903	26	20
903	27	30
903	28	20
903	29	70
903	30	80
903	31	50
903	32	70
903	33	70
903	34	50
903	35	0
903	36	50
903	37	70
903	38	50
903	39	70
903	40	50
904	1	50
904	2	60
904	3	70
904	4	80
904	5	70
904	6	70
904	7	70
904	8	40
904	9	70
904	10	0
904	11	90
904	12	0
904	13	70
904	14	50
904	15	20
904	16	50
904	17	70
904	18	60
904	19	80
904	20	40
904	21	70
904	22	50
904	23	70
904	24	20
904	25	0
904	26	0
904	27	50
904	28	20
904	29	70
904	30	80
904	31	70
904	32	90
904	33	70
904	34	50
904	35	20
904	36	50
904	37	70
904	38	50
904	39	50
904	40	50
905	1	50
905	2	30
905	3	60
905	4	120
905	5	90
905	6	70
905	7	70
905	8	90
905	9	70
905	10	50
905	11	130
905	12	90
905	13	60
905	14	50
905	15	90
905	16	70
905	17	70
905	18	80
905	19	80
905	20	90
905	21	90
905	22	90
905	23	130
905	24	70
905	25	90
905	26	70
905	27	120
905	28	70
905	29	90
905	30	80
905	31	60
905	32	90
905	33	50
905	34	90
905	35	90
905	36	70
905	37	110
905	38	50
905	39	70
905	40	40
906	1	70
906	2	50
906	3	70
906	4	70
906	5	70
906	6	90
906	7	90
906	8	40
906	9	70
906	10	0
906	11	70
906	12	0
906	13	50
906	14	50
906	15	0
906	16	70
906	17	70
906	18	70
906	19	50
906	20	0
906	21	70
906	22	50
906	23	70
906	24	0
906	25	20
906	26	40
906	27	40
906	28	0
906	29	50
906	30	70
906	31	70
906	32	50
906	33	70
906	34	50
906	35	20
906	36	50
906	37	50
906	38	50
906	39	90
906	40	70
907	1	70
907	2	30
907	3	40
907	4	100
907	5	90
907	6	90
907	7	110
907	8	90
907	9	70
907	10	50
907	11	70
907	12	50
907	13	20
907	14	70
907	15	70
907	16	70
907	17	70
907	18	80
907	19	60
907	20	50
907	21	90
907	22	70
907	23	70
907	24	50
907	25	90
907	26	90
907	27	100
907	28	50
907	29	70
907	30	80
907	31	40
907	32	50
907	33	70
907	34	50
907	35	90
907	36	50
907	37	50
907	38	70
907	39	90
907	40	20
908	1	70
908	2	100
908	3	130
908	4	100
908	5	110
908	6	110
908	7	130
908	8	40
908	9	90
908	10	20
908	11	90
908	12	20
908	13	110
908	14	90
908	15	60
908	16	70
908	17	90
908	18	100
908	19	60
908	20	20
908	21	90
908	22	90
908	23	110
908	24	0
908	25	60
908	26	40
908	27	50
908	28	40
908	29	110
908	30	100
908	31	90
908	32	70
908	33	90
908	34	70
908	35	40
908	36	70
908	37	90
908	38	90
908	39	90
908	40	90
909	1	70
909	2	30
909	3	40
909	4	100
909	5	120
909	6	110
909	7	120
909	8	90
909	9	80
909	10	80
909	11	90
909	12	90
909	13	50
909	14	70
909	15	70
909	16	90
909	17	100
909	18	100
909	19	60
909	20	60
909	21	70
909	22	100
909	23	110
909	24	50
909	25	100
909	26	90
909	27	120
909	28	70
909	29	100
909	30	100
909	31	50
909	32	60
909	33	100
909	34	100
909	35	80
909	36	80
909	37	100
909	38	80
909	39	100
909	40	40
910	1	70
910	2	40
910	3	60
910	4	90
910	5	110
910	6	110
910	7	130
910	8	90
910	9	70
910	10	70
910	11	70
910	12	70
910	13	40
910	14	90
910	15	90
910	16	70
910	17	90
910	18	90
910	19	50
910	20	50
910	21	90
910	22	90
910	23	90
910	24	50
910	25	110
910	26	90
910	27	90
910	28	70
910	29	90
910	30	90
910	31	40
910	32	50
910	33	90
910	34	70
910	35	90
910	36	70
910	37	70
910	38	90
910	39	90
910	40	40
911	1	70
911	2	80
911	3	90
911	4	80
911	5	90
911	6	70
911	7	90
911	8	20
911	9	90
911	10	0
911	11	70
911	12	0
911	13	90
911	14	70
911	15	40
911	16	70
911	17	70
911	18	60
911	19	60
911	20	20
911	21	70
911	22	70
911	23	70
911	24	0
911	25	20
911	26	20
911	27	30
911	28	20
911	29	90
911	30	80
911	31	70
911	32	70
911	33	70
911	34	50
911	35	20
911	36	50
911	37	70
911	38	70
911	39	70
911	40	50
912	1	70
912	2	80
912	3	70
912	4	100
912	5	110
912	6	70
912	7	100
912	8	20
912	9	70
912	10	10
912	11	70
912	12	20
912	13	90
912	14	70
912	15	20
912	16	90
912	17	70
912	18	60
912	19	60
912	20	0
912	21	70
912	22	100
912	23	70
912	24	0
912	25	20
912	26	20
912	27	50
912	28	0
912	29	100
912	30	80
912	31	90
912	32	60
912	33	70
912	34	70
912	35	20
912	36	50
912	37	70
912	38	70
912	39	70
912	40	50
913	1	70
913	2	10
913	3	20
913	4	80
913	5	70
913	6	50
913	7	60
913	8	50
913	9	90
913	10	60
913	11	90
913	12	70
913	13	40
913	14	50
913	15	70
913	16	90
913	17	50
913	18	60
913	19	60
913	20	70
913	21	50
913	22	80
913	23	90
913	24	50
913	25	50
913	26	70
913	27	80
913	28	70
913	29	100
913	30	60
913	31	20
913	32	80
913	33	50
913	34	70
913	35	50
913	36	50
913	37	90
913	38	50
913	39	70
913	40	0
914	1	70
914	2	60
914	3	90
914	4	100
914	5	90
914	6	90
914	7	100
914	8	40
914	9	90
914	10	10
914	11	110
914	12	20
914	13	90
914	14	50
914	15	20
914	16	90
914	17	70
914	18	80
914	19	60
914	20	20
914	21	70
914	22	80
914	23	110
914	24	0
914	25	20
914	26	40
914	27	70
914	28	20
914	29	100
914	30	80
914	31	90
914	32	80
914	33	70
914	34	70
914	35	20
914	36	50
914	37	90
914	38	50
914	39	90
914	40	70
915	1	70
915	2	50
915	3	70
915	4	70
915	5	90
915	6	70
915	7	70
915	8	20
915	9	90
915	10	0
915	11	90
915	12	20
915	13	90
915	14	50
915	15	20
915	16	90
915	17	70
915	18	50
915	19	50
915	20	20
915	21	50
915	22	70
915	23	90
915	24	0
915	25	0
915	26	20
915	27	40
915	28	20
915	29	90
915	30	70
915	31	70
915	32	70
915	33	70
915	34	70
915	35	0
915	36	50
915	37	90
915	38	50
915	39	70
915	40	50
916	1	50
916	2	60
916	3	50
916	4	100
916	5	70
916	6	50
916	7	50
916	8	20
916	9	50
916	10	0
916	11	90
916	12	20
916	13	70
916	14	50
916	15	0
916	16	70
916	17	50
916	18	60
916	19	80
916	20	20
916	21	70
916	22	70
916	23	70
916	24	20
916	25	0
916	26	0
916	27	50
916	28	0
916	29	70
916	30	60
916	31	90
916	32	70
916	33	50
916	34	70
916	35	20
916	36	50
916	37	70
916	38	50
916	39	50
916	40	50
917	1	70
917	2	10
917	3	40
917	4	100
917	5	90
917	6	90
917	7	90
917	8	90
917	9	90
917	10	50
917	11	110
917	12	70
917	13	40
917	14	50
917	15	70
917	16	90
917	17	70
917	18	80
917	19	60
917	20	70
917	21	70
917	22	70
917	23	110
917	24	50
917	25	70
917	26	90
917	27	120
917	28	70
917	29	90
917	30	80
917	31	40
917	32	70
917	33	70
917	34	70
917	35	70
917	36	50
917	37	90
917	38	50
917	39	90
917	40	20
918	1	70
918	2	30
918	3	40
918	4	120
918	5	110
918	6	90
918	7	110
918	8	90
918	9	70
918	10	50
918	11	90
918	12	70
918	13	40
918	14	70
918	15	70
918	16	90
918	17	70
918	18	80
918	19	60
918	20	50
918	21	90
918	22	90
918	23	90
918	24	50
918	25	90
918	26	90
918	27	120
918	28	50
918	29	90
918	30	80
918	31	60
918	32	50
918	33	70
918	34	70
918	35	90
918	36	50
918	37	70
918	38	70
918	39	90
918	40	20
919	1	70
919	2	70
919	3	90
919	4	90
919	5	110
919	6	70
919	7	90
919	8	20
919	9	90
919	10	0
919	11	90
919	12	20
919	13	110
919	14	70
919	15	40
919	16	90
919	17	70
919	18	50
919	19	50
919	20	20
919	21	70
919	22	90
919	23	90
919	24	0
919	25	20
919	26	20
919	27	40
919	28	20
919	29	110
919	30	70
919	31	90
919	32	70
919	33	70
919	34	70
919	35	20
919	36	50
919	37	90
919	38	70
919	39	70
919	40	50
920	1	70
920	2	30
920	3	40
920	4	60
920	5	90
920	6	90
920	7	90
920	8	70
920	9	90
920	10	70
920	11	70
920	12	70
920	13	40
920	14	70
920	15	90
920	16	70
920	17	90
920	18	80
920	19	60
920	20	70
920	21	50
920	22	70
920	23	90
920	24	50
920	25	70
920	26	70
920	27	80
920	28	90
920	29	90
920	30	100
920	31	0
920	32	70
920	33	90
920	34	70
920	35	50
920	36	70
920	37	90
920	38	70
920	39	70
920	40	20
921	1	70
921	2	80
921	3	110
921	4	100
921	5	90
921	6	90
921	7	110
921	8	40
921	9	90
921	10	0
921	11	90
921	12	0
921	13	90
921	14	70
921	15	40
921	16	70
921	17	70
921	18	80
921	19	60
921	20	20
921	21	90
921	22	70
921	23	90
921	24	0
921	25	40
921	26	40
921	27	50
921	28	20
921	29	90
921	30	80
921	31	90
921	32	70
921	33	70
921	34	50
921	35	40
921	36	50
921	37	70
921	38	70
921	39	90
921	40	70
922	1	70
922	2	30
922	3	60
922	4	120
922	5	100
922	6	70
922	7	100
922	8	70
922	9	100
922	10	60
922	11	110
922	12	70
922	13	70
922	14	70
922	15	90
922	16	90
922	17	60
922	18	80
922	19	60
922	20	80
922	21	90
922	22	100
922	23	110
922	24	50
922	25	100
922	26	90
922	27	100
922	28	70
922	29	120
922	30	60
922	31	70
922	32	80
922	33	60
922	34	80
922	35	100
922	36	60
922	37	100
922	38	80
922	39	100
922	40	20
923	1	70
923	2	30
923	3	60
923	4	120
923	5	100
923	6	70
923	7	80
923	8	90
923	9	100
923	10	60
923	11	130
923	12	90
923	13	70
923	14	50
923	15	90
923	16	90
923	17	80
923	18	80
923	19	80
923	20	100
923	21	70
923	22	100
923	23	130
923	24	70
923	25	100
923	26	90
923	27	120
923	28	70
923	29	100
923	30	80
923	31	70
923	32	100
923	33	60
923	34	100
923	35	100
923	36	80
923	37	120
923	38	60
923	39	100
923	40	40
924	1	50
924	2	0
924	3	40
924	4	110
924	5	70
924	6	70
924	7	70
924	8	90
924	9	70
924	10	50
924	11	130
924	12	70
924	13	40
924	14	50
924	15	70
924	16	70
924	17	50
924	18	70
924	19	70
924	20	90
924	21	70
924	22	70
924	23	110
924	24	70
924	25	70
924	26	70
924	27	110
924	28	70
924	29	90
924	30	50
924	31	60
924	32	90
924	33	50
924	34	70
924	35	90
924	36	50
924	37	90
924	38	50
924	39	70
924	40	20
925	1	70
925	2	50
925	3	60
925	4	120
925	5	110
925	6	50
925	7	70
925	8	70
925	9	90
925	10	50
925	11	110
925	12	90
925	13	80
925	14	70
925	15	110
925	16	90
925	17	70
925	18	60
925	19	80
925	20	90
925	21	70
925	22	110
925	23	110
925	24	70
925	25	90
925	26	70
925	27	100
925	28	70
925	29	110
925	30	80
925	31	60
925	32	90
925	33	50
925	34	90
925	35	90
925	36	70
925	37	110
925	38	70
925	39	70
925	40	20
926	1	50
926	2	60
926	3	90
926	4	100
926	5	80
926	6	70
926	7	80
926	8	20
926	9	80
926	10	10
926	11	110
926	12	20
926	13	100
926	14	50
926	15	20
926	16	70
926	17	60
926	18	80
926	19	60
926	20	30
926	21	90
926	22	80
926	23	110
926	24	0
926	25	30
926	26	20
926	27	50
926	28	20
926	29	100
926	30	60
926	31	100
926	32	80
926	33	60
926	34	80
926	35	30
926	36	60
926	37	100
926	38	60
926	39	80
926	40	70
927	1	70
927	2	10
927	3	20
927	4	80
927	5	70
927	6	50
927	7	60
927	8	50
927	9	90
927	10	60
927	11	90
927	12	70
927	13	40
927	14	50
927	15	70
927	16	90
927	17	50
927	18	60
927	19	60
927	20	70
927	21	50
927	22	80
927	23	90
927	24	50
927	25	50
927	26	70
927	27	80
927	28	70
927	29	100
927	30	60
927	31	20
927	32	80
927	33	50
927	34	70
927	35	50
927	36	50
927	37	90
927	38	50
927	39	70
927	40	0
928	1	70
928	2	90
928	3	90
928	4	90
928	5	130
928	6	90
928	7	110
928	8	20
928	9	70
928	10	20
928	11	70
928	12	40
928	13	110
928	14	90
928	15	40
928	16	90
928	17	90
928	18	70
928	19	50
928	20	0
928	21	70
928	22	110
928	23	90
928	24	0
928	25	40
928	26	20
928	27	40
928	28	20
928	29	110
928	30	90
928	31	90
928	32	50
928	33	90
928	34	90
928	35	20
928	36	70
928	37	90
928	38	90
928	39	70
928	40	70
929	1	70
929	2	80
929	3	90
929	4	100
929	5	70
929	6	70
929	7	90
929	8	20
929	9	70
929	10	0
929	11	70
929	12	0
929	13	70
929	14	70
929	15	20
929	16	70
929	17	50
929	18	80
929	19	60
929	20	0
929	21	90
929	22	70
929	23	70
929	24	0
929	25	40
929	26	40
929	27	30
929	28	0
929	29	70
929	30	60
929	31	90
929	32	50
929	33	50
929	34	50
929	35	40
929	36	50
929	37	50
929	38	70
929	39	90
929	40	70
930	1	70
930	2	100
930	3	90
930	4	120
930	5	120
930	6	50
930	7	80
930	8	20
930	9	80
930	10	10
930	11	90
930	12	40
930	13	120
930	14	70
930	15	40
930	16	90
930	17	80
930	18	60
930	19	80
930	20	30
930	21	70
930	22	120
930	23	90
930	24	20
930	25	50
930	26	20
930	27	50
930	28	0
930	29	100
930	30	80
930	31	120
930	32	80
930	33	60
930	34	100
930	35	50
930	36	80
930	37	100
930	38	80
930	39	80
930	40	70
931	1	50
931	2	60
931	3	90
931	4	100
931	5	70
931	6	70
931	7	80
931	8	20
931	9	70
931	10	10
931	11	110
931	12	20
931	13	90
931	14	50
931	15	20
931	16	70
931	17	50
931	18	80
931	19	60
931	20	20
931	21	90
931	22	80
931	23	110
931	24	0
931	25	20
931	26	20
931	27	50
931	28	20
931	29	100
931	30	60
931	31	90
931	32	80
931	33	50
931	34	70
931	35	20
931	36	50
931	37	90
931	38	50
931	39	70
931	40	70
932	1	70
932	2	100
932	3	110
932	4	120
932	5	140
932	6	110
932	7	140
932	8	40
932	9	80
932	10	30
932	11	90
932	12	40
932	13	120
932	14	90
932	15	40
932	16	90
932	17	100
932	18	100
932	19	60
932	20	10
932	21	90
932	22	120
932	23	110
932	24	0
932	25	70
932	26	40
932	27	70
932	28	20
932	29	120
932	30	100
932	31	120
932	32	60
932	33	100
932	34	100
932	35	50
932	36	80
932	37	100
932	38	100
932	39	100
932	40	90
933	1	50
933	2	30
933	3	20
933	4	100
933	5	110
933	6	70
933	7	70
933	8	90
933	9	50
933	10	50
933	11	90
933	12	90
933	13	40
933	14	50
933	15	70
933	16	70
933	17	90
933	18	60
933	19	80
933	20	70
933	21	70
933	22	90
933	23	90
933	24	70
933	25	70
933	26	50
933	27	120
933	28	50
933	29	70
933	30	100
933	31	40
933	32	70
933	33	70
933	34	90
933	35	70
933	36	70
933	37	90
933	38	50
933	39	50
933	40	20
934	1	50
934	2	80
934	3	90
934	4	100
934	5	100
934	6	50
934	7	80
934	8	0
934	9	80
934	10	10
934	11	90
934	12	20
934	13	120
934	14	70
934	15	40
934	16	70
934	17	60
934	18	60
934	19	60
934	20	30
934	21	90
934	22	100
934	23	90
934	24	0
934	25	30
934	26	0
934	27	30
934	28	20
934	29	120
934	30	60
934	31	100
934	32	80
934	33	60
934	34	80
934	35	30
934	36	60
934	37	100
934	38	80
934	39	60
934	40	50
935	1	50
935	2	60
935	3	50
935	4	80
935	5	80
935	6	50
935	7	60
935	8	0
935	9	60
935	10	10
935	11	70
935	12	20
935	13	80
935	14	50
935	15	0
935	16	70
935	17	60
935	18	60
935	19	60
935	20	10
935	21	70
935	22	80
935	23	70
935	24	0
935	25	10
935	26	0
935	27	30
935	28	0
935	29	80
935	30	60
935	31	80
935	32	60
935	33	60
935	34	80
935	35	10
935	36	60
935	37	80
935	38	60
935	39	60
935	40	50
936	1	50
936	2	60
936	3	90
936	4	100
936	5	90
936	6	90
936	7	90
936	8	40
936	9	70
936	10	0
936	11	110
936	12	20
936	13	90
936	14	50
936	15	20
936	16	70
936	17	70
936	18	80
936	19	60
936	20	20
936	21	90
936	22	70
936	23	110
936	24	0
936	25	20
936	26	20
936	27	70
936	28	20
936	29	90
936	30	80
936	31	90
936	32	70
936	33	70
936	34	70
936	35	20
936	36	50
936	37	90
936	38	50
936	39	70
936	40	70
937	1	70
937	2	30
937	3	60
937	4	100
937	5	100
937	6	90
937	7	120
937	8	90
937	9	100
937	10	60
937	11	90
937	12	50
937	13	50
937	14	70
937	15	90
937	16	70
937	17	80
937	18	80
937	19	60
937	20	80
937	21	90
937	22	80
937	23	90
937	24	50
937	25	100
937	26	90
937	27	100
937	28	70
937	29	100
937	30	80
937	31	50
937	32	80
937	33	80
937	34	60
937	35	100
937	36	60
937	37	80
937	38	80
937	39	100
937	40	20
938	1	70
938	2	30
938	3	20
938	4	100
938	5	110
938	6	70
938	7	70
938	8	90
938	9	70
938	10	50
938	11	90
938	12	90
938	13	40
938	14	50
938	15	70
938	16	90
938	17	90
938	18	60
938	19	80
938	20	70
938	21	50
938	22	90
938	23	90
938	24	70
938	25	70
938	26	70
938	27	120
938	28	50
938	29	70
938	30	100
938	31	40
938	32	70
938	33	70
938	34	90
938	35	70
938	36	70
938	37	90
938	38	50
938	39	70
938	40	20
939	1	70
939	2	60
939	3	70
939	4	100
939	5	90
939	6	90
939	7	100
939	8	40
939	9	70
939	10	10
939	11	90
939	12	20
939	13	70
939	14	50
939	15	0
939	16	90
939	17	70
939	18	80
939	19	60
939	20	0
939	21	70
939	22	80
939	23	90
939	24	0
939	25	20
939	26	40
939	27	70
939	28	0
939	29	80
939	30	80
939	31	90
939	32	60
939	33	70
939	34	70
939	35	20
939	36	50
939	37	70
939	38	50
939	39	90
939	40	70
940	1	70
940	2	10
940	3	0
940	4	60
940	5	50
940	6	50
940	7	60
940	8	50
940	9	70
940	10	60
940	11	50
940	12	50
940	13	0
940	14	50
940	15	50
940	16	70
940	17	50
940	18	60
940	19	60
940	20	50
940	21	50
940	22	60
940	23	50
940	24	50
940	25	50
940	26	70
940	27	60
940	28	50
940	29	60
940	30	60
940	31	0
940	32	60
940	33	50
940	34	50
940	35	50
940	36	50
940	37	50
940	38	50
940	39	70
940	40	0
941	1	70
941	2	50
941	3	50
941	4	70
941	5	70
941	6	50
941	7	50
941	8	0
941	9	70
941	10	0
941	11	70
941	12	20
941	13	70
941	14	50
941	15	0
941	16	90
941	17	50
941	18	50
941	19	50
941	20	0
941	21	50
941	22	70
941	23	70
941	24	0
941	25	0
941	26	20
941	27	20
941	28	0
941	29	70
941	30	50
941	31	70
941	32	50
941	33	50
941	34	70
941	35	0
941	36	50
941	37	70
941	38	50
941	39	70
941	40	50
942	1	50
942	2	80
942	3	110
942	4	120
942	5	90
942	6	70
942	7	90
942	8	20
942	9	70
942	10	0
942	11	110
942	12	20
942	13	110
942	14	70
942	15	40
942	16	70
942	17	50
942	18	80
942	19	60
942	20	20
942	21	110
942	22	90
942	23	110
942	24	0
942	25	40
942	26	20
942	27	50
942	28	20
942	29	110
942	30	60
942	31	110
942	32	70
942	33	50
942	34	70
942	35	40
942	36	50
942	37	90
942	38	70
942	39	70
942	40	70
943	1	70
943	2	80
943	3	90
943	4	100
943	5	110
943	6	70
943	7	90
943	8	20
943	9	90
943	10	0
943	11	90
943	12	20
943	13	110
943	14	70
943	15	40
943	16	90
943	17	70
943	18	60
943	19	60
943	20	20
943	21	70
943	22	90
943	23	90
943	24	0
943	25	20
943	26	20
943	27	50
943	28	20
943	29	110
943	30	80
943	31	90
943	32	70
943	33	70
943	34	70
943	35	20
943	36	50
943	37	90
943	38	70
943	39	70
943	40	50
944	1	70
944	2	70
944	3	90
944	4	110
944	5	90
944	6	70
944	7	90
944	8	20
944	9	70
944	10	0
944	11	90
944	12	20
944	13	90
944	14	70
944	15	20
944	16	90
944	17	50
944	18	70
944	19	50
944	20	0
944	21	90
944	22	90
944	23	90
944	24	0
944	25	40
944	26	40
944	27	40
944	28	0
944	29	90
944	30	50
944	31	110
944	32	50
944	33	50
944	34	70
944	35	40
944	36	50
944	37	70
944	38	70
944	39	90
944	40	70
945	1	70
945	2	100
945	3	110
945	4	100
945	5	90
945	6	50
945	7	70
945	8	20
945	9	90
945	10	0
945	11	90
945	12	20
945	13	110
945	14	70
945	15	60
945	16	70
945	17	70
945	18	60
945	19	80
945	20	40
945	21	70
945	22	90
945	23	90
945	24	20
945	25	40
945	26	20
945	27	30
945	28	20
945	29	90
945	30	80
945	31	90
945	32	90
945	33	50
945	34	70
945	35	40
945	36	70
945	37	90
945	38	70
945	39	70
945	40	70
946	1	70
946	2	100
946	3	90
946	4	80
946	5	90
946	6	70
946	7	90
946	8	0
946	9	70
946	10	20
946	11	50
946	12	20
946	13	90
946	14	90
946	15	40
946	16	70
946	17	70
946	18	80
946	19	60
946	20	0
946	21	70
946	22	90
946	23	70
946	24	0
946	25	40
946	26	20
946	27	10
946	28	20
946	29	90
946	30	80
946	31	70
946	32	50
946	33	70
946	34	70
946	35	20
946	36	70
946	37	70
946	38	90
946	39	70
946	40	70
947	1	70
947	2	0
947	3	20
947	4	90
947	5	90
947	6	90
947	7	90
947	8	90
947	9	70
947	10	50
947	11	90
947	12	70
947	13	20
947	14	50
947	15	50
947	16	90
947	17	70
947	18	70
947	19	50
947	20	50
947	21	70
947	22	70
947	23	90
947	24	50
947	25	70
947	26	90
947	27	110
947	28	50
947	29	70
947	30	70
947	31	40
947	32	50
947	33	70
947	34	70
947	35	70
947	36	50
947	37	70
947	38	50
947	39	90
947	40	20
948	1	70
948	2	10
948	3	40
948	4	80
948	5	70
948	6	90
948	7	90
948	8	90
948	9	90
948	10	50
948	11	90
948	12	50
948	13	20
948	14	50
948	15	70
948	16	70
948	17	70
948	18	80
948	19	60
948	20	70
948	21	70
948	22	50
948	23	90
948	24	50
948	25	70
948	26	90
948	27	100
948	28	70
948	29	70
948	30	80
948	31	20
948	32	70
948	33	70
948	34	50
948	35	70
948	36	50
948	37	70
948	38	50
948	39	90
948	40	20
949	1	70
949	2	0
949	3	20
949	4	50
949	5	50
949	6	50
949	7	50
949	8	50
949	9	90
949	10	50
949	11	70
949	12	50
949	13	20
949	14	50
949	15	70
949	16	70
949	17	50
949	18	50
949	19	50
949	20	70
949	21	50
949	22	50
949	23	70
949	24	50
949	25	50
949	26	70
949	27	50
949	28	70
949	29	70
949	30	50
949	31	0
949	32	70
949	33	50
949	34	50
949	35	50
949	36	50
949	37	70
949	38	50
949	39	70
949	40	0
950	1	70
950	2	30
950	3	60
950	4	120
950	5	100
950	6	70
950	7	100
950	8	70
950	9	100
950	10	60
950	11	110
950	12	70
950	13	70
950	14	70
950	15	90
950	16	90
950	17	60
950	18	80
950	19	60
950	20	80
950	21	90
950	22	100
950	23	110
950	24	50
950	25	100
950	26	90
950	27	100
950	28	70
950	29	120
950	30	60
950	31	70
950	32	80
950	33	60
950	34	80
950	35	100
950	36	60
950	37	100
950	38	80
950	39	100
950	40	20
951	1	70
951	2	0
951	3	40
951	4	90
951	5	90
951	6	90
951	7	90
951	8	90
951	9	90
951	10	50
951	11	110
951	12	70
951	13	40
951	14	50
951	15	70
951	16	90
951	17	70
951	18	70
951	19	50
951	20	70
951	21	70
951	22	70
951	23	110
951	24	50
951	25	70
951	26	90
951	27	110
951	28	70
951	29	90
951	30	70
951	31	40
951	32	70
951	33	70
951	34	70
951	35	70
951	36	50
951	37	90
951	38	50
951	39	90
951	40	20
952	1	50
952	2	60
952	3	50
952	4	80
952	5	50
952	6	50
952	7	60
952	8	20
952	9	50
952	10	10
952	11	70
952	12	0
952	13	50
952	14	50
952	15	0
952	16	50
952	17	50
952	18	60
952	19	80
952	20	20
952	21	70
952	22	60
952	23	50
952	24	20
952	25	0
952	26	0
952	27	30
952	28	0
952	29	60
952	30	60
952	31	70
952	32	80
952	33	50
952	34	50
952	35	20
952	36	50
952	37	50
952	38	50
952	39	50
952	40	50
953	1	50
953	2	30
953	3	20
953	4	100
953	5	110
953	6	70
953	7	80
953	8	90
953	9	50
953	10	60
953	11	90
953	12	90
953	13	40
953	14	50
953	15	70
953	16	70
953	17	90
953	18	60
953	19	80
953	20	70
953	21	70
953	22	100
953	23	90
953	24	70
953	25	70
953	26	50
953	27	120
953	28	50
953	29	80
953	30	100
953	31	40
953	32	80
953	33	70
953	34	90
953	35	70
953	36	70
953	37	90
953	38	50
953	39	50
953	40	20
954	1	70
954	2	70
954	3	110
954	4	90
954	5	70
954	6	70
954	7	70
954	8	40
954	9	90
954	10	0
954	11	110
954	12	20
954	13	90
954	14	50
954	15	40
954	16	70
954	17	70
954	18	70
954	19	70
954	20	40
954	21	70
954	22	70
954	23	110
954	24	20
954	25	40
954	26	40
954	27	40
954	28	20
954	29	70
954	30	70
954	31	90
954	32	90
954	33	50
954	34	70
954	35	40
954	36	70
954	37	90
954	38	50
954	39	90
954	40	90
955	1	70
955	2	80
955	3	90
955	4	60
955	5	70
955	6	70
955	7	80
955	8	0
955	9	90
955	10	30
955	11	70
955	12	20
955	13	90
955	14	70
955	15	40
955	16	70
955	17	70
955	18	80
955	19	60
955	20	20
955	21	50
955	22	80
955	23	90
955	24	0
955	25	20
955	26	20
955	27	10
955	28	40
955	29	100
955	30	80
955	31	50
955	32	80
955	33	70
955	34	70
955	35	0
955	36	70
955	37	90
955	38	70
955	39	70
955	40	70
956	1	70
956	2	50
956	3	80
956	4	100
956	5	110
956	6	110
956	7	130
956	8	90
956	9	90
956	10	70
956	11	90
956	12	70
956	13	60
956	14	90
956	15	110
956	16	70
956	17	90
956	18	100
956	19	60
956	20	70
956	21	90
956	22	90
956	23	110
956	24	50
956	25	110
956	26	90
956	27	100
956	28	90
956	29	110
956	30	100
956	31	40
956	32	70
956	33	90
956	34	70
956	35	90
956	36	70
956	37	90
956	38	90
956	39	90
956	40	40
957	1	50
957	2	30
957	3	40
957	4	120
957	5	90
957	6	90
957	7	120
957	8	110
957	9	50
957	10	60
957	11	90
957	12	50
957	13	20
957	14	70
957	15	70
957	16	50
957	17	70
957	18	80
957	19	80
957	20	70
957	21	90
957	22	80
957	23	70
957	24	70
957	25	90
957	26	70
957	27	120
957	28	50
957	29	80
957	30	80
957	31	60
957	32	80
957	33	70
957	34	50
957	35	110
957	36	50
957	37	50
957	38	70
957	39	70
957	40	20
958	1	50
958	2	60
958	3	70
958	4	60
958	5	70
958	6	70
958	7	80
958	8	20
958	9	70
958	10	10
958	11	70
958	12	0
958	13	70
958	14	50
958	15	20
958	16	50
958	17	70
958	18	60
958	19	60
958	20	20
958	21	70
958	22	60
958	23	70
958	24	0
958	25	0
958	26	0
958	27	30
958	28	20
958	29	80
958	30	80
958	31	50
958	32	80
958	33	70
958	34	50
958	35	0
958	36	50
958	37	70
958	38	50
958	39	50
958	40	50
959	1	70
959	2	30
959	3	40
959	4	120
959	5	90
959	6	70
959	7	100
959	8	70
959	9	70
959	10	60
959	11	90
959	12	70
959	13	40
959	14	70
959	15	70
959	16	90
959	17	50
959	18	80
959	19	60
959	20	50
959	21	90
959	22	100
959	23	90
959	24	50
959	25	90
959	26	90
959	27	100
959	28	50
959	29	100
959	30	60
959	31	60
959	32	60
959	33	50
959	34	70
959	35	90
959	36	50
959	37	70
959	38	70
959	39	90
959	40	20
960	1	50
960	2	20
960	3	20
960	4	90
960	5	70
960	6	50
960	7	70
960	8	70
960	9	50
960	10	50
960	11	70
960	12	50
960	13	20
960	14	70
960	15	70
960	16	50
960	17	50
960	18	50
960	19	70
960	20	70
960	21	90
960	22	70
960	23	50
960	24	70
960	25	70
960	26	50
960	27	70
960	28	50
960	29	70
960	30	50
960	31	40
960	32	70
960	33	50
960	34	50
960	35	90
960	36	50
960	37	50
960	38	70
960	39	50
960	40	0
961	1	70
961	2	80
961	3	90
961	4	80
961	5	90
961	6	70
961	7	100
961	8	20
961	9	90
961	10	10
961	11	70
961	12	0
961	13	90
961	14	70
961	15	40
961	16	70
961	17	70
961	18	60
961	19	60
961	20	20
961	21	70
961	22	80
961	23	70
961	24	0
961	25	20
961	26	20
961	27	30
961	28	20
961	29	100
961	30	80
961	31	70
961	32	80
961	33	70
961	34	50
961	35	20
961	36	50
961	37	70
961	38	70
961	39	70
961	40	50
962	1	70
962	2	20
962	3	20
962	4	90
962	5	90
962	6	50
962	7	70
962	8	50
962	9	70
962	10	50
962	11	70
962	12	70
962	13	40
962	14	70
962	15	70
962	16	90
962	17	50
962	18	50
962	19	50
962	20	50
962	21	70
962	22	90
962	23	70
962	24	50
962	25	70
962	26	70
962	27	70
962	28	50
962	29	90
962	30	50
962	31	40
962	32	50
962	33	50
962	34	70
962	35	70
962	36	50
962	37	70
962	38	70
962	39	70
962	40	0
963	1	70
963	2	60
963	3	90
963	4	100
963	5	90
963	6	90
963	7	100
963	8	40
963	9	90
963	10	10
963	11	110
963	12	20
963	13	90
963	14	50
963	15	20
963	16	90
963	17	70
963	18	80
963	19	60
963	20	20
963	21	70
963	22	80
963	23	110
963	24	0
963	25	20
963	26	40
963	27	70
963	28	20
963	29	100
963	30	80
963	31	90
963	32	80
963	33	70
963	34	70
963	35	20
963	36	50
963	37	90
963	38	50
963	39	90
963	40	70
964	1	70
964	2	80
964	3	90
964	4	100
964	5	110
964	6	70
964	7	100
964	8	20
964	9	90
964	10	10
964	11	90
964	12	20
964	13	110
964	14	70
964	15	40
964	16	90
964	17	70
964	18	60
964	19	60
964	20	20
964	21	70
964	22	100
964	23	90
964	24	0
964	25	20
964	26	20
964	27	50
964	28	20
964	29	120
964	30	80
964	31	90
964	32	80
964	33	70
964	34	70
964	35	20
964	36	50
964	37	90
964	38	70
964	39	70
964	40	50
965	1	70
965	2	30
965	3	60
965	4	100
965	5	80
965	6	70
965	7	100
965	8	70
965	9	100
965	10	60
965	11	90
965	12	50
965	13	50
965	14	70
965	15	90
965	16	70
965	17	60
965	18	80
965	19	60
965	20	80
965	21	90
965	22	80
965	23	90
965	24	50
965	25	100
965	26	90
965	27	80
965	28	70
965	29	100
965	30	60
965	31	50
965	32	80
965	33	60
965	34	60
965	35	100
965	36	60
965	37	80
965	38	80
965	39	100
965	40	20
966	1	70
966	2	10
966	3	40
966	4	80
966	5	50
966	6	70
966	7	80
966	8	70
966	9	90
966	10	60
966	11	90
966	12	50
966	13	20
966	14	50
966	15	70
966	16	70
966	17	50
966	18	80
966	19	60
966	20	70
966	21	70
966	22	60
966	23	90
966	24	50
966	25	70
966	26	90
966	27	80
966	28	70
966	29	80
966	30	60
966	31	20
966	32	80
966	33	50
966	34	50
966	35	70
966	36	50
966	37	70
966	38	50
966	39	90
966	40	20
967	1	50
967	2	50
967	3	80
967	4	140
967	5	110
967	6	70
967	7	90
967	8	90
967	9	70
967	10	50
967	11	130
967	12	90
967	13	80
967	14	70
967	15	110
967	16	70
967	17	70
967	18	80
967	19	80
967	20	90
967	21	110
967	22	110
967	23	130
967	24	70
967	25	110
967	26	70
967	27	120
967	28	70
967	29	110
967	30	80
967	31	80
967	32	90
967	33	50
967	34	90
967	35	110
967	36	70
967	37	110
967	38	70
967	39	70
967	40	40
968	1	50
968	2	10
968	3	20
968	4	100
968	5	70
968	6	90
968	7	100
968	8	110
968	9	50
968	10	60
968	11	90
968	12	50
968	13	0
968	14	50
968	15	50
968	16	50
968	17	70
968	18	80
968	19	80
968	20	70
968	21	70
968	22	60
968	23	70
968	24	70
968	25	70
968	26	70
968	27	120
968	28	50
968	29	60
968	30	80
968	31	40
968	32	80
968	33	70
968	34	50
968	35	90
968	36	50
968	37	50
968	38	50
968	39	70
968	40	20
969	1	70
969	2	60
969	3	70
969	4	80
969	5	80
969	6	50
969	7	60
969	8	0
969	9	100
969	10	10
969	11	90
969	12	20
969	13	100
969	14	50
969	15	20
969	16	90
969	17	60
969	18	60
969	19	60
969	20	30
969	21	50
969	22	80
969	23	90
969	24	0
969	25	10
969	26	20
969	27	30
969	28	20
969	29	100
969	30	60
969	31	80
969	32	80
969	33	60
969	34	80
969	35	10
969	36	60
969	37	100
969	38	60
969	39	80
969	40	50
970	1	70
970	2	50
970	3	60
970	4	140
970	5	110
970	6	70
970	7	90
970	8	90
970	9	70
970	10	50
970	11	110
970	12	90
970	13	60
970	14	70
970	15	90
970	16	90
970	17	70
970	18	80
970	19	80
970	20	70
970	21	90
970	22	110
970	23	110
970	24	70
970	25	110
970	26	90
970	27	120
970	28	50
970	29	90
970	30	80
970	31	80
970	32	70
970	33	50
970	34	90
970	35	110
970	36	70
970	37	90
970	38	70
970	39	90
970	40	40
971	1	50
971	2	30
971	3	40
971	4	120
971	5	110
971	6	70
971	7	90
971	8	90
971	9	70
971	10	50
971	11	110
971	12	70
971	13	60
971	14	70
971	15	90
971	16	70
971	17	70
971	18	60
971	19	80
971	20	90
971	21	70
971	22	90
971	23	90
971	24	70
971	25	70
971	26	50
971	27	120
971	28	70
971	29	110
971	30	80
971	31	60
971	32	90
971	33	70
971	34	70
971	35	90
971	36	50
971	37	90
971	38	70
971	39	50
971	40	0
972	1	50
972	2	80
972	3	90
972	4	140
972	5	120
972	6	90
972	7	120
972	8	60
972	9	60
972	10	10
972	11	110
972	12	20
972	13	100
972	14	70
972	15	20
972	16	70
972	17	80
972	18	80
972	19	80
972	20	30
972	21	90
972	22	100
972	23	90
972	24	20
972	25	50
972	26	20
972	27	90
972	28	0
972	29	100
972	30	80
972	31	140
972	32	80
972	33	80
972	34	80
972	35	70
972	36	60
972	37	80
972	38	80
972	39	80
972	40	70
973	1	70
973	2	30
973	3	40
973	4	80
973	5	70
973	6	50
973	7	70
973	8	50
973	9	90
973	10	50
973	11	70
973	12	50
973	13	40
973	14	70
973	15	90
973	16	70
973	17	50
973	18	60
973	19	60
973	20	70
973	21	70
973	22	70
973	23	70
973	24	50
973	25	70
973	26	70
973	27	60
973	28	70
973	29	90
973	30	60
973	31	20
973	32	70
973	33	50
973	34	50
973	35	70
973	36	50
973	37	70
973	38	70
973	39	70
973	40	0
974	1	50
974	2	80
974	3	110
974	4	120
974	5	100
974	6	70
974	7	100
974	8	20
974	9	80
974	10	10
974	11	110
974	12	20
974	13	120
974	14	70
974	15	40
974	16	70
974	17	60
974	18	80
974	19	60
974	20	30
974	21	110
974	22	100
974	23	110
974	24	0
974	25	50
974	26	20
974	27	50
974	28	20
974	29	120
974	30	60
974	31	120
974	32	80
974	33	60
974	34	80
974	35	50
974	36	60
974	37	100
974	38	80
974	39	80
974	40	70
975	1	70
975	2	60
975	3	70
975	4	100
975	5	70
975	6	70
975	7	70
975	8	20
975	9	70
975	10	0
975	11	90
975	12	20
975	13	70
975	14	50
975	15	0
975	16	90
975	17	50
975	18	80
975	19	60
975	20	0
975	21	70
975	22	70
975	23	90
975	24	0
975	25	20
975	26	40
975	27	50
975	28	0
975	29	70
975	30	60
975	31	90
975	32	50
975	33	50
975	34	70
975	35	20
975	36	50
975	37	70
975	38	50
975	39	90
975	40	70
976	1	70
976	2	10
976	3	40
976	4	100
976	5	90
976	6	90
976	7	90
976	8	90
976	9	90
976	10	50
976	11	110
976	12	70
976	13	40
976	14	50
976	15	70
976	16	90
976	17	70
976	18	80
976	19	60
976	20	70
976	21	70
976	22	70
976	23	110
976	24	50
976	25	70
976	26	90
976	27	120
976	28	70
976	29	90
976	30	80
976	31	40
976	32	70
976	33	70
976	34	70
976	35	70
976	36	50
976	37	90
976	38	50
976	39	90
976	40	20
977	1	50
977	2	90
977	3	110
977	4	90
977	5	110
977	6	70
977	7	90
977	8	40
977	9	70
977	10	0
977	11	90
977	12	20
977	13	110
977	14	70
977	15	60
977	16	50
977	17	90
977	18	50
977	19	70
977	20	40
977	21	90
977	22	90
977	23	90
977	24	20
977	25	40
977	26	0
977	27	40
977	28	20
977	29	90
977	30	90
977	31	90
977	32	90
977	33	70
977	34	70
977	35	40
977	36	70
977	37	90
977	38	70
977	39	50
977	40	70
978	1	70
978	2	30
978	3	40
978	4	80
978	5	80
978	6	50
978	7	80
978	8	50
978	9	100
978	10	60
978	11	70
978	12	50
978	13	50
978	14	70
978	15	90
978	16	70
978	17	60
978	18	60
978	19	60
978	20	80
978	21	70
978	22	80
978	23	70
978	24	50
978	25	80
978	26	70
978	27	60
978	28	70
978	29	100
978	30	60
978	31	30
978	32	80
978	33	60
978	34	60
978	35	80
978	36	60
978	37	80
978	38	80
978	39	80
978	40	0
979	1	50
979	2	70
979	3	110
979	4	130
979	5	90
979	6	70
979	7	90
979	8	40
979	9	70
979	10	0
979	11	130
979	12	20
979	13	110
979	14	70
979	15	40
979	16	70
979	17	50
979	18	70
979	19	70
979	20	40
979	21	110
979	22	90
979	23	110
979	24	20
979	25	40
979	26	20
979	27	60
979	28	20
979	29	110
979	30	50
979	31	130
979	32	90
979	33	50
979	34	70
979	35	60
979	36	50
979	37	90
979	38	70
979	39	70
979	40	70
980	1	70
980	2	60
980	3	70
980	4	60
980	5	50
980	6	50
980	7	60
980	8	0
980	9	90
980	10	10
980	11	70
980	12	0
980	13	70
980	14	50
980	15	20
980	16	70
980	17	50
980	18	60
980	19	60
980	20	20
980	21	50
980	22	60
980	23	70
980	24	0
980	25	0
980	26	20
980	27	10
980	28	20
980	29	80
980	30	60
980	31	50
980	32	80
980	33	50
980	34	50
980	35	0
980	36	50
980	37	70
980	38	50
980	39	70
980	40	50
981	1	70
981	2	50
981	3	80
981	4	120
981	5	90
981	6	70
981	7	90
981	8	90
981	9	90
981	10	50
981	11	110
981	12	70
981	13	60
981	14	70
981	15	110
981	16	70
981	17	70
981	18	80
981	19	80
981	20	90
981	21	90
981	22	90
981	23	110
981	24	70
981	25	110
981	26	90
981	27	100
981	28	70
981	29	90
981	30	80
981	31	60
981	32	90
981	33	50
981	34	70
981	35	110
981	36	70
981	37	90
981	38	70
981	39	90
981	40	40
982	1	50
982	2	80
982	3	90
982	4	100
982	5	110
982	6	70
982	7	100
982	8	20
982	9	70
982	10	10
982	11	90
982	12	20
982	13	110
982	14	70
982	15	40
982	16	70
982	17	70
982	18	60
982	19	60
982	20	20
982	21	90
982	22	100
982	23	90
982	24	0
982	25	20
982	26	0
982	27	50
982	28	20
982	29	120
982	30	80
982	31	90
982	32	80
982	33	70
982	34	70
982	35	20
982	36	50
982	37	90
982	38	70
982	39	50
982	40	50
983	1	70
983	2	20
983	3	40
983	4	90
983	5	110
983	6	70
983	7	90
983	8	70
983	9	90
983	10	50
983	11	90
983	12	70
983	13	60
983	14	70
983	15	90
983	16	90
983	17	70
983	18	50
983	19	50
983	20	70
983	21	70
983	22	90
983	23	90
983	24	50
983	25	70
983	26	70
983	27	90
983	28	70
983	29	110
983	30	70
983	31	40
983	32	70
983	33	70
983	34	70
983	35	70
983	36	50
983	37	90
983	38	70
983	39	70
983	40	0
984	1	50
984	2	80
984	3	110
984	4	120
984	5	110
984	6	90
984	7	100
984	8	60
984	9	70
984	10	10
984	11	130
984	12	40
984	13	110
984	14	50
984	15	40
984	16	70
984	17	90
984	18	80
984	19	80
984	20	40
984	21	90
984	22	100
984	23	130
984	24	20
984	25	40
984	26	20
984	27	90
984	28	20
984	29	100
984	30	100
984	31	110
984	32	100
984	33	70
984	34	90
984	35	40
984	36	70
984	37	110
984	38	50
984	39	70
984	40	90
985	1	70
985	2	40
985	3	40
985	4	90
985	5	110
985	6	70
985	7	90
985	8	90
985	9	70
985	10	50
985	11	70
985	12	70
985	13	40
985	14	70
985	15	90
985	16	70
985	17	90
985	18	50
985	19	70
985	20	70
985	21	70
985	22	90
985	23	70
985	24	70
985	25	90
985	26	70
985	27	90
985	28	50
985	29	70
985	30	90
985	31	40
985	32	70
985	33	70
985	34	70
985	35	90
985	36	70
985	37	70
985	38	70
985	39	70
985	40	20
986	1	50
986	2	60
986	3	90
986	4	100
986	5	80
986	6	70
986	7	80
986	8	20
986	9	80
986	10	10
986	11	110
986	12	20
986	13	100
986	14	50
986	15	20
986	16	70
986	17	60
986	18	80
986	19	60
986	20	30
986	21	90
986	22	80
986	23	110
986	24	0
986	25	30
986	26	20
986	27	50
986	28	20
986	29	100
986	30	60
986	31	100
986	32	80
986	33	60
986	34	80
986	35	30
986	36	60
986	37	100
986	38	60
986	39	80
986	40	70
987	1	50
987	2	60
987	3	70
987	4	100
987	5	80
987	6	90
987	7	100
987	8	60
987	9	60
987	10	10
987	11	90
987	12	0
987	13	60
987	14	50
987	15	0
987	16	50
987	17	80
987	18	80
987	19	80
987	20	30
987	21	70
987	22	60
987	23	70
987	24	20
987	25	30
987	26	20
987	27	70
987	28	0
987	29	60
987	30	80
987	31	100
987	32	80
987	33	80
987	34	60
987	35	50
987	36	60
987	37	60
987	38	60
987	39	80
987	40	70
988	1	50
988	2	70
988	3	90
988	4	90
988	5	110
988	6	70
988	7	90
988	8	20
988	9	70
988	10	0
988	11	90
988	12	20
988	13	110
988	14	70
988	15	40
988	16	70
988	17	70
988	18	50
988	19	50
988	20	20
988	21	90
988	22	90
988	23	90
988	24	0
988	25	20
988	26	0
988	27	40
988	28	20
988	29	110
988	30	70
988	31	90
988	32	70
988	33	70
988	34	70
988	35	20
988	36	50
988	37	90
988	38	70
988	39	50
988	40	50
989	1	50
989	2	30
989	3	40
989	4	120
989	5	110
989	6	70
989	7	100
989	8	90
989	9	70
989	10	60
989	11	110
989	12	70
989	13	60
989	14	70
989	15	90
989	16	70
989	17	70
989	18	60
989	19	80
989	20	90
989	21	90
989	22	100
989	23	90
989	24	70
989	25	70
989	26	50
989	27	120
989	28	70
989	29	120
989	30	80
989	31	60
989	32	100
989	33	70
989	34	70
989	35	90
989	36	50
989	37	90
989	38	70
989	39	50
989	40	0
990	1	70
990	2	80
990	3	90
990	4	100
990	5	90
990	6	50
990	7	80
990	8	0
990	9	90
990	10	10
990	11	90
990	12	20
990	13	110
990	14	70
990	15	40
990	16	90
990	17	50
990	18	60
990	19	60
990	20	20
990	21	70
990	22	100
990	23	90
990	24	0
990	25	20
990	26	20
990	27	30
990	28	20
990	29	120
990	30	60
990	31	90
990	32	80
990	33	50
990	34	70
990	35	20
990	36	50
990	37	90
990	38	70
990	39	70
990	40	50
991	1	70
991	2	100
991	3	110
991	4	120
991	5	140
991	6	110
991	7	140
991	8	40
991	9	80
991	10	30
991	11	90
991	12	40
991	13	120
991	14	90
991	15	40
991	16	90
991	17	100
991	18	100
991	19	60
991	20	10
991	21	90
991	22	120
991	23	110
991	24	0
991	25	70
991	26	40
991	27	70
991	28	20
991	29	120
991	30	100
991	31	120
991	32	60
991	33	100
991	34	100
991	35	50
991	36	80
991	37	100
991	38	100
991	39	100
991	40	90
992	1	70
992	2	50
992	3	80
992	4	100
992	5	120
992	6	110
992	7	140
992	8	90
992	9	100
992	10	80
992	11	90
992	12	70
992	13	70
992	14	90
992	15	110
992	16	70
992	17	100
992	18	100
992	19	60
992	20	80
992	21	90
992	22	100
992	23	110
992	24	50
992	25	120
992	26	90
992	27	100
992	28	90
992	29	120
992	30	100
992	31	50
992	32	80
992	33	100
992	34	80
992	35	100
992	36	80
992	37	100
992	38	100
992	39	100
992	40	40
993	1	70
993	2	20
993	3	20
993	4	90
993	5	90
993	6	50
993	7	50
993	8	70
993	9	70
993	10	50
993	11	90
993	12	90
993	13	40
993	14	50
993	15	70
993	16	90
993	17	70
993	18	50
993	19	70
993	20	70
993	21	50
993	22	90
993	23	90
993	24	70
993	25	70
993	26	70
993	27	90
993	28	50
993	29	70
993	30	70
993	31	40
993	32	70
993	33	50
993	34	90
993	35	70
993	36	70
993	37	90
993	38	50
993	39	70
993	40	20
994	1	70
994	2	50
994	3	60
994	4	140
994	5	140
994	6	90
994	7	120
994	8	110
994	9	80
994	10	60
994	11	110
994	12	90
994	13	70
994	14	70
994	15	90
994	16	90
994	17	100
994	18	80
994	19	80
994	20	80
994	21	90
994	22	120
994	23	110
994	24	70
994	25	120
994	26	90
994	27	140
994	28	50
994	29	100
994	30	100
994	31	90
994	32	80
994	33	80
994	34	100
994	35	120
994	36	80
994	37	100
994	38	80
994	39	100
994	40	40
995	1	70
995	2	80
995	3	90
995	4	100
995	5	80
995	6	70
995	7	100
995	8	20
995	9	80
995	10	10
995	11	70
995	12	0
995	13	80
995	14	70
995	15	20
995	16	70
995	17	60
995	18	80
995	19	60
995	20	10
995	21	90
995	22	80
995	23	70
995	24	0
995	25	50
995	26	40
995	27	30
995	28	0
995	29	80
995	30	60
995	31	100
995	32	60
995	33	60
995	34	60
995	35	50
995	36	60
995	37	60
995	38	80
995	39	100
995	40	70
996	1	50
996	2	80
996	3	90
996	4	140
996	5	100
996	6	70
996	7	100
996	8	40
996	9	60
996	10	10
996	11	110
996	12	20
996	13	100
996	14	70
996	15	20
996	16	70
996	17	60
996	18	80
996	19	80
996	20	30
996	21	90
996	22	100
996	23	90
996	24	20
996	25	50
996	26	20
996	27	70
996	28	0
996	29	100
996	30	60
996	31	140
996	32	80
996	33	60
996	34	80
996	35	70
996	36	60
996	37	80
996	38	80
996	39	80
996	40	70
997	1	50
997	2	60
997	3	50
997	4	100
997	5	80
997	6	50
997	7	60
997	8	20
997	9	60
997	10	10
997	11	90
997	12	20
997	13	80
997	14	50
997	15	0
997	16	70
997	17	60
997	18	60
997	19	80
997	20	30
997	21	70
997	22	80
997	23	70
997	24	20
997	25	10
997	26	0
997	27	50
997	28	0
997	29	80
997	30	60
997	31	100
997	32	80
997	33	60
997	34	80
997	35	30
997	36	60
997	37	80
997	38	60
997	39	60
997	40	50
998	1	70
998	2	80
998	3	70
998	4	100
998	5	110
998	6	70
998	7	90
998	8	20
998	9	70
998	10	0
998	11	70
998	12	20
998	13	90
998	14	70
998	15	20
998	16	90
998	17	70
998	18	60
998	19	60
998	20	0
998	21	70
998	22	90
998	23	70
998	24	0
998	25	20
998	26	20
998	27	50
998	28	0
998	29	90
998	30	80
998	31	90
998	32	50
998	33	70
998	34	70
998	35	20
998	36	50
998	37	70
998	38	70
998	39	70
998	40	50
999	1	50
999	2	70
999	3	90
999	4	90
999	5	70
999	6	50
999	7	70
999	8	20
999	9	70
999	10	0
999	11	90
999	12	0
999	13	90
999	14	70
999	15	40
999	16	50
999	17	50
999	18	50
999	19	70
999	20	40
999	21	90
999	22	70
999	23	70
999	24	20
999	25	20
999	26	0
999	27	20
999	28	20
999	29	90
999	30	50
999	31	90
999	32	90
999	33	50
999	34	50
999	35	40
999	36	50
999	37	70
999	38	70
999	39	50
999	40	50
1000	1	70
1000	2	10
1000	3	0
1000	4	60
1000	5	60
1000	6	50
1000	7	60
1000	8	50
1000	9	80
1000	10	60
1000	11	50
1000	12	50
1000	13	10
1000	14	50
1000	15	50
1000	16	70
1000	17	60
1000	18	60
1000	19	60
1000	20	60
1000	21	50
1000	22	60
1000	23	50
1000	24	50
1000	25	60
1000	26	70
1000	27	60
1000	28	50
1000	29	60
1000	30	60
1000	31	10
1000	32	60
1000	33	60
1000	34	60
1000	35	60
1000	36	60
1000	37	60
1000	38	60
1000	39	80
1000	40	0
