p	r	C_pr
1	1	0
1	2	0
1	3	80
1	4	80
1	5	60
1	6	80
1	7	30
1	8	60
1	9	70
1	10	80
1	11	60
1	12	50
1	13	30
1	14	80
1	15	50
1	16	0
1	17	10
1	18	60
1	19	50
1	20	50
1	21	30
1	22	50
1	23	60
1	24	60
1	25	50
1	26	60
1	27	10
1	28	80
1	29	10
1	30	60
1	31	60
1	32	50
1	33	60
1	34	0
1	35	50
1	36	10
1	37	80
1	38	50
1	39	80
1	40	70
2	1	0
2	2	20
2	3	80
2	4	100
2	5	60
2	6	100
2	7	30
2	8	100
2	9	70
2	10	120
2	11	100
2	12	50
2	13	10
2	14	80
2	15	70
2	16	0
2	17	30
2	18	60
2	19	70
2	20	90
2	21	50
2	22	90
2	23	100
2	24	60
2	25	70
2	26	80
2	27	30
2	28	140
2	29	30
2	30	60
2	31	120
2	32	70
2	33	60
2	34	40
2	35	90
2	36	10
2	37	60
2	38	70
2	39	80
2	40	70
3	1	20
3	2	40
3	3	50
3	4	70
3	5	80
3	6	80
3	7	20
3	8	110
3	9	90
3	10	110
3	11	120
3	12	50
3	13	0
3	14	80
3	15	110
3	16	20
3	17	40
3	18	70
3	19	70
3	20	90
3	21	40
3	22	90
3	23	100
3	24	70
3	25	70
3	26	90
3	27	30
3	28	110
3	29	40
3	30	50
3	31	110
3	32	90
3	33	50
3	34	60
3	35	110
3	36	10
3	37	50
3	38	70
3	39	70
3	40	90
4	1	50
4	2	70
4	3	60
4	4	60
4	5	30
4	6	80
4	7	60
4	8	80
4	9	70
4	10	60
4	11	80
4	12	50
4	13	60
4	14	60
4	15	90
4	16	50
4	17	80
4	18	50
4	19	50
4	20	90
4	21	70
4	22	50
4	23	30
4	24	70
4	25	70
4	26	70
4	27	80
4	28	80
4	29	60
4	30	10
4	31	40
4	32	50
4	33	50
4	34	70
4	35	50
4	36	80
4	37	50
4	38	90
4	39	30
4	40	50
5	1	50
5	2	50
5	3	100
5	4	80
5	5	30
5	6	100
5	7	80
5	8	100
5	9	70
5	10	100
5	11	100
5	12	50
5	13	80
5	14	80
5	15	70
5	16	70
5	17	60
5	18	50
5	19	50
5	20	50
5	21	110
5	22	90
5	23	30
5	24	50
5	25	70
5	26	90
5	27	60
5	28	100
5	29	60
5	30	10
5	31	20
5	32	90
5	33	50
5	34	50
5	35	70
5	36	60
5	37	70
5	38	50
5	39	50
5	40	70
6	1	0
6	2	0
6	3	70
6	4	70
6	5	80
6	6	80
6	7	20
6	8	110
6	9	50
6	10	90
6	11	120
6	12	50
6	13	0
6	14	80
6	15	70
6	16	20
6	17	20
6	18	50
6	19	70
6	20	70
6	21	40
6	22	110
6	23	100
6	24	50
6	25	90
6	26	90
6	27	10
6	28	90
6	29	20
6	30	50
6	31	90
6	32	90
6	33	50
6	34	20
6	35	90
6	36	10
6	37	50
6	38	50
6	39	70
6	40	70
7	1	70
7	2	70
7	3	50
7	4	50
7	5	20
7	6	50
7	7	50
7	8	70
7	9	70
7	10	70
7	11	70
7	12	50
7	13	50
7	14	50
7	15	90
7	16	70
7	17	70
7	18	70
7	19	50
7	20	50
7	21	50
7	22	50
7	23	0
7	24	70
7	25	50
7	26	70
7	27	50
7	28	50
7	29	70
7	30	0
7	31	0
7	32	70
7	33	50
7	34	70
7	35	70
7	36	50
7	37	50
7	38	50
7	39	0
7	40	70
8	1	70
8	2	70
8	3	80
8	4	80
8	5	50
8	6	80
8	7	100
8	8	120
8	9	90
8	10	120
8	11	120
8	12	50
8	13	80
8	14	100
8	15	90
8	16	90
8	17	80
8	18	70
8	19	70
8	20	70
8	21	110
8	22	110
8	23	50
8	24	50
8	25	90
8	26	110
8	27	60
8	28	100
8	29	100
8	30	10
8	31	40
8	32	110
8	33	50
8	34	90
8	35	110
8	36	60
8	37	70
8	38	50
8	39	50
8	40	110
9	1	70
9	2	70
9	3	60
9	4	60
9	5	30
9	6	60
9	7	80
9	8	80
9	9	90
9	10	100
9	11	80
9	12	50
9	13	80
9	14	80
9	15	70
9	16	70
9	17	60
9	18	80
9	19	70
9	20	50
9	21	100
9	22	70
9	23	30
9	24	60
9	25	50
9	26	100
9	27	80
9	28	80
9	29	100
9	30	10
9	31	30
9	32	110
9	33	80
9	34	70
9	35	90
9	36	60
9	37	80
9	38	50
9	39	30
9	40	90
10	1	0
10	2	20
10	3	70
10	4	90
10	5	50
10	6	90
10	7	40
10	8	90
10	9	90
10	10	110
10	11	90
10	12	50
10	13	20
10	14	90
10	15	70
10	16	0
10	17	20
10	18	50
10	19	70
10	20	90
10	21	60
10	22	90
10	23	90
10	24	50
10	25	70
10	26	70
10	27	20
10	28	130
10	29	20
10	30	50
10	31	110
10	32	70
10	33	50
10	34	40
10	35	90
10	36	0
10	37	70
10	38	70
10	39	90
10	40	90
11	1	20
11	2	20
11	3	100
11	4	100
11	5	80
11	6	100
11	7	30
11	8	120
11	9	50
11	10	120
11	11	120
11	12	70
11	13	10
11	14	80
11	15	70
11	16	40
11	17	30
11	18	80
11	19	70
11	20	70
11	21	50
11	22	130
11	23	100
11	24	60
11	25	90
11	26	100
11	27	10
11	28	120
11	29	30
11	30	80
11	31	100
11	32	90
11	33	60
11	34	40
11	35	110
11	36	10
11	37	60
11	38	50
11	39	80
11	40	70
12	1	50
12	2	50
12	3	60
12	4	60
12	5	30
12	6	60
12	7	60
12	8	100
12	9	50
12	10	80
12	11	100
12	12	50
12	13	60
12	14	60
12	15	70
12	16	50
12	17	80
12	18	50
12	19	50
12	20	70
12	21	70
12	22	70
12	23	50
12	24	70
12	25	70
12	26	90
12	27	60
12	28	80
12	29	60
12	30	10
12	31	40
12	32	70
12	33	50
12	34	50
12	35	70
12	36	80
12	37	50
12	38	70
12	39	10
12	40	50
13	1	20
13	2	40
13	3	80
13	4	60
13	5	100
13	6	100
13	7	30
13	8	100
13	9	110
13	10	100
13	11	100
13	12	50
13	13	30
13	14	80
13	15	110
13	16	40
13	17	10
13	18	80
13	19	70
13	20	70
13	21	90
13	22	90
13	23	80
13	24	60
13	25	70
13	26	120
13	27	50
13	28	100
13	29	50
13	30	60
13	31	100
13	32	130
13	33	80
13	34	40
13	35	90
13	36	10
13	37	80
13	38	70
13	39	120
13	40	90
14	1	70
14	2	70
14	3	90
14	4	70
14	5	40
14	6	90
14	7	50
14	8	70
14	9	70
14	10	90
14	11	70
14	12	50
14	13	50
14	14	50
14	15	90
14	16	90
14	17	50
14	18	70
14	19	50
14	20	50
14	21	70
14	22	70
14	23	0
14	24	50
14	25	70
14	26	90
14	27	50
14	28	70
14	29	70
14	30	0
14	31	0
14	32	90
14	33	50
14	34	70
14	35	70
14	36	50
14	37	50
14	38	50
14	39	20
14	40	70
15	1	0
15	2	20
15	3	80
15	4	60
15	5	100
15	6	100
15	7	10
15	8	100
15	9	70
15	10	60
15	11	100
15	12	50
15	13	10
15	14	60
15	15	110
15	16	20
15	17	30
15	18	50
15	19	50
15	20	90
15	21	40
15	22	70
15	23	80
15	24	70
15	25	90
15	26	90
15	27	30
15	28	80
15	29	10
15	30	60
15	31	90
15	32	70
15	33	50
15	34	20
15	35	50
15	36	30
15	37	50
15	38	90
15	39	100
15	40	50
16	1	0
16	2	0
16	3	50
16	4	50
16	5	50
16	6	50
16	7	0
16	8	70
16	9	50
16	10	50
16	11	70
16	12	50
16	13	0
16	14	50
16	15	70
16	16	0
16	17	20
16	18	50
16	19	50
16	20	50
16	21	0
16	22	50
16	23	50
16	24	70
16	25	50
16	26	50
16	27	0
16	28	50
16	29	0
16	30	50
16	31	50
16	32	50
16	33	50
16	34	0
16	35	50
16	36	0
16	37	50
16	38	50
16	39	50
16	40	50
17	1	70
17	2	70
17	3	100
17	4	80
17	5	50
17	6	100
17	7	60
17	8	100
17	9	70
17	10	120
17	11	100
17	12	50
17	13	60
17	14	60
17	15	90
17	16	90
17	17	60
17	18	80
17	19	50
17	20	50
17	21	100
17	22	90
17	23	30
17	24	60
17	25	70
17	26	120
17	27	60
17	28	100
17	29	80
17	30	10
17	31	30
17	32	110
17	33	60
17	34	70
17	35	90
17	36	60
17	37	60
17	38	50
17	39	30
17	40	70
18	1	20
18	2	20
18	3	80
18	4	80
18	5	100
18	6	80
18	7	50
18	8	140
18	9	90
18	10	120
18	11	140
18	12	50
18	13	30
18	14	100
18	15	110
18	16	40
18	17	50
18	18	80
18	19	70
18	20	70
18	21	70
18	22	110
18	23	100
18	24	80
18	25	90
18	26	120
18	27	10
18	28	100
18	29	50
18	30	60
18	31	100
18	32	110
18	33	60
18	34	40
18	35	110
18	36	10
18	37	80
18	38	50
18	39	100
18	40	110
19	1	50
19	2	50
19	3	60
19	4	60
19	5	10
19	6	60
19	7	80
19	8	60
19	9	70
19	10	60
19	11	60
19	12	50
19	13	80
19	14	80
19	15	50
19	16	50
19	17	60
19	18	60
19	19	50
19	20	50
19	21	80
19	22	50
19	23	10
19	24	60
19	25	50
19	26	60
19	27	60
19	28	60
19	29	60
19	30	10
19	31	10
19	32	50
19	33	60
19	34	50
19	35	50
19	36	60
19	37	80
19	38	50
19	39	30
19	40	70
20	1	50
20	2	70
20	3	80
20	4	80
20	5	30
20	6	100
20	7	80
20	8	120
20	9	70
20	10	80
20	11	120
20	12	50
20	13	60
20	14	80
20	15	110
20	16	70
20	17	100
20	18	60
20	19	70
20	20	90
20	21	100
20	22	90
20	23	30
20	24	80
20	25	90
20	26	80
20	27	80
20	28	100
20	29	80
20	30	10
20	31	50
20	32	70
20	33	60
20	34	90
20	35	70
20	36	60
20	37	60
20	38	70
20	39	50
20	40	70
21	1	20
21	2	40
21	3	80
21	4	100
21	5	60
21	6	100
21	7	30
21	8	100
21	9	70
21	10	120
21	11	100
21	12	70
21	13	10
21	14	80
21	15	70
21	16	20
21	17	30
21	18	70
21	19	70
21	20	90
21	21	40
21	22	110
21	23	100
21	24	50
21	25	70
21	26	70
21	27	30
21	28	140
21	29	30
21	30	80
21	31	110
21	32	70
21	33	50
21	34	60
21	35	110
21	36	10
21	37	50
21	38	70
21	39	80
21	40	70
22	1	50
22	2	70
22	3	60
22	4	80
22	5	30
22	6	80
22	7	80
22	8	120
22	9	70
22	10	100
22	11	120
22	12	50
22	13	60
22	14	80
22	15	90
22	16	50
22	17	100
22	18	50
22	19	70
22	20	110
22	21	90
22	22	90
22	23	70
22	24	70
22	25	90
22	26	90
22	27	80
22	28	120
22	29	80
22	30	10
22	31	80
22	32	70
22	33	50
22	34	90
22	35	90
22	36	80
22	37	50
22	38	90
22	39	30
22	40	70
23	1	70
23	2	70
23	3	80
23	4	80
23	5	50
23	6	80
23	7	80
23	8	140
23	9	70
23	10	120
23	11	140
23	12	50
23	13	60
23	14	80
23	15	110
23	16	90
23	17	100
23	18	70
23	19	70
23	20	70
23	21	90
23	22	110
23	23	50
23	24	70
23	25	90
23	26	110
23	27	60
23	28	100
23	29	100
23	30	10
23	31	40
23	32	110
23	33	50
23	34	90
23	35	110
23	36	60
23	37	50
23	38	50
23	39	30
23	40	90
24	1	70
24	2	70
24	3	80
24	4	80
24	5	50
24	6	80
24	7	100
24	8	120
24	9	90
24	10	100
24	11	120
24	12	50
24	13	80
24	14	100
24	15	110
24	16	90
24	17	100
24	18	80
24	19	70
24	20	70
24	21	100
24	22	90
24	23	30
24	24	80
24	25	90
24	26	100
24	27	60
24	28	80
24	29	100
24	30	10
24	31	30
24	32	90
24	33	60
24	34	90
24	35	90
24	36	60
24	37	80
24	38	50
24	39	50
24	40	110
25	1	70
25	2	90
25	3	80
25	4	80
25	5	50
25	6	100
25	7	100
25	8	120
25	9	110
25	10	120
25	11	120
25	12	50
25	13	80
25	14	100
25	15	110
25	16	90
25	17	80
25	18	70
25	19	90
25	20	90
25	21	130
25	22	110
25	23	50
25	24	50
25	25	90
25	26	110
25	27	100
25	28	120
25	29	120
25	30	10
25	31	60
25	32	130
25	33	70
25	34	110
25	35	110
25	36	60
25	37	70
25	38	70
25	39	70
25	40	110
26	1	50
26	2	50
26	3	50
26	4	50
26	5	10
26	6	60
26	7	70
26	8	50
26	9	70
26	10	50
26	11	60
26	12	50
26	13	70
26	14	80
26	15	50
26	16	50
26	17	50
26	18	50
26	19	50
26	20	50
26	21	70
26	22	50
26	23	10
26	24	50
26	25	50
26	26	50
26	27	60
26	28	50
26	29	50
26	30	0
26	31	0
26	32	50
26	33	50
26	34	50
26	35	50
26	36	60
26	37	70
26	38	50
26	39	20
26	40	70
27	1	70
27	2	90
27	3	70
27	4	50
27	5	50
27	6	100
27	7	70
27	8	90
27	9	110
27	10	70
27	11	100
27	12	50
27	13	70
27	14	80
27	15	130
27	16	90
27	17	70
27	18	70
27	19	50
27	20	70
27	21	110
27	22	70
27	23	10
27	24	70
27	25	70
27	26	90
27	27	80
27	28	70
27	29	70
27	30	0
27	31	20
27	32	90
27	33	50
27	34	90
27	35	70
27	36	60
27	37	70
27	38	70
27	39	60
27	40	90
28	1	70
28	2	90
28	3	70
28	4	70
28	5	50
28	6	100
28	7	90
28	8	90
28	9	110
28	10	90
28	11	100
28	12	50
28	13	70
28	14	100
28	15	110
28	16	90
28	17	70
28	18	70
28	19	70
28	20	90
28	21	110
28	22	90
28	23	30
28	24	50
28	25	90
28	26	90
28	27	80
28	28	90
28	29	90
28	30	0
28	31	40
28	32	90
28	33	50
28	34	110
28	35	90
28	36	60
28	37	70
28	38	70
28	39	60
28	40	110
29	1	50
29	2	70
29	3	80
29	4	60
29	5	30
29	6	100
29	7	80
29	8	80
29	9	90
29	10	60
29	11	80
29	12	50
29	13	80
29	14	80
29	15	90
29	16	70
29	17	60
29	18	50
29	19	50
29	20	70
29	21	110
29	22	70
29	23	10
29	24	50
29	25	70
29	26	70
29	27	80
29	28	80
29	29	60
29	30	10
29	31	20
29	32	70
29	33	50
29	34	70
29	35	50
29	36	60
29	37	70
29	38	70
29	39	70
29	40	70
30	1	20
30	2	20
30	3	80
30	4	60
30	5	100
30	6	80
30	7	30
30	8	80
30	9	90
30	10	80
30	11	80
30	12	50
30	13	30
30	14	80
30	15	90
30	16	40
30	17	10
30	18	80
30	19	70
30	20	50
30	21	50
30	22	70
30	23	60
30	24	60
30	25	70
30	26	100
30	27	30
30	28	60
30	29	50
30	30	60
30	31	60
30	32	110
30	33	80
30	34	20
30	35	70
30	36	10
30	37	80
30	38	50
30	39	100
30	40	90
31	1	70
31	2	70
31	3	70
31	4	70
31	5	40
31	6	70
31	7	70
31	8	90
31	9	70
31	10	90
31	11	90
31	12	50
31	13	50
31	14	70
31	15	90
31	16	90
31	17	70
31	18	70
31	19	70
31	20	70
31	21	70
31	22	90
31	23	20
31	24	50
31	25	90
31	26	90
31	27	50
31	28	70
31	29	90
31	30	0
31	31	20
31	32	90
31	33	50
31	34	90
31	35	90
31	36	50
31	37	50
31	38	50
31	39	20
31	40	90
32	1	0
32	2	20
32	3	100
32	4	80
32	5	80
32	6	120
32	7	10
32	8	80
32	9	70
32	10	80
32	11	80
32	12	50
32	13	10
32	14	60
32	15	90
32	16	20
32	17	10
32	18	50
32	19	50
32	20	70
32	21	40
32	22	70
32	23	60
32	24	50
32	25	70
32	26	70
32	27	30
32	28	100
32	29	10
32	30	60
32	31	70
32	32	70
32	33	50
32	34	20
32	35	50
32	36	10
32	37	50
32	38	70
32	39	100
32	40	50
33	1	0
33	2	20
33	3	80
33	4	80
33	5	80
33	6	100
33	7	50
33	8	120
33	9	90
33	10	100
33	11	120
33	12	50
33	13	30
33	14	100
33	15	90
33	16	20
33	17	30
33	18	60
33	19	90
33	20	90
33	21	90
33	22	110
33	23	100
33	24	60
33	25	90
33	26	100
33	27	50
33	28	120
33	29	50
33	30	60
33	31	120
33	32	110
33	33	80
33	34	40
33	35	90
33	36	10
33	37	80
33	38	70
33	39	120
33	40	90
34	1	70
34	2	70
34	3	70
34	4	70
34	5	70
34	6	80
34	7	70
34	8	110
34	9	70
34	10	90
34	11	120
34	12	50
34	13	50
34	14	80
34	15	110
34	16	90
34	17	90
34	18	70
34	19	70
34	20	90
34	21	70
34	22	90
34	23	50
34	24	70
34	25	110
34	26	110
34	27	60
34	28	70
34	29	90
34	30	0
34	31	40
34	32	90
34	33	50
34	34	90
34	35	90
34	36	80
34	37	50
34	38	70
34	39	20
34	40	90
35	1	0
35	2	20
35	3	80
35	4	100
35	5	60
35	6	100
35	7	30
35	8	100
35	9	70
35	10	120
35	11	100
35	12	50
35	13	10
35	14	80
35	15	70
35	16	0
35	17	30
35	18	50
35	19	70
35	20	90
35	21	40
35	22	90
35	23	100
35	24	50
35	25	70
35	26	70
35	27	30
35	28	140
35	29	30
35	30	60
35	31	110
35	32	70
35	33	50
35	34	40
35	35	90
35	36	10
35	37	50
35	38	70
35	39	80
35	40	70
36	1	0
36	2	20
36	3	100
36	4	80
36	5	80
36	6	120
36	7	30
36	8	100
36	9	90
36	10	100
36	11	100
36	12	50
36	13	30
36	14	80
36	15	90
36	16	20
36	17	10
36	18	50
36	19	50
36	20	70
36	21	80
36	22	90
36	23	80
36	24	50
36	25	70
36	26	90
36	27	30
36	28	120
36	29	10
36	30	60
36	31	90
36	32	90
36	33	50
36	34	20
36	35	70
36	36	10
36	37	70
36	38	70
36	39	120
36	40	70
37	1	0
37	2	20
37	3	50
37	4	70
37	5	50
37	6	70
37	7	40
37	8	90
37	9	90
37	10	90
37	11	90
37	12	50
37	13	20
37	14	90
37	15	70
37	16	0
37	17	20
37	18	50
37	19	70
37	20	90
37	21	60
37	22	90
37	23	90
37	24	50
37	25	70
37	26	70
37	27	20
37	28	110
37	29	20
37	30	50
37	31	110
37	32	70
37	33	50
37	34	40
37	35	90
37	36	0
37	37	70
37	38	70
37	39	90
37	40	90
38	1	70
38	2	70
38	3	70
38	4	90
38	5	30
38	6	80
38	7	90
38	8	90
38	9	90
38	10	130
38	11	100
38	12	50
38	13	70
38	14	100
38	15	70
38	16	70
38	17	70
38	18	70
38	19	70
38	20	70
38	21	90
38	22	90
38	23	50
38	24	50
38	25	70
38	26	90
38	27	60
38	28	110
38	29	90
38	30	0
38	31	40
38	32	90
38	33	50
38	34	90
38	35	110
38	36	60
38	37	70
38	38	50
38	39	20
38	40	110
39	1	90
39	2	90
39	3	80
39	4	100
39	5	30
39	6	80
39	7	80
39	8	100
39	9	70
39	10	140
39	11	100
39	12	70
39	13	60
39	14	80
39	15	70
39	16	90
39	17	80
39	18	90
39	19	70
39	20	70
39	21	70
39	22	110
39	23	50
39	24	50
39	25	70
39	26	90
39	27	60
39	28	120
39	29	100
39	30	30
39	31	40
39	32	90
39	33	50
39	34	110
39	35	130
39	36	60
39	37	50
39	38	50
39	39	10
39	40	90
40	1	20
40	2	20
40	3	50
40	4	70
40	5	80
40	6	60
40	7	40
40	8	70
40	9	90
40	10	90
40	11	80
40	12	50
40	13	20
40	14	100
40	15	70
40	16	20
40	17	20
40	18	70
40	19	70
40	20	70
40	21	20
40	22	70
40	23	80
40	24	50
40	25	70
40	26	70
40	27	10
40	28	70
40	29	40
40	30	50
40	31	70
40	32	70
40	33	50
40	34	40
40	35	90
40	36	10
40	37	70
40	38	50
40	39	70
40	40	110
41	1	70
41	2	90
41	3	80
41	4	60
41	5	50
41	6	100
41	7	80
41	8	100
41	9	110
41	10	100
41	11	100
41	12	50
41	13	80
41	14	80
41	15	110
41	16	90
41	17	60
41	18	70
41	19	50
41	20	70
41	21	130
41	22	90
41	23	30
41	24	50
41	25	70
41	26	110
41	27	80
41	28	100
41	29	80
41	30	10
41	31	40
41	32	110
41	33	50
41	34	90
41	35	90
41	36	60
41	37	70
41	38	70
41	39	70
41	40	90
42	1	20
42	2	40
42	3	80
42	4	60
42	5	100
42	6	100
42	7	30
42	8	100
42	9	110
42	10	100
42	11	100
42	12	50
42	13	30
42	14	80
42	15	110
42	16	40
42	17	10
42	18	80
42	19	50
42	20	70
42	21	90
42	22	90
42	23	80
42	24	60
42	25	70
42	26	120
42	27	30
42	28	100
42	29	30
42	30	60
42	31	100
42	32	110
42	33	60
42	34	40
42	35	90
42	36	10
42	37	80
42	38	70
42	39	120
42	40	90
43	1	70
43	2	70
43	3	60
43	4	80
43	5	50
43	6	60
43	7	80
43	8	120
43	9	70
43	10	120
43	11	120
43	12	50
43	13	60
43	14	80
43	15	90
43	16	70
43	17	100
43	18	80
43	19	70
43	20	90
43	21	80
43	22	90
43	23	70
43	24	80
43	25	90
43	26	120
43	27	60
43	28	100
43	29	100
43	30	10
43	31	70
43	32	90
43	33	60
43	34	90
43	35	110
43	36	80
43	37	60
43	38	70
43	39	10
43	40	90
44	1	70
44	2	70
44	3	70
44	4	50
44	5	40
44	6	70
44	7	50
44	8	90
44	9	70
44	10	70
44	11	90
44	12	50
44	13	50
44	14	50
44	15	110
44	16	90
44	17	70
44	18	70
44	19	50
44	20	50
44	21	70
44	22	70
44	23	0
44	24	70
44	25	70
44	26	90
44	27	50
44	28	50
44	29	70
44	30	0
44	31	0
44	32	90
44	33	50
44	34	70
44	35	70
44	36	50
44	37	50
44	38	50
44	39	20
44	40	70
45	1	40
45	2	40
45	3	100
45	4	80
45	5	100
45	6	100
45	7	10
45	8	100
45	9	70
45	10	120
45	11	100
45	12	70
45	13	10
45	14	60
45	15	90
45	16	60
45	17	10
45	18	100
45	19	50
45	20	50
45	21	50
45	22	110
45	23	80
45	24	60
45	25	70
45	26	120
45	27	10
45	28	100
45	29	30
45	30	80
45	31	80
45	32	110
45	33	60
45	34	40
45	35	110
45	36	10
45	37	60
45	38	50
45	39	80
45	40	70
46	1	20
46	2	40
46	3	80
46	4	60
46	5	100
46	6	100
46	7	30
46	8	100
46	9	110
46	10	100
46	11	100
46	12	50
46	13	30
46	14	80
46	15	110
46	16	40
46	17	10
46	18	70
46	19	50
46	20	70
46	21	80
46	22	90
46	23	80
46	24	50
46	25	70
46	26	110
46	27	30
46	28	100
46	29	30
46	30	60
46	31	90
46	32	110
46	33	50
46	34	40
46	35	90
46	36	10
46	37	70
46	38	70
46	39	120
46	40	90
47	1	70
47	2	90
47	3	80
47	4	80
47	5	50
47	6	100
47	7	100
47	8	100
47	9	110
47	10	100
47	11	100
47	12	50
47	13	80
47	14	100
47	15	110
47	16	90
47	17	80
47	18	80
47	19	70
47	20	90
47	21	120
47	22	90
47	23	30
47	24	60
47	25	90
47	26	100
47	27	80
47	28	100
47	29	100
47	30	10
47	31	50
47	32	90
47	33	60
47	34	110
47	35	90
47	36	60
47	37	80
47	38	70
47	39	70
47	40	110
48	1	70
48	2	90
48	3	50
48	4	70
48	5	30
48	6	80
48	7	70
48	8	90
48	9	90
48	10	110
48	11	100
48	12	50
48	13	50
48	14	80
48	15	90
48	16	70
48	17	70
48	18	70
48	19	70
48	20	90
48	21	90
48	22	90
48	23	50
48	24	50
48	25	70
48	26	90
48	27	80
48	28	110
48	29	90
48	30	0
48	31	60
48	32	90
48	33	50
48	34	110
48	35	110
48	36	60
48	37	50
48	38	70
48	39	20
48	40	90
49	1	0
49	2	0
49	3	50
49	4	70
49	5	60
49	6	60
49	7	20
49	8	90
49	9	50
49	10	70
49	11	100
49	12	50
49	13	0
49	14	80
49	15	70
49	16	0
49	17	40
49	18	50
49	19	70
49	20	70
49	21	0
49	22	70
49	23	80
49	24	70
49	25	70
49	26	50
49	27	10
49	28	70
49	29	20
49	30	50
49	31	70
49	32	50
49	33	50
49	34	20
49	35	70
49	36	10
49	37	50
49	38	50
49	39	50
49	40	70
50	1	70
50	2	90
50	3	70
50	4	50
50	5	50
50	6	100
50	7	50
50	8	90
50	9	90
50	10	90
50	11	100
50	12	50
50	13	50
50	14	60
50	15	110
50	16	90
50	17	50
50	18	70
50	19	50
50	20	70
50	21	110
50	22	90
50	23	30
50	24	50
50	25	70
50	26	110
50	27	80
50	28	90
50	29	70
50	30	0
50	31	40
50	32	110
50	33	50
50	34	90
50	35	90
50	36	60
50	37	50
50	38	70
50	39	40
50	40	70
51	1	40
51	2	60
51	3	100
51	4	100
51	5	100
51	6	120
51	7	30
51	8	100
51	9	90
51	10	120
51	11	100
51	12	70
51	13	10
51	14	80
51	15	110
51	16	60
51	17	30
51	18	100
51	19	70
51	20	90
51	21	50
51	22	110
51	23	80
51	24	60
51	25	90
51	26	100
51	27	30
51	28	120
51	29	50
51	30	80
51	31	100
51	32	90
51	33	60
51	34	80
51	35	110
51	36	10
51	37	60
51	38	70
51	39	100
51	40	90
52	1	20
52	2	20
52	3	50
52	4	50
52	5	80
52	6	60
52	7	20
52	8	50
52	9	90
52	10	70
52	11	60
52	12	50
52	13	20
52	14	80
52	15	70
52	16	20
52	17	0
52	18	70
52	19	70
52	20	50
52	21	20
52	22	50
52	23	60
52	24	50
52	25	50
52	26	70
52	27	30
52	28	50
52	29	40
52	30	50
52	31	50
52	32	90
52	33	70
52	34	20
52	35	70
52	36	10
52	37	70
52	38	50
52	39	70
52	40	90
53	1	50
53	2	70
53	3	80
53	4	80
53	5	10
53	6	100
53	7	80
53	8	60
53	9	90
53	10	80
53	11	60
53	12	50
53	13	80
53	14	80
53	15	70
53	16	50
53	17	60
53	18	60
53	19	50
53	20	70
53	21	100
53	22	50
53	23	10
53	24	60
53	25	50
53	26	60
53	27	80
53	28	100
53	29	60
53	30	10
53	31	30
53	32	50
53	33	60
53	34	70
53	35	50
53	36	60
53	37	80
53	38	70
53	39	50
53	40	70
54	1	70
54	2	70
54	3	80
54	4	60
54	5	70
54	6	80
54	7	60
54	8	120
54	9	70
54	10	100
54	11	120
54	12	50
54	13	60
54	14	60
54	15	110
54	16	90
54	17	80
54	18	70
54	19	50
54	20	70
54	21	90
54	22	90
54	23	50
54	24	70
54	25	90
54	26	130
54	27	60
54	28	80
54	29	80
54	30	10
54	31	40
54	32	110
54	33	50
54	34	70
54	35	90
54	36	80
54	37	50
54	38	70
54	39	30
54	40	70
55	1	0
55	2	20
55	3	70
55	4	70
55	5	60
55	6	100
55	7	0
55	8	50
55	9	70
55	10	70
55	11	60
55	12	50
55	13	0
55	14	60
55	15	70
55	16	0
55	17	0
55	18	50
55	19	50
55	20	70
55	21	20
55	22	50
55	23	60
55	24	50
55	25	50
55	26	50
55	27	30
55	28	90
55	29	0
55	30	50
55	31	70
55	32	50
55	33	50
55	34	20
55	35	50
55	36	10
55	37	50
55	38	70
55	39	70
55	40	50
56	1	50
56	2	50
56	3	80
56	4	80
56	5	30
56	6	80
56	7	100
56	8	100
56	9	70
56	10	80
56	11	100
56	12	50
56	13	80
56	14	100
56	15	70
56	16	70
56	17	80
56	18	60
56	19	70
56	20	70
56	21	100
56	22	90
56	23	30
56	24	60
56	25	90
56	26	80
56	27	60
56	28	80
56	29	80
56	30	10
56	31	30
56	32	70
56	33	60
56	34	70
56	35	70
56	36	60
56	37	80
56	38	50
56	39	50
56	40	90
57	1	70
57	2	90
57	3	50
57	4	50
57	5	30
57	6	80
57	7	70
57	8	90
57	9	110
57	10	90
57	11	100
57	12	50
57	13	70
57	14	80
57	15	110
57	16	70
57	17	70
57	18	70
57	19	50
57	20	70
57	21	110
57	22	70
57	23	30
57	24	70
57	25	50
57	26	90
57	27	80
57	28	90
57	29	70
57	30	0
57	31	40
57	32	90
57	33	50
57	34	90
57	35	90
57	36	60
57	37	70
57	38	70
57	39	40
57	40	90
58	1	0
58	2	20
58	3	80
58	4	80
58	5	80
58	6	100
58	7	50
58	8	100
58	9	90
58	10	80
58	11	100
58	12	50
58	13	30
58	14	100
58	15	90
58	16	20
58	17	30
58	18	60
58	19	90
58	20	90
58	21	70
58	22	90
58	23	80
58	24	60
58	25	90
58	26	80
58	27	50
58	28	100
58	29	50
58	30	60
58	31	100
58	32	90
58	33	80
58	34	40
58	35	70
58	36	10
58	37	80
58	38	70
58	39	120
58	40	90
59	1	70
59	2	70
59	3	60
59	4	80
59	5	30
59	6	60
59	7	80
59	8	120
59	9	70
59	10	120
59	11	120
59	12	50
59	13	60
59	14	80
59	15	90
59	16	70
59	17	100
59	18	80
59	19	70
59	20	70
59	21	80
59	22	90
59	23	50
59	24	80
59	25	70
59	26	100
59	27	60
59	28	100
59	29	100
59	30	10
59	31	50
59	32	90
59	33	60
59	34	90
59	35	110
59	36	60
59	37	60
59	38	50
59	39	10
59	40	90
60	1	70
60	2	70
60	3	70
60	4	70
60	5	50
60	6	80
60	7	90
60	8	110
60	9	90
60	10	110
60	11	120
60	12	50
60	13	70
60	14	100
60	15	90
60	16	90
60	17	70
60	18	70
60	19	70
60	20	70
60	21	110
60	22	110
60	23	50
60	24	50
60	25	90
60	26	110
60	27	60
60	28	90
60	29	90
60	30	0
60	31	40
60	32	110
60	33	50
60	34	90
60	35	110
60	36	60
60	37	70
60	38	50
60	39	40
60	40	110
61	1	20
61	2	20
61	3	80
61	4	100
61	5	80
61	6	80
61	7	50
61	8	100
61	9	90
61	10	140
61	11	100
61	12	50
61	13	30
61	14	100
61	15	70
61	16	20
61	17	30
61	18	70
61	19	70
61	20	70
61	21	40
61	22	90
61	23	100
61	24	50
61	25	70
61	26	90
61	27	10
61	28	120
61	29	50
61	30	60
61	31	90
61	32	90
61	33	50
61	34	40
61	35	110
61	36	10
61	37	70
61	38	50
61	39	80
61	40	110
62	1	50
62	2	70
62	3	60
62	4	80
62	5	30
62	6	80
62	7	80
62	8	120
62	9	70
62	10	100
62	11	120
62	12	50
62	13	60
62	14	80
62	15	90
62	16	50
62	17	100
62	18	50
62	19	70
62	20	110
62	21	90
62	22	90
62	23	70
62	24	70
62	25	90
62	26	90
62	27	80
62	28	120
62	29	80
62	30	10
62	31	80
62	32	70
62	33	50
62	34	90
62	35	90
62	36	80
62	37	50
62	38	90
62	39	30
62	40	70
63	1	50
63	2	50
63	3	60
63	4	80
63	5	10
63	6	60
63	7	100
63	8	100
63	9	70
63	10	100
63	11	100
63	12	50
63	13	80
63	14	100
63	15	50
63	16	50
63	17	80
63	18	60
63	19	70
63	20	70
63	21	100
63	22	90
63	23	50
63	24	60
63	25	70
63	26	80
63	27	60
63	28	100
63	29	80
63	30	10
63	31	50
63	32	70
63	33	60
63	34	70
63	35	90
63	36	60
63	37	80
63	38	50
63	39	30
63	40	90
64	1	70
64	2	70
64	3	70
64	4	70
64	5	40
64	6	70
64	7	90
64	8	110
64	9	90
64	10	110
64	11	110
64	12	50
64	13	70
64	14	90
64	15	90
64	16	90
64	17	70
64	18	70
64	19	70
64	20	70
64	21	110
64	22	110
64	23	40
64	24	50
64	25	90
64	26	110
64	27	50
64	28	90
64	29	90
64	30	0
64	31	40
64	32	110
64	33	50
64	34	90
64	35	110
64	36	50
64	37	70
64	38	50
64	39	40
64	40	110
65	1	90
65	2	110
65	3	80
65	4	100
65	5	30
65	6	100
65	7	80
65	8	100
65	9	90
65	10	140
65	11	100
65	12	70
65	13	60
65	14	80
65	15	90
65	16	90
65	17	80
65	18	100
65	19	70
65	20	90
65	21	100
65	22	110
65	23	50
65	24	60
65	25	70
65	26	100
65	27	80
65	28	140
65	29	100
65	30	30
65	31	70
65	32	90
65	33	60
65	34	130
65	35	130
65	36	60
65	37	60
65	38	70
65	39	30
65	40	90
66	1	50
66	2	50
66	3	80
66	4	80
66	5	10
66	6	80
66	7	80
66	8	60
66	9	70
66	10	80
66	11	60
66	12	50
66	13	80
66	14	80
66	15	50
66	16	50
66	17	60
66	18	60
66	19	50
66	20	50
66	21	80
66	22	50
66	23	10
66	24	60
66	25	50
66	26	60
66	27	60
66	28	80
66	29	60
66	30	10
66	31	10
66	32	50
66	33	60
66	34	50
66	35	50
66	36	60
66	37	80
66	38	50
66	39	30
66	40	70
67	1	20
67	2	20
67	3	80
67	4	80
67	5	100
67	6	80
67	7	50
67	8	120
67	9	90
67	10	120
67	11	120
67	12	50
67	13	30
67	14	100
67	15	90
67	16	40
67	17	30
67	18	70
67	19	70
67	20	70
67	21	60
67	22	110
67	23	100
67	24	50
67	25	90
67	26	110
67	27	10
67	28	100
67	29	50
67	30	60
67	31	90
67	32	110
67	33	50
67	34	40
67	35	110
67	36	10
67	37	70
67	38	50
67	39	100
67	40	110
68	1	50
68	2	50
68	3	60
68	4	60
68	5	30
68	6	60
68	7	60
68	8	80
68	9	50
68	10	60
68	11	80
68	12	50
68	13	60
68	14	60
68	15	70
68	16	50
68	17	80
68	18	50
68	19	50
68	20	70
68	21	50
68	22	50
68	23	30
68	24	70
68	25	70
68	26	70
68	27	60
68	28	60
68	29	60
68	30	10
68	31	20
68	32	50
68	33	50
68	34	50
68	35	50
68	36	80
68	37	50
68	38	70
68	39	10
68	40	50
69	1	20
69	2	20
69	3	80
69	4	60
69	5	100
69	6	80
69	7	30
69	8	80
69	9	90
69	10	80
69	11	80
69	12	50
69	13	30
69	14	80
69	15	90
69	16	40
69	17	10
69	18	70
69	19	70
69	20	50
69	21	40
69	22	70
69	23	60
69	24	50
69	25	70
69	26	90
69	27	30
69	28	60
69	29	50
69	30	60
69	31	50
69	32	110
69	33	70
69	34	20
69	35	70
69	36	10
69	37	70
69	38	50
69	39	100
69	40	90
70	1	40
70	2	40
70	3	90
70	4	90
70	5	100
70	6	100
70	7	20
70	8	110
70	9	70
70	10	130
70	11	120
70	12	70
70	13	0
70	14	80
70	15	90
70	16	60
70	17	20
70	18	90
70	19	70
70	20	70
70	21	40
70	22	130
70	23	100
70	24	50
70	25	90
70	26	110
70	27	10
70	28	110
70	29	40
70	30	70
70	31	90
70	32	110
70	33	50
70	34	60
70	35	130
70	36	10
70	37	50
70	38	50
70	39	70
70	40	90
71	1	50
71	2	50
71	3	100
71	4	100
71	5	30
71	6	100
71	7	100
71	8	120
71	9	70
71	10	120
71	11	120
71	12	50
71	13	80
71	14	100
71	15	70
71	16	70
71	17	80
71	18	60
71	19	70
71	20	70
71	21	120
71	22	110
71	23	50
71	24	60
71	25	90
71	26	100
71	27	60
71	28	120
71	29	80
71	30	10
71	31	50
71	32	90
71	33	60
71	34	70
71	35	90
71	36	60
71	37	80
71	38	50
71	39	50
71	40	90
72	1	20
72	2	20
72	3	60
72	4	80
72	5	80
72	6	60
72	7	50
72	8	120
72	9	90
72	10	120
72	11	120
72	12	50
72	13	30
72	14	100
72	15	90
72	16	20
72	17	50
72	18	80
72	19	70
72	20	70
72	21	50
72	22	90
72	23	100
72	24	80
72	25	70
72	26	100
72	27	10
72	28	100
72	29	50
72	30	60
72	31	100
72	32	90
72	33	60
72	34	40
72	35	110
72	36	10
72	37	80
72	38	50
72	39	80
72	40	110
73	1	0
73	2	20
73	3	50
73	4	50
73	5	50
73	6	70
73	7	20
73	8	50
73	9	90
73	10	50
73	11	50
73	12	50
73	13	20
73	14	70
73	15	70
73	16	0
73	17	0
73	18	50
73	19	70
73	20	70
73	21	40
73	22	50
73	23	50
73	24	50
73	25	50
73	26	50
73	27	40
73	28	70
73	29	20
73	30	50
73	31	70
73	32	70
73	33	70
73	34	20
73	35	50
73	36	0
73	37	70
73	38	70
73	39	90
73	40	70
74	1	50
74	2	50
74	3	70
74	4	70
74	5	10
74	6	80
74	7	50
74	8	70
74	9	50
74	10	90
74	11	80
74	12	50
74	13	50
74	14	60
74	15	50
74	16	50
74	17	50
74	18	50
74	19	50
74	20	50
74	21	70
74	22	70
74	23	30
74	24	50
74	25	50
74	26	70
74	27	60
74	28	90
74	29	50
74	30	0
74	31	20
74	32	70
74	33	50
74	34	50
74	35	70
74	36	60
74	37	50
74	38	50
74	39	0
74	40	50
75	1	70
75	2	90
75	3	60
75	4	80
75	5	30
75	6	80
75	7	100
75	8	80
75	9	110
75	10	100
75	11	80
75	12	50
75	13	80
75	14	100
75	15	90
75	16	70
75	17	80
75	18	80
75	19	70
75	20	90
75	21	100
75	22	70
75	23	30
75	24	60
75	25	70
75	26	80
75	27	80
75	28	100
75	29	100
75	30	10
75	31	50
75	32	70
75	33	60
75	34	110
75	35	90
75	36	60
75	37	80
75	38	70
75	39	50
75	40	110
76	1	50
76	2	70
76	3	70
76	4	50
76	5	30
76	6	100
76	7	70
76	8	90
76	9	90
76	10	70
76	11	100
76	12	50
76	13	70
76	14	80
76	15	90
76	16	70
76	17	50
76	18	50
76	19	50
76	20	70
76	21	130
76	22	90
76	23	30
76	24	50
76	25	70
76	26	90
76	27	80
76	28	90
76	29	50
76	30	0
76	31	40
76	32	90
76	33	50
76	34	70
76	35	70
76	36	60
76	37	70
76	38	70
76	39	60
76	40	70
77	1	40
77	2	60
77	3	90
77	4	70
77	5	100
77	6	120
77	7	0
77	8	70
77	9	90
77	10	90
77	11	80
77	12	70
77	13	0
77	14	60
77	15	110
77	16	60
77	17	0
77	18	90
77	19	50
77	20	70
77	21	40
77	22	90
77	23	60
77	24	50
77	25	70
77	26	90
77	27	30
77	28	90
77	29	20
77	30	70
77	31	70
77	32	90
77	33	50
77	34	60
77	35	90
77	36	10
77	37	50
77	38	70
77	39	90
77	40	70
78	1	20
78	2	20
78	3	90
78	4	90
78	5	100
78	6	100
78	7	20
78	8	110
78	9	70
78	10	130
78	11	120
78	12	50
78	13	0
78	14	80
78	15	90
78	16	40
78	17	20
78	18	70
78	19	70
78	20	70
78	21	40
78	22	110
78	23	100
78	24	50
78	25	90
78	26	110
78	27	10
78	28	110
78	29	40
78	30	50
78	31	90
78	32	110
78	33	50
78	34	40
78	35	110
78	36	10
78	37	50
78	38	50
78	39	70
78	40	90
79	1	0
79	2	0
79	3	70
79	4	70
79	5	70
79	6	70
79	7	40
79	8	90
79	9	70
79	10	70
79	11	90
79	12	50
79	13	20
79	14	90
79	15	70
79	16	20
79	17	20
79	18	50
79	19	70
79	20	70
79	21	40
79	22	90
79	23	70
79	24	50
79	25	90
79	26	70
79	27	0
79	28	70
79	29	20
79	30	50
79	31	70
79	32	70
79	33	50
79	34	20
79	35	70
79	36	0
79	37	70
79	38	50
79	39	90
79	40	90
80	1	50
80	2	50
80	3	70
80	4	70
80	5	10
80	6	80
80	7	70
80	8	50
80	9	70
80	10	70
80	11	60
80	12	50
80	13	70
80	14	80
80	15	50
80	16	50
80	17	50
80	18	50
80	19	50
80	20	50
80	21	70
80	22	50
80	23	10
80	24	50
80	25	50
80	26	50
80	27	60
80	28	70
80	29	50
80	30	0
80	31	0
80	32	50
80	33	50
80	34	50
80	35	50
80	36	60
80	37	70
80	38	50
80	39	20
80	40	70
81	1	90
81	2	110
81	3	90
81	4	90
81	5	40
81	6	110
81	7	70
81	8	110
81	9	90
81	10	130
81	11	110
81	12	70
81	13	50
81	14	70
81	15	110
81	16	110
81	17	70
81	18	90
81	19	70
81	20	90
81	21	110
81	22	130
81	23	40
81	24	50
81	25	90
81	26	110
81	27	70
81	28	130
81	29	90
81	30	20
81	31	60
81	32	110
81	33	50
81	34	130
81	35	130
81	36	50
81	37	50
81	38	70
81	39	40
81	40	90
82	1	20
82	2	40
82	3	80
82	4	80
82	5	100
82	6	100
82	7	50
82	8	100
82	9	110
82	10	100
82	11	100
82	12	50
82	13	30
82	14	100
82	15	110
82	16	40
82	17	30
82	18	70
82	19	70
82	20	90
82	21	60
82	22	90
82	23	80
82	24	50
82	25	90
82	26	90
82	27	30
82	28	100
82	29	50
82	30	60
82	31	90
82	32	90
82	33	50
82	34	60
82	35	90
82	36	10
82	37	70
82	38	70
82	39	120
82	40	110
83	1	20
83	2	20
83	3	70
83	4	70
83	5	80
83	6	80
83	7	0
83	8	50
83	9	70
83	10	90
83	11	60
83	12	50
83	13	0
83	14	60
83	15	70
83	16	20
83	17	0
83	18	70
83	19	50
83	20	50
83	21	0
83	22	50
83	23	60
83	24	50
83	25	50
83	26	70
83	27	10
83	28	70
83	29	20
83	30	50
83	31	50
83	32	70
83	33	50
83	34	20
83	35	70
83	36	10
83	37	50
83	38	50
83	39	50
83	40	70
84	1	0
84	2	20
84	3	50
84	4	70
84	5	60
84	6	80
84	7	40
84	8	90
84	9	90
84	10	90
84	11	100
84	12	50
84	13	20
84	14	100
84	15	70
84	16	0
84	17	20
84	18	50
84	19	70
84	20	90
84	21	60
84	22	90
84	23	100
84	24	50
84	25	70
84	26	70
84	27	30
84	28	110
84	29	20
84	30	50
84	31	110
84	32	70
84	33	50
84	34	40
84	35	90
84	36	10
84	37	70
84	38	70
84	39	90
84	40	90
85	1	70
85	2	70
85	3	80
85	4	80
85	5	50
85	6	80
85	7	100
85	8	120
85	9	90
85	10	120
85	11	120
85	12	50
85	13	80
85	14	100
85	15	90
85	16	90
85	17	80
85	18	70
85	19	70
85	20	70
85	21	110
85	22	110
85	23	50
85	24	50
85	25	90
85	26	110
85	27	60
85	28	100
85	29	100
85	30	10
85	31	40
85	32	110
85	33	50
85	34	90
85	35	110
85	36	60
85	37	70
85	38	50
85	39	50
85	40	110
86	1	0
86	2	0
86	3	80
86	4	100
86	5	60
86	6	80
86	7	50
86	8	100
86	9	70
86	10	120
86	11	100
86	12	50
86	13	30
86	14	100
86	15	50
86	16	0
86	17	30
86	18	50
86	19	70
86	20	70
86	21	40
86	22	90
86	23	100
86	24	50
86	25	70
86	26	70
86	27	10
86	28	120
86	29	30
86	30	60
86	31	90
86	32	70
86	33	50
86	34	20
86	35	90
86	36	10
86	37	70
86	38	50
86	39	80
86	40	90
87	1	0
87	2	20
87	3	70
87	4	50
87	5	70
87	6	90
87	7	0
87	8	90
87	9	70
87	10	50
87	11	90
87	12	50
87	13	0
87	14	50
87	15	110
87	16	20
87	17	20
87	18	50
87	19	50
87	20	70
87	21	40
87	22	70
87	23	50
87	24	70
87	25	70
87	26	70
87	27	20
87	28	70
87	29	0
87	30	50
87	31	70
87	32	70
87	33	50
87	34	20
87	35	50
87	36	0
87	37	50
87	38	70
87	39	90
87	40	50
88	1	50
88	2	50
88	3	90
88	4	70
88	5	20
88	6	90
88	7	50
88	8	70
88	9	50
88	10	70
88	11	70
88	12	50
88	13	50
88	14	50
88	15	70
88	16	70
88	17	50
88	18	50
88	19	50
88	20	50
88	21	70
88	22	70
88	23	0
88	24	50
88	25	70
88	26	70
88	27	50
88	28	70
88	29	50
88	30	0
88	31	0
88	32	70
88	33	50
88	34	50
88	35	50
88	36	50
88	37	50
88	38	50
88	39	20
88	40	50
89	1	0
89	2	0
89	3	80
89	4	80
89	5	80
89	6	80
89	7	50
89	8	120
89	9	70
89	10	80
89	11	120
89	12	50
89	13	30
89	14	100
89	15	90
89	16	20
89	17	50
89	18	60
89	19	70
89	20	70
89	21	50
89	22	90
89	23	80
89	24	80
89	25	90
89	26	80
89	27	10
89	28	80
89	29	30
89	30	60
89	31	80
89	32	70
89	33	60
89	34	20
89	35	70
89	36	10
89	37	80
89	38	50
89	39	100
89	40	90
90	1	70
90	2	90
90	3	70
90	4	50
90	5	50
90	6	100
90	7	50
90	8	110
90	9	90
90	10	90
90	11	120
90	12	50
90	13	50
90	14	60
90	15	130
90	16	90
90	17	70
90	18	70
90	19	50
90	20	70
90	21	110
90	22	90
90	23	30
90	24	70
90	25	70
90	26	110
90	27	80
90	28	90
90	29	70
90	30	0
90	31	40
90	32	110
90	33	50
90	34	90
90	35	90
90	36	60
90	37	50
90	38	70
90	39	40
90	40	70
91	1	40
91	2	60
91	3	90
91	4	90
91	5	100
91	6	120
91	7	20
91	8	90
91	9	90
91	10	110
91	11	100
91	12	70
91	13	0
91	14	80
91	15	110
91	16	60
91	17	20
91	18	90
91	19	70
91	20	90
91	21	40
91	22	110
91	23	80
91	24	50
91	25	90
91	26	90
91	27	30
91	28	110
91	29	40
91	30	70
91	31	90
91	32	90
91	33	50
91	34	80
91	35	110
91	36	10
91	37	50
91	38	70
91	39	90
91	40	90
92	1	70
92	2	70
92	3	70
92	4	70
92	5	20
92	6	70
92	7	70
92	8	50
92	9	90
92	10	90
92	11	50
92	12	50
92	13	70
92	14	70
92	15	70
92	16	70
92	17	50
92	18	70
92	19	50
92	20	50
92	21	70
92	22	50
92	23	0
92	24	50
92	25	50
92	26	70
92	27	50
92	28	70
92	29	70
92	30	0
92	31	0
92	32	70
92	33	50
92	34	70
92	35	70
92	36	50
92	37	70
92	38	50
92	39	20
92	40	90
93	1	0
93	2	0
93	3	70
93	4	70
93	5	80
93	6	80
93	7	40
93	8	130
93	9	70
93	10	90
93	11	140
93	12	50
93	13	20
93	14	100
93	15	90
93	16	20
93	17	40
93	18	50
93	19	70
93	20	70
93	21	60
93	22	110
93	23	100
93	24	70
93	25	90
93	26	90
93	27	10
93	28	90
93	29	20
93	30	50
93	31	90
93	32	90
93	33	50
93	34	20
93	35	90
93	36	10
93	37	70
93	38	50
93	39	90
93	40	90
94	1	50
94	2	50
94	3	70
94	4	50
94	5	30
94	6	80
94	7	70
94	8	90
94	9	70
94	10	70
94	11	100
94	12	50
94	13	70
94	14	80
94	15	70
94	16	70
94	17	50
94	18	50
94	19	70
94	20	50
94	21	110
94	22	90
94	23	30
94	24	50
94	25	70
94	26	90
94	27	80
94	28	70
94	29	70
94	30	0
94	31	20
94	32	110
94	33	70
94	34	50
94	35	70
94	36	60
94	37	70
94	38	50
94	39	40
94	40	70
95	1	50
95	2	50
95	3	60
95	4	80
95	5	30
95	6	60
95	7	80
95	8	120
95	9	50
95	10	100
95	11	120
95	12	50
95	13	60
95	14	80
95	15	70
95	16	50
95	17	100
95	18	50
95	19	70
95	20	90
95	21	70
95	22	90
95	23	70
95	24	70
95	25	90
95	26	90
95	27	60
95	28	100
95	29	80
95	30	10
95	31	60
95	32	70
95	33	50
95	34	70
95	35	90
95	36	80
95	37	50
95	38	70
95	39	10
95	40	70
96	1	20
96	2	20
96	3	70
96	4	90
96	5	80
96	6	80
96	7	40
96	8	70
96	9	90
96	10	110
96	11	80
96	12	50
96	13	20
96	14	100
96	15	70
96	16	20
96	17	20
96	18	70
96	19	70
96	20	70
96	21	20
96	22	70
96	23	80
96	24	50
96	25	70
96	26	70
96	27	10
96	28	90
96	29	40
96	30	50
96	31	70
96	32	70
96	33	50
96	34	40
96	35	90
96	36	10
96	37	70
96	38	50
96	39	70
96	40	110
97	1	50
97	2	70
97	3	70
97	4	50
97	5	20
97	6	90
97	7	50
97	8	70
97	9	70
97	10	50
97	11	70
97	12	50
97	13	50
97	14	50
97	15	90
97	16	70
97	17	50
97	18	50
97	19	50
97	20	70
97	21	90
97	22	70
97	23	0
97	24	50
97	25	70
97	26	70
97	27	70
97	28	70
97	29	50
97	30	0
97	31	20
97	32	70
97	33	50
97	34	70
97	35	50
97	36	50
97	37	50
97	38	70
97	39	40
97	40	50
98	1	50
98	2	50
98	3	50
98	4	50
98	5	10
98	6	60
98	7	70
98	8	70
98	9	70
98	10	50
98	11	80
98	12	50
98	13	70
98	14	80
98	15	70
98	16	50
98	17	70
98	18	50
98	19	50
98	20	50
98	21	70
98	22	50
98	23	10
98	24	70
98	25	50
98	26	50
98	27	60
98	28	50
98	29	50
98	30	0
98	31	0
98	32	50
98	33	50
98	34	50
98	35	50
98	36	60
98	37	70
98	38	50
98	39	20
98	40	70
99	1	0
99	2	0
99	3	70
99	4	70
99	5	70
99	6	70
99	7	40
99	8	110
99	9	70
99	10	90
99	11	110
99	12	50
99	13	20
99	14	90
99	15	70
99	16	20
99	17	20
99	18	50
99	19	70
99	20	70
99	21	60
99	22	110
99	23	90
99	24	50
99	25	90
99	26	90
99	27	0
99	28	90
99	29	20
99	30	50
99	31	90
99	32	90
99	33	50
99	34	20
99	35	90
99	36	0
99	37	70
99	38	50
99	39	90
99	40	90
100	1	70
100	2	90
100	3	100
100	4	100
100	5	50
100	6	120
100	7	100
100	8	120
100	9	110
100	10	140
100	11	120
100	12	50
100	13	80
100	14	100
100	15	110
100	16	90
100	17	80
100	18	70
100	19	70
100	20	90
100	21	130
100	22	110
100	23	50
100	24	50
100	25	90
100	26	110
100	27	80
100	28	140
100	29	100
100	30	10
100	31	60
100	32	110
100	33	50
100	34	110
100	35	110
100	36	60
100	37	70
100	38	70
100	39	70
100	40	110
101	1	50
101	2	70
101	3	80
101	4	60
101	5	30
101	6	100
101	7	80
101	8	80
101	9	90
101	10	60
101	11	80
101	12	50
101	13	80
101	14	80
101	15	90
101	16	70
101	17	60
101	18	50
101	19	50
101	20	70
101	21	110
101	22	70
101	23	10
101	24	50
101	25	70
101	26	70
101	27	80
101	28	80
101	29	60
101	30	10
101	31	20
101	32	70
101	33	50
101	34	70
101	35	50
101	36	60
101	37	70
101	38	70
101	39	70
101	40	70
102	1	20
102	2	40
102	3	100
102	4	100
102	5	80
102	6	120
102	7	30
102	8	120
102	9	70
102	10	120
102	11	120
102	12	70
102	13	10
102	14	80
102	15	90
102	16	40
102	17	30
102	18	80
102	19	70
102	20	90
102	21	70
102	22	130
102	23	100
102	24	60
102	25	90
102	26	100
102	27	30
102	28	140
102	29	30
102	30	80
102	31	120
102	32	90
102	33	60
102	34	60
102	35	110
102	36	10
102	37	60
102	38	70
102	39	100
102	40	70
103	1	20
103	2	40
103	3	70
103	4	70
103	5	90
103	6	90
103	7	20
103	8	110
103	9	90
103	10	90
103	11	110
103	12	50
103	13	0
103	14	70
103	15	130
103	16	40
103	17	40
103	18	70
103	19	70
103	20	90
103	21	40
103	22	90
103	23	70
103	24	70
103	25	90
103	26	90
103	27	20
103	28	90
103	29	40
103	30	50
103	31	90
103	32	90
103	33	50
103	34	60
103	35	90
103	36	0
103	37	50
103	38	70
103	39	90
103	40	90
104	1	0
104	2	20
104	3	70
104	4	70
104	5	80
104	6	100
104	7	40
104	8	90
104	9	90
104	10	70
104	11	100
104	12	50
104	13	20
104	14	100
104	15	90
104	16	20
104	17	20
104	18	50
104	19	90
104	20	90
104	21	60
104	22	90
104	23	80
104	24	50
104	25	90
104	26	70
104	27	50
104	28	90
104	29	40
104	30	50
104	31	90
104	32	90
104	33	70
104	34	40
104	35	70
104	36	10
104	37	70
104	38	70
104	39	110
104	40	90
105	1	0
105	2	0
105	3	50
105	4	50
105	5	50
105	6	50
105	7	20
105	8	70
105	9	70
105	10	70
105	11	70
105	12	50
105	13	20
105	14	70
105	15	50
105	16	0
105	17	0
105	18	50
105	19	50
105	20	50
105	21	40
105	22	70
105	23	70
105	24	50
105	25	50
105	26	70
105	27	0
105	28	70
105	29	0
105	30	50
105	31	70
105	32	70
105	33	50
105	34	0
105	35	70
105	36	0
105	37	70
105	38	50
105	39	70
105	40	70
106	1	50
106	2	50
106	3	90
106	4	70
106	5	30
106	6	100
106	7	50
106	8	70
106	9	50
106	10	70
106	11	80
106	12	50
106	13	50
106	14	60
106	15	70
106	16	70
106	17	50
106	18	50
106	19	50
106	20	50
106	21	70
106	22	70
106	23	10
106	24	50
106	25	70
106	26	70
106	27	60
106	28	70
106	29	50
106	30	0
106	31	0
106	32	70
106	33	50
106	34	50
106	35	50
106	36	60
106	37	50
106	38	50
106	39	20
106	40	50
107	1	0
107	2	20
107	3	80
107	4	80
107	5	80
107	6	100
107	7	30
107	8	140
107	9	70
107	10	100
107	11	140
107	12	50
107	13	10
107	14	80
107	15	110
107	16	20
107	17	50
107	18	60
107	19	70
107	20	90
107	21	70
107	22	110
107	23	100
107	24	80
107	25	90
107	26	100
107	27	30
107	28	120
107	29	30
107	30	60
107	31	120
107	32	90
107	33	60
107	34	40
107	35	90
107	36	10
107	37	60
107	38	70
107	39	100
107	40	70
108	1	0
108	2	0
108	3	80
108	4	60
108	5	80
108	6	80
108	7	30
108	8	80
108	9	70
108	10	60
108	11	80
108	12	50
108	13	30
108	14	80
108	15	70
108	16	20
108	17	10
108	18	50
108	19	70
108	20	50
108	21	40
108	22	70
108	23	60
108	24	50
108	25	70
108	26	70
108	27	30
108	28	60
108	29	30
108	30	60
108	31	50
108	32	90
108	33	70
108	34	0
108	35	50
108	36	10
108	37	70
108	38	50
108	39	100
108	40	70
109	1	50
109	2	50
109	3	70
109	4	90
109	5	0
109	6	70
109	7	90
109	8	70
109	9	70
109	10	90
109	11	70
109	12	50
109	13	70
109	14	90
109	15	50
109	16	50
109	17	70
109	18	50
109	19	70
109	20	70
109	21	70
109	22	70
109	23	20
109	24	50
109	25	70
109	26	50
109	27	50
109	28	90
109	29	70
109	30	0
109	31	20
109	32	50
109	33	50
109	34	70
109	35	70
109	36	50
109	37	70
109	38	50
109	39	20
109	40	90
110	1	70
110	2	90
110	3	90
110	4	70
110	5	40
110	6	110
110	7	70
110	8	90
110	9	110
110	10	110
110	11	90
110	12	50
110	13	70
110	14	70
110	15	110
110	16	90
110	17	50
110	18	70
110	19	50
110	20	70
110	21	130
110	22	90
110	23	20
110	24	50
110	25	70
110	26	110
110	27	70
110	28	110
110	29	70
110	30	0
110	31	40
110	32	110
110	33	50
110	34	90
110	35	90
110	36	50
110	37	70
110	38	70
110	39	60
110	40	90
111	1	50
111	2	50
111	3	80
111	4	60
111	5	30
111	6	80
111	7	80
111	8	100
111	9	70
111	10	60
111	11	100
111	12	50
111	13	80
111	14	80
111	15	90
111	16	70
111	17	80
111	18	60
111	19	50
111	20	50
111	21	100
111	22	70
111	23	10
111	24	80
111	25	70
111	26	80
111	27	60
111	28	60
111	29	60
111	30	10
111	31	10
111	32	70
111	33	60
111	34	50
111	35	50
111	36	60
111	37	80
111	38	50
111	39	50
111	40	70
112	1	20
112	2	20
112	3	80
112	4	80
112	5	120
112	6	80
112	7	30
112	8	140
112	9	70
112	10	120
112	11	140
112	12	50
112	13	10
112	14	80
112	15	110
112	16	40
112	17	50
112	18	70
112	19	70
112	20	90
112	21	40
112	22	110
112	23	120
112	24	70
112	25	110
112	26	130
112	27	10
112	28	100
112	29	50
112	30	60
112	31	110
112	32	110
112	33	50
112	34	40
112	35	110
112	36	30
112	37	50
112	38	70
112	39	80
112	40	90
113	1	0
113	2	20
113	3	100
113	4	100
113	5	80
113	6	120
113	7	50
113	8	120
113	9	90
113	10	120
113	11	120
113	12	50
113	13	30
113	14	100
113	15	90
113	16	20
113	17	30
113	18	50
113	19	70
113	20	90
113	21	80
113	22	110
113	23	100
113	24	50
113	25	90
113	26	90
113	27	30
113	28	140
113	29	30
113	30	60
113	31	110
113	32	90
113	33	50
113	34	40
113	35	90
113	36	10
113	37	70
113	38	70
113	39	120
113	40	90
114	1	0
114	2	20
114	3	70
114	4	70
114	5	70
114	6	90
114	7	40
114	8	110
114	9	90
114	10	90
114	11	110
114	12	50
114	13	20
114	14	90
114	15	90
114	16	20
114	17	20
114	18	50
114	19	70
114	20	90
114	21	80
114	22	110
114	23	90
114	24	50
114	25	90
114	26	90
114	27	20
114	28	110
114	29	20
114	30	50
114	31	110
114	32	90
114	33	50
114	34	40
114	35	90
114	36	0
114	37	70
114	38	70
114	39	110
114	40	90
115	1	70
115	2	70
115	3	90
115	4	90
115	5	30
115	6	100
115	7	70
115	8	90
115	9	50
115	10	90
115	11	100
115	12	70
115	13	50
115	14	80
115	15	70
115	16	90
115	17	70
115	18	70
115	19	70
115	20	70
115	21	70
115	22	110
115	23	30
115	24	50
115	25	90
115	26	70
115	27	60
115	28	90
115	29	70
115	30	20
115	31	20
115	32	70
115	33	50
115	34	90
115	35	90
115	36	60
115	37	50
115	38	50
115	39	20
115	40	70
116	1	20
116	2	40
116	3	90
116	4	90
116	5	100
116	6	120
116	7	20
116	8	110
116	9	90
116	10	130
116	11	120
116	12	50
116	13	0
116	14	80
116	15	110
116	16	40
116	17	20
116	18	70
116	19	70
116	20	90
116	21	60
116	22	110
116	23	100
116	24	50
116	25	90
116	26	110
116	27	30
116	28	130
116	29	40
116	30	50
116	31	110
116	32	110
116	33	50
116	34	60
116	35	110
116	36	10
116	37	50
116	38	70
116	39	90
116	40	90
117	1	20
117	2	20
117	3	90
117	4	70
117	5	100
117	6	100
117	7	0
117	8	90
117	9	70
117	10	110
117	11	100
117	12	50
117	13	0
117	14	60
117	15	90
117	16	40
117	17	0
117	18	70
117	19	50
117	20	50
117	21	40
117	22	90
117	23	80
117	24	50
117	25	70
117	26	110
117	27	10
117	28	90
117	29	20
117	30	50
117	31	70
117	32	110
117	33	50
117	34	20
117	35	90
117	36	10
117	37	50
117	38	50
117	39	70
117	40	70
118	1	50
118	2	50
118	3	70
118	4	50
118	5	20
118	6	70
118	7	50
118	8	110
118	9	50
118	10	70
118	11	110
118	12	50
118	13	50
118	14	50
118	15	90
118	16	70
118	17	70
118	18	50
118	19	50
118	20	50
118	21	90
118	22	90
118	23	20
118	24	70
118	25	70
118	26	90
118	27	50
118	28	70
118	29	50
118	30	0
118	31	20
118	32	90
118	33	50
118	34	50
118	35	70
118	36	50
118	37	50
118	38	50
118	39	20
118	40	50
119	1	0
119	2	0
119	3	50
119	4	70
119	5	50
119	6	50
119	7	40
119	8	90
119	9	70
119	10	90
119	11	90
119	12	50
119	13	20
119	14	90
119	15	50
119	16	0
119	17	20
119	18	50
119	19	70
119	20	70
119	21	40
119	22	90
119	23	90
119	24	50
119	25	70
119	26	70
119	27	0
119	28	90
119	29	20
119	30	50
119	31	90
119	32	70
119	33	50
119	34	20
119	35	90
119	36	0
119	37	70
119	38	50
119	39	70
119	40	90
120	1	20
120	2	20
120	3	70
120	4	50
120	5	100
120	6	80
120	7	20
120	8	90
120	9	90
120	10	70
120	11	100
120	12	50
120	13	20
120	14	80
120	15	110
120	16	40
120	17	20
120	18	70
120	19	50
120	20	50
120	21	40
120	22	70
120	23	60
120	24	70
120	25	70
120	26	90
120	27	10
120	28	50
120	29	20
120	30	50
120	31	50
120	32	90
120	33	50
120	34	20
120	35	70
120	36	10
120	37	70
120	38	50
120	39	90
120	40	90
121	1	50
121	2	50
121	3	70
121	4	90
121	5	10
121	6	80
121	7	90
121	8	90
121	9	70
121	10	110
121	11	100
121	12	50
121	13	70
121	14	100
121	15	50
121	16	50
121	17	70
121	18	50
121	19	70
121	20	70
121	21	90
121	22	90
121	23	50
121	24	50
121	25	70
121	26	70
121	27	60
121	28	110
121	29	70
121	30	0
121	31	40
121	32	70
121	33	50
121	34	70
121	35	90
121	36	60
121	37	70
121	38	50
121	39	20
121	40	90
122	1	70
122	2	70
122	3	80
122	4	80
122	5	10
122	6	80
122	7	60
122	8	60
122	9	50
122	10	80
122	11	60
122	12	70
122	13	60
122	14	60
122	15	50
122	16	70
122	17	60
122	18	80
122	19	50
122	20	50
122	21	60
122	22	70
122	23	10
122	24	60
122	25	50
122	26	60
122	27	60
122	28	80
122	29	60
122	30	30
122	31	10
122	32	50
122	33	60
122	34	70
122	35	70
122	36	60
122	37	60
122	38	50
122	39	10
122	40	50
123	1	0
123	2	20
123	3	50
123	4	50
123	5	80
123	6	80
123	7	0
123	8	70
123	9	70
123	10	50
123	11	80
123	12	50
123	13	0
123	14	60
123	15	90
123	16	0
123	17	20
123	18	50
123	19	50
123	20	90
123	21	20
123	22	50
123	23	80
123	24	70
123	25	70
123	26	70
123	27	30
123	28	70
123	29	0
123	30	50
123	31	90
123	32	50
123	33	50
123	34	20
123	35	50
123	36	30
123	37	50
123	38	90
123	39	70
123	40	50
124	1	0
124	2	20
124	3	60
124	4	80
124	5	60
124	6	80
124	7	50
124	8	80
124	9	90
124	10	80
124	11	80
124	12	50
124	13	30
124	14	100
124	15	70
124	16	0
124	17	30
124	18	50
124	19	90
124	20	90
124	21	40
124	22	70
124	23	80
124	24	50
124	25	70
124	26	50
124	27	50
124	28	100
124	29	50
124	30	60
124	31	90
124	32	70
124	33	70
124	34	40
124	35	70
124	36	10
124	37	70
124	38	70
124	39	100
124	40	90
125	1	20
125	2	40
125	3	90
125	4	90
125	5	100
125	6	120
125	7	40
125	8	90
125	9	110
125	10	110
125	11	100
125	12	50
125	13	20
125	14	100
125	15	110
125	16	40
125	17	20
125	18	70
125	19	70
125	20	90
125	21	60
125	22	90
125	23	80
125	24	50
125	25	90
125	26	90
125	27	30
125	28	110
125	29	40
125	30	50
125	31	90
125	32	90
125	33	50
125	34	60
125	35	90
125	36	10
125	37	70
125	38	70
125	39	110
125	40	110
126	1	70
126	2	70
126	3	50
126	4	50
126	5	20
126	6	50
126	7	50
126	8	90
126	9	70
126	10	90
126	11	90
126	12	50
126	13	50
126	14	50
126	15	90
126	16	70
126	17	70
126	18	70
126	19	50
126	20	50
126	21	70
126	22	70
126	23	20
126	24	70
126	25	50
126	26	90
126	27	50
126	28	70
126	29	70
126	30	0
126	31	20
126	32	90
126	33	50
126	34	70
126	35	90
126	36	50
126	37	50
126	38	50
126	39	0
126	40	70
127	1	20
127	2	20
127	3	70
127	4	90
127	5	80
127	6	80
127	7	20
127	8	90
127	9	70
127	10	130
127	11	100
127	12	50
127	13	0
127	14	80
127	15	70
127	16	20
127	17	20
127	18	70
127	19	70
127	20	70
127	21	20
127	22	90
127	23	100
127	24	50
127	25	70
127	26	90
127	27	10
127	28	110
127	29	40
127	30	50
127	31	90
127	32	90
127	33	50
127	34	40
127	35	110
127	36	10
127	37	50
127	38	50
127	39	50
127	40	90
128	1	70
128	2	70
128	3	50
128	4	50
128	5	50
128	6	60
128	7	50
128	8	90
128	9	70
128	10	90
128	11	100
128	12	50
128	13	50
128	14	60
128	15	90
128	16	70
128	17	70
128	18	70
128	19	50
128	20	70
128	21	70
128	22	70
128	23	50
128	24	70
128	25	70
128	26	110
128	27	60
128	28	70
128	29	70
128	30	0
128	31	40
128	32	90
128	33	50
128	34	70
128	35	90
128	36	80
128	37	50
128	38	70
128	39	0
128	40	70
129	1	70
129	2	70
129	3	70
129	4	70
129	5	50
129	6	80
129	7	90
129	8	130
129	9	90
129	10	110
129	11	140
129	12	50
129	13	70
129	14	100
129	15	110
129	16	90
129	17	90
129	18	70
129	19	70
129	20	70
129	21	110
129	22	110
129	23	50
129	24	70
129	25	90
129	26	110
129	27	60
129	28	90
129	29	90
129	30	0
129	31	40
129	32	110
129	33	50
129	34	90
129	35	110
129	36	60
129	37	70
129	38	50
129	39	40
129	40	110
130	1	70
130	2	90
130	3	80
130	4	60
130	5	50
130	6	100
130	7	80
130	8	100
130	9	110
130	10	100
130	11	100
130	12	50
130	13	80
130	14	80
130	15	110
130	16	90
130	17	60
130	18	80
130	19	50
130	20	70
130	21	140
130	22	90
130	23	30
130	24	60
130	25	70
130	26	120
130	27	80
130	28	100
130	29	80
130	30	10
130	31	50
130	32	110
130	33	60
130	34	90
130	35	90
130	36	60
130	37	80
130	38	70
130	39	70
130	40	90
131	1	20
131	2	20
131	3	50
131	4	50
131	5	80
131	6	60
131	7	0
131	8	70
131	9	70
131	10	70
131	11	80
131	12	50
131	13	0
131	14	60
131	15	90
131	16	20
131	17	20
131	18	70
131	19	50
131	20	50
131	21	0
131	22	50
131	23	60
131	24	70
131	25	50
131	26	70
131	27	10
131	28	50
131	29	20
131	30	50
131	31	50
131	32	70
131	33	50
131	34	20
131	35	70
131	36	10
131	37	50
131	38	50
131	39	50
131	40	70
132	1	50
132	2	50
132	3	100
132	4	100
132	5	30
132	6	100
132	7	80
132	8	120
132	9	50
132	10	120
132	11	120
132	12	50
132	13	60
132	14	80
132	15	70
132	16	70
132	17	80
132	18	60
132	19	70
132	20	70
132	21	100
132	22	110
132	23	50
132	24	60
132	25	90
132	26	100
132	27	60
132	28	120
132	29	80
132	30	10
132	31	50
132	32	90
132	33	60
132	34	70
132	35	90
132	36	60
132	37	60
132	38	50
132	39	30
132	40	70
133	1	20
133	2	40
133	3	50
133	4	50
133	5	70
133	6	70
133	7	20
133	8	50
133	9	110
133	10	70
133	11	50
133	12	50
133	13	20
133	14	70
133	15	90
133	16	20
133	17	0
133	18	70
133	19	50
133	20	70
133	21	40
133	22	50
133	23	50
133	24	50
133	25	50
133	26	70
133	27	20
133	28	70
133	29	20
133	30	50
133	31	70
133	32	70
133	33	50
133	34	40
133	35	70
133	36	0
133	37	70
133	38	70
133	39	90
133	40	90
134	1	0
134	2	20
134	3	50
134	4	70
134	5	80
134	6	80
134	7	20
134	8	110
134	9	70
134	10	90
134	11	120
134	12	50
134	13	0
134	14	80
134	15	90
134	16	0
134	17	40
134	18	50
134	19	70
134	20	110
134	21	40
134	22	90
134	23	120
134	24	70
134	25	90
134	26	90
134	27	30
134	28	110
134	29	20
134	30	50
134	31	130
134	32	70
134	33	50
134	34	40
134	35	90
134	36	30
134	37	50
134	38	90
134	39	70
134	40	70
135	1	0
135	2	0
135	3	50
135	4	50
135	5	60
135	6	60
135	7	20
135	8	70
135	9	70
135	10	70
135	11	80
135	12	50
135	13	20
135	14	80
135	15	50
135	16	0
135	17	0
135	18	50
135	19	70
135	20	50
135	21	40
135	22	70
135	23	80
135	24	50
135	25	50
135	26	70
135	27	30
135	28	70
135	29	20
135	30	50
135	31	70
135	32	90
135	33	70
135	34	0
135	35	70
135	36	10
135	37	70
135	38	50
135	39	70
135	40	70
136	1	50
136	2	70
136	3	70
136	4	70
136	5	30
136	6	100
136	7	90
136	8	90
136	9	90
136	10	70
136	11	100
136	12	50
136	13	70
136	14	100
136	15	90
136	16	70
136	17	70
136	18	50
136	19	90
136	20	90
136	21	110
136	22	90
136	23	30
136	24	50
136	25	90
136	26	70
136	27	100
136	28	90
136	29	90
136	30	0
136	31	40
136	32	90
136	33	70
136	34	90
136	35	70
136	36	60
136	37	70
136	38	70
136	39	60
136	40	90
137	1	20
137	2	20
137	3	60
137	4	80
137	5	80
137	6	60
137	7	50
137	8	120
137	9	90
137	10	120
137	11	120
137	12	50
137	13	30
137	14	100
137	15	90
137	16	20
137	17	50
137	18	80
137	19	70
137	20	70
137	21	50
137	22	90
137	23	100
137	24	80
137	25	70
137	26	100
137	27	10
137	28	100
137	29	50
137	30	60
137	31	100
137	32	90
137	33	60
137	34	40
137	35	110
137	36	10
137	37	80
137	38	50
137	39	80
137	40	110
138	1	0
138	2	20
138	3	100
138	4	80
138	5	80
138	6	120
138	7	10
138	8	100
138	9	70
138	10	100
138	11	100
138	12	50
138	13	10
138	14	60
138	15	90
138	16	20
138	17	10
138	18	60
138	19	50
138	20	70
138	21	70
138	22	90
138	23	80
138	24	60
138	25	70
138	26	100
138	27	30
138	28	120
138	29	10
138	30	60
138	31	100
138	32	90
138	33	60
138	34	20
138	35	70
138	36	10
138	37	60
138	38	70
138	39	100
138	40	50
139	1	0
139	2	0
139	3	80
139	4	60
139	5	80
139	6	80
139	7	10
139	8	100
139	9	50
139	10	60
139	11	100
139	12	50
139	13	10
139	14	60
139	15	90
139	16	20
139	17	30
139	18	50
139	19	50
139	20	50
139	21	20
139	22	70
139	23	60
139	24	70
139	25	70
139	26	70
139	27	10
139	28	60
139	29	10
139	30	60
139	31	50
139	32	70
139	33	50
139	34	0
139	35	50
139	36	10
139	37	50
139	38	50
139	39	80
139	40	50
140	1	0
140	2	20
140	3	70
140	4	70
140	5	100
140	6	100
140	7	20
140	8	130
140	9	70
140	10	90
140	11	140
140	12	50
140	13	0
140	14	80
140	15	110
140	16	20
140	17	40
140	18	50
140	19	70
140	20	110
140	21	60
140	22	110
140	23	120
140	24	70
140	25	110
140	26	110
140	27	30
140	28	110
140	29	20
140	30	50
140	31	130
140	32	90
140	33	50
140	34	40
140	35	90
140	36	30
140	37	50
140	38	90
140	39	90
140	40	70
141	1	70
141	2	70
141	3	80
141	4	60
141	5	50
141	6	80
141	7	80
141	8	120
141	9	90
141	10	100
141	11	120
141	12	50
141	13	80
141	14	80
141	15	110
141	16	90
141	17	80
141	18	80
141	19	50
141	20	50
141	21	120
141	22	90
141	23	30
141	24	80
141	25	70
141	26	120
141	27	60
141	28	80
141	29	80
141	30	10
141	31	30
141	32	110
141	33	60
141	34	70
141	35	90
141	36	60
141	37	80
141	38	50
141	39	50
141	40	90
142	1	20
142	2	20
142	3	60
142	4	60
142	5	80
142	6	60
142	7	30
142	8	60
142	9	90
142	10	80
142	11	60
142	12	50
142	13	30
142	14	80
142	15	70
142	16	20
142	17	10
142	18	70
142	19	50
142	20	50
142	21	20
142	22	50
142	23	60
142	24	50
142	25	50
142	26	70
142	27	10
142	28	60
142	29	30
142	30	60
142	31	50
142	32	70
142	33	50
142	34	20
142	35	70
142	36	10
142	37	70
142	38	50
142	39	80
142	40	90
143	1	50
143	2	50
143	3	60
143	4	60
143	5	10
143	6	60
143	7	80
143	8	60
143	9	70
143	10	60
143	11	60
143	12	50
143	13	80
143	14	80
143	15	50
143	16	50
143	17	60
143	18	50
143	19	70
143	20	50
143	21	70
143	22	50
143	23	10
143	24	50
143	25	50
143	26	50
143	27	80
143	28	60
143	29	80
143	30	10
143	31	0
143	32	70
143	33	70
143	34	50
143	35	50
143	36	60
143	37	70
143	38	50
143	39	30
143	40	70
144	1	70
144	2	70
144	3	80
144	4	60
144	5	50
144	6	80
144	7	80
144	8	100
144	9	90
144	10	100
144	11	100
144	12	50
144	13	80
144	14	80
144	15	90
144	16	90
144	17	60
144	18	70
144	19	70
144	20	50
144	21	110
144	22	90
144	23	30
144	24	50
144	25	70
144	26	110
144	27	80
144	28	80
144	29	100
144	30	10
144	31	20
144	32	130
144	33	70
144	34	70
144	35	90
144	36	60
144	37	70
144	38	50
144	39	50
144	40	90
145	1	0
145	2	20
145	3	60
145	4	60
145	5	60
145	6	80
145	7	10
145	8	100
145	9	70
145	10	80
145	11	100
145	12	50
145	13	10
145	14	60
145	15	90
145	16	0
145	17	30
145	18	60
145	19	50
145	20	70
145	21	50
145	22	70
145	23	80
145	24	80
145	25	50
145	26	80
145	27	30
145	28	100
145	29	10
145	30	60
145	31	100
145	32	70
145	33	60
145	34	20
145	35	70
145	36	10
145	37	60
145	38	70
145	39	80
145	40	50
146	1	20
146	2	40
146	3	70
146	4	50
146	5	100
146	6	100
146	7	20
146	8	90
146	9	110
146	10	90
146	11	100
146	12	50
146	13	20
146	14	80
146	15	110
146	16	40
146	17	0
146	18	70
146	19	50
146	20	70
146	21	80
146	22	90
146	23	80
146	24	50
146	25	70
146	26	110
146	27	30
146	28	90
146	29	20
146	30	50
146	31	90
146	32	110
146	33	50
146	34	40
146	35	90
146	36	10
146	37	70
146	38	70
146	39	110
146	40	90
147	1	50
147	2	50
147	3	100
147	4	100
147	5	30
147	6	100
147	7	80
147	8	120
147	9	50
147	10	120
147	11	120
147	12	50
147	13	60
147	14	80
147	15	70
147	16	70
147	17	80
147	18	50
147	19	70
147	20	70
147	21	90
147	22	110
147	23	50
147	24	50
147	25	90
147	26	90
147	27	60
147	28	120
147	29	80
147	30	10
147	31	40
147	32	90
147	33	50
147	34	70
147	35	90
147	36	60
147	37	50
147	38	50
147	39	30
147	40	70
148	1	20
148	2	40
148	3	90
148	4	70
148	5	100
148	6	120
148	7	0
148	8	90
148	9	90
148	10	110
148	11	100
148	12	50
148	13	0
148	14	60
148	15	110
148	16	40
148	17	0
148	18	70
148	19	50
148	20	70
148	21	60
148	22	90
148	23	80
148	24	50
148	25	70
148	26	110
148	27	30
148	28	110
148	29	20
148	30	50
148	31	90
148	32	110
148	33	50
148	34	40
148	35	90
148	36	10
148	37	50
148	38	70
148	39	90
148	40	70
149	1	50
149	2	70
149	3	80
149	4	100
149	5	10
149	6	100
149	7	100
149	8	80
149	9	90
149	10	100
149	11	80
149	12	50
149	13	80
149	14	100
149	15	70
149	16	50
149	17	80
149	18	60
149	19	70
149	20	90
149	21	100
149	22	70
149	23	30
149	24	60
149	25	70
149	26	60
149	27	80
149	28	120
149	29	80
149	30	10
149	31	50
149	32	50
149	33	60
149	34	90
149	35	70
149	36	60
149	37	80
149	38	70
149	39	50
149	40	90
150	1	0
150	2	20
150	3	80
150	4	100
150	5	60
150	6	100
150	7	30
150	8	100
150	9	70
150	10	120
150	11	100
150	12	50
150	13	10
150	14	80
150	15	70
150	16	0
150	17	30
150	18	60
150	19	70
150	20	90
150	21	50
150	22	90
150	23	100
150	24	60
150	25	70
150	26	80
150	27	30
150	28	140
150	29	30
150	30	60
150	31	120
150	32	70
150	33	60
150	34	40
150	35	90
150	36	10
150	37	60
150	38	70
150	39	80
150	40	70
151	1	70
151	2	90
151	3	100
151	4	80
151	5	50
151	6	120
151	7	80
151	8	100
151	9	110
151	10	120
151	11	100
151	12	50
151	13	80
151	14	80
151	15	110
151	16	90
151	17	60
151	18	80
151	19	50
151	20	70
151	21	140
151	22	90
151	23	30
151	24	60
151	25	70
151	26	120
151	27	80
151	28	120
151	29	80
151	30	10
151	31	50
151	32	110
151	33	60
151	34	90
151	35	90
151	36	60
151	37	80
151	38	70
151	39	70
151	40	90
152	1	70
152	2	70
152	3	100
152	4	80
152	5	50
152	6	100
152	7	60
152	8	100
152	9	70
152	10	120
152	11	100
152	12	50
152	13	60
152	14	60
152	15	90
152	16	90
152	17	60
152	18	70
152	19	50
152	20	50
152	21	90
152	22	90
152	23	30
152	24	50
152	25	70
152	26	110
152	27	60
152	28	100
152	29	80
152	30	10
152	31	20
152	32	110
152	33	50
152	34	70
152	35	90
152	36	60
152	37	50
152	38	50
152	39	30
152	40	70
153	1	90
153	2	90
153	3	70
153	4	90
153	5	30
153	6	80
153	7	70
153	8	70
153	9	70
153	10	110
153	11	80
153	12	70
153	13	50
153	14	80
153	15	70
153	16	90
153	17	70
153	18	90
153	19	70
153	20	70
153	21	50
153	22	90
153	23	30
153	24	50
153	25	70
153	26	70
153	27	60
153	28	90
153	29	90
153	30	20
153	31	20
153	32	70
153	33	50
153	34	110
153	35	110
153	36	60
153	37	50
153	38	50
153	39	0
153	40	90
154	1	50
154	2	50
154	3	80
154	4	60
154	5	30
154	6	80
154	7	80
154	8	80
154	9	70
154	10	60
154	11	80
154	12	50
154	13	80
154	14	80
154	15	70
154	16	70
154	17	60
154	18	50
154	19	50
154	20	50
154	21	90
154	22	70
154	23	10
154	24	50
154	25	70
154	26	70
154	27	60
154	28	60
154	29	60
154	30	10
154	31	0
154	32	70
154	33	50
154	34	50
154	35	50
154	36	60
154	37	70
154	38	50
154	39	50
154	40	70
155	1	50
155	2	50
155	3	60
155	4	80
155	5	10
155	6	60
155	7	100
155	8	100
155	9	70
155	10	100
155	11	100
155	12	50
155	13	80
155	14	100
155	15	50
155	16	50
155	17	80
155	18	60
155	19	70
155	20	70
155	21	100
155	22	90
155	23	50
155	24	60
155	25	70
155	26	80
155	27	60
155	28	100
155	29	80
155	30	10
155	31	50
155	32	70
155	33	60
155	34	70
155	35	90
155	36	60
155	37	80
155	38	50
155	39	30
155	40	90
156	1	90
156	2	110
156	3	70
156	4	70
156	5	30
156	6	100
156	7	50
156	8	70
156	9	90
156	10	110
156	11	80
156	12	70
156	13	50
156	14	60
156	15	90
156	16	90
156	17	50
156	18	90
156	19	50
156	20	70
156	21	90
156	22	90
156	23	30
156	24	50
156	25	50
156	26	90
156	27	80
156	28	110
156	29	70
156	30	20
156	31	40
156	32	90
156	33	50
156	34	110
156	35	110
156	36	60
156	37	50
156	38	70
156	39	20
156	40	70
157	1	0
157	2	0
157	3	60
157	4	80
157	5	60
157	6	60
157	7	30
157	8	100
157	9	50
157	10	80
157	11	100
157	12	50
157	13	10
157	14	80
157	15	70
157	16	0
157	17	50
157	18	50
157	19	70
157	20	70
157	21	0
157	22	70
157	23	80
157	24	70
157	25	70
157	26	50
157	27	10
157	28	80
157	29	30
157	30	60
157	31	70
157	32	50
157	33	50
157	34	20
157	35	70
157	36	10
157	37	50
157	38	50
157	39	60
157	40	70
158	1	0
158	2	20
158	3	80
158	4	100
158	5	60
158	6	100
158	7	50
158	8	100
158	9	90
158	10	120
158	11	100
158	12	50
158	13	30
158	14	100
158	15	70
158	16	0
158	17	30
158	18	60
158	19	70
158	20	90
158	21	70
158	22	90
158	23	100
158	24	60
158	25	70
158	26	80
158	27	30
158	28	140
158	29	30
158	30	60
158	31	120
158	32	70
158	33	60
158	34	40
158	35	90
158	36	10
158	37	80
158	38	70
158	39	100
158	40	90
159	1	0
159	2	20
159	3	50
159	4	70
159	5	60
159	6	80
159	7	40
159	8	70
159	9	90
159	10	70
159	11	80
159	12	50
159	13	20
159	14	100
159	15	70
159	16	0
159	17	20
159	18	50
159	19	90
159	20	90
159	21	40
159	22	70
159	23	80
159	24	50
159	25	70
159	26	50
159	27	50
159	28	90
159	29	40
159	30	50
159	31	90
159	32	70
159	33	70
159	34	40
159	35	70
159	36	10
159	37	70
159	38	70
159	39	90
159	40	90
160	1	20
160	2	40
160	3	50
160	4	70
160	5	70
160	6	70
160	7	20
160	8	70
160	9	90
160	10	90
160	11	70
160	12	50
160	13	0
160	14	70
160	15	90
160	16	20
160	17	20
160	18	70
160	19	70
160	20	90
160	21	20
160	22	70
160	23	70
160	24	50
160	25	70
160	26	70
160	27	20
160	28	90
160	29	40
160	30	50
160	31	90
160	32	70
160	33	50
160	34	60
160	35	90
160	36	0
160	37	50
160	38	70
160	39	70
160	40	90
161	1	50
161	2	70
161	3	90
161	4	70
161	5	20
161	6	110
161	7	50
161	8	90
161	9	70
161	10	90
161	11	90
161	12	50
161	13	50
161	14	50
161	15	90
161	16	70
161	17	50
161	18	50
161	19	50
161	20	70
161	21	110
161	22	90
161	23	20
161	24	50
161	25	70
161	26	90
161	27	70
161	28	110
161	29	50
161	30	0
161	31	40
161	32	90
161	33	50
161	34	70
161	35	70
161	36	50
161	37	50
161	38	70
161	39	40
161	40	50
162	1	20
162	2	40
162	3	100
162	4	80
162	5	100
162	6	120
162	7	30
162	8	100
162	9	110
162	10	120
162	11	100
162	12	50
162	13	30
162	14	80
162	15	110
162	16	40
162	17	10
162	18	80
162	19	50
162	20	70
162	21	90
162	22	90
162	23	80
162	24	60
162	25	70
162	26	120
162	27	30
162	28	120
162	29	30
162	30	60
162	31	100
162	32	110
162	33	60
162	34	40
162	35	90
162	36	10
162	37	80
162	38	70
162	39	120
162	40	90
163	1	50
163	2	70
163	3	50
163	4	50
163	5	0
163	6	70
163	7	50
163	8	50
163	9	70
163	10	50
163	11	50
163	12	50
163	13	50
163	14	50
163	15	70
163	16	50
163	17	50
163	18	50
163	19	50
163	20	70
163	21	70
163	22	50
163	23	0
163	24	50
163	25	50
163	26	50
163	27	70
163	28	70
163	29	50
163	30	0
163	31	20
163	32	50
163	33	50
163	34	70
163	35	50
163	36	50
163	37	50
163	38	70
163	39	20
163	40	50
164	1	20
164	2	40
164	3	60
164	4	60
164	5	100
164	6	80
164	7	10
164	8	80
164	9	90
164	10	80
164	11	80
164	12	50
164	13	10
164	14	60
164	15	110
164	16	20
164	17	30
164	18	80
164	19	50
164	20	90
164	21	30
164	22	50
164	23	80
164	24	80
164	25	70
164	26	100
164	27	30
164	28	80
164	29	30
164	30	60
164	31	100
164	32	70
164	33	60
164	34	40
164	35	70
164	36	30
164	37	60
164	38	90
164	39	80
164	40	70
165	1	20
165	2	20
165	3	70
165	4	70
165	5	100
165	6	80
165	7	40
165	8	90
165	9	90
165	10	90
165	11	100
165	12	50
165	13	20
165	14	100
165	15	90
165	16	40
165	17	20
165	18	70
165	19	90
165	20	70
165	21	40
165	22	90
165	23	80
165	24	50
165	25	90
165	26	90
165	27	30
165	28	70
165	29	60
165	30	50
165	31	70
165	32	110
165	33	70
165	34	40
165	35	90
165	36	10
165	37	70
165	38	50
165	39	90
165	40	110
166	1	20
166	2	20
166	3	70
166	4	50
166	5	100
166	6	80
166	7	20
166	8	90
166	9	90
166	10	70
166	11	100
166	12	50
166	13	20
166	14	80
166	15	110
166	16	40
166	17	20
166	18	70
166	19	50
166	20	50
166	21	40
166	22	70
166	23	60
166	24	70
166	25	70
166	26	90
166	27	10
166	28	50
166	29	20
166	30	50
166	31	50
166	32	90
166	33	50
166	34	20
166	35	70
166	36	10
166	37	70
166	38	50
166	39	90
166	40	90
167	1	20
167	2	40
167	3	70
167	4	70
167	5	70
167	6	90
167	7	20
167	8	70
167	9	110
167	10	110
167	11	70
167	12	50
167	13	20
167	14	70
167	15	90
167	16	20
167	17	0
167	18	70
167	19	50
167	20	70
167	21	60
167	22	70
167	23	70
167	24	50
167	25	50
167	26	90
167	27	20
167	28	110
167	29	20
167	30	50
167	31	90
167	32	90
167	33	50
167	34	40
167	35	90
167	36	0
167	37	70
167	38	70
167	39	90
167	40	90
168	1	90
168	2	110
168	3	90
168	4	90
168	5	50
168	6	120
168	7	70
168	8	110
168	9	90
168	10	130
168	11	120
168	12	70
168	13	50
168	14	80
168	15	110
168	16	110
168	17	70
168	18	90
168	19	70
168	20	90
168	21	110
168	22	130
168	23	50
168	24	50
168	25	90
168	26	110
168	27	80
168	28	130
168	29	90
168	30	20
168	31	60
168	32	110
168	33	50
168	34	130
168	35	130
168	36	60
168	37	50
168	38	70
168	39	40
168	40	90
169	1	50
169	2	70
169	3	80
169	4	80
169	5	30
169	6	100
169	7	100
169	8	100
169	9	90
169	10	80
169	11	100
169	12	50
169	13	80
169	14	100
169	15	90
169	16	70
169	17	80
169	18	60
169	19	90
169	20	90
169	21	120
169	22	90
169	23	30
169	24	60
169	25	90
169	26	80
169	27	100
169	28	100
169	29	100
169	30	10
169	31	50
169	32	90
169	33	80
169	34	90
169	35	70
169	36	60
169	37	80
169	38	70
169	39	70
169	40	90
170	1	70
170	2	90
170	3	100
170	4	100
170	5	50
170	6	120
170	7	100
170	8	100
170	9	110
170	10	120
170	11	100
170	12	50
170	13	80
170	14	100
170	15	110
170	16	90
170	17	80
170	18	70
170	19	70
170	20	90
170	21	110
170	22	90
170	23	30
170	24	50
170	25	90
170	26	90
170	27	80
170	28	120
170	29	100
170	30	10
170	31	40
170	32	90
170	33	50
170	34	110
170	35	90
170	36	60
170	37	70
170	38	70
170	39	70
170	40	110
171	1	90
171	2	110
171	3	70
171	4	70
171	5	20
171	6	90
171	7	50
171	8	50
171	9	90
171	10	90
171	11	50
171	12	70
171	13	50
171	14	50
171	15	90
171	16	90
171	17	50
171	18	90
171	19	50
171	20	70
171	21	70
171	22	70
171	23	0
171	24	50
171	25	50
171	26	70
171	27	70
171	28	90
171	29	70
171	30	20
171	31	20
171	32	70
171	33	50
171	34	110
171	35	90
171	36	50
171	37	50
171	38	70
171	39	20
171	40	70
172	1	20
172	2	40
172	3	70
172	4	50
172	5	90
172	6	90
172	7	20
172	8	90
172	9	110
172	10	90
172	11	90
172	12	50
172	13	20
172	14	70
172	15	110
172	16	40
172	17	0
172	18	70
172	19	50
172	20	70
172	21	80
172	22	90
172	23	70
172	24	50
172	25	70
172	26	110
172	27	20
172	28	90
172	29	20
172	30	50
172	31	90
172	32	110
172	33	50
172	34	40
172	35	90
172	36	0
172	37	70
172	38	70
172	39	110
172	40	90
173	1	90
173	2	90
173	3	90
173	4	90
173	5	50
173	6	100
173	7	70
173	8	90
173	9	70
173	10	110
173	11	100
173	12	70
173	13	50
173	14	80
173	15	90
173	16	110
173	17	70
173	18	90
173	19	70
173	20	70
173	21	70
173	22	110
173	23	30
173	24	50
173	25	90
173	26	90
173	27	60
173	28	90
173	29	90
173	30	20
173	31	20
173	32	90
173	33	50
173	34	110
173	35	110
173	36	60
173	37	50
173	38	50
173	39	20
173	40	90
174	1	20
174	2	20
174	3	70
174	4	90
174	5	80
174	6	80
174	7	40
174	8	90
174	9	90
174	10	130
174	11	100
174	12	50
174	13	20
174	14	100
174	15	70
174	16	20
174	17	20
174	18	70
174	19	70
174	20	70
174	21	40
174	22	90
174	23	100
174	24	50
174	25	70
174	26	90
174	27	10
174	28	110
174	29	40
174	30	50
174	31	90
174	32	90
174	33	50
174	34	40
174	35	110
174	36	10
174	37	70
174	38	50
174	39	70
174	40	110
175	1	50
175	2	50
175	3	50
175	4	70
175	5	0
175	6	50
175	7	90
175	8	90
175	9	70
175	10	90
175	11	90
175	12	50
175	13	70
175	14	90
175	15	50
175	16	50
175	17	70
175	18	50
175	19	70
175	20	70
175	21	90
175	22	90
175	23	40
175	24	50
175	25	70
175	26	70
175	27	50
175	28	90
175	29	70
175	30	0
175	31	40
175	32	70
175	33	50
175	34	70
175	35	90
175	36	50
175	37	70
175	38	50
175	39	20
175	40	90
176	1	90
176	2	90
176	3	90
176	4	70
176	5	50
176	6	100
176	7	50
176	8	90
176	9	70
176	10	110
176	11	100
176	12	70
176	13	50
176	14	60
176	15	90
176	16	110
176	17	50
176	18	90
176	19	50
176	20	50
176	21	90
176	22	110
176	23	30
176	24	50
176	25	70
176	26	110
176	27	60
176	28	90
176	29	70
176	30	20
176	31	20
176	32	110
176	33	50
176	34	90
176	35	110
176	36	60
176	37	50
176	38	50
176	39	20
176	40	70
177	1	70
177	2	90
177	3	70
177	4	50
177	5	50
177	6	100
177	7	70
177	8	90
177	9	110
177	10	90
177	11	100
177	12	50
177	13	70
177	14	80
177	15	110
177	16	90
177	17	50
177	18	70
177	19	70
177	20	70
177	21	130
177	22	90
177	23	30
177	24	50
177	25	70
177	26	110
177	27	100
177	28	90
177	29	90
177	30	0
177	31	40
177	32	130
177	33	70
177	34	90
177	35	90
177	36	60
177	37	70
177	38	70
177	39	60
177	40	90
178	1	20
178	2	20
178	3	60
178	4	80
178	5	80
178	6	60
178	7	50
178	8	80
178	9	90
178	10	100
178	11	80
178	12	50
178	13	30
178	14	100
178	15	70
178	16	20
178	17	30
178	18	80
178	19	70
178	20	70
178	21	30
178	22	70
178	23	80
178	24	60
178	25	70
178	26	80
178	27	10
178	28	80
178	29	50
178	30	60
178	31	80
178	32	70
178	33	60
178	34	40
178	35	90
178	36	10
178	37	80
178	38	50
178	39	80
178	40	110
179	1	0
179	2	0
179	3	60
179	4	80
179	5	60
179	6	60
179	7	30
179	8	100
179	9	50
179	10	100
179	11	100
179	12	50
179	13	10
179	14	80
179	15	50
179	16	0
179	17	30
179	18	60
179	19	70
179	20	70
179	21	30
179	22	90
179	23	100
179	24	60
179	25	70
179	26	80
179	27	10
179	28	100
179	29	30
179	30	60
179	31	100
179	32	70
179	33	60
179	34	20
179	35	90
179	36	10
179	37	60
179	38	50
179	39	60
179	40	70
180	1	70
180	2	70
180	3	70
180	4	70
180	5	50
180	6	80
180	7	90
180	8	90
180	9	90
180	10	90
180	11	100
180	12	50
180	13	70
180	14	100
180	15	90
180	16	90
180	17	70
180	18	70
180	19	70
180	20	70
180	21	90
180	22	90
180	23	30
180	24	50
180	25	90
180	26	90
180	27	60
180	28	70
180	29	90
180	30	0
180	31	20
180	32	90
180	33	50
180	34	90
180	35	90
180	36	60
180	37	70
180	38	50
180	39	40
180	40	110
181	1	40
181	2	60
181	3	100
181	4	100
181	5	100
181	6	120
181	7	30
181	8	100
181	9	90
181	10	120
181	11	100
181	12	70
181	13	10
181	14	80
181	15	110
181	16	60
181	17	30
181	18	100
181	19	70
181	20	90
181	21	50
181	22	110
181	23	80
181	24	60
181	25	90
181	26	100
181	27	30
181	28	120
181	29	50
181	30	80
181	31	100
181	32	90
181	33	60
181	34	80
181	35	110
181	36	10
181	37	60
181	38	70
181	39	100
181	40	90
182	1	70
182	2	90
182	3	50
182	4	50
182	5	20
182	6	70
182	7	70
182	8	90
182	9	110
182	10	90
182	11	90
182	12	50
182	13	70
182	14	70
182	15	110
182	16	70
182	17	70
182	18	70
182	19	50
182	20	70
182	21	110
182	22	70
182	23	20
182	24	70
182	25	50
182	26	90
182	27	70
182	28	90
182	29	70
182	30	0
182	31	40
182	32	90
182	33	50
182	34	90
182	35	90
182	36	50
182	37	70
182	38	70
182	39	40
182	40	90
183	1	50
183	2	70
183	3	80
183	4	80
183	5	30
183	6	100
183	7	100
183	8	120
183	9	90
183	10	100
183	11	120
183	12	50
183	13	80
183	14	100
183	15	90
183	16	70
183	17	80
183	18	60
183	19	70
183	20	90
183	21	140
183	22	110
183	23	50
183	24	60
183	25	90
183	26	100
183	27	80
183	28	120
183	29	80
183	30	10
183	31	70
183	32	90
183	33	60
183	34	90
183	35	90
183	36	60
183	37	80
183	38	70
183	39	70
183	40	90
184	1	50
184	2	50
184	3	70
184	4	50
184	5	30
184	6	80
184	7	70
184	8	70
184	9	70
184	10	50
184	11	80
184	12	50
184	13	70
184	14	80
184	15	70
184	16	70
184	17	50
184	18	50
184	19	50
184	20	50
184	21	90
184	22	70
184	23	10
184	24	50
184	25	70
184	26	70
184	27	60
184	28	50
184	29	50
184	30	0
184	31	0
184	32	70
184	33	50
184	34	50
184	35	50
184	36	60
184	37	70
184	38	50
184	39	40
184	40	70
185	1	0
185	2	20
185	3	80
185	4	60
185	5	80
185	6	100
185	7	30
185	8	80
185	9	90
185	10	60
185	11	80
185	12	50
185	13	30
185	14	80
185	15	90
185	16	20
185	17	10
185	18	60
185	19	50
185	20	70
185	21	70
185	22	70
185	23	60
185	24	60
185	25	70
185	26	80
185	27	30
185	28	80
185	29	10
185	30	60
185	31	80
185	32	70
185	33	60
185	34	20
185	35	50
185	36	10
185	37	80
185	38	70
185	39	120
185	40	70
186	1	40
186	2	40
186	3	100
186	4	80
186	5	100
186	6	100
186	7	10
186	8	80
186	9	70
186	10	100
186	11	80
186	12	70
186	13	10
186	14	60
186	15	90
186	16	60
186	17	10
186	18	90
186	19	50
186	20	50
186	21	20
186	22	90
186	23	60
186	24	50
186	25	70
186	26	90
186	27	10
186	28	80
186	29	30
186	30	80
186	31	50
186	32	90
186	33	50
186	34	40
186	35	90
186	36	10
186	37	50
186	38	50
186	39	80
186	40	70
187	1	20
187	2	40
187	3	80
187	4	80
187	5	100
187	6	100
187	7	50
187	8	100
187	9	110
187	10	100
187	11	100
187	12	50
187	13	30
187	14	100
187	15	110
187	16	40
187	17	30
187	18	70
187	19	70
187	20	90
187	21	60
187	22	90
187	23	80
187	24	50
187	25	90
187	26	90
187	27	30
187	28	100
187	29	50
187	30	60
187	31	90
187	32	90
187	33	50
187	34	60
187	35	90
187	36	10
187	37	70
187	38	70
187	39	120
187	40	110
188	1	50
188	2	70
188	3	80
188	4	60
188	5	30
188	6	100
188	7	60
188	8	120
188	9	70
188	10	80
188	11	120
188	12	50
188	13	60
188	14	60
188	15	110
188	16	70
188	17	80
188	18	60
188	19	50
188	20	70
188	21	120
188	22	90
188	23	30
188	24	80
188	25	70
188	26	100
188	27	80
188	28	100
188	29	60
188	30	10
188	31	50
188	32	90
188	33	60
188	34	70
188	35	70
188	36	60
188	37	60
188	38	70
188	39	50
188	40	50
189	1	90
189	2	90
189	3	70
189	4	90
189	5	20
189	6	70
189	7	70
189	8	70
189	9	70
189	10	110
189	11	70
189	12	70
189	13	50
189	14	70
189	15	70
189	16	90
189	17	70
189	18	90
189	19	70
189	20	70
189	21	50
189	22	90
189	23	20
189	24	50
189	25	70
189	26	70
189	27	50
189	28	90
189	29	90
189	30	20
189	31	20
189	32	70
189	33	50
189	34	110
189	35	110
189	36	50
189	37	50
189	38	50
189	39	0
189	40	90
190	1	50
190	2	50
190	3	50
190	4	50
190	5	10
190	6	60
190	7	70
190	8	50
190	9	70
190	10	50
190	11	60
190	12	50
190	13	70
190	14	80
190	15	50
190	16	50
190	17	50
190	18	50
190	19	50
190	20	50
190	21	70
190	22	50
190	23	10
190	24	50
190	25	50
190	26	50
190	27	60
190	28	50
190	29	50
190	30	0
190	31	0
190	32	50
190	33	50
190	34	50
190	35	50
190	36	60
190	37	70
190	38	50
190	39	20
190	40	70
191	1	20
191	2	20
191	3	80
191	4	80
191	5	100
191	6	80
191	7	50
191	8	120
191	9	90
191	10	120
191	11	120
191	12	50
191	13	30
191	14	100
191	15	90
191	16	40
191	17	30
191	18	70
191	19	90
191	20	70
191	21	60
191	22	110
191	23	100
191	24	50
191	25	90
191	26	110
191	27	30
191	28	100
191	29	70
191	30	60
191	31	90
191	32	130
191	33	70
191	34	40
191	35	110
191	36	10
191	37	70
191	38	50
191	39	100
191	40	110
192	1	0
192	2	20
192	3	70
192	4	70
192	5	70
192	6	90
192	7	40
192	8	90
192	9	90
192	10	70
192	11	90
192	12	50
192	13	20
192	14	90
192	15	90
192	16	20
192	17	20
192	18	50
192	19	70
192	20	90
192	21	60
192	22	90
192	23	70
192	24	50
192	25	90
192	26	70
192	27	20
192	28	90
192	29	20
192	30	50
192	31	90
192	32	70
192	33	50
192	34	40
192	35	70
192	36	0
192	37	70
192	38	70
192	39	110
192	40	90
193	1	70
193	2	90
193	3	80
193	4	80
193	5	50
193	6	100
193	7	100
193	8	120
193	9	110
193	10	100
193	11	120
193	12	50
193	13	80
193	14	100
193	15	130
193	16	90
193	17	100
193	18	80
193	19	70
193	20	90
193	21	120
193	22	90
193	23	30
193	24	80
193	25	90
193	26	100
193	27	80
193	28	100
193	29	100
193	30	10
193	31	50
193	32	90
193	33	60
193	34	110
193	35	90
193	36	60
193	37	80
193	38	70
193	39	70
193	40	110
194	1	0
194	2	20
194	3	50
194	4	70
194	5	60
194	6	80
194	7	40
194	8	70
194	9	90
194	10	70
194	11	80
194	12	50
194	13	20
194	14	100
194	15	70
194	16	0
194	17	20
194	18	50
194	19	70
194	20	90
194	21	40
194	22	70
194	23	80
194	24	50
194	25	70
194	26	50
194	27	30
194	28	90
194	29	20
194	30	50
194	31	90
194	32	50
194	33	50
194	34	40
194	35	70
194	36	10
194	37	70
194	38	70
194	39	90
194	40	90
195	1	70
195	2	70
195	3	70
195	4	70
195	5	50
195	6	80
195	7	90
195	8	90
195	9	90
195	10	90
195	11	100
195	12	50
195	13	70
195	14	100
195	15	90
195	16	90
195	17	70
195	18	70
195	19	90
195	20	70
195	21	90
195	22	90
195	23	30
195	24	50
195	25	90
195	26	90
195	27	80
195	28	70
195	29	110
195	30	0
195	31	20
195	32	110
195	33	70
195	34	90
195	35	90
195	36	60
195	37	70
195	38	50
195	39	40
195	40	110
196	1	0
196	2	20
196	3	50
196	4	50
196	5	60
196	6	80
196	7	20
196	8	50
196	9	90
196	10	50
196	11	60
196	12	50
196	13	20
196	14	80
196	15	70
196	16	0
196	17	0
196	18	50
196	19	50
196	20	70
196	21	40
196	22	50
196	23	60
196	24	50
196	25	50
196	26	50
196	27	30
196	28	70
196	29	0
196	30	50
196	31	70
196	32	50
196	33	50
196	34	20
196	35	50
196	36	10
196	37	70
196	38	70
196	39	90
196	40	70
197	1	0
197	2	0
197	3	50
197	4	70
197	5	50
197	6	50
197	7	20
197	8	70
197	9	50
197	10	70
197	11	70
197	12	50
197	13	0
197	14	70
197	15	50
197	16	0
197	17	20
197	18	50
197	19	70
197	20	70
197	21	0
197	22	70
197	23	70
197	24	50
197	25	70
197	26	50
197	27	0
197	28	70
197	29	20
197	30	50
197	31	70
197	32	50
197	33	50
197	34	20
197	35	70
197	36	0
197	37	50
197	38	50
197	39	50
197	40	70
198	1	50
198	2	50
198	3	60
198	4	80
198	5	10
198	6	60
198	7	100
198	8	100
198	9	70
198	10	100
198	11	100
198	12	50
198	13	80
198	14	100
198	15	50
198	16	50
198	17	80
198	18	50
198	19	70
198	20	70
198	21	90
198	22	90
198	23	50
198	24	50
198	25	70
198	26	70
198	27	60
198	28	100
198	29	80
198	30	10
198	31	40
198	32	70
198	33	50
198	34	70
198	35	90
198	36	60
198	37	70
198	38	50
198	39	30
198	40	90
199	1	70
199	2	70
199	3	100
199	4	80
199	5	50
199	6	100
199	7	80
199	8	100
199	9	90
199	10	120
199	11	100
199	12	50
199	13	80
199	14	80
199	15	90
199	16	90
199	17	60
199	18	70
199	19	50
199	20	50
199	21	110
199	22	90
199	23	30
199	24	50
199	25	70
199	26	110
199	27	60
199	28	100
199	29	80
199	30	10
199	31	20
199	32	110
199	33	50
199	34	70
199	35	90
199	36	60
199	37	70
199	38	50
199	39	50
199	40	90
200	1	0
200	2	20
200	3	50
200	4	70
200	5	60
200	6	80
200	7	40
200	8	90
200	9	90
200	10	90
200	11	100
200	12	50
200	13	20
200	14	100
200	15	70
200	16	0
200	17	20
200	18	50
200	19	70
200	20	90
200	21	60
200	22	90
200	23	100
200	24	50
200	25	70
200	26	70
200	27	30
200	28	110
200	29	20
200	30	50
200	31	110
200	32	70
200	33	50
200	34	40
200	35	90
200	36	10
200	37	70
200	38	70
200	39	90
200	40	90
201	1	50
201	2	70
201	3	70
201	4	70
201	5	10
201	6	100
201	7	70
201	8	50
201	9	90
201	10	70
201	11	60
201	12	50
201	13	70
201	14	80
201	15	70
201	16	50
201	17	50
201	18	50
201	19	50
201	20	70
201	21	90
201	22	50
201	23	10
201	24	50
201	25	50
201	26	50
201	27	80
201	28	90
201	29	50
201	30	0
201	31	20
201	32	50
201	33	50
201	34	70
201	35	50
201	36	60
201	37	70
201	38	70
201	39	40
201	40	70
202	1	50
202	2	70
202	3	60
202	4	80
202	5	10
202	6	80
202	7	80
202	8	100
202	9	70
202	10	100
202	11	100
202	12	50
202	13	60
202	14	80
202	15	70
202	16	50
202	17	80
202	18	50
202	19	70
202	20	90
202	21	90
202	22	90
202	23	50
202	24	50
202	25	70
202	26	70
202	27	80
202	28	120
202	29	80
202	30	10
202	31	60
202	32	70
202	33	50
202	34	90
202	35	90
202	36	60
202	37	50
202	38	70
202	39	30
202	40	70
203	1	0
203	2	20
203	3	50
203	4	70
203	5	60
203	6	80
203	7	20
203	8	90
203	9	70
203	10	70
203	11	100
203	12	50
203	13	0
203	14	80
203	15	90
203	16	0
203	17	40
203	18	50
203	19	70
203	20	90
203	21	20
203	22	70
203	23	80
203	24	70
203	25	70
203	26	50
203	27	30
203	28	90
203	29	20
203	30	50
203	31	90
203	32	50
203	33	50
203	34	40
203	35	70
203	36	10
203	37	50
203	38	70
203	39	70
203	40	70
204	1	40
204	2	60
204	3	70
204	4	70
204	5	70
204	6	90
204	7	0
204	8	70
204	9	90
204	10	110
204	11	70
204	12	70
204	13	0
204	14	50
204	15	90
204	16	40
204	17	0
204	18	90
204	19	50
204	20	70
204	21	40
204	22	90
204	23	70
204	24	50
204	25	50
204	26	90
204	27	20
204	28	110
204	29	20
204	30	70
204	31	90
204	32	90
204	33	50
204	34	60
204	35	110
204	36	0
204	37	50
204	38	70
204	39	70
204	40	70
205	1	0
205	2	0
205	3	100
205	4	100
205	5	80
205	6	100
205	7	50
205	8	100
205	9	70
205	10	100
205	11	100
205	12	50
205	13	30
205	14	100
205	15	70
205	16	20
205	17	30
205	18	50
205	19	70
205	20	70
205	21	40
205	22	90
205	23	80
205	24	50
205	25	90
205	26	70
205	27	10
205	28	100
205	29	30
205	30	60
205	31	70
205	32	70
205	33	50
205	34	20
205	35	70
205	36	10
205	37	70
205	38	50
205	39	100
205	40	90
206	1	40
206	2	60
206	3	100
206	4	80
206	5	100
206	6	120
206	7	10
206	8	100
206	9	90
206	10	120
206	11	100
206	12	70
206	13	10
206	14	60
206	15	110
206	16	60
206	17	10
206	18	100
206	19	50
206	20	70
206	21	70
206	22	110
206	23	80
206	24	60
206	25	70
206	26	120
206	27	30
206	28	120
206	29	30
206	30	80
206	31	100
206	32	110
206	33	60
206	34	60
206	35	110
206	36	10
206	37	60
206	38	70
206	39	100
206	40	70
207	1	70
207	2	90
207	3	60
207	4	60
207	5	30
207	6	80
207	7	80
207	8	80
207	9	110
207	10	100
207	11	80
207	12	50
207	13	80
207	14	80
207	15	90
207	16	70
207	17	60
207	18	70
207	19	50
207	20	70
207	21	110
207	22	70
207	23	30
207	24	50
207	25	50
207	26	90
207	27	80
207	28	100
207	29	80
207	30	10
207	31	40
207	32	90
207	33	50
207	34	90
207	35	90
207	36	60
207	37	70
207	38	70
207	39	50
207	40	90
208	1	70
208	2	70
208	3	90
208	4	90
208	5	40
208	6	90
208	7	70
208	8	110
208	9	70
208	10	130
208	11	110
208	12	50
208	13	50
208	14	70
208	15	90
208	16	90
208	17	70
208	18	70
208	19	70
208	20	70
208	21	90
208	22	110
208	23	40
208	24	50
208	25	90
208	26	110
208	27	50
208	28	110
208	29	90
208	30	0
208	31	40
208	32	110
208	33	50
208	34	90
208	35	110
208	36	50
208	37	50
208	38	50
208	39	20
208	40	90
209	1	40
209	2	40
209	3	80
209	4	80
209	5	80
209	6	80
209	7	10
209	8	80
209	9	70
209	10	120
209	11	80
209	12	70
209	13	10
209	14	60
209	15	70
209	16	40
209	17	10
209	18	100
209	19	50
209	20	50
209	21	30
209	22	90
209	23	80
209	24	60
209	25	50
209	26	100
209	27	10
209	28	100
209	29	30
209	30	80
209	31	80
209	32	90
209	33	60
209	34	40
209	35	110
209	36	10
209	37	60
209	38	50
209	39	60
209	40	70
210	1	70
210	2	70
210	3	80
210	4	80
210	5	10
210	6	80
210	7	60
210	8	80
210	9	50
210	10	100
210	11	80
210	12	70
210	13	60
210	14	60
210	15	50
210	16	70
210	17	60
210	18	80
210	19	50
210	20	50
210	21	80
210	22	90
210	23	30
210	24	60
210	25	50
210	26	80
210	27	60
210	28	100
210	29	60
210	30	30
210	31	30
210	32	70
210	33	60
210	34	70
210	35	90
210	36	60
210	37	60
210	38	50
210	39	10
210	40	50
211	1	20
211	2	40
211	3	50
211	4	50
211	5	80
211	6	80
211	7	20
211	8	50
211	9	110
211	10	70
211	11	60
211	12	50
211	13	20
211	14	80
211	15	90
211	16	20
211	17	0
211	18	70
211	19	70
211	20	70
211	21	40
211	22	50
211	23	60
211	24	50
211	25	50
211	26	70
211	27	50
211	28	70
211	29	40
211	30	50
211	31	70
211	32	90
211	33	70
211	34	40
211	35	70
211	36	10
211	37	70
211	38	70
211	39	90
211	40	90
212	1	0
212	2	0
212	3	80
212	4	60
212	5	80
212	6	80
212	7	30
212	8	100
212	9	70
212	10	80
212	11	100
212	12	50
212	13	30
212	14	80
212	15	70
212	16	20
212	17	10
212	18	50
212	19	50
212	20	50
212	21	60
212	22	90
212	23	80
212	24	50
212	25	70
212	26	90
212	27	10
212	28	80
212	29	10
212	30	60
212	31	70
212	32	90
212	33	50
212	34	0
212	35	70
212	36	10
212	37	70
212	38	50
212	39	100
212	40	70
213	1	20
213	2	20
213	3	100
213	4	100
213	5	80
213	6	100
213	7	30
213	8	100
213	9	50
213	10	100
213	11	100
213	12	70
213	13	10
213	14	80
213	15	70
213	16	40
213	17	30
213	18	80
213	19	70
213	20	70
213	21	30
213	22	110
213	23	80
213	24	60
213	25	90
213	26	80
213	27	10
213	28	100
213	29	30
213	30	80
213	31	80
213	32	70
213	33	60
213	34	40
213	35	90
213	36	10
213	37	60
213	38	50
213	39	80
213	40	70
214	1	0
214	2	20
214	3	70
214	4	70
214	5	70
214	6	90
214	7	20
214	8	110
214	9	70
214	10	70
214	11	110
214	12	50
214	13	0
214	14	70
214	15	110
214	16	20
214	17	40
214	18	50
214	19	70
214	20	90
214	21	40
214	22	90
214	23	70
214	24	70
214	25	90
214	26	70
214	27	20
214	28	90
214	29	20
214	30	50
214	31	90
214	32	70
214	33	50
214	34	40
214	35	70
214	36	0
214	37	50
214	38	70
214	39	90
214	40	70
215	1	50
215	2	70
215	3	50
215	4	70
215	5	0
215	6	70
215	7	90
215	8	110
215	9	90
215	10	90
215	11	110
215	12	50
215	13	70
215	14	90
215	15	90
215	16	50
215	17	90
215	18	50
215	19	70
215	20	90
215	21	110
215	22	90
215	23	40
215	24	70
215	25	70
215	26	70
215	27	70
215	28	110
215	29	70
215	30	0
215	31	60
215	32	70
215	33	50
215	34	90
215	35	90
215	36	50
215	37	70
215	38	70
215	39	40
215	40	90
216	1	0
216	2	20
216	3	50
216	4	50
216	5	60
216	6	80
216	7	0
216	8	70
216	9	70
216	10	50
216	11	80
216	12	50
216	13	0
216	14	60
216	15	90
216	16	0
216	17	20
216	18	50
216	19	50
216	20	70
216	21	20
216	22	50
216	23	60
216	24	70
216	25	50
216	26	50
216	27	30
216	28	70
216	29	0
216	30	50
216	31	70
216	32	50
216	33	50
216	34	20
216	35	50
216	36	10
216	37	50
216	38	70
216	39	70
216	40	50
217	1	70
217	2	70
217	3	70
217	4	70
217	5	50
217	6	80
217	7	90
217	8	110
217	9	90
217	10	110
217	11	120
217	12	50
217	13	70
217	14	100
217	15	90
217	16	90
217	17	70
217	18	70
217	19	70
217	20	70
217	21	110
217	22	110
217	23	50
217	24	50
217	25	90
217	26	110
217	27	60
217	28	90
217	29	90
217	30	0
217	31	40
217	32	110
217	33	50
217	34	90
217	35	110
217	36	60
217	37	70
217	38	50
217	39	40
217	40	110
218	1	50
218	2	70
218	3	60
218	4	80
218	5	10
218	6	80
218	7	100
218	8	80
218	9	90
218	10	80
218	11	80
218	12	50
218	13	80
218	14	100
218	15	70
218	16	50
218	17	80
218	18	60
218	19	70
218	20	90
218	21	100
218	22	70
218	23	30
218	24	60
218	25	70
218	26	60
218	27	80
218	28	100
218	29	80
218	30	10
218	31	50
218	32	50
218	33	60
218	34	90
218	35	70
218	36	60
218	37	80
218	38	70
218	39	50
218	40	90
219	1	70
219	2	70
219	3	80
219	4	60
219	5	50
219	6	80
219	7	60
219	8	80
219	9	70
219	10	80
219	11	80
219	12	50
219	13	60
219	14	60
219	15	90
219	16	90
219	17	60
219	18	80
219	19	50
219	20	50
219	21	80
219	22	70
219	23	10
219	24	60
219	25	70
219	26	100
219	27	60
219	28	60
219	29	80
219	30	10
219	31	10
219	32	90
219	33	60
219	34	70
219	35	70
219	36	60
219	37	60
219	38	50
219	39	30
219	40	70
220	1	50
220	2	50
220	3	80
220	4	80
220	5	30
220	6	80
220	7	100
220	8	100
220	9	70
220	10	80
220	11	100
220	12	50
220	13	80
220	14	100
220	15	70
220	16	70
220	17	80
220	18	60
220	19	70
220	20	70
220	21	100
220	22	90
220	23	30
220	24	60
220	25	90
220	26	80
220	27	60
220	28	80
220	29	80
220	30	10
220	31	30
220	32	70
220	33	60
220	34	70
220	35	70
220	36	60
220	37	80
220	38	50
220	39	50
220	40	90
221	1	50
221	2	50
221	3	60
221	4	60
221	5	10
221	6	60
221	7	80
221	8	60
221	9	70
221	10	60
221	11	60
221	12	50
221	13	80
221	14	80
221	15	50
221	16	50
221	17	60
221	18	50
221	19	50
221	20	50
221	21	70
221	22	50
221	23	10
221	24	50
221	25	50
221	26	50
221	27	60
221	28	60
221	29	60
221	30	10
221	31	0
221	32	50
221	33	50
221	34	50
221	35	50
221	36	60
221	37	70
221	38	50
221	39	30
221	40	70
222	1	50
222	2	50
222	3	100
222	4	100
222	5	30
222	6	100
222	7	100
222	8	120
222	9	70
222	10	120
222	11	120
222	12	50
222	13	80
222	14	100
222	15	70
222	16	70
222	17	80
222	18	60
222	19	70
222	20	70
222	21	120
222	22	110
222	23	50
222	24	60
222	25	90
222	26	100
222	27	60
222	28	120
222	29	80
222	30	10
222	31	50
222	32	90
222	33	60
222	34	70
222	35	90
222	36	60
222	37	80
222	38	50
222	39	50
222	40	90
223	1	50
223	2	50
223	3	50
223	4	70
223	5	0
223	6	50
223	7	90
223	8	90
223	9	70
223	10	90
223	11	90
223	12	50
223	13	70
223	14	90
223	15	50
223	16	50
223	17	70
223	18	50
223	19	90
223	20	70
223	21	90
223	22	90
223	23	40
223	24	50
223	25	70
223	26	70
223	27	70
223	28	90
223	29	90
223	30	0
223	31	40
223	32	90
223	33	70
223	34	70
223	35	90
223	36	50
223	37	70
223	38	50
223	39	20
223	40	90
224	1	20
224	2	20
224	3	90
224	4	90
224	5	100
224	6	100
224	7	40
224	8	110
224	9	90
224	10	130
224	11	120
224	12	50
224	13	20
224	14	100
224	15	90
224	16	40
224	17	20
224	18	70
224	19	70
224	20	70
224	21	60
224	22	110
224	23	100
224	24	50
224	25	90
224	26	110
224	27	10
224	28	110
224	29	40
224	30	50
224	31	90
224	32	110
224	33	50
224	34	40
224	35	110
224	36	10
224	37	70
224	38	50
224	39	90
224	40	110
225	1	0
225	2	0
225	3	70
225	4	70
225	5	80
225	6	80
225	7	20
225	8	110
225	9	50
225	10	70
225	11	120
225	12	50
225	13	0
225	14	80
225	15	90
225	16	20
225	17	40
225	18	50
225	19	70
225	20	70
225	21	20
225	22	90
225	23	80
225	24	70
225	25	90
225	26	70
225	27	10
225	28	70
225	29	20
225	30	50
225	31	70
225	32	70
225	33	50
225	34	20
225	35	70
225	36	10
225	37	50
225	38	50
225	39	70
225	40	70
226	1	70
226	2	90
226	3	50
226	4	50
226	5	20
226	6	70
226	7	50
226	8	70
226	9	90
226	10	70
226	11	70
226	12	50
226	13	50
226	14	50
226	15	110
226	16	70
226	17	70
226	18	70
226	19	50
226	20	70
226	21	70
226	22	50
226	23	0
226	24	70
226	25	50
226	26	70
226	27	70
226	28	70
226	29	70
226	30	0
226	31	20
226	32	70
226	33	50
226	34	90
226	35	70
226	36	50
226	37	50
226	38	70
226	39	20
226	40	70
227	1	40
227	2	40
227	3	90
227	4	70
227	5	100
227	6	100
227	7	0
227	8	70
227	9	70
227	10	90
227	11	80
227	12	70
227	13	0
227	14	60
227	15	90
227	16	60
227	17	0
227	18	90
227	19	50
227	20	50
227	21	20
227	22	90
227	23	60
227	24	50
227	25	70
227	26	90
227	27	10
227	28	70
227	29	20
227	30	70
227	31	50
227	32	90
227	33	50
227	34	40
227	35	90
227	36	10
227	37	50
227	38	50
227	39	70
227	40	70
228	1	70
228	2	90
228	3	70
228	4	70
228	5	40
228	6	90
228	7	90
228	8	110
228	9	110
228	10	90
228	11	110
228	12	50
228	13	70
228	14	90
228	15	130
228	16	90
228	17	90
228	18	70
228	19	70
228	20	90
228	21	110
228	22	90
228	23	20
228	24	70
228	25	90
228	26	90
228	27	70
228	28	90
228	29	90
228	30	0
228	31	40
228	32	90
228	33	50
228	34	110
228	35	90
228	36	50
228	37	70
228	38	70
228	39	60
228	40	110
229	1	20
229	2	20
229	3	80
229	4	60
229	5	100
229	6	80
229	7	30
229	8	120
229	9	90
229	10	100
229	11	120
229	12	50
229	13	30
229	14	80
229	15	110
229	16	40
229	17	30
229	18	70
229	19	50
229	20	50
229	21	60
229	22	90
229	23	80
229	24	70
229	25	70
229	26	110
229	27	10
229	28	80
229	29	30
229	30	60
229	31	70
229	32	110
229	33	50
229	34	20
229	35	90
229	36	10
229	37	70
229	38	50
229	39	100
229	40	90
230	1	50
230	2	70
230	3	70
230	4	70
230	5	20
230	6	90
230	7	70
230	8	110
230	9	70
230	10	70
230	11	110
230	12	50
230	13	50
230	14	70
230	15	110
230	16	70
230	17	90
230	18	50
230	19	70
230	20	90
230	21	90
230	22	90
230	23	20
230	24	70
230	25	90
230	26	70
230	27	70
230	28	90
230	29	70
230	30	0
230	31	40
230	32	70
230	33	50
230	34	90
230	35	70
230	36	50
230	37	50
230	38	70
230	39	40
230	40	70
231	1	70
231	2	70
231	3	80
231	4	80
231	5	10
231	6	80
231	7	60
231	8	80
231	9	50
231	10	100
231	11	80
231	12	70
231	13	60
231	14	60
231	15	50
231	16	70
231	17	60
231	18	80
231	19	50
231	20	50
231	21	80
231	22	90
231	23	30
231	24	60
231	25	50
231	26	80
231	27	60
231	28	100
231	29	60
231	30	30
231	31	30
231	32	70
231	33	60
231	34	70
231	35	90
231	36	60
231	37	60
231	38	50
231	39	10
231	40	50
232	1	20
232	2	40
232	3	60
232	4	80
232	5	80
232	6	80
232	7	30
232	8	100
232	9	90
232	10	120
232	11	100
232	12	50
232	13	10
232	14	80
232	15	90
232	16	20
232	17	30
232	18	80
232	19	70
232	20	90
232	21	50
232	22	90
232	23	100
232	24	60
232	25	70
232	26	100
232	27	30
232	28	120
232	29	50
232	30	60
232	31	120
232	32	90
232	33	60
232	34	60
232	35	110
232	36	10
232	37	60
232	38	70
232	39	80
232	40	90
233	1	20
233	2	40
233	3	80
233	4	80
233	5	100
233	6	100
233	7	50
233	8	100
233	9	110
233	10	100
233	11	100
233	12	50
233	13	30
233	14	100
233	15	110
233	16	40
233	17	30
233	18	80
233	19	70
233	20	90
233	21	70
233	22	90
233	23	80
233	24	60
233	25	90
233	26	100
233	27	30
233	28	100
233	29	50
233	30	60
233	31	100
233	32	90
233	33	60
233	34	60
233	35	90
233	36	10
233	37	80
233	38	70
233	39	120
233	40	110
234	1	0
234	2	20
234	3	70
234	4	70
234	5	70
234	6	90
234	7	40
234	8	90
234	9	90
234	10	70
234	11	90
234	12	50
234	13	20
234	14	90
234	15	90
234	16	20
234	17	20
234	18	50
234	19	70
234	20	90
234	21	60
234	22	90
234	23	70
234	24	50
234	25	90
234	26	70
234	27	20
234	28	90
234	29	20
234	30	50
234	31	90
234	32	70
234	33	50
234	34	40
234	35	70
234	36	0
234	37	70
234	38	70
234	39	110
234	40	90
235	1	70
235	2	90
235	3	70
235	4	50
235	5	40
235	6	90
235	7	70
235	8	90
235	9	110
235	10	90
235	11	90
235	12	50
235	13	70
235	14	70
235	15	110
235	16	90
235	17	50
235	18	70
235	19	50
235	20	70
235	21	130
235	22	90
235	23	20
235	24	50
235	25	70
235	26	110
235	27	70
235	28	90
235	29	70
235	30	0
235	31	40
235	32	110
235	33	50
235	34	90
235	35	90
235	36	50
235	37	70
235	38	70
235	39	60
235	40	90
236	1	20
236	2	40
236	3	70
236	4	70
236	5	70
236	6	90
236	7	0
236	8	50
236	9	90
236	10	90
236	11	50
236	12	50
236	13	0
236	14	50
236	15	90
236	16	20
236	17	0
236	18	70
236	19	50
236	20	70
236	21	20
236	22	50
236	23	50
236	24	50
236	25	50
236	26	70
236	27	20
236	28	90
236	29	20
236	30	50
236	31	70
236	32	70
236	33	50
236	34	40
236	35	70
236	36	0
236	37	50
236	38	70
236	39	70
236	40	70
237	1	20
237	2	40
237	3	60
237	4	80
237	5	80
237	6	80
237	7	50
237	8	100
237	9	110
237	10	120
237	11	100
237	12	50
237	13	30
237	14	100
237	15	90
237	16	20
237	17	30
237	18	80
237	19	90
237	20	90
237	21	70
237	22	90
237	23	100
237	24	60
237	25	70
237	26	100
237	27	50
237	28	120
237	29	70
237	30	60
237	31	120
237	32	110
237	33	80
237	34	60
237	35	110
237	36	10
237	37	80
237	38	70
237	39	100
237	40	110
238	1	20
238	2	40
238	3	60
238	4	60
238	5	80
238	6	80
238	7	10
238	8	100
238	9	90
238	10	100
238	11	100
238	12	50
238	13	10
238	14	60
238	15	110
238	16	20
238	17	30
238	18	80
238	19	50
238	20	70
238	21	50
238	22	70
238	23	80
238	24	80
238	25	50
238	26	100
238	27	30
238	28	100
238	29	30
238	30	60
238	31	100
238	32	90
238	33	60
238	34	40
238	35	90
238	36	10
238	37	60
238	38	70
238	39	80
238	40	70
239	1	50
239	2	50
239	3	80
239	4	60
239	5	30
239	6	80
239	7	60
239	8	80
239	9	50
239	10	60
239	11	80
239	12	50
239	13	60
239	14	60
239	15	70
239	16	70
239	17	60
239	18	50
239	19	50
239	20	50
239	21	70
239	22	70
239	23	10
239	24	50
239	25	70
239	26	70
239	27	60
239	28	60
239	29	60
239	30	10
239	31	0
239	32	70
239	33	50
239	34	50
239	35	50
239	36	60
239	37	50
239	38	50
239	39	30
239	40	50
240	1	0
240	2	20
240	3	60
240	4	80
240	5	60
240	6	80
240	7	30
240	8	100
240	9	70
240	10	100
240	11	100
240	12	50
240	13	10
240	14	80
240	15	70
240	16	0
240	17	30
240	18	60
240	19	70
240	20	90
240	21	50
240	22	90
240	23	100
240	24	60
240	25	70
240	26	80
240	27	30
240	28	120
240	29	30
240	30	60
240	31	120
240	32	70
240	33	60
240	34	40
240	35	90
240	36	10
240	37	60
240	38	70
240	39	80
240	40	70
241	1	70
241	2	90
241	3	70
241	4	90
241	5	0
241	6	90
241	7	70
241	8	70
241	9	70
241	10	90
241	11	70
241	12	70
241	13	50
241	14	70
241	15	70
241	16	70
241	17	70
241	18	70
241	19	70
241	20	90
241	21	70
241	22	90
241	23	20
241	24	50
241	25	70
241	26	50
241	27	70
241	28	110
241	29	70
241	30	20
241	31	40
241	32	50
241	33	50
241	34	110
241	35	90
241	36	50
241	37	50
241	38	70
241	39	20
241	40	70
242	1	20
242	2	20
242	3	90
242	4	90
242	5	70
242	6	90
242	7	20
242	8	90
242	9	50
242	10	90
242	11	90
242	12	70
242	13	0
242	14	70
242	15	70
242	16	40
242	17	20
242	18	70
242	19	70
242	20	70
242	21	20
242	22	110
242	23	70
242	24	50
242	25	90
242	26	70
242	27	0
242	28	90
242	29	20
242	30	70
242	31	70
242	32	70
242	33	50
242	34	40
242	35	90
242	36	0
242	37	50
242	38	50
242	39	70
242	40	70
243	1	0
243	2	0
243	3	70
243	4	70
243	5	60
243	6	80
243	7	0
243	8	70
243	9	50
243	10	90
243	11	80
243	12	50
243	13	0
243	14	60
243	15	50
243	16	0
243	17	0
243	18	50
243	19	50
243	20	50
243	21	20
243	22	70
243	23	80
243	24	50
243	25	50
243	26	70
243	27	10
243	28	90
243	29	0
243	30	50
243	31	70
243	32	70
243	33	50
243	34	0
243	35	70
243	36	10
243	37	50
243	38	50
243	39	50
243	40	50
244	1	70
244	2	70
244	3	60
244	4	60
244	5	30
244	6	60
244	7	80
244	8	80
244	9	90
244	10	100
244	11	80
244	12	50
244	13	80
244	14	80
244	15	70
244	16	70
244	17	60
244	18	70
244	19	70
244	20	50
244	21	90
244	22	70
244	23	30
244	24	50
244	25	50
244	26	90
244	27	80
244	28	80
244	29	100
244	30	10
244	31	20
244	32	110
244	33	70
244	34	70
244	35	90
244	36	60
244	37	70
244	38	50
244	39	30
244	40	90
245	1	70
245	2	70
245	3	60
245	4	60
245	5	30
245	6	60
245	7	60
245	8	60
245	9	70
245	10	80
245	11	60
245	12	50
245	13	60
245	14	60
245	15	70
245	16	70
245	17	60
245	18	80
245	19	50
245	20	50
245	21	60
245	22	50
245	23	10
245	24	60
245	25	50
245	26	80
245	27	60
245	28	60
245	29	80
245	30	10
245	31	10
245	32	70
245	33	60
245	34	70
245	35	70
245	36	60
245	37	60
245	38	50
245	39	10
245	40	70
246	1	0
246	2	20
246	3	50
246	4	70
246	5	60
246	6	80
246	7	40
246	8	70
246	9	90
246	10	70
246	11	80
246	12	50
246	13	20
246	14	100
246	15	70
246	16	0
246	17	20
246	18	50
246	19	70
246	20	90
246	21	40
246	22	70
246	23	80
246	24	50
246	25	70
246	26	50
246	27	30
246	28	90
246	29	20
246	30	50
246	31	90
246	32	50
246	33	50
246	34	40
246	35	70
246	36	10
246	37	70
246	38	70
246	39	90
246	40	90
247	1	70
247	2	90
247	3	80
247	4	60
247	5	70
247	6	100
247	7	60
247	8	100
247	9	90
247	10	80
247	11	100
247	12	50
247	13	60
247	14	60
247	15	130
247	16	90
247	17	80
247	18	80
247	19	50
247	20	90
247	21	100
247	22	70
247	23	30
247	24	80
247	25	90
247	26	120
247	27	80
247	28	80
247	29	80
247	30	10
247	31	50
247	32	90
247	33	60
247	34	90
247	35	70
247	36	80
247	37	60
247	38	90
247	39	50
247	40	70
248	1	0
248	2	20
248	3	60
248	4	60
248	5	60
248	6	80
248	7	10
248	8	80
248	9	70
248	10	80
248	11	80
248	12	50
248	13	10
248	14	60
248	15	70
248	16	0
248	17	10
248	18	50
248	19	50
248	20	70
248	21	40
248	22	70
248	23	80
248	24	50
248	25	50
248	26	70
248	27	30
248	28	100
248	29	10
248	30	60
248	31	90
248	32	70
248	33	50
248	34	20
248	35	70
248	36	10
248	37	50
248	38	70
248	39	80
248	40	50
249	1	0
249	2	0
249	3	70
249	4	90
249	5	60
249	6	80
249	7	20
249	8	90
249	9	50
249	10	110
249	11	100
249	12	50
249	13	0
249	14	80
249	15	50
249	16	0
249	17	20
249	18	50
249	19	70
249	20	70
249	21	20
249	22	90
249	23	100
249	24	50
249	25	70
249	26	70
249	27	10
249	28	110
249	29	20
249	30	50
249	31	90
249	32	70
249	33	50
249	34	20
249	35	90
249	36	10
249	37	50
249	38	50
249	39	50
249	40	70
250	1	0
250	2	20
250	3	50
250	4	70
250	5	50
250	6	70
250	7	40
250	8	90
250	9	90
250	10	70
250	11	90
250	12	50
250	13	20
250	14	90
250	15	90
250	16	0
250	17	40
250	18	50
250	19	70
250	20	90
250	21	40
250	22	70
250	23	70
250	24	70
250	25	70
250	26	50
250	27	20
250	28	90
250	29	20
250	30	50
250	31	90
250	32	50
250	33	50
250	34	40
250	35	70
250	36	0
250	37	70
250	38	70
250	39	90
250	40	90
251	1	20
251	2	40
251	3	80
251	4	80
251	5	100
251	6	100
251	7	30
251	8	100
251	9	90
251	10	100
251	11	100
251	12	50
251	13	10
251	14	80
251	15	110
251	16	40
251	17	30
251	18	70
251	19	70
251	20	90
251	21	40
251	22	90
251	23	80
251	24	50
251	25	90
251	26	90
251	27	30
251	28	100
251	29	50
251	30	60
251	31	90
251	32	90
251	33	50
251	34	60
251	35	90
251	36	10
251	37	50
251	38	70
251	39	100
251	40	90
252	1	50
252	2	50
252	3	50
252	4	50
252	5	20
252	6	50
252	7	50
252	8	70
252	9	50
252	10	50
252	11	70
252	12	50
252	13	50
252	14	50
252	15	70
252	16	50
252	17	70
252	18	50
252	19	50
252	20	70
252	21	50
252	22	50
252	23	20
252	24	70
252	25	70
252	26	70
252	27	50
252	28	50
252	29	50
252	30	0
252	31	20
252	32	50
252	33	50
252	34	50
252	35	50
252	36	70
252	37	50
252	38	70
252	39	0
252	40	50
253	1	0
253	2	20
253	3	90
253	4	70
253	5	70
253	6	110
253	7	20
253	8	90
253	9	90
253	10	90
253	11	90
253	12	50
253	13	20
253	14	70
253	15	90
253	16	20
253	17	0
253	18	50
253	19	50
253	20	70
253	21	80
253	22	90
253	23	70
253	24	50
253	25	70
253	26	90
253	27	20
253	28	110
253	29	0
253	30	50
253	31	90
253	32	90
253	33	50
253	34	20
253	35	70
253	36	0
253	37	70
253	38	70
253	39	110
253	40	70
254	1	20
254	2	20
254	3	70
254	4	50
254	5	100
254	6	80
254	7	20
254	8	110
254	9	90
254	10	90
254	11	120
254	12	50
254	13	20
254	14	80
254	15	110
254	16	40
254	17	20
254	18	70
254	19	50
254	20	50
254	21	60
254	22	90
254	23	80
254	24	70
254	25	70
254	26	110
254	27	10
254	28	70
254	29	20
254	30	50
254	31	70
254	32	110
254	33	50
254	34	20
254	35	90
254	36	10
254	37	70
254	38	50
254	39	90
254	40	90
255	1	0
255	2	20
255	3	60
255	4	60
255	5	60
255	6	80
255	7	30
255	8	80
255	9	90
255	10	60
255	11	80
255	12	50
255	13	30
255	14	80
255	15	90
255	16	0
255	17	30
255	18	50
255	19	50
255	20	70
255	21	40
255	22	50
255	23	60
255	24	70
255	25	50
255	26	50
255	27	30
255	28	80
255	29	10
255	30	60
255	31	70
255	32	50
255	33	50
255	34	20
255	35	50
255	36	10
255	37	70
255	38	70
255	39	100
255	40	70
256	1	20
256	2	40
256	3	70
256	4	90
256	5	70
256	6	90
256	7	40
256	8	70
256	9	110
256	10	110
256	11	70
256	12	50
256	13	20
256	14	90
256	15	90
256	16	20
256	17	20
256	18	70
256	19	70
256	20	90
256	21	40
256	22	70
256	23	70
256	24	50
256	25	70
256	26	70
256	27	20
256	28	110
256	29	40
256	30	50
256	31	90
256	32	70
256	33	50
256	34	60
256	35	90
256	36	0
256	37	70
256	38	70
256	39	90
256	40	110
257	1	70
257	2	70
257	3	100
257	4	80
257	5	30
257	6	100
257	7	60
257	8	100
257	9	50
257	10	100
257	11	100
257	12	70
257	13	60
257	14	60
257	15	70
257	16	90
257	17	60
257	18	80
257	19	50
257	20	50
257	21	100
257	22	110
257	23	30
257	24	60
257	25	70
257	26	100
257	27	60
257	28	100
257	29	60
257	30	30
257	31	30
257	32	90
257	33	60
257	34	70
257	35	90
257	36	60
257	37	60
257	38	50
257	39	30
257	40	50
258	1	50
258	2	50
258	3	60
258	4	80
258	5	10
258	6	60
258	7	80
258	8	80
258	9	50
258	10	80
258	11	80
258	12	50
258	13	60
258	14	80
258	15	50
258	16	50
258	17	80
258	18	50
258	19	70
258	20	70
258	21	50
258	22	70
258	23	30
258	24	50
258	25	70
258	26	50
258	27	60
258	28	80
258	29	80
258	30	10
258	31	20
258	32	50
258	33	50
258	34	70
258	35	70
258	36	60
258	37	50
258	38	50
258	39	10
258	40	70
259	1	20
259	2	20
259	3	70
259	4	70
259	5	110
259	6	70
259	7	20
259	8	110
259	9	70
259	10	90
259	11	110
259	12	50
259	13	0
259	14	70
259	15	110
259	16	40
259	17	40
259	18	70
259	19	70
259	20	90
259	21	20
259	22	90
259	23	90
259	24	70
259	25	110
259	26	110
259	27	0
259	28	70
259	29	40
259	30	50
259	31	90
259	32	90
259	33	50
259	34	40
259	35	90
259	36	20
259	37	50
259	38	70
259	39	70
259	40	90
260	1	50
260	2	50
260	3	70
260	4	70
260	5	30
260	6	80
260	7	70
260	8	110
260	9	50
260	10	70
260	11	120
260	12	50
260	13	50
260	14	80
260	15	90
260	16	70
260	17	90
260	18	50
260	19	70
260	20	70
260	21	70
260	22	90
260	23	30
260	24	70
260	25	90
260	26	70
260	27	60
260	28	70
260	29	70
260	30	0
260	31	20
260	32	70
260	33	50
260	34	70
260	35	70
260	36	60
260	37	50
260	38	50
260	39	20
260	40	70
261	1	0
261	2	0
261	3	90
261	4	70
261	5	70
261	6	90
261	7	20
261	8	90
261	9	70
261	10	90
261	11	90
261	12	50
261	13	20
261	14	70
261	15	70
261	16	20
261	17	0
261	18	50
261	19	50
261	20	50
261	21	60
261	22	90
261	23	70
261	24	50
261	25	70
261	26	90
261	27	0
261	28	90
261	29	0
261	30	50
261	31	70
261	32	90
261	33	50
261	34	0
261	35	70
261	36	0
261	37	70
261	38	50
261	39	90
261	40	70
262	1	50
262	2	50
262	3	70
262	4	50
262	5	20
262	6	70
262	7	70
262	8	90
262	9	70
262	10	50
262	11	90
262	12	50
262	13	70
262	14	70
262	15	90
262	16	70
262	17	70
262	18	50
262	19	50
262	20	50
262	21	90
262	22	70
262	23	0
262	24	70
262	25	70
262	26	70
262	27	50
262	28	50
262	29	50
262	30	0
262	31	0
262	32	70
262	33	50
262	34	50
262	35	50
262	36	50
262	37	70
262	38	50
262	39	40
262	40	70
263	1	20
263	2	40
263	3	60
263	4	60
263	5	80
263	6	80
263	7	30
263	8	60
263	9	110
263	10	80
263	11	60
263	12	50
263	13	30
263	14	80
263	15	90
263	16	20
263	17	10
263	18	80
263	19	50
263	20	70
263	21	50
263	22	50
263	23	60
263	24	60
263	25	50
263	26	80
263	27	30
263	28	80
263	29	30
263	30	60
263	31	80
263	32	70
263	33	60
263	34	40
263	35	70
263	36	10
263	37	80
263	38	70
263	39	100
263	40	90
264	1	50
264	2	50
264	3	60
264	4	60
264	5	10
264	6	60
264	7	80
264	8	80
264	9	70
264	10	80
264	11	80
264	12	50
264	13	80
264	14	80
264	15	50
264	16	50
264	17	60
264	18	50
264	19	70
264	20	50
264	21	90
264	22	70
264	23	30
264	24	50
264	25	50
264	26	70
264	27	80
264	28	80
264	29	80
264	30	10
264	31	20
264	32	90
264	33	70
264	34	50
264	35	70
264	36	60
264	37	70
264	38	50
264	39	30
264	40	70
265	1	50
265	2	70
265	3	80
265	4	80
265	5	30
265	6	100
265	7	100
265	8	100
265	9	90
265	10	80
265	11	100
265	12	50
265	13	80
265	14	100
265	15	90
265	16	70
265	17	80
265	18	50
265	19	70
265	20	90
265	21	110
265	22	90
265	23	30
265	24	50
265	25	90
265	26	70
265	27	80
265	28	100
265	29	80
265	30	10
265	31	40
265	32	70
265	33	50
265	34	90
265	35	70
265	36	60
265	37	70
265	38	70
265	39	70
265	40	90
266	1	40
266	2	40
266	3	100
266	4	100
266	5	100
266	6	100
266	7	30
266	8	100
266	9	70
266	10	120
266	11	100
266	12	70
266	13	10
266	14	80
266	15	90
266	16	60
266	17	30
266	18	100
266	19	70
266	20	70
266	21	30
266	22	110
266	23	80
266	24	60
266	25	90
266	26	100
266	27	10
266	28	100
266	29	50
266	30	80
266	31	80
266	32	90
266	33	60
266	34	60
266	35	110
266	36	10
266	37	60
266	38	50
266	39	80
266	40	90
267	1	70
267	2	70
267	3	60
267	4	80
267	5	30
267	6	60
267	7	100
267	8	100
267	9	90
267	10	100
267	11	100
267	12	50
267	13	80
267	14	100
267	15	90
267	16	70
267	17	100
267	18	70
267	19	70
267	20	70
267	21	70
267	22	70
267	23	30
267	24	70
267	25	70
267	26	70
267	27	60
267	28	80
267	29	100
267	30	10
267	31	20
267	32	70
267	33	50
267	34	90
267	35	90
267	36	60
267	37	70
267	38	50
267	39	30
267	40	110
268	1	50
268	2	70
268	3	70
268	4	70
268	5	20
268	6	90
268	7	90
268	8	130
268	9	90
268	10	90
268	11	130
268	12	50
268	13	70
268	14	90
268	15	110
268	16	70
268	17	90
268	18	50
268	19	70
268	20	90
268	21	130
268	22	110
268	23	40
268	24	70
268	25	90
268	26	90
268	27	70
268	28	110
268	29	70
268	30	0
268	31	60
268	32	90
268	33	50
268	34	90
268	35	90
268	36	50
268	37	70
268	38	70
268	39	60
268	40	90
269	1	20
269	2	40
269	3	80
269	4	60
269	5	100
269	6	100
269	7	30
269	8	80
269	9	110
269	10	80
269	11	80
269	12	50
269	13	30
269	14	80
269	15	110
269	16	40
269	17	10
269	18	80
269	19	50
269	20	70
269	21	70
269	22	70
269	23	60
269	24	60
269	25	70
269	26	100
269	27	30
269	28	80
269	29	30
269	30	60
269	31	80
269	32	90
269	33	60
269	34	40
269	35	70
269	36	10
269	37	80
269	38	70
269	39	120
269	40	90
270	1	20
270	2	20
270	3	70
270	4	70
270	5	80
270	6	80
270	7	20
270	8	70
270	9	90
270	10	110
270	11	80
270	12	50
270	13	20
270	14	80
270	15	70
270	16	20
270	17	0
270	18	70
270	19	50
270	20	50
270	21	40
270	22	70
270	23	80
270	24	50
270	25	50
270	26	90
270	27	10
270	28	90
270	29	20
270	30	50
270	31	70
270	32	90
270	33	50
270	34	20
270	35	90
270	36	10
270	37	70
270	38	50
270	39	70
270	40	90
271	1	20
271	2	40
271	3	50
271	4	70
271	5	70
271	6	70
271	7	40
271	8	90
271	9	110
271	10	90
271	11	90
271	12	50
271	13	20
271	14	90
271	15	110
271	16	20
271	17	40
271	18	70
271	19	70
271	20	90
271	21	40
271	22	70
271	23	70
271	24	70
271	25	70
271	26	70
271	27	20
271	28	90
271	29	40
271	30	50
271	31	90
271	32	70
271	33	50
271	34	60
271	35	90
271	36	0
271	37	70
271	38	70
271	39	90
271	40	110
272	1	50
272	2	50
272	3	60
272	4	60
272	5	10
272	6	60
272	7	80
272	8	60
272	9	70
272	10	60
272	11	60
272	12	50
272	13	80
272	14	80
272	15	50
272	16	50
272	17	60
272	18	60
272	19	50
272	20	50
272	21	80
272	22	50
272	23	10
272	24	60
272	25	50
272	26	60
272	27	60
272	28	60
272	29	60
272	30	10
272	31	10
272	32	50
272	33	60
272	34	50
272	35	50
272	36	60
272	37	80
272	38	50
272	39	30
272	40	70
273	1	20
273	2	20
273	3	70
273	4	70
273	5	100
273	6	80
273	7	20
273	8	90
273	9	70
273	10	90
273	11	100
273	12	50
273	13	0
273	14	80
273	15	90
273	16	40
273	17	20
273	18	70
273	19	70
273	20	70
273	21	20
273	22	90
273	23	80
273	24	50
273	25	90
273	26	90
273	27	10
273	28	70
273	29	40
273	30	50
273	31	70
273	32	90
273	33	50
273	34	40
273	35	90
273	36	10
273	37	50
273	38	50
273	39	70
273	40	90
274	1	0
274	2	20
274	3	70
274	4	50
274	5	70
274	6	90
274	7	20
274	8	90
274	9	90
274	10	70
274	11	90
274	12	50
274	13	20
274	14	70
274	15	90
274	16	20
274	17	0
274	18	50
274	19	70
274	20	70
274	21	80
274	22	90
274	23	70
274	24	50
274	25	70
274	26	90
274	27	40
274	28	90
274	29	20
274	30	50
274	31	90
274	32	110
274	33	70
274	34	20
274	35	70
274	36	0
274	37	70
274	38	70
274	39	110
274	40	70
275	1	50
275	2	70
275	3	80
275	4	60
275	5	50
275	6	100
275	7	60
275	8	120
275	9	70
275	10	80
275	11	120
275	12	50
275	13	60
275	14	60
275	15	110
275	16	70
275	17	80
275	18	60
275	19	50
275	20	90
275	21	120
275	22	90
275	23	50
275	24	80
275	25	90
275	26	120
275	27	80
275	28	100
275	29	60
275	30	10
275	31	70
275	32	90
275	33	60
275	34	70
275	35	70
275	36	80
275	37	60
275	38	90
275	39	50
275	40	50
276	1	20
276	2	40
276	3	100
276	4	100
276	5	100
276	6	120
276	7	30
276	8	100
276	9	90
276	10	120
276	11	100
276	12	50
276	13	10
276	14	80
276	15	110
276	16	40
276	17	30
276	18	70
276	19	70
276	20	90
276	21	40
276	22	90
276	23	80
276	24	50
276	25	90
276	26	90
276	27	30
276	28	120
276	29	50
276	30	60
276	31	90
276	32	90
276	33	50
276	34	60
276	35	90
276	36	10
276	37	50
276	38	70
276	39	100
276	40	90
277	1	50
277	2	70
277	3	70
277	4	70
277	5	30
277	6	100
277	7	90
277	8	110
277	9	90
277	10	70
277	11	120
277	12	50
277	13	70
277	14	100
277	15	110
277	16	70
277	17	90
277	18	50
277	19	70
277	20	90
277	21	110
277	22	90
277	23	30
277	24	70
277	25	90
277	26	70
277	27	80
277	28	90
277	29	70
277	30	0
277	31	40
277	32	70
277	33	50
277	34	90
277	35	70
277	36	60
277	37	70
277	38	70
277	39	60
277	40	90
278	1	70
278	2	90
278	3	50
278	4	50
278	5	30
278	6	80
278	7	50
278	8	90
278	9	90
278	10	90
278	11	100
278	12	50
278	13	50
278	14	60
278	15	110
278	16	70
278	17	70
278	18	70
278	19	50
278	20	70
278	21	90
278	22	70
278	23	30
278	24	70
278	25	50
278	26	90
278	27	80
278	28	90
278	29	70
278	30	0
278	31	40
278	32	90
278	33	50
278	34	90
278	35	90
278	36	60
278	37	50
278	38	70
278	39	20
278	40	70
279	1	20
279	2	40
279	3	50
279	4	50
279	5	70
279	6	70
279	7	0
279	8	70
279	9	90
279	10	70
279	11	70
279	12	50
279	13	0
279	14	50
279	15	110
279	16	20
279	17	20
279	18	70
279	19	50
279	20	70
279	21	20
279	22	50
279	23	50
279	24	70
279	25	50
279	26	70
279	27	20
279	28	70
279	29	20
279	30	50
279	31	70
279	32	70
279	33	50
279	34	40
279	35	70
279	36	0
279	37	50
279	38	70
279	39	70
279	40	70
280	1	20
280	2	40
280	3	50
280	4	70
280	5	70
280	6	70
280	7	20
280	8	70
280	9	90
280	10	90
280	11	70
280	12	50
280	13	0
280	14	70
280	15	90
280	16	20
280	17	20
280	18	70
280	19	70
280	20	90
280	21	20
280	22	70
280	23	70
280	24	50
280	25	70
280	26	70
280	27	20
280	28	90
280	29	40
280	30	50
280	31	90
280	32	70
280	33	50
280	34	60
280	35	90
280	36	0
280	37	50
280	38	70
280	39	70
280	40	90
281	1	50
281	2	70
281	3	80
281	4	60
281	5	30
281	6	100
281	7	60
281	8	100
281	9	70
281	10	60
281	11	100
281	12	50
281	13	60
281	14	60
281	15	110
281	16	70
281	17	80
281	18	60
281	19	50
281	20	70
281	21	100
281	22	70
281	23	10
281	24	80
281	25	70
281	26	80
281	27	80
281	28	80
281	29	60
281	30	10
281	31	30
281	32	70
281	33	60
281	34	70
281	35	50
281	36	60
281	37	60
281	38	70
281	39	50
281	40	50
282	1	20
282	2	40
282	3	70
282	4	50
282	5	100
282	6	100
282	7	20
282	8	70
282	9	110
282	10	70
282	11	80
282	12	50
282	13	20
282	14	80
282	15	110
282	16	40
282	17	0
282	18	70
282	19	50
282	20	70
282	21	60
282	22	70
282	23	60
282	24	50
282	25	70
282	26	90
282	27	30
282	28	70
282	29	20
282	30	50
282	31	70
282	32	90
282	33	50
282	34	40
282	35	70
282	36	10
282	37	70
282	38	70
282	39	110
282	40	90
283	1	70
283	2	70
283	3	100
283	4	100
283	5	50
283	6	100
283	7	100
283	8	120
283	9	90
283	10	140
283	11	120
283	12	50
283	13	80
283	14	100
283	15	90
283	16	90
283	17	80
283	18	70
283	19	70
283	20	70
283	21	110
283	22	110
283	23	50
283	24	50
283	25	90
283	26	110
283	27	60
283	28	120
283	29	100
283	30	10
283	31	40
283	32	110
283	33	50
283	34	90
283	35	110
283	36	60
283	37	70
283	38	50
283	39	50
283	40	110
284	1	20
284	2	40
284	3	100
284	4	100
284	5	80
284	6	120
284	7	30
284	8	120
284	9	70
284	10	120
284	11	120
284	12	70
284	13	10
284	14	80
284	15	90
284	16	40
284	17	30
284	18	70
284	19	70
284	20	90
284	21	60
284	22	130
284	23	100
284	24	50
284	25	90
284	26	90
284	27	30
284	28	140
284	29	30
284	30	80
284	31	110
284	32	90
284	33	50
284	34	60
284	35	110
284	36	10
284	37	50
284	38	70
284	39	100
284	40	70
285	1	70
285	2	90
285	3	80
285	4	60
285	5	70
285	6	100
285	7	60
285	8	100
285	9	90
285	10	80
285	11	100
285	12	50
285	13	60
285	14	60
285	15	130
285	16	90
285	17	80
285	18	80
285	19	50
285	20	90
285	21	100
285	22	70
285	23	30
285	24	80
285	25	90
285	26	120
285	27	80
285	28	80
285	29	80
285	30	10
285	31	50
285	32	90
285	33	60
285	34	90
285	35	70
285	36	80
285	37	60
285	38	90
285	39	50
285	40	70
286	1	20
286	2	20
286	3	70
286	4	70
286	5	100
286	6	80
286	7	20
286	8	130
286	9	70
286	10	110
286	11	140
286	12	50
286	13	0
286	14	80
286	15	110
286	16	40
286	17	40
286	18	70
286	19	70
286	20	70
286	21	40
286	22	110
286	23	100
286	24	70
286	25	90
286	26	110
286	27	10
286	28	90
286	29	40
286	30	50
286	31	90
286	32	110
286	33	50
286	34	40
286	35	110
286	36	10
286	37	50
286	38	50
286	39	70
286	40	90
287	1	0
287	2	0
287	3	70
287	4	90
287	5	50
287	6	70
287	7	40
287	8	70
287	9	70
287	10	90
287	11	70
287	12	50
287	13	20
287	14	90
287	15	50
287	16	0
287	17	20
287	18	50
287	19	70
287	20	70
287	21	20
287	22	70
287	23	70
287	24	50
287	25	70
287	26	50
287	27	0
287	28	90
287	29	20
287	30	50
287	31	70
287	32	50
287	33	50
287	34	20
287	35	70
287	36	0
287	37	70
287	38	50
287	39	70
287	40	90
288	1	40
288	2	40
288	3	100
288	4	100
288	5	100
288	6	100
288	7	30
288	8	100
288	9	70
288	10	120
288	11	100
288	12	70
288	13	10
288	14	80
288	15	90
288	16	60
288	17	30
288	18	100
288	19	70
288	20	70
288	21	30
288	22	110
288	23	80
288	24	60
288	25	90
288	26	100
288	27	10
288	28	100
288	29	50
288	30	80
288	31	80
288	32	90
288	33	60
288	34	60
288	35	110
288	36	10
288	37	60
288	38	50
288	39	80
288	40	90
289	1	70
289	2	70
289	3	80
289	4	80
289	5	50
289	6	80
289	7	100
289	8	120
289	9	90
289	10	120
289	11	120
289	12	50
289	13	80
289	14	100
289	15	90
289	16	90
289	17	80
289	18	80
289	19	90
289	20	70
289	21	120
289	22	110
289	23	50
289	24	60
289	25	90
289	26	120
289	27	80
289	28	100
289	29	120
289	30	10
289	31	50
289	32	130
289	33	80
289	34	90
289	35	110
289	36	60
289	37	80
289	38	50
289	39	50
289	40	110
290	1	0
290	2	20
290	3	60
290	4	80
290	5	60
290	6	80
290	7	50
290	8	100
290	9	90
290	10	100
290	11	100
290	12	50
290	13	30
290	14	100
290	15	70
290	16	0
290	17	30
290	18	60
290	19	70
290	20	90
290	21	70
290	22	90
290	23	100
290	24	60
290	25	70
290	26	80
290	27	30
290	28	120
290	29	30
290	30	60
290	31	120
290	32	70
290	33	60
290	34	40
290	35	90
290	36	10
290	37	80
290	38	70
290	39	100
290	40	90
291	1	50
291	2	70
291	3	80
291	4	80
291	5	30
291	6	100
291	7	100
291	8	100
291	9	90
291	10	80
291	11	100
291	12	50
291	13	80
291	14	100
291	15	90
291	16	70
291	17	80
291	18	60
291	19	70
291	20	90
291	21	120
291	22	90
291	23	30
291	24	60
291	25	90
291	26	80
291	27	80
291	28	100
291	29	80
291	30	10
291	31	50
291	32	70
291	33	60
291	34	90
291	35	70
291	36	60
291	37	80
291	38	70
291	39	70
291	40	90
292	1	0
292	2	0
292	3	70
292	4	70
292	5	80
292	6	80
292	7	40
292	8	90
292	9	70
292	10	70
292	11	100
292	12	50
292	13	20
292	14	100
292	15	70
292	16	20
292	17	20
292	18	50
292	19	90
292	20	70
292	21	40
292	22	90
292	23	80
292	24	50
292	25	90
292	26	70
292	27	30
292	28	70
292	29	40
292	30	50
292	31	70
292	32	90
292	33	70
292	34	20
292	35	70
292	36	10
292	37	70
292	38	50
292	39	90
292	40	90
293	1	40
293	2	60
293	3	100
293	4	100
293	5	100
293	6	120
293	7	30
293	8	120
293	9	90
293	10	140
293	11	120
293	12	70
293	13	10
293	14	80
293	15	110
293	16	60
293	17	30
293	18	100
293	19	70
293	20	90
293	21	70
293	22	130
293	23	100
293	24	60
293	25	90
293	26	120
293	27	30
293	28	140
293	29	50
293	30	80
293	31	120
293	32	110
293	33	60
293	34	80
293	35	130
293	36	10
293	37	60
293	38	70
293	39	100
293	40	90
294	1	20
294	2	40
294	3	70
294	4	50
294	5	120
294	6	100
294	7	0
294	8	90
294	9	90
294	10	70
294	11	100
294	12	50
294	13	0
294	14	60
294	15	130
294	16	40
294	17	20
294	18	70
294	19	50
294	20	90
294	21	40
294	22	70
294	23	80
294	24	70
294	25	90
294	26	110
294	27	30
294	28	70
294	29	20
294	30	50
294	31	90
294	32	90
294	33	50
294	34	40
294	35	70
294	36	30
294	37	50
294	38	90
294	39	90
294	40	70
295	1	20
295	2	40
295	3	90
295	4	70
295	5	100
295	6	120
295	7	20
295	8	90
295	9	110
295	10	110
295	11	100
295	12	50
295	13	20
295	14	80
295	15	110
295	16	40
295	17	0
295	18	70
295	19	50
295	20	70
295	21	80
295	22	90
295	23	80
295	24	50
295	25	70
295	26	110
295	27	30
295	28	110
295	29	20
295	30	50
295	31	90
295	32	110
295	33	50
295	34	40
295	35	90
295	36	10
295	37	70
295	38	70
295	39	110
295	40	90
296	1	50
296	2	70
296	3	80
296	4	60
296	5	30
296	6	100
296	7	60
296	8	100
296	9	70
296	10	60
296	11	100
296	12	50
296	13	60
296	14	60
296	15	110
296	16	70
296	17	80
296	18	50
296	19	50
296	20	70
296	21	90
296	22	70
296	23	10
296	24	70
296	25	70
296	26	70
296	27	80
296	28	80
296	29	60
296	30	10
296	31	20
296	32	70
296	33	50
296	34	70
296	35	50
296	36	60
296	37	50
296	38	70
296	39	50
296	40	50
297	1	0
297	2	20
297	3	80
297	4	60
297	5	80
297	6	100
297	7	10
297	8	120
297	9	70
297	10	80
297	11	120
297	12	50
297	13	10
297	14	60
297	15	110
297	16	20
297	17	30
297	18	50
297	19	50
297	20	70
297	21	60
297	22	90
297	23	80
297	24	70
297	25	70
297	26	90
297	27	30
297	28	100
297	29	10
297	30	60
297	31	90
297	32	90
297	33	50
297	34	20
297	35	70
297	36	10
297	37	50
297	38	70
297	39	100
297	40	50
298	1	0
298	2	0
298	3	60
298	4	60
298	5	60
298	6	60
298	7	30
298	8	60
298	9	70
298	10	60
298	11	60
298	12	50
298	13	30
298	14	80
298	15	50
298	16	0
298	17	10
298	18	50
298	19	50
298	20	50
298	21	20
298	22	50
298	23	60
298	24	50
298	25	50
298	26	50
298	27	10
298	28	60
298	29	10
298	30	60
298	31	50
298	32	50
298	33	50
298	34	0
298	35	50
298	36	10
298	37	70
298	38	50
298	39	80
298	40	70
299	1	70
299	2	90
299	3	50
299	4	70
299	5	30
299	6	80
299	7	90
299	8	90
299	9	110
299	10	90
299	11	100
299	12	50
299	13	70
299	14	100
299	15	110
299	16	70
299	17	90
299	18	70
299	19	70
299	20	90
299	21	90
299	22	70
299	23	30
299	24	70
299	25	70
299	26	70
299	27	80
299	28	90
299	29	90
299	30	0
299	31	40
299	32	70
299	33	50
299	34	110
299	35	90
299	36	60
299	37	70
299	38	70
299	39	40
299	40	110
300	1	70
300	2	70
300	3	90
300	4	70
300	5	40
300	6	90
300	7	50
300	8	90
300	9	70
300	10	110
300	11	90
300	12	50
300	13	50
300	14	50
300	15	90
300	16	90
300	17	50
300	18	70
300	19	50
300	20	50
300	21	90
300	22	90
300	23	20
300	24	50
300	25	70
300	26	110
300	27	50
300	28	90
300	29	70
300	30	0
300	31	20
300	32	110
300	33	50
300	34	70
300	35	90
300	36	50
300	37	50
300	38	50
300	39	20
300	40	70
301	1	70
301	2	70
301	3	90
301	4	70
301	5	50
301	6	100
301	7	70
301	8	90
301	9	90
301	10	110
301	11	100
301	12	50
301	13	70
301	14	80
301	15	90
301	16	90
301	17	50
301	18	70
301	19	50
301	20	50
301	21	110
301	22	90
301	23	30
301	24	50
301	25	70
301	26	110
301	27	60
301	28	90
301	29	70
301	30	0
301	31	20
301	32	110
301	33	50
301	34	70
301	35	90
301	36	60
301	37	70
301	38	50
301	39	40
301	40	90
302	1	70
302	2	70
302	3	100
302	4	100
302	5	50
302	6	100
302	7	80
302	8	120
302	9	70
302	10	140
302	11	120
302	12	50
302	13	60
302	14	80
302	15	90
302	16	90
302	17	80
302	18	70
302	19	70
302	20	70
302	21	90
302	22	110
302	23	50
302	24	50
302	25	90
302	26	110
302	27	60
302	28	120
302	29	100
302	30	10
302	31	40
302	32	110
302	33	50
302	34	90
302	35	110
302	36	60
302	37	50
302	38	50
302	39	30
302	40	90
303	1	70
303	2	70
303	3	60
303	4	80
303	5	30
303	6	60
303	7	100
303	8	100
303	9	90
303	10	120
303	11	100
303	12	50
303	13	80
303	14	100
303	15	70
303	16	70
303	17	80
303	18	70
303	19	90
303	20	70
303	21	90
303	22	90
303	23	50
303	24	50
303	25	70
303	26	90
303	27	80
303	28	100
303	29	120
303	30	10
303	31	40
303	32	110
303	33	70
303	34	90
303	35	110
303	36	60
303	37	70
303	38	50
303	39	30
303	40	110
304	1	0
304	2	0
304	3	60
304	4	60
304	5	60
304	6	60
304	7	30
304	8	60
304	9	70
304	10	60
304	11	60
304	12	50
304	13	30
304	14	80
304	15	50
304	16	0
304	17	10
304	18	60
304	19	50
304	20	50
304	21	30
304	22	50
304	23	60
304	24	60
304	25	50
304	26	60
304	27	10
304	28	60
304	29	10
304	30	60
304	31	60
304	32	50
304	33	60
304	34	0
304	35	50
304	36	10
304	37	80
304	38	50
304	39	80
304	40	70
305	1	0
305	2	20
305	3	50
305	4	50
305	5	50
305	6	70
305	7	0
305	8	50
305	9	70
305	10	50
305	11	50
305	12	50
305	13	0
305	14	50
305	15	70
305	16	0
305	17	0
305	18	50
305	19	50
305	20	70
305	21	20
305	22	50
305	23	50
305	24	50
305	25	50
305	26	50
305	27	20
305	28	70
305	29	0
305	30	50
305	31	70
305	32	50
305	33	50
305	34	20
305	35	50
305	36	0
305	37	50
305	38	70
305	39	70
305	40	50
306	1	50
306	2	50
306	3	80
306	4	80
306	5	30
306	6	80
306	7	100
306	8	120
306	9	70
306	10	100
306	11	120
306	12	50
306	13	80
306	14	100
306	15	70
306	16	70
306	17	80
306	18	50
306	19	90
306	20	70
306	21	110
306	22	110
306	23	50
306	24	50
306	25	90
306	26	90
306	27	80
306	28	100
306	29	100
306	30	10
306	31	40
306	32	110
306	33	70
306	34	70
306	35	90
306	36	60
306	37	70
306	38	50
306	39	50
306	40	90
307	1	20
307	2	40
307	3	60
307	4	60
307	5	80
307	6	80
307	7	30
307	8	60
307	9	110
307	10	80
307	11	60
307	12	50
307	13	30
307	14	80
307	15	90
307	16	20
307	17	10
307	18	80
307	19	50
307	20	70
307	21	50
307	22	50
307	23	60
307	24	60
307	25	50
307	26	80
307	27	30
307	28	80
307	29	30
307	30	60
307	31	80
307	32	70
307	33	60
307	34	40
307	35	70
307	36	10
307	37	80
307	38	70
307	39	100
307	40	90
308	1	70
308	2	90
308	3	90
308	4	90
308	5	50
308	6	120
308	7	90
308	8	110
308	9	110
308	10	130
308	11	120
308	12	50
308	13	70
308	14	100
308	15	110
308	16	90
308	17	70
308	18	70
308	19	70
308	20	90
308	21	130
308	22	110
308	23	50
308	24	50
308	25	90
308	26	110
308	27	80
308	28	130
308	29	90
308	30	0
308	31	60
308	32	110
308	33	50
308	34	110
308	35	110
308	36	60
308	37	70
308	38	70
308	39	60
308	40	110
309	1	0
309	2	20
309	3	80
309	4	100
309	5	60
309	6	100
309	7	30
309	8	100
309	9	70
309	10	120
309	11	100
309	12	50
309	13	10
309	14	80
309	15	70
309	16	0
309	17	30
309	18	50
309	19	70
309	20	90
309	21	40
309	22	90
309	23	100
309	24	50
309	25	70
309	26	70
309	27	30
309	28	140
309	29	30
309	30	60
309	31	110
309	32	70
309	33	50
309	34	40
309	35	90
309	36	10
309	37	50
309	38	70
309	39	80
309	40	70
310	1	20
310	2	40
310	3	90
310	4	90
310	5	70
310	6	110
310	7	20
310	8	90
310	9	70
310	10	90
310	11	90
310	12	70
310	13	0
310	14	70
310	15	90
310	16	40
310	17	20
310	18	70
310	19	70
310	20	90
310	21	40
310	22	110
310	23	70
310	24	50
310	25	90
310	26	70
310	27	20
310	28	110
310	29	20
310	30	70
310	31	90
310	32	70
310	33	50
310	34	60
310	35	90
310	36	0
310	37	50
310	38	70
310	39	90
310	40	70
311	1	50
311	2	70
311	3	60
311	4	60
311	5	30
311	6	80
311	7	60
311	8	100
311	9	70
311	10	80
311	11	100
311	12	50
311	13	60
311	14	60
311	15	90
311	16	50
311	17	80
311	18	50
311	19	50
311	20	90
311	21	90
311	22	70
311	23	50
311	24	70
311	25	70
311	26	90
311	27	80
311	28	100
311	29	60
311	30	10
311	31	60
311	32	70
311	33	50
311	34	70
311	35	70
311	36	80
311	37	50
311	38	90
311	39	30
311	40	50
312	1	0
312	2	20
312	3	50
312	4	70
312	5	50
312	6	70
312	7	40
312	8	70
312	9	90
312	10	70
312	11	70
312	12	50
312	13	20
312	14	90
312	15	70
312	16	0
312	17	20
312	18	50
312	19	70
312	20	90
312	21	40
312	22	70
312	23	70
312	24	50
312	25	70
312	26	50
312	27	20
312	28	90
312	29	20
312	30	50
312	31	90
312	32	50
312	33	50
312	34	40
312	35	70
312	36	0
312	37	70
312	38	70
312	39	90
312	40	90
313	1	50
313	2	70
313	3	60
313	4	80
313	5	10
313	6	80
313	7	80
313	8	100
313	9	70
313	10	80
313	11	100
313	12	50
313	13	60
313	14	80
313	15	90
313	16	50
313	17	100
313	18	60
313	19	70
313	20	90
313	21	80
313	22	70
313	23	30
313	24	80
313	25	70
313	26	60
313	27	80
313	28	100
313	29	80
313	30	10
313	31	50
313	32	50
313	33	60
313	34	90
313	35	70
313	36	60
313	37	60
313	38	70
313	39	30
313	40	70
314	1	70
314	2	70
314	3	70
314	4	70
314	5	50
314	6	80
314	7	90
314	8	110
314	9	90
314	10	110
314	11	120
314	12	50
314	13	70
314	14	100
314	15	90
314	16	90
314	17	70
314	18	70
314	19	90
314	20	70
314	21	110
314	22	110
314	23	50
314	24	50
314	25	90
314	26	110
314	27	80
314	28	90
314	29	110
314	30	0
314	31	40
314	32	130
314	33	70
314	34	90
314	35	110
314	36	60
314	37	70
314	38	50
314	39	40
314	40	110
315	1	50
315	2	50
315	3	60
315	4	80
315	5	10
315	6	60
315	7	100
315	8	120
315	9	70
315	10	100
315	11	120
315	12	50
315	13	80
315	14	100
315	15	70
315	16	50
315	17	100
315	18	50
315	19	70
315	20	70
315	21	90
315	22	90
315	23	50
315	24	70
315	25	70
315	26	70
315	27	60
315	28	100
315	29	80
315	30	10
315	31	40
315	32	70
315	33	50
315	34	70
315	35	90
315	36	60
315	37	70
315	38	50
315	39	30
315	40	90
316	1	70
316	2	70
316	3	80
316	4	100
316	5	30
316	6	80
316	7	100
316	8	80
316	9	90
316	10	120
316	11	80
316	12	50
316	13	80
316	14	100
316	15	70
316	16	70
316	17	80
316	18	70
316	19	70
316	20	70
316	21	70
316	22	70
316	23	30
316	24	50
316	25	70
316	26	70
316	27	60
316	28	100
316	29	100
316	30	10
316	31	20
316	32	70
316	33	50
316	34	90
316	35	90
316	36	60
316	37	70
316	38	50
316	39	30
316	40	110
317	1	50
317	2	50
317	3	60
317	4	60
317	5	10
317	6	60
317	7	80
317	8	80
317	9	70
317	10	80
317	11	80
317	12	50
317	13	80
317	14	80
317	15	50
317	16	50
317	17	60
317	18	60
317	19	50
317	20	50
317	21	100
317	22	70
317	23	30
317	24	60
317	25	50
317	26	80
317	27	60
317	28	80
317	29	60
317	30	10
317	31	30
317	32	70
317	33	60
317	34	50
317	35	70
317	36	60
317	37	80
317	38	50
317	39	30
317	40	70
318	1	20
318	2	20
318	3	80
318	4	60
318	5	120
318	6	80
318	7	10
318	8	120
318	9	70
318	10	100
318	11	120
318	12	50
318	13	10
318	14	60
318	15	110
318	16	40
318	17	30
318	18	70
318	19	50
318	20	70
318	21	40
318	22	90
318	23	100
318	24	70
318	25	90
318	26	130
318	27	10
318	28	80
318	29	30
318	30	60
318	31	90
318	32	110
318	33	50
318	34	20
318	35	90
318	36	30
318	37	50
318	38	70
318	39	80
318	40	70
319	1	70
319	2	70
319	3	50
319	4	70
319	5	30
319	6	60
319	7	90
319	8	90
319	9	90
319	10	110
319	11	100
319	12	50
319	13	70
319	14	100
319	15	70
319	16	70
319	17	70
319	18	70
319	19	70
319	20	70
319	21	90
319	22	90
319	23	50
319	24	50
319	25	70
319	26	90
319	27	60
319	28	90
319	29	90
319	30	0
319	31	40
319	32	90
319	33	50
319	34	90
319	35	110
319	36	60
319	37	70
319	38	50
319	39	20
319	40	110
320	1	50
320	2	50
320	3	80
320	4	80
320	5	50
320	6	80
320	7	80
320	8	140
320	9	50
320	10	100
320	11	140
320	12	50
320	13	60
320	14	80
320	15	90
320	16	70
320	17	100
320	18	60
320	19	70
320	20	90
320	21	100
320	22	110
320	23	70
320	24	80
320	25	110
320	26	120
320	27	60
320	28	100
320	29	80
320	30	10
320	31	70
320	32	90
320	33	60
320	34	70
320	35	90
320	36	80
320	37	60
320	38	70
320	39	30
320	40	70
321	1	0
321	2	0
321	3	70
321	4	70
321	5	50
321	6	70
321	7	20
321	8	50
321	9	70
321	10	70
321	11	50
321	12	50
321	13	20
321	14	70
321	15	50
321	16	0
321	17	0
321	18	50
321	19	50
321	20	50
321	21	20
321	22	50
321	23	50
321	24	50
321	25	50
321	26	50
321	27	0
321	28	70
321	29	0
321	30	50
321	31	50
321	32	50
321	33	50
321	34	0
321	35	50
321	36	0
321	37	70
321	38	50
321	39	70
321	40	70
322	1	90
322	2	90
322	3	80
322	4	80
322	5	30
322	6	80
322	7	60
322	8	60
322	9	70
322	10	100
322	11	60
322	12	70
322	13	60
322	14	60
322	15	70
322	16	90
322	17	60
322	18	100
322	19	50
322	20	50
322	21	60
322	22	70
322	23	10
322	24	60
322	25	50
322	26	80
322	27	60
322	28	80
322	29	80
322	30	30
322	31	10
322	32	70
322	33	60
322	34	90
322	35	90
322	36	60
322	37	60
322	38	50
322	39	10
322	40	70
323	1	70
323	2	90
323	3	90
323	4	90
323	5	50
323	6	120
323	7	70
323	8	110
323	9	90
323	10	130
323	11	120
323	12	50
323	13	50
323	14	80
323	15	110
323	16	90
323	17	70
323	18	70
323	19	70
323	20	90
323	21	110
323	22	110
323	23	50
323	24	50
323	25	90
323	26	110
323	27	80
323	28	130
323	29	90
323	30	0
323	31	60
323	32	110
323	33	50
323	34	110
323	35	110
323	36	60
323	37	50
323	38	70
323	39	40
323	40	90
324	1	0
324	2	0
324	3	80
324	4	60
324	5	80
324	6	80
324	7	30
324	8	100
324	9	70
324	10	60
324	11	100
324	12	50
324	13	30
324	14	80
324	15	90
324	16	20
324	17	30
324	18	60
324	19	50
324	20	50
324	21	50
324	22	70
324	23	60
324	24	80
324	25	70
324	26	80
324	27	10
324	28	60
324	29	10
324	30	60
324	31	60
324	32	70
324	33	60
324	34	0
324	35	50
324	36	10
324	37	80
324	38	50
324	39	100
324	40	70
325	1	50
325	2	70
325	3	60
325	4	80
325	5	10
325	6	80
325	7	100
325	8	80
325	9	90
325	10	80
325	11	80
325	12	50
325	13	80
325	14	100
325	15	70
325	16	50
325	17	80
325	18	60
325	19	90
325	20	90
325	21	100
325	22	70
325	23	30
325	24	60
325	25	70
325	26	60
325	27	100
325	28	100
325	29	100
325	30	10
325	31	50
325	32	70
325	33	80
325	34	90
325	35	70
325	36	60
325	37	80
325	38	70
325	39	50
325	40	90
326	1	50
326	2	70
326	3	80
326	4	80
326	5	30
326	6	100
326	7	100
326	8	100
326	9	90
326	10	80
326	11	100
326	12	50
326	13	80
326	14	100
326	15	90
326	16	70
326	17	80
326	18	60
326	19	90
326	20	90
326	21	120
326	22	90
326	23	30
326	24	60
326	25	90
326	26	80
326	27	100
326	28	100
326	29	100
326	30	10
326	31	50
326	32	90
326	33	80
326	34	90
326	35	70
326	36	60
326	37	80
326	38	70
326	39	70
326	40	90
327	1	70
327	2	70
327	3	80
327	4	80
327	5	50
327	6	80
327	7	100
327	8	140
327	9	90
327	10	120
327	11	140
327	12	50
327	13	80
327	14	100
327	15	110
327	16	90
327	17	100
327	18	80
327	19	70
327	20	70
327	21	120
327	22	110
327	23	50
327	24	80
327	25	90
327	26	120
327	27	60
327	28	100
327	29	100
327	30	10
327	31	50
327	32	110
327	33	60
327	34	90
327	35	110
327	36	60
327	37	80
327	38	50
327	39	50
327	40	110
328	1	50
328	2	50
328	3	50
328	4	50
328	5	10
328	6	60
328	7	50
328	8	50
328	9	50
328	10	50
328	11	60
328	12	50
328	13	50
328	14	60
328	15	50
328	16	50
328	17	50
328	18	50
328	19	50
328	20	50
328	21	50
328	22	50
328	23	10
328	24	50
328	25	50
328	26	50
328	27	60
328	28	50
328	29	50
328	30	0
328	31	0
328	32	50
328	33	50
328	34	50
328	35	50
328	36	60
328	37	50
328	38	50
328	39	0
328	40	50
329	1	20
329	2	40
329	3	70
329	4	90
329	5	60
329	6	100
329	7	20
329	8	90
329	9	70
329	10	110
329	11	100
329	12	70
329	13	0
329	14	80
329	15	70
329	16	20
329	17	20
329	18	70
329	19	70
329	20	90
329	21	40
329	22	110
329	23	100
329	24	50
329	25	70
329	26	70
329	27	30
329	28	130
329	29	20
329	30	70
329	31	110
329	32	70
329	33	50
329	34	60
329	35	110
329	36	10
329	37	50
329	38	70
329	39	70
329	40	70
330	1	70
330	2	90
330	3	100
330	4	80
330	5	30
330	6	120
330	7	60
330	8	100
330	9	70
330	10	100
330	11	100
330	12	70
330	13	60
330	14	60
330	15	90
330	16	90
330	17	60
330	18	80
330	19	50
330	20	70
330	21	120
330	22	110
330	23	30
330	24	60
330	25	70
330	26	100
330	27	80
330	28	120
330	29	60
330	30	30
330	31	50
330	32	90
330	33	60
330	34	90
330	35	90
330	36	60
330	37	60
330	38	70
330	39	50
330	40	50
331	1	50
331	2	50
331	3	90
331	4	70
331	5	30
331	6	100
331	7	70
331	8	70
331	9	70
331	10	70
331	11	80
331	12	50
331	13	70
331	14	80
331	15	70
331	16	70
331	17	50
331	18	50
331	19	50
331	20	50
331	21	90
331	22	70
331	23	10
331	24	50
331	25	70
331	26	70
331	27	60
331	28	70
331	29	50
331	30	0
331	31	0
331	32	70
331	33	50
331	34	50
331	35	50
331	36	60
331	37	70
331	38	50
331	39	40
331	40	70
332	1	70
332	2	70
332	3	80
332	4	80
332	5	50
332	6	80
332	7	100
332	8	100
332	9	90
332	10	100
332	11	100
332	12	50
332	13	80
332	14	100
332	15	90
332	16	90
332	17	80
332	18	70
332	19	90
332	20	70
332	21	90
332	22	90
332	23	30
332	24	50
332	25	90
332	26	90
332	27	80
332	28	80
332	29	120
332	30	10
332	31	20
332	32	110
332	33	70
332	34	90
332	35	90
332	36	60
332	37	70
332	38	50
332	39	50
332	40	110
333	1	20
333	2	20
333	3	80
333	4	80
333	5	100
333	6	80
333	7	30
333	8	120
333	9	70
333	10	120
333	11	120
333	12	50
333	13	10
333	14	80
333	15	90
333	16	40
333	17	30
333	18	70
333	19	70
333	20	70
333	21	40
333	22	110
333	23	100
333	24	50
333	25	90
333	26	110
333	27	10
333	28	100
333	29	50
333	30	60
333	31	90
333	32	110
333	33	50
333	34	40
333	35	110
333	36	10
333	37	50
333	38	50
333	39	80
333	40	90
334	1	50
334	2	50
334	3	70
334	4	70
334	5	20
334	6	70
334	7	90
334	8	110
334	9	70
334	10	90
334	11	110
334	12	50
334	13	70
334	14	90
334	15	70
334	16	70
334	17	70
334	18	50
334	19	70
334	20	70
334	21	110
334	22	110
334	23	40
334	24	50
334	25	90
334	26	90
334	27	50
334	28	90
334	29	70
334	30	0
334	31	40
334	32	90
334	33	50
334	34	70
334	35	90
334	36	50
334	37	70
334	38	50
334	39	40
334	40	90
335	1	0
335	2	20
335	3	70
335	4	70
335	5	70
335	6	90
335	7	20
335	8	130
335	9	70
335	10	90
335	11	130
335	12	50
335	13	0
335	14	70
335	15	110
335	16	20
335	17	40
335	18	50
335	19	70
335	20	90
335	21	60
335	22	110
335	23	90
335	24	70
335	25	90
335	26	90
335	27	20
335	28	110
335	29	20
335	30	50
335	31	110
335	32	90
335	33	50
335	34	40
335	35	90
335	36	0
335	37	50
335	38	70
335	39	90
335	40	70
336	1	70
336	2	70
336	3	80
336	4	60
336	5	50
336	6	80
336	7	80
336	8	80
336	9	90
336	10	80
336	11	80
336	12	50
336	13	80
336	14	80
336	15	90
336	16	90
336	17	60
336	18	80
336	19	70
336	20	50
336	21	100
336	22	70
336	23	10
336	24	60
336	25	70
336	26	100
336	27	80
336	28	60
336	29	100
336	30	10
336	31	10
336	32	110
336	33	80
336	34	70
336	35	70
336	36	60
336	37	80
336	38	50
336	39	50
336	40	90
337	1	50
337	2	70
337	3	90
337	4	70
337	5	20
337	6	110
337	7	70
337	8	90
337	9	90
337	10	90
337	11	90
337	12	50
337	13	70
337	14	70
337	15	90
337	16	70
337	17	50
337	18	50
337	19	50
337	20	70
337	21	130
337	22	90
337	23	20
337	24	50
337	25	70
337	26	90
337	27	70
337	28	110
337	29	50
337	30	0
337	31	40
337	32	90
337	33	50
337	34	70
337	35	70
337	36	50
337	37	70
337	38	70
337	39	60
337	40	70
338	1	20
338	2	40
338	3	90
338	4	70
338	5	100
338	6	120
338	7	20
338	8	90
338	9	110
338	10	110
338	11	100
338	12	50
338	13	20
338	14	80
338	15	110
338	16	40
338	17	0
338	18	70
338	19	50
338	20	70
338	21	80
338	22	90
338	23	80
338	24	50
338	25	70
338	26	110
338	27	30
338	28	110
338	29	20
338	30	50
338	31	90
338	32	110
338	33	50
338	34	40
338	35	90
338	36	10
338	37	70
338	38	70
338	39	110
338	40	90
339	1	20
339	2	20
339	3	70
339	4	50
339	5	90
339	6	70
339	7	20
339	8	90
339	9	90
339	10	90
339	11	90
339	12	50
339	13	20
339	14	70
339	15	90
339	16	40
339	17	0
339	18	70
339	19	70
339	20	50
339	21	60
339	22	90
339	23	70
339	24	50
339	25	70
339	26	110
339	27	20
339	28	70
339	29	40
339	30	50
339	31	70
339	32	130
339	33	70
339	34	20
339	35	90
339	36	0
339	37	70
339	38	50
339	39	90
339	40	90
340	1	0
340	2	20
340	3	70
340	4	50
340	5	90
340	6	90
340	7	0
340	8	90
340	9	70
340	10	50
340	11	90
340	12	50
340	13	0
340	14	50
340	15	110
340	16	20
340	17	20
340	18	50
340	19	50
340	20	90
340	21	40
340	22	70
340	23	70
340	24	70
340	25	90
340	26	90
340	27	20
340	28	70
340	29	0
340	30	50
340	31	90
340	32	70
340	33	50
340	34	20
340	35	50
340	36	20
340	37	50
340	38	90
340	39	90
340	40	50
341	1	70
341	2	90
341	3	80
341	4	80
341	5	50
341	6	100
341	7	100
341	8	140
341	9	110
341	10	120
341	11	140
341	12	50
341	13	80
341	14	100
341	15	130
341	16	90
341	17	100
341	18	80
341	19	70
341	20	90
341	21	140
341	22	110
341	23	50
341	24	80
341	25	90
341	26	120
341	27	80
341	28	120
341	29	100
341	30	10
341	31	70
341	32	110
341	33	60
341	34	110
341	35	110
341	36	60
341	37	80
341	38	70
341	39	70
341	40	110
342	1	50
342	2	50
342	3	60
342	4	60
342	5	10
342	6	60
342	7	80
342	8	60
342	9	70
342	10	60
342	11	60
342	12	50
342	13	80
342	14	80
342	15	50
342	16	50
342	17	60
342	18	50
342	19	50
342	20	50
342	21	70
342	22	50
342	23	10
342	24	50
342	25	50
342	26	50
342	27	60
342	28	60
342	29	60
342	30	10
342	31	0
342	32	50
342	33	50
342	34	50
342	35	50
342	36	60
342	37	70
342	38	50
342	39	30
342	40	70
343	1	0
343	2	0
343	3	80
343	4	80
343	5	80
343	6	80
343	7	50
343	8	120
343	9	70
343	10	100
343	11	120
343	12	50
343	13	30
343	14	100
343	15	70
343	16	20
343	17	30
343	18	50
343	19	90
343	20	70
343	21	60
343	22	110
343	23	100
343	24	50
343	25	90
343	26	90
343	27	30
343	28	100
343	29	50
343	30	60
343	31	90
343	32	110
343	33	70
343	34	20
343	35	90
343	36	10
343	37	70
343	38	50
343	39	100
343	40	90
344	1	0
344	2	0
344	3	50
344	4	50
344	5	50
344	6	50
344	7	20
344	8	70
344	9	70
344	10	70
344	11	70
344	12	50
344	13	20
344	14	70
344	15	50
344	16	0
344	17	0
344	18	50
344	19	50
344	20	50
344	21	40
344	22	70
344	23	70
344	24	50
344	25	50
344	26	70
344	27	0
344	28	70
344	29	0
344	30	50
344	31	70
344	32	70
344	33	50
344	34	0
344	35	70
344	36	0
344	37	70
344	38	50
344	39	70
344	40	70
345	1	0
345	2	20
345	3	50
345	4	70
345	5	60
345	6	80
345	7	40
345	8	90
345	9	90
345	10	90
345	11	100
345	12	50
345	13	20
345	14	100
345	15	70
345	16	0
345	17	20
345	18	50
345	19	90
345	20	90
345	21	60
345	22	90
345	23	100
345	24	50
345	25	70
345	26	70
345	27	50
345	28	110
345	29	40
345	30	50
345	31	110
345	32	90
345	33	70
345	34	40
345	35	90
345	36	10
345	37	70
345	38	70
345	39	90
345	40	90
346	1	50
346	2	70
346	3	50
346	4	50
346	5	0
346	6	70
346	7	70
346	8	90
346	9	90
346	10	70
346	11	90
346	12	50
346	13	70
346	14	70
346	15	90
346	16	50
346	17	70
346	18	50
346	19	50
346	20	70
346	21	110
346	22	70
346	23	20
346	24	70
346	25	50
346	26	70
346	27	70
346	28	90
346	29	50
346	30	0
346	31	40
346	32	70
346	33	50
346	34	70
346	35	70
346	36	50
346	37	70
346	38	70
346	39	40
346	40	70
347	1	20
347	2	40
347	3	50
347	4	70
347	5	80
347	6	80
347	7	40
347	8	110
347	9	110
347	10	110
347	11	120
347	12	50
347	13	20
347	14	100
347	15	110
347	16	20
347	17	40
347	18	70
347	19	70
347	20	90
347	21	60
347	22	90
347	23	100
347	24	70
347	25	70
347	26	90
347	27	30
347	28	110
347	29	40
347	30	50
347	31	110
347	32	90
347	33	50
347	34	60
347	35	110
347	36	10
347	37	70
347	38	70
347	39	90
347	40	110
348	1	0
348	2	0
348	3	80
348	4	60
348	5	80
348	6	80
348	7	30
348	8	100
348	9	70
348	10	80
348	11	100
348	12	50
348	13	30
348	14	80
348	15	70
348	16	20
348	17	10
348	18	50
348	19	50
348	20	50
348	21	60
348	22	90
348	23	80
348	24	50
348	25	70
348	26	90
348	27	10
348	28	80
348	29	10
348	30	60
348	31	70
348	32	90
348	33	50
348	34	0
348	35	70
348	36	10
348	37	70
348	38	50
348	39	100
348	40	70
349	1	40
349	2	40
349	3	100
349	4	100
349	5	100
349	6	100
349	7	30
349	8	120
349	9	70
349	10	140
349	11	120
349	12	70
349	13	10
349	14	80
349	15	90
349	16	60
349	17	30
349	18	100
349	19	70
349	20	70
349	21	50
349	22	130
349	23	100
349	24	60
349	25	90
349	26	120
349	27	10
349	28	120
349	29	50
349	30	80
349	31	100
349	32	110
349	33	60
349	34	60
349	35	130
349	36	10
349	37	60
349	38	50
349	39	80
349	40	90
350	1	0
350	2	0
350	3	60
350	4	60
350	5	60
350	6	60
350	7	30
350	8	60
350	9	70
350	10	60
350	11	60
350	12	50
350	13	30
350	14	80
350	15	50
350	16	0
350	17	10
350	18	50
350	19	50
350	20	50
350	21	20
350	22	50
350	23	60
350	24	50
350	25	50
350	26	50
350	27	10
350	28	60
350	29	10
350	30	60
350	31	50
350	32	50
350	33	50
350	34	0
350	35	50
350	36	10
350	37	70
350	38	50
350	39	80
350	40	70
351	1	70
351	2	90
351	3	60
351	4	80
351	5	50
351	6	80
351	7	80
351	8	100
351	9	90
351	10	100
351	11	100
351	12	50
351	13	60
351	14	80
351	15	110
351	16	70
351	17	100
351	18	70
351	19	70
351	20	110
351	21	70
351	22	70
351	23	50
351	24	70
351	25	90
351	26	90
351	27	80
351	28	100
351	29	100
351	30	10
351	31	60
351	32	70
351	33	50
351	34	110
351	35	90
351	36	80
351	37	50
351	38	90
351	39	30
351	40	90
352	1	50
352	2	50
352	3	70
352	4	70
352	5	20
352	6	70
352	7	90
352	8	110
352	9	70
352	10	90
352	11	110
352	12	50
352	13	70
352	14	90
352	15	70
352	16	70
352	17	70
352	18	50
352	19	70
352	20	70
352	21	110
352	22	110
352	23	40
352	24	50
352	25	90
352	26	90
352	27	50
352	28	90
352	29	70
352	30	0
352	31	40
352	32	90
352	33	50
352	34	70
352	35	90
352	36	50
352	37	70
352	38	50
352	39	40
352	40	90
353	1	0
353	2	20
353	3	60
353	4	60
353	5	60
353	6	80
353	7	10
353	8	60
353	9	70
353	10	60
353	11	60
353	12	50
353	13	10
353	14	60
353	15	70
353	16	0
353	17	10
353	18	60
353	19	50
353	20	70
353	21	30
353	22	50
353	23	60
353	24	60
353	25	50
353	26	60
353	27	30
353	28	80
353	29	10
353	30	60
353	31	80
353	32	50
353	33	60
353	34	20
353	35	50
353	36	10
353	37	60
353	38	70
353	39	80
353	40	50
354	1	50
354	2	70
354	3	50
354	4	50
354	5	0
354	6	70
354	7	70
354	8	50
354	9	90
354	10	50
354	11	50
354	12	50
354	13	70
354	14	70
354	15	70
354	16	50
354	17	50
354	18	50
354	19	70
354	20	70
354	21	90
354	22	50
354	23	0
354	24	50
354	25	50
354	26	50
354	27	90
354	28	70
354	29	70
354	30	0
354	31	20
354	32	70
354	33	70
354	34	70
354	35	50
354	36	50
354	37	70
354	38	70
354	39	40
354	40	70
355	1	50
355	2	50
355	3	60
355	4	80
355	5	10
355	6	60
355	7	100
355	8	120
355	9	70
355	10	100
355	11	120
355	12	50
355	13	80
355	14	100
355	15	70
355	16	50
355	17	100
355	18	50
355	19	70
355	20	70
355	21	90
355	22	90
355	23	50
355	24	70
355	25	70
355	26	70
355	27	60
355	28	100
355	29	80
355	30	10
355	31	40
355	32	70
355	33	50
355	34	70
355	35	90
355	36	60
355	37	70
355	38	50
355	39	30
355	40	90
356	1	0
356	2	0
356	3	70
356	4	50
356	5	70
356	6	70
356	7	0
356	8	70
356	9	50
356	10	50
356	11	70
356	12	50
356	13	0
356	14	50
356	15	70
356	16	20
356	17	0
356	18	50
356	19	50
356	20	50
356	21	20
356	22	70
356	23	50
356	24	50
356	25	70
356	26	70
356	27	0
356	28	50
356	29	0
356	30	50
356	31	50
356	32	70
356	33	50
356	34	0
356	35	50
356	36	0
356	37	50
356	38	50
356	39	70
356	40	50
357	1	0
357	2	0
357	3	70
357	4	70
357	5	60
357	6	80
357	7	0
357	8	70
357	9	50
357	10	90
357	11	80
357	12	50
357	13	0
357	14	60
357	15	50
357	16	0
357	17	0
357	18	50
357	19	50
357	20	50
357	21	20
357	22	70
357	23	80
357	24	50
357	25	50
357	26	70
357	27	10
357	28	90
357	29	0
357	30	50
357	31	70
357	32	70
357	33	50
357	34	0
357	35	70
357	36	10
357	37	50
357	38	50
357	39	50
357	40	50
358	1	0
358	2	0
358	3	70
358	4	90
358	5	50
358	6	70
358	7	20
358	8	70
358	9	50
358	10	90
358	11	70
358	12	50
358	13	0
358	14	70
358	15	50
358	16	0
358	17	20
358	18	50
358	19	70
358	20	70
358	21	0
358	22	70
358	23	70
358	24	50
358	25	70
358	26	50
358	27	0
358	28	90
358	29	20
358	30	50
358	31	70
358	32	50
358	33	50
358	34	20
358	35	70
358	36	0
358	37	50
358	38	50
358	39	50
358	40	70
359	1	20
359	2	20
359	3	70
359	4	70
359	5	90
359	6	70
359	7	20
359	8	130
359	9	70
359	10	110
359	11	130
359	12	50
359	13	0
359	14	70
359	15	110
359	16	40
359	17	40
359	18	70
359	19	70
359	20	70
359	21	40
359	22	110
359	23	90
359	24	70
359	25	90
359	26	110
359	27	0
359	28	90
359	29	40
359	30	50
359	31	90
359	32	110
359	33	50
359	34	40
359	35	110
359	36	0
359	37	50
359	38	50
359	39	70
359	40	90
360	1	0
360	2	20
360	3	80
360	4	80
360	5	80
360	6	100
360	7	50
360	8	120
360	9	90
360	10	100
360	11	120
360	12	50
360	13	30
360	14	100
360	15	90
360	16	20
360	17	30
360	18	50
360	19	70
360	20	90
360	21	80
360	22	110
360	23	100
360	24	50
360	25	90
360	26	90
360	27	30
360	28	120
360	29	30
360	30	60
360	31	110
360	32	90
360	33	50
360	34	40
360	35	90
360	36	10
360	37	70
360	38	70
360	39	120
360	40	90
361	1	70
361	2	90
361	3	80
361	4	80
361	5	50
361	6	100
361	7	80
361	8	120
361	9	90
361	10	120
361	11	120
361	12	50
361	13	60
361	14	80
361	15	110
361	16	90
361	17	80
361	18	80
361	19	70
361	20	90
361	21	120
361	22	110
361	23	50
361	24	60
361	25	90
361	26	120
361	27	80
361	28	120
361	29	100
361	30	10
361	31	70
361	32	110
361	33	60
361	34	110
361	35	110
361	36	60
361	37	60
361	38	70
361	39	50
361	40	90
362	1	20
362	2	40
362	3	90
362	4	70
362	5	90
362	6	110
362	7	0
362	8	70
362	9	90
362	10	90
362	11	70
362	12	50
362	13	0
362	14	50
362	15	110
362	16	40
362	17	0
362	18	70
362	19	50
362	20	70
362	21	40
362	22	70
362	23	50
362	24	50
362	25	70
362	26	90
362	27	20
362	28	90
362	29	20
362	30	50
362	31	70
362	32	90
362	33	50
362	34	40
362	35	70
362	36	0
362	37	50
362	38	70
362	39	90
362	40	70
363	1	50
363	2	50
363	3	60
363	4	80
363	5	10
363	6	60
363	7	80
363	8	100
363	9	50
363	10	80
363	11	100
363	12	50
363	13	60
363	14	80
363	15	70
363	16	50
363	17	100
363	18	60
363	19	70
363	20	70
363	21	60
363	22	70
363	23	30
363	24	80
363	25	70
363	26	60
363	27	60
363	28	80
363	29	80
363	30	10
363	31	30
363	32	50
363	33	60
363	34	70
363	35	70
363	36	60
363	37	60
363	38	50
363	39	10
363	40	70
364	1	20
364	2	40
364	3	70
364	4	50
364	5	110
364	6	90
364	7	0
364	8	90
364	9	90
364	10	70
364	11	90
364	12	50
364	13	0
364	14	50
364	15	130
364	16	40
364	17	20
364	18	70
364	19	50
364	20	90
364	21	40
364	22	70
364	23	70
364	24	70
364	25	90
364	26	110
364	27	20
364	28	70
364	29	20
364	30	50
364	31	90
364	32	90
364	33	50
364	34	40
364	35	70
364	36	20
364	37	50
364	38	90
364	39	90
364	40	70
365	1	0
365	2	20
365	3	80
365	4	80
365	5	80
365	6	100
365	7	30
365	8	140
365	9	70
365	10	100
365	11	140
365	12	50
365	13	10
365	14	80
365	15	110
365	16	20
365	17	50
365	18	60
365	19	70
365	20	90
365	21	70
365	22	110
365	23	100
365	24	80
365	25	90
365	26	100
365	27	30
365	28	120
365	29	30
365	30	60
365	31	120
365	32	90
365	33	60
365	34	40
365	35	90
365	36	10
365	37	60
365	38	70
365	39	100
365	40	70
366	1	20
366	2	20
366	3	80
366	4	80
366	5	100
366	6	80
366	7	30
366	8	120
366	9	70
366	10	120
366	11	120
366	12	50
366	13	10
366	14	80
366	15	90
366	16	40
366	17	30
366	18	70
366	19	70
366	20	70
366	21	40
366	22	110
366	23	100
366	24	50
366	25	90
366	26	110
366	27	10
366	28	100
366	29	50
366	30	60
366	31	90
366	32	110
366	33	50
366	34	40
366	35	110
366	36	10
366	37	50
366	38	50
366	39	80
366	40	90
367	1	20
367	2	40
367	3	60
367	4	80
367	5	80
367	6	80
367	7	50
367	8	120
367	9	110
367	10	120
367	11	120
367	12	50
367	13	30
367	14	100
367	15	110
367	16	20
367	17	50
367	18	70
367	19	70
367	20	90
367	21	60
367	22	90
367	23	100
367	24	70
367	25	70
367	26	90
367	27	30
367	28	120
367	29	50
367	30	60
367	31	110
367	32	90
367	33	50
367	34	60
367	35	110
367	36	10
367	37	70
367	38	70
367	39	100
367	40	110
368	1	50
368	2	50
368	3	60
368	4	60
368	5	30
368	6	60
368	7	60
368	8	80
368	9	50
368	10	60
368	11	80
368	12	50
368	13	60
368	14	60
368	15	70
368	16	50
368	17	80
368	18	60
368	19	50
368	20	70
368	21	60
368	22	50
368	23	30
368	24	80
368	25	70
368	26	80
368	27	60
368	28	60
368	29	60
368	30	10
368	31	30
368	32	50
368	33	60
368	34	50
368	35	50
368	36	80
368	37	60
368	38	70
368	39	10
368	40	50
369	1	70
369	2	90
369	3	90
369	4	90
369	5	20
369	6	110
369	7	70
369	8	110
369	9	70
369	10	110
369	11	110
369	12	70
369	13	50
369	14	70
369	15	90
369	16	90
369	17	70
369	18	70
369	19	70
369	20	90
369	21	110
369	22	130
369	23	40
369	24	50
369	25	90
369	26	90
369	27	70
369	28	130
369	29	70
369	30	20
369	31	60
369	32	90
369	33	50
369	34	110
369	35	110
369	36	50
369	37	50
369	38	70
369	39	40
369	40	70
370	1	0
370	2	0
370	3	50
370	4	50
370	5	60
370	6	60
370	7	20
370	8	50
370	9	70
370	10	50
370	11	60
370	12	50
370	13	20
370	14	80
370	15	50
370	16	0
370	17	0
370	18	50
370	19	50
370	20	50
370	21	20
370	22	50
370	23	60
370	24	50
370	25	50
370	26	50
370	27	10
370	28	50
370	29	0
370	30	50
370	31	50
370	32	50
370	33	50
370	34	0
370	35	50
370	36	10
370	37	70
370	38	50
370	39	70
370	40	70
371	1	70
371	2	90
371	3	70
371	4	70
371	5	50
371	6	100
371	7	70
371	8	90
371	9	90
371	10	90
371	11	100
371	12	50
371	13	50
371	14	80
371	15	110
371	16	90
371	17	70
371	18	70
371	19	70
371	20	90
371	21	90
371	22	90
371	23	30
371	24	50
371	25	90
371	26	90
371	27	80
371	28	90
371	29	90
371	30	0
371	31	40
371	32	90
371	33	50
371	34	110
371	35	90
371	36	60
371	37	50
371	38	70
371	39	40
371	40	90
372	1	50
372	2	50
372	3	50
372	4	50
372	5	0
372	6	50
372	7	70
372	8	50
372	9	70
372	10	50
372	11	50
372	12	50
372	13	70
372	14	70
372	15	50
372	16	50
372	17	50
372	18	50
372	19	50
372	20	50
372	21	70
372	22	50
372	23	0
372	24	50
372	25	50
372	26	50
372	27	50
372	28	50
372	29	50
372	30	0
372	31	0
372	32	50
372	33	50
372	34	50
372	35	50
372	36	50
372	37	70
372	38	50
372	39	20
372	40	70
373	1	20
373	2	20
373	3	70
373	4	90
373	5	70
373	6	70
373	7	40
373	8	70
373	9	90
373	10	110
373	11	70
373	12	50
373	13	20
373	14	90
373	15	70
373	16	20
373	17	20
373	18	70
373	19	70
373	20	70
373	21	20
373	22	70
373	23	70
373	24	50
373	25	70
373	26	70
373	27	0
373	28	90
373	29	40
373	30	50
373	31	70
373	32	70
373	33	50
373	34	40
373	35	90
373	36	0
373	37	70
373	38	50
373	39	70
373	40	110
374	1	70
374	2	90
374	3	80
374	4	60
374	5	50
374	6	100
374	7	80
374	8	120
374	9	110
374	10	100
374	11	120
374	12	50
374	13	80
374	14	80
374	15	130
374	16	90
374	17	80
374	18	80
374	19	50
374	20	70
374	21	140
374	22	90
374	23	30
374	24	80
374	25	70
374	26	120
374	27	80
374	28	100
374	29	80
374	30	10
374	31	50
374	32	110
374	33	60
374	34	90
374	35	90
374	36	60
374	37	80
374	38	70
374	39	70
374	40	90
375	1	0
375	2	20
375	3	80
375	4	100
375	5	60
375	6	100
375	7	50
375	8	80
375	9	90
375	10	100
375	11	80
375	12	50
375	13	30
375	14	100
375	15	70
375	16	0
375	17	30
375	18	60
375	19	70
375	20	90
375	21	50
375	22	70
375	23	80
375	24	60
375	25	70
375	26	60
375	27	30
375	28	120
375	29	30
375	30	60
375	31	100
375	32	50
375	33	60
375	34	40
375	35	70
375	36	10
375	37	80
375	38	70
375	39	100
375	40	90
376	1	50
376	2	50
376	3	80
376	4	80
376	5	10
376	6	80
376	7	80
376	8	60
376	9	70
376	10	80
376	11	60
376	12	50
376	13	80
376	14	80
376	15	50
376	16	50
376	17	60
376	18	50
376	19	50
376	20	50
376	21	70
376	22	50
376	23	10
376	24	50
376	25	50
376	26	50
376	27	60
376	28	80
376	29	60
376	30	10
376	31	0
376	32	50
376	33	50
376	34	50
376	35	50
376	36	60
376	37	70
376	38	50
376	39	30
376	40	70
377	1	20
377	2	40
377	3	90
377	4	90
377	5	90
377	6	110
377	7	20
377	8	110
377	9	90
377	10	130
377	11	110
377	12	50
377	13	0
377	14	70
377	15	110
377	16	40
377	17	20
377	18	70
377	19	70
377	20	90
377	21	60
377	22	110
377	23	90
377	24	50
377	25	90
377	26	110
377	27	20
377	28	130
377	29	40
377	30	50
377	31	110
377	32	110
377	33	50
377	34	60
377	35	110
377	36	0
377	37	50
377	38	70
377	39	90
377	40	90
378	1	70
378	2	70
378	3	90
378	4	90
378	5	40
378	6	90
378	7	70
378	8	90
378	9	70
378	10	110
378	11	90
378	12	50
378	13	50
378	14	70
378	15	90
378	16	90
378	17	70
378	18	70
378	19	70
378	20	70
378	21	70
378	22	90
378	23	20
378	24	50
378	25	90
378	26	90
378	27	50
378	28	90
378	29	90
378	30	0
378	31	20
378	32	90
378	33	50
378	34	90
378	35	90
378	36	50
378	37	50
378	38	50
378	39	20
378	40	90
379	1	50
379	2	50
379	3	50
379	4	50
379	5	0
379	6	50
379	7	70
379	8	70
379	9	70
379	10	50
379	11	70
379	12	50
379	13	70
379	14	70
379	15	70
379	16	50
379	17	70
379	18	50
379	19	50
379	20	50
379	21	70
379	22	50
379	23	0
379	24	70
379	25	50
379	26	50
379	27	50
379	28	50
379	29	50
379	30	0
379	31	0
379	32	50
379	33	50
379	34	50
379	35	50
379	36	50
379	37	70
379	38	50
379	39	20
379	40	70
380	1	70
380	2	70
380	3	60
380	4	60
380	5	30
380	6	60
380	7	80
380	8	60
380	9	90
380	10	80
380	11	60
380	12	50
380	13	80
380	14	80
380	15	70
380	16	70
380	17	60
380	18	80
380	19	70
380	20	50
380	21	80
380	22	50
380	23	10
380	24	60
380	25	50
380	26	80
380	27	80
380	28	60
380	29	100
380	30	10
380	31	10
380	32	90
380	33	80
380	34	70
380	35	70
380	36	60
380	37	80
380	38	50
380	39	30
380	40	90
381	1	70
381	2	70
381	3	90
381	4	70
381	5	30
381	6	100
381	7	50
381	8	70
381	9	50
381	10	70
381	11	80
381	12	70
381	13	50
381	14	60
381	15	70
381	16	90
381	17	50
381	18	70
381	19	50
381	20	50
381	21	70
381	22	90
381	23	10
381	24	50
381	25	70
381	26	70
381	27	60
381	28	70
381	29	50
381	30	20
381	31	0
381	32	70
381	33	50
381	34	70
381	35	70
381	36	60
381	37	50
381	38	50
381	39	20
381	40	50
382	1	20
382	2	40
382	3	60
382	4	80
382	5	80
382	6	80
382	7	50
382	8	100
382	9	110
382	10	120
382	11	100
382	12	50
382	13	30
382	14	100
382	15	90
382	16	20
382	17	30
382	18	80
382	19	70
382	20	90
382	21	70
382	22	90
382	23	100
382	24	60
382	25	70
382	26	100
382	27	30
382	28	120
382	29	50
382	30	60
382	31	120
382	32	90
382	33	60
382	34	60
382	35	110
382	36	10
382	37	80
382	38	70
382	39	100
382	40	110
383	1	70
383	2	90
383	3	70
383	4	50
383	5	40
383	6	90
383	7	50
383	8	90
383	9	90
383	10	70
383	11	90
383	12	50
383	13	50
383	14	50
383	15	130
383	16	90
383	17	70
383	18	70
383	19	50
383	20	70
383	21	90
383	22	70
383	23	0
383	24	70
383	25	70
383	26	90
383	27	70
383	28	70
383	29	70
383	30	0
383	31	20
383	32	90
383	33	50
383	34	90
383	35	70
383	36	50
383	37	50
383	38	70
383	39	40
383	40	70
384	1	50
384	2	50
384	3	70
384	4	70
384	5	20
384	6	70
384	7	90
384	8	90
384	9	70
384	10	70
384	11	90
384	12	50
384	13	70
384	14	90
384	15	70
384	16	70
384	17	70
384	18	50
384	19	90
384	20	70
384	21	90
384	22	90
384	23	20
384	24	50
384	25	90
384	26	70
384	27	70
384	28	70
384	29	90
384	30	0
384	31	20
384	32	90
384	33	70
384	34	70
384	35	70
384	36	50
384	37	70
384	38	50
384	39	40
384	40	90
385	1	70
385	2	70
385	3	90
385	4	70
385	5	50
385	6	100
385	7	50
385	8	70
385	9	70
385	10	90
385	11	80
385	12	50
385	13	50
385	14	60
385	15	90
385	16	90
385	17	50
385	18	70
385	19	50
385	20	50
385	21	70
385	22	70
385	23	10
385	24	50
385	25	70
385	26	90
385	27	60
385	28	70
385	29	70
385	30	0
385	31	0
385	32	90
385	33	50
385	34	70
385	35	70
385	36	60
385	37	50
385	38	50
385	39	20
385	40	70
386	1	20
386	2	20
386	3	90
386	4	90
386	5	70
386	6	90
386	7	20
386	8	110
386	9	50
386	10	110
386	11	110
386	12	70
386	13	0
386	14	70
386	15	70
386	16	40
386	17	20
386	18	70
386	19	70
386	20	70
386	21	40
386	22	130
386	23	90
386	24	50
386	25	90
386	26	90
386	27	0
386	28	110
386	29	20
386	30	70
386	31	90
386	32	90
386	33	50
386	34	40
386	35	110
386	36	0
386	37	50
386	38	50
386	39	70
386	40	70
387	1	0
387	2	0
387	3	80
387	4	60
387	5	80
387	6	80
387	7	10
387	8	80
387	9	50
387	10	60
387	11	80
387	12	50
387	13	10
387	14	60
387	15	70
387	16	20
387	17	10
387	18	50
387	19	50
387	20	50
387	21	20
387	22	70
387	23	60
387	24	50
387	25	70
387	26	70
387	27	10
387	28	60
387	29	10
387	30	60
387	31	50
387	32	70
387	33	50
387	34	0
387	35	50
387	36	10
387	37	50
387	38	50
387	39	80
387	40	50
388	1	0
388	2	0
388	3	80
388	4	80
388	5	100
388	6	80
388	7	30
388	8	140
388	9	50
388	10	100
388	11	140
388	12	50
388	13	10
388	14	80
388	15	90
388	16	20
388	17	50
388	18	60
388	19	70
388	20	90
388	21	50
388	22	110
388	23	120
388	24	80
388	25	110
388	26	120
388	27	10
388	28	100
388	29	30
388	30	60
388	31	120
388	32	90
388	33	60
388	34	20
388	35	90
388	36	30
388	37	60
388	38	70
388	39	80
388	40	70
389	1	70
389	2	90
389	3	80
389	4	60
389	5	50
389	6	100
389	7	80
389	8	100
389	9	110
389	10	100
389	11	100
389	12	50
389	13	80
389	14	80
389	15	110
389	16	90
389	17	60
389	18	70
389	19	50
389	20	70
389	21	130
389	22	90
389	23	30
389	24	50
389	25	70
389	26	110
389	27	80
389	28	100
389	29	80
389	30	10
389	31	40
389	32	110
389	33	50
389	34	90
389	35	90
389	36	60
389	37	70
389	38	70
389	39	70
389	40	90
390	1	0
390	2	20
390	3	50
390	4	50
390	5	70
390	6	70
390	7	0
390	8	70
390	9	70
390	10	50
390	11	70
390	12	50
390	13	0
390	14	50
390	15	90
390	16	0
390	17	20
390	18	50
390	19	50
390	20	90
390	21	20
390	22	50
390	23	70
390	24	70
390	25	70
390	26	70
390	27	20
390	28	70
390	29	0
390	30	50
390	31	90
390	32	50
390	33	50
390	34	20
390	35	50
390	36	20
390	37	50
390	38	90
390	39	70
390	40	50
391	1	50
391	2	50
391	3	60
391	4	60
391	5	30
391	6	60
391	7	60
391	8	100
391	9	50
391	10	80
391	11	100
391	12	50
391	13	60
391	14	60
391	15	70
391	16	50
391	17	80
391	18	50
391	19	50
391	20	70
391	21	70
391	22	70
391	23	50
391	24	70
391	25	70
391	26	90
391	27	60
391	28	80
391	29	60
391	30	10
391	31	40
391	32	70
391	33	50
391	34	50
391	35	70
391	36	80
391	37	50
391	38	70
391	39	10
391	40	50
392	1	70
392	2	90
392	3	80
392	4	60
392	5	50
392	6	100
392	7	80
392	8	100
392	9	110
392	10	100
392	11	100
392	12	50
392	13	80
392	14	80
392	15	110
392	16	90
392	17	60
392	18	70
392	19	50
392	20	70
392	21	130
392	22	90
392	23	30
392	24	50
392	25	70
392	26	110
392	27	80
392	28	100
392	29	80
392	30	10
392	31	40
392	32	110
392	33	50
392	34	90
392	35	90
392	36	60
392	37	70
392	38	70
392	39	70
392	40	90
393	1	50
393	2	50
393	3	80
393	4	80
393	5	30
393	6	80
393	7	80
393	8	120
393	9	50
393	10	80
393	11	120
393	12	50
393	13	60
393	14	80
393	15	90
393	16	70
393	17	100
393	18	50
393	19	70
393	20	70
393	21	70
393	22	90
393	23	30
393	24	70
393	25	90
393	26	70
393	27	60
393	28	80
393	29	80
393	30	10
393	31	20
393	32	70
393	33	50
393	34	70
393	35	70
393	36	60
393	37	50
393	38	50
393	39	30
393	40	70
394	1	20
394	2	20
394	3	80
394	4	60
394	5	100
394	6	80
394	7	30
394	8	100
394	9	90
394	10	80
394	11	100
394	12	50
394	13	30
394	14	80
394	15	110
394	16	40
394	17	30
394	18	80
394	19	50
394	20	50
394	21	50
394	22	70
394	23	60
394	24	80
394	25	70
394	26	100
394	27	10
394	28	60
394	29	30
394	30	60
394	31	60
394	32	90
394	33	60
394	34	20
394	35	70
394	36	10
394	37	80
394	38	50
394	39	100
394	40	90
395	1	50
395	2	50
395	3	60
395	4	60
395	5	10
395	6	60
395	7	80
395	8	80
395	9	70
395	10	80
395	11	80
395	12	50
395	13	80
395	14	80
395	15	50
395	16	50
395	17	60
395	18	50
395	19	70
395	20	50
395	21	90
395	22	70
395	23	30
395	24	50
395	25	50
395	26	70
395	27	80
395	28	80
395	29	80
395	30	10
395	31	20
395	32	90
395	33	70
395	34	50
395	35	70
395	36	60
395	37	70
395	38	50
395	39	30
395	40	70
396	1	20
396	2	40
396	3	100
396	4	100
396	5	80
396	6	120
396	7	30
396	8	120
396	9	70
396	10	120
396	11	120
396	12	70
396	13	10
396	14	80
396	15	90
396	16	40
396	17	30
396	18	80
396	19	70
396	20	90
396	21	70
396	22	130
396	23	100
396	24	60
396	25	90
396	26	100
396	27	30
396	28	140
396	29	30
396	30	80
396	31	120
396	32	90
396	33	60
396	34	60
396	35	110
396	36	10
396	37	60
396	38	70
396	39	100
396	40	70
397	1	20
397	2	20
397	3	60
397	4	60
397	5	80
397	6	60
397	7	30
397	8	80
397	9	90
397	10	80
397	11	80
397	12	50
397	13	30
397	14	80
397	15	90
397	16	20
397	17	30
397	18	70
397	19	50
397	20	50
397	21	20
397	22	50
397	23	60
397	24	70
397	25	50
397	26	70
397	27	10
397	28	60
397	29	30
397	30	60
397	31	50
397	32	70
397	33	50
397	34	20
397	35	70
397	36	10
397	37	70
397	38	50
397	39	80
397	40	90
398	1	70
398	2	90
398	3	70
398	4	90
398	5	20
398	6	90
398	7	70
398	8	70
398	9	90
398	10	110
398	11	70
398	12	50
398	13	50
398	14	70
398	15	90
398	16	70
398	17	70
398	18	70
398	19	70
398	20	90
398	21	70
398	22	70
398	23	20
398	24	50
398	25	70
398	26	70
398	27	70
398	28	110
398	29	90
398	30	0
398	31	40
398	32	70
398	33	50
398	34	110
398	35	90
398	36	50
398	37	50
398	38	70
398	39	20
398	40	90
399	1	50
399	2	70
399	3	80
399	4	60
399	5	30
399	6	100
399	7	60
399	8	100
399	9	70
399	10	80
399	11	100
399	12	50
399	13	60
399	14	60
399	15	90
399	16	70
399	17	60
399	18	60
399	19	50
399	20	70
399	21	120
399	22	90
399	23	30
399	24	60
399	25	70
399	26	100
399	27	80
399	28	100
399	29	60
399	30	10
399	31	50
399	32	90
399	33	60
399	34	70
399	35	70
399	36	60
399	37	60
399	38	70
399	39	50
399	40	50
400	1	70
400	2	70
400	3	80
400	4	60
400	5	50
400	6	80
400	7	60
400	8	80
400	9	70
400	10	80
400	11	80
400	12	50
400	13	60
400	14	60
400	15	90
400	16	90
400	17	60
400	18	70
400	19	50
400	20	50
400	21	70
400	22	70
400	23	10
400	24	50
400	25	70
400	26	90
400	27	60
400	28	60
400	29	80
400	30	10
400	31	0
400	32	90
400	33	50
400	34	70
400	35	70
400	36	60
400	37	50
400	38	50
400	39	30
400	40	70
401	1	70
401	2	70
401	3	70
401	4	50
401	5	50
401	6	80
401	7	70
401	8	90
401	9	90
401	10	90
401	11	100
401	12	50
401	13	70
401	14	80
401	15	90
401	16	90
401	17	50
401	18	70
401	19	50
401	20	50
401	21	110
401	22	90
401	23	30
401	24	50
401	25	70
401	26	110
401	27	60
401	28	70
401	29	70
401	30	0
401	31	20
401	32	110
401	33	50
401	34	70
401	35	90
401	36	60
401	37	70
401	38	50
401	39	40
401	40	90
402	1	70
402	2	90
402	3	70
402	4	50
402	5	50
402	6	100
402	7	70
402	8	90
402	9	110
402	10	90
402	11	100
402	12	50
402	13	70
402	14	80
402	15	110
402	16	90
402	17	50
402	18	70
402	19	70
402	20	70
402	21	130
402	22	90
402	23	30
402	24	50
402	25	70
402	26	110
402	27	100
402	28	90
402	29	90
402	30	0
402	31	40
402	32	130
402	33	70
402	34	90
402	35	90
402	36	60
402	37	70
402	38	70
402	39	60
402	40	90
403	1	50
403	2	70
403	3	50
403	4	50
403	5	10
403	6	80
403	7	70
403	8	70
403	9	90
403	10	70
403	11	80
403	12	50
403	13	70
403	14	80
403	15	70
403	16	50
403	17	50
403	18	50
403	19	70
403	20	70
403	21	110
403	22	70
403	23	30
403	24	50
403	25	50
403	26	70
403	27	100
403	28	90
403	29	70
403	30	0
403	31	40
403	32	90
403	33	70
403	34	70
403	35	70
403	36	60
403	37	70
403	38	70
403	39	40
403	40	70
404	1	70
404	2	90
404	3	80
404	4	100
404	5	30
404	6	100
404	7	80
404	8	100
404	9	90
404	10	140
404	11	100
404	12	50
404	13	60
404	14	80
404	15	90
404	16	70
404	17	80
404	18	70
404	19	70
404	20	90
404	21	90
404	22	90
404	23	50
404	24	50
404	25	70
404	26	90
404	27	80
404	28	140
404	29	100
404	30	10
404	31	60
404	32	90
404	33	50
404	34	110
404	35	110
404	36	60
404	37	50
404	38	70
404	39	30
404	40	90
405	1	50
405	2	70
405	3	100
405	4	80
405	5	30
405	6	120
405	7	60
405	8	80
405	9	70
405	10	80
405	11	80
405	12	50
405	13	60
405	14	60
405	15	90
405	16	70
405	17	60
405	18	60
405	19	50
405	20	70
405	21	100
405	22	70
405	23	10
405	24	60
405	25	70
405	26	80
405	27	80
405	28	100
405	29	60
405	30	10
405	31	30
405	32	70
405	33	60
405	34	70
405	35	50
405	36	60
405	37	60
405	38	70
405	39	50
405	40	50
406	1	70
406	2	90
406	3	100
406	4	100
406	5	50
406	6	120
406	7	100
406	8	120
406	9	110
406	10	140
406	11	120
406	12	50
406	13	80
406	14	100
406	15	110
406	16	90
406	17	80
406	18	70
406	19	70
406	20	90
406	21	130
406	22	110
406	23	50
406	24	50
406	25	90
406	26	110
406	27	80
406	28	140
406	29	100
406	30	10
406	31	60
406	32	110
406	33	50
406	34	110
406	35	110
406	36	60
406	37	70
406	38	70
406	39	70
406	40	110
407	1	50
407	2	70
407	3	100
407	4	80
407	5	30
407	6	120
407	7	60
407	8	100
407	9	70
407	10	100
407	11	100
407	12	50
407	13	60
407	14	60
407	15	90
407	16	70
407	17	60
407	18	50
407	19	50
407	20	70
407	21	110
407	22	90
407	23	30
407	24	50
407	25	70
407	26	90
407	27	80
407	28	120
407	29	60
407	30	10
407	31	40
407	32	90
407	33	50
407	34	70
407	35	70
407	36	60
407	37	50
407	38	70
407	39	50
407	40	50
408	1	0
408	2	0
408	3	80
408	4	60
408	5	80
408	6	80
408	7	30
408	8	80
408	9	70
408	10	60
408	11	80
408	12	50
408	13	30
408	14	80
408	15	70
408	16	20
408	17	10
408	18	50
408	19	70
408	20	50
408	21	40
408	22	70
408	23	60
408	24	50
408	25	70
408	26	70
408	27	30
408	28	60
408	29	30
408	30	60
408	31	50
408	32	90
408	33	70
408	34	0
408	35	50
408	36	10
408	37	70
408	38	50
408	39	100
408	40	70
409	1	70
409	2	90
409	3	80
409	4	80
409	5	30
409	6	100
409	7	60
409	8	80
409	9	90
409	10	120
409	11	80
409	12	50
409	13	60
409	14	60
409	15	90
409	16	70
409	17	60
409	18	80
409	19	50
409	20	70
409	21	100
409	22	70
409	23	30
409	24	60
409	25	50
409	26	100
409	27	80
409	28	120
409	29	80
409	30	10
409	31	50
409	32	90
409	33	60
409	34	90
409	35	90
409	36	60
409	37	60
409	38	70
409	39	30
409	40	70
410	1	70
410	2	70
410	3	80
410	4	80
410	5	50
410	6	80
410	7	100
410	8	120
410	9	90
410	10	100
410	11	120
410	12	50
410	13	80
410	14	100
410	15	110
410	16	90
410	17	100
410	18	80
410	19	70
410	20	70
410	21	100
410	22	90
410	23	30
410	24	80
410	25	90
410	26	100
410	27	60
410	28	80
410	29	100
410	30	10
410	31	30
410	32	90
410	33	60
410	34	90
410	35	90
410	36	60
410	37	80
410	38	50
410	39	50
410	40	110
411	1	0
411	2	0
411	3	50
411	4	70
411	5	50
411	6	50
411	7	40
411	8	90
411	9	70
411	10	70
411	11	90
411	12	50
411	13	20
411	14	90
411	15	70
411	16	0
411	17	40
411	18	50
411	19	70
411	20	70
411	21	20
411	22	70
411	23	70
411	24	70
411	25	70
411	26	50
411	27	0
411	28	70
411	29	20
411	30	50
411	31	70
411	32	50
411	33	50
411	34	20
411	35	70
411	36	0
411	37	70
411	38	50
411	39	70
411	40	90
412	1	70
412	2	70
412	3	60
412	4	80
412	5	30
412	6	60
412	7	100
412	8	80
412	9	90
412	10	100
412	11	80
412	12	50
412	13	80
412	14	100
412	15	70
412	16	70
412	17	80
412	18	70
412	19	90
412	20	70
412	21	70
412	22	70
412	23	30
412	24	50
412	25	70
412	26	70
412	27	80
412	28	80
412	29	120
412	30	10
412	31	20
412	32	90
412	33	70
412	34	90
412	35	90
412	36	60
412	37	70
412	38	50
412	39	30
412	40	110
413	1	70
413	2	70
413	3	80
413	4	80
413	5	50
413	6	80
413	7	100
413	8	140
413	9	90
413	10	120
413	11	140
413	12	50
413	13	80
413	14	100
413	15	110
413	16	90
413	17	100
413	18	70
413	19	70
413	20	70
413	21	110
413	22	110
413	23	50
413	24	70
413	25	90
413	26	110
413	27	60
413	28	100
413	29	100
413	30	10
413	31	40
413	32	110
413	33	50
413	34	90
413	35	110
413	36	60
413	37	70
413	38	50
413	39	50
413	40	110
414	1	70
414	2	70
414	3	70
414	4	70
414	5	50
414	6	80
414	7	70
414	8	90
414	9	70
414	10	90
414	11	100
414	12	50
414	13	50
414	14	80
414	15	90
414	16	90
414	17	70
414	18	70
414	19	70
414	20	70
414	21	70
414	22	90
414	23	30
414	24	50
414	25	90
414	26	90
414	27	60
414	28	70
414	29	90
414	30	0
414	31	20
414	32	90
414	33	50
414	34	90
414	35	90
414	36	60
414	37	50
414	38	50
414	39	20
414	40	90
415	1	50
415	2	50
415	3	80
415	4	80
415	5	10
415	6	80
415	7	60
415	8	60
415	9	50
415	10	80
415	11	60
415	12	50
415	13	60
415	14	60
415	15	50
415	16	50
415	17	60
415	18	50
415	19	50
415	20	50
415	21	50
415	22	50
415	23	10
415	24	50
415	25	50
415	26	50
415	27	60
415	28	80
415	29	60
415	30	10
415	31	0
415	32	50
415	33	50
415	34	50
415	35	50
415	36	60
415	37	50
415	38	50
415	39	10
415	40	50
416	1	50
416	2	50
416	3	60
416	4	80
416	5	10
416	6	60
416	7	100
416	8	100
416	9	70
416	10	80
416	11	100
416	12	50
416	13	80
416	14	100
416	15	70
416	16	50
416	17	100
416	18	50
416	19	70
416	20	70
416	21	70
416	22	70
416	23	30
416	24	70
416	25	70
416	26	50
416	27	60
416	28	80
416	29	80
416	30	10
416	31	20
416	32	50
416	33	50
416	34	70
416	35	70
416	36	60
416	37	70
416	38	50
416	39	30
416	40	90
417	1	0
417	2	0
417	3	50
417	4	50
417	5	50
417	6	50
417	7	0
417	8	70
417	9	50
417	10	50
417	11	70
417	12	50
417	13	0
417	14	50
417	15	70
417	16	0
417	17	20
417	18	50
417	19	50
417	20	50
417	21	0
417	22	50
417	23	50
417	24	70
417	25	50
417	26	50
417	27	0
417	28	50
417	29	0
417	30	50
417	31	50
417	32	50
417	33	50
417	34	0
417	35	50
417	36	0
417	37	50
417	38	50
417	39	50
417	40	50
418	1	70
418	2	90
418	3	80
418	4	80
418	5	50
418	6	100
418	7	100
418	8	120
418	9	110
418	10	120
418	11	120
418	12	50
418	13	80
418	14	100
418	15	110
418	16	90
418	17	80
418	18	80
418	19	70
418	20	90
418	21	140
418	22	110
418	23	50
418	24	60
418	25	90
418	26	120
418	27	80
418	28	120
418	29	100
418	30	10
418	31	70
418	32	110
418	33	60
418	34	110
418	35	110
418	36	60
418	37	80
418	38	70
418	39	70
418	40	110
419	1	70
419	2	90
419	3	70
419	4	70
419	5	40
419	6	90
419	7	90
419	8	90
419	9	110
419	10	90
419	11	90
419	12	50
419	13	70
419	14	90
419	15	110
419	16	90
419	17	70
419	18	70
419	19	70
419	20	90
419	21	110
419	22	90
419	23	20
419	24	50
419	25	90
419	26	90
419	27	70
419	28	90
419	29	90
419	30	0
419	31	40
419	32	90
419	33	50
419	34	110
419	35	90
419	36	50
419	37	70
419	38	70
419	39	60
419	40	110
420	1	50
420	2	50
420	3	90
420	4	70
420	5	30
420	6	100
420	7	70
420	8	70
420	9	70
420	10	70
420	11	80
420	12	50
420	13	70
420	14	80
420	15	70
420	16	70
420	17	50
420	18	50
420	19	50
420	20	50
420	21	90
420	22	70
420	23	10
420	24	50
420	25	70
420	26	70
420	27	60
420	28	70
420	29	50
420	30	0
420	31	0
420	32	70
420	33	50
420	34	50
420	35	50
420	36	60
420	37	70
420	38	50
420	39	40
420	40	70
421	1	70
421	2	70
421	3	70
421	4	90
421	5	20
421	6	70
421	7	70
421	8	70
421	9	70
421	10	110
421	11	70
421	12	50
421	13	50
421	14	70
421	15	70
421	16	70
421	17	70
421	18	70
421	19	70
421	20	70
421	21	50
421	22	70
421	23	20
421	24	50
421	25	70
421	26	70
421	27	50
421	28	90
421	29	90
421	30	0
421	31	20
421	32	70
421	33	50
421	34	90
421	35	90
421	36	50
421	37	50
421	38	50
421	39	0
421	40	90
422	1	70
422	2	90
422	3	80
422	4	80
422	5	50
422	6	100
422	7	100
422	8	100
422	9	110
422	10	100
422	11	100
422	12	50
422	13	80
422	14	100
422	15	110
422	16	90
422	17	80
422	18	70
422	19	70
422	20	90
422	21	110
422	22	90
422	23	30
422	24	50
422	25	90
422	26	90
422	27	80
422	28	100
422	29	100
422	30	10
422	31	40
422	32	90
422	33	50
422	34	110
422	35	90
422	36	60
422	37	70
422	38	70
422	39	70
422	40	110
423	1	90
423	2	110
423	3	100
423	4	80
423	5	50
423	6	120
423	7	60
423	8	100
423	9	90
423	10	120
423	11	100
423	12	70
423	13	60
423	14	60
423	15	110
423	16	110
423	17	60
423	18	100
423	19	50
423	20	70
423	21	120
423	22	110
423	23	30
423	24	60
423	25	70
423	26	120
423	27	80
423	28	120
423	29	80
423	30	30
423	31	50
423	32	110
423	33	60
423	34	110
423	35	110
423	36	60
423	37	60
423	38	70
423	39	50
423	40	70
424	1	20
424	2	40
424	3	80
424	4	60
424	5	100
424	6	100
424	7	30
424	8	120
424	9	110
424	10	100
424	11	120
424	12	50
424	13	30
424	14	80
424	15	130
424	16	40
424	17	30
424	18	80
424	19	50
424	20	70
424	21	90
424	22	90
424	23	80
424	24	80
424	25	70
424	26	120
424	27	30
424	28	100
424	29	30
424	30	60
424	31	100
424	32	110
424	33	60
424	34	40
424	35	90
424	36	10
424	37	80
424	38	70
424	39	120
424	40	90
425	1	70
425	2	90
425	3	90
425	4	70
425	5	20
425	6	110
425	7	50
425	8	70
425	9	70
425	10	70
425	11	70
425	12	70
425	13	50
425	14	50
425	15	90
425	16	90
425	17	50
425	18	70
425	19	50
425	20	70
425	21	90
425	22	90
425	23	0
425	24	50
425	25	70
425	26	70
425	27	70
425	28	90
425	29	50
425	30	20
425	31	20
425	32	70
425	33	50
425	34	90
425	35	70
425	36	50
425	37	50
425	38	70
425	39	40
425	40	50
426	1	70
426	2	70
426	3	70
426	4	70
426	5	40
426	6	70
426	7	90
426	8	90
426	9	90
426	10	90
426	11	90
426	12	50
426	13	70
426	14	90
426	15	90
426	16	90
426	17	70
426	18	70
426	19	70
426	20	70
426	21	90
426	22	90
426	23	20
426	24	50
426	25	90
426	26	90
426	27	50
426	28	70
426	29	90
426	30	0
426	31	20
426	32	90
426	33	50
426	34	90
426	35	90
426	36	50
426	37	70
426	38	50
426	39	40
426	40	110
427	1	50
427	2	50
427	3	90
427	4	70
427	5	30
427	6	100
427	7	50
427	8	70
427	9	50
427	10	70
427	11	80
427	12	50
427	13	50
427	14	60
427	15	70
427	16	70
427	17	50
427	18	50
427	19	50
427	20	50
427	21	70
427	22	70
427	23	10
427	24	50
427	25	70
427	26	70
427	27	60
427	28	70
427	29	50
427	30	0
427	31	0
427	32	70
427	33	50
427	34	50
427	35	50
427	36	60
427	37	50
427	38	50
427	39	20
427	40	50
428	1	0
428	2	20
428	3	70
428	4	70
428	5	70
428	6	90
428	7	40
428	8	130
428	9	90
428	10	90
428	11	130
428	12	50
428	13	20
428	14	90
428	15	110
428	16	20
428	17	40
428	18	50
428	19	70
428	20	90
428	21	80
428	22	110
428	23	90
428	24	70
428	25	90
428	26	90
428	27	20
428	28	110
428	29	20
428	30	50
428	31	110
428	32	90
428	33	50
428	34	40
428	35	90
428	36	0
428	37	70
428	38	70
428	39	110
428	40	90
429	1	0
429	2	0
429	3	50
429	4	50
429	5	50
429	6	50
429	7	20
429	8	50
429	9	70
429	10	50
429	11	50
429	12	50
429	13	20
429	14	70
429	15	50
429	16	0
429	17	0
429	18	50
429	19	50
429	20	50
429	21	20
429	22	50
429	23	50
429	24	50
429	25	50
429	26	50
429	27	0
429	28	50
429	29	0
429	30	50
429	31	50
429	32	50
429	33	50
429	34	0
429	35	50
429	36	0
429	37	70
429	38	50
429	39	70
429	40	70
430	1	50
430	2	70
430	3	50
430	4	50
430	5	30
430	6	80
430	7	50
430	8	70
430	9	70
430	10	50
430	11	80
430	12	50
430	13	50
430	14	60
430	15	90
430	16	50
430	17	70
430	18	50
430	19	50
430	20	90
430	21	70
430	22	50
430	23	30
430	24	70
430	25	70
430	26	70
430	27	80
430	28	70
430	29	50
430	30	0
430	31	40
430	32	50
430	33	50
430	34	70
430	35	50
430	36	80
430	37	50
430	38	90
430	39	20
430	40	50
431	1	70
431	2	90
431	3	90
431	4	90
431	5	20
431	6	110
431	7	70
431	8	90
431	9	70
431	10	90
431	11	90
431	12	70
431	13	50
431	14	70
431	15	90
431	16	90
431	17	70
431	18	70
431	19	70
431	20	90
431	21	90
431	22	110
431	23	20
431	24	50
431	25	90
431	26	70
431	27	70
431	28	110
431	29	70
431	30	20
431	31	40
431	32	70
431	33	50
431	34	110
431	35	90
431	36	50
431	37	50
431	38	70
431	39	40
431	40	70
432	1	0
432	2	0
432	3	60
432	4	60
432	5	60
432	6	60
432	7	10
432	8	80
432	9	50
432	10	80
432	11	80
432	12	50
432	13	10
432	14	60
432	15	50
432	16	0
432	17	10
432	18	60
432	19	50
432	20	50
432	21	30
432	22	70
432	23	80
432	24	60
432	25	50
432	26	80
432	27	10
432	28	80
432	29	10
432	30	60
432	31	80
432	32	70
432	33	60
432	34	0
432	35	70
432	36	10
432	37	60
432	38	50
432	39	60
432	40	50
433	1	70
433	2	90
433	3	80
433	4	60
433	5	50
433	6	100
433	7	80
433	8	80
433	9	110
433	10	80
433	11	80
433	12	50
433	13	80
433	14	80
433	15	110
433	16	90
433	17	60
433	18	70
433	19	50
433	20	70
433	21	110
433	22	70
433	23	10
433	24	50
433	25	70
433	26	90
433	27	80
433	28	80
433	29	80
433	30	10
433	31	20
433	32	90
433	33	50
433	34	90
433	35	70
433	36	60
433	37	70
433	38	70
433	39	70
433	40	90
434	1	50
434	2	50
434	3	80
434	4	60
434	5	30
434	6	80
434	7	80
434	8	80
434	9	70
434	10	60
434	11	80
434	12	50
434	13	80
434	14	80
434	15	70
434	16	70
434	17	60
434	18	50
434	19	50
434	20	50
434	21	90
434	22	70
434	23	10
434	24	50
434	25	70
434	26	70
434	27	60
434	28	60
434	29	60
434	30	10
434	31	0
434	32	70
434	33	50
434	34	50
434	35	50
434	36	60
434	37	70
434	38	50
434	39	50
434	40	70
435	1	0
435	2	0
435	3	60
435	4	60
435	5	80
435	6	60
435	7	10
435	8	80
435	9	50
435	10	60
435	11	80
435	12	50
435	13	10
435	14	60
435	15	70
435	16	0
435	17	30
435	18	60
435	19	50
435	20	70
435	21	10
435	22	50
435	23	80
435	24	80
435	25	70
435	26	80
435	27	10
435	28	60
435	29	10
435	30	60
435	31	80
435	32	50
435	33	60
435	34	0
435	35	50
435	36	30
435	37	60
435	38	70
435	39	60
435	40	50
436	1	0
436	2	0
436	3	60
436	4	60
436	5	60
436	6	60
436	7	30
436	8	80
436	9	70
436	10	80
436	11	80
436	12	50
436	13	30
436	14	80
436	15	50
436	16	0
436	17	10
436	18	50
436	19	50
436	20	50
436	21	40
436	22	70
436	23	80
436	24	50
436	25	50
436	26	70
436	27	10
436	28	80
436	29	10
436	30	60
436	31	70
436	32	70
436	33	50
436	34	0
436	35	70
436	36	10
436	37	70
436	38	50
436	39	80
436	40	70
437	1	0
437	2	20
437	3	90
437	4	70
437	5	80
437	6	120
437	7	0
437	8	90
437	9	70
437	10	90
437	11	100
437	12	50
437	13	0
437	14	60
437	15	90
437	16	20
437	17	0
437	18	50
437	19	50
437	20	70
437	21	60
437	22	90
437	23	80
437	24	50
437	25	70
437	26	90
437	27	30
437	28	110
437	29	0
437	30	50
437	31	90
437	32	90
437	33	50
437	34	20
437	35	70
437	36	10
437	37	50
437	38	70
437	39	90
437	40	50
438	1	70
438	2	70
438	3	80
438	4	80
438	5	50
438	6	80
438	7	100
438	8	120
438	9	90
438	10	120
438	11	120
438	12	50
438	13	80
438	14	100
438	15	90
438	16	90
438	17	80
438	18	70
438	19	90
438	20	70
438	21	110
438	22	110
438	23	50
438	24	50
438	25	90
438	26	110
438	27	80
438	28	100
438	29	120
438	30	10
438	31	40
438	32	130
438	33	70
438	34	90
438	35	110
438	36	60
438	37	70
438	38	50
438	39	50
438	40	110
439	1	0
439	2	0
439	3	80
439	4	60
439	5	80
439	6	80
439	7	30
439	8	120
439	9	70
439	10	80
439	11	120
439	12	50
439	13	30
439	14	80
439	15	90
439	16	20
439	17	30
439	18	60
439	19	50
439	20	50
439	21	70
439	22	90
439	23	80
439	24	80
439	25	70
439	26	100
439	27	10
439	28	80
439	29	10
439	30	60
439	31	80
439	32	90
439	33	60
439	34	0
439	35	70
439	36	10
439	37	80
439	38	50
439	39	100
439	40	70
440	1	70
440	2	70
440	3	70
440	4	50
440	5	50
440	6	80
440	7	70
440	8	90
440	9	90
440	10	90
440	11	100
440	12	50
440	13	70
440	14	80
440	15	90
440	16	90
440	17	50
440	18	70
440	19	50
440	20	50
440	21	110
440	22	90
440	23	30
440	24	50
440	25	70
440	26	110
440	27	60
440	28	70
440	29	70
440	30	0
440	31	20
440	32	110
440	33	50
440	34	70
440	35	90
440	36	60
440	37	70
440	38	50
440	39	40
440	40	90
441	1	50
441	2	50
441	3	70
441	4	70
441	5	0
441	6	70
441	7	50
441	8	50
441	9	50
441	10	70
441	11	50
441	12	50
441	13	50
441	14	50
441	15	50
441	16	50
441	17	50
441	18	50
441	19	50
441	20	50
441	21	50
441	22	50
441	23	0
441	24	50
441	25	50
441	26	50
441	27	50
441	28	70
441	29	50
441	30	0
441	31	0
441	32	50
441	33	50
441	34	50
441	35	50
441	36	50
441	37	50
441	38	50
441	39	0
441	40	50
442	1	50
442	2	70
442	3	100
442	4	100
442	5	30
442	6	120
442	7	80
442	8	100
442	9	70
442	10	100
442	11	100
442	12	50
442	13	60
442	14	80
442	15	90
442	16	70
442	17	80
442	18	60
442	19	70
442	20	90
442	21	100
442	22	90
442	23	30
442	24	60
442	25	90
442	26	80
442	27	80
442	28	120
442	29	80
442	30	10
442	31	50
442	32	70
442	33	60
442	34	90
442	35	70
442	36	60
442	37	60
442	38	70
442	39	50
442	40	70
443	1	50
443	2	70
443	3	90
443	4	90
443	5	20
443	6	110
443	7	70
443	8	90
443	9	70
443	10	90
443	11	90
443	12	50
443	13	50
443	14	70
443	15	90
443	16	70
443	17	70
443	18	50
443	19	70
443	20	90
443	21	90
443	22	90
443	23	20
443	24	50
443	25	90
443	26	70
443	27	70
443	28	110
443	29	70
443	30	0
443	31	40
443	32	70
443	33	50
443	34	90
443	35	70
443	36	50
443	37	50
443	38	70
443	39	40
443	40	70
444	1	70
444	2	90
444	3	50
444	4	50
444	5	20
444	6	70
444	7	70
444	8	50
444	9	110
444	10	70
444	11	50
444	12	50
444	13	70
444	14	70
444	15	90
444	16	70
444	17	50
444	18	70
444	19	50
444	20	70
444	21	90
444	22	50
444	23	0
444	24	50
444	25	50
444	26	70
444	27	70
444	28	70
444	29	70
444	30	0
444	31	20
444	32	70
444	33	50
444	34	90
444	35	70
444	36	50
444	37	70
444	38	70
444	39	40
444	40	90
445	1	70
445	2	70
445	3	60
445	4	60
445	5	30
445	6	60
445	7	80
445	8	60
445	9	90
445	10	80
445	11	60
445	12	50
445	13	80
445	14	80
445	15	70
445	16	70
445	17	60
445	18	80
445	19	70
445	20	50
445	21	80
445	22	50
445	23	10
445	24	60
445	25	50
445	26	80
445	27	80
445	28	60
445	29	100
445	30	10
445	31	10
445	32	90
445	33	80
445	34	70
445	35	70
445	36	60
445	37	80
445	38	50
445	39	30
445	40	90
446	1	0
446	2	0
446	3	70
446	4	70
446	5	50
446	6	70
446	7	0
446	8	50
446	9	50
446	10	70
446	11	50
446	12	50
446	13	0
446	14	50
446	15	50
446	16	0
446	17	0
446	18	50
446	19	50
446	20	50
446	21	0
446	22	50
446	23	50
446	24	50
446	25	50
446	26	50
446	27	0
446	28	70
446	29	0
446	30	50
446	31	50
446	32	50
446	33	50
446	34	0
446	35	50
446	36	0
446	37	50
446	38	50
446	39	50
446	40	50
447	1	50
447	2	70
447	3	70
447	4	70
447	5	30
447	6	100
447	7	70
447	8	130
447	9	70
447	10	90
447	11	140
447	12	50
447	13	50
447	14	80
447	15	110
447	16	70
447	17	90
447	18	50
447	19	70
447	20	90
447	21	110
447	22	110
447	23	50
447	24	70
447	25	90
447	26	90
447	27	80
447	28	110
447	29	70
447	30	0
447	31	60
447	32	90
447	33	50
447	34	90
447	35	90
447	36	60
447	37	50
447	38	70
447	39	40
447	40	70
448	1	50
448	2	50
448	3	50
448	4	50
448	5	0
448	6	50
448	7	50
448	8	70
448	9	50
448	10	50
448	11	70
448	12	50
448	13	50
448	14	50
448	15	70
448	16	50
448	17	70
448	18	50
448	19	50
448	20	50
448	21	50
448	22	50
448	23	0
448	24	70
448	25	50
448	26	50
448	27	50
448	28	50
448	29	50
448	30	0
448	31	0
448	32	50
448	33	50
448	34	50
448	35	50
448	36	50
448	37	50
448	38	50
448	39	0
448	40	50
449	1	0
449	2	0
449	3	50
449	4	70
449	5	70
449	6	50
449	7	20
449	8	110
449	9	50
449	10	90
449	11	110
449	12	50
449	13	0
449	14	70
449	15	70
449	16	0
449	17	40
449	18	50
449	19	70
449	20	90
449	21	20
449	22	90
449	23	110
449	24	70
449	25	90
449	26	90
449	27	0
449	28	90
449	29	20
449	30	50
449	31	110
449	32	70
449	33	50
449	34	20
449	35	90
449	36	20
449	37	50
449	38	70
449	39	50
449	40	70
450	1	20
450	2	40
450	3	70
450	4	70
450	5	90
450	6	90
450	7	40
450	8	130
450	9	110
450	10	110
450	11	130
450	12	50
450	13	20
450	14	90
450	15	130
450	16	40
450	17	40
450	18	70
450	19	70
450	20	90
450	21	80
450	22	110
450	23	90
450	24	70
450	25	90
450	26	110
450	27	20
450	28	110
450	29	40
450	30	50
450	31	110
450	32	110
450	33	50
450	34	60
450	35	110
450	36	0
450	37	70
450	38	70
450	39	110
450	40	110
451	1	20
451	2	20
451	3	80
451	4	80
451	5	100
451	6	80
451	7	50
451	8	120
451	9	90
451	10	120
451	11	120
451	12	50
451	13	30
451	14	100
451	15	90
451	16	40
451	17	30
451	18	70
451	19	90
451	20	70
451	21	60
451	22	110
451	23	100
451	24	50
451	25	90
451	26	110
451	27	30
451	28	100
451	29	70
451	30	60
451	31	90
451	32	130
451	33	70
451	34	40
451	35	110
451	36	10
451	37	70
451	38	50
451	39	100
451	40	110
452	1	50
452	2	50
452	3	70
452	4	50
452	5	30
452	6	80
452	7	70
452	8	90
452	9	70
452	10	50
452	11	100
452	12	50
452	13	70
452	14	80
452	15	90
452	16	70
452	17	70
452	18	50
452	19	50
452	20	50
452	21	90
452	22	70
452	23	10
452	24	70
452	25	70
452	26	70
452	27	60
452	28	50
452	29	50
452	30	0
452	31	0
452	32	70
452	33	50
452	34	50
452	35	50
452	36	60
452	37	70
452	38	50
452	39	40
452	40	70
453	1	90
453	2	110
453	3	100
453	4	100
453	5	50
453	6	120
453	7	80
453	8	120
453	9	90
453	10	140
453	11	120
453	12	70
453	13	60
453	14	80
453	15	110
453	16	110
453	17	80
453	18	90
453	19	70
453	20	90
453	21	110
453	22	130
453	23	50
453	24	50
453	25	90
453	26	110
453	27	80
453	28	140
453	29	100
453	30	30
453	31	60
453	32	110
453	33	50
453	34	130
453	35	130
453	36	60
453	37	50
453	38	70
453	39	50
453	40	90
454	1	20
454	2	40
454	3	100
454	4	100
454	5	100
454	6	120
454	7	30
454	8	100
454	9	90
454	10	120
454	11	100
454	12	50
454	13	10
454	14	80
454	15	110
454	16	40
454	17	30
454	18	70
454	19	70
454	20	90
454	21	40
454	22	90
454	23	80
454	24	50
454	25	90
454	26	90
454	27	30
454	28	120
454	29	50
454	30	60
454	31	90
454	32	90
454	33	50
454	34	60
454	35	90
454	36	10
454	37	50
454	38	70
454	39	100
454	40	90
455	1	0
455	2	0
455	3	80
455	4	80
455	5	80
455	6	80
455	7	30
455	8	100
455	9	50
455	10	80
455	11	100
455	12	50
455	13	10
455	14	80
455	15	70
455	16	20
455	17	30
455	18	60
455	19	70
455	20	70
455	21	30
455	22	90
455	23	80
455	24	60
455	25	90
455	26	80
455	27	10
455	28	80
455	29	30
455	30	60
455	31	80
455	32	70
455	33	60
455	34	20
455	35	70
455	36	10
455	37	60
455	38	50
455	39	80
455	40	70
456	1	40
456	2	60
456	3	80
456	4	100
456	5	80
456	6	100
456	7	30
456	8	80
456	9	90
456	10	120
456	11	80
456	12	70
456	13	10
456	14	80
456	15	90
456	16	40
456	17	30
456	18	90
456	19	70
456	20	90
456	21	20
456	22	90
456	23	80
456	24	50
456	25	70
456	26	70
456	27	30
456	28	120
456	29	50
456	30	80
456	31	90
456	32	70
456	33	50
456	34	80
456	35	110
456	36	10
456	37	50
456	38	70
456	39	80
456	40	90
457	1	20
457	2	20
457	3	70
457	4	70
457	5	120
457	6	80
457	7	20
457	8	110
457	9	70
457	10	90
457	11	120
457	12	50
457	13	0
457	14	80
457	15	110
457	16	40
457	17	40
457	18	70
457	19	70
457	20	90
457	21	20
457	22	90
457	23	100
457	24	70
457	25	110
457	26	110
457	27	10
457	28	70
457	29	40
457	30	50
457	31	90
457	32	90
457	33	50
457	34	40
457	35	90
457	36	30
457	37	50
457	38	70
457	39	70
457	40	90
458	1	70
458	2	90
458	3	80
458	4	60
458	5	50
458	6	100
458	7	80
458	8	100
458	9	110
458	10	100
458	11	100
458	12	50
458	13	80
458	14	80
458	15	110
458	16	90
458	17	60
458	18	70
458	19	70
458	20	70
458	21	130
458	22	90
458	23	30
458	24	50
458	25	70
458	26	110
458	27	100
458	28	100
458	29	100
458	30	10
458	31	40
458	32	130
458	33	70
458	34	90
458	35	90
458	36	60
458	37	70
458	38	70
458	39	70
458	40	90
459	1	20
459	2	40
459	3	60
459	4	80
459	5	80
459	6	80
459	7	30
459	8	120
459	9	90
459	10	120
459	11	120
459	12	50
459	13	10
459	14	80
459	15	110
459	16	20
459	17	50
459	18	80
459	19	70
459	20	90
459	21	50
459	22	90
459	23	100
459	24	80
459	25	70
459	26	100
459	27	30
459	28	120
459	29	50
459	30	60
459	31	120
459	32	90
459	33	60
459	34	60
459	35	110
459	36	10
459	37	60
459	38	70
459	39	80
459	40	90
460	1	20
460	2	40
460	3	80
460	4	80
460	5	100
460	6	100
460	7	30
460	8	120
460	9	90
460	10	100
460	11	120
460	12	50
460	13	10
460	14	80
460	15	130
460	16	40
460	17	50
460	18	70
460	19	70
460	20	90
460	21	40
460	22	90
460	23	80
460	24	70
460	25	90
460	26	90
460	27	30
460	28	100
460	29	50
460	30	60
460	31	90
460	32	90
460	33	50
460	34	60
460	35	90
460	36	10
460	37	50
460	38	70
460	39	100
460	40	90
461	1	70
461	2	90
461	3	70
461	4	70
461	5	20
461	6	90
461	7	70
461	8	70
461	9	110
461	10	110
461	11	70
461	12	50
461	13	70
461	14	70
461	15	90
461	16	70
461	17	50
461	18	70
461	19	50
461	20	70
461	21	110
461	22	70
461	23	20
461	24	50
461	25	50
461	26	90
461	27	70
461	28	110
461	29	70
461	30	0
461	31	40
461	32	90
461	33	50
461	34	90
461	35	90
461	36	50
461	37	70
461	38	70
461	39	40
461	40	90
462	1	70
462	2	70
462	3	80
462	4	60
462	5	50
462	6	80
462	7	80
462	8	120
462	9	90
462	10	100
462	11	120
462	12	50
462	13	80
462	14	80
462	15	110
462	16	90
462	17	80
462	18	80
462	19	50
462	20	50
462	21	120
462	22	90
462	23	30
462	24	80
462	25	70
462	26	120
462	27	60
462	28	80
462	29	80
462	30	10
462	31	30
462	32	110
462	33	60
462	34	70
462	35	90
462	36	60
462	37	80
462	38	50
462	39	50
462	40	90
463	1	0
463	2	20
463	3	50
463	4	50
463	5	60
463	6	80
463	7	0
463	8	90
463	9	70
463	10	70
463	11	100
463	12	50
463	13	0
463	14	60
463	15	90
463	16	0
463	17	20
463	18	50
463	19	50
463	20	70
463	21	40
463	22	70
463	23	80
463	24	70
463	25	50
463	26	70
463	27	30
463	28	90
463	29	0
463	30	50
463	31	90
463	32	70
463	33	50
463	34	20
463	35	70
463	36	10
463	37	50
463	38	70
463	39	70
463	40	50
464	1	50
464	2	70
464	3	70
464	4	50
464	5	40
464	6	90
464	7	50
464	8	110
464	9	70
464	10	70
464	11	110
464	12	50
464	13	50
464	14	50
464	15	110
464	16	70
464	17	70
464	18	50
464	19	50
464	20	90
464	21	110
464	22	90
464	23	40
464	24	70
464	25	90
464	26	110
464	27	70
464	28	90
464	29	50
464	30	0
464	31	60
464	32	90
464	33	50
464	34	70
464	35	70
464	36	70
464	37	50
464	38	90
464	39	40
464	40	50
465	1	0
465	2	0
465	3	70
465	4	70
465	5	80
465	6	80
465	7	40
465	8	130
465	9	70
465	10	90
465	11	140
465	12	50
465	13	20
465	14	100
465	15	90
465	16	20
465	17	40
465	18	50
465	19	70
465	20	70
465	21	60
465	22	110
465	23	100
465	24	70
465	25	90
465	26	90
465	27	10
465	28	90
465	29	20
465	30	50
465	31	90
465	32	90
465	33	50
465	34	20
465	35	90
465	36	10
465	37	70
465	38	50
465	39	90
465	40	90
466	1	70
466	2	90
466	3	50
466	4	50
466	5	20
466	6	70
466	7	70
466	8	70
466	9	110
466	10	70
466	11	70
466	12	50
466	13	70
466	14	70
466	15	110
466	16	70
466	17	70
466	18	70
466	19	50
466	20	70
466	21	90
466	22	50
466	23	0
466	24	70
466	25	50
466	26	70
466	27	70
466	28	70
466	29	70
466	30	0
466	31	20
466	32	70
466	33	50
466	34	90
466	35	70
466	36	50
466	37	70
466	38	70
466	39	40
466	40	90
467	1	0
467	2	20
467	3	90
467	4	90
467	5	70
467	6	110
467	7	20
467	8	110
467	9	70
467	10	110
467	11	110
467	12	50
467	13	0
467	14	70
467	15	90
467	16	20
467	17	20
467	18	50
467	19	70
467	20	90
467	21	60
467	22	110
467	23	90
467	24	50
467	25	90
467	26	90
467	27	20
467	28	130
467	29	20
467	30	50
467	31	110
467	32	90
467	33	50
467	34	40
467	35	90
467	36	0
467	37	50
467	38	70
467	39	90
467	40	70
468	1	0
468	2	20
468	3	70
468	4	70
468	5	80
468	6	100
468	7	20
468	8	130
468	9	70
468	10	90
468	11	140
468	12	50
468	13	0
468	14	80
468	15	110
468	16	20
468	17	40
468	18	50
468	19	70
468	20	90
468	21	60
468	22	110
468	23	100
468	24	70
468	25	90
468	26	90
468	27	30
468	28	110
468	29	20
468	30	50
468	31	110
468	32	90
468	33	50
468	34	40
468	35	90
468	36	10
468	37	50
468	38	70
468	39	90
468	40	70
469	1	50
469	2	70
469	3	70
469	4	50
469	5	50
469	6	100
469	7	50
469	8	90
469	9	70
469	10	50
469	11	100
469	12	50
469	13	50
469	14	60
469	15	110
469	16	70
469	17	70
469	18	50
469	19	50
469	20	90
469	21	90
469	22	70
469	23	30
469	24	70
469	25	90
469	26	90
469	27	80
469	28	70
469	29	50
469	30	0
469	31	40
469	32	70
469	33	50
469	34	70
469	35	50
469	36	80
469	37	50
469	38	90
469	39	40
469	40	50
470	1	50
470	2	70
470	3	80
470	4	60
470	5	30
470	6	100
470	7	80
470	8	100
470	9	90
470	10	80
470	11	100
470	12	50
470	13	80
470	14	80
470	15	90
470	16	70
470	17	60
470	18	50
470	19	50
470	20	70
470	21	130
470	22	90
470	23	30
470	24	50
470	25	70
470	26	90
470	27	80
470	28	100
470	29	60
470	30	10
470	31	40
470	32	90
470	33	50
470	34	70
470	35	70
470	36	60
470	37	70
470	38	70
470	39	70
470	40	70
471	1	20
471	2	20
471	3	60
471	4	80
471	5	80
471	6	60
471	7	50
471	8	100
471	9	90
471	10	120
471	11	100
471	12	50
471	13	30
471	14	100
471	15	70
471	16	20
471	17	30
471	18	80
471	19	90
471	20	70
471	21	50
471	22	90
471	23	100
471	24	60
471	25	70
471	26	100
471	27	30
471	28	100
471	29	70
471	30	60
471	31	100
471	32	110
471	33	80
471	34	40
471	35	110
471	36	10
471	37	80
471	38	50
471	39	80
471	40	110
472	1	20
472	2	20
472	3	80
472	4	80
472	5	60
472	6	80
472	7	10
472	8	60
472	9	50
472	10	80
472	11	60
472	12	70
472	13	10
472	14	60
472	15	50
472	16	20
472	17	10
472	18	70
472	19	50
472	20	50
472	21	0
472	22	70
472	23	60
472	24	50
472	25	50
472	26	50
472	27	10
472	28	80
472	29	10
472	30	80
472	31	50
472	32	50
472	33	50
472	34	20
472	35	70
472	36	10
472	37	50
472	38	50
472	39	60
472	40	50
473	1	0
473	2	20
473	3	80
473	4	60
473	5	80
473	6	100
473	7	30
473	8	100
473	9	90
473	10	80
473	11	100
473	12	50
473	13	30
473	14	80
473	15	90
473	16	20
473	17	10
473	18	50
473	19	50
473	20	70
473	21	80
473	22	90
473	23	80
473	24	50
473	25	70
473	26	90
473	27	30
473	28	100
473	29	10
473	30	60
473	31	90
473	32	90
473	33	50
473	34	20
473	35	70
473	36	10
473	37	70
473	38	70
473	39	120
473	40	70
474	1	0
474	2	20
474	3	100
474	4	80
474	5	80
474	6	120
474	7	30
474	8	100
474	9	90
474	10	100
474	11	100
474	12	50
474	13	30
474	14	80
474	15	90
474	16	20
474	17	10
474	18	60
474	19	50
474	20	70
474	21	90
474	22	90
474	23	80
474	24	60
474	25	70
474	26	100
474	27	30
474	28	120
474	29	10
474	30	60
474	31	100
474	32	90
474	33	60
474	34	20
474	35	70
474	36	10
474	37	80
474	38	70
474	39	120
474	40	70
475	1	0
475	2	0
475	3	70
475	4	50
475	5	80
475	6	80
475	7	20
475	8	110
475	9	70
475	10	70
475	11	120
475	12	50
475	13	20
475	14	80
475	15	90
475	16	20
475	17	20
475	18	50
475	19	50
475	20	50
475	21	60
475	22	90
475	23	80
475	24	70
475	25	70
475	26	90
475	27	10
475	28	70
475	29	0
475	30	50
475	31	70
475	32	90
475	33	50
475	34	0
475	35	70
475	36	10
475	37	70
475	38	50
475	39	90
475	40	70
476	1	20
476	2	20
476	3	50
476	4	50
476	5	90
476	6	50
476	7	0
476	8	90
476	9	70
476	10	90
476	11	90
476	12	50
476	13	0
476	14	50
476	15	90
476	16	20
476	17	20
476	18	70
476	19	50
476	20	70
476	21	20
476	22	70
476	23	90
476	24	70
476	25	70
476	26	110
476	27	0
476	28	70
476	29	20
476	30	50
476	31	90
476	32	90
476	33	50
476	34	20
476	35	90
476	36	20
476	37	50
476	38	70
476	39	50
476	40	70
477	1	40
477	2	40
477	3	70
477	4	70
477	5	70
477	6	70
477	7	0
477	8	50
477	9	70
477	10	90
477	11	50
477	12	70
477	13	0
477	14	50
477	15	70
477	16	40
477	17	0
477	18	90
477	19	50
477	20	50
477	21	0
477	22	70
477	23	50
477	24	50
477	25	50
477	26	70
477	27	0
477	28	70
477	29	20
477	30	70
477	31	50
477	32	70
477	33	50
477	34	40
477	35	90
477	36	0
477	37	50
477	38	50
477	39	50
477	40	70
478	1	20
478	2	40
478	3	70
478	4	50
478	5	100
478	6	100
478	7	0
478	8	70
478	9	90
478	10	70
478	11	80
478	12	50
478	13	0
478	14	60
478	15	110
478	16	40
478	17	0
478	18	70
478	19	50
478	20	70
478	21	40
478	22	70
478	23	60
478	24	50
478	25	70
478	26	90
478	27	30
478	28	70
478	29	20
478	30	50
478	31	70
478	32	90
478	33	50
478	34	40
478	35	70
478	36	10
478	37	50
478	38	70
478	39	90
478	40	70
479	1	70
479	2	90
479	3	60
479	4	80
479	5	30
479	6	80
479	7	100
479	8	80
479	9	110
479	10	100
479	11	80
479	12	50
479	13	80
479	14	100
479	15	90
479	16	70
479	17	80
479	18	80
479	19	70
479	20	90
479	21	100
479	22	70
479	23	30
479	24	60
479	25	70
479	26	80
479	27	80
479	28	100
479	29	100
479	30	10
479	31	50
479	32	70
479	33	60
479	34	110
479	35	90
479	36	60
479	37	80
479	38	70
479	39	50
479	40	110
480	1	70
480	2	70
480	3	50
480	4	70
480	5	30
480	6	60
480	7	90
480	8	70
480	9	90
480	10	90
480	11	80
480	12	50
480	13	70
480	14	100
480	15	70
480	16	70
480	17	70
480	18	70
480	19	70
480	20	70
480	21	70
480	22	70
480	23	30
480	24	50
480	25	70
480	26	70
480	27	60
480	28	70
480	29	90
480	30	0
480	31	20
480	32	70
480	33	50
480	34	90
480	35	90
480	36	60
480	37	70
480	38	50
480	39	20
480	40	110
481	1	50
481	2	50
481	3	60
481	4	60
481	5	10
481	6	60
481	7	80
481	8	60
481	9	70
481	10	60
481	11	60
481	12	50
481	13	80
481	14	80
481	15	50
481	16	50
481	17	60
481	18	50
481	19	50
481	20	50
481	21	70
481	22	50
481	23	10
481	24	50
481	25	50
481	26	50
481	27	60
481	28	60
481	29	60
481	30	10
481	31	0
481	32	50
481	33	50
481	34	50
481	35	50
481	36	60
481	37	70
481	38	50
481	39	30
481	40	70
482	1	20
482	2	20
482	3	70
482	4	50
482	5	100
482	6	80
482	7	0
482	8	110
482	9	70
482	10	90
482	11	120
482	12	50
482	13	0
482	14	60
482	15	110
482	16	40
482	17	20
482	18	70
482	19	50
482	20	50
482	21	40
482	22	90
482	23	80
482	24	70
482	25	70
482	26	110
482	27	10
482	28	70
482	29	20
482	30	50
482	31	70
482	32	110
482	33	50
482	34	20
482	35	90
482	36	10
482	37	50
482	38	50
482	39	70
482	40	70
483	1	50
483	2	50
483	3	80
483	4	80
483	5	30
483	6	80
483	7	100
483	8	120
483	9	70
483	10	100
483	11	120
483	12	50
483	13	80
483	14	100
483	15	70
483	16	70
483	17	80
483	18	50
483	19	90
483	20	70
483	21	110
483	22	110
483	23	50
483	24	50
483	25	90
483	26	90
483	27	80
483	28	100
483	29	100
483	30	10
483	31	40
483	32	110
483	33	70
483	34	70
483	35	90
483	36	60
483	37	70
483	38	50
483	39	50
483	40	90
484	1	50
484	2	50
484	3	50
484	4	70
484	5	10
484	6	60
484	7	90
484	8	90
484	9	70
484	10	70
484	11	100
484	12	50
484	13	70
484	14	100
484	15	70
484	16	50
484	17	90
484	18	50
484	19	70
484	20	70
484	21	70
484	22	70
484	23	30
484	24	70
484	25	70
484	26	50
484	27	60
484	28	70
484	29	70
484	30	0
484	31	20
484	32	50
484	33	50
484	34	70
484	35	70
484	36	60
484	37	70
484	38	50
484	39	20
484	40	90
485	1	70
485	2	90
485	3	50
485	4	70
485	5	30
485	6	80
485	7	90
485	8	70
485	9	110
485	10	90
485	11	80
485	12	50
485	13	70
485	14	100
485	15	90
485	16	70
485	17	70
485	18	70
485	19	70
485	20	90
485	21	90
485	22	70
485	23	30
485	24	50
485	25	70
485	26	70
485	27	80
485	28	90
485	29	90
485	30	0
485	31	40
485	32	70
485	33	50
485	34	110
485	35	90
485	36	60
485	37	70
485	38	70
485	39	40
485	40	110
486	1	50
486	2	50
486	3	80
486	4	80
486	5	50
486	6	80
486	7	80
486	8	140
486	9	50
486	10	100
486	11	140
486	12	50
486	13	60
486	14	80
486	15	90
486	16	70
486	17	100
486	18	50
486	19	70
486	20	90
486	21	90
486	22	110
486	23	70
486	24	70
486	25	110
486	26	110
486	27	60
486	28	100
486	29	80
486	30	10
486	31	60
486	32	90
486	33	50
486	34	70
486	35	90
486	36	80
486	37	50
486	38	70
486	39	30
486	40	70
487	1	50
487	2	70
487	3	80
487	4	80
487	5	50
487	6	100
487	7	80
487	8	120
487	9	70
487	10	80
487	11	120
487	12	50
487	13	60
487	14	80
487	15	110
487	16	70
487	17	100
487	18	50
487	19	70
487	20	110
487	21	90
487	22	90
487	23	50
487	24	70
487	25	110
487	26	90
487	27	80
487	28	100
487	29	80
487	30	10
487	31	60
487	32	70
487	33	50
487	34	90
487	35	70
487	36	80
487	37	50
487	38	90
487	39	50
487	40	70
488	1	20
488	2	40
488	3	80
488	4	100
488	5	80
488	6	100
488	7	50
488	8	100
488	9	110
488	10	140
488	11	100
488	12	50
488	13	30
488	14	100
488	15	90
488	16	20
488	17	30
488	18	70
488	19	70
488	20	90
488	21	60
488	22	90
488	23	100
488	24	50
488	25	70
488	26	90
488	27	30
488	28	140
488	29	50
488	30	60
488	31	110
488	32	90
488	33	50
488	34	60
488	35	110
488	36	10
488	37	70
488	38	70
488	39	100
488	40	110
489	1	40
489	2	60
489	3	80
489	4	100
489	5	80
489	6	100
489	7	30
489	8	100
489	9	90
489	10	140
489	11	100
489	12	70
489	13	10
489	14	80
489	15	90
489	16	40
489	17	30
489	18	100
489	19	70
489	20	90
489	21	50
489	22	110
489	23	100
489	24	60
489	25	70
489	26	100
489	27	30
489	28	140
489	29	50
489	30	80
489	31	120
489	32	90
489	33	60
489	34	80
489	35	130
489	36	10
489	37	60
489	38	70
489	39	80
489	40	90
490	1	50
490	2	70
490	3	70
490	4	50
490	5	20
490	6	90
490	7	70
490	8	90
490	9	90
490	10	70
490	11	90
490	12	50
490	13	70
490	14	70
490	15	90
490	16	70
490	17	50
490	18	50
490	19	50
490	20	70
490	21	130
490	22	90
490	23	20
490	24	50
490	25	70
490	26	90
490	27	70
490	28	90
490	29	50
490	30	0
490	31	40
490	32	90
490	33	50
490	34	70
490	35	70
490	36	50
490	37	70
490	38	70
490	39	60
490	40	70
491	1	20
491	2	40
491	3	70
491	4	50
491	5	110
491	6	90
491	7	0
491	8	110
491	9	90
491	10	90
491	11	110
491	12	50
491	13	0
491	14	50
491	15	130
491	16	40
491	17	20
491	18	70
491	19	50
491	20	90
491	21	60
491	22	90
491	23	90
491	24	70
491	25	90
491	26	130
491	27	20
491	28	90
491	29	20
491	30	50
491	31	110
491	32	110
491	33	50
491	34	40
491	35	90
491	36	20
491	37	50
491	38	90
491	39	90
491	40	70
492	1	20
492	2	40
492	3	50
492	4	70
492	5	70
492	6	70
492	7	40
492	8	70
492	9	110
492	10	90
492	11	70
492	12	50
492	13	20
492	14	90
492	15	90
492	16	20
492	17	20
492	18	70
492	19	70
492	20	90
492	21	40
492	22	70
492	23	70
492	24	50
492	25	70
492	26	70
492	27	20
492	28	90
492	29	40
492	30	50
492	31	90
492	32	70
492	33	50
492	34	60
492	35	90
492	36	0
492	37	70
492	38	70
492	39	90
492	40	110
493	1	50
493	2	50
493	3	80
493	4	80
493	5	30
493	6	80
493	7	100
493	8	100
493	9	70
493	10	80
493	11	100
493	12	50
493	13	80
493	14	100
493	15	70
493	16	70
493	17	80
493	18	60
493	19	90
493	20	70
493	21	100
493	22	90
493	23	30
493	24	60
493	25	90
493	26	80
493	27	80
493	28	80
493	29	100
493	30	10
493	31	30
493	32	90
493	33	80
493	34	70
493	35	70
493	36	60
493	37	80
493	38	50
493	39	50
493	40	90
494	1	70
494	2	70
494	3	80
494	4	60
494	5	50
494	6	80
494	7	60
494	8	80
494	9	70
494	10	80
494	11	80
494	12	50
494	13	60
494	14	60
494	15	90
494	16	90
494	17	60
494	18	70
494	19	50
494	20	50
494	21	70
494	22	70
494	23	10
494	24	50
494	25	70
494	26	90
494	27	60
494	28	60
494	29	80
494	30	10
494	31	0
494	32	90
494	33	50
494	34	70
494	35	70
494	36	60
494	37	50
494	38	50
494	39	30
494	40	70
495	1	70
495	2	90
495	3	80
495	4	80
495	5	50
495	6	100
495	7	100
495	8	100
495	9	110
495	10	100
495	11	100
495	12	50
495	13	80
495	14	100
495	15	110
495	16	90
495	17	80
495	18	70
495	19	90
495	20	90
495	21	110
495	22	90
495	23	30
495	24	50
495	25	90
495	26	90
495	27	100
495	28	100
495	29	120
495	30	10
495	31	40
495	32	110
495	33	70
495	34	110
495	35	90
495	36	60
495	37	70
495	38	70
495	39	70
495	40	110
496	1	20
496	2	20
496	3	60
496	4	60
496	5	80
496	6	60
496	7	30
496	8	60
496	9	90
496	10	80
496	11	60
496	12	50
496	13	30
496	14	80
496	15	70
496	16	20
496	17	10
496	18	70
496	19	50
496	20	50
496	21	20
496	22	50
496	23	60
496	24	50
496	25	50
496	26	70
496	27	10
496	28	60
496	29	30
496	30	60
496	31	50
496	32	70
496	33	50
496	34	20
496	35	70
496	36	10
496	37	70
496	38	50
496	39	80
496	40	90
497	1	50
497	2	70
497	3	100
497	4	80
497	5	30
497	6	120
497	7	60
497	8	100
497	9	70
497	10	100
497	11	100
497	12	50
497	13	60
497	14	60
497	15	90
497	16	70
497	17	60
497	18	50
497	19	50
497	20	70
497	21	110
497	22	90
497	23	30
497	24	50
497	25	70
497	26	90
497	27	80
497	28	120
497	29	60
497	30	10
497	31	40
497	32	90
497	33	50
497	34	70
497	35	70
497	36	60
497	37	50
497	38	70
497	39	50
497	40	50
498	1	0
498	2	0
498	3	80
498	4	60
498	5	80
498	6	80
498	7	30
498	8	100
498	9	70
498	10	80
498	11	100
498	12	50
498	13	30
498	14	80
498	15	70
498	16	20
498	17	10
498	18	60
498	19	50
498	20	50
498	21	70
498	22	90
498	23	80
498	24	60
498	25	70
498	26	100
498	27	10
498	28	80
498	29	10
498	30	60
498	31	80
498	32	90
498	33	60
498	34	0
498	35	70
498	36	10
498	37	80
498	38	50
498	39	100
498	40	70
499	1	90
499	2	90
499	3	90
499	4	90
499	5	50
499	6	100
499	7	70
499	8	110
499	9	70
499	10	130
499	11	120
499	12	70
499	13	50
499	14	80
499	15	90
499	16	110
499	17	70
499	18	90
499	19	70
499	20	70
499	21	90
499	22	130
499	23	50
499	24	50
499	25	90
499	26	110
499	27	60
499	28	110
499	29	90
499	30	20
499	31	40
499	32	110
499	33	50
499	34	110
499	35	130
499	36	60
499	37	50
499	38	50
499	39	20
499	40	90
500	1	70
500	2	70
500	3	80
500	4	80
500	5	50
500	6	80
500	7	80
500	8	100
500	9	70
500	10	100
500	11	100
500	12	50
500	13	60
500	14	80
500	15	90
500	16	90
500	17	80
500	18	70
500	19	70
500	20	70
500	21	70
500	22	90
500	23	30
500	24	50
500	25	90
500	26	90
500	27	60
500	28	80
500	29	100
500	30	10
500	31	20
500	32	90
500	33	50
500	34	90
500	35	90
500	36	60
500	37	50
500	38	50
500	39	30
500	40	90
501	1	20
501	2	40
501	3	50
501	4	50
501	5	70
501	6	70
501	7	0
501	8	70
501	9	90
501	10	90
501	11	70
501	12	50
501	13	0
501	14	50
501	15	90
501	16	20
501	17	0
501	18	70
501	19	50
501	20	70
501	21	40
501	22	70
501	23	70
501	24	50
501	25	50
501	26	90
501	27	20
501	28	90
501	29	20
501	30	50
501	31	90
501	32	90
501	33	50
501	34	40
501	35	90
501	36	0
501	37	50
501	38	70
501	39	70
501	40	70
502	1	70
502	2	70
502	3	60
502	4	60
502	5	30
502	6	60
502	7	60
502	8	60
502	9	70
502	10	80
502	11	60
502	12	50
502	13	60
502	14	60
502	15	70
502	16	70
502	17	60
502	18	80
502	19	50
502	20	50
502	21	60
502	22	50
502	23	10
502	24	60
502	25	50
502	26	80
502	27	60
502	28	60
502	29	80
502	30	10
502	31	10
502	32	70
502	33	60
502	34	70
502	35	70
502	36	60
502	37	60
502	38	50
502	39	10
502	40	70
503	1	50
503	2	50
503	3	100
503	4	80
503	5	30
503	6	100
503	7	80
503	8	100
503	9	70
503	10	100
503	11	100
503	12	50
503	13	80
503	14	80
503	15	70
503	16	70
503	17	60
503	18	50
503	19	50
503	20	50
503	21	110
503	22	90
503	23	30
503	24	50
503	25	70
503	26	90
503	27	60
503	28	100
503	29	60
503	30	10
503	31	20
503	32	90
503	33	50
503	34	50
503	35	70
503	36	60
503	37	70
503	38	50
503	39	50
503	40	70
504	1	20
504	2	20
504	3	80
504	4	80
504	5	60
504	6	80
504	7	10
504	8	60
504	9	50
504	10	80
504	11	60
504	12	70
504	13	10
504	14	60
504	15	50
504	16	20
504	17	10
504	18	70
504	19	50
504	20	50
504	21	0
504	22	70
504	23	60
504	24	50
504	25	50
504	26	50
504	27	10
504	28	80
504	29	10
504	30	80
504	31	50
504	32	50
504	33	50
504	34	20
504	35	70
504	36	10
504	37	50
504	38	50
504	39	60
504	40	50
505	1	50
505	2	70
505	3	50
505	4	50
505	5	30
505	6	80
505	7	50
505	8	70
505	9	70
505	10	50
505	11	80
505	12	50
505	13	50
505	14	60
505	15	90
505	16	50
505	17	70
505	18	50
505	19	50
505	20	90
505	21	70
505	22	50
505	23	30
505	24	70
505	25	70
505	26	70
505	27	80
505	28	70
505	29	50
505	30	0
505	31	40
505	32	50
505	33	50
505	34	70
505	35	50
505	36	80
505	37	50
505	38	90
505	39	20
505	40	50
506	1	70
506	2	70
506	3	80
506	4	80
506	5	50
506	6	80
506	7	100
506	8	120
506	9	90
506	10	120
506	11	120
506	12	50
506	13	80
506	14	100
506	15	90
506	16	90
506	17	80
506	18	70
506	19	90
506	20	70
506	21	110
506	22	110
506	23	50
506	24	50
506	25	90
506	26	110
506	27	80
506	28	100
506	29	120
506	30	10
506	31	40
506	32	130
506	33	70
506	34	90
506	35	110
506	36	60
506	37	70
506	38	50
506	39	50
506	40	110
507	1	0
507	2	20
507	3	100
507	4	100
507	5	80
507	6	120
507	7	30
507	8	120
507	9	70
507	10	120
507	11	120
507	12	50
507	13	10
507	14	80
507	15	90
507	16	20
507	17	30
507	18	50
507	19	70
507	20	90
507	21	60
507	22	110
507	23	100
507	24	50
507	25	90
507	26	90
507	27	30
507	28	140
507	29	30
507	30	60
507	31	110
507	32	90
507	33	50
507	34	40
507	35	90
507	36	10
507	37	50
507	38	70
507	39	100
507	40	70
508	1	20
508	2	20
508	3	80
508	4	100
508	5	80
508	6	80
508	7	50
508	8	100
508	9	90
508	10	140
508	11	100
508	12	50
508	13	30
508	14	100
508	15	70
508	16	20
508	17	30
508	18	80
508	19	70
508	20	70
508	21	50
508	22	90
508	23	100
508	24	60
508	25	70
508	26	100
508	27	10
508	28	120
508	29	50
508	30	60
508	31	100
508	32	90
508	33	60
508	34	40
508	35	110
508	36	10
508	37	80
508	38	50
508	39	80
508	40	110
509	1	0
509	2	20
509	3	50
509	4	70
509	5	60
509	6	80
509	7	40
509	8	90
509	9	90
509	10	90
509	11	100
509	12	50
509	13	20
509	14	100
509	15	70
509	16	0
509	17	20
509	18	50
509	19	70
509	20	90
509	21	60
509	22	90
509	23	100
509	24	50
509	25	70
509	26	70
509	27	30
509	28	110
509	29	20
509	30	50
509	31	110
509	32	70
509	33	50
509	34	40
509	35	90
509	36	10
509	37	70
509	38	70
509	39	90
509	40	90
510	1	50
510	2	70
510	3	50
510	4	50
510	5	10
510	6	80
510	7	70
510	8	70
510	9	90
510	10	70
510	11	80
510	12	50
510	13	70
510	14	80
510	15	70
510	16	50
510	17	50
510	18	50
510	19	50
510	20	70
510	21	110
510	22	70
510	23	30
510	24	50
510	25	50
510	26	70
510	27	80
510	28	90
510	29	50
510	30	0
510	31	40
510	32	70
510	33	50
510	34	70
510	35	70
510	36	60
510	37	70
510	38	70
510	39	40
510	40	70
511	1	0
511	2	0
511	3	70
511	4	70
511	5	80
511	6	80
511	7	40
511	8	130
511	9	70
511	10	90
511	11	140
511	12	50
511	13	20
511	14	100
511	15	90
511	16	20
511	17	40
511	18	50
511	19	70
511	20	70
511	21	60
511	22	110
511	23	100
511	24	70
511	25	90
511	26	90
511	27	10
511	28	90
511	29	20
511	30	50
511	31	90
511	32	90
511	33	50
511	34	20
511	35	90
511	36	10
511	37	70
511	38	50
511	39	90
511	40	90
512	1	50
512	2	50
512	3	80
512	4	80
512	5	10
512	6	80
512	7	80
512	8	60
512	9	70
512	10	80
512	11	60
512	12	50
512	13	80
512	14	80
512	15	50
512	16	50
512	17	60
512	18	60
512	19	50
512	20	50
512	21	80
512	22	50
512	23	10
512	24	60
512	25	50
512	26	60
512	27	60
512	28	80
512	29	60
512	30	10
512	31	10
512	32	50
512	33	60
512	34	50
512	35	50
512	36	60
512	37	80
512	38	50
512	39	30
512	40	70
513	1	50
513	2	50
513	3	70
513	4	70
513	5	20
513	6	70
513	7	90
513	8	110
513	9	70
513	10	90
513	11	110
513	12	50
513	13	70
513	14	90
513	15	70
513	16	70
513	17	70
513	18	50
513	19	70
513	20	70
513	21	110
513	22	110
513	23	40
513	24	50
513	25	90
513	26	90
513	27	50
513	28	90
513	29	70
513	30	0
513	31	40
513	32	90
513	33	50
513	34	70
513	35	90
513	36	50
513	37	70
513	38	50
513	39	40
513	40	90
514	1	40
514	2	60
514	3	70
514	4	70
514	5	70
514	6	90
514	7	0
514	8	70
514	9	90
514	10	110
514	11	70
514	12	70
514	13	0
514	14	50
514	15	90
514	16	40
514	17	0
514	18	90
514	19	50
514	20	70
514	21	40
514	22	90
514	23	70
514	24	50
514	25	50
514	26	90
514	27	20
514	28	110
514	29	20
514	30	70
514	31	90
514	32	90
514	33	50
514	34	60
514	35	110
514	36	0
514	37	50
514	38	70
514	39	70
514	40	70
515	1	70
515	2	70
515	3	100
515	4	80
515	5	50
515	6	100
515	7	80
515	8	100
515	9	90
515	10	120
515	11	100
515	12	50
515	13	80
515	14	80
515	15	90
515	16	90
515	17	60
515	18	70
515	19	50
515	20	50
515	21	110
515	22	90
515	23	30
515	24	50
515	25	70
515	26	110
515	27	60
515	28	100
515	29	80
515	30	10
515	31	20
515	32	110
515	33	50
515	34	70
515	35	90
515	36	60
515	37	70
515	38	50
515	39	50
515	40	90
516	1	0
516	2	20
516	3	60
516	4	80
516	5	60
516	6	80
516	7	30
516	8	100
516	9	70
516	10	80
516	11	100
516	12	50
516	13	10
516	14	80
516	15	90
516	16	0
516	17	50
516	18	60
516	19	70
516	20	90
516	21	30
516	22	70
516	23	80
516	24	80
516	25	70
516	26	60
516	27	30
516	28	100
516	29	30
516	30	60
516	31	100
516	32	50
516	33	60
516	34	40
516	35	70
516	36	10
516	37	60
516	38	70
516	39	80
516	40	70
517	1	20
517	2	40
517	3	80
517	4	80
517	5	120
517	6	100
517	7	30
517	8	120
517	9	90
517	10	100
517	11	120
517	12	50
517	13	10
517	14	80
517	15	130
517	16	40
517	17	50
517	18	80
517	19	70
517	20	110
517	21	50
517	22	90
517	23	100
517	24	80
517	25	110
517	26	120
517	27	30
517	28	100
517	29	50
517	30	60
517	31	120
517	32	90
517	33	60
517	34	60
517	35	90
517	36	30
517	37	60
517	38	90
517	39	100
517	40	90
518	1	40
518	2	40
518	3	70
518	4	90
518	5	70
518	6	70
518	7	20
518	8	70
518	9	70
518	10	110
518	11	70
518	12	70
518	13	0
518	14	70
518	15	70
518	16	40
518	17	20
518	18	90
518	19	70
518	20	70
518	21	0
518	22	90
518	23	70
518	24	50
518	25	70
518	26	70
518	27	0
518	28	90
518	29	40
518	30	70
518	31	70
518	32	70
518	33	50
518	34	60
518	35	110
518	36	0
518	37	50
518	38	50
518	39	50
518	40	90
519	1	50
519	2	50
519	3	80
519	4	80
519	5	30
519	6	80
519	7	80
519	8	140
519	9	50
519	10	100
519	11	140
519	12	50
519	13	60
519	14	80
519	15	90
519	16	70
519	17	100
519	18	60
519	19	70
519	20	70
519	21	100
519	22	110
519	23	50
519	24	80
519	25	90
519	26	100
519	27	60
519	28	100
519	29	80
519	30	10
519	31	50
519	32	90
519	33	60
519	34	70
519	35	90
519	36	60
519	37	60
519	38	50
519	39	30
519	40	70
520	1	70
520	2	90
520	3	70
520	4	70
520	5	50
520	6	100
520	7	70
520	8	130
520	9	90
520	10	110
520	11	140
520	12	50
520	13	50
520	14	80
520	15	130
520	16	90
520	17	90
520	18	70
520	19	70
520	20	90
520	21	110
520	22	110
520	23	50
520	24	70
520	25	90
520	26	110
520	27	80
520	28	110
520	29	90
520	30	0
520	31	60
520	32	110
520	33	50
520	34	110
520	35	110
520	36	60
520	37	50
520	38	70
520	39	40
520	40	90
521	1	50
521	2	50
521	3	60
521	4	60
521	5	10
521	6	60
521	7	80
521	8	80
521	9	70
521	10	80
521	11	80
521	12	50
521	13	80
521	14	80
521	15	50
521	16	50
521	17	60
521	18	50
521	19	50
521	20	50
521	21	90
521	22	70
521	23	30
521	24	50
521	25	50
521	26	70
521	27	60
521	28	80
521	29	60
521	30	10
521	31	20
521	32	70
521	33	50
521	34	50
521	35	70
521	36	60
521	37	70
521	38	50
521	39	30
521	40	70
522	1	20
522	2	40
522	3	50
522	4	70
522	5	70
522	6	70
522	7	20
522	8	90
522	9	90
522	10	90
522	11	90
522	12	50
522	13	0
522	14	70
522	15	110
522	16	20
522	17	40
522	18	70
522	19	70
522	20	90
522	21	20
522	22	70
522	23	70
522	24	70
522	25	70
522	26	70
522	27	20
522	28	90
522	29	40
522	30	50
522	31	90
522	32	70
522	33	50
522	34	60
522	35	90
522	36	0
522	37	50
522	38	70
522	39	70
522	40	90
523	1	20
523	2	20
523	3	80
523	4	80
523	5	120
523	6	80
523	7	30
523	8	140
523	9	70
523	10	120
523	11	140
523	12	50
523	13	10
523	14	80
523	15	110
523	16	40
523	17	50
523	18	80
523	19	70
523	20	90
523	21	50
523	22	110
523	23	120
523	24	80
523	25	110
523	26	140
523	27	10
523	28	100
523	29	50
523	30	60
523	31	120
523	32	110
523	33	60
523	34	40
523	35	110
523	36	30
523	37	60
523	38	70
523	39	80
523	40	90
524	1	50
524	2	70
524	3	70
524	4	70
524	5	10
524	6	100
524	7	70
524	8	70
524	9	90
524	10	90
524	11	80
524	12	50
524	13	70
524	14	80
524	15	70
524	16	50
524	17	50
524	18	50
524	19	50
524	20	70
524	21	110
524	22	70
524	23	30
524	24	50
524	25	50
524	26	70
524	27	80
524	28	110
524	29	50
524	30	0
524	31	40
524	32	70
524	33	50
524	34	70
524	35	70
524	36	60
524	37	70
524	38	70
524	39	40
524	40	70
525	1	40
525	2	40
525	3	80
525	4	100
525	5	80
525	6	80
525	7	30
525	8	80
525	9	70
525	10	120
525	11	80
525	12	70
525	13	10
525	14	80
525	15	70
525	16	40
525	17	30
525	18	90
525	19	70
525	20	70
525	21	0
525	22	90
525	23	80
525	24	50
525	25	70
525	26	70
525	27	10
525	28	100
525	29	50
525	30	80
525	31	70
525	32	70
525	33	50
525	34	60
525	35	110
525	36	10
525	37	50
525	38	50
525	39	60
525	40	90
526	1	40
526	2	60
526	3	100
526	4	100
526	5	100
526	6	120
526	7	30
526	8	100
526	9	90
526	10	120
526	11	100
526	12	70
526	13	10
526	14	80
526	15	110
526	16	60
526	17	30
526	18	90
526	19	70
526	20	90
526	21	40
526	22	110
526	23	80
526	24	50
526	25	90
526	26	90
526	27	30
526	28	120
526	29	50
526	30	80
526	31	90
526	32	90
526	33	50
526	34	80
526	35	110
526	36	10
526	37	50
526	38	70
526	39	100
526	40	90
527	1	70
527	2	70
527	3	100
527	4	80
527	5	30
527	6	100
527	7	60
527	8	80
527	9	50
527	10	80
527	11	80
527	12	70
527	13	60
527	14	60
527	15	70
527	16	90
527	17	60
527	18	80
527	19	50
527	20	50
527	21	80
527	22	90
527	23	10
527	24	60
527	25	70
527	26	80
527	27	60
527	28	80
527	29	60
527	30	30
527	31	10
527	32	70
527	33	60
527	34	70
527	35	70
527	36	60
527	37	60
527	38	50
527	39	30
527	40	50
528	1	70
528	2	90
528	3	50
528	4	50
528	5	30
528	6	80
528	7	70
528	8	50
528	9	110
528	10	70
528	11	60
528	12	50
528	13	70
528	14	80
528	15	90
528	16	70
528	17	50
528	18	70
528	19	50
528	20	70
528	21	90
528	22	50
528	23	10
528	24	50
528	25	50
528	26	70
528	27	80
528	28	70
528	29	70
528	30	0
528	31	20
528	32	70
528	33	50
528	34	90
528	35	70
528	36	60
528	37	70
528	38	70
528	39	40
528	40	90
529	1	20
529	2	40
529	3	60
529	4	60
529	5	80
529	6	80
529	7	30
529	8	60
529	9	110
529	10	80
529	11	60
529	12	50
529	13	30
529	14	80
529	15	90
529	16	20
529	17	10
529	18	80
529	19	50
529	20	70
529	21	50
529	22	50
529	23	60
529	24	60
529	25	50
529	26	80
529	27	30
529	28	80
529	29	30
529	30	60
529	31	80
529	32	70
529	33	60
529	34	40
529	35	70
529	36	10
529	37	80
529	38	70
529	39	100
529	40	90
530	1	90
530	2	110
530	3	80
530	4	100
530	5	30
530	6	100
530	7	80
530	8	80
530	9	90
530	10	120
530	11	80
530	12	70
530	13	60
530	14	80
530	15	90
530	16	90
530	17	80
530	18	90
530	19	70
530	20	90
530	21	70
530	22	90
530	23	30
530	24	50
530	25	70
530	26	70
530	27	80
530	28	120
530	29	100
530	30	30
530	31	40
530	32	70
530	33	50
530	34	130
530	35	110
530	36	60
530	37	50
530	38	70
530	39	30
530	40	90
531	1	0
531	2	0
531	3	60
531	4	80
531	5	60
531	6	60
531	7	30
531	8	100
531	9	50
531	10	80
531	11	100
531	12	50
531	13	10
531	14	80
531	15	70
531	16	0
531	17	50
531	18	50
531	19	70
531	20	70
531	21	0
531	22	70
531	23	80
531	24	70
531	25	70
531	26	50
531	27	10
531	28	80
531	29	30
531	30	60
531	31	70
531	32	50
531	33	50
531	34	20
531	35	70
531	36	10
531	37	50
531	38	50
531	39	60
531	40	70
532	1	20
532	2	40
532	3	70
532	4	70
532	5	70
532	6	90
532	7	20
532	8	70
532	9	110
532	10	110
532	11	70
532	12	50
532	13	20
532	14	70
532	15	90
532	16	20
532	17	0
532	18	70
532	19	50
532	20	70
532	21	60
532	22	70
532	23	70
532	24	50
532	25	50
532	26	90
532	27	20
532	28	110
532	29	20
532	30	50
532	31	90
532	32	90
532	33	50
532	34	40
532	35	90
532	36	0
532	37	70
532	38	70
532	39	90
532	40	90
533	1	0
533	2	0
533	3	60
533	4	60
533	5	60
533	6	60
533	7	10
533	8	80
533	9	50
533	10	60
533	11	80
533	12	50
533	13	10
533	14	60
533	15	70
533	16	0
533	17	30
533	18	50
533	19	50
533	20	50
533	21	0
533	22	50
533	23	60
533	24	70
533	25	50
533	26	50
533	27	10
533	28	60
533	29	10
533	30	60
533	31	50
533	32	50
533	33	50
533	34	0
533	35	50
533	36	10
533	37	50
533	38	50
533	39	60
533	40	50
534	1	20
534	2	20
534	3	50
534	4	50
534	5	90
534	6	50
534	7	0
534	8	70
534	9	70
534	10	70
534	11	70
534	12	50
534	13	0
534	14	50
534	15	90
534	16	20
534	17	20
534	18	70
534	19	50
534	20	70
534	21	0
534	22	50
534	23	70
534	24	70
534	25	70
534	26	90
534	27	0
534	28	50
534	29	20
534	30	50
534	31	70
534	32	70
534	33	50
534	34	20
534	35	70
534	36	20
534	37	50
534	38	70
534	39	50
534	40	70
535	1	50
535	2	50
535	3	60
535	4	80
535	5	10
535	6	60
535	7	80
535	8	100
535	9	50
535	10	80
535	11	100
535	12	50
535	13	60
535	14	80
535	15	70
535	16	50
535	17	100
535	18	50
535	19	70
535	20	70
535	21	50
535	22	70
535	23	30
535	24	70
535	25	70
535	26	50
535	27	60
535	28	80
535	29	80
535	30	10
535	31	20
535	32	50
535	33	50
535	34	70
535	35	70
535	36	60
535	37	50
535	38	50
535	39	10
535	40	70
536	1	70
536	2	90
536	3	80
536	4	80
536	5	50
536	6	100
536	7	80
536	8	120
536	9	90
536	10	120
536	11	120
536	12	50
536	13	60
536	14	80
536	15	110
536	16	90
536	17	80
536	18	70
536	19	70
536	20	90
536	21	110
536	22	110
536	23	50
536	24	50
536	25	90
536	26	110
536	27	80
536	28	120
536	29	100
536	30	10
536	31	60
536	32	110
536	33	50
536	34	110
536	35	110
536	36	60
536	37	50
536	38	70
536	39	50
536	40	90
537	1	20
537	2	40
537	3	60
537	4	60
537	5	100
537	6	80
537	7	10
537	8	80
537	9	90
537	10	80
537	11	80
537	12	50
537	13	10
537	14	60
537	15	110
537	16	20
537	17	30
537	18	80
537	19	50
537	20	90
537	21	30
537	22	50
537	23	80
537	24	80
537	25	70
537	26	100
537	27	30
537	28	80
537	29	30
537	30	60
537	31	100
537	32	70
537	33	60
537	34	40
537	35	70
537	36	30
537	37	60
537	38	90
537	39	80
537	40	70
538	1	70
538	2	70
538	3	70
538	4	50
538	5	40
538	6	70
538	7	70
538	8	90
538	9	90
538	10	70
538	11	90
538	12	50
538	13	70
538	14	70
538	15	110
538	16	90
538	17	70
538	18	70
538	19	50
538	20	50
538	21	90
538	22	70
538	23	0
538	24	70
538	25	70
538	26	90
538	27	50
538	28	50
538	29	70
538	30	0
538	31	0
538	32	90
538	33	50
538	34	70
538	35	70
538	36	50
538	37	70
538	38	50
538	39	40
538	40	90
539	1	0
539	2	0
539	3	50
539	4	50
539	5	60
539	6	60
539	7	20
539	8	50
539	9	70
539	10	50
539	11	60
539	12	50
539	13	20
539	14	80
539	15	50
539	16	0
539	17	0
539	18	50
539	19	70
539	20	50
539	21	20
539	22	50
539	23	60
539	24	50
539	25	50
539	26	50
539	27	30
539	28	50
539	29	20
539	30	50
539	31	50
539	32	70
539	33	70
539	34	0
539	35	50
539	36	10
539	37	70
539	38	50
539	39	70
539	40	70
540	1	20
540	2	20
540	3	60
540	4	60
540	5	80
540	6	60
540	7	30
540	8	80
540	9	90
540	10	100
540	11	80
540	12	50
540	13	30
540	14	80
540	15	70
540	16	20
540	17	10
540	18	70
540	19	50
540	20	50
540	21	40
540	22	70
540	23	80
540	24	50
540	25	50
540	26	90
540	27	10
540	28	80
540	29	30
540	30	60
540	31	70
540	32	90
540	33	50
540	34	20
540	35	90
540	36	10
540	37	70
540	38	50
540	39	80
540	40	90
541	1	20
541	2	40
541	3	80
541	4	60
541	5	100
541	6	100
541	7	30
541	8	100
541	9	110
541	10	100
541	11	100
541	12	50
541	13	30
541	14	80
541	15	110
541	16	40
541	17	10
541	18	70
541	19	70
541	20	70
541	21	80
541	22	90
541	23	80
541	24	50
541	25	70
541	26	110
541	27	50
541	28	100
541	29	50
541	30	60
541	31	90
541	32	130
541	33	70
541	34	40
541	35	90
541	36	10
541	37	70
541	38	70
541	39	120
541	40	90
542	1	70
542	2	70
542	3	70
542	4	70
542	5	70
542	6	80
542	7	70
542	8	110
542	9	70
542	10	90
542	11	120
542	12	50
542	13	50
542	14	80
542	15	110
542	16	90
542	17	90
542	18	70
542	19	70
542	20	90
542	21	70
542	22	90
542	23	50
542	24	70
542	25	110
542	26	110
542	27	60
542	28	70
542	29	90
542	30	0
542	31	40
542	32	90
542	33	50
542	34	90
542	35	90
542	36	80
542	37	50
542	38	70
542	39	20
542	40	90
543	1	50
543	2	70
543	3	60
543	4	60
543	5	10
543	6	80
543	7	80
543	8	60
543	9	90
543	10	60
543	11	60
543	12	50
543	13	80
543	14	80
543	15	70
543	16	50
543	17	60
543	18	60
543	19	50
543	20	70
543	21	100
543	22	50
543	23	10
543	24	60
543	25	50
543	26	60
543	27	80
543	28	80
543	29	60
543	30	10
543	31	30
543	32	50
543	33	60
543	34	70
543	35	50
543	36	60
543	37	80
543	38	70
543	39	50
543	40	70
544	1	20
544	2	40
544	3	60
544	4	80
544	5	80
544	6	80
544	7	50
544	8	100
544	9	110
544	10	120
544	11	100
544	12	50
544	13	30
544	14	100
544	15	90
544	16	20
544	17	30
544	18	70
544	19	70
544	20	90
544	21	60
544	22	90
544	23	100
544	24	50
544	25	70
544	26	90
544	27	30
544	28	120
544	29	50
544	30	60
544	31	110
544	32	90
544	33	50
544	34	60
544	35	110
544	36	10
544	37	70
544	38	70
544	39	100
544	40	110
545	1	50
545	2	50
545	3	50
545	4	70
545	5	0
545	6	50
545	7	90
545	8	70
545	9	70
545	10	70
545	11	70
545	12	50
545	13	70
545	14	90
545	15	50
545	16	50
545	17	70
545	18	50
545	19	70
545	20	70
545	21	70
545	22	70
545	23	20
545	24	50
545	25	70
545	26	50
545	27	50
545	28	70
545	29	70
545	30	0
545	31	20
545	32	50
545	33	50
545	34	70
545	35	70
545	36	50
545	37	70
545	38	50
545	39	20
545	40	90
546	1	70
546	2	70
546	3	80
546	4	60
546	5	50
546	6	80
546	7	80
546	8	100
546	9	90
546	10	100
546	11	100
546	12	50
546	13	80
546	14	80
546	15	90
546	16	90
546	17	60
546	18	70
546	19	50
546	20	50
546	21	110
546	22	90
546	23	30
546	24	50
546	25	70
546	26	110
546	27	60
546	28	80
546	29	80
546	30	10
546	31	20
546	32	110
546	33	50
546	34	70
546	35	90
546	36	60
546	37	70
546	38	50
546	39	50
546	40	90
547	1	0
547	2	0
547	3	70
547	4	70
547	5	60
547	6	80
547	7	0
547	8	50
547	9	50
547	10	70
547	11	60
547	12	50
547	13	0
547	14	60
547	15	50
547	16	0
547	17	0
547	18	50
547	19	50
547	20	50
547	21	0
547	22	50
547	23	60
547	24	50
547	25	50
547	26	50
547	27	10
547	28	70
547	29	0
547	30	50
547	31	50
547	32	50
547	33	50
547	34	0
547	35	50
547	36	10
547	37	50
547	38	50
547	39	50
547	40	50
548	1	70
548	2	70
548	3	80
548	4	60
548	5	50
548	6	80
548	7	80
548	8	100
548	9	90
548	10	100
548	11	100
548	12	50
548	13	80
548	14	80
548	15	90
548	16	90
548	17	60
548	18	80
548	19	70
548	20	50
548	21	120
548	22	90
548	23	30
548	24	60
548	25	70
548	26	120
548	27	80
548	28	80
548	29	100
548	30	10
548	31	30
548	32	130
548	33	80
548	34	70
548	35	90
548	36	60
548	37	80
548	38	50
548	39	50
548	40	90
549	1	70
549	2	90
549	3	50
549	4	50
549	5	30
549	6	80
549	7	50
549	8	70
549	9	90
549	10	90
549	11	80
549	12	50
549	13	50
549	14	60
549	15	90
549	16	70
549	17	50
549	18	70
549	19	50
549	20	70
549	21	90
549	22	70
549	23	30
549	24	50
549	25	50
549	26	90
549	27	80
549	28	90
549	29	70
549	30	0
549	31	40
549	32	90
549	33	50
549	34	90
549	35	90
549	36	60
549	37	50
549	38	70
549	39	20
549	40	70
550	1	40
550	2	40
550	3	80
550	4	80
550	5	80
550	6	80
550	7	10
550	8	80
550	9	70
550	10	120
550	11	80
550	12	70
550	13	10
550	14	60
550	15	70
550	16	40
550	17	10
550	18	90
550	19	50
550	20	50
550	21	20
550	22	90
550	23	80
550	24	50
550	25	50
550	26	90
550	27	10
550	28	100
550	29	30
550	30	80
550	31	70
550	32	90
550	33	50
550	34	40
550	35	110
550	36	10
550	37	50
550	38	50
550	39	60
550	40	70
551	1	20
551	2	20
551	3	70
551	4	50
551	5	90
551	6	70
551	7	20
551	8	90
551	9	90
551	10	70
551	11	90
551	12	50
551	13	20
551	14	70
551	15	110
551	16	40
551	17	20
551	18	70
551	19	50
551	20	50
551	21	40
551	22	70
551	23	50
551	24	70
551	25	70
551	26	90
551	27	0
551	28	50
551	29	20
551	30	50
551	31	50
551	32	90
551	33	50
551	34	20
551	35	70
551	36	0
551	37	70
551	38	50
551	39	90
551	40	90
552	1	0
552	2	20
552	3	60
552	4	60
552	5	60
552	6	80
552	7	10
552	8	80
552	9	70
552	10	80
552	11	80
552	12	50
552	13	10
552	14	60
552	15	70
552	16	0
552	17	10
552	18	50
552	19	50
552	20	70
552	21	40
552	22	70
552	23	80
552	24	50
552	25	50
552	26	70
552	27	30
552	28	100
552	29	10
552	30	60
552	31	90
552	32	70
552	33	50
552	34	20
552	35	70
552	36	10
552	37	50
552	38	70
552	39	80
552	40	50
553	1	20
553	2	40
553	3	90
553	4	70
553	5	90
553	6	110
553	7	0
553	8	90
553	9	90
553	10	110
553	11	90
553	12	50
553	13	0
553	14	50
553	15	110
553	16	40
553	17	0
553	18	70
553	19	50
553	20	70
553	21	60
553	22	90
553	23	70
553	24	50
553	25	70
553	26	110
553	27	20
553	28	110
553	29	20
553	30	50
553	31	90
553	32	110
553	33	50
553	34	40
553	35	90
553	36	0
553	37	50
553	38	70
553	39	90
553	40	70
554	1	20
554	2	20
554	3	80
554	4	60
554	5	100
554	6	80
554	7	10
554	8	100
554	9	70
554	10	80
554	11	100
554	12	50
554	13	10
554	14	60
554	15	110
554	16	40
554	17	30
554	18	70
554	19	50
554	20	50
554	21	20
554	22	70
554	23	60
554	24	70
554	25	70
554	26	90
554	27	10
554	28	60
554	29	30
554	30	60
554	31	50
554	32	90
554	33	50
554	34	20
554	35	70
554	36	10
554	37	50
554	38	50
554	39	80
554	40	70
555	1	70
555	2	90
555	3	70
555	4	70
555	5	40
555	6	90
555	7	90
555	8	110
555	9	110
555	10	110
555	11	110
555	12	50
555	13	70
555	14	90
555	15	110
555	16	90
555	17	70
555	18	70
555	19	70
555	20	90
555	21	130
555	22	110
555	23	40
555	24	50
555	25	90
555	26	110
555	27	70
555	28	110
555	29	90
555	30	0
555	31	60
555	32	110
555	33	50
555	34	110
555	35	110
555	36	50
555	37	70
555	38	70
555	39	60
555	40	110
556	1	0
556	2	20
556	3	60
556	4	80
556	5	60
556	6	80
556	7	50
556	8	100
556	9	90
556	10	100
556	11	100
556	12	50
556	13	30
556	14	100
556	15	70
556	16	0
556	17	30
556	18	60
556	19	70
556	20	90
556	21	70
556	22	90
556	23	100
556	24	60
556	25	70
556	26	80
556	27	30
556	28	120
556	29	30
556	30	60
556	31	120
556	32	70
556	33	60
556	34	40
556	35	90
556	36	10
556	37	80
556	38	70
556	39	100
556	40	90
557	1	0
557	2	20
557	3	80
557	4	80
557	5	80
557	6	100
557	7	50
557	8	140
557	9	90
557	10	100
557	11	140
557	12	50
557	13	30
557	14	100
557	15	110
557	16	20
557	17	50
557	18	50
557	19	70
557	20	90
557	21	80
557	22	110
557	23	100
557	24	70
557	25	90
557	26	90
557	27	30
557	28	120
557	29	30
557	30	60
557	31	110
557	32	90
557	33	50
557	34	40
557	35	90
557	36	10
557	37	70
557	38	70
557	39	120
557	40	90
558	1	70
558	2	90
558	3	80
558	4	60
558	5	50
558	6	100
558	7	80
558	8	120
558	9	110
558	10	100
558	11	120
558	12	50
558	13	80
558	14	80
558	15	130
558	16	90
558	17	80
558	18	80
558	19	50
558	20	70
558	21	140
558	22	90
558	23	30
558	24	80
558	25	70
558	26	120
558	27	80
558	28	100
558	29	80
558	30	10
558	31	50
558	32	110
558	33	60
558	34	90
558	35	90
558	36	60
558	37	80
558	38	70
558	39	70
558	40	90
559	1	50
559	2	70
559	3	60
559	4	80
559	5	10
559	6	80
559	7	100
559	8	100
559	9	90
559	10	100
559	11	100
559	12	50
559	13	80
559	14	100
559	15	70
559	16	50
559	17	80
559	18	50
559	19	90
559	20	90
559	21	110
559	22	90
559	23	50
559	24	50
559	25	70
559	26	70
559	27	100
559	28	120
559	29	100
559	30	10
559	31	60
559	32	90
559	33	70
559	34	90
559	35	90
559	36	60
559	37	70
559	38	70
559	39	50
559	40	90
560	1	20
560	2	40
560	3	80
560	4	80
560	5	100
560	6	100
560	7	30
560	8	100
560	9	90
560	10	100
560	11	100
560	12	50
560	13	10
560	14	80
560	15	110
560	16	40
560	17	30
560	18	80
560	19	70
560	20	90
560	21	50
560	22	90
560	23	80
560	24	60
560	25	90
560	26	100
560	27	30
560	28	100
560	29	50
560	30	60
560	31	100
560	32	90
560	33	60
560	34	60
560	35	90
560	36	10
560	37	60
560	38	70
560	39	100
560	40	90
561	1	20
561	2	40
561	3	100
561	4	100
561	5	80
561	6	120
561	7	30
561	8	120
561	9	70
561	10	120
561	11	120
561	12	70
561	13	10
561	14	80
561	15	90
561	16	40
561	17	30
561	18	80
561	19	70
561	20	90
561	21	70
561	22	130
561	23	100
561	24	60
561	25	90
561	26	100
561	27	30
561	28	140
561	29	30
561	30	80
561	31	120
561	32	90
561	33	60
561	34	60
561	35	110
561	36	10
561	37	60
561	38	70
561	39	100
561	40	70
562	1	50
562	2	50
562	3	70
562	4	50
562	5	20
562	6	70
562	7	70
562	8	90
562	9	70
562	10	70
562	11	90
562	12	50
562	13	70
562	14	70
562	15	70
562	16	70
562	17	50
562	18	50
562	19	50
562	20	50
562	21	110
562	22	90
562	23	20
562	24	50
562	25	70
562	26	90
562	27	50
562	28	70
562	29	50
562	30	0
562	31	20
562	32	90
562	33	50
562	34	50
562	35	70
562	36	50
562	37	70
562	38	50
562	39	40
562	40	70
563	1	50
563	2	50
563	3	70
563	4	70
563	5	20
563	6	70
563	7	90
563	8	130
563	9	70
563	10	90
563	11	130
563	12	50
563	13	70
563	14	90
563	15	90
563	16	70
563	17	90
563	18	50
563	19	70
563	20	70
563	21	110
563	22	110
563	23	40
563	24	70
563	25	90
563	26	90
563	27	50
563	28	90
563	29	70
563	30	0
563	31	40
563	32	90
563	33	50
563	34	70
563	35	90
563	36	50
563	37	70
563	38	50
563	39	40
563	40	90
564	1	0
564	2	0
564	3	80
564	4	60
564	5	80
564	6	80
564	7	10
564	8	100
564	9	50
564	10	60
564	11	100
564	12	50
564	13	10
564	14	60
564	15	90
564	16	20
564	17	30
564	18	50
564	19	50
564	20	50
564	21	20
564	22	70
564	23	60
564	24	70
564	25	70
564	26	70
564	27	10
564	28	60
564	29	10
564	30	60
564	31	50
564	32	70
564	33	50
564	34	0
564	35	50
564	36	10
564	37	50
564	38	50
564	39	80
564	40	50
565	1	0
565	2	0
565	3	50
565	4	50
565	5	60
565	6	60
565	7	0
565	8	50
565	9	50
565	10	50
565	11	60
565	12	50
565	13	0
565	14	60
565	15	50
565	16	0
565	17	0
565	18	50
565	19	50
565	20	50
565	21	0
565	22	50
565	23	60
565	24	50
565	25	50
565	26	50
565	27	10
565	28	50
565	29	0
565	30	50
565	31	50
565	32	50
565	33	50
565	34	0
565	35	50
565	36	10
565	37	50
565	38	50
565	39	50
565	40	50
566	1	70
566	2	90
566	3	50
566	4	70
566	5	20
566	6	70
566	7	90
566	8	90
566	9	110
566	10	110
566	11	90
566	12	50
566	13	70
566	14	90
566	15	90
566	16	70
566	17	70
566	18	70
566	19	70
566	20	90
566	21	110
566	22	90
566	23	40
566	24	50
566	25	70
566	26	90
566	27	70
566	28	110
566	29	90
566	30	0
566	31	60
566	32	90
566	33	50
566	34	110
566	35	110
566	36	50
566	37	70
566	38	70
566	39	40
566	40	110
567	1	90
567	2	90
567	3	100
567	4	100
567	5	50
567	6	100
567	7	80
567	8	120
567	9	70
567	10	140
567	11	120
567	12	70
567	13	60
567	14	80
567	15	90
567	16	110
567	17	80
567	18	90
567	19	70
567	20	70
567	21	90
567	22	130
567	23	50
567	24	50
567	25	90
567	26	110
567	27	60
567	28	120
567	29	100
567	30	30
567	31	40
567	32	110
567	33	50
567	34	110
567	35	130
567	36	60
567	37	50
567	38	50
567	39	30
567	40	90
568	1	50
568	2	70
568	3	70
568	4	70
568	5	20
568	6	90
568	7	70
568	8	130
568	9	70
568	10	90
568	11	130
568	12	50
568	13	50
568	14	70
568	15	110
568	16	70
568	17	90
568	18	50
568	19	70
568	20	90
568	21	110
568	22	110
568	23	40
568	24	70
568	25	90
568	26	90
568	27	70
568	28	110
568	29	70
568	30	0
568	31	60
568	32	90
568	33	50
568	34	90
568	35	90
568	36	50
568	37	50
568	38	70
568	39	40
568	40	70
569	1	50
569	2	50
569	3	60
569	4	80
569	5	10
569	6	60
569	7	100
569	8	80
569	9	70
569	10	80
569	11	80
569	12	50
569	13	80
569	14	100
569	15	50
569	16	50
569	17	80
569	18	60
569	19	90
569	20	70
569	21	80
569	22	70
569	23	30
569	24	60
569	25	70
569	26	60
569	27	80
569	28	80
569	29	100
569	30	10
569	31	30
569	32	70
569	33	80
569	34	70
569	35	70
569	36	60
569	37	80
569	38	50
569	39	30
569	40	90
570	1	0
570	2	20
570	3	100
570	4	100
570	5	80
570	6	120
570	7	30
570	8	120
570	9	70
570	10	120
570	11	120
570	12	50
570	13	10
570	14	80
570	15	90
570	16	20
570	17	30
570	18	50
570	19	70
570	20	90
570	21	60
570	22	110
570	23	100
570	24	50
570	25	90
570	26	90
570	27	30
570	28	140
570	29	30
570	30	60
570	31	110
570	32	90
570	33	50
570	34	40
570	35	90
570	36	10
570	37	50
570	38	70
570	39	100
570	40	70
571	1	0
571	2	0
571	3	70
571	4	70
571	5	80
571	6	80
571	7	20
571	8	90
571	9	50
571	10	70
571	11	100
571	12	50
571	13	0
571	14	80
571	15	70
571	16	20
571	17	20
571	18	50
571	19	70
571	20	70
571	21	20
571	22	90
571	23	80
571	24	50
571	25	90
571	26	70
571	27	10
571	28	70
571	29	20
571	30	50
571	31	70
571	32	70
571	33	50
571	34	20
571	35	70
571	36	10
571	37	50
571	38	50
571	39	70
571	40	70
572	1	50
572	2	50
572	3	60
572	4	60
572	5	10
572	6	60
572	7	80
572	8	60
572	9	70
572	10	60
572	11	60
572	12	50
572	13	80
572	14	80
572	15	50
572	16	50
572	17	60
572	18	50
572	19	70
572	20	50
572	21	70
572	22	50
572	23	10
572	24	50
572	25	50
572	26	50
572	27	80
572	28	60
572	29	80
572	30	10
572	31	0
572	32	70
572	33	70
572	34	50
572	35	50
572	36	60
572	37	70
572	38	50
572	39	30
572	40	70
573	1	50
573	2	70
573	3	70
573	4	70
573	5	30
573	6	100
573	7	90
573	8	110
573	9	90
573	10	90
573	11	120
573	12	50
573	13	70
573	14	100
573	15	90
573	16	70
573	17	70
573	18	50
573	19	90
573	20	90
573	21	130
573	22	110
573	23	50
573	24	50
573	25	90
573	26	90
573	27	100
573	28	110
573	29	90
573	30	0
573	31	60
573	32	110
573	33	70
573	34	90
573	35	90
573	36	60
573	37	70
573	38	70
573	39	60
573	40	90
574	1	70
574	2	70
574	3	60
574	4	60
574	5	30
574	6	60
574	7	80
574	8	60
574	9	90
574	10	80
574	11	60
574	12	50
574	13	80
574	14	80
574	15	70
574	16	70
574	17	60
574	18	80
574	19	70
574	20	50
574	21	80
574	22	50
574	23	10
574	24	60
574	25	50
574	26	80
574	27	80
574	28	60
574	29	100
574	30	10
574	31	10
574	32	90
574	33	80
574	34	70
574	35	70
574	36	60
574	37	80
574	38	50
574	39	30
574	40	90
575	1	70
575	2	70
575	3	70
575	4	70
575	5	70
575	6	80
575	7	70
575	8	130
575	9	70
575	10	110
575	11	140
575	12	50
575	13	50
575	14	80
575	15	110
575	16	90
575	17	90
575	18	70
575	19	70
575	20	90
575	21	90
575	22	110
575	23	70
575	24	70
575	25	110
575	26	130
575	27	60
575	28	90
575	29	90
575	30	0
575	31	60
575	32	110
575	33	50
575	34	90
575	35	110
575	36	80
575	37	50
575	38	70
575	39	20
575	40	90
576	1	20
576	2	20
576	3	60
576	4	60
576	5	100
576	6	60
576	7	10
576	8	80
576	9	70
576	10	80
576	11	80
576	12	50
576	13	10
576	14	60
576	15	90
576	16	20
576	17	30
576	18	80
576	19	50
576	20	70
576	21	10
576	22	50
576	23	80
576	24	80
576	25	70
576	26	100
576	27	10
576	28	60
576	29	30
576	30	60
576	31	80
576	32	70
576	33	60
576	34	20
576	35	70
576	36	30
576	37	60
576	38	70
576	39	60
576	40	70
577	1	20
577	2	40
577	3	50
577	4	50
577	5	90
577	6	70
577	7	0
577	8	90
577	9	90
577	10	90
577	11	90
577	12	50
577	13	0
577	14	50
577	15	110
577	16	20
577	17	20
577	18	70
577	19	50
577	20	90
577	21	40
577	22	70
577	23	90
577	24	70
577	25	70
577	26	110
577	27	20
577	28	90
577	29	20
577	30	50
577	31	110
577	32	90
577	33	50
577	34	40
577	35	90
577	36	20
577	37	50
577	38	90
577	39	70
577	40	70
578	1	20
578	2	20
578	3	60
578	4	80
578	5	80
578	6	60
578	7	50
578	8	80
578	9	90
578	10	100
578	11	80
578	12	50
578	13	30
578	14	100
578	15	70
578	16	20
578	17	30
578	18	80
578	19	70
578	20	70
578	21	30
578	22	70
578	23	80
578	24	60
578	25	70
578	26	80
578	27	10
578	28	80
578	29	50
578	30	60
578	31	80
578	32	70
578	33	60
578	34	40
578	35	90
578	36	10
578	37	80
578	38	50
578	39	80
578	40	110
579	1	20
579	2	40
579	3	50
579	4	50
579	5	80
579	6	80
579	7	0
579	8	70
579	9	90
579	10	90
579	11	80
579	12	50
579	13	0
579	14	60
579	15	90
579	16	20
579	17	0
579	18	70
579	19	50
579	20	70
579	21	40
579	22	70
579	23	80
579	24	50
579	25	50
579	26	90
579	27	30
579	28	90
579	29	20
579	30	50
579	31	90
579	32	90
579	33	50
579	34	40
579	35	90
579	36	10
579	37	50
579	38	70
579	39	70
579	40	70
580	1	0
580	2	0
580	3	50
580	4	50
580	5	60
580	6	60
580	7	0
580	8	70
580	9	50
580	10	70
580	11	80
580	12	50
580	13	0
580	14	60
580	15	50
580	16	0
580	17	0
580	18	50
580	19	50
580	20	50
580	21	20
580	22	70
580	23	80
580	24	50
580	25	50
580	26	70
580	27	10
580	28	70
580	29	0
580	30	50
580	31	70
580	32	70
580	33	50
580	34	0
580	35	70
580	36	10
580	37	50
580	38	50
580	39	50
580	40	50
581	1	70
581	2	70
581	3	90
581	4	70
581	5	20
581	6	90
581	7	50
581	8	90
581	9	50
581	10	90
581	11	90
581	12	70
581	13	50
581	14	50
581	15	70
581	16	90
581	17	50
581	18	70
581	19	50
581	20	50
581	21	90
581	22	110
581	23	20
581	24	50
581	25	70
581	26	90
581	27	50
581	28	90
581	29	50
581	30	20
581	31	20
581	32	90
581	33	50
581	34	70
581	35	90
581	36	50
581	37	50
581	38	50
581	39	20
581	40	50
582	1	90
582	2	110
582	3	90
582	4	90
582	5	50
582	6	120
582	7	70
582	8	90
582	9	90
582	10	110
582	11	100
582	12	70
582	13	50
582	14	80
582	15	110
582	16	110
582	17	70
582	18	90
582	19	70
582	20	90
582	21	90
582	22	110
582	23	30
582	24	50
582	25	90
582	26	90
582	27	80
582	28	110
582	29	90
582	30	20
582	31	40
582	32	90
582	33	50
582	34	130
582	35	110
582	36	60
582	37	50
582	38	70
582	39	40
582	40	90
583	1	70
583	2	70
583	3	70
583	4	90
583	5	10
583	6	80
583	7	70
583	8	70
583	9	50
583	10	90
583	11	80
583	12	70
583	13	50
583	14	80
583	15	50
583	16	70
583	17	70
583	18	70
583	19	70
583	20	70
583	21	50
583	22	90
583	23	30
583	24	50
583	25	70
583	26	50
583	27	60
583	28	90
583	29	70
583	30	20
583	31	20
583	32	50
583	33	50
583	34	90
583	35	90
583	36	60
583	37	50
583	38	50
583	39	0
583	40	70
584	1	20
584	2	20
584	3	60
584	4	80
584	5	80
584	6	60
584	7	50
584	8	100
584	9	90
584	10	100
584	11	100
584	12	50
584	13	30
584	14	100
584	15	90
584	16	20
584	17	50
584	18	80
584	19	70
584	20	70
584	21	30
584	22	70
584	23	80
584	24	80
584	25	70
584	26	80
584	27	10
584	28	80
584	29	50
584	30	60
584	31	80
584	32	70
584	33	60
584	34	40
584	35	90
584	36	10
584	37	80
584	38	50
584	39	80
584	40	110
585	1	20
585	2	20
585	3	60
585	4	60
585	5	80
585	6	60
585	7	10
585	8	100
585	9	70
585	10	100
585	11	100
585	12	50
585	13	10
585	14	60
585	15	90
585	16	20
585	17	30
585	18	70
585	19	50
585	20	50
585	21	20
585	22	70
585	23	80
585	24	70
585	25	50
585	26	90
585	27	10
585	28	80
585	29	30
585	30	60
585	31	70
585	32	90
585	33	50
585	34	20
585	35	90
585	36	10
585	37	50
585	38	50
585	39	60
585	40	70
586	1	0
586	2	20
586	3	80
586	4	80
586	5	60
586	6	100
586	7	30
586	8	60
586	9	90
586	10	80
586	11	60
586	12	50
586	13	30
586	14	80
586	15	70
586	16	0
586	17	10
586	18	60
586	19	50
586	20	70
586	21	50
586	22	50
586	23	60
586	24	60
586	25	50
586	26	60
586	27	30
586	28	100
586	29	10
586	30	60
586	31	80
586	32	50
586	33	60
586	34	20
586	35	50
586	36	10
586	37	80
586	38	70
586	39	100
586	40	70
587	1	50
587	2	70
587	3	60
587	4	60
587	5	10
587	6	80
587	7	60
587	8	80
587	9	70
587	10	60
587	11	80
587	12	50
587	13	60
587	14	60
587	15	90
587	16	50
587	17	80
587	18	60
587	19	50
587	20	70
587	21	80
587	22	50
587	23	10
587	24	80
587	25	50
587	26	60
587	27	80
587	28	80
587	29	60
587	30	10
587	31	30
587	32	50
587	33	60
587	34	70
587	35	50
587	36	60
587	37	60
587	38	70
587	39	30
587	40	50
588	1	20
588	2	40
588	3	60
588	4	60
588	5	80
588	6	80
588	7	30
588	8	80
588	9	110
588	10	80
588	11	80
588	12	50
588	13	30
588	14	80
588	15	110
588	16	20
588	17	30
588	18	80
588	19	50
588	20	70
588	21	50
588	22	50
588	23	60
588	24	80
588	25	50
588	26	80
588	27	30
588	28	80
588	29	30
588	30	60
588	31	80
588	32	70
588	33	60
588	34	40
588	35	70
588	36	10
588	37	80
588	38	70
588	39	100
588	40	90
589	1	20
589	2	20
589	3	80
589	4	80
589	5	100
589	6	80
589	7	50
589	8	100
589	9	90
589	10	100
589	11	100
589	12	50
589	13	30
589	14	100
589	15	90
589	16	40
589	17	30
589	18	70
589	19	90
589	20	70
589	21	40
589	22	90
589	23	80
589	24	50
589	25	90
589	26	90
589	27	30
589	28	80
589	29	70
589	30	60
589	31	70
589	32	110
589	33	70
589	34	40
589	35	90
589	36	10
589	37	70
589	38	50
589	39	100
589	40	110
590	1	20
590	2	20
590	3	70
590	4	50
590	5	110
590	6	70
590	7	0
590	8	90
590	9	70
590	10	70
590	11	90
590	12	50
590	13	0
590	14	50
590	15	110
590	16	40
590	17	20
590	18	70
590	19	50
590	20	70
590	21	20
590	22	70
590	23	70
590	24	70
590	25	90
590	26	110
590	27	0
590	28	50
590	29	20
590	30	50
590	31	70
590	32	90
590	33	50
590	34	20
590	35	70
590	36	20
590	37	50
590	38	70
590	39	70
590	40	70
591	1	0
591	2	0
591	3	50
591	4	50
591	5	60
591	6	60
591	7	20
591	8	70
591	9	70
591	10	50
591	11	80
591	12	50
591	13	20
591	14	80
591	15	70
591	16	0
591	17	20
591	18	50
591	19	50
591	20	50
591	21	20
591	22	50
591	23	60
591	24	70
591	25	50
591	26	50
591	27	10
591	28	50
591	29	0
591	30	50
591	31	50
591	32	50
591	33	50
591	34	0
591	35	50
591	36	10
591	37	70
591	38	50
591	39	70
591	40	70
592	1	0
592	2	0
592	3	60
592	4	60
592	5	60
592	6	60
592	7	10
592	8	60
592	9	50
592	10	60
592	11	60
592	12	50
592	13	10
592	14	60
592	15	50
592	16	0
592	17	10
592	18	50
592	19	50
592	20	50
592	21	0
592	22	50
592	23	60
592	24	50
592	25	50
592	26	50
592	27	10
592	28	60
592	29	10
592	30	60
592	31	50
592	32	50
592	33	50
592	34	0
592	35	50
592	36	10
592	37	50
592	38	50
592	39	60
592	40	50
593	1	90
593	2	110
593	3	80
593	4	80
593	5	30
593	6	100
593	7	60
593	8	60
593	9	90
593	10	100
593	11	60
593	12	70
593	13	60
593	14	60
593	15	90
593	16	90
593	17	60
593	18	100
593	19	50
593	20	70
593	21	80
593	22	70
593	23	10
593	24	60
593	25	50
593	26	80
593	27	80
593	28	100
593	29	80
593	30	30
593	31	30
593	32	70
593	33	60
593	34	110
593	35	90
593	36	60
593	37	60
593	38	70
593	39	30
593	40	70
594	1	0
594	2	0
594	3	70
594	4	70
594	5	70
594	6	70
594	7	40
594	8	110
594	9	70
594	10	90
594	11	110
594	12	50
594	13	20
594	14	90
594	15	70
594	16	20
594	17	20
594	18	50
594	19	70
594	20	70
594	21	60
594	22	110
594	23	90
594	24	50
594	25	90
594	26	90
594	27	0
594	28	90
594	29	20
594	30	50
594	31	90
594	32	90
594	33	50
594	34	20
594	35	90
594	36	0
594	37	70
594	38	50
594	39	90
594	40	90
595	1	70
595	2	90
595	3	50
595	4	70
595	5	30
595	6	80
595	7	90
595	8	90
595	9	110
595	10	110
595	11	100
595	12	50
595	13	70
595	14	100
595	15	90
595	16	70
595	17	70
595	18	70
595	19	90
595	20	90
595	21	110
595	22	90
595	23	50
595	24	50
595	25	70
595	26	90
595	27	100
595	28	110
595	29	110
595	30	0
595	31	60
595	32	110
595	33	70
595	34	110
595	35	110
595	36	60
595	37	70
595	38	70
595	39	40
595	40	110
596	1	70
596	2	90
596	3	70
596	4	50
596	5	50
596	6	100
596	7	70
596	8	90
596	9	110
596	10	90
596	11	100
596	12	50
596	13	70
596	14	80
596	15	110
596	16	90
596	17	50
596	18	70
596	19	50
596	20	70
596	21	130
596	22	90
596	23	30
596	24	50
596	25	70
596	26	110
596	27	80
596	28	90
596	29	70
596	30	0
596	31	40
596	32	110
596	33	50
596	34	90
596	35	90
596	36	60
596	37	70
596	38	70
596	39	60
596	40	90
597	1	0
597	2	0
597	3	70
597	4	50
597	5	80
597	6	80
597	7	0
597	8	90
597	9	50
597	10	50
597	11	100
597	12	50
597	13	0
597	14	60
597	15	90
597	16	20
597	17	20
597	18	50
597	19	50
597	20	50
597	21	20
597	22	70
597	23	60
597	24	70
597	25	70
597	26	70
597	27	10
597	28	50
597	29	0
597	30	50
597	31	50
597	32	70
597	33	50
597	34	0
597	35	50
597	36	10
597	37	50
597	38	50
597	39	70
597	40	50
598	1	70
598	2	70
598	3	50
598	4	70
598	5	20
598	6	50
598	7	90
598	8	110
598	9	90
598	10	110
598	11	110
598	12	50
598	13	70
598	14	90
598	15	90
598	16	70
598	17	90
598	18	70
598	19	70
598	20	70
598	21	90
598	22	90
598	23	40
598	24	70
598	25	70
598	26	90
598	27	50
598	28	90
598	29	90
598	30	0
598	31	40
598	32	90
598	33	50
598	34	90
598	35	110
598	36	50
598	37	70
598	38	50
598	39	20
598	40	110
599	1	20
599	2	40
599	3	50
599	4	70
599	5	100
599	6	80
599	7	20
599	8	110
599	9	90
599	10	110
599	11	120
599	12	50
599	13	0
599	14	80
599	15	110
599	16	20
599	17	40
599	18	70
599	19	70
599	20	110
599	21	40
599	22	90
599	23	120
599	24	70
599	25	90
599	26	110
599	27	30
599	28	110
599	29	40
599	30	50
599	31	130
599	32	90
599	33	50
599	34	60
599	35	110
599	36	30
599	37	50
599	38	90
599	39	70
599	40	90
600	1	70
600	2	70
600	3	60
600	4	60
600	5	30
600	6	60
600	7	60
600	8	60
600	9	70
600	10	80
600	11	60
600	12	50
600	13	60
600	14	60
600	15	70
600	16	70
600	17	60
600	18	80
600	19	50
600	20	50
600	21	60
600	22	50
600	23	10
600	24	60
600	25	50
600	26	80
600	27	60
600	28	60
600	29	80
600	30	10
600	31	10
600	32	70
600	33	60
600	34	70
600	35	70
600	36	60
600	37	60
600	38	50
600	39	10
600	40	70
601	1	70
601	2	90
601	3	80
601	4	80
601	5	50
601	6	100
601	7	80
601	8	100
601	9	90
601	10	100
601	11	100
601	12	50
601	13	60
601	14	80
601	15	110
601	16	90
601	17	80
601	18	70
601	19	70
601	20	90
601	21	90
601	22	90
601	23	30
601	24	50
601	25	90
601	26	90
601	27	80
601	28	100
601	29	100
601	30	10
601	31	40
601	32	90
601	33	50
601	34	110
601	35	90
601	36	60
601	37	50
601	38	70
601	39	50
601	40	90
602	1	50
602	2	50
602	3	70
602	4	70
602	5	0
602	6	70
602	7	70
602	8	70
602	9	70
602	10	90
602	11	70
602	12	50
602	13	70
602	14	70
602	15	50
602	16	50
602	17	50
602	18	50
602	19	50
602	20	50
602	21	90
602	22	70
602	23	20
602	24	50
602	25	50
602	26	70
602	27	50
602	28	90
602	29	50
602	30	0
602	31	20
602	32	70
602	33	50
602	34	50
602	35	70
602	36	50
602	37	70
602	38	50
602	39	20
602	40	70
603	1	20
603	2	40
603	3	80
603	4	100
603	5	60
603	6	100
603	7	30
603	8	100
603	9	70
603	10	120
603	11	100
603	12	70
603	13	10
603	14	80
603	15	70
603	16	20
603	17	30
603	18	80
603	19	70
603	20	90
603	21	50
603	22	110
603	23	100
603	24	60
603	25	70
603	26	80
603	27	30
603	28	140
603	29	30
603	30	80
603	31	120
603	32	70
603	33	60
603	34	60
603	35	110
603	36	10
603	37	60
603	38	70
603	39	80
603	40	70
604	1	0
604	2	0
604	3	80
604	4	80
604	5	80
604	6	80
604	7	30
604	8	120
604	9	50
604	10	100
604	11	120
604	12	50
604	13	10
604	14	80
604	15	70
604	16	20
604	17	30
604	18	60
604	19	70
604	20	70
604	21	50
604	22	110
604	23	100
604	24	60
604	25	90
604	26	100
604	27	10
604	28	100
604	29	30
604	30	60
604	31	100
604	32	90
604	33	60
604	34	20
604	35	90
604	36	10
604	37	60
604	38	50
604	39	80
604	40	70
605	1	20
605	2	20
605	3	90
605	4	90
605	5	100
605	6	100
605	7	40
605	8	90
605	9	90
605	10	110
605	11	100
605	12	50
605	13	20
605	14	100
605	15	90
605	16	40
605	17	20
605	18	70
605	19	70
605	20	70
605	21	40
605	22	90
605	23	80
605	24	50
605	25	90
605	26	90
605	27	10
605	28	90
605	29	40
605	30	50
605	31	70
605	32	90
605	33	50
605	34	40
605	35	90
605	36	10
605	37	70
605	38	50
605	39	90
605	40	110
606	1	50
606	2	50
606	3	70
606	4	70
606	5	40
606	6	70
606	7	70
606	8	130
606	9	50
606	10	90
606	11	130
606	12	50
606	13	50
606	14	70
606	15	90
606	16	70
606	17	90
606	18	50
606	19	70
606	20	90
606	21	90
606	22	110
606	23	60
606	24	70
606	25	110
606	26	110
606	27	50
606	28	90
606	29	70
606	30	0
606	31	60
606	32	90
606	33	50
606	34	70
606	35	90
606	36	70
606	37	50
606	38	70
606	39	20
606	40	70
607	1	70
607	2	90
607	3	70
607	4	90
607	5	20
607	6	90
607	7	90
607	8	90
607	9	110
607	10	130
607	11	90
607	12	50
607	13	70
607	14	90
607	15	90
607	16	70
607	17	70
607	18	70
607	19	70
607	20	90
607	21	110
607	22	90
607	23	40
607	24	50
607	25	70
607	26	90
607	27	70
607	28	130
607	29	90
607	30	0
607	31	60
607	32	90
607	33	50
607	34	110
607	35	110
607	36	50
607	37	70
607	38	70
607	39	40
607	40	110
608	1	90
608	2	110
608	3	100
608	4	100
608	5	50
608	6	120
608	7	80
608	8	120
608	9	90
608	10	140
608	11	120
608	12	70
608	13	60
608	14	80
608	15	110
608	16	110
608	17	80
608	18	90
608	19	70
608	20	90
608	21	110
608	22	130
608	23	50
608	24	50
608	25	90
608	26	110
608	27	80
608	28	140
608	29	100
608	30	30
608	31	60
608	32	110
608	33	50
608	34	130
608	35	130
608	36	60
608	37	50
608	38	70
608	39	50
608	40	90
609	1	20
609	2	40
609	3	70
609	4	70
609	5	100
609	6	100
609	7	40
609	8	110
609	9	110
609	10	110
609	11	120
609	12	50
609	13	20
609	14	100
609	15	110
609	16	40
609	17	20
609	18	70
609	19	70
609	20	90
609	21	80
609	22	110
609	23	100
609	24	50
609	25	90
609	26	110
609	27	30
609	28	110
609	29	40
609	30	50
609	31	110
609	32	110
609	33	50
609	34	60
609	35	110
609	36	10
609	37	70
609	38	70
609	39	110
609	40	110
610	1	0
610	2	0
610	3	70
610	4	50
610	5	70
610	6	70
610	7	20
610	8	70
610	9	70
610	10	50
610	11	70
610	12	50
610	13	20
610	14	70
610	15	70
610	16	20
610	17	0
610	18	50
610	19	50
610	20	50
610	21	40
610	22	70
610	23	50
610	24	50
610	25	70
610	26	70
610	27	0
610	28	50
610	29	0
610	30	50
610	31	50
610	32	70
610	33	50
610	34	0
610	35	50
610	36	0
610	37	70
610	38	50
610	39	90
610	40	70
611	1	20
611	2	20
611	3	100
611	4	100
611	5	100
611	6	100
611	7	30
611	8	100
611	9	70
611	10	120
611	11	100
611	12	50
611	13	10
611	14	80
611	15	90
611	16	40
611	17	30
611	18	80
611	19	70
611	20	70
611	21	30
611	22	90
611	23	80
611	24	60
611	25	90
611	26	100
611	27	10
611	28	100
611	29	50
611	30	60
611	31	80
611	32	90
611	33	60
611	34	40
611	35	90
611	36	10
611	37	60
611	38	50
611	39	80
611	40	90
612	1	70
612	2	90
612	3	50
612	4	70
612	5	40
612	6	70
612	7	70
612	8	90
612	9	90
612	10	90
612	11	90
612	12	50
612	13	50
612	14	70
612	15	110
612	16	70
612	17	90
612	18	70
612	19	70
612	20	110
612	21	70
612	22	70
612	23	40
612	24	70
612	25	90
612	26	90
612	27	70
612	28	90
612	29	90
612	30	0
612	31	60
612	32	70
612	33	50
612	34	110
612	35	90
612	36	70
612	37	50
612	38	90
612	39	20
612	40	90
613	1	50
613	2	70
613	3	50
613	4	70
613	5	10
613	6	80
613	7	90
613	8	90
613	9	90
613	10	90
613	11	100
613	12	50
613	13	70
613	14	100
613	15	70
613	16	50
613	17	70
613	18	50
613	19	70
613	20	90
613	21	110
613	22	90
613	23	50
613	24	50
613	25	70
613	26	70
613	27	80
613	28	110
613	29	70
613	30	0
613	31	60
613	32	70
613	33	50
613	34	90
613	35	90
613	36	60
613	37	70
613	38	70
613	39	40
613	40	90
614	1	20
614	2	20
614	3	70
614	4	70
614	5	100
614	6	80
614	7	20
614	8	110
614	9	70
614	10	90
614	11	120
614	12	50
614	13	0
614	14	80
614	15	110
614	16	40
614	17	40
614	18	70
614	19	70
614	20	70
614	21	20
614	22	90
614	23	80
614	24	70
614	25	90
614	26	90
614	27	10
614	28	70
614	29	40
614	30	50
614	31	70
614	32	90
614	33	50
614	34	40
614	35	90
614	36	10
614	37	50
614	38	50
614	39	70
614	40	90
615	1	50
615	2	70
615	3	90
615	4	90
615	5	20
615	6	110
615	7	70
615	8	90
615	9	70
615	10	90
615	11	90
615	12	50
615	13	50
615	14	70
615	15	90
615	16	70
615	17	70
615	18	50
615	19	70
615	20	90
615	21	90
615	22	90
615	23	20
615	24	50
615	25	90
615	26	70
615	27	70
615	28	110
615	29	70
615	30	0
615	31	40
615	32	70
615	33	50
615	34	90
615	35	70
615	36	50
615	37	50
615	38	70
615	39	40
615	40	70
616	1	0
616	2	20
616	3	70
616	4	70
616	5	80
616	6	100
616	7	40
616	8	110
616	9	90
616	10	90
616	11	120
616	12	50
616	13	20
616	14	100
616	15	90
616	16	20
616	17	20
616	18	50
616	19	90
616	20	90
616	21	80
616	22	110
616	23	100
616	24	50
616	25	90
616	26	90
616	27	50
616	28	110
616	29	40
616	30	50
616	31	110
616	32	110
616	33	70
616	34	40
616	35	90
616	36	10
616	37	70
616	38	70
616	39	110
616	40	90
617	1	20
617	2	20
617	3	70
617	4	50
617	5	100
617	6	80
617	7	20
617	8	90
617	9	90
617	10	90
617	11	100
617	12	50
617	13	20
617	14	80
617	15	90
617	16	40
617	17	0
617	18	70
617	19	70
617	20	50
617	21	60
617	22	90
617	23	80
617	24	50
617	25	70
617	26	110
617	27	30
617	28	70
617	29	40
617	30	50
617	31	70
617	32	130
617	33	70
617	34	20
617	35	90
617	36	10
617	37	70
617	38	50
617	39	90
617	40	90
618	1	20
618	2	40
618	3	70
618	4	50
618	5	100
618	6	100
618	7	20
618	8	90
618	9	110
618	10	90
618	11	100
618	12	50
618	13	20
618	14	80
618	15	110
618	16	40
618	17	0
618	18	70
618	19	50
618	20	70
618	21	80
618	22	90
618	23	80
618	24	50
618	25	70
618	26	110
618	27	30
618	28	90
618	29	20
618	30	50
618	31	90
618	32	110
618	33	50
618	34	40
618	35	90
618	36	10
618	37	70
618	38	70
618	39	110
618	40	90
619	1	70
619	2	90
619	3	90
619	4	70
619	5	50
619	6	120
619	7	50
619	8	90
619	9	90
619	10	110
619	11	100
619	12	50
619	13	50
619	14	60
619	15	110
619	16	90
619	17	50
619	18	70
619	19	50
619	20	70
619	21	110
619	22	90
619	23	30
619	24	50
619	25	70
619	26	110
619	27	80
619	28	110
619	29	70
619	30	0
619	31	40
619	32	110
619	33	50
619	34	90
619	35	90
619	36	60
619	37	50
619	38	70
619	39	40
619	40	70
620	1	0
620	2	0
620	3	60
620	4	60
620	5	60
620	6	60
620	7	30
620	8	60
620	9	70
620	10	60
620	11	60
620	12	50
620	13	30
620	14	80
620	15	50
620	16	0
620	17	10
620	18	50
620	19	70
620	20	50
620	21	20
620	22	50
620	23	60
620	24	50
620	25	50
620	26	50
620	27	30
620	28	60
620	29	30
620	30	60
620	31	50
620	32	70
620	33	70
620	34	0
620	35	50
620	36	10
620	37	70
620	38	50
620	39	80
620	40	70
621	1	70
621	2	70
621	3	50
621	4	50
621	5	30
621	6	60
621	7	70
621	8	90
621	9	90
621	10	90
621	11	100
621	12	50
621	13	70
621	14	80
621	15	90
621	16	70
621	17	70
621	18	70
621	19	50
621	20	50
621	21	90
621	22	70
621	23	30
621	24	70
621	25	50
621	26	90
621	27	60
621	28	70
621	29	70
621	30	0
621	31	20
621	32	90
621	33	50
621	34	70
621	35	90
621	36	60
621	37	70
621	38	50
621	39	20
621	40	90
622	1	50
622	2	50
622	3	70
622	4	50
622	5	30
622	6	80
622	7	70
622	8	70
622	9	70
622	10	50
622	11	80
622	12	50
622	13	70
622	14	80
622	15	70
622	16	70
622	17	50
622	18	50
622	19	50
622	20	50
622	21	90
622	22	70
622	23	10
622	24	50
622	25	70
622	26	70
622	27	60
622	28	50
622	29	50
622	30	0
622	31	0
622	32	70
622	33	50
622	34	50
622	35	50
622	36	60
622	37	70
622	38	50
622	39	40
622	40	70
623	1	70
623	2	90
623	3	80
623	4	80
623	5	50
623	6	100
623	7	80
623	8	120
623	9	90
623	10	100
623	11	120
623	12	50
623	13	60
623	14	80
623	15	130
623	16	90
623	17	100
623	18	70
623	19	70
623	20	90
623	21	90
623	22	90
623	23	30
623	24	70
623	25	90
623	26	90
623	27	80
623	28	100
623	29	100
623	30	10
623	31	40
623	32	90
623	33	50
623	34	110
623	35	90
623	36	60
623	37	50
623	38	70
623	39	50
623	40	90
624	1	20
624	2	40
624	3	90
624	4	90
624	5	90
624	6	110
624	7	20
624	8	110
624	9	90
624	10	130
624	11	110
624	12	50
624	13	0
624	14	70
624	15	110
624	16	40
624	17	20
624	18	70
624	19	70
624	20	90
624	21	60
624	22	110
624	23	90
624	24	50
624	25	90
624	26	110
624	27	20
624	28	130
624	29	40
624	30	50
624	31	110
624	32	110
624	33	50
624	34	60
624	35	110
624	36	0
624	37	50
624	38	70
624	39	90
624	40	90
625	1	70
625	2	70
625	3	80
625	4	80
625	5	50
625	6	80
625	7	80
625	8	140
625	9	70
625	10	120
625	11	140
625	12	50
625	13	60
625	14	80
625	15	110
625	16	90
625	17	100
625	18	80
625	19	70
625	20	70
625	21	100
625	22	110
625	23	50
625	24	80
625	25	90
625	26	120
625	27	60
625	28	100
625	29	100
625	30	10
625	31	50
625	32	110
625	33	60
625	34	90
625	35	110
625	36	60
625	37	60
625	38	50
625	39	30
625	40	90
626	1	70
626	2	70
626	3	80
626	4	80
626	5	50
626	6	80
626	7	100
626	8	120
626	9	90
626	10	120
626	11	120
626	12	50
626	13	80
626	14	100
626	15	90
626	16	90
626	17	80
626	18	70
626	19	90
626	20	70
626	21	110
626	22	110
626	23	50
626	24	50
626	25	90
626	26	110
626	27	80
626	28	100
626	29	120
626	30	10
626	31	40
626	32	130
626	33	70
626	34	90
626	35	110
626	36	60
626	37	70
626	38	50
626	39	50
626	40	110
627	1	0
627	2	20
627	3	90
627	4	90
627	5	70
627	6	110
627	7	40
627	8	110
627	9	90
627	10	110
627	11	110
627	12	50
627	13	20
627	14	90
627	15	90
627	16	20
627	17	20
627	18	50
627	19	70
627	20	90
627	21	80
627	22	110
627	23	90
627	24	50
627	25	90
627	26	90
627	27	20
627	28	130
627	29	20
627	30	50
627	31	110
627	32	90
627	33	50
627	34	40
627	35	90
627	36	0
627	37	70
627	38	70
627	39	110
627	40	90
628	1	70
628	2	90
628	3	100
628	4	100
628	5	50
628	6	120
628	7	80
628	8	100
628	9	90
628	10	120
628	11	100
628	12	50
628	13	60
628	14	80
628	15	110
628	16	90
628	17	80
628	18	70
628	19	70
628	20	90
628	21	90
628	22	90
628	23	30
628	24	50
628	25	90
628	26	90
628	27	80
628	28	120
628	29	100
628	30	10
628	31	40
628	32	90
628	33	50
628	34	110
628	35	90
628	36	60
628	37	50
628	38	70
628	39	50
628	40	90
629	1	20
629	2	40
629	3	90
629	4	90
629	5	100
629	6	120
629	7	40
629	8	90
629	9	110
629	10	110
629	11	100
629	12	50
629	13	20
629	14	100
629	15	110
629	16	40
629	17	20
629	18	70
629	19	70
629	20	90
629	21	60
629	22	90
629	23	80
629	24	50
629	25	90
629	26	90
629	27	30
629	28	110
629	29	40
629	30	50
629	31	90
629	32	90
629	33	50
629	34	60
629	35	90
629	36	10
629	37	70
629	38	70
629	39	110
629	40	110
630	1	70
630	2	70
630	3	70
630	4	50
630	5	40
630	6	70
630	7	70
630	8	90
630	9	90
630	10	90
630	11	90
630	12	50
630	13	70
630	14	70
630	15	90
630	16	90
630	17	50
630	18	70
630	19	50
630	20	50
630	21	110
630	22	90
630	23	20
630	24	50
630	25	70
630	26	110
630	27	50
630	28	70
630	29	70
630	30	0
630	31	20
630	32	110
630	33	50
630	34	70
630	35	90
630	36	50
630	37	70
630	38	50
630	39	40
630	40	90
631	1	50
631	2	70
631	3	100
631	4	100
631	5	30
631	6	120
631	7	80
631	8	120
631	9	70
631	10	120
631	11	120
631	12	50
631	13	60
631	14	80
631	15	90
631	16	70
631	17	80
631	18	50
631	19	70
631	20	90
631	21	110
631	22	110
631	23	50
631	24	50
631	25	90
631	26	90
631	27	80
631	28	140
631	29	80
631	30	10
631	31	60
631	32	90
631	33	50
631	34	90
631	35	90
631	36	60
631	37	50
631	38	70
631	39	50
631	40	70
632	1	20
632	2	20
632	3	80
632	4	100
632	5	60
632	6	80
632	7	30
632	8	80
632	9	50
632	10	100
632	11	80
632	12	70
632	13	10
632	14	80
632	15	50
632	16	20
632	17	30
632	18	80
632	19	70
632	20	70
632	21	10
632	22	90
632	23	80
632	24	60
632	25	70
632	26	60
632	27	10
632	28	100
632	29	30
632	30	80
632	31	80
632	32	50
632	33	60
632	34	40
632	35	90
632	36	10
632	37	60
632	38	50
632	39	60
632	40	70
633	1	20
633	2	20
633	3	70
633	4	70
633	5	120
633	6	80
633	7	20
633	8	130
633	9	70
633	10	110
633	11	140
633	12	50
633	13	0
633	14	80
633	15	110
633	16	40
633	17	40
633	18	70
633	19	70
633	20	90
633	21	40
633	22	110
633	23	120
633	24	70
633	25	110
633	26	130
633	27	10
633	28	90
633	29	40
633	30	50
633	31	110
633	32	110
633	33	50
633	34	40
633	35	110
633	36	30
633	37	50
633	38	70
633	39	70
633	40	90
634	1	70
634	2	70
634	3	70
634	4	90
634	5	30
634	6	80
634	7	90
634	8	70
634	9	90
634	10	110
634	11	80
634	12	50
634	13	70
634	14	100
634	15	70
634	16	70
634	17	70
634	18	70
634	19	70
634	20	70
634	21	70
634	22	70
634	23	30
634	24	50
634	25	70
634	26	70
634	27	60
634	28	90
634	29	90
634	30	0
634	31	20
634	32	70
634	33	50
634	34	90
634	35	90
634	36	60
634	37	70
634	38	50
634	39	20
634	40	110
635	1	20
635	2	20
635	3	70
635	4	70
635	5	110
635	6	70
635	7	20
635	8	130
635	9	70
635	10	110
635	11	130
635	12	50
635	13	0
635	14	70
635	15	110
635	16	40
635	17	40
635	18	70
635	19	70
635	20	90
635	21	40
635	22	110
635	23	110
635	24	70
635	25	110
635	26	130
635	27	0
635	28	90
635	29	40
635	30	50
635	31	110
635	32	110
635	33	50
635	34	40
635	35	110
635	36	20
635	37	50
635	38	70
635	39	70
635	40	90
636	1	20
636	2	20
636	3	60
636	4	80
636	5	80
636	6	60
636	7	50
636	8	80
636	9	90
636	10	100
636	11	80
636	12	50
636	13	30
636	14	100
636	15	70
636	16	20
636	17	30
636	18	80
636	19	70
636	20	70
636	21	30
636	22	70
636	23	80
636	24	60
636	25	70
636	26	80
636	27	10
636	28	80
636	29	50
636	30	60
636	31	80
636	32	70
636	33	60
636	34	40
636	35	90
636	36	10
636	37	80
636	38	50
636	39	80
636	40	110
637	1	0
637	2	20
637	3	80
637	4	80
637	5	100
637	6	100
637	7	30
637	8	140
637	9	70
637	10	100
637	11	140
637	12	50
637	13	10
637	14	80
637	15	110
637	16	20
637	17	50
637	18	50
637	19	70
637	20	110
637	21	60
637	22	110
637	23	120
637	24	70
637	25	110
637	26	110
637	27	30
637	28	120
637	29	30
637	30	60
637	31	130
637	32	90
637	33	50
637	34	40
637	35	90
637	36	30
637	37	50
637	38	90
637	39	100
637	40	70
638	1	90
638	2	90
638	3	100
638	4	80
638	5	50
638	6	100
638	7	60
638	8	80
638	9	70
638	10	100
638	11	80
638	12	70
638	13	60
638	14	60
638	15	90
638	16	110
638	17	60
638	18	100
638	19	50
638	20	50
638	21	80
638	22	90
638	23	10
638	24	60
638	25	70
638	26	100
638	27	60
638	28	80
638	29	80
638	30	30
638	31	10
638	32	90
638	33	60
638	34	90
638	35	90
638	36	60
638	37	60
638	38	50
638	39	30
638	40	70
639	1	70
639	2	90
639	3	100
639	4	80
639	5	50
639	6	120
639	7	80
639	8	80
639	9	110
639	10	100
639	11	80
639	12	50
639	13	80
639	14	80
639	15	110
639	16	90
639	17	60
639	18	70
639	19	50
639	20	70
639	21	110
639	22	70
639	23	10
639	24	50
639	25	70
639	26	90
639	27	80
639	28	100
639	29	80
639	30	10
639	31	20
639	32	90
639	33	50
639	34	90
639	35	70
639	36	60
639	37	70
639	38	70
639	39	70
639	40	90
640	1	20
640	2	20
640	3	50
640	4	50
640	5	90
640	6	50
640	7	0
640	8	70
640	9	70
640	10	70
640	11	70
640	12	50
640	13	0
640	14	50
640	15	90
640	16	20
640	17	20
640	18	70
640	19	50
640	20	70
640	21	0
640	22	50
640	23	70
640	24	70
640	25	70
640	26	90
640	27	0
640	28	50
640	29	20
640	30	50
640	31	70
640	32	70
640	33	50
640	34	20
640	35	70
640	36	20
640	37	50
640	38	70
640	39	50
640	40	70
641	1	40
641	2	60
641	3	80
641	4	100
641	5	80
641	6	100
641	7	30
641	8	80
641	9	90
641	10	120
641	11	80
641	12	70
641	13	10
641	14	80
641	15	90
641	16	40
641	17	30
641	18	100
641	19	70
641	20	90
641	21	30
641	22	90
641	23	80
641	24	60
641	25	70
641	26	80
641	27	30
641	28	120
641	29	50
641	30	80
641	31	100
641	32	70
641	33	60
641	34	80
641	35	110
641	36	10
641	37	60
641	38	70
641	39	80
641	40	90
642	1	70
642	2	70
642	3	60
642	4	60
642	5	30
642	6	60
642	7	80
642	8	80
642	9	90
642	10	80
642	11	80
642	12	50
642	13	80
642	14	80
642	15	90
642	16	70
642	17	80
642	18	80
642	19	50
642	20	50
642	21	80
642	22	50
642	23	10
642	24	80
642	25	50
642	26	80
642	27	60
642	28	60
642	29	80
642	30	10
642	31	10
642	32	70
642	33	60
642	34	70
642	35	70
642	36	60
642	37	80
642	38	50
642	39	30
642	40	90
643	1	20
643	2	20
643	3	90
643	4	70
643	5	100
643	6	100
643	7	20
643	8	90
643	9	90
643	10	110
643	11	100
643	12	50
643	13	20
643	14	80
643	15	90
643	16	40
643	17	0
643	18	70
643	19	50
643	20	50
643	21	60
643	22	90
643	23	80
643	24	50
643	25	70
643	26	110
643	27	10
643	28	90
643	29	20
643	30	50
643	31	70
643	32	110
643	33	50
643	34	20
643	35	90
643	36	10
643	37	70
643	38	50
643	39	90
643	40	90
644	1	50
644	2	50
644	3	60
644	4	60
644	5	10
644	6	60
644	7	80
644	8	60
644	9	70
644	10	60
644	11	60
644	12	50
644	13	80
644	14	80
644	15	50
644	16	50
644	17	60
644	18	60
644	19	70
644	20	50
644	21	80
644	22	50
644	23	10
644	24	60
644	25	50
644	26	60
644	27	80
644	28	60
644	29	80
644	30	10
644	31	10
644	32	70
644	33	80
644	34	50
644	35	50
644	36	60
644	37	80
644	38	50
644	39	30
644	40	70
645	1	50
645	2	70
645	3	50
645	4	70
645	5	0
645	6	70
645	7	90
645	8	90
645	9	90
645	10	90
645	11	90
645	12	50
645	13	70
645	14	90
645	15	70
645	16	50
645	17	70
645	18	50
645	19	70
645	20	90
645	21	110
645	22	90
645	23	40
645	24	50
645	25	70
645	26	70
645	27	70
645	28	110
645	29	70
645	30	0
645	31	60
645	32	70
645	33	50
645	34	90
645	35	90
645	36	50
645	37	70
645	38	70
645	39	40
645	40	90
646	1	20
646	2	40
646	3	100
646	4	100
646	5	100
646	6	120
646	7	30
646	8	100
646	9	90
646	10	120
646	11	100
646	12	50
646	13	10
646	14	80
646	15	110
646	16	40
646	17	30
646	18	80
646	19	70
646	20	90
646	21	50
646	22	90
646	23	80
646	24	60
646	25	90
646	26	100
646	27	30
646	28	120
646	29	50
646	30	60
646	31	100
646	32	90
646	33	60
646	34	60
646	35	90
646	36	10
646	37	60
646	38	70
646	39	100
646	40	90
647	1	0
647	2	20
647	3	60
647	4	80
647	5	60
647	6	80
647	7	50
647	8	100
647	9	90
647	10	100
647	11	100
647	12	50
647	13	30
647	14	100
647	15	70
647	16	0
647	17	30
647	18	50
647	19	70
647	20	90
647	21	60
647	22	90
647	23	100
647	24	50
647	25	70
647	26	70
647	27	30
647	28	120
647	29	30
647	30	60
647	31	110
647	32	70
647	33	50
647	34	40
647	35	90
647	36	10
647	37	70
647	38	70
647	39	100
647	40	90
648	1	20
648	2	20
648	3	70
648	4	50
648	5	100
648	6	80
648	7	20
648	8	90
648	9	90
648	10	90
648	11	100
648	12	50
648	13	20
648	14	80
648	15	90
648	16	40
648	17	0
648	18	70
648	19	50
648	20	50
648	21	60
648	22	90
648	23	80
648	24	50
648	25	70
648	26	110
648	27	10
648	28	70
648	29	20
648	30	50
648	31	70
648	32	110
648	33	50
648	34	20
648	35	90
648	36	10
648	37	70
648	38	50
648	39	90
648	40	90
649	1	20
649	2	20
649	3	70
649	4	90
649	5	50
649	6	70
649	7	20
649	8	70
649	9	50
649	10	90
649	11	70
649	12	70
649	13	0
649	14	70
649	15	50
649	16	20
649	17	20
649	18	70
649	19	70
649	20	70
649	21	0
649	22	90
649	23	70
649	24	50
649	25	70
649	26	50
649	27	0
649	28	90
649	29	20
649	30	70
649	31	70
649	32	50
649	33	50
649	34	40
649	35	90
649	36	0
649	37	50
649	38	50
649	39	50
649	40	70
650	1	20
650	2	20
650	3	60
650	4	60
650	5	80
650	6	60
650	7	30
650	8	60
650	9	90
650	10	80
650	11	60
650	12	50
650	13	30
650	14	80
650	15	70
650	16	20
650	17	10
650	18	70
650	19	50
650	20	50
650	21	20
650	22	50
650	23	60
650	24	50
650	25	50
650	26	70
650	27	10
650	28	60
650	29	30
650	30	60
650	31	50
650	32	70
650	33	50
650	34	20
650	35	70
650	36	10
650	37	70
650	38	50
650	39	80
650	40	90
651	1	50
651	2	50
651	3	50
651	4	50
651	5	0
651	6	50
651	7	50
651	8	70
651	9	50
651	10	70
651	11	70
651	12	50
651	13	50
651	14	50
651	15	50
651	16	50
651	17	50
651	18	50
651	19	50
651	20	50
651	21	70
651	22	70
651	23	20
651	24	50
651	25	50
651	26	70
651	27	50
651	28	70
651	29	50
651	30	0
651	31	20
651	32	70
651	33	50
651	34	50
651	35	70
651	36	50
651	37	50
651	38	50
651	39	0
651	40	50
652	1	0
652	2	20
652	3	80
652	4	80
652	5	80
652	6	100
652	7	30
652	8	120
652	9	70
652	10	100
652	11	120
652	12	50
652	13	10
652	14	80
652	15	90
652	16	20
652	17	30
652	18	50
652	19	70
652	20	90
652	21	60
652	22	110
652	23	100
652	24	50
652	25	90
652	26	90
652	27	30
652	28	120
652	29	30
652	30	60
652	31	110
652	32	90
652	33	50
652	34	40
652	35	90
652	36	10
652	37	50
652	38	70
652	39	100
652	40	70
653	1	0
653	2	0
653	3	70
653	4	90
653	5	50
653	6	70
653	7	20
653	8	90
653	9	50
653	10	110
653	11	90
653	12	50
653	13	0
653	14	70
653	15	50
653	16	0
653	17	20
653	18	50
653	19	70
653	20	70
653	21	20
653	22	90
653	23	90
653	24	50
653	25	70
653	26	70
653	27	0
653	28	110
653	29	20
653	30	50
653	31	90
653	32	70
653	33	50
653	34	20
653	35	90
653	36	0
653	37	50
653	38	50
653	39	50
653	40	70
654	1	20
654	2	20
654	3	80
654	4	80
654	5	100
654	6	80
654	7	30
654	8	100
654	9	70
654	10	100
654	11	100
654	12	50
654	13	10
654	14	80
654	15	90
654	16	40
654	17	30
654	18	70
654	19	70
654	20	70
654	21	20
654	22	90
654	23	80
654	24	50
654	25	90
654	26	90
654	27	10
654	28	80
654	29	50
654	30	60
654	31	70
654	32	90
654	33	50
654	34	40
654	35	90
654	36	10
654	37	50
654	38	50
654	39	80
654	40	90
655	1	0
655	2	0
655	3	70
655	4	90
655	5	50
655	6	70
655	7	40
655	8	90
655	9	70
655	10	110
655	11	90
655	12	50
655	13	20
655	14	90
655	15	50
655	16	0
655	17	20
655	18	50
655	19	70
655	20	70
655	21	40
655	22	90
655	23	90
655	24	50
655	25	70
655	26	70
655	27	0
655	28	110
655	29	20
655	30	50
655	31	90
655	32	70
655	33	50
655	34	20
655	35	90
655	36	0
655	37	70
655	38	50
655	39	70
655	40	90
656	1	0
656	2	20
656	3	60
656	4	80
656	5	60
656	6	80
656	7	50
656	8	80
656	9	90
656	10	80
656	11	80
656	12	50
656	13	30
656	14	100
656	15	70
656	16	0
656	17	30
656	18	50
656	19	90
656	20	90
656	21	40
656	22	70
656	23	80
656	24	50
656	25	70
656	26	50
656	27	50
656	28	100
656	29	50
656	30	60
656	31	90
656	32	70
656	33	70
656	34	40
656	35	70
656	36	10
656	37	70
656	38	70
656	39	100
656	40	90
657	1	0
657	2	0
657	3	100
657	4	100
657	5	80
657	6	100
657	7	50
657	8	100
657	9	70
657	10	100
657	11	100
657	12	50
657	13	30
657	14	100
657	15	70
657	16	20
657	17	30
657	18	50
657	19	70
657	20	70
657	21	40
657	22	90
657	23	80
657	24	50
657	25	90
657	26	70
657	27	10
657	28	100
657	29	30
657	30	60
657	31	70
657	32	70
657	33	50
657	34	20
657	35	70
657	36	10
657	37	70
657	38	50
657	39	100
657	40	90
658	1	50
658	2	70
658	3	100
658	4	100
658	5	30
658	6	120
658	7	80
658	8	120
658	9	70
658	10	120
658	11	120
658	12	50
658	13	60
658	14	80
658	15	90
658	16	70
658	17	80
658	18	60
658	19	70
658	20	90
658	21	120
658	22	110
658	23	50
658	24	60
658	25	90
658	26	100
658	27	80
658	28	140
658	29	80
658	30	10
658	31	70
658	32	90
658	33	60
658	34	90
658	35	90
658	36	60
658	37	60
658	38	70
658	39	50
658	40	70
659	1	70
659	2	90
659	3	50
659	4	70
659	5	30
659	6	80
659	7	90
659	8	70
659	9	110
659	10	90
659	11	80
659	12	50
659	13	70
659	14	100
659	15	90
659	16	70
659	17	70
659	18	70
659	19	70
659	20	90
659	21	90
659	22	70
659	23	30
659	24	50
659	25	70
659	26	70
659	27	80
659	28	90
659	29	90
659	30	0
659	31	40
659	32	70
659	33	50
659	34	110
659	35	90
659	36	60
659	37	70
659	38	70
659	39	40
659	40	110
660	1	0
660	2	0
660	3	80
660	4	100
660	5	60
660	6	80
660	7	30
660	8	80
660	9	50
660	10	100
660	11	80
660	12	50
660	13	10
660	14	80
660	15	50
660	16	0
660	17	30
660	18	50
660	19	70
660	20	70
660	21	0
660	22	70
660	23	80
660	24	50
660	25	70
660	26	50
660	27	10
660	28	100
660	29	30
660	30	60
660	31	70
660	32	50
660	33	50
660	34	20
660	35	70
660	36	10
660	37	50
660	38	50
660	39	60
660	40	70
661	1	0
661	2	0
661	3	60
661	4	60
661	5	60
661	6	60
661	7	10
661	8	100
661	9	50
661	10	80
661	11	100
661	12	50
661	13	10
661	14	60
661	15	70
661	16	0
661	17	30
661	18	50
661	19	50
661	20	50
661	21	20
661	22	70
661	23	80
661	24	70
661	25	50
661	26	70
661	27	10
661	28	80
661	29	10
661	30	60
661	31	70
661	32	70
661	33	50
661	34	0
661	35	70
661	36	10
661	37	50
661	38	50
661	39	60
661	40	50
662	1	20
662	2	40
662	3	80
662	4	80
662	5	100
662	6	100
662	7	50
662	8	120
662	9	110
662	10	120
662	11	120
662	12	50
662	13	30
662	14	100
662	15	110
662	16	40
662	17	30
662	18	70
662	19	90
662	20	90
662	21	80
662	22	110
662	23	100
662	24	50
662	25	90
662	26	110
662	27	50
662	28	120
662	29	70
662	30	60
662	31	110
662	32	130
662	33	70
662	34	60
662	35	110
662	36	10
662	37	70
662	38	70
662	39	120
662	40	110
663	1	50
663	2	70
663	3	60
663	4	60
663	5	10
663	6	80
663	7	60
663	8	60
663	9	70
663	10	60
663	11	60
663	12	50
663	13	60
663	14	60
663	15	70
663	16	50
663	17	60
663	18	50
663	19	50
663	20	70
663	21	70
663	22	50
663	23	10
663	24	50
663	25	50
663	26	50
663	27	80
663	28	80
663	29	60
663	30	10
663	31	20
663	32	50
663	33	50
663	34	70
663	35	50
663	36	60
663	37	50
663	38	70
663	39	30
663	40	50
664	1	0
664	2	20
664	3	90
664	4	90
664	5	80
664	6	120
664	7	20
664	8	110
664	9	70
664	10	110
664	11	120
664	12	50
664	13	0
664	14	80
664	15	90
664	16	20
664	17	20
664	18	50
664	19	70
664	20	90
664	21	60
664	22	110
664	23	100
664	24	50
664	25	90
664	26	90
664	27	30
664	28	130
664	29	20
664	30	50
664	31	110
664	32	90
664	33	50
664	34	40
664	35	90
664	36	10
664	37	50
664	38	70
664	39	90
664	40	70
665	1	0
665	2	0
665	3	80
665	4	80
665	5	80
665	6	80
665	7	50
665	8	100
665	9	70
665	10	80
665	11	100
665	12	50
665	13	30
665	14	100
665	15	70
665	16	20
665	17	30
665	18	60
665	19	70
665	20	70
665	21	50
665	22	90
665	23	80
665	24	60
665	25	90
665	26	80
665	27	10
665	28	80
665	29	30
665	30	60
665	31	80
665	32	70
665	33	60
665	34	20
665	35	70
665	36	10
665	37	80
665	38	50
665	39	100
665	40	90
666	1	20
666	2	20
666	3	50
666	4	70
666	5	70
666	6	50
666	7	40
666	8	90
666	9	90
666	10	110
666	11	90
666	12	50
666	13	20
666	14	90
666	15	70
666	16	20
666	17	20
666	18	70
666	19	90
666	20	70
666	21	40
666	22	90
666	23	90
666	24	50
666	25	70
666	26	90
666	27	20
666	28	90
666	29	60
666	30	50
666	31	90
666	32	110
666	33	70
666	34	40
666	35	110
666	36	0
666	37	70
666	38	50
666	39	70
666	40	110
667	1	20
667	2	20
667	3	60
667	4	80
667	5	80
667	6	60
667	7	50
667	8	100
667	9	90
667	10	120
667	11	100
667	12	50
667	13	30
667	14	100
667	15	70
667	16	20
667	17	30
667	18	80
667	19	90
667	20	70
667	21	50
667	22	90
667	23	100
667	24	60
667	25	70
667	26	100
667	27	30
667	28	100
667	29	70
667	30	60
667	31	100
667	32	110
667	33	80
667	34	40
667	35	110
667	36	10
667	37	80
667	38	50
667	39	80
667	40	110
668	1	50
668	2	70
668	3	80
668	4	80
668	5	10
668	6	100
668	7	80
668	8	60
668	9	90
668	10	80
668	11	60
668	12	50
668	13	80
668	14	80
668	15	70
668	16	50
668	17	60
668	18	50
668	19	50
668	20	70
668	21	90
668	22	50
668	23	10
668	24	50
668	25	50
668	26	50
668	27	80
668	28	100
668	29	60
668	30	10
668	31	20
668	32	50
668	33	50
668	34	70
668	35	50
668	36	60
668	37	70
668	38	70
668	39	50
668	40	70
669	1	20
669	2	40
669	3	80
669	4	80
669	5	100
669	6	100
669	7	30
669	8	100
669	9	90
669	10	100
669	11	100
669	12	50
669	13	10
669	14	80
669	15	110
669	16	40
669	17	30
669	18	80
669	19	70
669	20	90
669	21	50
669	22	90
669	23	80
669	24	60
669	25	90
669	26	100
669	27	30
669	28	100
669	29	50
669	30	60
669	31	100
669	32	90
669	33	60
669	34	60
669	35	90
669	36	10
669	37	60
669	38	70
669	39	100
669	40	90
670	1	70
670	2	90
670	3	90
670	4	90
670	5	40
670	6	110
670	7	90
670	8	90
670	9	110
670	10	110
670	11	90
670	12	50
670	13	70
670	14	90
670	15	110
670	16	90
670	17	70
670	18	70
670	19	70
670	20	90
670	21	110
670	22	90
670	23	20
670	24	50
670	25	90
670	26	90
670	27	70
670	28	110
670	29	90
670	30	0
670	31	40
670	32	90
670	33	50
670	34	110
670	35	90
670	36	50
670	37	70
670	38	70
670	39	60
670	40	110
671	1	0
671	2	20
671	3	60
671	4	80
671	5	60
671	6	80
671	7	50
671	8	100
671	9	90
671	10	100
671	11	100
671	12	50
671	13	30
671	14	100
671	15	70
671	16	0
671	17	30
671	18	50
671	19	70
671	20	90
671	21	60
671	22	90
671	23	100
671	24	50
671	25	70
671	26	70
671	27	30
671	28	120
671	29	30
671	30	60
671	31	110
671	32	70
671	33	50
671	34	40
671	35	90
671	36	10
671	37	70
671	38	70
671	39	100
671	40	90
672	1	0
672	2	0
672	3	50
672	4	50
672	5	80
672	6	60
672	7	0
672	8	90
672	9	50
672	10	70
672	11	100
672	12	50
672	13	0
672	14	60
672	15	70
672	16	0
672	17	20
672	18	50
672	19	50
672	20	70
672	21	20
672	22	70
672	23	100
672	24	70
672	25	70
672	26	90
672	27	10
672	28	70
672	29	0
672	30	50
672	31	90
672	32	70
672	33	50
672	34	0
672	35	70
672	36	30
672	37	50
672	38	70
672	39	50
672	40	50
673	1	0
673	2	0
673	3	60
673	4	60
673	5	80
673	6	60
673	7	10
673	8	80
673	9	50
673	10	60
673	11	80
673	12	50
673	13	10
673	14	60
673	15	70
673	16	0
673	17	30
673	18	60
673	19	50
673	20	70
673	21	10
673	22	50
673	23	80
673	24	80
673	25	70
673	26	80
673	27	10
673	28	60
673	29	10
673	30	60
673	31	80
673	32	50
673	33	60
673	34	0
673	35	50
673	36	30
673	37	60
673	38	70
673	39	60
673	40	50
674	1	50
674	2	70
674	3	60
674	4	60
674	5	10
674	6	80
674	7	80
674	8	80
674	9	90
674	10	80
674	11	80
674	12	50
674	13	80
674	14	80
674	15	70
674	16	50
674	17	60
674	18	50
674	19	70
674	20	70
674	21	110
674	22	70
674	23	30
674	24	50
674	25	50
674	26	70
674	27	100
674	28	100
674	29	80
674	30	10
674	31	40
674	32	90
674	33	70
674	34	70
674	35	70
674	36	60
674	37	70
674	38	70
674	39	50
674	40	70
675	1	50
675	2	50
675	3	50
675	4	50
675	5	0
675	6	50
675	7	70
675	8	70
675	9	70
675	10	70
675	11	70
675	12	50
675	13	70
675	14	70
675	15	50
675	16	50
675	17	50
675	18	50
675	19	70
675	20	50
675	21	90
675	22	70
675	23	20
675	24	50
675	25	50
675	26	70
675	27	70
675	28	70
675	29	70
675	30	0
675	31	20
675	32	90
675	33	70
675	34	50
675	35	70
675	36	50
675	37	70
675	38	50
675	39	20
675	40	70
676	1	50
676	2	70
676	3	70
676	4	50
676	5	20
676	6	90
676	7	70
676	8	90
676	9	90
676	10	70
676	11	90
676	12	50
676	13	70
676	14	70
676	15	90
676	16	70
676	17	50
676	18	50
676	19	50
676	20	70
676	21	130
676	22	90
676	23	20
676	24	50
676	25	70
676	26	90
676	27	70
676	28	90
676	29	50
676	30	0
676	31	40
676	32	90
676	33	50
676	34	70
676	35	70
676	36	50
676	37	70
676	38	70
676	39	60
676	40	70
677	1	90
677	2	110
677	3	70
677	4	90
677	5	20
677	6	90
677	7	70
677	8	70
677	9	90
677	10	110
677	11	70
677	12	70
677	13	50
677	14	70
677	15	90
677	16	90
677	17	70
677	18	90
677	19	70
677	20	90
677	21	70
677	22	90
677	23	20
677	24	50
677	25	70
677	26	70
677	27	70
677	28	110
677	29	90
677	30	20
677	31	40
677	32	70
677	33	50
677	34	130
677	35	110
677	36	50
677	37	50
677	38	70
677	39	20
677	40	90
678	1	70
678	2	90
678	3	70
678	4	50
678	5	50
678	6	100
678	7	50
678	8	90
678	9	90
678	10	90
678	11	100
678	12	50
678	13	50
678	14	60
678	15	110
678	16	90
678	17	50
678	18	70
678	19	50
678	20	70
678	21	110
678	22	90
678	23	30
678	24	50
678	25	70
678	26	110
678	27	80
678	28	90
678	29	70
678	30	0
678	31	40
678	32	110
678	33	50
678	34	90
678	35	90
678	36	60
678	37	50
678	38	70
678	39	40
678	40	70
679	1	0
679	2	20
679	3	80
679	4	60
679	5	80
679	6	100
679	7	10
679	8	80
679	9	70
679	10	60
679	11	80
679	12	50
679	13	10
679	14	60
679	15	90
679	16	20
679	17	10
679	18	50
679	19	50
679	20	70
679	21	40
679	22	70
679	23	60
679	24	50
679	25	70
679	26	70
679	27	30
679	28	80
679	29	10
679	30	60
679	31	70
679	32	70
679	33	50
679	34	20
679	35	50
679	36	10
679	37	50
679	38	70
679	39	100
679	40	50
680	1	50
680	2	50
680	3	50
680	4	50
680	5	0
680	6	50
680	7	70
680	8	90
680	9	70
680	10	70
680	11	90
680	12	50
680	13	70
680	14	70
680	15	70
680	16	50
680	17	70
680	18	50
680	19	50
680	20	50
680	21	90
680	22	70
680	23	20
680	24	70
680	25	50
680	26	70
680	27	50
680	28	70
680	29	50
680	30	0
680	31	20
680	32	70
680	33	50
680	34	50
680	35	70
680	36	50
680	37	70
680	38	50
680	39	20
680	40	70
681	1	70
681	2	70
681	3	50
681	4	70
681	5	30
681	6	60
681	7	70
681	8	110
681	9	70
681	10	110
681	11	120
681	12	50
681	13	50
681	14	80
681	15	90
681	16	70
681	17	90
681	18	70
681	19	70
681	20	70
681	21	70
681	22	90
681	23	50
681	24	70
681	25	70
681	26	90
681	27	60
681	28	90
681	29	90
681	30	0
681	31	40
681	32	90
681	33	50
681	34	90
681	35	110
681	36	60
681	37	50
681	38	50
681	39	0
681	40	90
682	1	20
682	2	20
682	3	70
682	4	70
682	5	100
682	6	80
682	7	20
682	8	130
682	9	70
682	10	110
682	11	140
682	12	50
682	13	0
682	14	80
682	15	110
682	16	40
682	17	40
682	18	70
682	19	70
682	20	70
682	21	40
682	22	110
682	23	100
682	24	70
682	25	90
682	26	110
682	27	10
682	28	90
682	29	40
682	30	50
682	31	90
682	32	110
682	33	50
682	34	40
682	35	110
682	36	10
682	37	50
682	38	50
682	39	70
682	40	90
683	1	70
683	2	70
683	3	80
683	4	80
683	5	50
683	6	80
683	7	80
683	8	120
683	9	70
683	10	100
683	11	120
683	12	50
683	13	60
683	14	80
683	15	110
683	16	90
683	17	100
683	18	80
683	19	70
683	20	70
683	21	80
683	22	90
683	23	30
683	24	80
683	25	90
683	26	100
683	27	60
683	28	80
683	29	100
683	30	10
683	31	30
683	32	90
683	33	60
683	34	90
683	35	90
683	36	60
683	37	60
683	38	50
683	39	30
683	40	90
684	1	50
684	2	50
684	3	50
684	4	50
684	5	0
684	6	50
684	7	70
684	8	70
684	9	70
684	10	70
684	11	70
684	12	50
684	13	70
684	14	70
684	15	50
684	16	50
684	17	50
684	18	50
684	19	50
684	20	50
684	21	90
684	22	70
684	23	20
684	24	50
684	25	50
684	26	70
684	27	50
684	28	70
684	29	50
684	30	0
684	31	20
684	32	70
684	33	50
684	34	50
684	35	70
684	36	50
684	37	70
684	38	50
684	39	20
684	40	70
685	1	50
685	2	70
685	3	80
685	4	60
685	5	30
685	6	100
685	7	80
685	8	80
685	9	90
685	10	60
685	11	80
685	12	50
685	13	80
685	14	80
685	15	90
685	16	70
685	17	60
685	18	60
685	19	50
685	20	70
685	21	120
685	22	70
685	23	10
685	24	60
685	25	70
685	26	80
685	27	80
685	28	80
685	29	60
685	30	10
685	31	30
685	32	70
685	33	60
685	34	70
685	35	50
685	36	60
685	37	80
685	38	70
685	39	70
685	40	70
686	1	0
686	2	20
686	3	90
686	4	70
686	5	80
686	6	120
686	7	0
686	8	70
686	9	70
686	10	70
686	11	80
686	12	50
686	13	0
686	14	60
686	15	90
686	16	20
686	17	0
686	18	50
686	19	50
686	20	70
686	21	40
686	22	70
686	23	60
686	24	50
686	25	70
686	26	70
686	27	30
686	28	90
686	29	0
686	30	50
686	31	70
686	32	70
686	33	50
686	34	20
686	35	50
686	36	10
686	37	50
686	38	70
686	39	90
686	40	50
687	1	70
687	2	70
687	3	90
687	4	90
687	5	40
687	6	90
687	7	90
687	8	110
687	9	90
687	10	130
687	11	110
687	12	50
687	13	70
687	14	90
687	15	90
687	16	90
687	17	70
687	18	70
687	19	70
687	20	70
687	21	110
687	22	110
687	23	40
687	24	50
687	25	90
687	26	110
687	27	50
687	28	110
687	29	90
687	30	0
687	31	40
687	32	110
687	33	50
687	34	90
687	35	110
687	36	50
687	37	70
687	38	50
687	39	40
687	40	110
688	1	50
688	2	50
688	3	80
688	4	80
688	5	30
688	6	80
688	7	100
688	8	120
688	9	70
688	10	100
688	11	120
688	12	50
688	13	80
688	14	100
688	15	70
688	16	70
688	17	80
688	18	50
688	19	70
688	20	70
688	21	110
688	22	110
688	23	50
688	24	50
688	25	90
688	26	90
688	27	60
688	28	100
688	29	80
688	30	10
688	31	40
688	32	90
688	33	50
688	34	70
688	35	90
688	36	60
688	37	70
688	38	50
688	39	50
688	40	90
689	1	50
689	2	50
689	3	80
689	4	80
689	5	30
689	6	80
689	7	80
689	8	100
689	9	50
689	10	80
689	11	100
689	12	50
689	13	60
689	14	80
689	15	70
689	16	70
689	17	80
689	18	60
689	19	70
689	20	70
689	21	80
689	22	90
689	23	30
689	24	60
689	25	90
689	26	80
689	27	60
689	28	80
689	29	80
689	30	10
689	31	30
689	32	70
689	33	60
689	34	70
689	35	70
689	36	60
689	37	60
689	38	50
689	39	30
689	40	70
690	1	0
690	2	0
690	3	60
690	4	80
690	5	60
690	6	60
690	7	50
690	8	100
690	9	70
690	10	100
690	11	100
690	12	50
690	13	30
690	14	100
690	15	50
690	16	0
690	17	30
690	18	50
690	19	90
690	20	70
690	21	40
690	22	90
690	23	100
690	24	50
690	25	70
690	26	70
690	27	30
690	28	100
690	29	50
690	30	60
690	31	90
690	32	90
690	33	70
690	34	20
690	35	90
690	36	10
690	37	70
690	38	50
690	39	80
690	40	90
691	1	70
691	2	70
691	3	50
691	4	70
691	5	50
691	6	60
691	7	70
691	8	110
691	9	70
691	10	110
691	11	120
691	12	50
691	13	50
691	14	80
691	15	90
691	16	70
691	17	90
691	18	70
691	19	70
691	20	90
691	21	70
691	22	90
691	23	70
691	24	70
691	25	90
691	26	110
691	27	60
691	28	90
691	29	90
691	30	0
691	31	60
691	32	90
691	33	50
691	34	90
691	35	110
691	36	80
691	37	50
691	38	70
691	39	0
691	40	90
692	1	0
692	2	0
692	3	60
692	4	80
692	5	60
692	6	60
692	7	50
692	8	80
692	9	70
692	10	80
692	11	80
692	12	50
692	13	30
692	14	100
692	15	50
692	16	0
692	17	30
692	18	50
692	19	90
692	20	70
692	21	20
692	22	70
692	23	80
692	24	50
692	25	70
692	26	50
692	27	30
692	28	80
692	29	50
692	30	60
692	31	70
692	32	70
692	33	70
692	34	20
692	35	70
692	36	10
692	37	70
692	38	50
692	39	80
692	40	90
693	1	0
693	2	0
693	3	50
693	4	50
693	5	80
693	6	60
693	7	0
693	8	70
693	9	50
693	10	50
693	11	80
693	12	50
693	13	0
693	14	60
693	15	70
693	16	0
693	17	20
693	18	50
693	19	50
693	20	70
693	21	0
693	22	50
693	23	80
693	24	70
693	25	70
693	26	70
693	27	10
693	28	50
693	29	0
693	30	50
693	31	70
693	32	50
693	33	50
693	34	0
693	35	50
693	36	30
693	37	50
693	38	70
693	39	50
693	40	50
694	1	70
694	2	70
694	3	70
694	4	50
694	5	40
694	6	70
694	7	50
694	8	90
694	9	70
694	10	70
694	11	90
694	12	50
694	13	50
694	14	50
694	15	110
694	16	90
694	17	70
694	18	70
694	19	50
694	20	50
694	21	70
694	22	70
694	23	0
694	24	70
694	25	70
694	26	90
694	27	50
694	28	50
694	29	70
694	30	0
694	31	0
694	32	90
694	33	50
694	34	70
694	35	70
694	36	50
694	37	50
694	38	50
694	39	20
694	40	70
695	1	40
695	2	60
695	3	80
695	4	80
695	5	80
695	6	100
695	7	10
695	8	80
695	9	90
695	10	120
695	11	80
695	12	70
695	13	10
695	14	60
695	15	90
695	16	40
695	17	10
695	18	90
695	19	50
695	20	70
695	21	40
695	22	90
695	23	80
695	24	50
695	25	50
695	26	90
695	27	30
695	28	120
695	29	30
695	30	80
695	31	90
695	32	90
695	33	50
695	34	60
695	35	110
695	36	10
695	37	50
695	38	70
695	39	80
695	40	70
696	1	20
696	2	40
696	3	90
696	4	90
696	5	90
696	6	110
696	7	20
696	8	110
696	9	90
696	10	130
696	11	110
696	12	50
696	13	0
696	14	70
696	15	110
696	16	40
696	17	20
696	18	70
696	19	70
696	20	90
696	21	60
696	22	110
696	23	90
696	24	50
696	25	90
696	26	110
696	27	20
696	28	130
696	29	40
696	30	50
696	31	110
696	32	110
696	33	50
696	34	60
696	35	110
696	36	0
696	37	50
696	38	70
696	39	90
696	40	90
697	1	20
697	2	40
697	3	80
697	4	80
697	5	80
697	6	100
697	7	30
697	8	80
697	9	110
697	10	120
697	11	80
697	12	50
697	13	30
697	14	80
697	15	90
697	16	20
697	17	10
697	18	70
697	19	50
697	20	70
697	21	60
697	22	70
697	23	80
697	24	50
697	25	50
697	26	90
697	27	30
697	28	120
697	29	30
697	30	60
697	31	90
697	32	90
697	33	50
697	34	40
697	35	90
697	36	10
697	37	70
697	38	70
697	39	100
697	40	90
698	1	70
698	2	90
698	3	70
698	4	50
698	5	70
698	6	100
698	7	50
698	8	90
698	9	90
698	10	70
698	11	100
698	12	50
698	13	50
698	14	60
698	15	130
698	16	90
698	17	70
698	18	70
698	19	50
698	20	90
698	21	90
698	22	70
698	23	30
698	24	70
698	25	90
698	26	110
698	27	80
698	28	70
698	29	70
698	30	0
698	31	40
698	32	90
698	33	50
698	34	90
698	35	70
698	36	80
698	37	50
698	38	90
698	39	40
698	40	70
699	1	70
699	2	70
699	3	100
699	4	100
699	5	30
699	6	100
699	7	80
699	8	120
699	9	50
699	10	120
699	11	120
699	12	70
699	13	60
699	14	80
699	15	70
699	16	90
699	17	80
699	18	80
699	19	70
699	20	70
699	21	100
699	22	130
699	23	50
699	24	60
699	25	90
699	26	100
699	27	60
699	28	120
699	29	80
699	30	30
699	31	50
699	32	90
699	33	60
699	34	90
699	35	110
699	36	60
699	37	60
699	38	50
699	39	30
699	40	70
700	1	50
700	2	70
700	3	100
700	4	80
700	5	30
700	6	120
700	7	60
700	8	80
700	9	70
700	10	80
700	11	80
700	12	50
700	13	60
700	14	60
700	15	90
700	16	70
700	17	60
700	18	60
700	19	50
700	20	70
700	21	100
700	22	70
700	23	10
700	24	60
700	25	70
700	26	80
700	27	80
700	28	100
700	29	60
700	30	10
700	31	30
700	32	70
700	33	60
700	34	70
700	35	50
700	36	60
700	37	60
700	38	70
700	39	50
700	40	50
701	1	0
701	2	0
701	3	60
701	4	80
701	5	60
701	6	60
701	7	50
701	8	100
701	9	70
701	10	100
701	11	100
701	12	50
701	13	30
701	14	100
701	15	50
701	16	0
701	17	30
701	18	50
701	19	90
701	20	70
701	21	40
701	22	90
701	23	100
701	24	50
701	25	70
701	26	70
701	27	30
701	28	100
701	29	50
701	30	60
701	31	90
701	32	90
701	33	70
701	34	20
701	35	90
701	36	10
701	37	70
701	38	50
701	39	80
701	40	90
702	1	70
702	2	70
702	3	80
702	4	80
702	5	50
702	6	80
702	7	100
702	8	120
702	9	90
702	10	120
702	11	120
702	12	50
702	13	80
702	14	100
702	15	90
702	16	90
702	17	80
702	18	70
702	19	70
702	20	70
702	21	110
702	22	110
702	23	50
702	24	50
702	25	90
702	26	110
702	27	60
702	28	100
702	29	100
702	30	10
702	31	40
702	32	110
702	33	50
702	34	90
702	35	110
702	36	60
702	37	70
702	38	50
702	39	50
702	40	110
703	1	20
703	2	40
703	3	70
703	4	70
703	5	100
703	6	100
703	7	40
703	8	110
703	9	110
703	10	110
703	11	120
703	12	50
703	13	20
703	14	100
703	15	110
703	16	40
703	17	20
703	18	70
703	19	70
703	20	90
703	21	80
703	22	110
703	23	100
703	24	50
703	25	90
703	26	110
703	27	30
703	28	110
703	29	40
703	30	50
703	31	110
703	32	110
703	33	50
703	34	60
703	35	110
703	36	10
703	37	70
703	38	70
703	39	110
703	40	110
704	1	50
704	2	70
704	3	100
704	4	80
704	5	30
704	6	120
704	7	60
704	8	100
704	9	70
704	10	100
704	11	100
704	12	50
704	13	60
704	14	60
704	15	90
704	16	70
704	17	60
704	18	60
704	19	50
704	20	70
704	21	120
704	22	90
704	23	30
704	24	60
704	25	70
704	26	100
704	27	80
704	28	120
704	29	60
704	30	10
704	31	50
704	32	90
704	33	60
704	34	70
704	35	70
704	36	60
704	37	60
704	38	70
704	39	50
704	40	50
705	1	90
705	2	90
705	3	80
705	4	100
705	5	30
705	6	80
705	7	80
705	8	80
705	9	70
705	10	120
705	11	80
705	12	70
705	13	60
705	14	80
705	15	70
705	16	90
705	17	80
705	18	90
705	19	70
705	20	70
705	21	50
705	22	90
705	23	30
705	24	50
705	25	70
705	26	70
705	27	60
705	28	100
705	29	100
705	30	30
705	31	20
705	32	70
705	33	50
705	34	110
705	35	110
705	36	60
705	37	50
705	38	50
705	39	10
705	40	90
706	1	70
706	2	90
706	3	90
706	4	70
706	5	30
706	6	120
706	7	50
706	8	90
706	9	70
706	10	90
706	11	100
706	12	70
706	13	50
706	14	60
706	15	90
706	16	90
706	17	50
706	18	70
706	19	50
706	20	70
706	21	110
706	22	110
706	23	30
706	24	50
706	25	70
706	26	90
706	27	80
706	28	110
706	29	50
706	30	20
706	31	40
706	32	90
706	33	50
706	34	90
706	35	90
706	36	60
706	37	50
706	38	70
706	39	40
706	40	50
707	1	70
707	2	90
707	3	60
707	4	80
707	5	30
707	6	80
707	7	100
707	8	100
707	9	110
707	10	120
707	11	100
707	12	50
707	13	80
707	14	100
707	15	90
707	16	70
707	17	80
707	18	70
707	19	70
707	20	90
707	21	110
707	22	90
707	23	50
707	24	50
707	25	70
707	26	90
707	27	80
707	28	120
707	29	100
707	30	10
707	31	60
707	32	90
707	33	50
707	34	110
707	35	110
707	36	60
707	37	70
707	38	70
707	39	50
707	40	110
708	1	0
708	2	0
708	3	100
708	4	100
708	5	80
708	6	100
708	7	30
708	8	120
708	9	50
708	10	120
708	11	120
708	12	50
708	13	10
708	14	80
708	15	70
708	16	20
708	17	30
708	18	50
708	19	70
708	20	70
708	21	40
708	22	110
708	23	100
708	24	50
708	25	90
708	26	90
708	27	10
708	28	120
708	29	30
708	30	60
708	31	90
708	32	90
708	33	50
708	34	20
708	35	90
708	36	10
708	37	50
708	38	50
708	39	80
708	40	70
709	1	70
709	2	90
709	3	80
709	4	60
709	5	70
709	6	100
709	7	60
709	8	100
709	9	90
709	10	80
709	11	100
709	12	50
709	13	60
709	14	60
709	15	130
709	16	90
709	17	80
709	18	70
709	19	50
709	20	90
709	21	90
709	22	70
709	23	30
709	24	70
709	25	90
709	26	110
709	27	80
709	28	80
709	29	80
709	30	10
709	31	40
709	32	90
709	33	50
709	34	90
709	35	70
709	36	80
709	37	50
709	38	90
709	39	50
709	40	70
710	1	40
710	2	40
710	3	90
710	4	70
710	5	90
710	6	90
710	7	0
710	8	90
710	9	70
710	10	110
710	11	90
710	12	70
710	13	0
710	14	50
710	15	90
710	16	60
710	17	0
710	18	90
710	19	50
710	20	50
710	21	40
710	22	110
710	23	70
710	24	50
710	25	70
710	26	110
710	27	0
710	28	90
710	29	20
710	30	70
710	31	70
710	32	110
710	33	50
710	34	40
710	35	110
710	36	0
710	37	50
710	38	50
710	39	70
710	40	70
711	1	70
711	2	70
711	3	80
711	4	100
711	5	30
711	6	80
711	7	100
711	8	80
711	9	90
711	10	120
711	11	80
711	12	50
711	13	80
711	14	100
711	15	70
711	16	70
711	17	80
711	18	80
711	19	70
711	20	70
711	21	80
711	22	70
711	23	30
711	24	60
711	25	70
711	26	80
711	27	60
711	28	100
711	29	100
711	30	10
711	31	30
711	32	70
711	33	60
711	34	90
711	35	90
711	36	60
711	37	80
711	38	50
711	39	30
711	40	110
712	1	70
712	2	70
712	3	80
712	4	80
712	5	50
712	6	80
712	7	80
712	8	120
712	9	70
712	10	100
712	11	120
712	12	50
712	13	60
712	14	80
712	15	110
712	16	90
712	17	100
712	18	70
712	19	70
712	20	70
712	21	70
712	22	90
712	23	30
712	24	70
712	25	90
712	26	90
712	27	60
712	28	80
712	29	100
712	30	10
712	31	20
712	32	90
712	33	50
712	34	90
712	35	90
712	36	60
712	37	50
712	38	50
712	39	30
712	40	90
713	1	70
713	2	90
713	3	100
713	4	100
713	5	50
713	6	120
713	7	80
713	8	120
713	9	90
713	10	140
713	11	120
713	12	50
713	13	60
713	14	80
713	15	110
713	16	90
713	17	80
713	18	70
713	19	70
713	20	90
713	21	110
713	22	110
713	23	50
713	24	50
713	25	90
713	26	110
713	27	80
713	28	140
713	29	100
713	30	10
713	31	60
713	32	110
713	33	50
713	34	110
713	35	110
713	36	60
713	37	50
713	38	70
713	39	50
713	40	90
714	1	0
714	2	20
714	3	50
714	4	50
714	5	50
714	6	70
714	7	0
714	8	70
714	9	70
714	10	50
714	11	70
714	12	50
714	13	0
714	14	50
714	15	90
714	16	0
714	17	20
714	18	50
714	19	50
714	20	70
714	21	20
714	22	50
714	23	50
714	24	70
714	25	50
714	26	50
714	27	20
714	28	70
714	29	0
714	30	50
714	31	70
714	32	50
714	33	50
714	34	20
714	35	50
714	36	0
714	37	50
714	38	70
714	39	70
714	40	50
715	1	70
715	2	90
715	3	70
715	4	70
715	5	50
715	6	100
715	7	90
715	8	110
715	9	110
715	10	90
715	11	120
715	12	50
715	13	70
715	14	100
715	15	130
715	16	90
715	17	90
715	18	70
715	19	70
715	20	90
715	21	110
715	22	90
715	23	30
715	24	70
715	25	90
715	26	90
715	27	80
715	28	90
715	29	90
715	30	0
715	31	40
715	32	90
715	33	50
715	34	110
715	35	90
715	36	60
715	37	70
715	38	70
715	39	60
715	40	110
716	1	20
716	2	40
716	3	90
716	4	70
716	5	90
716	6	110
716	7	0
716	8	90
716	9	90
716	10	110
716	11	90
716	12	50
716	13	0
716	14	50
716	15	110
716	16	40
716	17	0
716	18	70
716	19	50
716	20	70
716	21	60
716	22	90
716	23	70
716	24	50
716	25	70
716	26	110
716	27	20
716	28	110
716	29	20
716	30	50
716	31	90
716	32	110
716	33	50
716	34	40
716	35	90
716	36	0
716	37	50
716	38	70
716	39	90
716	40	70
717	1	50
717	2	70
717	3	70
717	4	70
717	5	30
717	6	100
717	7	90
717	8	90
717	9	90
717	10	70
717	11	100
717	12	50
717	13	70
717	14	100
717	15	90
717	16	70
717	17	70
717	18	50
717	19	70
717	20	90
717	21	110
717	22	90
717	23	30
717	24	50
717	25	90
717	26	70
717	27	80
717	28	90
717	29	70
717	30	0
717	31	40
717	32	70
717	33	50
717	34	90
717	35	70
717	36	60
717	37	70
717	38	70
717	39	60
717	40	90
718	1	70
718	2	90
718	3	90
718	4	70
718	5	40
718	6	110
718	7	50
718	8	70
718	9	90
718	10	90
718	11	70
718	12	50
718	13	50
718	14	50
718	15	110
718	16	90
718	17	50
718	18	70
718	19	50
718	20	70
718	21	90
718	22	70
718	23	0
718	24	50
718	25	70
718	26	90
718	27	70
718	28	90
718	29	70
718	30	0
718	31	20
718	32	90
718	33	50
718	34	90
718	35	70
718	36	50
718	37	50
718	38	70
718	39	40
718	40	70
719	1	70
719	2	90
719	3	50
719	4	70
719	5	20
719	6	70
719	7	90
719	8	110
719	9	110
719	10	110
719	11	110
719	12	50
719	13	70
719	14	90
719	15	110
719	16	70
719	17	90
719	18	70
719	19	70
719	20	90
719	21	110
719	22	90
719	23	40
719	24	70
719	25	70
719	26	90
719	27	70
719	28	110
719	29	90
719	30	0
719	31	60
719	32	90
719	33	50
719	34	110
719	35	110
719	36	50
719	37	70
719	38	70
719	39	40
719	40	110
720	1	0
720	2	0
720	3	70
720	4	70
720	5	80
720	6	80
720	7	40
720	8	110
720	9	70
720	10	90
720	11	120
720	12	50
720	13	20
720	14	100
720	15	70
720	16	20
720	17	20
720	18	50
720	19	70
720	20	70
720	21	60
720	22	110
720	23	100
720	24	50
720	25	90
720	26	90
720	27	10
720	28	90
720	29	20
720	30	50
720	31	90
720	32	90
720	33	50
720	34	20
720	35	90
720	36	10
720	37	70
720	38	50
720	39	90
720	40	90
721	1	50
721	2	70
721	3	70
721	4	70
721	5	30
721	6	100
721	7	90
721	8	130
721	9	90
721	10	90
721	11	140
721	12	50
721	13	70
721	14	100
721	15	110
721	16	70
721	17	90
721	18	50
721	19	70
721	20	90
721	21	130
721	22	110
721	23	50
721	24	70
721	25	90
721	26	90
721	27	80
721	28	110
721	29	70
721	30	0
721	31	60
721	32	90
721	33	50
721	34	90
721	35	90
721	36	60
721	37	70
721	38	70
721	39	60
721	40	90
722	1	0
722	2	20
722	3	70
722	4	50
722	5	70
722	6	90
722	7	0
722	8	70
722	9	70
722	10	50
722	11	70
722	12	50
722	13	0
722	14	50
722	15	90
722	16	20
722	17	0
722	18	50
722	19	50
722	20	70
722	21	40
722	22	70
722	23	50
722	24	50
722	25	70
722	26	70
722	27	20
722	28	70
722	29	0
722	30	50
722	31	70
722	32	70
722	33	50
722	34	20
722	35	50
722	36	0
722	37	50
722	38	70
722	39	90
722	40	50
723	1	20
723	2	40
723	3	50
723	4	70
723	5	90
723	6	70
723	7	20
723	8	110
723	9	90
723	10	110
723	11	110
723	12	50
723	13	0
723	14	70
723	15	110
723	16	20
723	17	40
723	18	70
723	19	70
723	20	110
723	21	40
723	22	90
723	23	110
723	24	70
723	25	90
723	26	110
723	27	20
723	28	110
723	29	40
723	30	50
723	31	130
723	32	90
723	33	50
723	34	60
723	35	110
723	36	20
723	37	50
723	38	90
723	39	70
723	40	90
724	1	70
724	2	70
724	3	70
724	4	70
724	5	10
724	6	80
724	7	50
724	8	70
724	9	50
724	10	90
724	11	80
724	12	70
724	13	50
724	14	60
724	15	50
724	16	70
724	17	50
724	18	70
724	19	50
724	20	50
724	21	70
724	22	90
724	23	30
724	24	50
724	25	50
724	26	70
724	27	60
724	28	90
724	29	50
724	30	20
724	31	20
724	32	70
724	33	50
724	34	70
724	35	90
724	36	60
724	37	50
724	38	50
724	39	0
724	40	50
725	1	20
725	2	20
725	3	50
725	4	50
725	5	70
725	6	50
725	7	20
725	8	50
725	9	90
725	10	70
725	11	50
725	12	50
725	13	20
725	14	70
725	15	70
725	16	20
725	17	0
725	18	70
725	19	50
725	20	50
725	21	20
725	22	50
725	23	50
725	24	50
725	25	50
725	26	70
725	27	0
725	28	50
725	29	20
725	30	50
725	31	50
725	32	70
725	33	50
725	34	20
725	35	70
725	36	0
725	37	70
725	38	50
725	39	70
725	40	90
726	1	20
726	2	20
726	3	70
726	4	70
726	5	50
726	6	70
726	7	0
726	8	50
726	9	50
726	10	70
726	11	50
726	12	70
726	13	0
726	14	50
726	15	50
726	16	20
726	17	0
726	18	70
726	19	50
726	20	50
726	21	0
726	22	70
726	23	50
726	24	50
726	25	50
726	26	50
726	27	0
726	28	70
726	29	0
726	30	70
726	31	50
726	32	50
726	33	50
726	34	20
726	35	70
726	36	0
726	37	50
726	38	50
726	39	50
726	40	50
727	1	70
727	2	90
727	3	80
727	4	80
727	5	70
727	6	100
727	7	80
727	8	140
727	9	90
727	10	120
727	11	140
727	12	50
727	13	60
727	14	80
727	15	130
727	16	90
727	17	100
727	18	80
727	19	70
727	20	110
727	21	120
727	22	110
727	23	70
727	24	80
727	25	110
727	26	140
727	27	80
727	28	120
727	29	100
727	30	10
727	31	90
727	32	110
727	33	60
727	34	110
727	35	110
727	36	80
727	37	60
727	38	90
727	39	50
727	40	90
728	1	50
728	2	50
728	3	80
728	4	60
728	5	30
728	6	80
728	7	80
728	8	80
728	9	70
728	10	60
728	11	80
728	12	50
728	13	80
728	14	80
728	15	70
728	16	70
728	17	60
728	18	50
728	19	50
728	20	50
728	21	90
728	22	70
728	23	10
728	24	50
728	25	70
728	26	70
728	27	60
728	28	60
728	29	60
728	30	10
728	31	0
728	32	70
728	33	50
728	34	50
728	35	50
728	36	60
728	37	70
728	38	50
728	39	50
728	40	70
729	1	70
729	2	90
729	3	50
729	4	50
729	5	20
729	6	70
729	7	70
729	8	70
729	9	110
729	10	90
729	11	70
729	12	50
729	13	70
729	14	70
729	15	90
729	16	70
729	17	50
729	18	70
729	19	50
729	20	70
729	21	110
729	22	70
729	23	20
729	24	50
729	25	50
729	26	90
729	27	70
729	28	90
729	29	70
729	30	0
729	31	40
729	32	90
729	33	50
729	34	90
729	35	90
729	36	50
729	37	70
729	38	70
729	39	40
729	40	90
730	1	20
730	2	20
730	3	90
730	4	90
730	5	80
730	6	100
730	7	20
730	8	90
730	9	50
730	10	90
730	11	100
730	12	70
730	13	0
730	14	80
730	15	70
730	16	40
730	17	20
730	18	70
730	19	70
730	20	70
730	21	20
730	22	110
730	23	80
730	24	50
730	25	90
730	26	70
730	27	10
730	28	90
730	29	20
730	30	70
730	31	70
730	32	70
730	33	50
730	34	40
730	35	90
730	36	10
730	37	50
730	38	50
730	39	70
730	40	70
731	1	20
731	2	40
731	3	60
731	4	60
731	5	80
731	6	80
731	7	10
731	8	100
731	9	90
731	10	100
731	11	100
731	12	50
731	13	10
731	14	60
731	15	110
731	16	20
731	17	30
731	18	70
731	19	50
731	20	70
731	21	40
731	22	70
731	23	80
731	24	70
731	25	50
731	26	90
731	27	30
731	28	100
731	29	30
731	30	60
731	31	90
731	32	90
731	33	50
731	34	40
731	35	90
731	36	10
731	37	50
731	38	70
731	39	80
731	40	70
732	1	0
732	2	20
732	3	60
732	4	80
732	5	60
732	6	80
732	7	30
732	8	100
732	9	70
732	10	80
732	11	100
732	12	50
732	13	10
732	14	80
732	15	90
732	16	0
732	17	50
732	18	50
732	19	70
732	20	90
732	21	20
732	22	70
732	23	80
732	24	70
732	25	70
732	26	50
732	27	30
732	28	100
732	29	30
732	30	60
732	31	90
732	32	50
732	33	50
732	34	40
732	35	70
732	36	10
732	37	50
732	38	70
732	39	80
732	40	70
733	1	50
733	2	50
733	3	50
733	4	70
733	5	10
733	6	60
733	7	90
733	8	90
733	9	70
733	10	90
733	11	100
733	12	50
733	13	70
733	14	100
733	15	50
733	16	50
733	17	70
733	18	50
733	19	90
733	20	70
733	21	90
733	22	90
733	23	50
733	24	50
733	25	70
733	26	70
733	27	80
733	28	90
733	29	90
733	30	0
733	31	40
733	32	90
733	33	70
733	34	70
733	35	90
733	36	60
733	37	70
733	38	50
733	39	20
733	40	90
734	1	20
734	2	20
734	3	70
734	4	70
734	5	50
734	6	70
734	7	0
734	8	70
734	9	50
734	10	90
734	11	70
734	12	70
734	13	0
734	14	50
734	15	50
734	16	20
734	17	0
734	18	70
734	19	50
734	20	50
734	21	20
734	22	90
734	23	70
734	24	50
734	25	50
734	26	70
734	27	0
734	28	90
734	29	0
734	30	70
734	31	70
734	32	70
734	33	50
734	34	20
734	35	90
734	36	0
734	37	50
734	38	50
734	39	50
734	40	50
735	1	0
735	2	20
735	3	60
735	4	60
735	5	60
735	6	80
735	7	30
735	8	60
735	9	90
735	10	60
735	11	60
735	12	50
735	13	30
735	14	80
735	15	70
735	16	0
735	17	10
735	18	50
735	19	50
735	20	70
735	21	40
735	22	50
735	23	60
735	24	50
735	25	50
735	26	50
735	27	30
735	28	80
735	29	10
735	30	60
735	31	70
735	32	50
735	33	50
735	34	20
735	35	50
735	36	10
735	37	70
735	38	70
735	39	100
735	40	70
736	1	70
736	2	90
736	3	70
736	4	70
736	5	10
736	6	100
736	7	50
736	8	50
736	9	70
736	10	70
736	11	60
736	12	70
736	13	50
736	14	60
736	15	70
736	16	70
736	17	50
736	18	70
736	19	50
736	20	70
736	21	70
736	22	70
736	23	10
736	24	50
736	25	50
736	26	50
736	27	80
736	28	90
736	29	50
736	30	20
736	31	20
736	32	50
736	33	50
736	34	90
736	35	70
736	36	60
736	37	50
736	38	70
736	39	20
736	40	50
737	1	50
737	2	50
737	3	80
737	4	80
737	5	10
737	6	80
737	7	80
737	8	60
737	9	70
737	10	80
737	11	60
737	12	50
737	13	80
737	14	80
737	15	50
737	16	50
737	17	60
737	18	50
737	19	50
737	20	50
737	21	70
737	22	50
737	23	10
737	24	50
737	25	50
737	26	50
737	27	60
737	28	80
737	29	60
737	30	10
737	31	0
737	32	50
737	33	50
737	34	50
737	35	50
737	36	60
737	37	70
737	38	50
737	39	30
737	40	70
738	1	70
738	2	90
738	3	80
738	4	80
738	5	70
738	6	100
738	7	80
738	8	120
738	9	90
738	10	100
738	11	120
738	12	50
738	13	60
738	14	80
738	15	130
738	16	90
738	17	100
738	18	80
738	19	70
738	20	110
738	21	100
738	22	90
738	23	50
738	24	80
738	25	110
738	26	120
738	27	80
738	28	100
738	29	100
738	30	10
738	31	70
738	32	90
738	33	60
738	34	110
738	35	90
738	36	80
738	37	60
738	38	90
738	39	50
738	40	90
739	1	20
739	2	40
739	3	80
739	4	60
739	5	100
739	6	100
739	7	30
739	8	100
739	9	110
739	10	100
739	11	100
739	12	50
739	13	30
739	14	80
739	15	110
739	16	40
739	17	10
739	18	70
739	19	70
739	20	70
739	21	80
739	22	90
739	23	80
739	24	50
739	25	70
739	26	110
739	27	50
739	28	100
739	29	50
739	30	60
739	31	90
739	32	130
739	33	70
739	34	40
739	35	90
739	36	10
739	37	70
739	38	70
739	39	120
739	40	90
740	1	70
740	2	70
740	3	60
740	4	60
740	5	30
740	6	60
740	7	80
740	8	80
740	9	90
740	10	100
740	11	80
740	12	50
740	13	80
740	14	80
740	15	70
740	16	70
740	17	60
740	18	80
740	19	50
740	20	50
740	21	100
740	22	70
740	23	30
740	24	60
740	25	50
740	26	100
740	27	60
740	28	80
740	29	80
740	30	10
740	31	30
740	32	90
740	33	60
740	34	70
740	35	90
740	36	60
740	37	80
740	38	50
740	39	30
740	40	90
741	1	0
741	2	0
741	3	80
741	4	80
741	5	60
741	6	80
741	7	30
741	8	60
741	9	70
741	10	80
741	11	60
741	12	50
741	13	30
741	14	80
741	15	50
741	16	0
741	17	10
741	18	50
741	19	50
741	20	50
741	21	20
741	22	50
741	23	60
741	24	50
741	25	50
741	26	50
741	27	10
741	28	80
741	29	10
741	30	60
741	31	50
741	32	50
741	33	50
741	34	0
741	35	50
741	36	10
741	37	70
741	38	50
741	39	80
741	40	70
742	1	70
742	2	70
742	3	100
742	4	80
742	5	50
742	6	100
742	7	80
742	8	100
742	9	90
742	10	120
742	11	100
742	12	50
742	13	80
742	14	80
742	15	90
742	16	90
742	17	60
742	18	70
742	19	50
742	20	50
742	21	110
742	22	90
742	23	30
742	24	50
742	25	70
742	26	110
742	27	60
742	28	100
742	29	80
742	30	10
742	31	20
742	32	110
742	33	50
742	34	70
742	35	90
742	36	60
742	37	70
742	38	50
742	39	50
742	40	90
743	1	50
743	2	50
743	3	80
743	4	60
743	5	30
743	6	80
743	7	60
743	8	100
743	9	50
743	10	60
743	11	100
743	12	50
743	13	60
743	14	60
743	15	90
743	16	70
743	17	80
743	18	60
743	19	50
743	20	50
743	21	80
743	22	70
743	23	10
743	24	80
743	25	70
743	26	80
743	27	60
743	28	60
743	29	60
743	30	10
743	31	10
743	32	70
743	33	60
743	34	50
743	35	50
743	36	60
743	37	60
743	38	50
743	39	30
743	40	50
744	1	50
744	2	50
744	3	90
744	4	70
744	5	20
744	6	90
744	7	50
744	8	70
744	9	50
744	10	70
744	11	70
744	12	50
744	13	50
744	14	50
744	15	70
744	16	70
744	17	50
744	18	50
744	19	50
744	20	50
744	21	70
744	22	70
744	23	0
744	24	50
744	25	70
744	26	70
744	27	50
744	28	70
744	29	50
744	30	0
744	31	0
744	32	70
744	33	50
744	34	50
744	35	50
744	36	50
744	37	50
744	38	50
744	39	20
744	40	50
745	1	20
745	2	20
745	3	70
745	4	50
745	5	100
745	6	80
745	7	20
745	8	70
745	9	90
745	10	70
745	11	80
745	12	50
745	13	20
745	14	80
745	15	90
745	16	40
745	17	0
745	18	70
745	19	70
745	20	50
745	21	40
745	22	70
745	23	60
745	24	50
745	25	70
745	26	90
745	27	30
745	28	50
745	29	40
745	30	50
745	31	50
745	32	110
745	33	70
745	34	20
745	35	70
745	36	10
745	37	70
745	38	50
745	39	90
745	40	90
746	1	20
746	2	20
746	3	50
746	4	50
746	5	70
746	6	50
746	7	0
746	8	90
746	9	70
746	10	90
746	11	90
746	12	50
746	13	0
746	14	50
746	15	90
746	16	20
746	17	20
746	18	70
746	19	50
746	20	50
746	21	20
746	22	70
746	23	70
746	24	70
746	25	50
746	26	90
746	27	0
746	28	70
746	29	20
746	30	50
746	31	70
746	32	90
746	33	50
746	34	20
746	35	90
746	36	0
746	37	50
746	38	50
746	39	50
746	40	70
747	1	20
747	2	40
747	3	50
747	4	70
747	5	70
747	6	70
747	7	40
747	8	90
747	9	110
747	10	110
747	11	90
747	12	50
747	13	20
747	14	90
747	15	90
747	16	20
747	17	20
747	18	70
747	19	70
747	20	90
747	21	60
747	22	90
747	23	90
747	24	50
747	25	70
747	26	90
747	27	20
747	28	110
747	29	40
747	30	50
747	31	110
747	32	90
747	33	50
747	34	60
747	35	110
747	36	0
747	37	70
747	38	70
747	39	90
747	40	110
748	1	50
748	2	70
748	3	70
748	4	50
748	5	30
748	6	100
748	7	50
748	8	110
748	9	70
748	10	70
748	11	120
748	12	50
748	13	50
748	14	60
748	15	110
748	16	70
748	17	70
748	18	50
748	19	50
748	20	70
748	21	110
748	22	90
748	23	30
748	24	70
748	25	70
748	26	90
748	27	80
748	28	90
748	29	50
748	30	0
748	31	40
748	32	90
748	33	50
748	34	70
748	35	70
748	36	60
748	37	50
748	38	70
748	39	40
748	40	50
749	1	90
749	2	110
749	3	70
749	4	90
749	5	30
749	6	100
749	7	70
749	8	90
749	9	90
749	10	130
749	11	100
749	12	70
749	13	50
749	14	80
749	15	90
749	16	90
749	17	70
749	18	90
749	19	70
749	20	90
749	21	90
749	22	110
749	23	50
749	24	50
749	25	70
749	26	90
749	27	80
749	28	130
749	29	90
749	30	20
749	31	60
749	32	90
749	33	50
749	34	130
749	35	130
749	36	60
749	37	50
749	38	70
749	39	20
749	40	90
750	1	20
750	2	40
750	3	80
750	4	100
750	5	80
750	6	100
750	7	50
750	8	100
750	9	110
750	10	140
750	11	100
750	12	50
750	13	30
750	14	100
750	15	90
750	16	20
750	17	30
750	18	70
750	19	70
750	20	90
750	21	60
750	22	90
750	23	100
750	24	50
750	25	70
750	26	90
750	27	30
750	28	140
750	29	50
750	30	60
750	31	110
750	32	90
750	33	50
750	34	60
750	35	110
750	36	10
750	37	70
750	38	70
750	39	100
750	40	110
751	1	90
751	2	90
751	3	70
751	4	70
751	5	20
751	6	70
751	7	50
751	8	70
751	9	70
751	10	110
751	11	70
751	12	70
751	13	50
751	14	50
751	15	70
751	16	90
751	17	50
751	18	90
751	19	50
751	20	50
751	21	70
751	22	90
751	23	20
751	24	50
751	25	50
751	26	90
751	27	50
751	28	90
751	29	70
751	30	20
751	31	20
751	32	90
751	33	50
751	34	90
751	35	110
751	36	50
751	37	50
751	38	50
751	39	0
751	40	70
752	1	0
752	2	0
752	3	100
752	4	100
752	5	80
752	6	100
752	7	50
752	8	100
752	9	70
752	10	100
752	11	100
752	12	50
752	13	30
752	14	100
752	15	70
752	16	20
752	17	30
752	18	60
752	19	70
752	20	70
752	21	50
752	22	90
752	23	80
752	24	60
752	25	90
752	26	80
752	27	10
752	28	100
752	29	30
752	30	60
752	31	80
752	32	70
752	33	60
752	34	20
752	35	70
752	36	10
752	37	80
752	38	50
752	39	100
752	40	90
753	1	50
753	2	50
753	3	60
753	4	60
753	5	10
753	6	60
753	7	80
753	8	80
753	9	70
753	10	60
753	11	80
753	12	50
753	13	80
753	14	80
753	15	70
753	16	50
753	17	80
753	18	60
753	19	50
753	20	50
753	21	80
753	22	50
753	23	10
753	24	80
753	25	50
753	26	60
753	27	60
753	28	60
753	29	60
753	30	10
753	31	10
753	32	50
753	33	60
753	34	50
753	35	50
753	36	60
753	37	80
753	38	50
753	39	30
753	40	70
754	1	90
754	2	90
754	3	100
754	4	80
754	5	50
754	6	100
754	7	60
754	8	80
754	9	70
754	10	100
754	11	80
754	12	70
754	13	60
754	14	60
754	15	90
754	16	110
754	17	60
754	18	100
754	19	50
754	20	50
754	21	80
754	22	90
754	23	10
754	24	60
754	25	70
754	26	100
754	27	60
754	28	80
754	29	80
754	30	30
754	31	10
754	32	90
754	33	60
754	34	90
754	35	90
754	36	60
754	37	60
754	38	50
754	39	30
754	40	70
755	1	70
755	2	90
755	3	50
755	4	50
755	5	30
755	6	80
755	7	70
755	8	50
755	9	110
755	10	70
755	11	60
755	12	50
755	13	70
755	14	80
755	15	90
755	16	70
755	17	50
755	18	70
755	19	50
755	20	70
755	21	90
755	22	50
755	23	10
755	24	50
755	25	50
755	26	70
755	27	80
755	28	70
755	29	70
755	30	0
755	31	20
755	32	70
755	33	50
755	34	90
755	35	70
755	36	60
755	37	70
755	38	70
755	39	40
755	40	90
756	1	50
756	2	50
756	3	80
756	4	100
756	5	10
756	6	80
756	7	100
756	8	100
756	9	70
756	10	120
756	11	100
756	12	50
756	13	80
756	14	100
756	15	50
756	16	50
756	17	80
756	18	60
756	19	70
756	20	70
756	21	100
756	22	90
756	23	50
756	24	60
756	25	70
756	26	80
756	27	60
756	28	120
756	29	80
756	30	10
756	31	50
756	32	70
756	33	60
756	34	70
756	35	90
756	36	60
756	37	80
756	38	50
756	39	30
756	40	90
757	1	70
757	2	90
757	3	80
757	4	60
757	5	50
757	6	100
757	7	80
757	8	80
757	9	110
757	10	80
757	11	80
757	12	50
757	13	80
757	14	80
757	15	110
757	16	90
757	17	60
757	18	80
757	19	50
757	20	70
757	21	120
757	22	70
757	23	10
757	24	60
757	25	70
757	26	100
757	27	80
757	28	80
757	29	80
757	30	10
757	31	30
757	32	90
757	33	60
757	34	90
757	35	70
757	36	60
757	37	80
757	38	70
757	39	70
757	40	90
758	1	20
758	2	40
758	3	50
758	4	70
758	5	70
758	6	70
758	7	40
758	8	90
758	9	110
758	10	110
758	11	90
758	12	50
758	13	20
758	14	90
758	15	90
758	16	20
758	17	20
758	18	70
758	19	90
758	20	90
758	21	60
758	22	90
758	23	90
758	24	50
758	25	70
758	26	90
758	27	40
758	28	110
758	29	60
758	30	50
758	31	110
758	32	110
758	33	70
758	34	60
758	35	110
758	36	0
758	37	70
758	38	70
758	39	90
758	40	110
759	1	50
759	2	70
759	3	80
759	4	60
759	5	50
759	6	100
759	7	60
759	8	120
759	9	70
759	10	80
759	11	120
759	12	50
759	13	60
759	14	60
759	15	110
759	16	70
759	17	80
759	18	50
759	19	50
759	20	90
759	21	110
759	22	90
759	23	50
759	24	70
759	25	90
759	26	110
759	27	80
759	28	100
759	29	60
759	30	10
759	31	60
759	32	90
759	33	50
759	34	70
759	35	70
759	36	80
759	37	50
759	38	90
759	39	50
759	40	50
760	1	20
760	2	40
760	3	50
760	4	70
760	5	70
760	6	70
760	7	20
760	8	90
760	9	90
760	10	110
760	11	90
760	12	50
760	13	0
760	14	70
760	15	90
760	16	20
760	17	20
760	18	70
760	19	70
760	20	90
760	21	40
760	22	90
760	23	90
760	24	50
760	25	70
760	26	90
760	27	20
760	28	110
760	29	40
760	30	50
760	31	110
760	32	90
760	33	50
760	34	60
760	35	110
760	36	0
760	37	50
760	38	70
760	39	70
760	40	90
761	1	20
761	2	40
761	3	80
761	4	80
761	5	100
761	6	100
761	7	30
761	8	100
761	9	90
761	10	100
761	11	100
761	12	50
761	13	10
761	14	80
761	15	110
761	16	40
761	17	30
761	18	80
761	19	70
761	20	90
761	21	50
761	22	90
761	23	80
761	24	60
761	25	90
761	26	100
761	27	30
761	28	100
761	29	50
761	30	60
761	31	100
761	32	90
761	33	60
761	34	60
761	35	90
761	36	10
761	37	60
761	38	70
761	39	100
761	40	90
762	1	50
762	2	70
762	3	80
762	4	60
762	5	30
762	6	100
762	7	60
762	8	80
762	9	70
762	10	60
762	11	80
762	12	50
762	13	60
762	14	60
762	15	90
762	16	70
762	17	60
762	18	50
762	19	50
762	20	70
762	21	90
762	22	70
762	23	10
762	24	50
762	25	70
762	26	70
762	27	80
762	28	80
762	29	60
762	30	10
762	31	20
762	32	70
762	33	50
762	34	70
762	35	50
762	36	60
762	37	50
762	38	70
762	39	50
762	40	50
763	1	0
763	2	0
763	3	50
763	4	50
763	5	60
763	6	60
763	7	20
763	8	50
763	9	70
763	10	50
763	11	60
763	12	50
763	13	20
763	14	80
763	15	50
763	16	0
763	17	0
763	18	50
763	19	70
763	20	50
763	21	20
763	22	50
763	23	60
763	24	50
763	25	50
763	26	50
763	27	30
763	28	50
763	29	20
763	30	50
763	31	50
763	32	70
763	33	70
763	34	0
763	35	50
763	36	10
763	37	70
763	38	50
763	39	70
763	40	70
764	1	70
764	2	90
764	3	80
764	4	80
764	5	50
764	6	100
764	7	80
764	8	100
764	9	90
764	10	100
764	11	100
764	12	50
764	13	60
764	14	80
764	15	110
764	16	90
764	17	80
764	18	80
764	19	70
764	20	90
764	21	100
764	22	90
764	23	30
764	24	60
764	25	90
764	26	100
764	27	80
764	28	100
764	29	100
764	30	10
764	31	50
764	32	90
764	33	60
764	34	110
764	35	90
764	36	60
764	37	60
764	38	70
764	39	50
764	40	90
765	1	70
765	2	90
765	3	70
765	4	70
765	5	50
765	6	100
765	7	90
765	8	110
765	9	110
765	10	90
765	11	120
765	12	50
765	13	70
765	14	100
765	15	130
765	16	90
765	17	90
765	18	70
765	19	70
765	20	90
765	21	110
765	22	90
765	23	30
765	24	70
765	25	90
765	26	90
765	27	80
765	28	90
765	29	90
765	30	0
765	31	40
765	32	90
765	33	50
765	34	110
765	35	90
765	36	60
765	37	70
765	38	70
765	39	60
765	40	110
766	1	50
766	2	70
766	3	80
766	4	80
766	5	30
766	6	100
766	7	100
766	8	100
766	9	90
766	10	80
766	11	100
766	12	50
766	13	80
766	14	100
766	15	90
766	16	70
766	17	80
766	18	60
766	19	90
766	20	90
766	21	120
766	22	90
766	23	30
766	24	60
766	25	90
766	26	80
766	27	100
766	28	100
766	29	100
766	30	10
766	31	50
766	32	90
766	33	80
766	34	90
766	35	70
766	36	60
766	37	80
766	38	70
766	39	70
766	40	90
767	1	50
767	2	50
767	3	60
767	4	80
767	5	10
767	6	60
767	7	100
767	8	100
767	9	70
767	10	100
767	11	100
767	12	50
767	13	80
767	14	100
767	15	50
767	16	50
767	17	80
767	18	60
767	19	90
767	20	70
767	21	100
767	22	90
767	23	50
767	24	60
767	25	70
767	26	80
767	27	80
767	28	100
767	29	100
767	30	10
767	31	50
767	32	90
767	33	80
767	34	70
767	35	90
767	36	60
767	37	80
767	38	50
767	39	30
767	40	90
768	1	0
768	2	20
768	3	60
768	4	80
768	5	60
768	6	80
768	7	50
768	8	100
768	9	90
768	10	100
768	11	100
768	12	50
768	13	30
768	14	100
768	15	70
768	16	0
768	17	30
768	18	60
768	19	90
768	20	90
768	21	70
768	22	90
768	23	100
768	24	60
768	25	70
768	26	80
768	27	50
768	28	120
768	29	50
768	30	60
768	31	120
768	32	90
768	33	80
768	34	40
768	35	90
768	36	10
768	37	80
768	38	70
768	39	100
768	40	90
769	1	50
769	2	50
769	3	60
769	4	60
769	5	30
769	6	60
769	7	60
769	8	100
769	9	50
769	10	80
769	11	100
769	12	50
769	13	60
769	14	60
769	15	70
769	16	50
769	17	80
769	18	50
769	19	50
769	20	70
769	21	70
769	22	70
769	23	50
769	24	70
769	25	70
769	26	90
769	27	60
769	28	80
769	29	60
769	30	10
769	31	40
769	32	70
769	33	50
769	34	50
769	35	70
769	36	80
769	37	50
769	38	70
769	39	10
769	40	50
770	1	20
770	2	40
770	3	80
770	4	60
770	5	100
770	6	100
770	7	30
770	8	100
770	9	110
770	10	80
770	11	100
770	12	50
770	13	30
770	14	80
770	15	130
770	16	40
770	17	30
770	18	70
770	19	50
770	20	70
770	21	60
770	22	70
770	23	60
770	24	70
770	25	70
770	26	90
770	27	30
770	28	80
770	29	30
770	30	60
770	31	70
770	32	90
770	33	50
770	34	40
770	35	70
770	36	10
770	37	70
770	38	70
770	39	120
770	40	90
771	1	50
771	2	50
771	3	50
771	4	50
771	5	0
771	6	50
771	7	70
771	8	50
771	9	70
771	10	50
771	11	50
771	12	50
771	13	70
771	14	70
771	15	50
771	16	50
771	17	50
771	18	50
771	19	70
771	20	50
771	21	70
771	22	50
771	23	0
771	24	50
771	25	50
771	26	50
771	27	70
771	28	50
771	29	70
771	30	0
771	31	0
771	32	70
771	33	70
771	34	50
771	35	50
771	36	50
771	37	70
771	38	50
771	39	20
771	40	70
772	1	20
772	2	40
772	3	90
772	4	70
772	5	100
772	6	120
772	7	20
772	8	70
772	9	110
772	10	90
772	11	80
772	12	50
772	13	20
772	14	80
772	15	110
772	16	40
772	17	0
772	18	70
772	19	50
772	20	70
772	21	60
772	22	70
772	23	60
772	24	50
772	25	70
772	26	90
772	27	30
772	28	90
772	29	20
772	30	50
772	31	70
772	32	90
772	33	50
772	34	40
772	35	70
772	36	10
772	37	70
772	38	70
772	39	110
772	40	90
773	1	50
773	2	50
773	3	50
773	4	50
773	5	10
773	6	60
773	7	70
773	8	70
773	9	70
773	10	70
773	11	80
773	12	50
773	13	70
773	14	80
773	15	50
773	16	50
773	17	50
773	18	50
773	19	50
773	20	50
773	21	90
773	22	70
773	23	30
773	24	50
773	25	50
773	26	70
773	27	60
773	28	70
773	29	50
773	30	0
773	31	20
773	32	70
773	33	50
773	34	50
773	35	70
773	36	60
773	37	70
773	38	50
773	39	20
773	40	70
774	1	70
774	2	90
774	3	50
774	4	70
774	5	30
774	6	80
774	7	90
774	8	110
774	9	110
774	10	110
774	11	120
774	12	50
774	13	70
774	14	100
774	15	110
774	16	70
774	17	90
774	18	70
774	19	70
774	20	90
774	21	110
774	22	90
774	23	50
774	24	70
774	25	70
774	26	90
774	27	80
774	28	110
774	29	90
774	30	0
774	31	60
774	32	90
774	33	50
774	34	110
774	35	110
774	36	60
774	37	70
774	38	70
774	39	40
774	40	110
775	1	70
775	2	70
775	3	100
775	4	80
775	5	50
775	6	100
775	7	60
775	8	100
775	9	70
775	10	120
775	11	100
775	12	50
775	13	60
775	14	60
775	15	90
775	16	90
775	17	60
775	18	80
775	19	50
775	20	50
775	21	100
775	22	90
775	23	30
775	24	60
775	25	70
775	26	120
775	27	60
775	28	100
775	29	80
775	30	10
775	31	30
775	32	110
775	33	60
775	34	70
775	35	90
775	36	60
775	37	60
775	38	50
775	39	30
775	40	70
776	1	20
776	2	40
776	3	60
776	4	60
776	5	80
776	6	80
776	7	30
776	8	60
776	9	110
776	10	80
776	11	60
776	12	50
776	13	30
776	14	80
776	15	90
776	16	20
776	17	10
776	18	80
776	19	50
776	20	70
776	21	50
776	22	50
776	23	60
776	24	60
776	25	50
776	26	80
776	27	30
776	28	80
776	29	30
776	30	60
776	31	80
776	32	70
776	33	60
776	34	40
776	35	70
776	36	10
776	37	80
776	38	70
776	39	100
776	40	90
777	1	70
777	2	70
777	3	100
777	4	100
777	5	50
777	6	100
777	7	80
777	8	100
777	9	70
777	10	120
777	11	100
777	12	50
777	13	60
777	14	80
777	15	90
777	16	90
777	17	80
777	18	70
777	19	70
777	20	70
777	21	70
777	22	90
777	23	30
777	24	50
777	25	90
777	26	90
777	27	60
777	28	100
777	29	100
777	30	10
777	31	20
777	32	90
777	33	50
777	34	90
777	35	90
777	36	60
777	37	50
777	38	50
777	39	30
777	40	90
778	1	50
778	2	50
778	3	80
778	4	80
778	5	10
778	6	80
778	7	80
778	8	60
778	9	70
778	10	80
778	11	60
778	12	50
778	13	80
778	14	80
778	15	50
778	16	50
778	17	60
778	18	50
778	19	50
778	20	50
778	21	70
778	22	50
778	23	10
778	24	50
778	25	50
778	26	50
778	27	60
778	28	80
778	29	60
778	30	10
778	31	0
778	32	50
778	33	50
778	34	50
778	35	50
778	36	60
778	37	70
778	38	50
778	39	30
778	40	70
779	1	0
779	2	0
779	3	70
779	4	70
779	5	80
779	6	80
779	7	20
779	8	110
779	9	50
779	10	90
779	11	120
779	12	50
779	13	0
779	14	80
779	15	70
779	16	20
779	17	20
779	18	50
779	19	70
779	20	70
779	21	40
779	22	110
779	23	100
779	24	50
779	25	90
779	26	90
779	27	10
779	28	90
779	29	20
779	30	50
779	31	90
779	32	90
779	33	50
779	34	20
779	35	90
779	36	10
779	37	50
779	38	50
779	39	70
779	40	70
780	1	50
780	2	70
780	3	80
780	4	60
780	5	30
780	6	100
780	7	80
780	8	80
780	9	90
780	10	60
780	11	80
780	12	50
780	13	80
780	14	80
780	15	90
780	16	70
780	17	60
780	18	60
780	19	70
780	20	70
780	21	120
780	22	70
780	23	10
780	24	60
780	25	70
780	26	80
780	27	100
780	28	80
780	29	80
780	30	10
780	31	30
780	32	90
780	33	80
780	34	70
780	35	50
780	36	60
780	37	80
780	38	70
780	39	70
780	40	70
781	1	0
781	2	0
781	3	50
781	4	50
781	5	50
781	6	50
781	7	20
781	8	50
781	9	70
781	10	50
781	11	50
781	12	50
781	13	20
781	14	70
781	15	50
781	16	0
781	17	0
781	18	50
781	19	70
781	20	50
781	21	20
781	22	50
781	23	50
781	24	50
781	25	50
781	26	50
781	27	20
781	28	50
781	29	20
781	30	50
781	31	50
781	32	70
781	33	70
781	34	0
781	35	50
781	36	0
781	37	70
781	38	50
781	39	70
781	40	70
782	1	70
782	2	90
782	3	70
782	4	50
782	5	60
782	6	90
782	7	50
782	8	110
782	9	90
782	10	90
782	11	110
782	12	50
782	13	50
782	14	50
782	15	130
782	16	90
782	17	70
782	18	70
782	19	50
782	20	90
782	21	110
782	22	90
782	23	40
782	24	70
782	25	90
782	26	130
782	27	70
782	28	90
782	29	70
782	30	0
782	31	60
782	32	110
782	33	50
782	34	90
782	35	90
782	36	70
782	37	50
782	38	90
782	39	40
782	40	70
783	1	70
783	2	90
783	3	80
783	4	60
783	5	50
783	6	100
783	7	80
783	8	120
783	9	110
783	10	100
783	11	120
783	12	50
783	13	80
783	14	80
783	15	130
783	16	90
783	17	80
783	18	80
783	19	50
783	20	70
783	21	140
783	22	90
783	23	30
783	24	80
783	25	70
783	26	120
783	27	80
783	28	100
783	29	80
783	30	10
783	31	50
783	32	110
783	33	60
783	34	90
783	35	90
783	36	60
783	37	80
783	38	70
783	39	70
783	40	90
784	1	70
784	2	70
784	3	80
784	4	100
784	5	30
784	6	80
784	7	100
784	8	80
784	9	90
784	10	120
784	11	80
784	12	50
784	13	80
784	14	100
784	15	70
784	16	70
784	17	80
784	18	80
784	19	70
784	20	70
784	21	80
784	22	70
784	23	30
784	24	60
784	25	70
784	26	80
784	27	60
784	28	100
784	29	100
784	30	10
784	31	30
784	32	70
784	33	60
784	34	90
784	35	90
784	36	60
784	37	80
784	38	50
784	39	30
784	40	110
785	1	50
785	2	50
785	3	70
785	4	50
785	5	20
785	6	70
785	7	50
785	8	110
785	9	50
785	10	70
785	11	110
785	12	50
785	13	50
785	14	50
785	15	90
785	16	70
785	17	70
785	18	50
785	19	50
785	20	50
785	21	90
785	22	90
785	23	20
785	24	70
785	25	70
785	26	90
785	27	50
785	28	70
785	29	50
785	30	0
785	31	20
785	32	90
785	33	50
785	34	50
785	35	70
785	36	50
785	37	50
785	38	50
785	39	20
785	40	50
786	1	70
786	2	90
786	3	50
786	4	70
786	5	20
786	6	70
786	7	90
786	8	90
786	9	110
786	10	110
786	11	90
786	12	50
786	13	70
786	14	90
786	15	90
786	16	70
786	17	70
786	18	70
786	19	70
786	20	90
786	21	110
786	22	90
786	23	40
786	24	50
786	25	70
786	26	90
786	27	70
786	28	110
786	29	90
786	30	0
786	31	60
786	32	90
786	33	50
786	34	110
786	35	110
786	36	50
786	37	70
786	38	70
786	39	40
786	40	110
787	1	0
787	2	0
787	3	50
787	4	50
787	5	70
787	6	50
787	7	0
787	8	70
787	9	50
787	10	50
787	11	70
787	12	50
787	13	0
787	14	50
787	15	70
787	16	0
787	17	20
787	18	50
787	19	50
787	20	70
787	21	0
787	22	50
787	23	70
787	24	70
787	25	70
787	26	70
787	27	0
787	28	50
787	29	0
787	30	50
787	31	70
787	32	50
787	33	50
787	34	0
787	35	50
787	36	20
787	37	50
787	38	70
787	39	50
787	40	50
788	1	50
788	2	50
788	3	80
788	4	80
788	5	30
788	6	80
788	7	80
788	8	140
788	9	50
788	10	100
788	11	140
788	12	50
788	13	60
788	14	80
788	15	90
788	16	70
788	17	100
788	18	60
788	19	70
788	20	70
788	21	100
788	22	110
788	23	50
788	24	80
788	25	90
788	26	100
788	27	60
788	28	100
788	29	80
788	30	10
788	31	50
788	32	90
788	33	60
788	34	70
788	35	90
788	36	60
788	37	60
788	38	50
788	39	30
788	40	70
789	1	20
789	2	20
789	3	80
789	4	100
789	5	80
789	6	80
789	7	30
789	8	80
789	9	70
789	10	120
789	11	80
789	12	50
789	13	10
789	14	80
789	15	70
789	16	20
789	17	30
789	18	80
789	19	70
789	20	70
789	21	10
789	22	70
789	23	80
789	24	60
789	25	70
789	26	80
789	27	10
789	28	100
789	29	50
789	30	60
789	31	80
789	32	70
789	33	60
789	34	40
789	35	90
789	36	10
789	37	60
789	38	50
789	39	60
789	40	90
790	1	70
790	2	90
790	3	80
790	4	80
790	5	70
790	6	100
790	7	80
790	8	120
790	9	90
790	10	100
790	11	120
790	12	50
790	13	60
790	14	80
790	15	130
790	16	90
790	17	100
790	18	70
790	19	70
790	20	110
790	21	90
790	22	90
790	23	50
790	24	70
790	25	110
790	26	110
790	27	80
790	28	100
790	29	100
790	30	10
790	31	60
790	32	90
790	33	50
790	34	110
790	35	90
790	36	80
790	37	50
790	38	90
790	39	50
790	40	90
791	1	70
791	2	90
791	3	80
791	4	80
791	5	50
791	6	100
791	7	80
791	8	140
791	9	90
791	10	120
791	11	140
791	12	50
791	13	60
791	14	80
791	15	130
791	16	90
791	17	100
791	18	70
791	19	70
791	20	90
791	21	110
791	22	110
791	23	50
791	24	70
791	25	90
791	26	110
791	27	80
791	28	120
791	29	100
791	30	10
791	31	60
791	32	110
791	33	50
791	34	110
791	35	110
791	36	60
791	37	50
791	38	70
791	39	50
791	40	90
792	1	40
792	2	40
792	3	90
792	4	90
792	5	100
792	6	100
792	7	20
792	8	110
792	9	70
792	10	130
792	11	120
792	12	70
792	13	0
792	14	80
792	15	90
792	16	60
792	17	20
792	18	90
792	19	70
792	20	70
792	21	40
792	22	130
792	23	100
792	24	50
792	25	90
792	26	110
792	27	10
792	28	110
792	29	40
792	30	70
792	31	90
792	32	110
792	33	50
792	34	60
792	35	130
792	36	10
792	37	50
792	38	50
792	39	70
792	40	90
793	1	70
793	2	90
793	3	70
793	4	50
793	5	50
793	6	100
793	7	70
793	8	110
793	9	110
793	10	90
793	11	120
793	12	50
793	13	70
793	14	80
793	15	130
793	16	90
793	17	70
793	18	70
793	19	50
793	20	70
793	21	130
793	22	90
793	23	30
793	24	70
793	25	70
793	26	110
793	27	80
793	28	90
793	29	70
793	30	0
793	31	40
793	32	110
793	33	50
793	34	90
793	35	90
793	36	60
793	37	70
793	38	70
793	39	60
793	40	90
794	1	0
794	2	0
794	3	60
794	4	60
794	5	60
794	6	60
794	7	10
794	8	80
794	9	50
794	10	60
794	11	80
794	12	50
794	13	10
794	14	60
794	15	70
794	16	0
794	17	30
794	18	60
794	19	50
794	20	50
794	21	10
794	22	50
794	23	60
794	24	80
794	25	50
794	26	60
794	27	10
794	28	60
794	29	10
794	30	60
794	31	60
794	32	50
794	33	60
794	34	0
794	35	50
794	36	10
794	37	60
794	38	50
794	39	60
794	40	50
795	1	50
795	2	50
795	3	80
795	4	60
795	5	50
795	6	80
795	7	60
795	8	100
795	9	50
795	10	60
795	11	100
795	12	50
795	13	60
795	14	60
795	15	90
795	16	70
795	17	80
795	18	60
795	19	50
795	20	70
795	21	80
795	22	70
795	23	30
795	24	80
795	25	90
795	26	100
795	27	60
795	28	60
795	29	60
795	30	10
795	31	30
795	32	70
795	33	60
795	34	50
795	35	50
795	36	80
795	37	60
795	38	70
795	39	30
795	40	50
796	1	50
796	2	70
796	3	80
796	4	80
796	5	30
796	6	100
796	7	100
796	8	100
796	9	90
796	10	80
796	11	100
796	12	50
796	13	80
796	14	100
796	15	90
796	16	70
796	17	80
796	18	50
796	19	70
796	20	90
796	21	110
796	22	90
796	23	30
796	24	50
796	25	90
796	26	70
796	27	80
796	28	100
796	29	80
796	30	10
796	31	40
796	32	70
796	33	50
796	34	90
796	35	70
796	36	60
796	37	70
796	38	70
796	39	70
796	40	90
797	1	50
797	2	50
797	3	70
797	4	50
797	5	20
797	6	70
797	7	50
797	8	90
797	9	50
797	10	50
797	11	90
797	12	50
797	13	50
797	14	50
797	15	90
797	16	70
797	17	70
797	18	50
797	19	50
797	20	50
797	21	70
797	22	70
797	23	0
797	24	70
797	25	70
797	26	70
797	27	50
797	28	50
797	29	50
797	30	0
797	31	0
797	32	70
797	33	50
797	34	50
797	35	50
797	36	50
797	37	50
797	38	50
797	39	20
797	40	50
798	1	0
798	2	0
798	3	50
798	4	50
798	5	70
798	6	50
798	7	0
798	8	90
798	9	50
798	10	70
798	11	90
798	12	50
798	13	0
798	14	50
798	15	70
798	16	0
798	17	20
798	18	50
798	19	50
798	20	70
798	21	20
798	22	70
798	23	90
798	24	70
798	25	70
798	26	90
798	27	0
798	28	70
798	29	0
798	30	50
798	31	90
798	32	70
798	33	50
798	34	0
798	35	70
798	36	20
798	37	50
798	38	70
798	39	50
798	40	50
799	1	50
799	2	50
799	3	80
799	4	80
799	5	30
799	6	80
799	7	100
799	8	140
799	9	70
799	10	100
799	11	140
799	12	50
799	13	80
799	14	100
799	15	90
799	16	70
799	17	100
799	18	60
799	19	70
799	20	70
799	21	120
799	22	110
799	23	50
799	24	80
799	25	90
799	26	100
799	27	60
799	28	100
799	29	80
799	30	10
799	31	50
799	32	90
799	33	60
799	34	70
799	35	90
799	36	60
799	37	80
799	38	50
799	39	50
799	40	90
800	1	50
800	2	70
800	3	70
800	4	50
800	5	40
800	6	90
800	7	50
800	8	110
800	9	70
800	10	70
800	11	110
800	12	50
800	13	50
800	14	50
800	15	110
800	16	70
800	17	70
800	18	50
800	19	50
800	20	90
800	21	110
800	22	90
800	23	40
800	24	70
800	25	90
800	26	110
800	27	70
800	28	90
800	29	50
800	30	0
800	31	60
800	32	90
800	33	50
800	34	70
800	35	70
800	36	70
800	37	50
800	38	90
800	39	40
800	40	50
801	1	50
801	2	50
801	3	60
801	4	80
801	5	10
801	6	60
801	7	80
801	8	80
801	9	50
801	10	80
801	11	80
801	12	50
801	13	60
801	14	80
801	15	50
801	16	50
801	17	80
801	18	60
801	19	70
801	20	70
801	21	60
801	22	70
801	23	30
801	24	60
801	25	70
801	26	60
801	27	60
801	28	80
801	29	80
801	30	10
801	31	30
801	32	50
801	33	60
801	34	70
801	35	70
801	36	60
801	37	60
801	38	50
801	39	10
801	40	70
802	1	20
802	2	40
802	3	50
802	4	70
802	5	80
802	6	80
802	7	40
802	8	110
802	9	110
802	10	110
802	11	120
802	12	50
802	13	20
802	14	100
802	15	110
802	16	20
802	17	40
802	18	70
802	19	70
802	20	90
802	21	60
802	22	90
802	23	100
802	24	70
802	25	70
802	26	90
802	27	30
802	28	110
802	29	40
802	30	50
802	31	110
802	32	90
802	33	50
802	34	60
802	35	110
802	36	10
802	37	70
802	38	70
802	39	90
802	40	110
803	1	70
803	2	70
803	3	90
803	4	70
803	5	30
803	6	100
803	7	50
803	8	70
803	9	50
803	10	70
803	11	80
803	12	70
803	13	50
803	14	60
803	15	70
803	16	90
803	17	50
803	18	70
803	19	50
803	20	50
803	21	70
803	22	90
803	23	10
803	24	50
803	25	70
803	26	70
803	27	60
803	28	70
803	29	50
803	30	20
803	31	0
803	32	70
803	33	50
803	34	70
803	35	70
803	36	60
803	37	50
803	38	50
803	39	20
803	40	50
804	1	20
804	2	40
804	3	60
804	4	80
804	5	80
804	6	80
804	7	50
804	8	100
804	9	110
804	10	100
804	11	100
804	12	50
804	13	30
804	14	100
804	15	110
804	16	20
804	17	50
804	18	70
804	19	70
804	20	90
804	21	40
804	22	70
804	23	80
804	24	70
804	25	70
804	26	70
804	27	30
804	28	100
804	29	50
804	30	60
804	31	90
804	32	70
804	33	50
804	34	60
804	35	90
804	36	10
804	37	70
804	38	70
804	39	100
804	40	110
805	1	0
805	2	0
805	3	100
805	4	100
805	5	80
805	6	100
805	7	30
805	8	100
805	9	50
805	10	100
805	11	100
805	12	50
805	13	10
805	14	80
805	15	70
805	16	20
805	17	30
805	18	50
805	19	70
805	20	70
805	21	20
805	22	90
805	23	80
805	24	50
805	25	90
805	26	70
805	27	10
805	28	100
805	29	30
805	30	60
805	31	70
805	32	70
805	33	50
805	34	20
805	35	70
805	36	10
805	37	50
805	38	50
805	39	80
805	40	70
806	1	20
806	2	40
806	3	80
806	4	60
806	5	100
806	6	100
806	7	30
806	8	80
806	9	110
806	10	80
806	11	80
806	12	50
806	13	30
806	14	80
806	15	110
806	16	40
806	17	10
806	18	80
806	19	50
806	20	70
806	21	70
806	22	70
806	23	60
806	24	60
806	25	70
806	26	100
806	27	30
806	28	80
806	29	30
806	30	60
806	31	80
806	32	90
806	33	60
806	34	40
806	35	70
806	36	10
806	37	80
806	38	70
806	39	120
806	40	90
807	1	0
807	2	20
807	3	60
807	4	80
807	5	60
807	6	80
807	7	30
807	8	120
807	9	70
807	10	100
807	11	120
807	12	50
807	13	10
807	14	80
807	15	90
807	16	0
807	17	50
807	18	50
807	19	70
807	20	90
807	21	40
807	22	90
807	23	100
807	24	70
807	25	70
807	26	70
807	27	30
807	28	120
807	29	30
807	30	60
807	31	110
807	32	70
807	33	50
807	34	40
807	35	90
807	36	10
807	37	50
807	38	70
807	39	80
807	40	70
808	1	50
808	2	70
808	3	70
808	4	70
808	5	30
808	6	100
808	7	90
808	8	90
808	9	90
808	10	70
808	11	100
808	12	50
808	13	70
808	14	100
808	15	90
808	16	70
808	17	70
808	18	50
808	19	90
808	20	90
808	21	110
808	22	90
808	23	30
808	24	50
808	25	90
808	26	70
808	27	100
808	28	90
808	29	90
808	30	0
808	31	40
808	32	90
808	33	70
808	34	90
808	35	70
808	36	60
808	37	70
808	38	70
808	39	60
808	40	90
809	1	50
809	2	70
809	3	70
809	4	70
809	5	30
809	6	100
809	7	70
809	8	110
809	9	70
809	10	70
809	11	120
809	12	50
809	13	50
809	14	80
809	15	110
809	16	70
809	17	90
809	18	50
809	19	70
809	20	90
809	21	90
809	22	90
809	23	30
809	24	70
809	25	90
809	26	70
809	27	80
809	28	90
809	29	70
809	30	0
809	31	40
809	32	70
809	33	50
809	34	90
809	35	70
809	36	60
809	37	50
809	38	70
809	39	40
809	40	70
810	1	20
810	2	40
810	3	70
810	4	50
810	5	100
810	6	100
810	7	20
810	8	90
810	9	110
810	10	90
810	11	100
810	12	50
810	13	20
810	14	80
810	15	110
810	16	40
810	17	0
810	18	70
810	19	70
810	20	70
810	21	80
810	22	90
810	23	80
810	24	50
810	25	70
810	26	110
810	27	50
810	28	90
810	29	40
810	30	50
810	31	90
810	32	130
810	33	70
810	34	40
810	35	90
810	36	10
810	37	70
810	38	70
810	39	110
810	40	90
811	1	20
811	2	40
811	3	80
811	4	80
811	5	100
811	6	100
811	7	30
811	8	100
811	9	90
811	10	100
811	11	100
811	12	50
811	13	10
811	14	80
811	15	110
811	16	40
811	17	30
811	18	70
811	19	70
811	20	90
811	21	40
811	22	90
811	23	80
811	24	50
811	25	90
811	26	90
811	27	30
811	28	100
811	29	50
811	30	60
811	31	90
811	32	90
811	33	50
811	34	60
811	35	90
811	36	10
811	37	50
811	38	70
811	39	100
811	40	90
812	1	50
812	2	50
812	3	80
812	4	80
812	5	10
812	6	80
812	7	60
812	8	80
812	9	50
812	10	100
812	11	80
812	12	50
812	13	60
812	14	60
812	15	50
812	16	50
812	17	60
812	18	60
812	19	50
812	20	50
812	21	80
812	22	70
812	23	30
812	24	60
812	25	50
812	26	80
812	27	60
812	28	100
812	29	60
812	30	10
812	31	30
812	32	70
812	33	60
812	34	50
812	35	70
812	36	60
812	37	60
812	38	50
812	39	10
812	40	50
813	1	20
813	2	40
813	3	80
813	4	100
813	5	60
813	6	100
813	7	30
813	8	100
813	9	70
813	10	120
813	11	100
813	12	70
813	13	10
813	14	80
813	15	70
813	16	20
813	17	30
813	18	80
813	19	70
813	20	90
813	21	50
813	22	110
813	23	100
813	24	60
813	25	70
813	26	80
813	27	30
813	28	140
813	29	30
813	30	80
813	31	120
813	32	70
813	33	60
813	34	60
813	35	110
813	36	10
813	37	60
813	38	70
813	39	80
813	40	70
814	1	70
814	2	70
814	3	70
814	4	70
814	5	40
814	6	70
814	7	90
814	8	110
814	9	90
814	10	90
814	11	110
814	12	50
814	13	70
814	14	90
814	15	110
814	16	90
814	17	90
814	18	70
814	19	70
814	20	70
814	21	90
814	22	90
814	23	20
814	24	70
814	25	90
814	26	90
814	27	50
814	28	70
814	29	90
814	30	0
814	31	20
814	32	90
814	33	50
814	34	90
814	35	90
814	36	50
814	37	70
814	38	50
814	39	40
814	40	110
815	1	20
815	2	40
815	3	80
815	4	60
815	5	100
815	6	100
815	7	10
815	8	100
815	9	90
815	10	100
815	11	100
815	12	50
815	13	10
815	14	60
815	15	110
815	16	40
815	17	10
815	18	80
815	19	50
815	20	70
815	21	70
815	22	90
815	23	80
815	24	60
815	25	70
815	26	120
815	27	30
815	28	100
815	29	30
815	30	60
815	31	100
815	32	110
815	33	60
815	34	40
815	35	90
815	36	10
815	37	60
815	38	70
815	39	100
815	40	70
816	1	70
816	2	90
816	3	50
816	4	50
816	5	30
816	6	80
816	7	50
816	8	50
816	9	90
816	10	70
816	11	60
816	12	50
816	13	50
816	14	60
816	15	90
816	16	70
816	17	50
816	18	70
816	19	50
816	20	70
816	21	70
816	22	50
816	23	10
816	24	50
816	25	50
816	26	70
816	27	80
816	28	70
816	29	70
816	30	0
816	31	20
816	32	70
816	33	50
816	34	90
816	35	70
816	36	60
816	37	50
816	38	70
816	39	20
816	40	70
817	1	20
817	2	40
817	3	60
817	4	80
817	5	80
817	6	80
817	7	50
817	8	80
817	9	110
817	10	100
817	11	80
817	12	50
817	13	30
817	14	100
817	15	90
817	16	20
817	17	30
817	18	70
817	19	70
817	20	90
817	21	40
817	22	70
817	23	80
817	24	50
817	25	70
817	26	70
817	27	30
817	28	100
817	29	50
817	30	60
817	31	90
817	32	70
817	33	50
817	34	60
817	35	90
817	36	10
817	37	70
817	38	70
817	39	100
817	40	110
818	1	70
818	2	70
818	3	80
818	4	80
818	5	50
818	6	80
818	7	80
818	8	120
818	9	70
818	10	120
818	11	120
818	12	50
818	13	60
818	14	80
818	15	90
818	16	90
818	17	80
818	18	80
818	19	70
818	20	70
818	21	100
818	22	110
818	23	50
818	24	60
818	25	90
818	26	120
818	27	60
818	28	100
818	29	100
818	30	10
818	31	50
818	32	110
818	33	60
818	34	90
818	35	110
818	36	60
818	37	60
818	38	50
818	39	30
818	40	90
819	1	70
819	2	90
819	3	50
819	4	70
819	5	20
819	6	70
819	7	90
819	8	90
819	9	110
819	10	110
819	11	90
819	12	50
819	13	70
819	14	90
819	15	90
819	16	70
819	17	70
819	18	70
819	19	90
819	20	90
819	21	110
819	22	90
819	23	40
819	24	50
819	25	70
819	26	90
819	27	90
819	28	110
819	29	110
819	30	0
819	31	60
819	32	110
819	33	70
819	34	110
819	35	110
819	36	50
819	37	70
819	38	70
819	39	40
819	40	110
820	1	50
820	2	50
820	3	50
820	4	50
820	5	0
820	6	50
820	7	70
820	8	70
820	9	70
820	10	70
820	11	70
820	12	50
820	13	70
820	14	70
820	15	50
820	16	50
820	17	50
820	18	50
820	19	50
820	20	50
820	21	90
820	22	70
820	23	20
820	24	50
820	25	50
820	26	70
820	27	50
820	28	70
820	29	50
820	30	0
820	31	20
820	32	70
820	33	50
820	34	50
820	35	70
820	36	50
820	37	70
820	38	50
820	39	20
820	40	70
821	1	70
821	2	90
821	3	70
821	4	70
821	5	70
821	6	100
821	7	70
821	8	110
821	9	90
821	10	90
821	11	120
821	12	50
821	13	50
821	14	80
821	15	130
821	16	90
821	17	90
821	18	70
821	19	70
821	20	110
821	21	90
821	22	90
821	23	50
821	24	70
821	25	110
821	26	110
821	27	80
821	28	90
821	29	90
821	30	0
821	31	60
821	32	90
821	33	50
821	34	110
821	35	90
821	36	80
821	37	50
821	38	90
821	39	40
821	40	90
822	1	0
822	2	20
822	3	60
822	4	60
822	5	60
822	6	80
822	7	30
822	8	80
822	9	90
822	10	60
822	11	80
822	12	50
822	13	30
822	14	80
822	15	90
822	16	0
822	17	30
822	18	60
822	19	50
822	20	70
822	21	50
822	22	50
822	23	60
822	24	80
822	25	50
822	26	60
822	27	30
822	28	80
822	29	10
822	30	60
822	31	80
822	32	50
822	33	60
822	34	20
822	35	50
822	36	10
822	37	80
822	38	70
822	39	100
822	40	70
823	1	70
823	2	90
823	3	80
823	4	60
823	5	50
823	6	100
823	7	80
823	8	80
823	9	110
823	10	80
823	11	80
823	12	50
823	13	80
823	14	80
823	15	110
823	16	90
823	17	60
823	18	80
823	19	50
823	20	70
823	21	120
823	22	70
823	23	10
823	24	60
823	25	70
823	26	100
823	27	80
823	28	80
823	29	80
823	30	10
823	31	30
823	32	90
823	33	60
823	34	90
823	35	70
823	36	60
823	37	80
823	38	70
823	39	70
823	40	90
824	1	20
824	2	40
824	3	50
824	4	50
824	5	70
824	6	70
824	7	20
824	8	70
824	9	110
824	10	70
824	11	70
824	12	50
824	13	20
824	14	70
824	15	110
824	16	20
824	17	20
824	18	70
824	19	50
824	20	70
824	21	40
824	22	50
824	23	50
824	24	70
824	25	50
824	26	70
824	27	20
824	28	70
824	29	20
824	30	50
824	31	70
824	32	70
824	33	50
824	34	40
824	35	70
824	36	0
824	37	70
824	38	70
824	39	90
824	40	90
825	1	20
825	2	40
825	3	70
825	4	70
825	5	110
825	6	90
825	7	20
825	8	110
825	9	90
825	10	90
825	11	110
825	12	50
825	13	0
825	14	70
825	15	130
825	16	40
825	17	40
825	18	70
825	19	70
825	20	110
825	21	40
825	22	90
825	23	90
825	24	70
825	25	110
825	26	110
825	27	20
825	28	90
825	29	40
825	30	50
825	31	110
825	32	90
825	33	50
825	34	60
825	35	90
825	36	20
825	37	50
825	38	90
825	39	90
825	40	90
826	1	70
826	2	70
826	3	80
826	4	80
826	5	50
826	6	80
826	7	100
826	8	140
826	9	90
826	10	120
826	11	140
826	12	50
826	13	80
826	14	100
826	15	110
826	16	90
826	17	100
826	18	70
826	19	70
826	20	70
826	21	110
826	22	110
826	23	50
826	24	70
826	25	90
826	26	110
826	27	60
826	28	100
826	29	100
826	30	10
826	31	40
826	32	110
826	33	50
826	34	90
826	35	110
826	36	60
826	37	70
826	38	50
826	39	50
826	40	110
827	1	20
827	2	20
827	3	80
827	4	60
827	5	100
827	6	80
827	7	30
827	8	80
827	9	90
827	10	80
827	11	80
827	12	50
827	13	30
827	14	80
827	15	90
827	16	40
827	17	10
827	18	70
827	19	70
827	20	50
827	21	40
827	22	70
827	23	60
827	24	50
827	25	70
827	26	90
827	27	30
827	28	60
827	29	50
827	30	60
827	31	50
827	32	110
827	33	70
827	34	20
827	35	70
827	36	10
827	37	70
827	38	50
827	39	100
827	40	90
828	1	0
828	2	0
828	3	80
828	4	100
828	5	60
828	6	80
828	7	30
828	8	80
828	9	50
828	10	100
828	11	80
828	12	50
828	13	10
828	14	80
828	15	50
828	16	0
828	17	30
828	18	50
828	19	70
828	20	70
828	21	0
828	22	70
828	23	80
828	24	50
828	25	70
828	26	50
828	27	10
828	28	100
828	29	30
828	30	60
828	31	70
828	32	50
828	33	50
828	34	20
828	35	70
828	36	10
828	37	50
828	38	50
828	39	60
828	40	70
829	1	0
829	2	20
829	3	70
829	4	90
829	5	50
829	6	90
829	7	20
829	8	90
829	9	70
829	10	110
829	11	90
829	12	50
829	13	0
829	14	70
829	15	70
829	16	0
829	17	20
829	18	50
829	19	70
829	20	90
829	21	40
829	22	90
829	23	90
829	24	50
829	25	70
829	26	70
829	27	20
829	28	130
829	29	20
829	30	50
829	31	110
829	32	70
829	33	50
829	34	40
829	35	90
829	36	0
829	37	50
829	38	70
829	39	70
829	40	70
830	1	50
830	2	70
830	3	70
830	4	50
830	5	30
830	6	100
830	7	70
830	8	110
830	9	90
830	10	70
830	11	120
830	12	50
830	13	70
830	14	80
830	15	110
830	16	70
830	17	70
830	18	50
830	19	50
830	20	70
830	21	130
830	22	90
830	23	30
830	24	70
830	25	70
830	26	90
830	27	80
830	28	90
830	29	50
830	30	0
830	31	40
830	32	90
830	33	50
830	34	70
830	35	70
830	36	60
830	37	70
830	38	70
830	39	60
830	40	70
831	1	20
831	2	40
831	3	70
831	4	50
831	5	90
831	6	90
831	7	0
831	8	90
831	9	90
831	10	90
831	11	90
831	12	50
831	13	0
831	14	50
831	15	110
831	16	40
831	17	0
831	18	70
831	19	50
831	20	70
831	21	60
831	22	90
831	23	70
831	24	50
831	25	70
831	26	110
831	27	20
831	28	90
831	29	20
831	30	50
831	31	90
831	32	110
831	33	50
831	34	40
831	35	90
831	36	0
831	37	50
831	38	70
831	39	90
831	40	70
832	1	0
832	2	0
832	3	100
832	4	100
832	5	80
832	6	100
832	7	30
832	8	120
832	9	50
832	10	120
832	11	120
832	12	50
832	13	10
832	14	80
832	15	70
832	16	20
832	17	30
832	18	50
832	19	70
832	20	70
832	21	40
832	22	110
832	23	100
832	24	50
832	25	90
832	26	90
832	27	10
832	28	120
832	29	30
832	30	60
832	31	90
832	32	90
832	33	50
832	34	20
832	35	90
832	36	10
832	37	50
832	38	50
832	39	80
832	40	70
833	1	0
833	2	20
833	3	50
833	4	50
833	5	50
833	6	70
833	7	20
833	8	50
833	9	90
833	10	50
833	11	50
833	12	50
833	13	20
833	14	70
833	15	70
833	16	0
833	17	0
833	18	50
833	19	50
833	20	70
833	21	40
833	22	50
833	23	50
833	24	50
833	25	50
833	26	50
833	27	20
833	28	70
833	29	0
833	30	50
833	31	70
833	32	50
833	33	50
833	34	20
833	35	50
833	36	0
833	37	70
833	38	70
833	39	90
833	40	70
834	1	0
834	2	0
834	3	50
834	4	70
834	5	50
834	6	50
834	7	20
834	8	90
834	9	50
834	10	70
834	11	90
834	12	50
834	13	0
834	14	70
834	15	70
834	16	0
834	17	40
834	18	50
834	19	70
834	20	70
834	21	0
834	22	70
834	23	70
834	24	70
834	25	70
834	26	50
834	27	0
834	28	70
834	29	20
834	30	50
834	31	70
834	32	50
834	33	50
834	34	20
834	35	70
834	36	0
834	37	50
834	38	50
834	39	50
834	40	70
835	1	20
835	2	20
835	3	80
835	4	60
835	5	100
835	6	80
835	7	10
835	8	120
835	9	70
835	10	100
835	11	120
835	12	50
835	13	10
835	14	60
835	15	110
835	16	40
835	17	30
835	18	80
835	19	50
835	20	50
835	21	50
835	22	90
835	23	80
835	24	80
835	25	70
835	26	120
835	27	10
835	28	80
835	29	30
835	30	60
835	31	80
835	32	110
835	33	60
835	34	20
835	35	90
835	36	10
835	37	60
835	38	50
835	39	80
835	40	70
836	1	20
836	2	40
836	3	100
836	4	80
836	5	100
836	6	120
836	7	10
836	8	100
836	9	90
836	10	120
836	11	100
836	12	50
836	13	10
836	14	60
836	15	110
836	16	40
836	17	10
836	18	80
836	19	50
836	20	70
836	21	70
836	22	90
836	23	80
836	24	60
836	25	70
836	26	120
836	27	30
836	28	120
836	29	30
836	30	60
836	31	100
836	32	110
836	33	60
836	34	40
836	35	90
836	36	10
836	37	60
836	38	70
836	39	100
836	40	70
837	1	50
837	2	50
837	3	80
837	4	60
837	5	30
837	6	80
837	7	80
837	8	100
837	9	70
837	10	80
837	11	100
837	12	50
837	13	80
837	14	80
837	15	70
837	16	70
837	17	60
837	18	50
837	19	70
837	20	50
837	21	110
837	22	90
837	23	30
837	24	50
837	25	70
837	26	90
837	27	80
837	28	80
837	29	80
837	30	10
837	31	20
837	32	110
837	33	70
837	34	50
837	35	70
837	36	60
837	37	70
837	38	50
837	39	50
837	40	70
838	1	20
838	2	40
838	3	100
838	4	100
838	5	80
838	6	120
838	7	30
838	8	120
838	9	70
838	10	120
838	11	120
838	12	70
838	13	10
838	14	80
838	15	90
838	16	40
838	17	30
838	18	70
838	19	70
838	20	90
838	21	60
838	22	130
838	23	100
838	24	50
838	25	90
838	26	90
838	27	30
838	28	140
838	29	30
838	30	80
838	31	110
838	32	90
838	33	50
838	34	60
838	35	110
838	36	10
838	37	50
838	38	70
838	39	100
838	40	70
839	1	0
839	2	20
839	3	70
839	4	70
839	5	70
839	6	90
839	7	40
839	8	130
839	9	90
839	10	90
839	11	130
839	12	50
839	13	20
839	14	90
839	15	110
839	16	20
839	17	40
839	18	50
839	19	70
839	20	90
839	21	80
839	22	110
839	23	90
839	24	70
839	25	90
839	26	90
839	27	20
839	28	110
839	29	20
839	30	50
839	31	110
839	32	90
839	33	50
839	34	40
839	35	90
839	36	0
839	37	70
839	38	70
839	39	110
839	40	90
840	1	20
840	2	20
840	3	50
840	4	70
840	5	90
840	6	50
840	7	20
840	8	110
840	9	70
840	10	110
840	11	110
840	12	50
840	13	0
840	14	70
840	15	90
840	16	20
840	17	40
840	18	70
840	19	70
840	20	90
840	21	20
840	22	90
840	23	110
840	24	70
840	25	90
840	26	110
840	27	0
840	28	90
840	29	40
840	30	50
840	31	110
840	32	90
840	33	50
840	34	40
840	35	110
840	36	20
840	37	50
840	38	70
840	39	50
840	40	90
841	1	20
841	2	20
841	3	100
841	4	100
841	5	100
841	6	100
841	7	30
841	8	120
841	9	70
841	10	140
841	11	120
841	12	50
841	13	10
841	14	80
841	15	90
841	16	40
841	17	30
841	18	70
841	19	70
841	20	70
841	21	40
841	22	110
841	23	100
841	24	50
841	25	90
841	26	110
841	27	10
841	28	120
841	29	50
841	30	60
841	31	90
841	32	110
841	33	50
841	34	40
841	35	110
841	36	10
841	37	50
841	38	50
841	39	80
841	40	90
842	1	50
842	2	50
842	3	80
842	4	80
842	5	50
842	6	80
842	7	80
842	8	120
842	9	50
842	10	80
842	11	120
842	12	50
842	13	60
842	14	80
842	15	90
842	16	70
842	17	100
842	18	50
842	19	70
842	20	90
842	21	70
842	22	90
842	23	50
842	24	70
842	25	110
842	26	90
842	27	60
842	28	80
842	29	80
842	30	10
842	31	40
842	32	70
842	33	50
842	34	70
842	35	70
842	36	80
842	37	50
842	38	70
842	39	30
842	40	70
843	1	20
843	2	20
843	3	70
843	4	70
843	5	100
843	6	80
843	7	40
843	8	110
843	9	90
843	10	110
843	11	120
843	12	50
843	13	20
843	14	100
843	15	90
843	16	40
843	17	20
843	18	70
843	19	70
843	20	70
843	21	60
843	22	110
843	23	100
843	24	50
843	25	90
843	26	110
843	27	10
843	28	90
843	29	40
843	30	50
843	31	90
843	32	110
843	33	50
843	34	40
843	35	110
843	36	10
843	37	70
843	38	50
843	39	90
843	40	110
844	1	20
844	2	40
844	3	70
844	4	90
844	5	60
844	6	100
844	7	20
844	8	90
844	9	70
844	10	110
844	11	100
844	12	70
844	13	0
844	14	80
844	15	70
844	16	20
844	17	20
844	18	70
844	19	70
844	20	90
844	21	40
844	22	110
844	23	100
844	24	50
844	25	70
844	26	70
844	27	30
844	28	130
844	29	20
844	30	70
844	31	110
844	32	70
844	33	50
844	34	60
844	35	110
844	36	10
844	37	50
844	38	70
844	39	70
844	40	70
845	1	50
845	2	70
845	3	90
845	4	70
845	5	30
845	6	120
845	7	70
845	8	70
845	9	90
845	10	70
845	11	80
845	12	50
845	13	70
845	14	80
845	15	90
845	16	70
845	17	50
845	18	50
845	19	50
845	20	70
845	21	110
845	22	70
845	23	10
845	24	50
845	25	70
845	26	70
845	27	80
845	28	90
845	29	50
845	30	0
845	31	20
845	32	70
845	33	50
845	34	70
845	35	50
845	36	60
845	37	70
845	38	70
845	39	60
845	40	70
846	1	0
846	2	0
846	3	50
846	4	50
846	5	50
846	6	50
846	7	20
846	8	90
846	9	70
846	10	70
846	11	90
846	12	50
846	13	20
846	14	70
846	15	70
846	16	0
846	17	20
846	18	50
846	19	50
846	20	50
846	21	40
846	22	70
846	23	70
846	24	70
846	25	50
846	26	70
846	27	0
846	28	70
846	29	0
846	30	50
846	31	70
846	32	70
846	33	50
846	34	0
846	35	70
846	36	0
846	37	70
846	38	50
846	39	70
846	40	70
847	1	70
847	2	70
847	3	80
847	4	80
847	5	30
847	6	80
847	7	80
847	8	60
847	9	90
847	10	100
847	11	60
847	12	50
847	13	80
847	14	80
847	15	70
847	16	70
847	17	60
847	18	80
847	19	50
847	20	50
847	21	80
847	22	50
847	23	10
847	24	60
847	25	50
847	26	80
847	27	60
847	28	80
847	29	80
847	30	10
847	31	10
847	32	70
847	33	60
847	34	70
847	35	70
847	36	60
847	37	80
847	38	50
847	39	30
847	40	90
848	1	50
848	2	70
848	3	70
848	4	70
848	5	30
848	6	100
848	7	70
848	8	90
848	9	70
848	10	70
848	11	100
848	12	50
848	13	50
848	14	80
848	15	90
848	16	70
848	17	70
848	18	50
848	19	70
848	20	90
848	21	90
848	22	90
848	23	30
848	24	50
848	25	90
848	26	70
848	27	80
848	28	90
848	29	70
848	30	0
848	31	40
848	32	70
848	33	50
848	34	90
848	35	70
848	36	60
848	37	50
848	38	70
848	39	40
848	40	70
849	1	70
849	2	90
849	3	80
849	4	100
849	5	30
849	6	100
849	7	100
849	8	100
849	9	110
849	10	140
849	11	100
849	12	50
849	13	80
849	14	100
849	15	90
849	16	70
849	17	80
849	18	80
849	19	70
849	20	90
849	21	120
849	22	90
849	23	50
849	24	60
849	25	70
849	26	100
849	27	80
849	28	140
849	29	100
849	30	10
849	31	70
849	32	90
849	33	60
849	34	110
849	35	110
849	36	60
849	37	80
849	38	70
849	39	50
849	40	110
850	1	70
850	2	90
850	3	70
850	4	70
850	5	50
850	6	100
850	7	90
850	8	110
850	9	110
850	10	90
850	11	120
850	12	50
850	13	70
850	14	100
850	15	130
850	16	90
850	17	90
850	18	70
850	19	70
850	20	90
850	21	110
850	22	90
850	23	30
850	24	70
850	25	90
850	26	90
850	27	80
850	28	90
850	29	90
850	30	0
850	31	40
850	32	90
850	33	50
850	34	110
850	35	90
850	36	60
850	37	70
850	38	70
850	39	60
850	40	110
851	1	50
851	2	70
851	3	70
851	4	50
851	5	20
851	6	90
851	7	70
851	8	70
851	9	90
851	10	50
851	11	70
851	12	50
851	13	70
851	14	70
851	15	90
851	16	70
851	17	50
851	18	50
851	19	50
851	20	70
851	21	110
851	22	70
851	23	0
851	24	50
851	25	70
851	26	70
851	27	70
851	28	70
851	29	50
851	30	0
851	31	20
851	32	70
851	33	50
851	34	70
851	35	50
851	36	50
851	37	70
851	38	70
851	39	60
851	40	70
852	1	50
852	2	70
852	3	50
852	4	50
852	5	0
852	6	70
852	7	50
852	8	70
852	9	70
852	10	70
852	11	70
852	12	50
852	13	50
852	14	50
852	15	70
852	16	50
852	17	50
852	18	50
852	19	50
852	20	70
852	21	90
852	22	70
852	23	20
852	24	50
852	25	50
852	26	70
852	27	70
852	28	90
852	29	50
852	30	0
852	31	40
852	32	70
852	33	50
852	34	70
852	35	70
852	36	50
852	37	50
852	38	70
852	39	20
852	40	50
853	1	20
853	2	20
853	3	80
853	4	60
853	5	100
853	6	80
853	7	30
853	8	100
853	9	90
853	10	100
853	11	100
853	12	50
853	13	30
853	14	80
853	15	90
853	16	40
853	17	10
853	18	70
853	19	50
853	20	50
853	21	60
853	22	90
853	23	80
853	24	50
853	25	70
853	26	110
853	27	10
853	28	80
853	29	30
853	30	60
853	31	70
853	32	110
853	33	50
853	34	20
853	35	90
853	36	10
853	37	70
853	38	50
853	39	100
853	40	90
854	1	20
854	2	20
854	3	60
854	4	60
854	5	80
854	6	60
854	7	30
854	8	80
854	9	90
854	10	100
854	11	80
854	12	50
854	13	30
854	14	80
854	15	70
854	16	20
854	17	10
854	18	80
854	19	50
854	20	50
854	21	50
854	22	70
854	23	80
854	24	60
854	25	50
854	26	100
854	27	10
854	28	80
854	29	30
854	30	60
854	31	80
854	32	90
854	33	60
854	34	20
854	35	90
854	36	10
854	37	80
854	38	50
854	39	80
854	40	90
855	1	20
855	2	20
855	3	50
855	4	50
855	5	80
855	6	60
855	7	20
855	8	70
855	9	90
855	10	90
855	11	80
855	12	50
855	13	20
855	14	80
855	15	70
855	16	20
855	17	0
855	18	70
855	19	50
855	20	50
855	21	40
855	22	70
855	23	80
855	24	50
855	25	50
855	26	90
855	27	10
855	28	70
855	29	20
855	30	50
855	31	70
855	32	90
855	33	50
855	34	20
855	35	90
855	36	10
855	37	70
855	38	50
855	39	70
855	40	90
856	1	0
856	2	20
856	3	80
856	4	80
856	5	80
856	6	100
856	7	50
856	8	120
856	9	90
856	10	100
856	11	120
856	12	50
856	13	30
856	14	100
856	15	90
856	16	20
856	17	30
856	18	50
856	19	90
856	20	90
856	21	80
856	22	110
856	23	100
856	24	50
856	25	90
856	26	90
856	27	50
856	28	120
856	29	50
856	30	60
856	31	110
856	32	110
856	33	70
856	34	40
856	35	90
856	36	10
856	37	70
856	38	70
856	39	120
856	40	90
857	1	50
857	2	50
857	3	70
857	4	70
857	5	30
857	6	80
857	7	90
857	8	90
857	9	70
857	10	70
857	11	100
857	12	50
857	13	70
857	14	100
857	15	70
857	16	70
857	17	70
857	18	50
857	19	70
857	20	70
857	21	90
857	22	90
857	23	30
857	24	50
857	25	90
857	26	70
857	27	60
857	28	70
857	29	70
857	30	0
857	31	20
857	32	70
857	33	50
857	34	70
857	35	70
857	36	60
857	37	70
857	38	50
857	39	40
857	40	90
858	1	50
858	2	50
858	3	70
858	4	70
858	5	20
858	6	70
858	7	90
858	8	110
858	9	70
858	10	90
858	11	110
858	12	50
858	13	70
858	14	90
858	15	70
858	16	70
858	17	70
858	18	50
858	19	90
858	20	70
858	21	110
858	22	110
858	23	40
858	24	50
858	25	90
858	26	90
858	27	70
858	28	90
858	29	90
858	30	0
858	31	40
858	32	110
858	33	70
858	34	70
858	35	90
858	36	50
858	37	70
858	38	50
858	39	40
858	40	90
859	1	70
859	2	90
859	3	50
859	4	70
859	5	20
859	6	70
859	7	90
859	8	90
859	9	110
859	10	90
859	11	90
859	12	50
859	13	70
859	14	90
859	15	110
859	16	70
859	17	90
859	18	70
859	19	70
859	20	90
859	21	90
859	22	70
859	23	20
859	24	70
859	25	70
859	26	70
859	27	70
859	28	90
859	29	90
859	30	0
859	31	40
859	32	70
859	33	50
859	34	110
859	35	90
859	36	50
859	37	70
859	38	70
859	39	40
859	40	110
860	1	20
860	2	40
860	3	80
860	4	80
860	5	100
860	6	100
860	7	50
860	8	140
860	9	110
860	10	120
860	11	140
860	12	50
860	13	30
860	14	100
860	15	130
860	16	40
860	17	50
860	18	80
860	19	70
860	20	90
860	21	90
860	22	110
860	23	100
860	24	80
860	25	90
860	26	120
860	27	30
860	28	120
860	29	50
860	30	60
860	31	120
860	32	110
860	33	60
860	34	60
860	35	110
860	36	10
860	37	80
860	38	70
860	39	120
860	40	110
861	1	70
861	2	90
861	3	60
861	4	60
861	5	30
861	6	80
861	7	80
861	8	80
861	9	110
861	10	100
861	11	80
861	12	50
861	13	80
861	14	80
861	15	90
861	16	70
861	17	60
861	18	80
861	19	50
861	20	70
861	21	120
861	22	70
861	23	30
861	24	60
861	25	50
861	26	100
861	27	80
861	28	100
861	29	80
861	30	10
861	31	50
861	32	90
861	33	60
861	34	90
861	35	90
861	36	60
861	37	80
861	38	70
861	39	50
861	40	90
862	1	70
862	2	70
862	3	70
862	4	70
862	5	50
862	6	80
862	7	90
862	8	110
862	9	90
862	10	110
862	11	120
862	12	50
862	13	70
862	14	100
862	15	90
862	16	90
862	17	70
862	18	70
862	19	70
862	20	70
862	21	110
862	22	110
862	23	50
862	24	50
862	25	90
862	26	110
862	27	60
862	28	90
862	29	90
862	30	0
862	31	40
862	32	110
862	33	50
862	34	90
862	35	110
862	36	60
862	37	70
862	38	50
862	39	40
862	40	110
863	1	40
863	2	40
863	3	100
863	4	80
863	5	100
863	6	100
863	7	10
863	8	80
863	9	70
863	10	100
863	11	80
863	12	70
863	13	10
863	14	60
863	15	90
863	16	60
863	17	10
863	18	90
863	19	50
863	20	50
863	21	20
863	22	90
863	23	60
863	24	50
863	25	70
863	26	90
863	27	10
863	28	80
863	29	30
863	30	80
863	31	50
863	32	90
863	33	50
863	34	40
863	35	90
863	36	10
863	37	50
863	38	50
863	39	80
863	40	70
864	1	0
864	2	0
864	3	50
864	4	50
864	5	60
864	6	60
864	7	0
864	8	90
864	9	50
864	10	70
864	11	100
864	12	50
864	13	0
864	14	60
864	15	70
864	16	0
864	17	20
864	18	50
864	19	50
864	20	50
864	21	20
864	22	70
864	23	80
864	24	70
864	25	50
864	26	70
864	27	10
864	28	70
864	29	0
864	30	50
864	31	70
864	32	70
864	33	50
864	34	0
864	35	70
864	36	10
864	37	50
864	38	50
864	39	50
864	40	50
865	1	70
865	2	90
865	3	60
865	4	80
865	5	30
865	6	80
865	7	100
865	8	100
865	9	110
865	10	120
865	11	100
865	12	50
865	13	80
865	14	100
865	15	90
865	16	70
865	17	80
865	18	80
865	19	90
865	20	90
865	21	120
865	22	90
865	23	50
865	24	60
865	25	70
865	26	100
865	27	100
865	28	120
865	29	120
865	30	10
865	31	70
865	32	110
865	33	80
865	34	110
865	35	110
865	36	60
865	37	80
865	38	70
865	39	50
865	40	110
866	1	20
866	2	20
866	3	80
866	4	80
866	5	100
866	6	80
866	7	50
866	8	120
866	9	90
866	10	120
866	11	120
866	12	50
866	13	30
866	14	100
866	15	90
866	16	40
866	17	30
866	18	70
866	19	70
866	20	70
866	21	60
866	22	110
866	23	100
866	24	50
866	25	90
866	26	110
866	27	10
866	28	100
866	29	50
866	30	60
866	31	90
866	32	110
866	33	50
866	34	40
866	35	110
866	36	10
866	37	70
866	38	50
866	39	100
866	40	110
867	1	50
867	2	50
867	3	80
867	4	80
867	5	30
867	6	80
867	7	100
867	8	100
867	9	70
867	10	80
867	11	100
867	12	50
867	13	80
867	14	100
867	15	70
867	16	70
867	17	80
867	18	60
867	19	70
867	20	70
867	21	100
867	22	90
867	23	30
867	24	60
867	25	90
867	26	80
867	27	60
867	28	80
867	29	80
867	30	10
867	31	30
867	32	70
867	33	60
867	34	70
867	35	70
867	36	60
867	37	80
867	38	50
867	39	50
867	40	90
868	1	0
868	2	0
868	3	60
868	4	60
868	5	80
868	6	60
868	7	10
868	8	80
868	9	50
868	10	60
868	11	80
868	12	50
868	13	10
868	14	60
868	15	70
868	16	0
868	17	30
868	18	60
868	19	50
868	20	70
868	21	10
868	22	50
868	23	80
868	24	80
868	25	70
868	26	80
868	27	10
868	28	60
868	29	10
868	30	60
868	31	80
868	32	50
868	33	60
868	34	0
868	35	50
868	36	30
868	37	60
868	38	70
868	39	60
868	40	50
869	1	0
869	2	0
869	3	70
869	4	50
869	5	70
869	6	70
869	7	0
869	8	90
869	9	50
869	10	70
869	11	90
869	12	50
869	13	0
869	14	50
869	15	70
869	16	20
869	17	0
869	18	50
869	19	50
869	20	50
869	21	40
869	22	90
869	23	70
869	24	50
869	25	70
869	26	90
869	27	0
869	28	70
869	29	0
869	30	50
869	31	70
869	32	90
869	33	50
869	34	0
869	35	70
869	36	0
869	37	50
869	38	50
869	39	70
869	40	50
870	1	70
870	2	90
870	3	70
870	4	50
870	5	50
870	6	100
870	7	70
870	8	110
870	9	110
870	10	90
870	11	120
870	12	50
870	13	70
870	14	80
870	15	130
870	16	90
870	17	70
870	18	70
870	19	50
870	20	70
870	21	130
870	22	90
870	23	30
870	24	70
870	25	70
870	26	110
870	27	80
870	28	90
870	29	70
870	30	0
870	31	40
870	32	110
870	33	50
870	34	90
870	35	90
870	36	60
870	37	70
870	38	70
870	39	60
870	40	90
871	1	70
871	2	70
871	3	70
871	4	90
871	5	10
871	6	80
871	7	70
871	8	70
871	9	50
871	10	90
871	11	80
871	12	70
871	13	50
871	14	80
871	15	50
871	16	70
871	17	70
871	18	70
871	19	70
871	20	70
871	21	50
871	22	90
871	23	30
871	24	50
871	25	70
871	26	50
871	27	60
871	28	90
871	29	70
871	30	20
871	31	20
871	32	50
871	33	50
871	34	90
871	35	90
871	36	60
871	37	50
871	38	50
871	39	0
871	40	70
872	1	20
872	2	40
872	3	50
872	4	50
872	5	80
872	6	80
872	7	0
872	8	70
872	9	90
872	10	90
872	11	80
872	12	50
872	13	0
872	14	60
872	15	90
872	16	20
872	17	0
872	18	70
872	19	50
872	20	70
872	21	40
872	22	70
872	23	80
872	24	50
872	25	50
872	26	90
872	27	30
872	28	90
872	29	20
872	30	50
872	31	90
872	32	90
872	33	50
872	34	40
872	35	90
872	36	10
872	37	50
872	38	70
872	39	70
872	40	70
873	1	70
873	2	90
873	3	50
873	4	70
873	5	20
873	6	70
873	7	90
873	8	70
873	9	110
873	10	90
873	11	70
873	12	50
873	13	70
873	14	90
873	15	90
873	16	70
873	17	70
873	18	70
873	19	90
873	20	90
873	21	90
873	22	70
873	23	20
873	24	50
873	25	70
873	26	70
873	27	90
873	28	90
873	29	110
873	30	0
873	31	40
873	32	90
873	33	70
873	34	110
873	35	90
873	36	50
873	37	70
873	38	70
873	39	40
873	40	110
874	1	50
874	2	50
874	3	60
874	4	60
874	5	10
874	6	60
874	7	80
874	8	60
874	9	70
874	10	60
874	11	60
874	12	50
874	13	80
874	14	80
874	15	50
874	16	50
874	17	60
874	18	50
874	19	50
874	20	50
874	21	70
874	22	50
874	23	10
874	24	50
874	25	50
874	26	50
874	27	60
874	28	60
874	29	60
874	30	10
874	31	0
874	32	50
874	33	50
874	34	50
874	35	50
874	36	60
874	37	70
874	38	50
874	39	30
874	40	70
875	1	0
875	2	20
875	3	80
875	4	60
875	5	80
875	6	100
875	7	10
875	8	120
875	9	70
875	10	80
875	11	120
875	12	50
875	13	10
875	14	60
875	15	110
875	16	20
875	17	30
875	18	60
875	19	50
875	20	70
875	21	70
875	22	90
875	23	80
875	24	80
875	25	70
875	26	100
875	27	30
875	28	100
875	29	10
875	30	60
875	31	100
875	32	90
875	33	60
875	34	20
875	35	70
875	36	10
875	37	60
875	38	70
875	39	100
875	40	50
876	1	20
876	2	20
876	3	80
876	4	60
876	5	100
876	6	80
876	7	30
876	8	120
876	9	90
876	10	100
876	11	120
876	12	50
876	13	30
876	14	80
876	15	110
876	16	40
876	17	30
876	18	80
876	19	50
876	20	50
876	21	70
876	22	90
876	23	80
876	24	80
876	25	70
876	26	120
876	27	10
876	28	80
876	29	30
876	30	60
876	31	80
876	32	110
876	33	60
876	34	20
876	35	90
876	36	10
876	37	80
876	38	50
876	39	100
876	40	90
877	1	90
877	2	110
877	3	80
877	4	100
877	5	30
877	6	100
877	7	80
877	8	80
877	9	90
877	10	120
877	11	80
877	12	70
877	13	60
877	14	80
877	15	90
877	16	90
877	17	80
877	18	90
877	19	70
877	20	90
877	21	70
877	22	90
877	23	30
877	24	50
877	25	70
877	26	70
877	27	80
877	28	120
877	29	100
877	30	30
877	31	40
877	32	70
877	33	50
877	34	130
877	35	110
877	36	60
877	37	50
877	38	70
877	39	30
877	40	90
878	1	20
878	2	20
878	3	90
878	4	90
878	5	100
878	6	100
878	7	40
878	8	110
878	9	90
878	10	130
878	11	120
878	12	50
878	13	20
878	14	100
878	15	90
878	16	40
878	17	20
878	18	70
878	19	70
878	20	70
878	21	60
878	22	110
878	23	100
878	24	50
878	25	90
878	26	110
878	27	10
878	28	110
878	29	40
878	30	50
878	31	90
878	32	110
878	33	50
878	34	40
878	35	110
878	36	10
878	37	70
878	38	50
878	39	90
878	40	110
879	1	70
879	2	90
879	3	50
879	4	70
879	5	30
879	6	80
879	7	70
879	8	70
879	9	90
879	10	90
879	11	80
879	12	50
879	13	50
879	14	80
879	15	90
879	16	70
879	17	70
879	18	70
879	19	70
879	20	90
879	21	70
879	22	70
879	23	30
879	24	50
879	25	70
879	26	70
879	27	80
879	28	90
879	29	90
879	30	0
879	31	40
879	32	70
879	33	50
879	34	110
879	35	90
879	36	60
879	37	50
879	38	70
879	39	20
879	40	90
880	1	70
880	2	90
880	3	80
880	4	80
880	5	50
880	6	100
880	7	100
880	8	100
880	9	110
880	10	100
880	11	100
880	12	50
880	13	80
880	14	100
880	15	110
880	16	90
880	17	80
880	18	80
880	19	70
880	20	90
880	21	120
880	22	90
880	23	30
880	24	60
880	25	90
880	26	100
880	27	80
880	28	100
880	29	100
880	30	10
880	31	50
880	32	90
880	33	60
880	34	110
880	35	90
880	36	60
880	37	80
880	38	70
880	39	70
880	40	110
881	1	0
881	2	0
881	3	80
881	4	80
881	5	80
881	6	80
881	7	30
881	8	100
881	9	50
881	10	80
881	11	100
881	12	50
881	13	10
881	14	80
881	15	70
881	16	20
881	17	30
881	18	60
881	19	70
881	20	70
881	21	30
881	22	90
881	23	80
881	24	60
881	25	90
881	26	80
881	27	10
881	28	80
881	29	30
881	30	60
881	31	80
881	32	70
881	33	60
881	34	20
881	35	70
881	36	10
881	37	60
881	38	50
881	39	80
881	40	70
882	1	0
882	2	20
882	3	80
882	4	60
882	5	80
882	6	100
882	7	30
882	8	100
882	9	90
882	10	80
882	11	100
882	12	50
882	13	30
882	14	80
882	15	90
882	16	20
882	17	10
882	18	60
882	19	50
882	20	70
882	21	90
882	22	90
882	23	80
882	24	60
882	25	70
882	26	100
882	27	30
882	28	100
882	29	10
882	30	60
882	31	100
882	32	90
882	33	60
882	34	20
882	35	70
882	36	10
882	37	80
882	38	70
882	39	120
882	40	70
883	1	70
883	2	90
883	3	50
883	4	50
883	5	20
883	6	70
883	7	70
883	8	50
883	9	110
883	10	70
883	11	50
883	12	50
883	13	70
883	14	70
883	15	90
883	16	70
883	17	50
883	18	70
883	19	50
883	20	70
883	21	90
883	22	50
883	23	0
883	24	50
883	25	50
883	26	70
883	27	70
883	28	70
883	29	70
883	30	0
883	31	20
883	32	70
883	33	50
883	34	90
883	35	70
883	36	50
883	37	70
883	38	70
883	39	40
883	40	90
884	1	50
884	2	70
884	3	80
884	4	80
884	5	50
884	6	100
884	7	80
884	8	140
884	9	70
884	10	100
884	11	140
884	12	50
884	13	60
884	14	80
884	15	110
884	16	70
884	17	100
884	18	50
884	19	70
884	20	110
884	21	110
884	22	110
884	23	70
884	24	70
884	25	110
884	26	110
884	27	80
884	28	120
884	29	80
884	30	10
884	31	80
884	32	90
884	33	50
884	34	90
884	35	90
884	36	80
884	37	50
884	38	90
884	39	50
884	40	70
885	1	0
885	2	20
885	3	70
885	4	70
885	5	70
885	6	90
885	7	40
885	8	130
885	9	90
885	10	90
885	11	130
885	12	50
885	13	20
885	14	90
885	15	110
885	16	20
885	17	40
885	18	50
885	19	70
885	20	90
885	21	80
885	22	110
885	23	90
885	24	70
885	25	90
885	26	90
885	27	20
885	28	110
885	29	20
885	30	50
885	31	110
885	32	90
885	33	50
885	34	40
885	35	90
885	36	0
885	37	70
885	38	70
885	39	110
885	40	90
886	1	50
886	2	50
886	3	70
886	4	90
886	5	0
886	6	70
886	7	90
886	8	70
886	9	70
886	10	90
886	11	70
886	12	50
886	13	70
886	14	90
886	15	50
886	16	50
886	17	70
886	18	50
886	19	70
886	20	70
886	21	70
886	22	70
886	23	20
886	24	50
886	25	70
886	26	50
886	27	50
886	28	90
886	29	70
886	30	0
886	31	20
886	32	50
886	33	50
886	34	70
886	35	70
886	36	50
886	37	70
886	38	50
886	39	20
886	40	90
887	1	40
887	2	60
887	3	70
887	4	90
887	5	70
887	6	90
887	7	20
887	8	90
887	9	90
887	10	130
887	11	90
887	12	70
887	13	0
887	14	70
887	15	90
887	16	40
887	17	20
887	18	90
887	19	70
887	20	90
887	21	40
887	22	110
887	23	90
887	24	50
887	25	70
887	26	90
887	27	20
887	28	130
887	29	40
887	30	70
887	31	110
887	32	90
887	33	50
887	34	80
887	35	130
887	36	0
887	37	50
887	38	70
887	39	70
887	40	90
888	1	70
888	2	70
888	3	70
888	4	70
888	5	40
888	6	70
888	7	90
888	8	110
888	9	90
888	10	90
888	11	110
888	12	50
888	13	70
888	14	90
888	15	110
888	16	90
888	17	90
888	18	70
888	19	70
888	20	70
888	21	90
888	22	90
888	23	20
888	24	70
888	25	90
888	26	90
888	27	50
888	28	70
888	29	90
888	30	0
888	31	20
888	32	90
888	33	50
888	34	90
888	35	90
888	36	50
888	37	70
888	38	50
888	39	40
888	40	110
889	1	50
889	2	70
889	3	50
889	4	50
889	5	20
889	6	70
889	7	50
889	8	90
889	9	70
889	10	70
889	11	90
889	12	50
889	13	50
889	14	50
889	15	90
889	16	50
889	17	70
889	18	50
889	19	50
889	20	90
889	21	90
889	22	70
889	23	40
889	24	70
889	25	70
889	26	90
889	27	70
889	28	90
889	29	50
889	30	0
889	31	60
889	32	70
889	33	50
889	34	70
889	35	70
889	36	70
889	37	50
889	38	90
889	39	20
889	40	50
890	1	50
890	2	70
890	3	80
890	4	80
890	5	10
890	6	100
890	7	60
890	8	80
890	9	70
890	10	100
890	11	80
890	12	50
890	13	60
890	14	60
890	15	70
890	16	50
890	17	60
890	18	60
890	19	50
890	20	70
890	21	100
890	22	70
890	23	30
890	24	60
890	25	50
890	26	80
890	27	80
890	28	120
890	29	60
890	30	10
890	31	50
890	32	70
890	33	60
890	34	70
890	35	70
890	36	60
890	37	60
890	38	70
890	39	30
890	40	50
891	1	70
891	2	70
891	3	90
891	4	70
891	5	50
891	6	100
891	7	70
891	8	90
891	9	90
891	10	110
891	11	100
891	12	50
891	13	70
891	14	80
891	15	90
891	16	90
891	17	50
891	18	70
891	19	50
891	20	50
891	21	110
891	22	90
891	23	30
891	24	50
891	25	70
891	26	110
891	27	60
891	28	90
891	29	70
891	30	0
891	31	20
891	32	110
891	33	50
891	34	70
891	35	90
891	36	60
891	37	70
891	38	50
891	39	40
891	40	90
892	1	50
892	2	50
892	3	80
892	4	80
892	5	30
892	6	80
892	7	80
892	8	120
892	9	50
892	10	100
892	11	120
892	12	50
892	13	60
892	14	80
892	15	70
892	16	70
892	17	80
892	18	60
892	19	70
892	20	70
892	21	100
892	22	110
892	23	50
892	24	60
892	25	90
892	26	100
892	27	60
892	28	100
892	29	80
892	30	10
892	31	50
892	32	90
892	33	60
892	34	70
892	35	90
892	36	60
892	37	60
892	38	50
892	39	30
892	40	70
893	1	50
893	2	50
893	3	60
893	4	60
893	5	10
893	6	60
893	7	80
893	8	80
893	9	70
893	10	80
893	11	80
893	12	50
893	13	80
893	14	80
893	15	50
893	16	50
893	17	60
893	18	50
893	19	50
893	20	50
893	21	90
893	22	70
893	23	30
893	24	50
893	25	50
893	26	70
893	27	60
893	28	80
893	29	60
893	30	10
893	31	20
893	32	70
893	33	50
893	34	50
893	35	70
893	36	60
893	37	70
893	38	50
893	39	30
893	40	70
894	1	20
894	2	40
894	3	80
894	4	60
894	5	120
894	6	100
894	7	10
894	8	120
894	9	90
894	10	100
894	11	120
894	12	50
894	13	10
894	14	60
894	15	130
894	16	40
894	17	30
894	18	70
894	19	50
894	20	90
894	21	60
894	22	90
894	23	100
894	24	70
894	25	90
894	26	130
894	27	30
894	28	100
894	29	30
894	30	60
894	31	110
894	32	110
894	33	50
894	34	40
894	35	90
894	36	30
894	37	50
894	38	90
894	39	100
894	40	70
895	1	50
895	2	70
895	3	80
895	4	60
895	5	30
895	6	100
895	7	60
895	8	100
895	9	70
895	10	60
895	11	100
895	12	50
895	13	60
895	14	60
895	15	110
895	16	70
895	17	80
895	18	50
895	19	50
895	20	70
895	21	90
895	22	70
895	23	10
895	24	70
895	25	70
895	26	70
895	27	80
895	28	80
895	29	60
895	30	10
895	31	20
895	32	70
895	33	50
895	34	70
895	35	50
895	36	60
895	37	50
895	38	70
895	39	50
895	40	50
896	1	20
896	2	20
896	3	70
896	4	70
896	5	100
896	6	80
896	7	40
896	8	110
896	9	90
896	10	110
896	11	120
896	12	50
896	13	20
896	14	100
896	15	90
896	16	40
896	17	20
896	18	70
896	19	70
896	20	70
896	21	60
896	22	110
896	23	100
896	24	50
896	25	90
896	26	110
896	27	10
896	28	90
896	29	40
896	30	50
896	31	90
896	32	110
896	33	50
896	34	40
896	35	110
896	36	10
896	37	70
896	38	50
896	39	90
896	40	110
897	1	70
897	2	70
897	3	60
897	4	80
897	5	30
897	6	60
897	7	100
897	8	120
897	9	90
897	10	120
897	11	120
897	12	50
897	13	80
897	14	100
897	15	90
897	16	70
897	17	100
897	18	70
897	19	70
897	20	70
897	21	90
897	22	90
897	23	50
897	24	70
897	25	70
897	26	90
897	27	60
897	28	100
897	29	100
897	30	10
897	31	40
897	32	90
897	33	50
897	34	90
897	35	110
897	36	60
897	37	70
897	38	50
897	39	30
897	40	110
898	1	0
898	2	0
898	3	50
898	4	50
898	5	50
898	6	50
898	7	20
898	8	70
898	9	70
898	10	50
898	11	70
898	12	50
898	13	20
898	14	70
898	15	70
898	16	0
898	17	20
898	18	50
898	19	50
898	20	50
898	21	20
898	22	50
898	23	50
898	24	70
898	25	50
898	26	50
898	27	0
898	28	50
898	29	0
898	30	50
898	31	50
898	32	50
898	33	50
898	34	0
898	35	50
898	36	0
898	37	70
898	38	50
898	39	70
898	40	70
899	1	0
899	2	20
899	3	50
899	4	70
899	5	50
899	6	70
899	7	40
899	8	90
899	9	90
899	10	90
899	11	90
899	12	50
899	13	20
899	14	90
899	15	70
899	16	0
899	17	20
899	18	50
899	19	70
899	20	90
899	21	60
899	22	90
899	23	90
899	24	50
899	25	70
899	26	70
899	27	20
899	28	110
899	29	20
899	30	50
899	31	110
899	32	70
899	33	50
899	34	40
899	35	90
899	36	0
899	37	70
899	38	70
899	39	90
899	40	90
900	1	50
900	2	70
900	3	70
900	4	50
900	5	40
900	6	90
900	7	50
900	8	90
900	9	70
900	10	50
900	11	90
900	12	50
900	13	50
900	14	50
900	15	110
900	16	70
900	17	70
900	18	50
900	19	50
900	20	90
900	21	90
900	22	70
900	23	20
900	24	70
900	25	90
900	26	90
900	27	70
900	28	70
900	29	50
900	30	0
900	31	40
900	32	70
900	33	50
900	34	70
900	35	50
900	36	70
900	37	50
900	38	90
900	39	40
900	40	50
901	1	70
901	2	90
901	3	90
901	4	90
901	5	50
901	6	120
901	7	70
901	8	110
901	9	90
901	10	130
901	11	120
901	12	50
901	13	50
901	14	80
901	15	110
901	16	90
901	17	70
901	18	70
901	19	70
901	20	90
901	21	110
901	22	110
901	23	50
901	24	50
901	25	90
901	26	110
901	27	80
901	28	130
901	29	90
901	30	0
901	31	60
901	32	110
901	33	50
901	34	110
901	35	110
901	36	60
901	37	50
901	38	70
901	39	40
901	40	90
902	1	70
902	2	70
902	3	80
902	4	60
902	5	70
902	6	80
902	7	60
902	8	120
902	9	70
902	10	100
902	11	120
902	12	50
902	13	60
902	14	60
902	15	110
902	16	90
902	17	80
902	18	80
902	19	50
902	20	70
902	21	100
902	22	90
902	23	50
902	24	80
902	25	90
902	26	140
902	27	60
902	28	80
902	29	80
902	30	10
902	31	50
902	32	110
902	33	60
902	34	70
902	35	90
902	36	80
902	37	60
902	38	70
902	39	30
902	40	70
903	1	50
903	2	50
903	3	80
903	4	60
903	5	30
903	6	80
903	7	80
903	8	100
903	9	70
903	10	60
903	11	100
903	12	50
903	13	80
903	14	80
903	15	90
903	16	70
903	17	80
903	18	60
903	19	50
903	20	50
903	21	100
903	22	70
903	23	10
903	24	80
903	25	70
903	26	80
903	27	60
903	28	60
903	29	60
903	30	10
903	31	10
903	32	70
903	33	60
903	34	50
903	35	50
903	36	60
903	37	80
903	38	50
903	39	50
903	40	70
904	1	70
904	2	90
904	3	80
904	4	60
904	5	50
904	6	100
904	7	80
904	8	120
904	9	110
904	10	100
904	11	120
904	12	50
904	13	80
904	14	80
904	15	130
904	16	90
904	17	80
904	18	70
904	19	50
904	20	70
904	21	130
904	22	90
904	23	30
904	24	70
904	25	70
904	26	110
904	27	80
904	28	100
904	29	80
904	30	10
904	31	40
904	32	110
904	33	50
904	34	90
904	35	90
904	36	60
904	37	70
904	38	70
904	39	70
904	40	90
905	1	50
905	2	70
905	3	60
905	4	80
905	5	10
905	6	80
905	7	80
905	8	100
905	9	70
905	10	100
905	11	100
905	12	50
905	13	60
905	14	80
905	15	70
905	16	50
905	17	80
905	18	60
905	19	70
905	20	90
905	21	100
905	22	90
905	23	50
905	24	60
905	25	70
905	26	80
905	27	80
905	28	120
905	29	80
905	30	10
905	31	70
905	32	70
905	33	60
905	34	90
905	35	90
905	36	60
905	37	60
905	38	70
905	39	30
905	40	70
906	1	50
906	2	50
906	3	50
906	4	50
906	5	10
906	6	60
906	7	70
906	8	50
906	9	70
906	10	50
906	11	60
906	12	50
906	13	70
906	14	80
906	15	50
906	16	50
906	17	50
906	18	50
906	19	50
906	20	50
906	21	70
906	22	50
906	23	10
906	24	50
906	25	50
906	26	50
906	27	60
906	28	50
906	29	50
906	30	0
906	31	0
906	32	50
906	33	50
906	34	50
906	35	50
906	36	60
906	37	70
906	38	50
906	39	20
906	40	70
907	1	0
907	2	20
907	3	80
907	4	80
907	5	100
907	6	100
907	7	30
907	8	120
907	9	70
907	10	80
907	11	120
907	12	50
907	13	10
907	14	80
907	15	110
907	16	20
907	17	50
907	18	50
907	19	70
907	20	110
907	21	40
907	22	90
907	23	100
907	24	70
907	25	110
907	26	90
907	27	30
907	28	100
907	29	30
907	30	60
907	31	110
907	32	70
907	33	50
907	34	40
907	35	70
907	36	30
907	37	50
907	38	90
907	39	100
907	40	70
908	1	20
908	2	20
908	3	80
908	4	80
908	5	100
908	6	80
908	7	30
908	8	140
908	9	70
908	10	120
908	11	140
908	12	50
908	13	10
908	14	80
908	15	110
908	16	40
908	17	50
908	18	70
908	19	70
908	20	70
908	21	40
908	22	110
908	23	100
908	24	70
908	25	90
908	26	110
908	27	10
908	28	100
908	29	50
908	30	60
908	31	90
908	32	110
908	33	50
908	34	40
908	35	110
908	36	10
908	37	50
908	38	50
908	39	80
908	40	90
909	1	90
909	2	110
909	3	80
909	4	80
909	5	30
909	6	100
909	7	60
909	8	80
909	9	90
909	10	120
909	11	80
909	12	70
909	13	60
909	14	60
909	15	90
909	16	90
909	17	60
909	18	100
909	19	50
909	20	70
909	21	100
909	22	90
909	23	30
909	24	60
909	25	50
909	26	100
909	27	80
909	28	120
909	29	80
909	30	30
909	31	50
909	32	90
909	33	60
909	34	110
909	35	110
909	36	60
909	37	60
909	38	70
909	39	30
909	40	70
910	1	50
910	2	70
910	3	50
910	4	50
910	5	20
910	6	70
910	7	50
910	8	70
910	9	70
910	10	50
910	11	70
910	12	50
910	13	50
910	14	50
910	15	90
910	16	50
910	17	70
910	18	50
910	19	50
910	20	90
910	21	70
910	22	50
910	23	20
910	24	70
910	25	70
910	26	70
910	27	70
910	28	70
910	29	50
910	30	0
910	31	40
910	32	50
910	33	50
910	34	70
910	35	50
910	36	70
910	37	50
910	38	90
910	39	20
910	40	50
911	1	0
911	2	20
911	3	70
911	4	70
911	5	70
911	6	90
911	7	40
911	8	130
911	9	90
911	10	90
911	11	130
911	12	50
911	13	20
911	14	90
911	15	110
911	16	20
911	17	40
911	18	50
911	19	70
911	20	90
911	21	80
911	22	110
911	23	90
911	24	70
911	25	90
911	26	90
911	27	20
911	28	110
911	29	20
911	30	50
911	31	110
911	32	90
911	33	50
911	34	40
911	35	90
911	36	0
911	37	70
911	38	70
911	39	110
911	40	90
912	1	70
912	2	70
912	3	60
912	4	80
912	5	30
912	6	60
912	7	80
912	8	100
912	9	70
912	10	100
912	11	100
912	12	50
912	13	60
912	14	80
912	15	90
912	16	70
912	17	100
912	18	70
912	19	70
912	20	70
912	21	50
912	22	70
912	23	30
912	24	70
912	25	70
912	26	70
912	27	60
912	28	80
912	29	100
912	30	10
912	31	20
912	32	70
912	33	50
912	34	90
912	35	90
912	36	60
912	37	50
912	38	50
912	39	10
912	40	90
913	1	20
913	2	40
913	3	70
913	4	90
913	5	80
913	6	100
913	7	40
913	8	70
913	9	110
913	10	110
913	11	80
913	12	50
913	13	20
913	14	100
913	15	90
913	16	20
913	17	20
913	18	70
913	19	70
913	20	90
913	21	40
913	22	70
913	23	80
913	24	50
913	25	70
913	26	70
913	27	30
913	28	110
913	29	40
913	30	50
913	31	90
913	32	70
913	33	50
913	34	60
913	35	90
913	36	10
913	37	70
913	38	70
913	39	90
913	40	110
914	1	20
914	2	20
914	3	90
914	4	70
914	5	90
914	6	90
914	7	0
914	8	90
914	9	70
914	10	110
914	11	90
914	12	50
914	13	0
914	14	50
914	15	90
914	16	40
914	17	0
914	18	70
914	19	50
914	20	50
914	21	40
914	22	90
914	23	70
914	24	50
914	25	70
914	26	110
914	27	0
914	28	90
914	29	20
914	30	50
914	31	70
914	32	110
914	33	50
914	34	20
914	35	90
914	36	0
914	37	50
914	38	50
914	39	70
914	40	70
915	1	0
915	2	20
915	3	70
915	4	50
915	5	70
915	6	90
915	7	0
915	8	110
915	9	70
915	10	70
915	11	110
915	12	50
915	13	0
915	14	50
915	15	110
915	16	20
915	17	20
915	18	50
915	19	50
915	20	70
915	21	60
915	22	90
915	23	70
915	24	70
915	25	70
915	26	90
915	27	20
915	28	90
915	29	0
915	30	50
915	31	90
915	32	90
915	33	50
915	34	20
915	35	70
915	36	0
915	37	50
915	38	70
915	39	90
915	40	50
916	1	40
916	2	60
916	3	80
916	4	100
916	5	80
916	6	100
916	7	30
916	8	100
916	9	90
916	10	140
916	11	100
916	12	70
916	13	10
916	14	80
916	15	90
916	16	40
916	17	30
916	18	90
916	19	70
916	20	90
916	21	40
916	22	110
916	23	100
916	24	50
916	25	70
916	26	90
916	27	30
916	28	140
916	29	50
916	30	80
916	31	110
916	32	90
916	33	50
916	34	80
916	35	130
916	36	10
916	37	50
916	38	70
916	39	80
916	40	90
917	1	50
917	2	70
917	3	60
917	4	60
917	5	10
917	6	80
917	7	60
917	8	80
917	9	70
917	10	60
917	11	80
917	12	50
917	13	60
917	14	60
917	15	90
917	16	50
917	17	80
917	18	60
917	19	50
917	20	70
917	21	80
917	22	50
917	23	10
917	24	80
917	25	50
917	26	60
917	27	80
917	28	80
917	29	60
917	30	10
917	31	30
917	32	50
917	33	60
917	34	70
917	35	50
917	36	60
917	37	60
917	38	70
917	39	30
917	40	50
918	1	20
918	2	20
918	3	50
918	4	70
918	5	80
918	6	60
918	7	20
918	8	90
918	9	70
918	10	90
918	11	100
918	12	50
918	13	0
918	14	80
918	15	90
918	16	20
918	17	40
918	18	70
918	19	70
918	20	70
918	21	0
918	22	70
918	23	80
918	24	70
918	25	70
918	26	70
918	27	10
918	28	70
918	29	40
918	30	50
918	31	70
918	32	70
918	33	50
918	34	40
918	35	90
918	36	10
918	37	50
918	38	50
918	39	50
918	40	90
919	1	20
919	2	40
919	3	50
919	4	50
919	5	70
919	6	70
919	7	20
919	8	50
919	9	110
919	10	70
919	11	50
919	12	50
919	13	20
919	14	70
919	15	90
919	16	20
919	17	0
919	18	70
919	19	50
919	20	70
919	21	40
919	22	50
919	23	50
919	24	50
919	25	50
919	26	70
919	27	20
919	28	70
919	29	20
919	30	50
919	31	70
919	32	70
919	33	50
919	34	40
919	35	70
919	36	0
919	37	70
919	38	70
919	39	90
919	40	90
920	1	50
920	2	70
920	3	80
920	4	80
920	5	30
920	6	100
920	7	100
920	8	100
920	9	90
920	10	80
920	11	100
920	12	50
920	13	80
920	14	100
920	15	90
920	16	70
920	17	80
920	18	50
920	19	90
920	20	90
920	21	110
920	22	90
920	23	30
920	24	50
920	25	90
920	26	70
920	27	100
920	28	100
920	29	100
920	30	10
920	31	40
920	32	90
920	33	70
920	34	90
920	35	70
920	36	60
920	37	70
920	38	70
920	39	70
920	40	90
921	1	0
921	2	0
921	3	80
921	4	60
921	5	80
921	6	80
921	7	30
921	8	80
921	9	70
921	10	60
921	11	80
921	12	50
921	13	30
921	14	80
921	15	70
921	16	20
921	17	10
921	18	50
921	19	50
921	20	50
921	21	40
921	22	70
921	23	60
921	24	50
921	25	70
921	26	70
921	27	10
921	28	60
921	29	10
921	30	60
921	31	50
921	32	70
921	33	50
921	34	0
921	35	50
921	36	10
921	37	70
921	38	50
921	39	100
921	40	70
922	1	0
922	2	20
922	3	50
922	4	50
922	5	60
922	6	80
922	7	20
922	8	50
922	9	90
922	10	50
922	11	60
922	12	50
922	13	20
922	14	80
922	15	70
922	16	0
922	17	0
922	18	50
922	19	50
922	20	70
922	21	40
922	22	50
922	23	60
922	24	50
922	25	50
922	26	50
922	27	30
922	28	70
922	29	0
922	30	50
922	31	70
922	32	50
922	33	50
922	34	20
922	35	50
922	36	10
922	37	70
922	38	70
922	39	90
922	40	70
923	1	70
923	2	90
923	3	80
923	4	80
923	5	50
923	6	100
923	7	100
923	8	100
923	9	110
923	10	100
923	11	100
923	12	50
923	13	80
923	14	100
923	15	110
923	16	90
923	17	80
923	18	80
923	19	70
923	20	90
923	21	120
923	22	90
923	23	30
923	24	60
923	25	90
923	26	100
923	27	80
923	28	100
923	29	100
923	30	10
923	31	50
923	32	90
923	33	60
923	34	110
923	35	90
923	36	60
923	37	80
923	38	70
923	39	70
923	40	110
924	1	20
924	2	20
924	3	80
924	4	80
924	5	100
924	6	80
924	7	50
924	8	100
924	9	90
924	10	100
924	11	100
924	12	50
924	13	30
924	14	100
924	15	90
924	16	40
924	17	30
924	18	70
924	19	70
924	20	70
924	21	40
924	22	90
924	23	80
924	24	50
924	25	90
924	26	90
924	27	10
924	28	80
924	29	50
924	30	60
924	31	70
924	32	90
924	33	50
924	34	40
924	35	90
924	36	10
924	37	70
924	38	50
924	39	100
924	40	110
925	1	50
925	2	50
925	3	50
925	4	70
925	5	10
925	6	60
925	7	90
925	8	110
925	9	70
925	10	90
925	11	120
925	12	50
925	13	70
925	14	100
925	15	70
925	16	50
925	17	90
925	18	50
925	19	70
925	20	70
925	21	90
925	22	90
925	23	50
925	24	70
925	25	70
925	26	70
925	27	60
925	28	90
925	29	70
925	30	0
925	31	40
925	32	70
925	33	50
925	34	70
925	35	90
925	36	60
925	37	70
925	38	50
925	39	20
925	40	90
926	1	70
926	2	90
926	3	50
926	4	50
926	5	30
926	6	80
926	7	70
926	8	70
926	9	110
926	10	70
926	11	80
926	12	50
926	13	70
926	14	80
926	15	110
926	16	70
926	17	70
926	18	70
926	19	50
926	20	70
926	21	90
926	22	50
926	23	10
926	24	70
926	25	50
926	26	70
926	27	80
926	28	70
926	29	70
926	30	0
926	31	20
926	32	70
926	33	50
926	34	90
926	35	70
926	36	60
926	37	70
926	38	70
926	39	40
926	40	90
927	1	70
927	2	90
927	3	70
927	4	50
927	5	50
927	6	100
927	7	50
927	8	90
927	9	90
927	10	90
927	11	100
927	12	50
927	13	50
927	14	60
927	15	110
927	16	90
927	17	50
927	18	70
927	19	50
927	20	70
927	21	110
927	22	90
927	23	30
927	24	50
927	25	70
927	26	110
927	27	80
927	28	90
927	29	70
927	30	0
927	31	40
927	32	110
927	33	50
927	34	90
927	35	90
927	36	60
927	37	50
927	38	70
927	39	40
927	40	70
928	1	50
928	2	70
928	3	70
928	4	90
928	5	0
928	6	90
928	7	70
928	8	90
928	9	70
928	10	110
928	11	90
928	12	50
928	13	50
928	14	70
928	15	70
928	16	50
928	17	70
928	18	50
928	19	70
928	20	90
928	21	90
928	22	90
928	23	40
928	24	50
928	25	70
928	26	70
928	27	70
928	28	130
928	29	70
928	30	0
928	31	60
928	32	70
928	33	50
928	34	90
928	35	90
928	36	50
928	37	50
928	38	70
928	39	20
928	40	70
929	1	0
929	2	20
929	3	80
929	4	80
929	5	60
929	6	100
929	7	10
929	8	60
929	9	70
929	10	80
929	11	60
929	12	50
929	13	10
929	14	60
929	15	70
929	16	0
929	17	10
929	18	60
929	19	50
929	20	70
929	21	30
929	22	50
929	23	60
929	24	60
929	25	50
929	26	60
929	27	30
929	28	100
929	29	10
929	30	60
929	31	80
929	32	50
929	33	60
929	34	20
929	35	50
929	36	10
929	37	60
929	38	70
929	39	80
929	40	50
930	1	0
930	2	0
930	3	100
930	4	100
930	5	80
930	6	100
930	7	50
930	8	120
930	9	70
930	10	120
930	11	120
930	12	50
930	13	30
930	14	100
930	15	70
930	16	20
930	17	30
930	18	50
930	19	70
930	20	70
930	21	60
930	22	110
930	23	100
930	24	50
930	25	90
930	26	90
930	27	10
930	28	120
930	29	30
930	30	60
930	31	90
930	32	90
930	33	50
930	34	20
930	35	90
930	36	10
930	37	70
930	38	50
930	39	100
930	40	90
931	1	0
931	2	20
931	3	60
931	4	80
931	5	60
931	6	80
931	7	50
931	8	100
931	9	90
931	10	100
931	11	100
931	12	50
931	13	30
931	14	100
931	15	70
931	16	0
931	17	30
931	18	50
931	19	90
931	20	90
931	21	60
931	22	90
931	23	100
931	24	50
931	25	70
931	26	70
931	27	50
931	28	120
931	29	50
931	30	60
931	31	110
931	32	90
931	33	70
931	34	40
931	35	90
931	36	10
931	37	70
931	38	70
931	39	100
931	40	90
932	1	20
932	2	20
932	3	80
932	4	80
932	5	100
932	6	80
932	7	50
932	8	120
932	9	90
932	10	120
932	11	120
932	12	50
932	13	30
932	14	100
932	15	90
932	16	40
932	17	30
932	18	80
932	19	90
932	20	70
932	21	70
932	22	110
932	23	100
932	24	60
932	25	90
932	26	120
932	27	30
932	28	100
932	29	70
932	30	60
932	31	100
932	32	130
932	33	80
932	34	40
932	35	110
932	36	10
932	37	80
932	38	50
932	39	100
932	40	110
933	1	50
933	2	70
933	3	70
933	4	70
933	5	50
933	6	100
933	7	70
933	8	110
933	9	70
933	10	70
933	11	120
933	12	50
933	13	50
933	14	80
933	15	110
933	16	70
933	17	90
933	18	50
933	19	70
933	20	110
933	21	90
933	22	90
933	23	50
933	24	70
933	25	110
933	26	90
933	27	80
933	28	90
933	29	70
933	30	0
933	31	60
933	32	70
933	33	50
933	34	90
933	35	70
933	36	80
933	37	50
933	38	90
933	39	40
933	40	70
934	1	70
934	2	90
934	3	50
934	4	70
934	5	30
934	6	80
934	7	70
934	8	90
934	9	90
934	10	90
934	11	100
934	12	50
934	13	50
934	14	80
934	15	110
934	16	70
934	17	90
934	18	70
934	19	70
934	20	90
934	21	70
934	22	70
934	23	30
934	24	70
934	25	70
934	26	70
934	27	80
934	28	90
934	29	90
934	30	0
934	31	40
934	32	70
934	33	50
934	34	110
934	35	90
934	36	60
934	37	50
934	38	70
934	39	20
934	40	90
935	1	50
935	2	50
935	3	60
935	4	60
935	5	30
935	6	60
935	7	60
935	8	80
935	9	50
935	10	60
935	11	80
935	12	50
935	13	60
935	14	60
935	15	70
935	16	50
935	17	80
935	18	50
935	19	50
935	20	70
935	21	50
935	22	50
935	23	30
935	24	70
935	25	70
935	26	70
935	27	60
935	28	60
935	29	60
935	30	10
935	31	20
935	32	50
935	33	50
935	34	50
935	35	50
935	36	80
935	37	50
935	38	70
935	39	10
935	40	50
936	1	50
936	2	50
936	3	50
936	4	70
936	5	10
936	6	60
936	7	90
936	8	90
936	9	70
936	10	90
936	11	100
936	12	50
936	13	70
936	14	100
936	15	50
936	16	50
936	17	70
936	18	50
936	19	90
936	20	70
936	21	90
936	22	90
936	23	50
936	24	50
936	25	70
936	26	70
936	27	80
936	28	90
936	29	90
936	30	0
936	31	40
936	32	90
936	33	70
936	34	70
936	35	90
936	36	60
936	37	70
936	38	50
936	39	20
936	40	90
937	1	50
937	2	50
937	3	60
937	4	80
937	5	30
937	6	60
937	7	80
937	8	100
937	9	50
937	10	80
937	11	100
937	12	50
937	13	60
937	14	80
937	15	70
937	16	50
937	17	100
937	18	50
937	19	70
937	20	90
937	21	50
937	22	70
937	23	50
937	24	70
937	25	90
937	26	70
937	27	60
937	28	80
937	29	80
937	30	10
937	31	40
937	32	50
937	33	50
937	34	70
937	35	70
937	36	80
937	37	50
937	38	70
937	39	10
937	40	70
938	1	50
938	2	70
938	3	50
938	4	50
938	5	20
938	6	70
938	7	50
938	8	90
938	9	70
938	10	70
938	11	90
938	12	50
938	13	50
938	14	50
938	15	90
938	16	50
938	17	70
938	18	50
938	19	50
938	20	90
938	21	90
938	22	70
938	23	40
938	24	70
938	25	70
938	26	90
938	27	70
938	28	90
938	29	50
938	30	0
938	31	60
938	32	70
938	33	50
938	34	70
938	35	70
938	36	70
938	37	50
938	38	90
938	39	20
938	40	50
939	1	20
939	2	20
939	3	70
939	4	70
939	5	50
939	6	70
939	7	0
939	8	70
939	9	50
939	10	90
939	11	70
939	12	70
939	13	0
939	14	50
939	15	50
939	16	20
939	17	0
939	18	70
939	19	50
939	20	50
939	21	20
939	22	90
939	23	70
939	24	50
939	25	50
939	26	70
939	27	0
939	28	90
939	29	0
939	30	70
939	31	70
939	32	70
939	33	50
939	34	20
939	35	90
939	36	0
939	37	50
939	38	50
939	39	50
939	40	50
940	1	50
940	2	50
940	3	60
940	4	80
940	5	10
940	6	60
940	7	100
940	8	120
940	9	70
940	10	100
940	11	120
940	12	50
940	13	80
940	14	100
940	15	70
940	16	50
940	17	100
940	18	50
940	19	70
940	20	70
940	21	90
940	22	90
940	23	50
940	24	70
940	25	70
940	26	70
940	27	60
940	28	100
940	29	80
940	30	10
940	31	40
940	32	70
940	33	50
940	34	70
940	35	90
940	36	60
940	37	70
940	38	50
940	39	30
940	40	90
941	1	50
941	2	70
941	3	70
941	4	70
941	5	20
941	6	90
941	7	90
941	8	90
941	9	90
941	10	70
941	11	90
941	12	50
941	13	70
941	14	90
941	15	90
941	16	70
941	17	70
941	18	50
941	19	70
941	20	90
941	21	110
941	22	90
941	23	20
941	24	50
941	25	90
941	26	70
941	27	70
941	28	90
941	29	70
941	30	0
941	31	40
941	32	70
941	33	50
941	34	90
941	35	70
941	36	50
941	37	70
941	38	70
941	39	60
941	40	90
942	1	70
942	2	90
942	3	50
942	4	70
942	5	30
942	6	80
942	7	90
942	8	90
942	9	110
942	10	110
942	11	100
942	12	50
942	13	70
942	14	100
942	15	90
942	16	70
942	17	70
942	18	70
942	19	70
942	20	90
942	21	110
942	22	90
942	23	50
942	24	50
942	25	70
942	26	90
942	27	80
942	28	110
942	29	90
942	30	0
942	31	60
942	32	90
942	33	50
942	34	110
942	35	110
942	36	60
942	37	70
942	38	70
942	39	40
942	40	110
943	1	70
943	2	90
943	3	80
943	4	60
943	5	50
943	6	100
943	7	80
943	8	80
943	9	110
943	10	80
943	11	80
943	12	50
943	13	80
943	14	80
943	15	110
943	16	90
943	17	60
943	18	70
943	19	50
943	20	70
943	21	110
943	22	70
943	23	10
943	24	50
943	25	70
943	26	90
943	27	80
943	28	80
943	29	80
943	30	10
943	31	20
943	32	90
943	33	50
943	34	90
943	35	70
943	36	60
943	37	70
943	38	70
943	39	70
943	40	90
944	1	20
944	2	40
944	3	50
944	4	70
944	5	80
944	6	80
944	7	40
944	8	110
944	9	110
944	10	110
944	11	120
944	12	50
944	13	20
944	14	100
944	15	110
944	16	20
944	17	40
944	18	70
944	19	70
944	20	90
944	21	60
944	22	90
944	23	100
944	24	70
944	25	70
944	26	90
944	27	30
944	28	110
944	29	40
944	30	50
944	31	110
944	32	90
944	33	50
944	34	60
944	35	110
944	36	10
944	37	70
944	38	70
944	39	90
944	40	110
945	1	70
945	2	70
945	3	60
945	4	80
945	5	30
945	6	60
945	7	80
945	8	120
945	9	70
945	10	120
945	11	120
945	12	50
945	13	60
945	14	80
945	15	90
945	16	70
945	17	100
945	18	80
945	19	70
945	20	70
945	21	80
945	22	90
945	23	50
945	24	80
945	25	70
945	26	100
945	27	60
945	28	100
945	29	100
945	30	10
945	31	50
945	32	90
945	33	60
945	34	90
945	35	110
945	36	60
945	37	60
945	38	50
945	39	10
945	40	90
946	1	70
946	2	90
946	3	70
946	4	50
946	5	40
946	6	90
946	7	50
946	8	90
946	9	90
946	10	70
946	11	90
946	12	50
946	13	50
946	14	50
946	15	130
946	16	90
946	17	70
946	18	70
946	19	50
946	20	70
946	21	90
946	22	70
946	23	0
946	24	70
946	25	70
946	26	90
946	27	70
946	28	70
946	29	70
946	30	0
946	31	20
946	32	90
946	33	50
946	34	90
946	35	70
946	36	50
946	37	50
946	38	70
946	39	40
946	40	70
947	1	90
947	2	90
947	3	70
947	4	90
947	5	30
947	6	80
947	7	70
947	8	90
947	9	70
947	10	130
947	11	100
947	12	70
947	13	50
947	14	80
947	15	70
947	16	90
947	17	70
947	18	90
947	19	70
947	20	70
947	21	70
947	22	110
947	23	50
947	24	50
947	25	70
947	26	90
947	27	60
947	28	110
947	29	90
947	30	20
947	31	40
947	32	90
947	33	50
947	34	110
947	35	130
947	36	60
947	37	50
947	38	50
947	39	0
947	40	90
948	1	70
948	2	70
948	3	90
948	4	70
948	5	30
948	6	100
948	7	50
948	8	90
948	9	50
948	10	90
948	11	100
948	12	70
948	13	50
948	14	60
948	15	70
948	16	90
948	17	50
948	18	70
948	19	50
948	20	50
948	21	90
948	22	110
948	23	30
948	24	50
948	25	70
948	26	90
948	27	60
948	28	90
948	29	50
948	30	20
948	31	20
948	32	90
948	33	50
948	34	70
948	35	90
948	36	60
948	37	50
948	38	50
948	39	20
948	40	50
949	1	0
949	2	0
949	3	80
949	4	80
949	5	80
949	6	80
949	7	30
949	8	120
949	9	50
949	10	80
949	11	120
949	12	50
949	13	10
949	14	80
949	15	90
949	16	20
949	17	50
949	18	60
949	19	70
949	20	70
949	21	30
949	22	90
949	23	80
949	24	80
949	25	90
949	26	80
949	27	10
949	28	80
949	29	30
949	30	60
949	31	80
949	32	70
949	33	60
949	34	20
949	35	70
949	36	10
949	37	60
949	38	50
949	39	80
949	40	70
950	1	70
950	2	90
950	3	60
950	4	80
950	5	30
950	6	80
950	7	80
950	8	100
950	9	90
950	10	100
950	11	100
950	12	50
950	13	60
950	14	80
950	15	110
950	16	70
950	17	100
950	18	70
950	19	70
950	20	90
950	21	70
950	22	70
950	23	30
950	24	70
950	25	70
950	26	70
950	27	80
950	28	100
950	29	100
950	30	10
950	31	40
950	32	70
950	33	50
950	34	110
950	35	90
950	36	60
950	37	50
950	38	70
950	39	30
950	40	90
951	1	40
951	2	40
951	3	100
951	4	80
951	5	100
951	6	100
951	7	10
951	8	100
951	9	70
951	10	120
951	11	100
951	12	70
951	13	10
951	14	60
951	15	90
951	16	60
951	17	10
951	18	90
951	19	50
951	20	50
951	21	40
951	22	110
951	23	80
951	24	50
951	25	70
951	26	110
951	27	10
951	28	100
951	29	30
951	30	80
951	31	70
951	32	110
951	33	50
951	34	40
951	35	110
951	36	10
951	37	50
951	38	50
951	39	80
951	40	70
952	1	70
952	2	90
952	3	80
952	4	80
952	5	50
952	6	100
952	7	80
952	8	120
952	9	90
952	10	100
952	11	120
952	12	50
952	13	60
952	14	80
952	15	130
952	16	90
952	17	100
952	18	80
952	19	70
952	20	90
952	21	100
952	22	90
952	23	30
952	24	80
952	25	90
952	26	100
952	27	80
952	28	100
952	29	100
952	30	10
952	31	50
952	32	90
952	33	60
952	34	110
952	35	90
952	36	60
952	37	60
952	38	70
952	39	50
952	40	90
953	1	70
953	2	70
953	3	90
953	4	70
953	5	40
953	6	90
953	7	70
953	8	90
953	9	90
953	10	110
953	11	90
953	12	50
953	13	70
953	14	70
953	15	90
953	16	90
953	17	50
953	18	70
953	19	50
953	20	50
953	21	110
953	22	90
953	23	20
953	24	50
953	25	70
953	26	110
953	27	50
953	28	90
953	29	70
953	30	0
953	31	20
953	32	110
953	33	50
953	34	70
953	35	90
953	36	50
953	37	70
953	38	50
953	39	40
953	40	90
954	1	70
954	2	90
954	3	60
954	4	60
954	5	30
954	6	80
954	7	60
954	8	80
954	9	90
954	10	80
954	11	80
954	12	50
954	13	60
954	14	60
954	15	110
954	16	70
954	17	80
954	18	70
954	19	50
954	20	70
954	21	70
954	22	50
954	23	10
954	24	70
954	25	50
954	26	70
954	27	80
954	28	80
954	29	80
954	30	10
954	31	20
954	32	70
954	33	50
954	34	90
954	35	70
954	36	60
954	37	50
954	38	70
954	39	30
954	40	70
955	1	0
955	2	0
955	3	80
955	4	60
955	5	80
955	6	80
955	7	10
955	8	80
955	9	50
955	10	60
955	11	80
955	12	50
955	13	10
955	14	60
955	15	70
955	16	20
955	17	10
955	18	60
955	19	50
955	20	50
955	21	30
955	22	70
955	23	60
955	24	60
955	25	70
955	26	80
955	27	10
955	28	60
955	29	10
955	30	60
955	31	60
955	32	70
955	33	60
955	34	0
955	35	50
955	36	10
955	37	60
955	38	50
955	39	80
955	40	50
956	1	0
956	2	20
956	3	50
956	4	70
956	5	80
956	6	80
956	7	20
956	8	90
956	9	70
956	10	70
956	11	100
956	12	50
956	13	0
956	14	80
956	15	90
956	16	0
956	17	40
956	18	50
956	19	70
956	20	110
956	21	20
956	22	70
956	23	100
956	24	70
956	25	90
956	26	70
956	27	30
956	28	90
956	29	20
956	30	50
956	31	110
956	32	50
956	33	50
956	34	40
956	35	70
956	36	30
956	37	50
956	38	90
956	39	70
956	40	70
957	1	20
957	2	20
957	3	60
957	4	60
957	5	80
957	6	60
957	7	30
957	8	60
957	9	90
957	10	80
957	11	60
957	12	50
957	13	30
957	14	80
957	15	70
957	16	20
957	17	10
957	18	80
957	19	70
957	20	50
957	21	30
957	22	50
957	23	60
957	24	60
957	25	50
957	26	80
957	27	30
957	28	60
957	29	50
957	30	60
957	31	60
957	32	90
957	33	80
957	34	20
957	35	70
957	36	10
957	37	80
957	38	50
957	39	80
957	40	90
958	1	50
958	2	50
958	3	50
958	4	50
958	5	20
958	6	50
958	7	50
958	8	70
958	9	50
958	10	50
958	11	70
958	12	50
958	13	50
958	14	50
958	15	70
958	16	50
958	17	70
958	18	50
958	19	50
958	20	70
958	21	50
958	22	50
958	23	20
958	24	70
958	25	70
958	26	70
958	27	50
958	28	50
958	29	50
958	30	0
958	31	20
958	32	50
958	33	50
958	34	50
958	35	50
958	36	70
958	37	50
958	38	70
958	39	0
958	40	50
959	1	0
959	2	20
959	3	70
959	4	50
959	5	100
959	6	100
959	7	0
959	8	110
959	9	70
959	10	70
959	11	120
959	12	50
959	13	0
959	14	60
959	15	110
959	16	20
959	17	20
959	18	50
959	19	50
959	20	90
959	21	60
959	22	90
959	23	100
959	24	70
959	25	90
959	26	110
959	27	30
959	28	90
959	29	0
959	30	50
959	31	110
959	32	90
959	33	50
959	34	20
959	35	70
959	36	30
959	37	50
959	38	90
959	39	90
959	40	50
960	1	70
960	2	90
960	3	80
960	4	60
960	5	50
960	6	100
960	7	60
960	8	80
960	9	90
960	10	80
960	11	80
960	12	50
960	13	60
960	14	60
960	15	110
960	16	90
960	17	60
960	18	80
960	19	50
960	20	70
960	21	100
960	22	70
960	23	10
960	24	60
960	25	70
960	26	100
960	27	80
960	28	80
960	29	80
960	30	10
960	31	30
960	32	90
960	33	60
960	34	90
960	35	70
960	36	60
960	37	60
960	38	70
960	39	50
960	40	70
961	1	70
961	2	90
961	3	100
961	4	80
961	5	50
961	6	120
961	7	80
961	8	100
961	9	110
961	10	120
961	11	100
961	12	50
961	13	80
961	14	80
961	15	110
961	16	90
961	17	60
961	18	70
961	19	50
961	20	70
961	21	130
961	22	90
961	23	30
961	24	50
961	25	70
961	26	110
961	27	80
961	28	120
961	29	80
961	30	10
961	31	40
961	32	110
961	33	50
961	34	90
961	35	90
961	36	60
961	37	70
961	38	70
961	39	70
961	40	90
962	1	0
962	2	20
962	3	60
962	4	60
962	5	80
962	6	80
962	7	10
962	8	100
962	9	70
962	10	80
962	11	100
962	12	50
962	13	10
962	14	60
962	15	90
962	16	0
962	17	30
962	18	60
962	19	50
962	20	90
962	21	50
962	22	70
962	23	100
962	24	80
962	25	70
962	26	100
962	27	30
962	28	100
962	29	10
962	30	60
962	31	120
962	32	70
962	33	60
962	34	20
962	35	70
962	36	30
962	37	60
962	38	90
962	39	80
962	40	50
963	1	70
963	2	90
963	3	70
963	4	50
963	5	50
963	6	100
963	7	70
963	8	90
963	9	110
963	10	90
963	11	100
963	12	50
963	13	70
963	14	80
963	15	110
963	16	90
963	17	50
963	18	70
963	19	50
963	20	70
963	21	130
963	22	90
963	23	30
963	24	50
963	25	70
963	26	110
963	27	80
963	28	90
963	29	70
963	30	0
963	31	40
963	32	110
963	33	50
963	34	90
963	35	90
963	36	60
963	37	70
963	38	70
963	39	60
963	40	90
964	1	0
964	2	20
964	3	70
964	4	70
964	5	80
964	6	100
964	7	40
964	8	90
964	9	90
964	10	70
964	11	100
964	12	50
964	13	20
964	14	100
964	15	90
964	16	20
964	17	20
964	18	50
964	19	70
964	20	90
964	21	60
964	22	90
964	23	80
964	24	50
964	25	90
964	26	70
964	27	30
964	28	90
964	29	20
964	30	50
964	31	90
964	32	70
964	33	50
964	34	40
964	35	70
964	36	10
964	37	70
964	38	70
964	39	110
964	40	90
965	1	70
965	2	90
965	3	70
965	4	90
965	5	30
965	6	100
965	7	70
965	8	70
965	9	90
965	10	110
965	11	80
965	12	50
965	13	50
965	14	80
965	15	90
965	16	70
965	17	70
965	18	70
965	19	70
965	20	90
965	21	70
965	22	70
965	23	30
965	24	50
965	25	70
965	26	70
965	27	80
965	28	110
965	29	90
965	30	0
965	31	40
965	32	70
965	33	50
965	34	110
965	35	90
965	36	60
965	37	50
965	38	70
965	39	20
965	40	90
966	1	0
966	2	0
966	3	60
966	4	80
966	5	60
966	6	60
966	7	50
966	8	80
966	9	70
966	10	80
966	11	80
966	12	50
966	13	30
966	14	100
966	15	50
966	16	0
966	17	30
966	18	60
966	19	70
966	20	70
966	21	30
966	22	70
966	23	80
966	24	60
966	25	70
966	26	60
966	27	10
966	28	80
966	29	30
966	30	60
966	31	80
966	32	50
966	33	60
966	34	20
966	35	70
966	36	10
966	37	80
966	38	50
966	39	80
966	40	90
967	1	0
967	2	20
967	3	70
967	4	50
967	5	70
967	6	90
967	7	0
967	8	90
967	9	70
967	10	50
967	11	90
967	12	50
967	13	0
967	14	50
967	15	110
967	16	20
967	17	20
967	18	50
967	19	50
967	20	70
967	21	40
967	22	70
967	23	50
967	24	70
967	25	70
967	26	70
967	27	20
967	28	70
967	29	0
967	30	50
967	31	70
967	32	70
967	33	50
967	34	20
967	35	50
967	36	0
967	37	50
967	38	70
967	39	90
967	40	50
968	1	0
968	2	0
968	3	60
968	4	60
968	5	80
968	6	60
968	7	10
968	8	80
968	9	50
968	10	60
968	11	80
968	12	50
968	13	10
968	14	60
968	15	70
968	16	0
968	17	30
968	18	60
968	19	50
968	20	70
968	21	10
968	22	50
968	23	80
968	24	80
968	25	70
968	26	80
968	27	10
968	28	60
968	29	10
968	30	60
968	31	80
968	32	50
968	33	60
968	34	0
968	35	50
968	36	30
968	37	60
968	38	70
968	39	60
968	40	50
969	1	0
969	2	0
969	3	70
969	4	90
969	5	50
969	6	70
969	7	40
969	8	70
969	9	70
969	10	90
969	11	70
969	12	50
969	13	20
969	14	90
969	15	50
969	16	0
969	17	20
969	18	50
969	19	70
969	20	70
969	21	20
969	22	70
969	23	70
969	24	50
969	25	70
969	26	50
969	27	0
969	28	90
969	29	20
969	30	50
969	31	70
969	32	50
969	33	50
969	34	20
969	35	70
969	36	0
969	37	70
969	38	50
969	39	70
969	40	90
970	1	70
970	2	90
970	3	60
970	4	60
970	5	30
970	6	80
970	7	80
970	8	60
970	9	110
970	10	80
970	11	60
970	12	50
970	13	80
970	14	80
970	15	90
970	16	70
970	17	60
970	18	80
970	19	50
970	20	70
970	21	100
970	22	50
970	23	10
970	24	60
970	25	50
970	26	80
970	27	80
970	28	80
970	29	80
970	30	10
970	31	30
970	32	70
970	33	60
970	34	90
970	35	70
970	36	60
970	37	80
970	38	70
970	39	50
970	40	90
971	1	0
971	2	20
971	3	50
971	4	50
971	5	50
971	6	70
971	7	20
971	8	90
971	9	90
971	10	70
971	11	90
971	12	50
971	13	20
971	14	70
971	15	90
971	16	0
971	17	20
971	18	50
971	19	50
971	20	70
971	21	60
971	22	70
971	23	70
971	24	70
971	25	50
971	26	70
971	27	20
971	28	90
971	29	0
971	30	50
971	31	90
971	32	70
971	33	50
971	34	20
971	35	70
971	36	0
971	37	70
971	38	70
971	39	90
971	40	70
972	1	0
972	2	20
972	3	50
972	4	50
972	5	60
972	6	80
972	7	20
972	8	50
972	9	90
972	10	50
972	11	60
972	12	50
972	13	20
972	14	80
972	15	70
972	16	0
972	17	0
972	18	50
972	19	50
972	20	70
972	21	40
972	22	50
972	23	60
972	24	50
972	25	50
972	26	50
972	27	30
972	28	70
972	29	0
972	30	50
972	31	70
972	32	50
972	33	50
972	34	20
972	35	50
972	36	10
972	37	70
972	38	70
972	39	90
972	40	70
973	1	20
973	2	40
973	3	80
973	4	80
973	5	120
973	6	100
973	7	30
973	8	120
973	9	90
973	10	100
973	11	120
973	12	50
973	13	10
973	14	80
973	15	130
973	16	40
973	17	50
973	18	80
973	19	70
973	20	110
973	21	50
973	22	90
973	23	100
973	24	80
973	25	110
973	26	120
973	27	30
973	28	100
973	29	50
973	30	60
973	31	120
973	32	90
973	33	60
973	34	60
973	35	90
973	36	30
973	37	60
973	38	90
973	39	100
973	40	90
974	1	20
974	2	40
974	3	70
974	4	50
974	5	120
974	6	100
974	7	0
974	8	90
974	9	90
974	10	70
974	11	100
974	12	50
974	13	0
974	14	60
974	15	130
974	16	40
974	17	20
974	18	70
974	19	50
974	20	90
974	21	40
974	22	70
974	23	80
974	24	70
974	25	90
974	26	110
974	27	30
974	28	70
974	29	20
974	30	50
974	31	90
974	32	90
974	33	50
974	34	40
974	35	70
974	36	30
974	37	50
974	38	90
974	39	90
974	40	70
975	1	70
975	2	90
975	3	50
975	4	50
975	5	20
975	6	70
975	7	70
975	8	70
975	9	110
975	10	70
975	11	70
975	12	50
975	13	70
975	14	70
975	15	110
975	16	70
975	17	70
975	18	70
975	19	50
975	20	70
975	21	90
975	22	50
975	23	0
975	24	70
975	25	50
975	26	70
975	27	70
975	28	70
975	29	70
975	30	0
975	31	20
975	32	70
975	33	50
975	34	90
975	35	70
975	36	50
975	37	70
975	38	70
975	39	40
975	40	90
976	1	20
976	2	40
976	3	70
976	4	70
976	5	110
976	6	90
976	7	20
976	8	130
976	9	90
976	10	110
976	11	130
976	12	50
976	13	0
976	14	70
976	15	130
976	16	40
976	17	40
976	18	70
976	19	70
976	20	110
976	21	60
976	22	110
976	23	110
976	24	70
976	25	110
976	26	130
976	27	20
976	28	110
976	29	40
976	30	50
976	31	130
976	32	110
976	33	50
976	34	60
976	35	110
976	36	20
976	37	50
976	38	90
976	39	90
976	40	90
977	1	50
977	2	70
977	3	80
977	4	100
977	5	10
977	6	100
977	7	80
977	8	80
977	9	70
977	10	100
977	11	80
977	12	50
977	13	60
977	14	80
977	15	70
977	16	50
977	17	80
977	18	50
977	19	70
977	20	90
977	21	70
977	22	70
977	23	30
977	24	50
977	25	70
977	26	50
977	27	80
977	28	120
977	29	80
977	30	10
977	31	40
977	32	50
977	33	50
977	34	90
977	35	70
977	36	60
977	37	50
977	38	70
977	39	30
977	40	70
978	1	0
978	2	20
978	3	60
978	4	80
978	5	60
978	6	80
978	7	30
978	8	120
978	9	70
978	10	100
978	11	120
978	12	50
978	13	10
978	14	80
978	15	90
978	16	0
978	17	50
978	18	60
978	19	70
978	20	90
978	21	50
978	22	90
978	23	100
978	24	80
978	25	70
978	26	80
978	27	30
978	28	120
978	29	30
978	30	60
978	31	120
978	32	70
978	33	60
978	34	40
978	35	90
978	36	10
978	37	60
978	38	70
978	39	80
978	40	70
979	1	70
979	2	70
979	3	70
979	4	50
979	5	40
979	6	70
979	7	70
979	8	90
979	9	90
979	10	70
979	11	90
979	12	50
979	13	70
979	14	70
979	15	110
979	16	90
979	17	70
979	18	70
979	19	50
979	20	50
979	21	90
979	22	70
979	23	0
979	24	70
979	25	70
979	26	90
979	27	50
979	28	50
979	29	70
979	30	0
979	31	0
979	32	90
979	33	50
979	34	70
979	35	70
979	36	50
979	37	70
979	38	50
979	39	40
979	40	90
980	1	50
980	2	70
980	3	60
980	4	80
980	5	10
980	6	80
980	7	100
980	8	80
980	9	90
980	10	80
980	11	80
980	12	50
980	13	80
980	14	100
980	15	70
980	16	50
980	17	80
980	18	50
980	19	90
980	20	90
980	21	90
980	22	70
980	23	30
980	24	50
980	25	70
980	26	50
980	27	100
980	28	100
980	29	100
980	30	10
980	31	40
980	32	70
980	33	70
980	34	90
980	35	70
980	36	60
980	37	70
980	38	70
980	39	50
980	40	90
981	1	20
981	2	40
981	3	70
981	4	90
981	5	80
981	6	100
981	7	20
981	8	90
981	9	90
981	10	130
981	11	100
981	12	50
981	13	0
981	14	80
981	15	90
981	16	20
981	17	20
981	18	70
981	19	70
981	20	90
981	21	40
981	22	90
981	23	100
981	24	50
981	25	70
981	26	90
981	27	30
981	28	130
981	29	40
981	30	50
981	31	110
981	32	90
981	33	50
981	34	60
981	35	110
981	36	10
981	37	50
981	38	70
981	39	70
981	40	90
982	1	70
982	2	70
982	3	50
982	4	50
982	5	20
982	6	50
982	7	70
982	8	50
982	9	90
982	10	70
982	11	50
982	12	50
982	13	70
982	14	70
982	15	70
982	16	70
982	17	50
982	18	70
982	19	50
982	20	50
982	21	70
982	22	50
982	23	0
982	24	50
982	25	50
982	26	70
982	27	50
982	28	50
982	29	70
982	30	0
982	31	0
982	32	70
982	33	50
982	34	70
982	35	70
982	36	50
982	37	70
982	38	50
982	39	20
982	40	90
983	1	20
983	2	20
983	3	60
983	4	60
983	5	80
983	6	60
983	7	30
983	8	60
983	9	90
983	10	80
983	11	60
983	12	50
983	13	30
983	14	80
983	15	70
983	16	20
983	17	10
983	18	80
983	19	50
983	20	50
983	21	30
983	22	50
983	23	60
983	24	60
983	25	50
983	26	80
983	27	10
983	28	60
983	29	30
983	30	60
983	31	60
983	32	70
983	33	60
983	34	20
983	35	70
983	36	10
983	37	80
983	38	50
983	39	80
983	40	90
984	1	50
984	2	50
984	3	90
984	4	90
984	5	20
984	6	90
984	7	70
984	8	90
984	9	50
984	10	90
984	11	90
984	12	50
984	13	50
984	14	70
984	15	70
984	16	70
984	17	70
984	18	50
984	19	70
984	20	70
984	21	70
984	22	90
984	23	20
984	24	50
984	25	90
984	26	70
984	27	50
984	28	90
984	29	70
984	30	0
984	31	20
984	32	70
984	33	50
984	34	70
984	35	70
984	36	50
984	37	50
984	38	50
984	39	20
984	40	70
985	1	50
985	2	50
985	3	50
985	4	50
985	5	0
985	6	50
985	7	70
985	8	50
985	9	70
985	10	50
985	11	50
985	12	50
985	13	70
985	14	70
985	15	50
985	16	50
985	17	50
985	18	50
985	19	70
985	20	50
985	21	70
985	22	50
985	23	0
985	24	50
985	25	50
985	26	50
985	27	70
985	28	50
985	29	70
985	30	0
985	31	0
985	32	70
985	33	70
985	34	50
985	35	50
985	36	50
985	37	70
985	38	50
985	39	20
985	40	70
986	1	50
986	2	70
986	3	70
986	4	50
986	5	30
986	6	100
986	7	70
986	8	90
986	9	90
986	10	70
986	11	100
986	12	50
986	13	70
986	14	80
986	15	90
986	16	70
986	17	50
986	18	50
986	19	50
986	20	70
986	21	130
986	22	90
986	23	30
986	24	50
986	25	70
986	26	90
986	27	80
986	28	90
986	29	50
986	30	0
986	31	40
986	32	90
986	33	50
986	34	70
986	35	70
986	36	60
986	37	70
986	38	70
986	39	60
986	40	70
987	1	70
987	2	90
987	3	70
987	4	70
987	5	50
987	6	100
987	7	90
987	8	90
987	9	110
987	10	90
987	11	100
987	12	50
987	13	70
987	14	100
987	15	110
987	16	90
987	17	70
987	18	70
987	19	70
987	20	90
987	21	110
987	22	90
987	23	30
987	24	50
987	25	90
987	26	90
987	27	80
987	28	90
987	29	90
987	30	0
987	31	40
987	32	90
987	33	50
987	34	110
987	35	90
987	36	60
987	37	70
987	38	70
987	39	60
987	40	110
988	1	20
988	2	20
988	3	90
988	4	70
988	5	100
988	6	100
988	7	20
988	8	70
988	9	90
988	10	90
988	11	80
988	12	50
988	13	20
988	14	80
988	15	90
988	16	40
988	17	0
988	18	70
988	19	50
988	20	50
988	21	40
988	22	70
988	23	60
988	24	50
988	25	70
988	26	90
988	27	10
988	28	70
988	29	20
988	30	50
988	31	50
988	32	90
988	33	50
988	34	20
988	35	70
988	36	10
988	37	70
988	38	50
988	39	90
988	40	90
989	1	50
989	2	70
989	3	50
989	4	70
989	5	10
989	6	80
989	7	90
989	8	70
989	9	90
989	10	70
989	11	80
989	12	50
989	13	70
989	14	100
989	15	70
989	16	50
989	17	70
989	18	50
989	19	90
989	20	90
989	21	90
989	22	70
989	23	30
989	24	50
989	25	70
989	26	50
989	27	100
989	28	90
989	29	90
989	30	0
989	31	40
989	32	70
989	33	70
989	34	90
989	35	70
989	36	60
989	37	70
989	38	70
989	39	40
989	40	90
990	1	70
990	2	90
990	3	70
990	4	90
990	5	20
990	6	90
990	7	70
990	8	70
990	9	90
990	10	110
990	11	70
990	12	50
990	13	50
990	14	70
990	15	90
990	16	70
990	17	70
990	18	70
990	19	70
990	20	90
990	21	70
990	22	70
990	23	20
990	24	50
990	25	70
990	26	70
990	27	70
990	28	110
990	29	90
990	30	0
990	31	40
990	32	70
990	33	50
990	34	110
990	35	90
990	36	50
990	37	50
990	38	70
990	39	20
990	40	90
991	1	20
991	2	40
991	3	80
991	4	100
991	5	80
991	6	100
991	7	30
991	8	80
991	9	90
991	10	120
991	11	80
991	12	50
991	13	10
991	14	80
991	15	90
991	16	20
991	17	30
991	18	70
991	19	70
991	20	90
991	21	20
991	22	70
991	23	80
991	24	50
991	25	70
991	26	70
991	27	30
991	28	120
991	29	50
991	30	60
991	31	90
991	32	70
991	33	50
991	34	60
991	35	90
991	36	10
991	37	50
991	38	70
991	39	80
991	40	90
992	1	70
992	2	70
992	3	70
992	4	70
992	5	50
992	6	80
992	7	90
992	8	110
992	9	90
992	10	90
992	11	120
992	12	50
992	13	70
992	14	100
992	15	110
992	16	90
992	17	90
992	18	70
992	19	70
992	20	70
992	21	90
992	22	90
992	23	30
992	24	70
992	25	90
992	26	90
992	27	60
992	28	70
992	29	90
992	30	0
992	31	20
992	32	90
992	33	50
992	34	90
992	35	90
992	36	60
992	37	70
992	38	50
992	39	40
992	40	110
993	1	0
993	2	0
993	3	70
993	4	50
993	5	70
993	6	70
993	7	20
993	8	90
993	9	70
993	10	70
993	11	90
993	12	50
993	13	20
993	14	70
993	15	70
993	16	20
993	17	0
993	18	50
993	19	50
993	20	50
993	21	60
993	22	90
993	23	70
993	24	50
993	25	70
993	26	90
993	27	0
993	28	70
993	29	0
993	30	50
993	31	70
993	32	90
993	33	50
993	34	0
993	35	70
993	36	0
993	37	70
993	38	50
993	39	90
993	40	70
994	1	0
994	2	0
994	3	50
994	4	70
994	5	60
994	6	60
994	7	40
994	8	90
994	9	70
994	10	90
994	11	100
994	12	50
994	13	20
994	14	100
994	15	50
994	16	0
994	17	20
994	18	50
994	19	70
994	20	70
994	21	40
994	22	90
994	23	100
994	24	50
994	25	70
994	26	70
994	27	10
994	28	90
994	29	20
994	30	50
994	31	90
994	32	70
994	33	50
994	34	20
994	35	90
994	36	10
994	37	70
994	38	50
994	39	70
994	40	90
995	1	50
995	2	50
995	3	50
995	4	50
995	5	0
995	6	50
995	7	70
995	8	70
995	9	70
995	10	70
995	11	70
995	12	50
995	13	70
995	14	70
995	15	50
995	16	50
995	17	50
995	18	50
995	19	70
995	20	50
995	21	90
995	22	70
995	23	20
995	24	50
995	25	50
995	26	70
995	27	70
995	28	70
995	29	70
995	30	0
995	31	20
995	32	90
995	33	70
995	34	50
995	35	70
995	36	50
995	37	70
995	38	50
995	39	20
995	40	70
996	1	70
996	2	70
996	3	50
996	4	50
996	5	30
996	6	60
996	7	70
996	8	70
996	9	90
996	10	90
996	11	80
996	12	50
996	13	70
996	14	80
996	15	70
996	16	70
996	17	50
996	18	70
996	19	70
996	20	50
996	21	90
996	22	70
996	23	30
996	24	50
996	25	50
996	26	90
996	27	80
996	28	70
996	29	90
996	30	0
996	31	20
996	32	110
996	33	70
996	34	70
996	35	90
996	36	60
996	37	70
996	38	50
996	39	20
996	40	90
997	1	50
997	2	50
997	3	70
997	4	50
997	5	30
997	6	80
997	7	70
997	8	90
997	9	70
997	10	70
997	11	100
997	12	50
997	13	70
997	14	80
997	15	70
997	16	70
997	17	50
997	18	50
997	19	50
997	20	50
997	21	110
997	22	90
997	23	30
997	24	50
997	25	70
997	26	90
997	27	60
997	28	70
997	29	50
997	30	0
997	31	20
997	32	90
997	33	50
997	34	50
997	35	70
997	36	60
997	37	70
997	38	50
997	39	40
997	40	70
998	1	50
998	2	70
998	3	70
998	4	70
998	5	20
998	6	90
998	7	70
998	8	110
998	9	70
998	10	90
998	11	110
998	12	50
998	13	50
998	14	70
998	15	90
998	16	70
998	17	70
998	18	50
998	19	70
998	20	90
998	21	110
998	22	110
998	23	40
998	24	50
998	25	90
998	26	90
998	27	70
998	28	110
998	29	70
998	30	0
998	31	60
998	32	90
998	33	50
998	34	90
998	35	90
998	36	50
998	37	50
998	38	70
998	39	40
998	40	70
999	1	20
999	2	20
999	3	80
999	4	60
999	5	120
999	6	80
999	7	10
999	8	100
999	9	70
999	10	80
999	11	100
999	12	50
999	13	10
999	14	60
999	15	110
999	16	40
999	17	30
999	18	80
999	19	50
999	20	70
999	21	30
999	22	70
999	23	80
999	24	80
999	25	90
999	26	120
999	27	10
999	28	60
999	29	30
999	30	60
999	31	80
999	32	90
999	33	60
999	34	20
999	35	70
999	36	30
999	37	60
999	38	70
999	39	80
999	40	70
1000	1	40
1000	2	40
1000	3	90
1000	4	70
1000	5	90
1000	6	90
1000	7	0
1000	8	70
1000	9	70
1000	10	90
1000	11	70
1000	12	70
1000	13	0
1000	14	50
1000	15	90
1000	16	60
1000	17	0
1000	18	90
1000	19	50
1000	20	50
1000	21	20
1000	22	90
1000	23	50
1000	24	50
1000	25	70
1000	26	90
1000	27	0
1000	28	70
1000	29	20
1000	30	70
1000	31	50
1000	32	90
1000	33	50
1000	34	40
1000	35	90
1000	36	0
1000	37	50
1000	38	50
1000	39	70
1000	40	70
