p	r	R_p
1	1	1
1	2	1
1	3	0
1	4	0
1	5	0
1	6	0
1	7	0
1	8	1
1	9	1
1	10	0
1	11	0
1	12	0
1	13	0
1	14	0
1	15	1
1	16	0
1	17	1
1	18	0
1	19	1
1	20	1
1	21	1
1	22	0
1	23	0
1	24	1
1	25	1
1	26	1
1	27	0
1	28	0
1	29	0
1	30	1
1	31	0
1	32	1
1	33	0
1	34	0
1	35	1
1	36	0
1	37	0
1	38	0
1	39	1
1	40	1
2	1	1
2	2	1
2	3	0
2	4	1
2	5	1
2	6	0
2	7	0
2	8	1
2	9	1
2	10	0
2	11	1
2	12	1
2	13	1
2	14	0
2	15	1
2	16	1
2	17	1
2	18	0
2	19	1
2	20	1
2	21	1
2	22	1
2	23	1
2	24	1
2	25	1
2	26	1
2	27	1
2	28	0
2	29	0
2	30	1
2	31	1
2	32	1
2	33	0
2	34	0
2	35	1
2	36	0
2	37	1
2	38	0
2	39	1
2	40	1
3	1	1
3	2	1
3	3	0
3	4	1
3	5	1
3	6	0
3	7	0
3	8	1
3	9	1
3	10	0
3	11	1
3	12	1
3	13	1
3	14	0
3	15	1
3	16	1
3	17	1
3	18	0
3	19	1
3	20	1
3	21	1
3	22	1
3	23	1
3	24	1
3	25	1
3	26	1
3	27	1
3	28	0
3	29	0
3	30	1
3	31	1
3	32	1
3	33	0
3	34	0
3	35	1
3	36	0
3	37	1
3	38	0
3	39	1
3	40	1
4	1	0
4	2	0
4	3	0
4	4	0
4	5	0
4	6	1
4	7	0
4	8	1
4	9	0
4	10	1
4	11	1
4	12	1
4	13	0
4	14	0
4	15	0
4	16	0
4	17	1
4	18	1
4	19	1
4	20	1
4	21	0
4	22	0
4	23	1
4	24	1
4	25	0
4	26	0
4	27	1
4	28	1
4	29	0
4	30	1
4	31	0
4	32	1
4	33	1
4	34	1
4	35	0
4	36	1
4	37	1
4	38	0
4	39	0
4	40	1
5	1	0
5	2	0
5	3	0
5	4	0
5	5	0
5	6	0
5	7	0
5	8	1
5	9	0
5	10	0
5	11	1
5	12	0
5	13	0
5	14	0
5	15	0
5	16	0
5	17	0
5	18	0
5	19	1
5	20	1
5	21	0
5	22	0
5	23	0
5	24	1
5	25	0
5	26	0
5	27	1
5	28	0
5	29	0
5	30	0
5	31	0
5	32	1
5	33	0
5	34	1
5	35	0
5	36	1
5	37	0
5	38	0
5	39	0
5	40	0
6	1	1
6	2	1
6	3	0
6	4	0
6	5	0
6	6	0
6	7	0
6	8	1
6	9	1
6	10	0
6	11	0
6	12	0
6	13	0
6	14	0
6	15	1
6	16	0
6	17	1
6	18	0
6	19	1
6	20	1
6	21	1
6	22	0
6	23	0
6	24	1
6	25	1
6	26	1
6	27	0
6	28	0
6	29	0
6	30	1
6	31	0
6	32	1
6	33	0
6	34	0
6	35	1
6	36	0
6	37	0
6	38	0
6	39	1
6	40	1
7	1	1
7	2	1
7	3	0
7	4	0
7	5	0
7	6	0
7	7	0
7	8	1
7	9	1
7	10	0
7	11	0
7	12	0
7	13	0
7	14	0
7	15	1
7	16	0
7	17	1
7	18	0
7	19	1
7	20	1
7	21	1
7	22	0
7	23	0
7	24	1
7	25	1
7	26	1
7	27	0
7	28	0
7	29	0
7	30	1
7	31	0
7	32	1
7	33	0
7	34	0
7	35	1
7	36	0
7	37	0
7	38	0
7	39	1
7	40	1
8	1	0
8	2	0
8	3	0
8	4	0
8	5	0
8	6	0
8	7	0
8	8	0
8	9	0
8	10	0
8	11	0
8	12	0
8	13	0
8	14	0
8	15	0
8	16	0
8	17	0
8	18	0
8	19	1
8	20	0
8	21	0
8	22	0
8	23	0
8	24	1
8	25	0
8	26	0
8	27	0
8	28	0
8	29	0
8	30	0
8	31	0
8	32	0
8	33	0
8	34	1
8	35	0
8	36	1
8	37	0
8	38	0
8	39	0
8	40	0
9	1	1
9	2	1
9	3	0
9	4	1
9	5	1
9	6	0
9	7	0
9	8	1
9	9	0
9	10	0
9	11	0
9	12	1
9	13	0
9	14	0
9	15	0
9	16	1
9	17	1
9	18	0
9	19	1
9	20	0
9	21	1
9	22	1
9	23	0
9	24	1
9	25	1
9	26	1
9	27	1
9	28	0
9	29	0
9	30	1
9	31	1
9	32	0
9	33	0
9	34	0
9	35	1
9	36	0
9	37	0
9	38	0
9	39	1
9	40	1
10	1	0
10	2	0
10	3	1
10	4	1
10	5	0
10	6	0
10	7	0
10	8	1
10	9	0
10	10	0
10	11	1
10	12	0
10	13	0
10	14	0
10	15	0
10	16	0
10	17	0
10	18	0
10	19	1
10	20	1
10	21	1
10	22	0
10	23	0
10	24	1
10	25	0
10	26	0
10	27	1
10	28	0
10	29	0
10	30	0
10	31	1
10	32	1
10	33	0
10	34	1
10	35	1
10	36	1
10	37	0
10	38	0
10	39	0
10	40	0
11	1	1
11	2	1
11	3	0
11	4	1
11	5	1
11	6	1
11	7	1
11	8	1
11	9	1
11	10	1
11	11	1
11	12	1
11	13	1
11	14	1
11	15	1
11	16	1
11	17	1
11	18	1
11	19	1
11	20	1
11	21	0
11	22	1
11	23	1
11	24	1
11	25	1
11	26	1
11	27	1
11	28	1
11	29	1
11	30	1
11	31	1
11	32	1
11	33	1
11	34	0
11	35	1
11	36	0
11	37	1
11	38	1
11	39	1
11	40	1
12	1	0
12	2	0
12	3	1
12	4	1
12	5	0
12	6	0
12	7	0
12	8	1
12	9	0
12	10	0
12	11	1
12	12	0
12	13	0
12	14	0
12	15	0
12	16	0
12	17	0
12	18	0
12	19	1
12	20	1
12	21	1
12	22	0
12	23	0
12	24	1
12	25	0
12	26	0
12	27	1
12	28	0
12	29	0
12	30	0
12	31	1
12	32	1
12	33	0
12	34	1
12	35	1
12	36	1
12	37	0
12	38	0
12	39	0
12	40	0
13	1	1
13	2	1
13	3	0
13	4	1
13	5	1
13	6	0
13	7	0
13	8	1
13	9	1
13	10	0
13	11	1
13	12	1
13	13	1
13	14	0
13	15	1
13	16	1
13	17	1
13	18	0
13	19	1
13	20	1
13	21	1
13	22	1
13	23	1
13	24	1
13	25	1
13	26	1
13	27	1
13	28	0
13	29	0
13	30	1
13	31	1
13	32	1
13	33	0
13	34	0
13	35	1
13	36	0
13	37	1
13	38	0
13	39	1
13	40	1
14	1	1
14	2	1
14	3	0
14	4	1
14	5	1
14	6	1
14	7	1
14	8	1
14	9	1
14	10	1
14	11	1
14	12	1
14	13	1
14	14	1
14	15	1
14	16	1
14	17	1
14	18	1
14	19	1
14	20	1
14	21	0
14	22	1
14	23	1
14	24	1
14	25	1
14	26	1
14	27	1
14	28	1
14	29	1
14	30	1
14	31	1
14	32	1
14	33	1
14	34	0
14	35	1
14	36	0
14	37	1
14	38	1
14	39	1
14	40	1
15	1	1
15	2	0
15	3	0
15	4	1
15	5	0
15	6	1
15	7	1
15	8	1
15	9	1
15	10	1
15	11	1
15	12	0
15	13	0
15	14	1
15	15	0
15	16	1
15	17	0
15	18	1
15	19	1
15	20	1
15	21	0
15	22	0
15	23	0
15	24	1
15	25	0
15	26	1
15	27	1
15	28	1
15	29	1
15	30	0
15	31	1
15	32	1
15	33	1
15	34	0
15	35	1
15	36	0
15	37	0
15	38	1
15	39	1
15	40	0
16	1	1
16	2	1
16	3	0
16	4	0
16	5	1
16	6	0
16	7	0
16	8	0
16	9	1
16	10	1
16	11	0
16	12	1
16	13	1
16	14	1
16	15	1
16	16	1
16	17	1
16	18	0
16	19	1
16	20	1
16	21	0
16	22	1
16	23	0
16	24	1
16	25	0
16	26	0
16	27	0
16	28	1
16	29	1
16	30	1
16	31	0
16	32	1
16	33	1
16	34	0
16	35	0
16	36	0
16	37	1
16	38	1
16	39	0
16	40	0
17	1	1
17	2	1
17	3	0
17	4	1
17	5	1
17	6	1
17	7	1
17	8	1
17	9	1
17	10	1
17	11	1
17	12	1
17	13	1
17	14	1
17	15	1
17	16	1
17	17	1
17	18	1
17	19	1
17	20	1
17	21	0
17	22	1
17	23	1
17	24	1
17	25	1
17	26	1
17	27	1
17	28	1
17	29	1
17	30	1
17	31	1
17	32	1
17	33	1
17	34	0
17	35	1
17	36	0
17	37	1
17	38	1
17	39	1
17	40	1
18	1	1
18	2	1
18	3	1
18	4	1
18	5	1
18	6	0
18	7	0
18	8	1
18	9	1
18	10	0
18	11	1
18	12	1
18	13	1
18	14	0
18	15	1
18	16	1
18	17	1
18	18	0
18	19	1
18	20	1
18	21	0
18	22	1
18	23	1
18	24	1
18	25	1
18	26	1
18	27	1
18	28	0
18	29	0
18	30	1
18	31	1
18	32	1
18	33	0
18	34	1
18	35	1
18	36	1
18	37	1
18	38	0
18	39	1
18	40	1
19	1	1
19	2	1
19	3	0
19	4	1
19	5	1
19	6	0
19	7	0
19	8	1
19	9	1
19	10	0
19	11	1
19	12	1
19	13	1
19	14	0
19	15	1
19	16	1
19	17	1
19	18	0
19	19	1
19	20	1
19	21	1
19	22	1
19	23	1
19	24	1
19	25	1
19	26	1
19	27	1
19	28	0
19	29	0
19	30	1
19	31	1
19	32	1
19	33	0
19	34	0
19	35	1
19	36	0
19	37	1
19	38	0
19	39	1
19	40	1
20	1	1
20	2	0
20	3	0
20	4	0
20	5	0
20	6	1
20	7	0
20	8	1
20	9	1
20	10	1
20	11	1
20	12	1
20	13	0
20	14	0
20	15	0
20	16	1
20	17	1
20	18	1
20	19	1
20	20	1
20	21	0
20	22	0
20	23	1
20	24	1
20	25	0
20	26	1
20	27	1
20	28	1
20	29	0
20	30	1
20	31	0
20	32	1
20	33	1
20	34	0
20	35	0
20	36	0
20	37	1
20	38	0
20	39	1
20	40	1
21	1	1
21	2	1
21	3	0
21	4	0
21	5	1
21	6	0
21	7	0
21	8	0
21	9	1
21	10	1
21	11	0
21	12	1
21	13	1
21	14	1
21	15	1
21	16	1
21	17	1
21	18	0
21	19	0
21	20	0
21	21	0
21	22	1
21	23	0
21	24	0
21	25	0
21	26	0
21	27	0
21	28	1
21	29	1
21	30	1
21	31	0
21	32	0
21	33	1
21	34	1
21	35	0
21	36	1
21	37	1
21	38	1
21	39	0
21	40	0
22	1	1
22	2	1
22	3	0
22	4	1
22	5	1
22	6	1
22	7	1
22	8	1
22	9	1
22	10	1
22	11	1
22	12	1
22	13	1
22	14	1
22	15	1
22	16	1
22	17	1
22	18	1
22	19	1
22	20	1
22	21	0
22	22	1
22	23	1
22	24	1
22	25	1
22	26	1
22	27	1
22	28	1
22	29	1
22	30	1
22	31	1
22	32	1
22	33	1
22	34	0
22	35	1
22	36	0
22	37	1
22	38	1
22	39	1
22	40	1
23	1	1
23	2	1
23	3	0
23	4	1
23	5	0
23	6	0
23	7	0
23	8	0
23	9	1
23	10	0
23	11	1
23	12	1
23	13	1
23	14	0
23	15	1
23	16	1
23	17	0
23	18	0
23	19	1
23	20	1
23	21	1
23	22	1
23	23	1
23	24	1
23	25	1
23	26	1
23	27	0
23	28	0
23	29	0
23	30	0
23	31	1
23	32	1
23	33	0
23	34	0
23	35	1
23	36	0
23	37	1
23	38	0
23	39	1
23	40	1
24	1	0
24	2	0
24	3	1
24	4	1
24	5	0
24	6	0
24	7	0
24	8	1
24	9	0
24	10	0
24	11	1
24	12	0
24	13	0
24	14	0
24	15	0
24	16	0
24	17	0
24	18	0
24	19	1
24	20	1
24	21	1
24	22	0
24	23	0
24	24	1
24	25	0
24	26	0
24	27	1
24	28	0
24	29	0
24	30	0
24	31	1
24	32	1
24	33	0
24	34	1
24	35	1
24	36	1
24	37	0
24	38	0
24	39	0
24	40	0
25	1	1
25	2	1
25	3	0
25	4	1
25	5	0
25	6	0
25	7	0
25	8	0
25	9	1
25	10	0
25	11	1
25	12	1
25	13	1
25	14	0
25	15	1
25	16	1
25	17	0
25	18	0
25	19	1
25	20	1
25	21	1
25	22	1
25	23	1
25	24	1
25	25	1
25	26	1
25	27	0
25	28	0
25	29	0
25	30	0
25	31	1
25	32	1
25	33	0
25	34	0
25	35	1
25	36	0
25	37	1
25	38	0
25	39	1
25	40	1
26	1	1
26	2	1
26	3	0
26	4	1
26	5	1
26	6	0
26	7	0
26	8	1
26	9	1
26	10	0
26	11	1
26	12	1
26	13	1
26	14	0
26	15	1
26	16	1
26	17	1
26	18	0
26	19	1
26	20	1
26	21	1
26	22	1
26	23	1
26	24	1
26	25	1
26	26	1
26	27	1
26	28	0
26	29	0
26	30	1
26	31	1
26	32	1
26	33	0
26	34	0
26	35	1
26	36	0
26	37	1
26	38	0
26	39	1
26	40	1
27	1	1
27	2	0
27	3	0
27	4	1
27	5	0
27	6	1
27	7	1
27	8	1
27	9	1
27	10	1
27	11	1
27	12	0
27	13	0
27	14	1
27	15	0
27	16	1
27	17	0
27	18	1
27	19	1
27	20	1
27	21	0
27	22	0
27	23	0
27	24	1
27	25	0
27	26	1
27	27	1
27	28	1
27	29	1
27	30	0
27	31	1
27	32	1
27	33	1
27	34	0
27	35	1
27	36	0
27	37	0
27	38	1
27	39	1
27	40	0
28	1	1
28	2	1
28	3	1
28	4	0
28	5	1
28	6	1
28	7	1
28	8	0
28	9	1
28	10	1
28	11	0
28	12	1
28	13	1
28	14	1
28	15	1
28	16	1
28	17	1
28	18	1
28	19	0
28	20	0
28	21	1
28	22	1
28	23	1
28	24	0
28	25	1
28	26	1
28	27	0
28	28	1
28	29	1
28	30	1
28	31	0
28	32	0
28	33	1
28	34	1
28	35	0
28	36	1
28	37	1
28	38	1
28	39	1
28	40	1
29	1	1
29	2	1
29	3	0
29	4	1
29	5	1
29	6	0
29	7	0
29	8	1
29	9	1
29	10	0
29	11	1
29	12	1
29	13	1
29	14	0
29	15	1
29	16	1
29	17	1
29	18	0
29	19	1
29	20	1
29	21	1
29	22	1
29	23	1
29	24	1
29	25	1
29	26	1
29	27	1
29	28	0
29	29	0
29	30	1
29	31	1
29	32	1
29	33	0
29	34	0
29	35	1
29	36	0
29	37	1
29	38	0
29	39	1
29	40	1
30	1	1
30	2	1
30	3	1
30	4	1
30	5	1
30	6	0
30	7	0
30	8	1
30	9	1
30	10	0
30	11	1
30	12	1
30	13	1
30	14	0
30	15	1
30	16	1
30	17	1
30	18	0
30	19	1
30	20	1
30	21	0
30	22	1
30	23	1
30	24	1
30	25	1
30	26	1
30	27	1
30	28	0
30	29	0
30	30	1
30	31	1
30	32	1
30	33	0
30	34	1
30	35	1
30	36	1
30	37	1
30	38	0
30	39	1
30	40	1
31	1	1
31	2	1
31	3	0
31	4	1
31	5	1
31	6	1
31	7	1
31	8	1
31	9	1
31	10	1
31	11	1
31	12	1
31	13	1
31	14	1
31	15	1
31	16	1
31	17	1
31	18	1
31	19	1
31	20	1
31	21	0
31	22	1
31	23	1
31	24	1
31	25	1
31	26	1
31	27	1
31	28	1
31	29	1
31	30	1
31	31	1
31	32	1
31	33	1
31	34	0
31	35	1
31	36	0
31	37	1
31	38	1
31	39	1
31	40	1
32	1	1
32	2	1
32	3	0
32	4	1
32	5	1
32	6	0
32	7	0
32	8	1
32	9	1
32	10	0
32	11	1
32	12	1
32	13	1
32	14	0
32	15	1
32	16	1
32	17	1
32	18	0
32	19	1
32	20	1
32	21	1
32	22	1
32	23	1
32	24	1
32	25	1
32	26	1
32	27	1
32	28	0
32	29	0
32	30	1
32	31	1
32	32	1
32	33	0
32	34	0
32	35	1
32	36	0
32	37	1
32	38	0
32	39	1
32	40	1
33	1	0
33	2	0
33	3	1
33	4	1
33	5	0
33	6	0
33	7	0
33	8	1
33	9	0
33	10	0
33	11	1
33	12	0
33	13	0
33	14	0
33	15	0
33	16	0
33	17	0
33	18	0
33	19	1
33	20	1
33	21	1
33	22	0
33	23	0
33	24	1
33	25	0
33	26	0
33	27	1
33	28	0
33	29	0
33	30	0
33	31	1
33	32	1
33	33	0
33	34	1
33	35	1
33	36	1
33	37	0
33	38	0
33	39	0
33	40	0
34	1	0
34	2	0
34	3	1
34	4	1
34	5	0
34	6	0
34	7	0
34	8	1
34	9	0
34	10	0
34	11	1
34	12	0
34	13	0
34	14	0
34	15	0
34	16	0
34	17	0
34	18	0
34	19	1
34	20	1
34	21	1
34	22	0
34	23	0
34	24	1
34	25	0
34	26	0
34	27	1
34	28	0
34	29	0
34	30	0
34	31	1
34	32	1
34	33	0
34	34	1
34	35	1
34	36	1
34	37	0
34	38	0
34	39	0
34	40	0
35	1	1
35	2	1
35	3	0
35	4	0
35	5	0
35	6	0
35	7	0
35	8	1
35	9	1
35	10	0
35	11	0
35	12	0
35	13	0
35	14	0
35	15	1
35	16	0
35	17	1
35	18	0
35	19	1
35	20	1
35	21	1
35	22	0
35	23	0
35	24	1
35	25	1
35	26	1
35	27	0
35	28	0
35	29	0
35	30	1
35	31	0
35	32	1
35	33	0
35	34	0
35	35	1
35	36	0
35	37	0
35	38	0
35	39	1
35	40	1
36	1	1
36	2	1
36	3	0
36	4	0
36	5	1
36	6	0
36	7	0
36	8	0
36	9	1
36	10	0
36	11	0
36	12	1
36	13	1
36	14	0
36	15	1
36	16	1
36	17	1
36	18	0
36	19	1
36	20	1
36	21	0
36	22	1
36	23	0
36	24	1
36	25	0
36	26	0
36	27	0
36	28	0
36	29	0
36	30	1
36	31	0
36	32	1
36	33	0
36	34	0
36	35	0
36	36	0
36	37	1
36	38	0
36	39	0
36	40	0
37	1	1
37	2	1
37	3	0
37	4	1
37	5	1
37	6	0
37	7	0
37	8	1
37	9	1
37	10	0
37	11	1
37	12	1
37	13	1
37	14	0
37	15	1
37	16	1
37	17	1
37	18	0
37	19	1
37	20	1
37	21	1
37	22	1
37	23	1
37	24	1
37	25	1
37	26	1
37	27	1
37	28	0
37	29	0
37	30	1
37	31	1
37	32	1
37	33	0
37	34	0
37	35	1
37	36	0
37	37	1
37	38	0
37	39	1
37	40	1
38	1	0
38	2	1
38	3	1
38	4	1
38	5	1
38	6	1
38	7	1
38	8	1
38	9	0
38	10	1
38	11	1
38	12	1
38	13	1
38	14	1
38	15	1
38	16	0
38	17	1
38	18	1
38	19	1
38	20	1
38	21	1
38	22	1
38	23	1
38	24	1
38	25	1
38	26	0
38	27	1
38	28	1
38	29	1
38	30	1
38	31	1
38	32	1
38	33	1
38	34	1
38	35	1
38	36	1
38	37	1
38	38	1
38	39	0
38	40	1
39	1	1
39	2	0
39	3	0
39	4	1
39	5	0
39	6	1
39	7	1
39	8	1
39	9	1
39	10	1
39	11	1
39	12	0
39	13	0
39	14	1
39	15	0
39	16	1
39	17	0
39	18	1
39	19	1
39	20	1
39	21	0
39	22	0
39	23	0
39	24	1
39	25	0
39	26	1
39	27	1
39	28	1
39	29	1
39	30	0
39	31	1
39	32	1
39	33	1
39	34	0
39	35	1
39	36	0
39	37	0
39	38	1
39	39	1
39	40	0
40	1	1
40	2	1
40	3	1
40	4	0
40	5	1
40	6	1
40	7	1
40	8	0
40	9	1
40	10	1
40	11	0
40	12	1
40	13	1
40	14	1
40	15	1
40	16	1
40	17	1
40	18	1
40	19	0
40	20	0
40	21	1
40	22	1
40	23	1
40	24	0
40	25	1
40	26	1
40	27	0
40	28	1
40	29	1
40	30	1
40	31	0
40	32	0
40	33	1
40	34	1
40	35	0
40	36	1
40	37	1
40	38	1
40	39	1
40	40	1
41	1	1
41	2	1
41	3	0
41	4	1
41	5	1
41	6	1
41	7	1
41	8	1
41	9	1
41	10	1
41	11	1
41	12	1
41	13	1
41	14	1
41	15	1
41	16	1
41	17	1
41	18	1
41	19	1
41	20	1
41	21	0
41	22	1
41	23	1
41	24	1
41	25	1
41	26	1
41	27	1
41	28	1
41	29	1
41	30	1
41	31	1
41	32	1
41	33	1
41	34	0
41	35	1
41	36	0
41	37	1
41	38	1
41	39	1
41	40	1
42	1	1
42	2	1
42	3	1
42	4	0
42	5	1
42	6	1
42	7	1
42	8	0
42	9	1
42	10	1
42	11	0
42	12	1
42	13	1
42	14	1
42	15	1
42	16	1
42	17	1
42	18	1
42	19	0
42	20	0
42	21	1
42	22	1
42	23	1
42	24	0
42	25	1
42	26	1
42	27	0
42	28	1
42	29	1
42	30	1
42	31	0
42	32	0
42	33	1
42	34	1
42	35	0
42	36	1
42	37	1
42	38	1
42	39	1
42	40	1
43	1	1
43	2	1
43	3	0
43	4	1
43	5	1
43	6	1
43	7	1
43	8	1
43	9	1
43	10	1
43	11	1
43	12	1
43	13	1
43	14	1
43	15	1
43	16	1
43	17	1
43	18	1
43	19	1
43	20	1
43	21	0
43	22	1
43	23	1
43	24	1
43	25	1
43	26	1
43	27	1
43	28	1
43	29	1
43	30	1
43	31	1
43	32	1
43	33	1
43	34	0
43	35	1
43	36	0
43	37	1
43	38	1
43	39	1
43	40	1
44	1	1
44	2	1
44	3	0
44	4	1
44	5	1
44	6	1
44	7	1
44	8	1
44	9	1
44	10	1
44	11	1
44	12	1
44	13	1
44	14	1
44	15	1
44	16	1
44	17	1
44	18	1
44	19	1
44	20	1
44	21	0
44	22	1
44	23	1
44	24	1
44	25	1
44	26	1
44	27	1
44	28	1
44	29	1
44	30	1
44	31	1
44	32	1
44	33	1
44	34	0
44	35	1
44	36	0
44	37	1
44	38	1
44	39	1
44	40	1
45	1	1
45	2	1
45	3	0
45	4	1
45	5	1
45	6	1
45	7	1
45	8	1
45	9	1
45	10	1
45	11	1
45	12	1
45	13	1
45	14	1
45	15	1
45	16	1
45	17	1
45	18	1
45	19	1
45	20	1
45	21	0
45	22	1
45	23	1
45	24	1
45	25	1
45	26	1
45	27	1
45	28	1
45	29	1
45	30	1
45	31	1
45	32	1
45	33	1
45	34	0
45	35	1
45	36	0
45	37	1
45	38	1
45	39	1
45	40	1
46	1	1
46	2	1
46	3	0
46	4	1
46	5	1
46	6	0
46	7	0
46	8	1
46	9	0
46	10	0
46	11	0
46	12	1
46	13	0
46	14	0
46	15	0
46	16	1
46	17	1
46	18	0
46	19	1
46	20	0
46	21	0
46	22	1
46	23	0
46	24	1
46	25	1
46	26	1
46	27	1
46	28	0
46	29	0
46	30	1
46	31	1
46	32	0
46	33	0
46	34	1
46	35	1
46	36	1
46	37	0
46	38	0
46	39	1
46	40	1
47	1	1
47	2	1
47	3	0
47	4	0
47	5	1
47	6	0
47	7	0
47	8	0
47	9	1
47	10	1
47	11	0
47	12	1
47	13	1
47	14	1
47	15	1
47	16	1
47	17	1
47	18	0
47	19	0
47	20	0
47	21	0
47	22	1
47	23	0
47	24	0
47	25	0
47	26	0
47	27	0
47	28	1
47	29	1
47	30	1
47	31	0
47	32	0
47	33	1
47	34	1
47	35	0
47	36	1
47	37	1
47	38	1
47	39	0
47	40	0
48	1	1
48	2	1
48	3	0
48	4	0
48	5	0
48	6	1
48	7	1
48	8	0
48	9	0
48	10	1
48	11	0
48	12	0
48	13	0
48	14	1
48	15	0
48	16	0
48	17	1
48	18	1
48	19	0
48	20	0
48	21	1
48	22	0
48	23	0
48	24	0
48	25	1
48	26	1
48	27	0
48	28	0
48	29	0
48	30	1
48	31	0
48	32	0
48	33	1
48	34	0
48	35	0
48	36	1
48	37	0
48	38	1
48	39	1
48	40	1
49	1	1
49	2	0
49	3	0
49	4	1
49	5	0
49	6	1
49	7	1
49	8	1
49	9	1
49	10	1
49	11	1
49	12	0
49	13	0
49	14	1
49	15	0
49	16	1
49	17	0
49	18	1
49	19	1
49	20	1
49	21	0
49	22	0
49	23	0
49	24	1
49	25	0
49	26	1
49	27	1
49	28	1
49	29	1
49	30	0
49	31	1
49	32	1
49	33	1
49	34	0
49	35	1
49	36	0
49	37	0
49	38	1
49	39	1
49	40	0
50	1	1
50	2	1
50	3	1
50	4	0
50	5	1
50	6	1
50	7	1
50	8	0
50	9	1
50	10	1
50	11	0
50	12	1
50	13	1
50	14	1
50	15	1
50	16	1
50	17	1
50	18	1
50	19	0
50	20	0
50	21	1
50	22	1
50	23	1
50	24	0
50	25	1
50	26	1
50	27	0
50	28	1
50	29	1
50	30	1
50	31	0
50	32	0
50	33	1
50	34	1
50	35	0
50	36	1
50	37	1
50	38	1
50	39	1
50	40	1
51	1	1
51	2	1
51	3	0
51	4	1
51	5	1
51	6	0
51	7	0
51	8	1
51	9	1
51	10	0
51	11	1
51	12	1
51	13	1
51	14	0
51	15	1
51	16	1
51	17	1
51	18	0
51	19	1
51	20	1
51	21	1
51	22	1
51	23	1
51	24	1
51	25	1
51	26	1
51	27	1
51	28	0
51	29	0
51	30	1
51	31	1
51	32	1
51	33	0
51	34	0
51	35	1
51	36	0
51	37	1
51	38	0
51	39	1
51	40	1
52	1	0
52	2	0
52	3	1
52	4	1
52	5	0
52	6	0
52	7	0
52	8	1
52	9	0
52	10	0
52	11	1
52	12	0
52	13	0
52	14	0
52	15	0
52	16	0
52	17	0
52	18	0
52	19	1
52	20	1
52	21	1
52	22	0
52	23	0
52	24	1
52	25	0
52	26	0
52	27	1
52	28	0
52	29	0
52	30	0
52	31	1
52	32	1
52	33	0
52	34	1
52	35	1
52	36	1
52	37	0
52	38	0
52	39	0
52	40	0
53	1	1
53	2	1
53	3	0
53	4	0
53	5	1
53	6	0
53	7	0
53	8	0
53	9	1
53	10	1
53	11	0
53	12	1
53	13	1
53	14	1
53	15	1
53	16	1
53	17	1
53	18	0
53	19	1
53	20	1
53	21	0
53	22	1
53	23	0
53	24	1
53	25	0
53	26	0
53	27	0
53	28	1
53	29	1
53	30	1
53	31	0
53	32	1
53	33	1
53	34	0
53	35	0
53	36	0
53	37	1
53	38	1
53	39	0
53	40	0
54	1	1
54	2	1
54	3	0
54	4	1
54	5	1
54	6	0
54	7	0
54	8	1
54	9	1
54	10	0
54	11	1
54	12	1
54	13	1
54	14	0
54	15	1
54	16	1
54	17	1
54	18	0
54	19	1
54	20	1
54	21	1
54	22	1
54	23	1
54	24	1
54	25	1
54	26	1
54	27	1
54	28	0
54	29	0
54	30	1
54	31	1
54	32	1
54	33	0
54	34	0
54	35	1
54	36	0
54	37	1
54	38	0
54	39	1
54	40	1
55	1	1
55	2	1
55	3	1
55	4	1
55	5	1
55	6	0
55	7	0
55	8	1
55	9	1
55	10	0
55	11	1
55	12	1
55	13	1
55	14	0
55	15	1
55	16	1
55	17	1
55	18	0
55	19	1
55	20	1
55	21	0
55	22	1
55	23	1
55	24	1
55	25	1
55	26	1
55	27	1
55	28	0
55	29	0
55	30	1
55	31	1
55	32	1
55	33	0
55	34	1
55	35	1
55	36	1
55	37	1
55	38	0
55	39	1
55	40	1
56	1	1
56	2	1
56	3	0
56	4	1
56	5	1
56	6	0
56	7	0
56	8	1
56	9	1
56	10	0
56	11	1
56	12	1
56	13	1
56	14	0
56	15	1
56	16	1
56	17	1
56	18	0
56	19	1
56	20	1
56	21	1
56	22	1
56	23	1
56	24	1
56	25	1
56	26	1
56	27	1
56	28	0
56	29	0
56	30	1
56	31	1
56	32	1
56	33	0
56	34	0
56	35	1
56	36	0
56	37	1
56	38	0
56	39	1
56	40	1
57	1	0
57	2	1
57	3	1
57	4	1
57	5	1
57	6	1
57	7	1
57	8	1
57	9	0
57	10	1
57	11	1
57	12	1
57	13	1
57	14	1
57	15	1
57	16	0
57	17	1
57	18	1
57	19	1
57	20	1
57	21	1
57	22	1
57	23	1
57	24	1
57	25	1
57	26	0
57	27	1
57	28	1
57	29	1
57	30	1
57	31	1
57	32	1
57	33	1
57	34	1
57	35	1
57	36	1
57	37	1
57	38	1
57	39	0
57	40	1
58	1	0
58	2	1
58	3	1
58	4	0
58	5	0
58	6	1
58	7	1
58	8	1
58	9	0
58	10	1
58	11	0
58	12	0
58	13	0
58	14	1
58	15	1
58	16	0
58	17	1
58	18	1
58	19	1
58	20	1
58	21	1
58	22	0
58	23	0
58	24	1
58	25	1
58	26	0
58	27	0
58	28	1
58	29	0
58	30	1
58	31	0
58	32	1
58	33	1
58	34	0
58	35	1
58	36	1
58	37	0
58	38	1
58	39	0
58	40	1
59	1	1
59	2	1
59	3	0
59	4	1
59	5	1
59	6	0
59	7	0
59	8	1
59	9	1
59	10	0
59	11	1
59	12	1
59	13	1
59	14	0
59	15	1
59	16	1
59	17	1
59	18	0
59	19	1
59	20	1
59	21	1
59	22	1
59	23	1
59	24	1
59	25	1
59	26	1
59	27	1
59	28	0
59	29	0
59	30	1
59	31	1
59	32	1
59	33	0
59	34	0
59	35	1
59	36	0
59	37	1
59	38	0
59	39	1
59	40	1
60	1	1
60	2	1
60	3	0
60	4	1
60	5	1
60	6	1
60	7	1
60	8	1
60	9	1
60	10	1
60	11	1
60	12	1
60	13	1
60	14	1
60	15	1
60	16	1
60	17	1
60	18	1
60	19	1
60	20	1
60	21	0
60	22	1
60	23	1
60	24	1
60	25	1
60	26	1
60	27	1
60	28	1
60	29	1
60	30	1
60	31	1
60	32	1
60	33	1
60	34	0
60	35	1
60	36	0
60	37	1
60	38	1
60	39	1
60	40	1
61	1	1
61	2	1
61	3	1
61	4	0
61	5	1
61	6	1
61	7	1
61	8	0
61	9	1
61	10	1
61	11	0
61	12	1
61	13	1
61	14	1
61	15	1
61	16	1
61	17	1
61	18	1
61	19	0
61	20	0
61	21	1
61	22	1
61	23	1
61	24	0
61	25	1
61	26	1
61	27	0
61	28	1
61	29	1
61	30	1
61	31	0
61	32	0
61	33	1
61	34	1
61	35	0
61	36	1
61	37	1
61	38	1
61	39	1
61	40	1
62	1	1
62	2	1
62	3	0
62	4	0
62	5	1
62	6	0
62	7	0
62	8	0
62	9	1
62	10	0
62	11	0
62	12	1
62	13	1
62	14	0
62	15	1
62	16	1
62	17	1
62	18	0
62	19	1
62	20	1
62	21	0
62	22	1
62	23	0
62	24	1
62	25	0
62	26	0
62	27	0
62	28	0
62	29	0
62	30	1
62	31	0
62	32	1
62	33	0
62	34	0
62	35	0
62	36	0
62	37	1
62	38	0
62	39	0
62	40	0
63	1	1
63	2	0
63	3	0
63	4	1
63	5	0
63	6	1
63	7	1
63	8	1
63	9	1
63	10	1
63	11	1
63	12	0
63	13	0
63	14	1
63	15	0
63	16	1
63	17	0
63	18	1
63	19	1
63	20	1
63	21	0
63	22	0
63	23	0
63	24	1
63	25	0
63	26	1
63	27	1
63	28	1
63	29	1
63	30	0
63	31	1
63	32	1
63	33	1
63	34	0
63	35	1
63	36	0
63	37	0
63	38	1
63	39	1
63	40	0
64	1	1
64	2	1
64	3	0
64	4	1
64	5	1
64	6	1
64	7	1
64	8	1
64	9	1
64	10	1
64	11	1
64	12	1
64	13	1
64	14	1
64	15	1
64	16	1
64	17	1
64	18	1
64	19	1
64	20	1
64	21	0
64	22	1
64	23	1
64	24	1
64	25	1
64	26	1
64	27	1
64	28	1
64	29	1
64	30	1
64	31	1
64	32	1
64	33	1
64	34	0
64	35	1
64	36	0
64	37	1
64	38	1
64	39	1
64	40	1
65	1	1
65	2	1
65	3	0
65	4	1
65	5	1
65	6	0
65	7	0
65	8	1
65	9	1
65	10	0
65	11	1
65	12	1
65	13	1
65	14	0
65	15	1
65	16	1
65	17	1
65	18	0
65	19	1
65	20	1
65	21	1
65	22	1
65	23	1
65	24	1
65	25	1
65	26	1
65	27	1
65	28	0
65	29	0
65	30	1
65	31	1
65	32	1
65	33	0
65	34	0
65	35	1
65	36	0
65	37	1
65	38	0
65	39	1
65	40	1
66	1	1
66	2	1
66	3	1
66	4	1
66	5	1
66	6	0
66	7	0
66	8	1
66	9	1
66	10	0
66	11	1
66	12	1
66	13	1
66	14	0
66	15	1
66	16	1
66	17	1
66	18	0
66	19	1
66	20	1
66	21	0
66	22	1
66	23	1
66	24	1
66	25	1
66	26	1
66	27	1
66	28	0
66	29	0
66	30	1
66	31	1
66	32	1
66	33	0
66	34	1
66	35	1
66	36	1
66	37	1
66	38	0
66	39	1
66	40	1
67	1	1
67	2	1
67	3	0
67	4	1
67	5	1
67	6	1
67	7	1
67	8	1
67	9	1
67	10	1
67	11	1
67	12	1
67	13	1
67	14	1
67	15	1
67	16	1
67	17	1
67	18	1
67	19	1
67	20	1
67	21	0
67	22	1
67	23	1
67	24	1
67	25	1
67	26	1
67	27	1
67	28	1
67	29	1
67	30	1
67	31	1
67	32	1
67	33	1
67	34	0
67	35	1
67	36	0
67	37	1
67	38	1
67	39	1
67	40	1
68	1	1
68	2	1
68	3	0
68	4	1
68	5	1
68	6	1
68	7	1
68	8	1
68	9	1
68	10	1
68	11	1
68	12	1
68	13	1
68	14	1
68	15	1
68	16	1
68	17	1
68	18	1
68	19	1
68	20	1
68	21	0
68	22	1
68	23	1
68	24	1
68	25	1
68	26	1
68	27	1
68	28	1
68	29	1
68	30	1
68	31	1
68	32	1
68	33	1
68	34	0
68	35	1
68	36	0
68	37	1
68	38	1
68	39	1
68	40	1
69	1	1
69	2	1
69	3	0
69	4	1
69	5	1
69	6	1
69	7	1
69	8	1
69	9	1
69	10	1
69	11	1
69	12	1
69	13	1
69	14	1
69	15	1
69	16	1
69	17	1
69	18	1
69	19	1
69	20	1
69	21	0
69	22	1
69	23	1
69	24	1
69	25	1
69	26	1
69	27	1
69	28	1
69	29	1
69	30	1
69	31	1
69	32	1
69	33	1
69	34	0
69	35	1
69	36	0
69	37	1
69	38	1
69	39	1
69	40	1
70	1	0
70	2	0
70	3	0
70	4	0
70	5	0
70	6	0
70	7	0
70	8	0
70	9	0
70	10	0
70	11	1
70	12	0
70	13	0
70	14	0
70	15	0
70	16	0
70	17	0
70	18	0
70	19	1
70	20	1
70	21	0
70	22	0
70	23	0
70	24	1
70	25	0
70	26	0
70	27	0
70	28	0
70	29	0
70	30	0
70	31	0
70	32	1
70	33	0
70	34	1
70	35	0
70	36	1
70	37	0
70	38	0
70	39	0
70	40	0
71	1	1
71	2	1
71	3	0
71	4	1
71	5	1
71	6	0
71	7	0
71	8	1
71	9	1
71	10	0
71	11	1
71	12	1
71	13	1
71	14	0
71	15	1
71	16	1
71	17	1
71	18	0
71	19	1
71	20	1
71	21	1
71	22	1
71	23	1
71	24	1
71	25	1
71	26	1
71	27	1
71	28	0
71	29	0
71	30	1
71	31	1
71	32	1
71	33	0
71	34	0
71	35	1
71	36	0
71	37	1
71	38	0
71	39	1
71	40	1
72	1	1
72	2	1
72	3	1
72	4	1
72	5	1
72	6	0
72	7	0
72	8	1
72	9	1
72	10	0
72	11	1
72	12	1
72	13	1
72	14	0
72	15	1
72	16	1
72	17	1
72	18	0
72	19	1
72	20	1
72	21	0
72	22	1
72	23	1
72	24	1
72	25	1
72	26	1
72	27	1
72	28	0
72	29	0
72	30	1
72	31	1
72	32	1
72	33	0
72	34	1
72	35	1
72	36	1
72	37	1
72	38	0
72	39	1
72	40	1
73	1	1
73	2	1
73	3	0
73	4	0
73	5	0
73	6	0
73	7	0
73	8	1
73	9	0
73	10	0
73	11	0
73	12	0
73	13	0
73	14	0
73	15	0
73	16	0
73	17	1
73	18	0
73	19	1
73	20	0
73	21	1
73	22	0
73	23	0
73	24	1
73	25	1
73	26	1
73	27	0
73	28	0
73	29	0
73	30	1
73	31	0
73	32	0
73	33	0
73	34	0
73	35	1
73	36	0
73	37	0
73	38	0
73	39	1
73	40	1
74	1	0
74	2	0
74	3	1
74	4	1
74	5	0
74	6	0
74	7	0
74	8	1
74	9	0
74	10	0
74	11	1
74	12	0
74	13	0
74	14	0
74	15	0
74	16	0
74	17	0
74	18	0
74	19	1
74	20	1
74	21	1
74	22	0
74	23	0
74	24	1
74	25	0
74	26	0
74	27	1
74	28	0
74	29	0
74	30	0
74	31	1
74	32	1
74	33	0
74	34	1
74	35	1
74	36	1
74	37	0
74	38	0
74	39	0
74	40	0
75	1	1
75	2	0
75	3	0
75	4	0
75	5	0
75	6	1
75	7	0
75	8	0
75	9	1
75	10	1
75	11	0
75	12	1
75	13	0
75	14	0
75	15	0
75	16	1
75	17	1
75	18	1
75	19	0
75	20	0
75	21	0
75	22	0
75	23	1
75	24	0
75	25	0
75	26	1
75	27	0
75	28	1
75	29	0
75	30	1
75	31	0
75	32	0
75	33	1
75	34	1
75	35	0
75	36	1
75	37	1
75	38	0
75	39	1
75	40	1
76	1	1
76	2	1
76	3	0
76	4	1
76	5	1
76	6	1
76	7	1
76	8	1
76	9	1
76	10	1
76	11	1
76	12	1
76	13	1
76	14	1
76	15	1
76	16	1
76	17	1
76	18	1
76	19	1
76	20	1
76	21	0
76	22	1
76	23	1
76	24	1
76	25	1
76	26	1
76	27	1
76	28	1
76	29	1
76	30	1
76	31	1
76	32	1
76	33	1
76	34	0
76	35	1
76	36	0
76	37	1
76	38	1
76	39	1
76	40	1
77	1	1
77	2	1
77	3	1
77	4	0
77	5	1
77	6	1
77	7	1
77	8	0
77	9	1
77	10	1
77	11	0
77	12	1
77	13	1
77	14	1
77	15	1
77	16	1
77	17	1
77	18	1
77	19	0
77	20	0
77	21	1
77	22	1
77	23	1
77	24	0
77	25	1
77	26	1
77	27	0
77	28	1
77	29	1
77	30	1
77	31	0
77	32	0
77	33	1
77	34	1
77	35	0
77	36	1
77	37	1
77	38	1
77	39	1
77	40	1
78	1	1
78	2	1
78	3	0
78	4	0
78	5	1
78	6	0
78	7	0
78	8	0
78	9	1
78	10	1
78	11	0
78	12	1
78	13	1
78	14	1
78	15	1
78	16	1
78	17	1
78	18	0
78	19	1
78	20	1
78	21	0
78	22	1
78	23	0
78	24	1
78	25	0
78	26	0
78	27	0
78	28	1
78	29	1
78	30	1
78	31	0
78	32	1
78	33	1
78	34	0
78	35	0
78	36	0
78	37	1
78	38	1
78	39	0
78	40	0
79	1	1
79	2	1
79	3	1
79	4	1
79	5	1
79	6	0
79	7	0
79	8	1
79	9	1
79	10	0
79	11	1
79	12	1
79	13	1
79	14	0
79	15	1
79	16	1
79	17	1
79	18	0
79	19	1
79	20	1
79	21	0
79	22	1
79	23	1
79	24	1
79	25	1
79	26	1
79	27	1
79	28	0
79	29	0
79	30	1
79	31	1
79	32	1
79	33	0
79	34	1
79	35	1
79	36	1
79	37	1
79	38	0
79	39	1
79	40	1
80	1	0
80	2	1
80	3	1
80	4	1
80	5	1
80	6	1
80	7	1
80	8	1
80	9	0
80	10	1
80	11	1
80	12	1
80	13	1
80	14	1
80	15	1
80	16	0
80	17	1
80	18	1
80	19	1
80	20	1
80	21	1
80	22	1
80	23	1
80	24	1
80	25	1
80	26	0
80	27	1
80	28	1
80	29	1
80	30	1
80	31	1
80	32	1
80	33	1
80	34	1
80	35	1
80	36	1
80	37	1
80	38	1
80	39	0
80	40	1
81	1	1
81	2	1
81	3	0
81	4	1
81	5	1
81	6	0
81	7	0
81	8	1
81	9	1
81	10	0
81	11	1
81	12	1
81	13	1
81	14	0
81	15	1
81	16	1
81	17	1
81	18	0
81	19	1
81	20	1
81	21	1
81	22	1
81	23	1
81	24	1
81	25	1
81	26	1
81	27	1
81	28	0
81	29	0
81	30	1
81	31	1
81	32	1
81	33	0
81	34	0
81	35	1
81	36	0
81	37	1
81	38	0
81	39	1
81	40	1
82	1	1
82	2	0
82	3	0
82	4	1
82	5	0
82	6	1
82	7	1
82	8	1
82	9	0
82	10	1
82	11	0
82	12	0
82	13	0
82	14	1
82	15	0
82	16	1
82	17	0
82	18	1
82	19	1
82	20	0
82	21	0
82	22	0
82	23	0
82	24	1
82	25	0
82	26	1
82	27	1
82	28	0
82	29	0
82	30	0
82	31	1
82	32	0
82	33	1
82	34	0
82	35	1
82	36	0
82	37	0
82	38	1
82	39	1
82	40	0
83	1	1
83	2	0
83	3	0
83	4	1
83	5	0
83	6	1
83	7	1
83	8	1
83	9	1
83	10	1
83	11	1
83	12	0
83	13	0
83	14	1
83	15	0
83	16	1
83	17	0
83	18	1
83	19	1
83	20	1
83	21	0
83	22	0
83	23	0
83	24	1
83	25	0
83	26	1
83	27	1
83	28	1
83	29	1
83	30	0
83	31	1
83	32	1
83	33	1
83	34	0
83	35	1
83	36	0
83	37	0
83	38	1
83	39	1
83	40	0
84	1	1
84	2	1
84	3	1
84	4	0
84	5	1
84	6	1
84	7	1
84	8	0
84	9	1
84	10	1
84	11	0
84	12	1
84	13	1
84	14	1
84	15	1
84	16	1
84	17	1
84	18	1
84	19	0
84	20	0
84	21	1
84	22	1
84	23	1
84	24	0
84	25	1
84	26	1
84	27	0
84	28	1
84	29	1
84	30	1
84	31	0
84	32	0
84	33	1
84	34	1
84	35	0
84	36	1
84	37	1
84	38	1
84	39	1
84	40	1
85	1	1
85	2	0
85	3	0
85	4	1
85	5	0
85	6	1
85	7	1
85	8	1
85	9	1
85	10	1
85	11	1
85	12	0
85	13	0
85	14	1
85	15	0
85	16	1
85	17	0
85	18	1
85	19	1
85	20	1
85	21	0
85	22	0
85	23	0
85	24	1
85	25	0
85	26	1
85	27	1
85	28	1
85	29	1
85	30	0
85	31	1
85	32	1
85	33	1
85	34	0
85	35	1
85	36	0
85	37	0
85	38	1
85	39	1
85	40	0
86	1	1
86	2	1
86	3	1
86	4	1
86	5	1
86	6	0
86	7	0
86	8	1
86	9	1
86	10	0
86	11	1
86	12	1
86	13	1
86	14	0
86	15	1
86	16	1
86	17	1
86	18	0
86	19	1
86	20	1
86	21	0
86	22	1
86	23	1
86	24	1
86	25	1
86	26	1
86	27	1
86	28	0
86	29	0
86	30	1
86	31	1
86	32	1
86	33	0
86	34	1
86	35	1
86	36	1
86	37	1
86	38	0
86	39	1
86	40	1
87	1	1
87	2	1
87	3	0
87	4	1
87	5	1
87	6	0
87	7	0
87	8	1
87	9	1
87	10	0
87	11	1
87	12	1
87	13	1
87	14	0
87	15	1
87	16	1
87	17	1
87	18	0
87	19	1
87	20	1
87	21	1
87	22	1
87	23	1
87	24	1
87	25	1
87	26	1
87	27	1
87	28	0
87	29	0
87	30	1
87	31	1
87	32	1
87	33	0
87	34	0
87	35	1
87	36	0
87	37	1
87	38	0
87	39	1
87	40	1
88	1	1
88	2	1
88	3	0
88	4	1
88	5	1
88	6	0
88	7	0
88	8	1
88	9	1
88	10	0
88	11	1
88	12	1
88	13	1
88	14	0
88	15	1
88	16	1
88	17	1
88	18	0
88	19	1
88	20	1
88	21	1
88	22	1
88	23	1
88	24	1
88	25	1
88	26	1
88	27	1
88	28	0
88	29	0
88	30	1
88	31	1
88	32	1
88	33	0
88	34	0
88	35	1
88	36	0
88	37	1
88	38	0
88	39	1
88	40	1
89	1	1
89	2	1
89	3	0
89	4	0
89	5	1
89	6	1
89	7	1
89	8	0
89	9	0
89	10	1
89	11	0
89	12	1
89	13	0
89	14	1
89	15	0
89	16	1
89	17	1
89	18	1
89	19	0
89	20	0
89	21	1
89	22	1
89	23	0
89	24	0
89	25	1
89	26	1
89	27	0
89	28	0
89	29	0
89	30	1
89	31	0
89	32	0
89	33	1
89	34	1
89	35	0
89	36	1
89	37	0
89	38	1
89	39	1
89	40	1
90	1	1
90	2	0
90	3	0
90	4	0
90	5	0
90	6	1
90	7	0
90	8	1
90	9	1
90	10	1
90	11	1
90	12	1
90	13	0
90	14	0
90	15	0
90	16	1
90	17	1
90	18	1
90	19	1
90	20	1
90	21	0
90	22	0
90	23	1
90	24	1
90	25	0
90	26	1
90	27	1
90	28	1
90	29	0
90	30	1
90	31	0
90	32	1
90	33	1
90	34	0
90	35	0
90	36	0
90	37	1
90	38	0
90	39	1
90	40	1
91	1	1
91	2	1
91	3	1
91	4	0
91	5	1
91	6	1
91	7	1
91	8	0
91	9	1
91	10	1
91	11	0
91	12	1
91	13	1
91	14	1
91	15	1
91	16	1
91	17	1
91	18	1
91	19	0
91	20	0
91	21	1
91	22	1
91	23	1
91	24	0
91	25	1
91	26	1
91	27	0
91	28	1
91	29	1
91	30	1
91	31	0
91	32	0
91	33	1
91	34	1
91	35	0
91	36	1
91	37	1
91	38	1
91	39	1
91	40	1
92	1	1
92	2	1
92	3	0
92	4	0
92	5	0
92	6	1
92	7	1
92	8	1
92	9	1
92	10	1
92	11	0
92	12	0
92	13	0
92	14	1
92	15	1
92	16	0
92	17	1
92	18	1
92	19	1
92	20	1
92	21	0
92	22	0
92	23	0
92	24	1
92	25	1
92	26	1
92	27	0
92	28	1
92	29	0
92	30	1
92	31	0
92	32	1
92	33	1
92	34	0
92	35	1
92	36	0
92	37	0
92	38	1
92	39	1
92	40	1
93	1	1
93	2	0
93	3	0
93	4	0
93	5	0
93	6	1
93	7	0
93	8	1
93	9	1
93	10	1
93	11	1
93	12	1
93	13	0
93	14	0
93	15	0
93	16	1
93	17	1
93	18	1
93	19	1
93	20	1
93	21	0
93	22	0
93	23	1
93	24	1
93	25	0
93	26	1
93	27	1
93	28	1
93	29	0
93	30	1
93	31	0
93	32	1
93	33	1
93	34	0
93	35	0
93	36	0
93	37	1
93	38	0
93	39	1
93	40	1
94	1	1
94	2	1
94	3	0
94	4	1
94	5	1
94	6	0
94	7	0
94	8	1
94	9	1
94	10	0
94	11	1
94	12	1
94	13	1
94	14	0
94	15	1
94	16	1
94	17	1
94	18	0
94	19	1
94	20	1
94	21	1
94	22	1
94	23	1
94	24	1
94	25	1
94	26	1
94	27	1
94	28	0
94	29	0
94	30	1
94	31	1
94	32	1
94	33	0
94	34	0
94	35	1
94	36	0
94	37	1
94	38	0
94	39	1
94	40	1
95	1	1
95	2	0
95	3	0
95	4	0
95	5	0
95	6	0
95	7	0
95	8	0
95	9	0
95	10	1
95	11	0
95	12	1
95	13	0
95	14	0
95	15	0
95	16	1
95	17	0
95	18	1
95	19	1
95	20	0
95	21	0
95	22	0
95	23	0
95	24	1
95	25	0
95	26	1
95	27	0
95	28	0
95	29	0
95	30	0
95	31	0
95	32	0
95	33	0
95	34	0
95	35	0
95	36	0
95	37	0
95	38	0
95	39	1
95	40	1
96	1	0
96	2	1
96	3	1
96	4	1
96	5	1
96	6	1
96	7	1
96	8	1
96	9	0
96	10	1
96	11	1
96	12	1
96	13	1
96	14	1
96	15	1
96	16	0
96	17	1
96	18	1
96	19	1
96	20	1
96	21	1
96	22	1
96	23	1
96	24	1
96	25	1
96	26	0
96	27	1
96	28	1
96	29	1
96	30	1
96	31	1
96	32	1
96	33	1
96	34	1
96	35	1
96	36	1
96	37	1
96	38	1
96	39	0
96	40	1
97	1	1
97	2	1
97	3	1
97	4	0
97	5	0
97	6	0
97	7	0
97	8	0
97	9	1
97	10	1
97	11	0
97	12	1
97	13	1
97	14	1
97	15	1
97	16	1
97	17	0
97	18	1
97	19	0
97	20	0
97	21	1
97	22	1
97	23	1
97	24	0
97	25	1
97	26	1
97	27	0
97	28	1
97	29	1
97	30	0
97	31	0
97	32	0
97	33	0
97	34	1
97	35	0
97	36	1
97	37	1
97	38	1
97	39	1
97	40	1
98	1	1
98	2	1
98	3	1
98	4	1
98	5	1
98	6	0
98	7	0
98	8	1
98	9	1
98	10	0
98	11	1
98	12	1
98	13	1
98	14	0
98	15	1
98	16	1
98	17	1
98	18	0
98	19	1
98	20	1
98	21	0
98	22	1
98	23	1
98	24	1
98	25	1
98	26	1
98	27	1
98	28	0
98	29	0
98	30	1
98	31	1
98	32	1
98	33	0
98	34	1
98	35	1
98	36	1
98	37	1
98	38	0
98	39	1
98	40	1
99	1	1
99	2	1
99	3	1
99	4	0
99	5	1
99	6	1
99	7	1
99	8	0
99	9	1
99	10	1
99	11	0
99	12	1
99	13	1
99	14	1
99	15	1
99	16	1
99	17	1
99	18	1
99	19	0
99	20	0
99	21	1
99	22	1
99	23	1
99	24	0
99	25	1
99	26	1
99	27	0
99	28	1
99	29	1
99	30	1
99	31	0
99	32	0
99	33	1
99	34	1
99	35	0
99	36	1
99	37	1
99	38	1
99	39	1
99	40	1
100	1	1
100	2	1
100	3	0
100	4	1
100	5	1
100	6	0
100	7	0
100	8	1
100	9	1
100	10	0
100	11	1
100	12	1
100	13	1
100	14	0
100	15	1
100	16	1
100	17	1
100	18	0
100	19	1
100	20	1
100	21	1
100	22	1
100	23	1
100	24	1
100	25	1
100	26	1
100	27	1
100	28	0
100	29	0
100	30	1
100	31	1
100	32	1
100	33	0
100	34	0
100	35	1
100	36	0
100	37	1
100	38	0
100	39	1
100	40	1
101	1	1
101	2	1
101	3	1
101	4	0
101	5	1
101	6	1
101	7	1
101	8	0
101	9	1
101	10	1
101	11	0
101	12	1
101	13	1
101	14	1
101	15	1
101	16	1
101	17	1
101	18	1
101	19	0
101	20	0
101	21	1
101	22	1
101	23	1
101	24	0
101	25	1
101	26	1
101	27	0
101	28	1
101	29	1
101	30	1
101	31	0
101	32	0
101	33	1
101	34	1
101	35	0
101	36	1
101	37	1
101	38	1
101	39	1
101	40	1
102	1	0
102	2	0
102	3	1
102	4	1
102	5	0
102	6	0
102	7	0
102	8	1
102	9	0
102	10	0
102	11	1
102	12	0
102	13	0
102	14	0
102	15	0
102	16	0
102	17	0
102	18	0
102	19	1
102	20	1
102	21	1
102	22	0
102	23	0
102	24	1
102	25	0
102	26	0
102	27	1
102	28	0
102	29	0
102	30	0
102	31	1
102	32	1
102	33	0
102	34	1
102	35	1
102	36	1
102	37	0
102	38	0
102	39	0
102	40	0
103	1	0
103	2	1
103	3	1
103	4	1
103	5	1
103	6	1
103	7	1
103	8	1
103	9	0
103	10	1
103	11	1
103	12	1
103	13	1
103	14	1
103	15	1
103	16	0
103	17	1
103	18	1
103	19	1
103	20	1
103	21	1
103	22	1
103	23	1
103	24	1
103	25	1
103	26	0
103	27	1
103	28	1
103	29	1
103	30	1
103	31	1
103	32	1
103	33	1
103	34	1
103	35	1
103	36	1
103	37	1
103	38	1
103	39	0
103	40	1
104	1	0
104	2	0
104	3	1
104	4	1
104	5	0
104	6	0
104	7	0
104	8	1
104	9	0
104	10	0
104	11	1
104	12	0
104	13	0
104	14	0
104	15	0
104	16	0
104	17	0
104	18	0
104	19	1
104	20	1
104	21	1
104	22	0
104	23	0
104	24	1
104	25	0
104	26	0
104	27	1
104	28	0
104	29	0
104	30	0
104	31	1
104	32	1
104	33	0
104	34	1
104	35	1
104	36	1
104	37	0
104	38	0
104	39	0
104	40	0
105	1	1
105	2	1
105	3	0
105	4	1
105	5	1
105	6	0
105	7	0
105	8	1
105	9	1
105	10	0
105	11	1
105	12	1
105	13	1
105	14	0
105	15	1
105	16	1
105	17	1
105	18	0
105	19	1
105	20	1
105	21	1
105	22	1
105	23	1
105	24	1
105	25	1
105	26	1
105	27	1
105	28	0
105	29	0
105	30	1
105	31	1
105	32	1
105	33	0
105	34	0
105	35	1
105	36	0
105	37	1
105	38	0
105	39	1
105	40	1
106	1	1
106	2	1
106	3	0
106	4	1
106	5	1
106	6	0
106	7	0
106	8	1
106	9	1
106	10	0
106	11	1
106	12	1
106	13	1
106	14	0
106	15	1
106	16	1
106	17	1
106	18	0
106	19	1
106	20	1
106	21	1
106	22	1
106	23	1
106	24	1
106	25	1
106	26	1
106	27	1
106	28	0
106	29	0
106	30	1
106	31	1
106	32	1
106	33	0
106	34	0
106	35	1
106	36	0
106	37	1
106	38	0
106	39	1
106	40	1
107	1	1
107	2	1
107	3	1
107	4	1
107	5	1
107	6	0
107	7	0
107	8	1
107	9	1
107	10	0
107	11	1
107	12	1
107	13	1
107	14	0
107	15	1
107	16	1
107	17	1
107	18	0
107	19	1
107	20	1
107	21	0
107	22	1
107	23	1
107	24	1
107	25	1
107	26	1
107	27	1
107	28	0
107	29	0
107	30	1
107	31	1
107	32	1
107	33	0
107	34	1
107	35	1
107	36	1
107	37	1
107	38	0
107	39	1
107	40	1
108	1	1
108	2	0
108	3	0
108	4	1
108	5	0
108	6	1
108	7	1
108	8	1
108	9	1
108	10	1
108	11	1
108	12	0
108	13	0
108	14	1
108	15	0
108	16	1
108	17	0
108	18	1
108	19	1
108	20	1
108	21	0
108	22	0
108	23	0
108	24	1
108	25	0
108	26	1
108	27	1
108	28	1
108	29	1
108	30	0
108	31	1
108	32	1
108	33	1
108	34	0
108	35	1
108	36	0
108	37	0
108	38	1
108	39	1
108	40	0
109	1	1
109	2	1
109	3	1
109	4	1
109	5	1
109	6	0
109	7	0
109	8	1
109	9	1
109	10	0
109	11	1
109	12	1
109	13	1
109	14	0
109	15	1
109	16	1
109	17	1
109	18	0
109	19	1
109	20	1
109	21	0
109	22	1
109	23	1
109	24	1
109	25	1
109	26	1
109	27	1
109	28	0
109	29	0
109	30	1
109	31	1
109	32	1
109	33	0
109	34	1
109	35	1
109	36	1
109	37	1
109	38	0
109	39	1
109	40	1
110	1	0
110	2	0
110	3	1
110	4	1
110	5	0
110	6	0
110	7	0
110	8	1
110	9	0
110	10	0
110	11	1
110	12	0
110	13	0
110	14	0
110	15	0
110	16	0
110	17	0
110	18	0
110	19	1
110	20	1
110	21	1
110	22	0
110	23	0
110	24	1
110	25	0
110	26	0
110	27	1
110	28	0
110	29	0
110	30	0
110	31	1
110	32	1
110	33	0
110	34	1
110	35	1
110	36	1
110	37	0
110	38	0
110	39	0
110	40	0
111	1	1
111	2	1
111	3	0
111	4	1
111	5	1
111	6	0
111	7	0
111	8	1
111	9	1
111	10	0
111	11	1
111	12	1
111	13	1
111	14	0
111	15	1
111	16	1
111	17	1
111	18	0
111	19	1
111	20	1
111	21	1
111	22	1
111	23	1
111	24	1
111	25	1
111	26	1
111	27	1
111	28	0
111	29	0
111	30	1
111	31	1
111	32	1
111	33	0
111	34	0
111	35	1
111	36	0
111	37	1
111	38	0
111	39	1
111	40	1
112	1	1
112	2	1
112	3	0
112	4	1
112	5	1
112	6	0
112	7	0
112	8	1
112	9	1
112	10	0
112	11	1
112	12	1
112	13	1
112	14	0
112	15	1
112	16	1
112	17	1
112	18	0
112	19	1
112	20	1
112	21	1
112	22	1
112	23	1
112	24	1
112	25	1
112	26	1
112	27	1
112	28	0
112	29	0
112	30	1
112	31	1
112	32	1
112	33	0
112	34	0
112	35	1
112	36	0
112	37	1
112	38	0
112	39	1
112	40	1
113	1	1
113	2	1
113	3	0
113	4	0
113	5	1
113	6	1
113	7	1
113	8	0
113	9	0
113	10	1
113	11	0
113	12	1
113	13	0
113	14	1
113	15	0
113	16	1
113	17	1
113	18	1
113	19	0
113	20	0
113	21	1
113	22	1
113	23	0
113	24	0
113	25	1
113	26	1
113	27	0
113	28	0
113	29	0
113	30	1
113	31	0
113	32	0
113	33	1
113	34	1
113	35	0
113	36	1
113	37	0
113	38	1
113	39	1
113	40	1
114	1	1
114	2	1
114	3	0
114	4	1
114	5	1
114	6	1
114	7	1
114	8	1
114	9	1
114	10	1
114	11	1
114	12	1
114	13	1
114	14	1
114	15	1
114	16	1
114	17	1
114	18	1
114	19	1
114	20	1
114	21	0
114	22	1
114	23	1
114	24	1
114	25	1
114	26	1
114	27	1
114	28	1
114	29	1
114	30	1
114	31	1
114	32	1
114	33	1
114	34	0
114	35	1
114	36	0
114	37	1
114	38	1
114	39	1
114	40	1
115	1	1
115	2	1
115	3	0
115	4	1
115	5	1
115	6	0
115	7	0
115	8	1
115	9	1
115	10	0
115	11	1
115	12	1
115	13	1
115	14	0
115	15	1
115	16	1
115	17	1
115	18	0
115	19	1
115	20	1
115	21	1
115	22	1
115	23	1
115	24	1
115	25	1
115	26	1
115	27	1
115	28	0
115	29	0
115	30	1
115	31	1
115	32	1
115	33	0
115	34	0
115	35	1
115	36	0
115	37	1
115	38	0
115	39	1
115	40	1
116	1	0
116	2	0
116	3	0
116	4	0
116	5	0
116	6	0
116	7	0
116	8	0
116	9	0
116	10	1
116	11	0
116	12	1
116	13	0
116	14	0
116	15	0
116	16	0
116	17	1
116	18	0
116	19	1
116	20	1
116	21	0
116	22	0
116	23	0
116	24	1
116	25	0
116	26	0
116	27	0
116	28	1
116	29	0
116	30	1
116	31	0
116	32	1
116	33	1
116	34	1
116	35	0
116	36	1
116	37	1
116	38	0
116	39	0
116	40	0
117	1	1
117	2	1
117	3	0
117	4	1
117	5	1
117	6	1
117	7	1
117	8	1
117	9	1
117	10	1
117	11	1
117	12	1
117	13	1
117	14	1
117	15	1
117	16	1
117	17	1
117	18	1
117	19	1
117	20	1
117	21	0
117	22	1
117	23	1
117	24	1
117	25	1
117	26	1
117	27	1
117	28	1
117	29	1
117	30	1
117	31	1
117	32	1
117	33	1
117	34	0
117	35	1
117	36	0
117	37	1
117	38	1
117	39	1
117	40	1
118	1	1
118	2	1
118	3	0
118	4	1
118	5	1
118	6	1
118	7	1
118	8	1
118	9	1
118	10	1
118	11	1
118	12	1
118	13	1
118	14	1
118	15	1
118	16	1
118	17	1
118	18	1
118	19	1
118	20	1
118	21	0
118	22	1
118	23	1
118	24	1
118	25	1
118	26	1
118	27	1
118	28	1
118	29	1
118	30	1
118	31	1
118	32	1
118	33	1
118	34	0
118	35	1
118	36	0
118	37	1
118	38	1
118	39	1
118	40	1
119	1	1
119	2	1
119	3	0
119	4	1
119	5	1
119	6	0
119	7	0
119	8	1
119	9	1
119	10	0
119	11	1
119	12	1
119	13	1
119	14	0
119	15	1
119	16	1
119	17	1
119	18	0
119	19	1
119	20	1
119	21	1
119	22	1
119	23	1
119	24	1
119	25	1
119	26	1
119	27	1
119	28	0
119	29	0
119	30	1
119	31	1
119	32	1
119	33	0
119	34	0
119	35	1
119	36	0
119	37	1
119	38	0
119	39	1
119	40	1
120	1	1
120	2	1
120	3	0
120	4	1
120	5	1
120	6	1
120	7	1
120	8	1
120	9	1
120	10	1
120	11	1
120	12	1
120	13	1
120	14	1
120	15	1
120	16	1
120	17	1
120	18	1
120	19	1
120	20	1
120	21	0
120	22	1
120	23	1
120	24	1
120	25	1
120	26	1
120	27	1
120	28	1
120	29	1
120	30	1
120	31	1
120	32	1
120	33	1
120	34	0
120	35	1
120	36	0
120	37	1
120	38	1
120	39	1
120	40	1
121	1	1
121	2	1
121	3	1
121	4	0
121	5	0
121	6	1
121	7	1
121	8	0
121	9	1
121	10	1
121	11	0
121	12	0
121	13	0
121	14	1
121	15	1
121	16	0
121	17	1
121	18	1
121	19	0
121	20	0
121	21	1
121	22	0
121	23	0
121	24	0
121	25	1
121	26	1
121	27	0
121	28	1
121	29	0
121	30	1
121	31	0
121	32	0
121	33	1
121	34	0
121	35	0
121	36	1
121	37	0
121	38	1
121	39	1
121	40	1
122	1	1
122	2	0
122	3	0
122	4	1
122	5	0
122	6	1
122	7	1
122	8	1
122	9	1
122	10	1
122	11	1
122	12	0
122	13	0
122	14	1
122	15	0
122	16	1
122	17	0
122	18	1
122	19	1
122	20	1
122	21	0
122	22	0
122	23	0
122	24	1
122	25	0
122	26	1
122	27	1
122	28	1
122	29	1
122	30	0
122	31	1
122	32	1
122	33	1
122	34	0
122	35	1
122	36	0
122	37	0
122	38	1
122	39	1
122	40	0
123	1	0
123	2	1
123	3	1
123	4	1
123	5	1
123	6	1
123	7	1
123	8	1
123	9	0
123	10	1
123	11	1
123	12	1
123	13	1
123	14	1
123	15	1
123	16	0
123	17	1
123	18	1
123	19	1
123	20	1
123	21	1
123	22	1
123	23	1
123	24	1
123	25	1
123	26	0
123	27	1
123	28	1
123	29	1
123	30	1
123	31	1
123	32	1
123	33	1
123	34	1
123	35	1
123	36	1
123	37	1
123	38	1
123	39	0
123	40	1
124	1	1
124	2	1
124	3	0
124	4	1
124	5	1
124	6	1
124	7	1
124	8	1
124	9	1
124	10	1
124	11	1
124	12	1
124	13	1
124	14	1
124	15	1
124	16	1
124	17	1
124	18	1
124	19	1
124	20	1
124	21	0
124	22	1
124	23	1
124	24	1
124	25	1
124	26	1
124	27	1
124	28	1
124	29	1
124	30	1
124	31	1
124	32	1
124	33	1
124	34	0
124	35	1
124	36	0
124	37	1
124	38	1
124	39	1
124	40	1
125	1	1
125	2	1
125	3	0
125	4	1
125	5	1
125	6	0
125	7	0
125	8	1
125	9	0
125	10	0
125	11	0
125	12	1
125	13	0
125	14	0
125	15	0
125	16	1
125	17	1
125	18	0
125	19	1
125	20	0
125	21	1
125	22	1
125	23	0
125	24	1
125	25	1
125	26	1
125	27	1
125	28	0
125	29	0
125	30	1
125	31	1
125	32	0
125	33	0
125	34	0
125	35	1
125	36	0
125	37	0
125	38	0
125	39	1
125	40	1
126	1	1
126	2	1
126	3	0
126	4	1
126	5	1
126	6	1
126	7	1
126	8	1
126	9	1
126	10	1
126	11	1
126	12	1
126	13	1
126	14	1
126	15	1
126	16	1
126	17	1
126	18	1
126	19	1
126	20	1
126	21	0
126	22	1
126	23	1
126	24	1
126	25	1
126	26	1
126	27	1
126	28	1
126	29	1
126	30	1
126	31	1
126	32	1
126	33	1
126	34	0
126	35	1
126	36	0
126	37	1
126	38	1
126	39	1
126	40	1
127	1	1
127	2	1
127	3	1
127	4	0
127	5	1
127	6	1
127	7	1
127	8	0
127	9	1
127	10	1
127	11	0
127	12	1
127	13	1
127	14	1
127	15	1
127	16	1
127	17	1
127	18	1
127	19	0
127	20	0
127	21	1
127	22	1
127	23	1
127	24	0
127	25	1
127	26	1
127	27	0
127	28	1
127	29	1
127	30	1
127	31	0
127	32	0
127	33	1
127	34	1
127	35	0
127	36	1
127	37	1
127	38	1
127	39	1
127	40	1
128	1	1
128	2	1
128	3	0
128	4	1
128	5	1
128	6	0
128	7	0
128	8	1
128	9	1
128	10	0
128	11	1
128	12	1
128	13	1
128	14	0
128	15	1
128	16	1
128	17	1
128	18	0
128	19	1
128	20	1
128	21	1
128	22	1
128	23	1
128	24	1
128	25	1
128	26	1
128	27	1
128	28	0
128	29	0
128	30	1
128	31	1
128	32	1
128	33	0
128	34	0
128	35	1
128	36	0
128	37	1
128	38	0
128	39	1
128	40	1
129	1	1
129	2	1
129	3	1
129	4	0
129	5	0
129	6	1
129	7	1
129	8	0
129	9	1
129	10	1
129	11	0
129	12	0
129	13	0
129	14	1
129	15	1
129	16	0
129	17	1
129	18	1
129	19	0
129	20	0
129	21	1
129	22	0
129	23	0
129	24	0
129	25	1
129	26	1
129	27	0
129	28	1
129	29	0
129	30	1
129	31	0
129	32	0
129	33	1
129	34	0
129	35	0
129	36	1
129	37	0
129	38	1
129	39	1
129	40	1
130	1	0
130	2	1
130	3	1
130	4	1
130	5	1
130	6	1
130	7	1
130	8	1
130	9	0
130	10	1
130	11	1
130	12	1
130	13	1
130	14	1
130	15	1
130	16	0
130	17	1
130	18	1
130	19	1
130	20	1
130	21	1
130	22	1
130	23	1
130	24	1
130	25	1
130	26	0
130	27	1
130	28	1
130	29	1
130	30	1
130	31	1
130	32	1
130	33	1
130	34	1
130	35	1
130	36	1
130	37	1
130	38	1
130	39	0
130	40	1
131	1	1
131	2	0
131	3	0
131	4	0
131	5	0
131	6	0
131	7	0
131	8	1
131	9	1
131	10	0
131	11	1
131	12	1
131	13	0
131	14	0
131	15	0
131	16	1
131	17	1
131	18	0
131	19	1
131	20	1
131	21	0
131	22	0
131	23	1
131	24	1
131	25	0
131	26	1
131	27	1
131	28	0
131	29	0
131	30	1
131	31	0
131	32	1
131	33	0
131	34	0
131	35	0
131	36	0
131	37	1
131	38	0
131	39	1
131	40	1
132	1	0
132	2	0
132	3	1
132	4	1
132	5	0
132	6	0
132	7	0
132	8	1
132	9	0
132	10	0
132	11	1
132	12	0
132	13	0
132	14	0
132	15	0
132	16	0
132	17	0
132	18	0
132	19	1
132	20	1
132	21	1
132	22	0
132	23	0
132	24	1
132	25	0
132	26	0
132	27	1
132	28	0
132	29	0
132	30	0
132	31	1
132	32	1
132	33	0
132	34	1
132	35	1
132	36	1
132	37	0
132	38	0
132	39	0
132	40	0
133	1	0
133	2	1
133	3	1
133	4	1
133	5	1
133	6	1
133	7	1
133	8	1
133	9	0
133	10	1
133	11	1
133	12	1
133	13	1
133	14	1
133	15	1
133	16	0
133	17	1
133	18	1
133	19	1
133	20	1
133	21	1
133	22	1
133	23	1
133	24	1
133	25	1
133	26	0
133	27	1
133	28	1
133	29	1
133	30	1
133	31	1
133	32	1
133	33	1
133	34	1
133	35	1
133	36	1
133	37	1
133	38	1
133	39	0
133	40	1
134	1	1
134	2	1
134	3	0
134	4	1
134	5	1
134	6	0
134	7	0
134	8	1
134	9	1
134	10	0
134	11	1
134	12	1
134	13	1
134	14	0
134	15	1
134	16	1
134	17	1
134	18	0
134	19	1
134	20	1
134	21	1
134	22	1
134	23	1
134	24	1
134	25	1
134	26	1
134	27	1
134	28	0
134	29	0
134	30	1
134	31	1
134	32	1
134	33	0
134	34	0
134	35	1
134	36	0
134	37	1
134	38	0
134	39	1
134	40	1
135	1	1
135	2	1
135	3	0
135	4	0
135	5	0
135	6	1
135	7	1
135	8	1
135	9	1
135	10	1
135	11	0
135	12	0
135	13	0
135	14	1
135	15	1
135	16	0
135	17	1
135	18	1
135	19	1
135	20	1
135	21	0
135	22	0
135	23	0
135	24	1
135	25	1
135	26	1
135	27	0
135	28	1
135	29	0
135	30	1
135	31	0
135	32	1
135	33	1
135	34	0
135	35	1
135	36	0
135	37	0
135	38	1
135	39	1
135	40	1
136	1	1
136	2	0
136	3	0
136	4	0
136	5	0
136	6	1
136	7	1
136	8	1
136	9	1
136	10	1
136	11	0
136	12	0
136	13	0
136	14	1
136	15	0
136	16	0
136	17	0
136	18	1
136	19	1
136	20	1
136	21	0
136	22	0
136	23	0
136	24	1
136	25	0
136	26	1
136	27	0
136	28	1
136	29	0
136	30	0
136	31	0
136	32	1
136	33	1
136	34	0
136	35	1
136	36	0
136	37	0
136	38	1
136	39	1
136	40	0
137	1	1
137	2	0
137	3	0
137	4	1
137	5	0
137	6	1
137	7	1
137	8	1
137	9	1
137	10	1
137	11	1
137	12	0
137	13	0
137	14	1
137	15	0
137	16	1
137	17	0
137	18	1
137	19	1
137	20	1
137	21	0
137	22	0
137	23	0
137	24	1
137	25	0
137	26	1
137	27	1
137	28	1
137	29	1
137	30	0
137	31	1
137	32	1
137	33	1
137	34	0
137	35	1
137	36	0
137	37	0
137	38	1
137	39	1
137	40	0
138	1	0
138	2	1
138	3	1
138	4	1
138	5	1
138	6	1
138	7	1
138	8	1
138	9	0
138	10	1
138	11	1
138	12	1
138	13	1
138	14	1
138	15	1
138	16	0
138	17	1
138	18	1
138	19	1
138	20	1
138	21	1
138	22	1
138	23	1
138	24	1
138	25	1
138	26	0
138	27	1
138	28	1
138	29	1
138	30	1
138	31	1
138	32	1
138	33	1
138	34	1
138	35	1
138	36	1
138	37	1
138	38	1
138	39	0
138	40	1
139	1	1
139	2	1
139	3	1
139	4	1
139	5	1
139	6	0
139	7	0
139	8	1
139	9	1
139	10	0
139	11	1
139	12	1
139	13	1
139	14	0
139	15	1
139	16	1
139	17	1
139	18	0
139	19	1
139	20	1
139	21	0
139	22	1
139	23	1
139	24	1
139	25	1
139	26	1
139	27	1
139	28	0
139	29	0
139	30	1
139	31	1
139	32	1
139	33	0
139	34	1
139	35	1
139	36	1
139	37	1
139	38	0
139	39	1
139	40	1
140	1	0
140	2	0
140	3	1
140	4	1
140	5	0
140	6	0
140	7	0
140	8	1
140	9	0
140	10	0
140	11	1
140	12	0
140	13	0
140	14	0
140	15	0
140	16	0
140	17	0
140	18	0
140	19	1
140	20	1
140	21	1
140	22	0
140	23	0
140	24	1
140	25	0
140	26	0
140	27	1
140	28	0
140	29	0
140	30	0
140	31	1
140	32	1
140	33	0
140	34	1
140	35	1
140	36	1
140	37	0
140	38	0
140	39	0
140	40	0
141	1	1
141	2	0
141	3	0
141	4	1
141	5	0
141	6	1
141	7	1
141	8	1
141	9	1
141	10	1
141	11	1
141	12	0
141	13	0
141	14	1
141	15	0
141	16	1
141	17	0
141	18	1
141	19	1
141	20	1
141	21	0
141	22	0
141	23	0
141	24	1
141	25	0
141	26	1
141	27	1
141	28	1
141	29	1
141	30	0
141	31	1
141	32	1
141	33	1
141	34	0
141	35	1
141	36	0
141	37	0
141	38	1
141	39	1
141	40	0
142	1	1
142	2	1
142	3	0
142	4	1
142	5	1
142	6	0
142	7	0
142	8	1
142	9	1
142	10	0
142	11	1
142	12	1
142	13	1
142	14	0
142	15	1
142	16	1
142	17	1
142	18	0
142	19	1
142	20	1
142	21	1
142	22	1
142	23	1
142	24	1
142	25	1
142	26	1
142	27	1
142	28	0
142	29	0
142	30	1
142	31	1
142	32	1
142	33	0
142	34	0
142	35	1
142	36	0
142	37	1
142	38	0
142	39	1
142	40	1
143	1	0
143	2	1
143	3	1
143	4	1
143	5	1
143	6	1
143	7	1
143	8	1
143	9	0
143	10	1
143	11	1
143	12	1
143	13	1
143	14	1
143	15	1
143	16	0
143	17	1
143	18	1
143	19	1
143	20	1
143	21	1
143	22	1
143	23	1
143	24	1
143	25	1
143	26	0
143	27	1
143	28	1
143	29	1
143	30	1
143	31	1
143	32	1
143	33	1
143	34	1
143	35	1
143	36	1
143	37	1
143	38	1
143	39	0
143	40	1
144	1	1
144	2	1
144	3	0
144	4	1
144	5	1
144	6	0
144	7	0
144	8	1
144	9	1
144	10	0
144	11	1
144	12	1
144	13	1
144	14	0
144	15	1
144	16	1
144	17	1
144	18	0
144	19	1
144	20	1
144	21	1
144	22	1
144	23	1
144	24	1
144	25	1
144	26	1
144	27	1
144	28	0
144	29	0
144	30	1
144	31	1
144	32	1
144	33	0
144	34	0
144	35	1
144	36	0
144	37	1
144	38	0
144	39	1
144	40	1
145	1	1
145	2	1
145	3	0
145	4	1
145	5	1
145	6	0
145	7	0
145	8	1
145	9	1
145	10	0
145	11	1
145	12	1
145	13	1
145	14	0
145	15	1
145	16	1
145	17	1
145	18	0
145	19	1
145	20	1
145	21	1
145	22	1
145	23	1
145	24	1
145	25	1
145	26	1
145	27	1
145	28	0
145	29	0
145	30	1
145	31	1
145	32	1
145	33	0
145	34	0
145	35	1
145	36	0
145	37	1
145	38	0
145	39	1
145	40	1
146	1	1
146	2	1
146	3	1
146	4	0
146	5	0
146	6	0
146	7	0
146	8	0
146	9	1
146	10	1
146	11	0
146	12	1
146	13	1
146	14	1
146	15	1
146	16	1
146	17	0
146	18	1
146	19	0
146	20	0
146	21	1
146	22	1
146	23	1
146	24	0
146	25	1
146	26	1
146	27	0
146	28	1
146	29	1
146	30	0
146	31	0
146	32	0
146	33	0
146	34	1
146	35	0
146	36	1
146	37	1
146	38	1
146	39	1
146	40	1
147	1	1
147	2	1
147	3	0
147	4	1
147	5	1
147	6	0
147	7	0
147	8	1
147	9	1
147	10	0
147	11	1
147	12	1
147	13	1
147	14	0
147	15	1
147	16	1
147	17	1
147	18	0
147	19	1
147	20	1
147	21	1
147	22	1
147	23	1
147	24	1
147	25	1
147	26	1
147	27	1
147	28	0
147	29	0
147	30	1
147	31	1
147	32	1
147	33	0
147	34	0
147	35	1
147	36	0
147	37	1
147	38	0
147	39	1
147	40	1
148	1	1
148	2	1
148	3	0
148	4	1
148	5	1
148	6	1
148	7	1
148	8	1
148	9	1
148	10	1
148	11	1
148	12	1
148	13	1
148	14	1
148	15	1
148	16	1
148	17	1
148	18	1
148	19	1
148	20	1
148	21	0
148	22	1
148	23	1
148	24	1
148	25	1
148	26	1
148	27	1
148	28	1
148	29	1
148	30	1
148	31	1
148	32	1
148	33	1
148	34	0
148	35	1
148	36	0
148	37	1
148	38	1
148	39	1
148	40	1
149	1	1
149	2	1
149	3	1
149	4	1
149	5	1
149	6	0
149	7	0
149	8	1
149	9	1
149	10	0
149	11	1
149	12	1
149	13	1
149	14	0
149	15	1
149	16	1
149	17	1
149	18	0
149	19	1
149	20	1
149	21	0
149	22	1
149	23	1
149	24	1
149	25	1
149	26	1
149	27	1
149	28	0
149	29	0
149	30	1
149	31	1
149	32	1
149	33	0
149	34	1
149	35	1
149	36	1
149	37	1
149	38	0
149	39	1
149	40	1
150	1	0
150	2	1
150	3	1
150	4	1
150	5	1
150	6	1
150	7	1
150	8	1
150	9	0
150	10	1
150	11	1
150	12	1
150	13	1
150	14	1
150	15	1
150	16	0
150	17	1
150	18	1
150	19	1
150	20	1
150	21	1
150	22	1
150	23	1
150	24	1
150	25	1
150	26	0
150	27	1
150	28	1
150	29	1
150	30	1
150	31	1
150	32	1
150	33	1
150	34	1
150	35	1
150	36	1
150	37	1
150	38	1
150	39	0
150	40	1
151	1	1
151	2	1
151	3	0
151	4	1
151	5	1
151	6	1
151	7	1
151	8	1
151	9	1
151	10	1
151	11	1
151	12	1
151	13	1
151	14	1
151	15	1
151	16	1
151	17	1
151	18	1
151	19	1
151	20	1
151	21	0
151	22	1
151	23	1
151	24	1
151	25	1
151	26	1
151	27	1
151	28	1
151	29	1
151	30	1
151	31	1
151	32	1
151	33	1
151	34	0
151	35	1
151	36	0
151	37	1
151	38	1
151	39	1
151	40	1
152	1	0
152	2	0
152	3	1
152	4	1
152	5	0
152	6	0
152	7	0
152	8	0
152	9	0
152	10	0
152	11	1
152	12	0
152	13	0
152	14	0
152	15	0
152	16	0
152	17	0
152	18	0
152	19	1
152	20	1
152	21	1
152	22	0
152	23	0
152	24	1
152	25	0
152	26	0
152	27	0
152	28	0
152	29	0
152	30	0
152	31	1
152	32	1
152	33	0
152	34	1
152	35	1
152	36	1
152	37	0
152	38	0
152	39	0
152	40	0
153	1	1
153	2	1
153	3	0
153	4	1
153	5	1
153	6	1
153	7	1
153	8	1
153	9	1
153	10	1
153	11	1
153	12	1
153	13	1
153	14	1
153	15	1
153	16	1
153	17	1
153	18	1
153	19	1
153	20	1
153	21	0
153	22	1
153	23	1
153	24	1
153	25	1
153	26	1
153	27	1
153	28	1
153	29	1
153	30	1
153	31	1
153	32	1
153	33	1
153	34	0
153	35	1
153	36	0
153	37	1
153	38	1
153	39	1
153	40	1
154	1	1
154	2	1
154	3	1
154	4	0
154	5	1
154	6	1
154	7	1
154	8	0
154	9	1
154	10	1
154	11	0
154	12	1
154	13	1
154	14	1
154	15	1
154	16	1
154	17	1
154	18	1
154	19	0
154	20	0
154	21	1
154	22	1
154	23	1
154	24	0
154	25	1
154	26	1
154	27	0
154	28	1
154	29	1
154	30	1
154	31	0
154	32	0
154	33	1
154	34	1
154	35	0
154	36	1
154	37	1
154	38	1
154	39	1
154	40	1
155	1	1
155	2	1
155	3	1
155	4	1
155	5	1
155	6	0
155	7	0
155	8	1
155	9	1
155	10	0
155	11	1
155	12	1
155	13	1
155	14	0
155	15	1
155	16	1
155	17	1
155	18	0
155	19	1
155	20	1
155	21	0
155	22	1
155	23	1
155	24	1
155	25	1
155	26	1
155	27	1
155	28	0
155	29	0
155	30	1
155	31	1
155	32	1
155	33	0
155	34	1
155	35	1
155	36	1
155	37	1
155	38	0
155	39	1
155	40	1
156	1	1
156	2	1
156	3	1
156	4	0
156	5	1
156	6	1
156	7	1
156	8	0
156	9	1
156	10	1
156	11	0
156	12	1
156	13	1
156	14	1
156	15	1
156	16	1
156	17	1
156	18	1
156	19	0
156	20	0
156	21	1
156	22	1
156	23	1
156	24	0
156	25	1
156	26	1
156	27	0
156	28	1
156	29	1
156	30	1
156	31	0
156	32	0
156	33	1
156	34	1
156	35	0
156	36	1
156	37	1
156	38	1
156	39	1
156	40	1
157	1	1
157	2	1
157	3	0
157	4	1
157	5	1
157	6	0
157	7	0
157	8	1
157	9	1
157	10	0
157	11	1
157	12	1
157	13	1
157	14	0
157	15	1
157	16	1
157	17	1
157	18	0
157	19	1
157	20	1
157	21	1
157	22	1
157	23	1
157	24	1
157	25	1
157	26	1
157	27	1
157	28	0
157	29	0
157	30	1
157	31	1
157	32	1
157	33	0
157	34	0
157	35	1
157	36	0
157	37	1
157	38	0
157	39	1
157	40	1
158	1	0
158	2	1
158	3	1
158	4	1
158	5	1
158	6	1
158	7	1
158	8	1
158	9	0
158	10	1
158	11	1
158	12	1
158	13	1
158	14	1
158	15	1
158	16	0
158	17	1
158	18	1
158	19	1
158	20	1
158	21	1
158	22	1
158	23	1
158	24	1
158	25	1
158	26	0
158	27	1
158	28	1
158	29	1
158	30	1
158	31	1
158	32	1
158	33	1
158	34	1
158	35	1
158	36	1
158	37	1
158	38	1
158	39	0
158	40	1
159	1	1
159	2	1
159	3	0
159	4	0
159	5	1
159	6	0
159	7	0
159	8	0
159	9	1
159	10	0
159	11	0
159	12	1
159	13	1
159	14	0
159	15	1
159	16	1
159	17	1
159	18	0
159	19	1
159	20	1
159	21	0
159	22	1
159	23	0
159	24	1
159	25	0
159	26	0
159	27	0
159	28	0
159	29	0
159	30	1
159	31	0
159	32	1
159	33	0
159	34	1
159	35	0
159	36	1
159	37	1
159	38	0
159	39	0
159	40	0
160	1	1
160	2	1
160	3	0
160	4	1
160	5	1
160	6	1
160	7	1
160	8	1
160	9	1
160	10	1
160	11	1
160	12	1
160	13	1
160	14	1
160	15	1
160	16	1
160	17	1
160	18	1
160	19	1
160	20	1
160	21	0
160	22	1
160	23	1
160	24	1
160	25	1
160	26	1
160	27	1
160	28	1
160	29	1
160	30	1
160	31	1
160	32	1
160	33	1
160	34	0
160	35	1
160	36	0
160	37	1
160	38	1
160	39	1
160	40	1
161	1	1
161	2	1
161	3	0
161	4	0
161	5	1
161	6	0
161	7	0
161	8	0
161	9	1
161	10	1
161	11	0
161	12	1
161	13	1
161	14	1
161	15	1
161	16	1
161	17	1
161	18	0
161	19	1
161	20	1
161	21	0
161	22	1
161	23	0
161	24	1
161	25	0
161	26	0
161	27	0
161	28	1
161	29	1
161	30	1
161	31	0
161	32	1
161	33	1
161	34	0
161	35	0
161	36	0
161	37	1
161	38	1
161	39	0
161	40	0
162	1	1
162	2	1
162	3	1
162	4	0
162	5	1
162	6	1
162	7	1
162	8	0
162	9	1
162	10	1
162	11	0
162	12	1
162	13	1
162	14	1
162	15	1
162	16	1
162	17	1
162	18	1
162	19	0
162	20	0
162	21	1
162	22	1
162	23	1
162	24	0
162	25	1
162	26	1
162	27	0
162	28	1
162	29	1
162	30	1
162	31	0
162	32	0
162	33	1
162	34	1
162	35	0
162	36	1
162	37	1
162	38	1
162	39	1
162	40	1
163	1	1
163	2	0
163	3	0
163	4	1
163	5	0
163	6	1
163	7	1
163	8	1
163	9	1
163	10	1
163	11	1
163	12	0
163	13	0
163	14	1
163	15	0
163	16	1
163	17	0
163	18	1
163	19	1
163	20	1
163	21	0
163	22	0
163	23	0
163	24	1
163	25	0
163	26	1
163	27	1
163	28	1
163	29	1
163	30	0
163	31	1
163	32	1
163	33	1
163	34	0
163	35	1
163	36	0
163	37	0
163	38	1
163	39	1
163	40	0
164	1	1
164	2	0
164	3	0
164	4	1
164	5	0
164	6	1
164	7	1
164	8	1
164	9	1
164	10	1
164	11	1
164	12	0
164	13	0
164	14	1
164	15	0
164	16	1
164	17	0
164	18	1
164	19	1
164	20	1
164	21	0
164	22	0
164	23	0
164	24	1
164	25	0
164	26	1
164	27	1
164	28	1
164	29	1
164	30	0
164	31	1
164	32	1
164	33	1
164	34	0
164	35	1
164	36	0
164	37	0
164	38	1
164	39	1
164	40	0
165	1	1
165	2	1
165	3	0
165	4	1
165	5	1
165	6	0
165	7	0
165	8	1
165	9	1
165	10	0
165	11	1
165	12	1
165	13	1
165	14	0
165	15	1
165	16	1
165	17	1
165	18	0
165	19	1
165	20	1
165	21	1
165	22	1
165	23	1
165	24	1
165	25	1
165	26	1
165	27	1
165	28	0
165	29	0
165	30	1
165	31	1
165	32	1
165	33	0
165	34	0
165	35	1
165	36	0
165	37	1
165	38	0
165	39	1
165	40	1
166	1	1
166	2	1
166	3	1
166	4	0
166	5	1
166	6	1
166	7	1
166	8	0
166	9	1
166	10	1
166	11	0
166	12	1
166	13	1
166	14	1
166	15	1
166	16	1
166	17	1
166	18	1
166	19	0
166	20	0
166	21	1
166	22	1
166	23	1
166	24	0
166	25	1
166	26	1
166	27	0
166	28	1
166	29	1
166	30	1
166	31	0
166	32	0
166	33	1
166	34	1
166	35	0
166	36	1
166	37	1
166	38	1
166	39	1
166	40	1
167	1	1
167	2	0
167	3	0
167	4	0
167	5	0
167	6	0
167	7	0
167	8	1
167	9	1
167	10	0
167	11	1
167	12	1
167	13	0
167	14	0
167	15	0
167	16	1
167	17	1
167	18	0
167	19	1
167	20	1
167	21	0
167	22	0
167	23	1
167	24	1
167	25	0
167	26	1
167	27	1
167	28	0
167	29	0
167	30	1
167	31	0
167	32	1
167	33	0
167	34	0
167	35	0
167	36	0
167	37	1
167	38	0
167	39	1
167	40	1
168	1	1
168	2	1
168	3	0
168	4	0
168	5	1
168	6	0
168	7	0
168	8	0
168	9	1
168	10	0
168	11	0
168	12	1
168	13	1
168	14	0
168	15	1
168	16	1
168	17	1
168	18	0
168	19	1
168	20	1
168	21	0
168	22	1
168	23	0
168	24	1
168	25	0
168	26	0
168	27	0
168	28	0
168	29	0
168	30	1
168	31	0
168	32	1
168	33	0
168	34	1
168	35	0
168	36	1
168	37	1
168	38	0
168	39	0
168	40	0
169	1	0
169	2	1
169	3	1
169	4	0
169	5	0
169	6	1
169	7	1
169	8	1
169	9	0
169	10	1
169	11	0
169	12	0
169	13	0
169	14	1
169	15	1
169	16	0
169	17	1
169	18	1
169	19	1
169	20	1
169	21	1
169	22	0
169	23	0
169	24	1
169	25	1
169	26	0
169	27	0
169	28	1
169	29	0
169	30	1
169	31	0
169	32	1
169	33	1
169	34	0
169	35	1
169	36	1
169	37	0
169	38	1
169	39	0
169	40	1
170	1	1
170	2	0
170	3	0
170	4	0
170	5	0
170	6	0
170	7	0
170	8	0
170	9	1
170	10	1
170	11	0
170	12	0
170	13	0
170	14	1
170	15	0
170	16	1
170	17	0
170	18	0
170	19	1
170	20	1
170	21	0
170	22	0
170	23	0
170	24	1
170	25	0
170	26	0
170	27	0
170	28	1
170	29	1
170	30	0
170	31	0
170	32	1
170	33	1
170	34	0
170	35	0
170	36	0
170	37	0
170	38	1
170	39	0
170	40	0
171	1	1
171	2	1
171	3	0
171	4	1
171	5	1
171	6	0
171	7	0
171	8	1
171	9	1
171	10	0
171	11	1
171	12	1
171	13	1
171	14	0
171	15	1
171	16	1
171	17	1
171	18	0
171	19	1
171	20	1
171	21	1
171	22	1
171	23	1
171	24	1
171	25	1
171	26	1
171	27	1
171	28	0
171	29	0
171	30	1
171	31	1
171	32	1
171	33	0
171	34	0
171	35	1
171	36	0
171	37	1
171	38	0
171	39	1
171	40	1
172	1	0
172	2	1
172	3	1
172	4	0
172	5	0
172	6	1
172	7	1
172	8	1
172	9	0
172	10	1
172	11	0
172	12	0
172	13	0
172	14	1
172	15	1
172	16	0
172	17	1
172	18	1
172	19	1
172	20	1
172	21	1
172	22	0
172	23	0
172	24	1
172	25	1
172	26	0
172	27	0
172	28	1
172	29	0
172	30	1
172	31	0
172	32	1
172	33	1
172	34	0
172	35	1
172	36	1
172	37	0
172	38	1
172	39	0
172	40	1
173	1	1
173	2	1
173	3	0
173	4	1
173	5	1
173	6	1
173	7	1
173	8	1
173	9	1
173	10	1
173	11	1
173	12	1
173	13	1
173	14	1
173	15	1
173	16	1
173	17	1
173	18	1
173	19	1
173	20	1
173	21	0
173	22	1
173	23	1
173	24	1
173	25	1
173	26	1
173	27	1
173	28	1
173	29	1
173	30	1
173	31	1
173	32	1
173	33	1
173	34	0
173	35	1
173	36	0
173	37	1
173	38	1
173	39	1
173	40	1
174	1	1
174	2	1
174	3	1
174	4	0
174	5	1
174	6	1
174	7	1
174	8	0
174	9	1
174	10	1
174	11	0
174	12	1
174	13	1
174	14	1
174	15	1
174	16	1
174	17	1
174	18	1
174	19	0
174	20	0
174	21	1
174	22	1
174	23	1
174	24	0
174	25	1
174	26	1
174	27	0
174	28	1
174	29	1
174	30	1
174	31	0
174	32	0
174	33	1
174	34	1
174	35	0
174	36	1
174	37	1
174	38	1
174	39	1
174	40	1
175	1	1
175	2	1
175	3	0
175	4	1
175	5	0
175	6	0
175	7	0
175	8	0
175	9	1
175	10	1
175	11	1
175	12	1
175	13	1
175	14	1
175	15	1
175	16	1
175	17	0
175	18	1
175	19	1
175	20	1
175	21	0
175	22	1
175	23	1
175	24	1
175	25	1
175	26	1
175	27	0
175	28	1
175	29	1
175	30	0
175	31	1
175	32	1
175	33	0
175	34	0
175	35	1
175	36	0
175	37	1
175	38	1
175	39	1
175	40	1
176	1	1
176	2	1
176	3	1
176	4	1
176	5	1
176	6	0
176	7	0
176	8	1
176	9	1
176	10	0
176	11	1
176	12	1
176	13	1
176	14	0
176	15	1
176	16	1
176	17	1
176	18	0
176	19	1
176	20	1
176	21	0
176	22	1
176	23	1
176	24	1
176	25	1
176	26	1
176	27	1
176	28	0
176	29	0
176	30	1
176	31	1
176	32	1
176	33	0
176	34	1
176	35	1
176	36	1
176	37	1
176	38	0
176	39	1
176	40	1
177	1	1
177	2	1
177	3	1
177	4	0
177	5	1
177	6	1
177	7	1
177	8	0
177	9	1
177	10	1
177	11	0
177	12	1
177	13	1
177	14	1
177	15	1
177	16	1
177	17	1
177	18	1
177	19	0
177	20	0
177	21	1
177	22	1
177	23	1
177	24	0
177	25	1
177	26	1
177	27	0
177	28	1
177	29	1
177	30	1
177	31	0
177	32	0
177	33	1
177	34	1
177	35	0
177	36	1
177	37	1
177	38	1
177	39	1
177	40	1
178	1	1
178	2	1
178	3	0
178	4	1
178	5	1
178	6	1
178	7	1
178	8	1
178	9	1
178	10	1
178	11	1
178	12	1
178	13	1
178	14	1
178	15	1
178	16	1
178	17	1
178	18	1
178	19	1
178	20	1
178	21	0
178	22	1
178	23	1
178	24	1
178	25	1
178	26	1
178	27	1
178	28	1
178	29	1
178	30	1
178	31	1
178	32	1
178	33	1
178	34	0
178	35	1
178	36	0
178	37	1
178	38	1
178	39	1
178	40	1
179	1	1
179	2	1
179	3	0
179	4	1
179	5	1
179	6	1
179	7	1
179	8	1
179	9	1
179	10	1
179	11	1
179	12	1
179	13	1
179	14	1
179	15	1
179	16	1
179	17	1
179	18	1
179	19	1
179	20	1
179	21	0
179	22	1
179	23	1
179	24	1
179	25	1
179	26	1
179	27	1
179	28	1
179	29	1
179	30	1
179	31	1
179	32	1
179	33	1
179	34	0
179	35	1
179	36	0
179	37	1
179	38	1
179	39	1
179	40	1
180	1	1
180	2	1
180	3	0
180	4	1
180	5	1
180	6	1
180	7	1
180	8	1
180	9	1
180	10	1
180	11	1
180	12	1
180	13	1
180	14	1
180	15	1
180	16	1
180	17	1
180	18	1
180	19	1
180	20	1
180	21	0
180	22	1
180	23	1
180	24	1
180	25	1
180	26	1
180	27	1
180	28	1
180	29	1
180	30	1
180	31	1
180	32	1
180	33	1
180	34	0
180	35	1
180	36	0
180	37	1
180	38	1
180	39	1
180	40	1
181	1	1
181	2	0
181	3	0
181	4	1
181	5	0
181	6	1
181	7	1
181	8	1
181	9	1
181	10	1
181	11	1
181	12	0
181	13	0
181	14	1
181	15	0
181	16	1
181	17	0
181	18	1
181	19	1
181	20	1
181	21	0
181	22	0
181	23	0
181	24	1
181	25	0
181	26	1
181	27	1
181	28	1
181	29	1
181	30	0
181	31	1
181	32	1
181	33	1
181	34	0
181	35	1
181	36	0
181	37	0
181	38	1
181	39	1
181	40	0
182	1	1
182	2	1
182	3	0
182	4	1
182	5	1
182	6	0
182	7	0
182	8	1
182	9	1
182	10	0
182	11	1
182	12	1
182	13	1
182	14	0
182	15	1
182	16	1
182	17	1
182	18	0
182	19	1
182	20	1
182	21	1
182	22	1
182	23	1
182	24	1
182	25	1
182	26	1
182	27	1
182	28	0
182	29	0
182	30	1
182	31	1
182	32	1
182	33	0
182	34	0
182	35	1
182	36	0
182	37	1
182	38	0
182	39	1
182	40	1
183	1	1
183	2	1
183	3	1
183	4	1
183	5	1
183	6	0
183	7	0
183	8	1
183	9	1
183	10	0
183	11	1
183	12	1
183	13	1
183	14	0
183	15	1
183	16	1
183	17	1
183	18	0
183	19	1
183	20	1
183	21	0
183	22	1
183	23	1
183	24	1
183	25	1
183	26	1
183	27	1
183	28	0
183	29	0
183	30	1
183	31	1
183	32	1
183	33	0
183	34	1
183	35	1
183	36	1
183	37	1
183	38	0
183	39	1
183	40	1
184	1	1
184	2	1
184	3	0
184	4	1
184	5	1
184	6	0
184	7	0
184	8	1
184	9	1
184	10	0
184	11	1
184	12	1
184	13	1
184	14	0
184	15	1
184	16	1
184	17	1
184	18	0
184	19	1
184	20	1
184	21	1
184	22	1
184	23	1
184	24	1
184	25	1
184	26	1
184	27	1
184	28	0
184	29	0
184	30	1
184	31	1
184	32	1
184	33	0
184	34	0
184	35	1
184	36	0
184	37	1
184	38	0
184	39	1
184	40	1
185	1	1
185	2	0
185	3	0
185	4	1
185	5	0
185	6	1
185	7	1
185	8	1
185	9	1
185	10	1
185	11	1
185	12	0
185	13	0
185	14	1
185	15	0
185	16	1
185	17	0
185	18	1
185	19	1
185	20	1
185	21	0
185	22	0
185	23	0
185	24	1
185	25	0
185	26	1
185	27	1
185	28	1
185	29	1
185	30	0
185	31	1
185	32	1
185	33	1
185	34	0
185	35	1
185	36	0
185	37	0
185	38	1
185	39	1
185	40	0
186	1	1
186	2	0
186	3	0
186	4	1
186	5	0
186	6	1
186	7	1
186	8	1
186	9	1
186	10	1
186	11	1
186	12	0
186	13	0
186	14	1
186	15	0
186	16	1
186	17	0
186	18	1
186	19	1
186	20	1
186	21	0
186	22	0
186	23	0
186	24	1
186	25	0
186	26	1
186	27	1
186	28	1
186	29	1
186	30	0
186	31	1
186	32	1
186	33	1
186	34	0
186	35	1
186	36	0
186	37	0
186	38	1
186	39	1
186	40	0
187	1	1
187	2	0
187	3	0
187	4	1
187	5	0
187	6	1
187	7	1
187	8	1
187	9	1
187	10	1
187	11	1
187	12	0
187	13	0
187	14	1
187	15	0
187	16	1
187	17	0
187	18	1
187	19	1
187	20	1
187	21	0
187	22	0
187	23	0
187	24	1
187	25	0
187	26	1
187	27	1
187	28	1
187	29	1
187	30	0
187	31	1
187	32	1
187	33	1
187	34	0
187	35	1
187	36	0
187	37	0
187	38	1
187	39	1
187	40	0
188	1	0
188	2	0
188	3	1
188	4	1
188	5	0
188	6	0
188	7	0
188	8	1
188	9	0
188	10	0
188	11	1
188	12	0
188	13	0
188	14	0
188	15	0
188	16	0
188	17	0
188	18	0
188	19	1
188	20	1
188	21	1
188	22	0
188	23	0
188	24	1
188	25	0
188	26	0
188	27	1
188	28	0
188	29	0
188	30	0
188	31	1
188	32	1
188	33	0
188	34	1
188	35	1
188	36	1
188	37	0
188	38	0
188	39	0
188	40	0
189	1	1
189	2	1
189	3	1
189	4	0
189	5	1
189	6	1
189	7	1
189	8	0
189	9	1
189	10	1
189	11	0
189	12	1
189	13	1
189	14	1
189	15	1
189	16	1
189	17	1
189	18	1
189	19	0
189	20	0
189	21	1
189	22	1
189	23	1
189	24	0
189	25	1
189	26	1
189	27	0
189	28	1
189	29	1
189	30	1
189	31	0
189	32	0
189	33	1
189	34	1
189	35	0
189	36	1
189	37	1
189	38	1
189	39	1
189	40	1
190	1	1
190	2	0
190	3	0
190	4	1
190	5	0
190	6	0
190	7	0
190	8	0
190	9	1
190	10	1
190	11	1
190	12	0
190	13	0
190	14	1
190	15	0
190	16	1
190	17	0
190	18	1
190	19	1
190	20	1
190	21	0
190	22	0
190	23	0
190	24	1
190	25	0
190	26	1
190	27	0
190	28	1
190	29	1
190	30	0
190	31	1
190	32	1
190	33	0
190	34	0
190	35	1
190	36	0
190	37	0
190	38	1
190	39	1
190	40	0
191	1	1
191	2	1
191	3	0
191	4	1
191	5	1
191	6	0
191	7	0
191	8	1
191	9	1
191	10	0
191	11	1
191	12	1
191	13	1
191	14	0
191	15	1
191	16	1
191	17	1
191	18	0
191	19	1
191	20	1
191	21	1
191	22	1
191	23	1
191	24	1
191	25	1
191	26	1
191	27	1
191	28	0
191	29	0
191	30	1
191	31	1
191	32	1
191	33	0
191	34	0
191	35	1
191	36	0
191	37	1
191	38	0
191	39	1
191	40	1
192	1	1
192	2	1
192	3	0
192	4	1
192	5	0
192	6	0
192	7	0
192	8	0
192	9	1
192	10	1
192	11	1
192	12	1
192	13	1
192	14	1
192	15	1
192	16	1
192	17	0
192	18	1
192	19	1
192	20	1
192	21	0
192	22	1
192	23	1
192	24	1
192	25	1
192	26	1
192	27	0
192	28	1
192	29	1
192	30	0
192	31	1
192	32	1
192	33	0
192	34	0
192	35	1
192	36	0
192	37	1
192	38	1
192	39	1
192	40	1
193	1	0
193	2	0
193	3	1
193	4	1
193	5	0
193	6	0
193	7	0
193	8	1
193	9	0
193	10	0
193	11	1
193	12	0
193	13	0
193	14	0
193	15	0
193	16	0
193	17	0
193	18	0
193	19	1
193	20	1
193	21	1
193	22	0
193	23	0
193	24	1
193	25	0
193	26	0
193	27	1
193	28	0
193	29	0
193	30	0
193	31	1
193	32	1
193	33	0
193	34	1
193	35	1
193	36	1
193	37	0
193	38	0
193	39	0
193	40	0
194	1	1
194	2	1
194	3	0
194	4	1
194	5	1
194	6	1
194	7	1
194	8	1
194	9	1
194	10	1
194	11	1
194	12	1
194	13	1
194	14	1
194	15	1
194	16	1
194	17	1
194	18	1
194	19	1
194	20	1
194	21	0
194	22	1
194	23	1
194	24	1
194	25	1
194	26	1
194	27	1
194	28	1
194	29	1
194	30	1
194	31	1
194	32	1
194	33	1
194	34	0
194	35	1
194	36	0
194	37	1
194	38	1
194	39	1
194	40	1
195	1	0
195	2	0
195	3	1
195	4	1
195	5	0
195	6	0
195	7	0
195	8	1
195	9	0
195	10	0
195	11	1
195	12	0
195	13	0
195	14	0
195	15	0
195	16	0
195	17	0
195	18	0
195	19	1
195	20	1
195	21	1
195	22	0
195	23	0
195	24	1
195	25	0
195	26	0
195	27	1
195	28	0
195	29	0
195	30	0
195	31	1
195	32	1
195	33	0
195	34	1
195	35	1
195	36	1
195	37	0
195	38	0
195	39	0
195	40	0
196	1	1
196	2	1
196	3	0
196	4	1
196	5	1
196	6	1
196	7	1
196	8	1
196	9	1
196	10	1
196	11	1
196	12	1
196	13	1
196	14	1
196	15	1
196	16	1
196	17	1
196	18	1
196	19	1
196	20	1
196	21	0
196	22	1
196	23	1
196	24	1
196	25	1
196	26	1
196	27	1
196	28	1
196	29	1
196	30	1
196	31	1
196	32	1
196	33	1
196	34	0
196	35	1
196	36	0
196	37	1
196	38	1
196	39	1
196	40	1
197	1	0
197	2	0
197	3	1
197	4	1
197	5	0
197	6	0
197	7	0
197	8	1
197	9	0
197	10	0
197	11	1
197	12	0
197	13	0
197	14	0
197	15	0
197	16	0
197	17	0
197	18	0
197	19	1
197	20	1
197	21	1
197	22	0
197	23	0
197	24	1
197	25	0
197	26	0
197	27	1
197	28	0
197	29	0
197	30	0
197	31	1
197	32	1
197	33	0
197	34	1
197	35	1
197	36	1
197	37	0
197	38	0
197	39	0
197	40	0
198	1	1
198	2	1
198	3	0
198	4	1
198	5	1
198	6	1
198	7	1
198	8	1
198	9	1
198	10	1
198	11	1
198	12	1
198	13	1
198	14	1
198	15	1
198	16	1
198	17	1
198	18	1
198	19	1
198	20	1
198	21	0
198	22	1
198	23	1
198	24	1
198	25	1
198	26	1
198	27	1
198	28	1
198	29	1
198	30	1
198	31	1
198	32	1
198	33	1
198	34	0
198	35	1
198	36	0
198	37	1
198	38	1
198	39	1
198	40	1
199	1	0
199	2	0
199	3	0
199	4	0
199	5	0
199	6	1
199	7	0
199	8	1
199	9	0
199	10	1
199	11	1
199	12	1
199	13	0
199	14	0
199	15	0
199	16	0
199	17	1
199	18	1
199	19	1
199	20	1
199	21	0
199	22	0
199	23	1
199	24	1
199	25	0
199	26	0
199	27	1
199	28	1
199	29	0
199	30	1
199	31	0
199	32	1
199	33	1
199	34	1
199	35	0
199	36	1
199	37	1
199	38	0
199	39	0
199	40	1
200	1	1
200	2	1
200	3	0
200	4	1
200	5	1
200	6	0
200	7	0
200	8	1
200	9	1
200	10	0
200	11	1
200	12	1
200	13	1
200	14	0
200	15	1
200	16	1
200	17	1
200	18	0
200	19	1
200	20	1
200	21	1
200	22	1
200	23	1
200	24	1
200	25	1
200	26	1
200	27	1
200	28	0
200	29	0
200	30	1
200	31	1
200	32	1
200	33	0
200	34	0
200	35	1
200	36	0
200	37	1
200	38	0
200	39	1
200	40	1
201	1	1
201	2	1
201	3	0
201	4	1
201	5	1
201	6	0
201	7	0
201	8	1
201	9	1
201	10	0
201	11	1
201	12	1
201	13	1
201	14	0
201	15	1
201	16	1
201	17	1
201	18	0
201	19	1
201	20	1
201	21	1
201	22	1
201	23	1
201	24	1
201	25	1
201	26	1
201	27	1
201	28	0
201	29	0
201	30	1
201	31	1
201	32	1
201	33	0
201	34	0
201	35	1
201	36	0
201	37	1
201	38	0
201	39	1
201	40	1
202	1	1
202	2	1
202	3	0
202	4	1
202	5	1
202	6	0
202	7	0
202	8	1
202	9	1
202	10	0
202	11	1
202	12	1
202	13	1
202	14	0
202	15	1
202	16	1
202	17	1
202	18	0
202	19	1
202	20	1
202	21	1
202	22	1
202	23	1
202	24	1
202	25	1
202	26	1
202	27	1
202	28	0
202	29	0
202	30	1
202	31	1
202	32	1
202	33	0
202	34	0
202	35	1
202	36	0
202	37	1
202	38	0
202	39	1
202	40	1
203	1	1
203	2	1
203	3	1
203	4	1
203	5	1
203	6	0
203	7	0
203	8	1
203	9	1
203	10	0
203	11	1
203	12	1
203	13	1
203	14	0
203	15	1
203	16	1
203	17	1
203	18	0
203	19	1
203	20	1
203	21	0
203	22	1
203	23	1
203	24	1
203	25	1
203	26	1
203	27	1
203	28	0
203	29	0
203	30	1
203	31	1
203	32	1
203	33	0
203	34	1
203	35	1
203	36	1
203	37	1
203	38	0
203	39	1
203	40	1
204	1	1
204	2	1
204	3	0
204	4	1
204	5	1
204	6	0
204	7	0
204	8	1
204	9	1
204	10	0
204	11	1
204	12	1
204	13	1
204	14	0
204	15	1
204	16	1
204	17	1
204	18	0
204	19	1
204	20	1
204	21	1
204	22	1
204	23	1
204	24	1
204	25	1
204	26	1
204	27	1
204	28	0
204	29	0
204	30	1
204	31	1
204	32	1
204	33	0
204	34	0
204	35	1
204	36	0
204	37	1
204	38	0
204	39	1
204	40	1
205	1	1
205	2	1
205	3	1
205	4	1
205	5	1
205	6	0
205	7	0
205	8	1
205	9	1
205	10	0
205	11	1
205	12	1
205	13	1
205	14	0
205	15	1
205	16	1
205	17	1
205	18	0
205	19	1
205	20	1
205	21	0
205	22	1
205	23	1
205	24	1
205	25	1
205	26	1
205	27	1
205	28	0
205	29	0
205	30	1
205	31	1
205	32	1
205	33	0
205	34	1
205	35	1
205	36	1
205	37	1
205	38	0
205	39	1
205	40	1
206	1	1
206	2	1
206	3	0
206	4	0
206	5	0
206	6	1
206	7	1
206	8	1
206	9	1
206	10	1
206	11	0
206	12	0
206	13	0
206	14	1
206	15	1
206	16	0
206	17	1
206	18	1
206	19	1
206	20	1
206	21	0
206	22	0
206	23	0
206	24	1
206	25	1
206	26	1
206	27	0
206	28	1
206	29	0
206	30	1
206	31	0
206	32	1
206	33	1
206	34	0
206	35	1
206	36	0
206	37	0
206	38	1
206	39	1
206	40	1
207	1	1
207	2	1
207	3	0
207	4	1
207	5	1
207	6	0
207	7	0
207	8	1
207	9	1
207	10	0
207	11	1
207	12	1
207	13	1
207	14	0
207	15	1
207	16	1
207	17	1
207	18	0
207	19	1
207	20	1
207	21	1
207	22	1
207	23	1
207	24	1
207	25	1
207	26	1
207	27	1
207	28	0
207	29	0
207	30	1
207	31	1
207	32	1
207	33	0
207	34	0
207	35	1
207	36	0
207	37	1
207	38	0
207	39	1
207	40	1
208	1	1
208	2	1
208	3	0
208	4	1
208	5	1
208	6	1
208	7	1
208	8	1
208	9	1
208	10	1
208	11	1
208	12	1
208	13	1
208	14	1
208	15	1
208	16	1
208	17	1
208	18	1
208	19	1
208	20	1
208	21	0
208	22	1
208	23	1
208	24	1
208	25	1
208	26	1
208	27	1
208	28	1
208	29	1
208	30	1
208	31	1
208	32	1
208	33	1
208	34	0
208	35	1
208	36	0
208	37	1
208	38	1
208	39	1
208	40	1
209	1	1
209	2	1
209	3	0
209	4	1
209	5	1
209	6	0
209	7	0
209	8	1
209	9	1
209	10	0
209	11	1
209	12	1
209	13	1
209	14	0
209	15	1
209	16	1
209	17	1
209	18	0
209	19	1
209	20	1
209	21	1
209	22	1
209	23	1
209	24	1
209	25	1
209	26	1
209	27	1
209	28	0
209	29	0
209	30	1
209	31	1
209	32	1
209	33	0
209	34	0
209	35	1
209	36	0
209	37	1
209	38	0
209	39	1
209	40	1
210	1	1
210	2	0
210	3	0
210	4	1
210	5	0
210	6	0
210	7	0
210	8	0
210	9	1
210	10	1
210	11	1
210	12	0
210	13	0
210	14	1
210	15	0
210	16	1
210	17	0
210	18	1
210	19	1
210	20	1
210	21	0
210	22	0
210	23	0
210	24	1
210	25	0
210	26	1
210	27	0
210	28	1
210	29	1
210	30	0
210	31	1
210	32	1
210	33	0
210	34	0
210	35	1
210	36	0
210	37	0
210	38	1
210	39	1
210	40	0
211	1	0
211	2	0
211	3	1
211	4	1
211	5	0
211	6	0
211	7	0
211	8	1
211	9	0
211	10	0
211	11	1
211	12	0
211	13	0
211	14	0
211	15	0
211	16	0
211	17	0
211	18	0
211	19	1
211	20	1
211	21	1
211	22	0
211	23	0
211	24	1
211	25	0
211	26	0
211	27	1
211	28	0
211	29	0
211	30	0
211	31	1
211	32	1
211	33	0
211	34	1
211	35	1
211	36	1
211	37	0
211	38	0
211	39	0
211	40	0
212	1	1
212	2	1
212	3	0
212	4	0
212	5	1
212	6	0
212	7	0
212	8	0
212	9	1
212	10	1
212	11	0
212	12	1
212	13	1
212	14	1
212	15	1
212	16	1
212	17	1
212	18	0
212	19	0
212	20	0
212	21	0
212	22	1
212	23	0
212	24	0
212	25	0
212	26	0
212	27	0
212	28	1
212	29	1
212	30	1
212	31	0
212	32	0
212	33	1
212	34	1
212	35	0
212	36	1
212	37	1
212	38	1
212	39	0
212	40	0
213	1	0
213	2	0
213	3	1
213	4	1
213	5	0
213	6	0
213	7	0
213	8	1
213	9	0
213	10	0
213	11	1
213	12	0
213	13	0
213	14	0
213	15	0
213	16	0
213	17	0
213	18	0
213	19	1
213	20	1
213	21	1
213	22	0
213	23	0
213	24	1
213	25	0
213	26	0
213	27	1
213	28	0
213	29	0
213	30	0
213	31	1
213	32	1
213	33	0
213	34	1
213	35	1
213	36	1
213	37	0
213	38	0
213	39	0
213	40	0
214	1	1
214	2	1
214	3	0
214	4	1
214	5	1
214	6	0
214	7	0
214	8	1
214	9	1
214	10	0
214	11	1
214	12	1
214	13	1
214	14	0
214	15	1
214	16	1
214	17	1
214	18	0
214	19	1
214	20	1
214	21	1
214	22	1
214	23	1
214	24	1
214	25	1
214	26	1
214	27	1
214	28	0
214	29	0
214	30	1
214	31	1
214	32	1
214	33	0
214	34	0
214	35	1
214	36	0
214	37	1
214	38	0
214	39	1
214	40	1
215	1	1
215	2	0
215	3	0
215	4	1
215	5	0
215	6	1
215	7	1
215	8	1
215	9	1
215	10	1
215	11	1
215	12	0
215	13	0
215	14	1
215	15	0
215	16	1
215	17	0
215	18	1
215	19	1
215	20	1
215	21	0
215	22	0
215	23	0
215	24	1
215	25	0
215	26	1
215	27	1
215	28	1
215	29	1
215	30	0
215	31	1
215	32	1
215	33	1
215	34	0
215	35	1
215	36	0
215	37	0
215	38	1
215	39	1
215	40	0
216	1	1
216	2	0
216	3	0
216	4	0
216	5	0
216	6	1
216	7	0
216	8	0
216	9	1
216	10	1
216	11	0
216	12	0
216	13	0
216	14	0
216	15	0
216	16	0
216	17	1
216	18	1
216	19	0
216	20	0
216	21	0
216	22	0
216	23	0
216	24	0
216	25	0
216	26	1
216	27	0
216	28	1
216	29	0
216	30	1
216	31	0
216	32	0
216	33	1
216	34	0
216	35	0
216	36	1
216	37	0
216	38	0
216	39	1
216	40	1
217	1	0
217	2	1
217	3	1
217	4	1
217	5	1
217	6	1
217	7	1
217	8	1
217	9	0
217	10	1
217	11	1
217	12	1
217	13	1
217	14	1
217	15	1
217	16	0
217	17	1
217	18	1
217	19	1
217	20	1
217	21	1
217	22	1
217	23	1
217	24	1
217	25	1
217	26	0
217	27	1
217	28	1
217	29	1
217	30	1
217	31	1
217	32	1
217	33	1
217	34	1
217	35	1
217	36	1
217	37	1
217	38	1
217	39	0
217	40	1
218	1	1
218	2	1
218	3	0
218	4	1
218	5	1
218	6	0
218	7	0
218	8	1
218	9	1
218	10	0
218	11	1
218	12	1
218	13	1
218	14	0
218	15	1
218	16	1
218	17	1
218	18	0
218	19	1
218	20	1
218	21	1
218	22	1
218	23	1
218	24	1
218	25	1
218	26	1
218	27	1
218	28	0
218	29	0
218	30	1
218	31	1
218	32	1
218	33	0
218	34	0
218	35	1
218	36	0
218	37	1
218	38	0
218	39	1
218	40	1
219	1	1
219	2	1
219	3	0
219	4	1
219	5	1
219	6	0
219	7	0
219	8	1
219	9	1
219	10	0
219	11	1
219	12	1
219	13	1
219	14	0
219	15	1
219	16	1
219	17	1
219	18	0
219	19	1
219	20	1
219	21	1
219	22	1
219	23	1
219	24	1
219	25	1
219	26	1
219	27	1
219	28	0
219	29	0
219	30	1
219	31	1
219	32	1
219	33	0
219	34	0
219	35	1
219	36	0
219	37	1
219	38	0
219	39	1
219	40	1
220	1	1
220	2	0
220	3	0
220	4	1
220	5	0
220	6	1
220	7	1
220	8	1
220	9	1
220	10	1
220	11	1
220	12	0
220	13	0
220	14	1
220	15	0
220	16	1
220	17	0
220	18	1
220	19	1
220	20	1
220	21	0
220	22	0
220	23	0
220	24	1
220	25	0
220	26	1
220	27	1
220	28	1
220	29	1
220	30	0
220	31	1
220	32	1
220	33	1
220	34	0
220	35	1
220	36	0
220	37	0
220	38	1
220	39	1
220	40	0
221	1	1
221	2	1
221	3	0
221	4	0
221	5	0
221	6	1
221	7	1
221	8	0
221	9	0
221	10	1
221	11	0
221	12	0
221	13	0
221	14	1
221	15	0
221	16	0
221	17	1
221	18	1
221	19	0
221	20	0
221	21	1
221	22	0
221	23	0
221	24	0
221	25	1
221	26	1
221	27	0
221	28	0
221	29	0
221	30	1
221	31	0
221	32	0
221	33	1
221	34	0
221	35	0
221	36	1
221	37	0
221	38	1
221	39	1
221	40	1
222	1	1
222	2	1
222	3	0
222	4	0
222	5	1
222	6	0
222	7	0
222	8	0
222	9	1
222	10	0
222	11	0
222	12	1
222	13	1
222	14	0
222	15	1
222	16	1
222	17	1
222	18	0
222	19	1
222	20	1
222	21	0
222	22	1
222	23	0
222	24	1
222	25	0
222	26	0
222	27	0
222	28	0
222	29	0
222	30	1
222	31	0
222	32	1
222	33	0
222	34	0
222	35	0
222	36	0
222	37	1
222	38	0
222	39	0
222	40	0
223	1	0
223	2	1
223	3	1
223	4	1
223	5	1
223	6	1
223	7	1
223	8	1
223	9	0
223	10	1
223	11	1
223	12	1
223	13	1
223	14	1
223	15	1
223	16	0
223	17	1
223	18	1
223	19	1
223	20	1
223	21	1
223	22	1
223	23	1
223	24	1
223	25	1
223	26	0
223	27	1
223	28	1
223	29	1
223	30	1
223	31	1
223	32	1
223	33	1
223	34	1
223	35	1
223	36	1
223	37	1
223	38	1
223	39	0
223	40	1
224	1	1
224	2	1
224	3	0
224	4	1
224	5	1
224	6	0
224	7	0
224	8	1
224	9	1
224	10	0
224	11	1
224	12	1
224	13	1
224	14	0
224	15	1
224	16	1
224	17	1
224	18	0
224	19	1
224	20	1
224	21	1
224	22	1
224	23	1
224	24	1
224	25	1
224	26	1
224	27	1
224	28	0
224	29	0
224	30	1
224	31	1
224	32	1
224	33	0
224	34	0
224	35	1
224	36	0
224	37	1
224	38	0
224	39	1
224	40	1
225	1	1
225	2	1
225	3	0
225	4	1
225	5	1
225	6	0
225	7	0
225	8	1
225	9	1
225	10	0
225	11	1
225	12	1
225	13	1
225	14	0
225	15	1
225	16	1
225	17	1
225	18	0
225	19	1
225	20	1
225	21	1
225	22	1
225	23	1
225	24	1
225	25	1
225	26	1
225	27	1
225	28	0
225	29	0
225	30	1
225	31	1
225	32	1
225	33	0
225	34	0
225	35	1
225	36	0
225	37	1
225	38	0
225	39	1
225	40	1
226	1	1
226	2	0
226	3	0
226	4	0
226	5	0
226	6	0
226	7	0
226	8	1
226	9	1
226	10	0
226	11	1
226	12	1
226	13	0
226	14	0
226	15	0
226	16	1
226	17	1
226	18	0
226	19	1
226	20	1
226	21	0
226	22	0
226	23	1
226	24	1
226	25	0
226	26	1
226	27	1
226	28	0
226	29	0
226	30	1
226	31	0
226	32	1
226	33	0
226	34	0
226	35	0
226	36	0
226	37	1
226	38	0
226	39	1
226	40	1
227	1	1
227	2	1
227	3	0
227	4	1
227	5	0
227	6	0
227	7	0
227	8	0
227	9	1
227	10	0
227	11	1
227	12	1
227	13	1
227	14	0
227	15	1
227	16	1
227	17	0
227	18	0
227	19	1
227	20	1
227	21	1
227	22	1
227	23	1
227	24	1
227	25	1
227	26	1
227	27	0
227	28	0
227	29	0
227	30	0
227	31	1
227	32	1
227	33	0
227	34	0
227	35	1
227	36	0
227	37	1
227	38	0
227	39	1
227	40	1
228	1	1
228	2	1
228	3	0
228	4	1
228	5	1
228	6	1
228	7	1
228	8	1
228	9	1
228	10	1
228	11	1
228	12	1
228	13	1
228	14	1
228	15	1
228	16	1
228	17	1
228	18	1
228	19	1
228	20	1
228	21	0
228	22	1
228	23	1
228	24	1
228	25	1
228	26	1
228	27	1
228	28	1
228	29	1
228	30	1
228	31	1
228	32	1
228	33	1
228	34	0
228	35	1
228	36	0
228	37	1
228	38	1
228	39	1
228	40	1
229	1	0
229	2	0
229	3	0
229	4	0
229	5	0
229	6	0
229	7	0
229	8	0
229	9	0
229	10	0
229	11	0
229	12	0
229	13	0
229	14	0
229	15	0
229	16	0
229	17	0
229	18	0
229	19	1
229	20	1
229	21	0
229	22	0
229	23	0
229	24	1
229	25	0
229	26	0
229	27	0
229	28	0
229	29	0
229	30	0
229	31	0
229	32	1
229	33	0
229	34	0
229	35	0
229	36	1
229	37	0
229	38	0
229	39	0
229	40	0
230	1	1
230	2	1
230	3	1
230	4	0
230	5	1
230	6	1
230	7	1
230	8	0
230	9	1
230	10	1
230	11	0
230	12	1
230	13	1
230	14	1
230	15	1
230	16	1
230	17	1
230	18	1
230	19	0
230	20	0
230	21	1
230	22	1
230	23	1
230	24	0
230	25	1
230	26	1
230	27	0
230	28	1
230	29	1
230	30	1
230	31	0
230	32	0
230	33	1
230	34	1
230	35	0
230	36	1
230	37	1
230	38	1
230	39	1
230	40	1
231	1	0
231	2	0
231	3	1
231	4	1
231	5	0
231	6	0
231	7	0
231	8	1
231	9	0
231	10	0
231	11	1
231	12	0
231	13	0
231	14	0
231	15	0
231	16	0
231	17	0
231	18	0
231	19	1
231	20	1
231	21	1
231	22	0
231	23	0
231	24	1
231	25	0
231	26	0
231	27	1
231	28	0
231	29	0
231	30	0
231	31	1
231	32	1
231	33	0
231	34	1
231	35	1
231	36	1
231	37	0
231	38	0
231	39	0
231	40	0
232	1	1
232	2	1
232	3	1
232	4	1
232	5	1
232	6	0
232	7	0
232	8	1
232	9	1
232	10	0
232	11	1
232	12	1
232	13	1
232	14	0
232	15	1
232	16	1
232	17	1
232	18	0
232	19	1
232	20	1
232	21	0
232	22	1
232	23	1
232	24	1
232	25	1
232	26	1
232	27	1
232	28	0
232	29	0
232	30	1
232	31	1
232	32	1
232	33	0
232	34	1
232	35	1
232	36	1
232	37	1
232	38	0
232	39	1
232	40	1
233	1	0
233	2	1
233	3	1
233	4	1
233	5	1
233	6	1
233	7	1
233	8	1
233	9	0
233	10	1
233	11	1
233	12	1
233	13	1
233	14	1
233	15	1
233	16	0
233	17	1
233	18	1
233	19	1
233	20	1
233	21	1
233	22	1
233	23	1
233	24	1
233	25	1
233	26	0
233	27	1
233	28	1
233	29	1
233	30	1
233	31	1
233	32	1
233	33	1
233	34	1
233	35	1
233	36	1
233	37	1
233	38	1
233	39	0
233	40	1
234	1	1
234	2	0
234	3	0
234	4	0
234	5	0
234	6	0
234	7	0
234	8	1
234	9	1
234	10	0
234	11	1
234	12	1
234	13	0
234	14	0
234	15	0
234	16	1
234	17	1
234	18	0
234	19	1
234	20	1
234	21	0
234	22	0
234	23	1
234	24	1
234	25	0
234	26	1
234	27	1
234	28	0
234	29	0
234	30	1
234	31	0
234	32	1
234	33	0
234	34	0
234	35	0
234	36	0
234	37	1
234	38	0
234	39	1
234	40	1
235	1	1
235	2	0
235	3	0
235	4	0
235	5	0
235	6	0
235	7	0
235	8	0
235	9	1
235	10	1
235	11	0
235	12	0
235	13	0
235	14	0
235	15	0
235	16	1
235	17	0
235	18	0
235	19	1
235	20	1
235	21	0
235	22	0
235	23	0
235	24	1
235	25	0
235	26	0
235	27	0
235	28	1
235	29	0
235	30	0
235	31	0
235	32	1
235	33	1
235	34	0
235	35	0
235	36	0
235	37	0
235	38	0
235	39	0
235	40	0
236	1	0
236	2	1
236	3	0
236	4	1
236	5	1
236	6	1
236	7	1
236	8	1
236	9	0
236	10	1
236	11	0
236	12	1
236	13	0
236	14	1
236	15	0
236	16	0
236	17	1
236	18	1
236	19	1
236	20	0
236	21	1
236	22	1
236	23	0
236	24	1
236	25	1
236	26	0
236	27	1
236	28	0
236	29	0
236	30	1
236	31	1
236	32	0
236	33	1
236	34	1
236	35	1
236	36	1
236	37	0
236	38	1
236	39	0
236	40	1
237	1	0
237	2	0
237	3	1
237	4	1
237	5	0
237	6	0
237	7	0
237	8	0
237	9	0
237	10	0
237	11	1
237	12	0
237	13	0
237	14	0
237	15	0
237	16	0
237	17	0
237	18	0
237	19	1
237	20	1
237	21	1
237	22	0
237	23	0
237	24	1
237	25	0
237	26	0
237	27	0
237	28	0
237	29	0
237	30	0
237	31	1
237	32	1
237	33	0
237	34	1
237	35	1
237	36	1
237	37	0
237	38	0
237	39	0
237	40	0
238	1	1
238	2	1
238	3	0
238	4	1
238	5	1
238	6	1
238	7	1
238	8	1
238	9	1
238	10	1
238	11	1
238	12	1
238	13	1
238	14	1
238	15	1
238	16	1
238	17	1
238	18	1
238	19	1
238	20	1
238	21	0
238	22	1
238	23	1
238	24	1
238	25	1
238	26	1
238	27	1
238	28	1
238	29	1
238	30	1
238	31	1
238	32	1
238	33	1
238	34	0
238	35	1
238	36	0
238	37	1
238	38	1
238	39	1
238	40	1
239	1	1
239	2	1
239	3	0
239	4	1
239	5	0
239	6	0
239	7	0
239	8	0
239	9	1
239	10	1
239	11	1
239	12	1
239	13	1
239	14	1
239	15	1
239	16	1
239	17	0
239	18	1
239	19	1
239	20	1
239	21	0
239	22	1
239	23	1
239	24	1
239	25	1
239	26	1
239	27	0
239	28	1
239	29	1
239	30	0
239	31	1
239	32	1
239	33	0
239	34	0
239	35	1
239	36	0
239	37	1
239	38	1
239	39	1
239	40	1
240	1	1
240	2	0
240	3	0
240	4	0
240	5	0
240	6	0
240	7	0
240	8	0
240	9	1
240	10	1
240	11	1
240	12	1
240	13	0
240	14	0
240	15	0
240	16	1
240	17	0
240	18	1
240	19	1
240	20	1
240	21	0
240	22	0
240	23	1
240	24	1
240	25	0
240	26	1
240	27	0
240	28	1
240	29	0
240	30	0
240	31	0
240	32	1
240	33	0
240	34	0
240	35	0
240	36	0
240	37	1
240	38	0
240	39	1
240	40	1
241	1	1
241	2	1
241	3	0
241	4	1
241	5	1
241	6	1
241	7	1
241	8	1
241	9	1
241	10	1
241	11	1
241	12	1
241	13	1
241	14	1
241	15	1
241	16	1
241	17	1
241	18	1
241	19	1
241	20	1
241	21	0
241	22	1
241	23	1
241	24	1
241	25	1
241	26	1
241	27	1
241	28	1
241	29	1
241	30	1
241	31	1
241	32	1
241	33	1
241	34	0
241	35	1
241	36	0
241	37	1
241	38	1
241	39	1
241	40	1
242	1	1
242	2	1
242	3	0
242	4	1
242	5	1
242	6	0
242	7	0
242	8	1
242	9	1
242	10	0
242	11	1
242	12	1
242	13	1
242	14	0
242	15	1
242	16	1
242	17	1
242	18	0
242	19	1
242	20	1
242	21	1
242	22	1
242	23	1
242	24	1
242	25	1
242	26	1
242	27	1
242	28	0
242	29	0
242	30	1
242	31	1
242	32	1
242	33	0
242	34	0
242	35	1
242	36	0
242	37	1
242	38	0
242	39	1
242	40	1
243	1	1
243	2	1
243	3	0
243	4	1
243	5	1
243	6	0
243	7	0
243	8	1
243	9	0
243	10	0
243	11	0
243	12	1
243	13	0
243	14	0
243	15	0
243	16	1
243	17	1
243	18	0
243	19	1
243	20	0
243	21	1
243	22	1
243	23	0
243	24	1
243	25	1
243	26	1
243	27	1
243	28	0
243	29	0
243	30	1
243	31	1
243	32	0
243	33	0
243	34	0
243	35	1
243	36	0
243	37	0
243	38	0
243	39	1
243	40	1
244	1	1
244	2	1
244	3	1
244	4	1
244	5	1
244	6	0
244	7	0
244	8	1
244	9	1
244	10	0
244	11	1
244	12	1
244	13	1
244	14	0
244	15	1
244	16	1
244	17	1
244	18	0
244	19	1
244	20	1
244	21	0
244	22	1
244	23	1
244	24	1
244	25	1
244	26	1
244	27	1
244	28	0
244	29	0
244	30	1
244	31	1
244	32	1
244	33	0
244	34	1
244	35	1
244	36	1
244	37	1
244	38	0
244	39	1
244	40	1
245	1	0
245	2	1
245	3	1
245	4	1
245	5	1
245	6	1
245	7	1
245	8	1
245	9	0
245	10	1
245	11	1
245	12	1
245	13	1
245	14	1
245	15	1
245	16	0
245	17	1
245	18	1
245	19	1
245	20	1
245	21	1
245	22	1
245	23	1
245	24	1
245	25	1
245	26	0
245	27	1
245	28	1
245	29	1
245	30	1
245	31	1
245	32	1
245	33	1
245	34	1
245	35	1
245	36	1
245	37	1
245	38	1
245	39	0
245	40	1
246	1	1
246	2	1
246	3	0
246	4	1
246	5	1
246	6	1
246	7	1
246	8	1
246	9	1
246	10	1
246	11	1
246	12	1
246	13	1
246	14	1
246	15	1
246	16	1
246	17	1
246	18	1
246	19	1
246	20	1
246	21	0
246	22	1
246	23	1
246	24	1
246	25	1
246	26	1
246	27	1
246	28	1
246	29	1
246	30	1
246	31	1
246	32	1
246	33	1
246	34	0
246	35	1
246	36	0
246	37	1
246	38	1
246	39	1
246	40	1
247	1	0
247	2	1
247	3	1
247	4	1
247	5	1
247	6	1
247	7	1
247	8	1
247	9	0
247	10	1
247	11	1
247	12	1
247	13	1
247	14	1
247	15	1
247	16	0
247	17	1
247	18	1
247	19	1
247	20	1
247	21	1
247	22	1
247	23	1
247	24	1
247	25	1
247	26	0
247	27	1
247	28	1
247	29	1
247	30	1
247	31	1
247	32	1
247	33	1
247	34	1
247	35	1
247	36	1
247	37	1
247	38	1
247	39	0
247	40	1
248	1	1
248	2	1
248	3	0
248	4	1
248	5	1
248	6	1
248	7	1
248	8	1
248	9	1
248	10	1
248	11	1
248	12	1
248	13	1
248	14	1
248	15	1
248	16	1
248	17	1
248	18	1
248	19	1
248	20	1
248	21	0
248	22	1
248	23	1
248	24	1
248	25	1
248	26	1
248	27	1
248	28	1
248	29	1
248	30	1
248	31	1
248	32	1
248	33	1
248	34	0
248	35	1
248	36	0
248	37	1
248	38	1
248	39	1
248	40	1
249	1	1
249	2	1
249	3	0
249	4	0
249	5	0
249	6	1
249	7	1
249	8	1
249	9	1
249	10	1
249	11	0
249	12	0
249	13	0
249	14	1
249	15	1
249	16	0
249	17	1
249	18	1
249	19	1
249	20	1
249	21	0
249	22	0
249	23	0
249	24	1
249	25	1
249	26	1
249	27	0
249	28	1
249	29	0
249	30	1
249	31	0
249	32	1
249	33	1
249	34	0
249	35	1
249	36	0
249	37	0
249	38	1
249	39	1
249	40	1
250	1	1
250	2	1
250	3	0
250	4	1
250	5	1
250	6	0
250	7	0
250	8	1
250	9	1
250	10	0
250	11	1
250	12	1
250	13	1
250	14	0
250	15	1
250	16	1
250	17	1
250	18	0
250	19	1
250	20	1
250	21	1
250	22	1
250	23	1
250	24	1
250	25	1
250	26	1
250	27	1
250	28	0
250	29	0
250	30	1
250	31	1
250	32	1
250	33	0
250	34	0
250	35	1
250	36	0
250	37	1
250	38	0
250	39	1
250	40	1
251	1	0
251	2	1
251	3	1
251	4	1
251	5	1
251	6	1
251	7	1
251	8	1
251	9	0
251	10	1
251	11	1
251	12	1
251	13	1
251	14	1
251	15	1
251	16	0
251	17	1
251	18	1
251	19	1
251	20	1
251	21	1
251	22	1
251	23	1
251	24	1
251	25	1
251	26	0
251	27	1
251	28	1
251	29	1
251	30	1
251	31	1
251	32	1
251	33	1
251	34	1
251	35	1
251	36	1
251	37	1
251	38	1
251	39	0
251	40	1
252	1	0
252	2	0
252	3	1
252	4	1
252	5	0
252	6	0
252	7	0
252	8	1
252	9	0
252	10	0
252	11	1
252	12	0
252	13	0
252	14	0
252	15	0
252	16	0
252	17	0
252	18	0
252	19	1
252	20	1
252	21	1
252	22	0
252	23	0
252	24	1
252	25	0
252	26	0
252	27	1
252	28	0
252	29	0
252	30	0
252	31	1
252	32	1
252	33	0
252	34	1
252	35	1
252	36	1
252	37	0
252	38	0
252	39	0
252	40	0
253	1	1
253	2	1
253	3	0
253	4	1
253	5	1
253	6	0
253	7	0
253	8	1
253	9	1
253	10	0
253	11	1
253	12	1
253	13	1
253	14	0
253	15	1
253	16	1
253	17	1
253	18	0
253	19	1
253	20	1
253	21	1
253	22	1
253	23	1
253	24	1
253	25	1
253	26	1
253	27	1
253	28	0
253	29	0
253	30	1
253	31	1
253	32	1
253	33	0
253	34	0
253	35	1
253	36	0
253	37	1
253	38	0
253	39	1
253	40	1
254	1	1
254	2	1
254	3	0
254	4	1
254	5	1
254	6	0
254	7	0
254	8	1
254	9	0
254	10	0
254	11	0
254	12	1
254	13	0
254	14	0
254	15	0
254	16	1
254	17	1
254	18	0
254	19	1
254	20	0
254	21	0
254	22	1
254	23	0
254	24	1
254	25	1
254	26	1
254	27	1
254	28	0
254	29	0
254	30	1
254	31	1
254	32	0
254	33	0
254	34	1
254	35	1
254	36	1
254	37	0
254	38	0
254	39	1
254	40	1
255	1	1
255	2	1
255	3	0
255	4	1
255	5	1
255	6	1
255	7	1
255	8	1
255	9	1
255	10	1
255	11	1
255	12	1
255	13	1
255	14	1
255	15	1
255	16	1
255	17	1
255	18	1
255	19	1
255	20	1
255	21	0
255	22	1
255	23	1
255	24	1
255	25	1
255	26	1
255	27	1
255	28	1
255	29	1
255	30	1
255	31	1
255	32	1
255	33	1
255	34	0
255	35	1
255	36	0
255	37	1
255	38	1
255	39	1
255	40	1
256	1	0
256	2	1
256	3	1
256	4	1
256	5	1
256	6	1
256	7	1
256	8	1
256	9	0
256	10	1
256	11	1
256	12	1
256	13	1
256	14	1
256	15	1
256	16	0
256	17	1
256	18	1
256	19	1
256	20	1
256	21	1
256	22	1
256	23	1
256	24	1
256	25	1
256	26	0
256	27	1
256	28	1
256	29	1
256	30	1
256	31	1
256	32	1
256	33	1
256	34	1
256	35	1
256	36	1
256	37	1
256	38	1
256	39	0
256	40	1
257	1	0
257	2	0
257	3	1
257	4	1
257	5	0
257	6	0
257	7	0
257	8	1
257	9	0
257	10	0
257	11	1
257	12	0
257	13	0
257	14	0
257	15	0
257	16	0
257	17	0
257	18	0
257	19	1
257	20	1
257	21	1
257	22	0
257	23	0
257	24	1
257	25	0
257	26	0
257	27	1
257	28	0
257	29	0
257	30	0
257	31	1
257	32	1
257	33	0
257	34	1
257	35	1
257	36	1
257	37	0
257	38	0
257	39	0
257	40	0
258	1	1
258	2	0
258	3	0
258	4	0
258	5	0
258	6	1
258	7	0
258	8	0
258	9	1
258	10	1
258	11	0
258	12	1
258	13	0
258	14	0
258	15	0
258	16	1
258	17	1
258	18	1
258	19	0
258	20	0
258	21	0
258	22	0
258	23	1
258	24	0
258	25	0
258	26	1
258	27	0
258	28	1
258	29	0
258	30	1
258	31	0
258	32	0
258	33	1
258	34	1
258	35	0
258	36	1
258	37	1
258	38	0
258	39	1
258	40	1
259	1	1
259	2	1
259	3	1
259	4	1
259	5	1
259	6	0
259	7	0
259	8	1
259	9	1
259	10	0
259	11	1
259	12	1
259	13	1
259	14	0
259	15	1
259	16	1
259	17	1
259	18	0
259	19	1
259	20	1
259	21	0
259	22	1
259	23	1
259	24	1
259	25	1
259	26	1
259	27	1
259	28	0
259	29	0
259	30	1
259	31	1
259	32	1
259	33	0
259	34	1
259	35	1
259	36	1
259	37	1
259	38	0
259	39	1
259	40	1
260	1	0
260	2	0
260	3	0
260	4	0
260	5	0
260	6	1
260	7	0
260	8	1
260	9	0
260	10	1
260	11	1
260	12	1
260	13	0
260	14	0
260	15	0
260	16	0
260	17	1
260	18	1
260	19	1
260	20	1
260	21	0
260	22	0
260	23	1
260	24	1
260	25	0
260	26	0
260	27	1
260	28	1
260	29	0
260	30	1
260	31	0
260	32	1
260	33	1
260	34	1
260	35	0
260	36	1
260	37	1
260	38	0
260	39	0
260	40	1
261	1	1
261	2	0
261	3	0
261	4	0
261	5	0
261	6	0
261	7	0
261	8	0
261	9	1
261	10	1
261	11	0
261	12	0
261	13	0
261	14	1
261	15	0
261	16	1
261	17	0
261	18	0
261	19	1
261	20	1
261	21	0
261	22	0
261	23	0
261	24	1
261	25	0
261	26	0
261	27	0
261	28	1
261	29	1
261	30	0
261	31	0
261	32	1
261	33	1
261	34	0
261	35	0
261	36	0
261	37	0
261	38	1
261	39	0
261	40	0
262	1	1
262	2	1
262	3	0
262	4	1
262	5	1
262	6	1
262	7	1
262	8	1
262	9	1
262	10	1
262	11	1
262	12	1
262	13	1
262	14	1
262	15	1
262	16	1
262	17	1
262	18	1
262	19	1
262	20	1
262	21	0
262	22	1
262	23	1
262	24	1
262	25	1
262	26	1
262	27	1
262	28	1
262	29	1
262	30	1
262	31	1
262	32	1
262	33	1
262	34	0
262	35	1
262	36	0
262	37	1
262	38	1
262	39	1
262	40	1
263	1	1
263	2	0
263	3	0
263	4	1
263	5	0
263	6	0
263	7	0
263	8	0
263	9	1
263	10	1
263	11	1
263	12	0
263	13	0
263	14	1
263	15	0
263	16	1
263	17	0
263	18	1
263	19	1
263	20	1
263	21	0
263	22	0
263	23	0
263	24	1
263	25	0
263	26	1
263	27	0
263	28	1
263	29	1
263	30	0
263	31	1
263	32	1
263	33	0
263	34	0
263	35	1
263	36	0
263	37	0
263	38	1
263	39	1
263	40	0
264	1	1
264	2	1
264	3	0
264	4	1
264	5	1
264	6	1
264	7	1
264	8	1
264	9	1
264	10	1
264	11	1
264	12	1
264	13	1
264	14	1
264	15	1
264	16	1
264	17	1
264	18	1
264	19	1
264	20	1
264	21	0
264	22	1
264	23	1
264	24	1
264	25	1
264	26	1
264	27	1
264	28	1
264	29	1
264	30	1
264	31	1
264	32	1
264	33	1
264	34	0
264	35	1
264	36	0
264	37	1
264	38	1
264	39	1
264	40	1
265	1	1
265	2	1
265	3	0
265	4	1
265	5	1
265	6	1
265	7	1
265	8	1
265	9	1
265	10	1
265	11	1
265	12	1
265	13	1
265	14	1
265	15	1
265	16	1
265	17	1
265	18	1
265	19	1
265	20	1
265	21	0
265	22	1
265	23	1
265	24	1
265	25	1
265	26	1
265	27	1
265	28	1
265	29	1
265	30	1
265	31	1
265	32	1
265	33	1
265	34	0
265	35	1
265	36	0
265	37	1
265	38	1
265	39	1
265	40	1
266	1	1
266	2	1
266	3	0
266	4	1
266	5	1
266	6	0
266	7	0
266	8	1
266	9	1
266	10	0
266	11	1
266	12	1
266	13	1
266	14	0
266	15	1
266	16	1
266	17	1
266	18	0
266	19	1
266	20	1
266	21	1
266	22	1
266	23	1
266	24	1
266	25	1
266	26	1
266	27	1
266	28	0
266	29	0
266	30	1
266	31	1
266	32	1
266	33	0
266	34	0
266	35	1
266	36	0
266	37	1
266	38	0
266	39	1
266	40	1
267	1	1
267	2	1
267	3	0
267	4	1
267	5	1
267	6	0
267	7	0
267	8	1
267	9	0
267	10	0
267	11	0
267	12	1
267	13	0
267	14	0
267	15	0
267	16	1
267	17	1
267	18	0
267	19	1
267	20	0
267	21	1
267	22	1
267	23	0
267	24	1
267	25	1
267	26	1
267	27	1
267	28	0
267	29	0
267	30	1
267	31	1
267	32	0
267	33	0
267	34	0
267	35	1
267	36	0
267	37	0
267	38	0
267	39	1
267	40	1
268	1	1
268	2	1
268	3	0
268	4	0
268	5	1
268	6	0
268	7	0
268	8	0
268	9	1
268	10	1
268	11	0
268	12	1
268	13	1
268	14	1
268	15	1
268	16	1
268	17	1
268	18	0
268	19	0
268	20	0
268	21	0
268	22	1
268	23	0
268	24	0
268	25	0
268	26	0
268	27	0
268	28	1
268	29	1
268	30	1
268	31	0
268	32	0
268	33	1
268	34	1
268	35	0
268	36	1
268	37	1
268	38	1
268	39	0
268	40	0
269	1	1
269	2	1
269	3	1
269	4	1
269	5	1
269	6	0
269	7	0
269	8	1
269	9	1
269	10	0
269	11	1
269	12	1
269	13	1
269	14	0
269	15	1
269	16	1
269	17	1
269	18	0
269	19	1
269	20	1
269	21	0
269	22	1
269	23	1
269	24	1
269	25	1
269	26	1
269	27	1
269	28	0
269	29	0
269	30	1
269	31	1
269	32	1
269	33	0
269	34	1
269	35	1
269	36	1
269	37	1
269	38	0
269	39	1
269	40	1
270	1	1
270	2	1
270	3	1
270	4	0
270	5	1
270	6	1
270	7	1
270	8	0
270	9	1
270	10	1
270	11	0
270	12	1
270	13	1
270	14	1
270	15	1
270	16	1
270	17	1
270	18	1
270	19	0
270	20	0
270	21	1
270	22	1
270	23	1
270	24	0
270	25	1
270	26	1
270	27	0
270	28	1
270	29	1
270	30	1
270	31	0
270	32	0
270	33	1
270	34	1
270	35	0
270	36	1
270	37	1
270	38	1
270	39	1
270	40	1
271	1	0
271	2	0
271	3	0
271	4	1
271	5	0
271	6	0
271	7	0
271	8	1
271	9	0
271	10	0
271	11	0
271	12	0
271	13	0
271	14	0
271	15	0
271	16	0
271	17	0
271	18	0
271	19	1
271	20	0
271	21	1
271	22	0
271	23	0
271	24	1
271	25	0
271	26	0
271	27	1
271	28	0
271	29	0
271	30	0
271	31	1
271	32	0
271	33	0
271	34	1
271	35	1
271	36	1
271	37	0
271	38	0
271	39	0
271	40	0
272	1	0
272	2	0
272	3	1
272	4	0
272	5	0
272	6	0
272	7	0
272	8	0
272	9	0
272	10	0
272	11	0
272	12	0
272	13	0
272	14	0
272	15	0
272	16	0
272	17	0
272	18	0
272	19	1
272	20	1
272	21	1
272	22	0
272	23	0
272	24	1
272	25	0
272	26	0
272	27	0
272	28	0
272	29	0
272	30	0
272	31	0
272	32	1
272	33	0
272	34	0
272	35	1
272	36	1
272	37	0
272	38	0
272	39	0
272	40	0
273	1	1
273	2	0
273	3	0
273	4	0
273	5	0
273	6	1
273	7	0
273	8	1
273	9	1
273	10	1
273	11	1
273	12	0
273	13	0
273	14	0
273	15	0
273	16	1
273	17	0
273	18	1
273	19	1
273	20	1
273	21	0
273	22	0
273	23	0
273	24	1
273	25	0
273	26	1
273	27	1
273	28	1
273	29	0
273	30	0
273	31	0
273	32	1
273	33	1
273	34	0
273	35	0
273	36	0
273	37	0
273	38	0
273	39	1
273	40	0
274	1	1
274	2	1
274	3	0
274	4	1
274	5	1
274	6	0
274	7	0
274	8	1
274	9	1
274	10	0
274	11	1
274	12	1
274	13	1
274	14	0
274	15	1
274	16	1
274	17	1
274	18	0
274	19	1
274	20	1
274	21	1
274	22	1
274	23	1
274	24	1
274	25	1
274	26	1
274	27	1
274	28	0
274	29	0
274	30	1
274	31	1
274	32	1
274	33	0
274	34	0
274	35	1
274	36	0
274	37	1
274	38	0
274	39	1
274	40	1
275	1	1
275	2	1
275	3	1
275	4	0
275	5	1
275	6	1
275	7	1
275	8	0
275	9	1
275	10	1
275	11	0
275	12	1
275	13	1
275	14	1
275	15	1
275	16	1
275	17	1
275	18	1
275	19	0
275	20	0
275	21	1
275	22	1
275	23	1
275	24	0
275	25	1
275	26	1
275	27	0
275	28	1
275	29	1
275	30	1
275	31	0
275	32	0
275	33	1
275	34	1
275	35	0
275	36	1
275	37	1
275	38	1
275	39	1
275	40	1
276	1	1
276	2	1
276	3	1
276	4	0
276	5	1
276	6	1
276	7	1
276	8	0
276	9	1
276	10	1
276	11	0
276	12	1
276	13	1
276	14	1
276	15	1
276	16	1
276	17	1
276	18	1
276	19	0
276	20	0
276	21	1
276	22	1
276	23	1
276	24	0
276	25	1
276	26	1
276	27	0
276	28	1
276	29	1
276	30	1
276	31	0
276	32	0
276	33	1
276	34	1
276	35	0
276	36	1
276	37	1
276	38	1
276	39	1
276	40	1
277	1	0
277	2	1
277	3	1
277	4	1
277	5	0
277	6	0
277	7	0
277	8	0
277	9	0
277	10	1
277	11	1
277	12	1
277	13	1
277	14	1
277	15	1
277	16	0
277	17	0
277	18	1
277	19	1
277	20	1
277	21	1
277	22	1
277	23	1
277	24	1
277	25	1
277	26	0
277	27	0
277	28	1
277	29	1
277	30	0
277	31	1
277	32	1
277	33	0
277	34	1
277	35	1
277	36	1
277	37	1
277	38	1
277	39	0
277	40	1
278	1	1
278	2	1
278	3	1
278	4	0
278	5	1
278	6	1
278	7	1
278	8	0
278	9	1
278	10	1
278	11	0
278	12	1
278	13	1
278	14	1
278	15	1
278	16	1
278	17	1
278	18	1
278	19	0
278	20	0
278	21	1
278	22	1
278	23	1
278	24	0
278	25	1
278	26	1
278	27	0
278	28	1
278	29	1
278	30	1
278	31	0
278	32	0
278	33	1
278	34	1
278	35	0
278	36	1
278	37	1
278	38	1
278	39	1
278	40	1
279	1	1
279	2	1
279	3	0
279	4	1
279	5	1
279	6	0
279	7	0
279	8	1
279	9	1
279	10	0
279	11	1
279	12	1
279	13	1
279	14	0
279	15	1
279	16	1
279	17	1
279	18	0
279	19	1
279	20	1
279	21	1
279	22	1
279	23	1
279	24	1
279	25	1
279	26	1
279	27	1
279	28	0
279	29	0
279	30	1
279	31	1
279	32	1
279	33	0
279	34	0
279	35	1
279	36	0
279	37	1
279	38	0
279	39	1
279	40	1
280	1	1
280	2	1
280	3	0
280	4	1
280	5	0
280	6	0
280	7	0
280	8	0
280	9	0
280	10	0
280	11	0
280	12	1
280	13	0
280	14	0
280	15	0
280	16	1
280	17	0
280	18	0
280	19	1
280	20	0
280	21	1
280	22	1
280	23	0
280	24	1
280	25	1
280	26	1
280	27	0
280	28	0
280	29	0
280	30	0
280	31	1
280	32	0
280	33	0
280	34	0
280	35	1
280	36	0
280	37	0
280	38	0
280	39	1
280	40	1
281	1	1
281	2	1
281	3	0
281	4	1
281	5	1
281	6	0
281	7	0
281	8	1
281	9	1
281	10	0
281	11	1
281	12	1
281	13	1
281	14	0
281	15	1
281	16	1
281	17	1
281	18	0
281	19	1
281	20	1
281	21	1
281	22	1
281	23	1
281	24	1
281	25	1
281	26	1
281	27	1
281	28	0
281	29	0
281	30	1
281	31	1
281	32	1
281	33	0
281	34	0
281	35	1
281	36	0
281	37	1
281	38	0
281	39	1
281	40	1
282	1	1
282	2	1
282	3	0
282	4	1
282	5	1
282	6	1
282	7	1
282	8	1
282	9	1
282	10	1
282	11	1
282	12	1
282	13	1
282	14	1
282	15	1
282	16	1
282	17	1
282	18	1
282	19	1
282	20	1
282	21	0
282	22	1
282	23	1
282	24	1
282	25	1
282	26	1
282	27	1
282	28	1
282	29	1
282	30	1
282	31	1
282	32	1
282	33	1
282	34	0
282	35	1
282	36	0
282	37	1
282	38	1
282	39	1
282	40	1
283	1	1
283	2	0
283	3	0
283	4	1
283	5	0
283	6	1
283	7	1
283	8	1
283	9	1
283	10	1
283	11	1
283	12	0
283	13	0
283	14	1
283	15	0
283	16	1
283	17	0
283	18	1
283	19	1
283	20	1
283	21	0
283	22	0
283	23	0
283	24	1
283	25	0
283	26	1
283	27	1
283	28	1
283	29	1
283	30	0
283	31	1
283	32	1
283	33	1
283	34	0
283	35	1
283	36	0
283	37	0
283	38	1
283	39	1
283	40	0
284	1	1
284	2	0
284	3	0
284	4	1
284	5	0
284	6	1
284	7	1
284	8	1
284	9	0
284	10	1
284	11	0
284	12	0
284	13	0
284	14	1
284	15	0
284	16	1
284	17	0
284	18	1
284	19	1
284	20	0
284	21	0
284	22	0
284	23	0
284	24	1
284	25	0
284	26	1
284	27	1
284	28	0
284	29	0
284	30	0
284	31	1
284	32	0
284	33	1
284	34	0
284	35	1
284	36	0
284	37	0
284	38	1
284	39	1
284	40	0
285	1	1
285	2	1
285	3	0
285	4	1
285	5	1
285	6	1
285	7	1
285	8	1
285	9	1
285	10	1
285	11	1
285	12	1
285	13	1
285	14	1
285	15	1
285	16	1
285	17	1
285	18	1
285	19	1
285	20	1
285	21	0
285	22	1
285	23	1
285	24	1
285	25	1
285	26	1
285	27	1
285	28	1
285	29	1
285	30	1
285	31	1
285	32	1
285	33	1
285	34	0
285	35	1
285	36	0
285	37	1
285	38	1
285	39	1
285	40	1
286	1	1
286	2	0
286	3	0
286	4	1
286	5	0
286	6	1
286	7	1
286	8	1
286	9	1
286	10	1
286	11	1
286	12	0
286	13	0
286	14	1
286	15	0
286	16	1
286	17	0
286	18	1
286	19	1
286	20	1
286	21	0
286	22	0
286	23	0
286	24	1
286	25	0
286	26	1
286	27	1
286	28	1
286	29	1
286	30	0
286	31	1
286	32	1
286	33	1
286	34	0
286	35	1
286	36	0
286	37	0
286	38	1
286	39	1
286	40	0
287	1	1
287	2	1
287	3	0
287	4	1
287	5	1
287	6	0
287	7	0
287	8	1
287	9	1
287	10	0
287	11	1
287	12	1
287	13	1
287	14	0
287	15	1
287	16	1
287	17	1
287	18	0
287	19	1
287	20	1
287	21	1
287	22	1
287	23	1
287	24	1
287	25	1
287	26	1
287	27	1
287	28	0
287	29	0
287	30	1
287	31	1
287	32	1
287	33	0
287	34	0
287	35	1
287	36	0
287	37	1
287	38	0
287	39	1
287	40	1
288	1	1
288	2	1
288	3	0
288	4	0
288	5	0
288	6	0
288	7	0
288	8	1
288	9	0
288	10	0
288	11	0
288	12	0
288	13	0
288	14	0
288	15	0
288	16	0
288	17	1
288	18	0
288	19	1
288	20	0
288	21	1
288	22	0
288	23	0
288	24	1
288	25	1
288	26	1
288	27	0
288	28	0
288	29	0
288	30	1
288	31	0
288	32	0
288	33	0
288	34	0
288	35	1
288	36	0
288	37	0
288	38	0
288	39	1
288	40	1
289	1	1
289	2	1
289	3	0
289	4	0
289	5	1
289	6	0
289	7	0
289	8	0
289	9	1
289	10	1
289	11	0
289	12	1
289	13	1
289	14	1
289	15	1
289	16	1
289	17	1
289	18	0
289	19	1
289	20	1
289	21	0
289	22	1
289	23	0
289	24	1
289	25	0
289	26	0
289	27	0
289	28	1
289	29	1
289	30	1
289	31	0
289	32	1
289	33	1
289	34	0
289	35	0
289	36	0
289	37	1
289	38	1
289	39	0
289	40	0
290	1	1
290	2	0
290	3	0
290	4	1
290	5	0
290	6	1
290	7	1
290	8	1
290	9	1
290	10	1
290	11	1
290	12	0
290	13	0
290	14	1
290	15	0
290	16	1
290	17	0
290	18	1
290	19	1
290	20	1
290	21	0
290	22	0
290	23	0
290	24	1
290	25	0
290	26	1
290	27	1
290	28	1
290	29	1
290	30	0
290	31	1
290	32	1
290	33	1
290	34	0
290	35	1
290	36	0
290	37	0
290	38	1
290	39	1
290	40	0
291	1	0
291	2	0
291	3	1
291	4	1
291	5	0
291	6	0
291	7	0
291	8	1
291	9	0
291	10	0
291	11	1
291	12	0
291	13	0
291	14	0
291	15	0
291	16	0
291	17	0
291	18	0
291	19	1
291	20	1
291	21	1
291	22	0
291	23	0
291	24	1
291	25	0
291	26	0
291	27	1
291	28	0
291	29	0
291	30	0
291	31	1
291	32	1
291	33	0
291	34	1
291	35	1
291	36	1
291	37	0
291	38	0
291	39	0
291	40	0
292	1	1
292	2	0
292	3	0
292	4	0
292	5	0
292	6	1
292	7	1
292	8	1
292	9	1
292	10	1
292	11	0
292	12	0
292	13	0
292	14	1
292	15	0
292	16	0
292	17	0
292	18	1
292	19	1
292	20	1
292	21	0
292	22	0
292	23	0
292	24	1
292	25	0
292	26	1
292	27	0
292	28	1
292	29	0
292	30	0
292	31	0
292	32	1
292	33	1
292	34	0
292	35	1
292	36	0
292	37	0
292	38	1
292	39	1
292	40	0
293	1	1
293	2	1
293	3	0
293	4	1
293	5	1
293	6	1
293	7	1
293	8	1
293	9	1
293	10	1
293	11	1
293	12	1
293	13	1
293	14	1
293	15	1
293	16	1
293	17	1
293	18	1
293	19	1
293	20	1
293	21	0
293	22	1
293	23	1
293	24	1
293	25	1
293	26	1
293	27	1
293	28	1
293	29	1
293	30	1
293	31	1
293	32	1
293	33	1
293	34	0
293	35	1
293	36	0
293	37	1
293	38	1
293	39	1
293	40	1
294	1	1
294	2	1
294	3	0
294	4	1
294	5	1
294	6	0
294	7	0
294	8	1
294	9	1
294	10	0
294	11	1
294	12	1
294	13	1
294	14	0
294	15	1
294	16	1
294	17	1
294	18	0
294	19	1
294	20	1
294	21	1
294	22	1
294	23	1
294	24	1
294	25	1
294	26	1
294	27	1
294	28	0
294	29	0
294	30	1
294	31	1
294	32	1
294	33	0
294	34	0
294	35	1
294	36	0
294	37	1
294	38	0
294	39	1
294	40	1
295	1	1
295	2	0
295	3	0
295	4	1
295	5	0
295	6	1
295	7	1
295	8	1
295	9	1
295	10	1
295	11	1
295	12	0
295	13	0
295	14	1
295	15	0
295	16	1
295	17	0
295	18	1
295	19	1
295	20	1
295	21	0
295	22	0
295	23	0
295	24	1
295	25	0
295	26	1
295	27	1
295	28	1
295	29	1
295	30	0
295	31	1
295	32	1
295	33	1
295	34	0
295	35	1
295	36	0
295	37	0
295	38	1
295	39	1
295	40	0
296	1	0
296	2	1
296	3	0
296	4	1
296	5	1
296	6	1
296	7	1
296	8	1
296	9	0
296	10	1
296	11	0
296	12	1
296	13	0
296	14	1
296	15	0
296	16	0
296	17	1
296	18	1
296	19	1
296	20	0
296	21	1
296	22	1
296	23	0
296	24	1
296	25	1
296	26	0
296	27	1
296	28	0
296	29	0
296	30	1
296	31	1
296	32	0
296	33	1
296	34	1
296	35	1
296	36	1
296	37	0
296	38	1
296	39	0
296	40	1
297	1	1
297	2	1
297	3	1
297	4	1
297	5	1
297	6	0
297	7	0
297	8	1
297	9	1
297	10	0
297	11	1
297	12	1
297	13	1
297	14	0
297	15	1
297	16	1
297	17	1
297	18	0
297	19	1
297	20	1
297	21	0
297	22	1
297	23	1
297	24	1
297	25	1
297	26	1
297	27	1
297	28	0
297	29	0
297	30	1
297	31	1
297	32	1
297	33	0
297	34	1
297	35	1
297	36	1
297	37	1
297	38	0
297	39	1
297	40	1
298	1	1
298	2	1
298	3	0
298	4	1
298	5	1
298	6	0
298	7	0
298	8	1
298	9	1
298	10	0
298	11	1
298	12	1
298	13	1
298	14	0
298	15	1
298	16	1
298	17	1
298	18	0
298	19	1
298	20	1
298	21	1
298	22	1
298	23	1
298	24	1
298	25	1
298	26	1
298	27	1
298	28	0
298	29	0
298	30	1
298	31	1
298	32	1
298	33	0
298	34	0
298	35	1
298	36	0
298	37	1
298	38	0
298	39	1
298	40	1
299	1	1
299	2	1
299	3	0
299	4	1
299	5	1
299	6	0
299	7	0
299	8	1
299	9	1
299	10	0
299	11	1
299	12	1
299	13	1
299	14	0
299	15	1
299	16	1
299	17	1
299	18	0
299	19	1
299	20	1
299	21	1
299	22	1
299	23	1
299	24	1
299	25	1
299	26	1
299	27	1
299	28	0
299	29	0
299	30	1
299	31	1
299	32	1
299	33	0
299	34	0
299	35	1
299	36	0
299	37	1
299	38	0
299	39	1
299	40	1
300	1	1
300	2	1
300	3	0
300	4	1
300	5	1
300	6	1
300	7	1
300	8	1
300	9	1
300	10	1
300	11	1
300	12	1
300	13	1
300	14	1
300	15	1
300	16	1
300	17	1
300	18	1
300	19	1
300	20	1
300	21	0
300	22	1
300	23	1
300	24	1
300	25	1
300	26	1
300	27	1
300	28	1
300	29	1
300	30	1
300	31	1
300	32	1
300	33	1
300	34	0
300	35	1
300	36	0
300	37	1
300	38	1
300	39	1
300	40	1
301	1	1
301	2	0
301	3	0
301	4	1
301	5	0
301	6	1
301	7	1
301	8	1
301	9	1
301	10	1
301	11	1
301	12	0
301	13	0
301	14	1
301	15	0
301	16	1
301	17	0
301	18	1
301	19	1
301	20	1
301	21	0
301	22	0
301	23	0
301	24	1
301	25	0
301	26	1
301	27	1
301	28	1
301	29	1
301	30	0
301	31	1
301	32	1
301	33	1
301	34	0
301	35	1
301	36	0
301	37	0
301	38	1
301	39	1
301	40	0
302	1	1
302	2	1
302	3	0
302	4	1
302	5	1
302	6	0
302	7	0
302	8	1
302	9	1
302	10	0
302	11	1
302	12	1
302	13	1
302	14	0
302	15	1
302	16	1
302	17	1
302	18	0
302	19	1
302	20	1
302	21	1
302	22	1
302	23	1
302	24	1
302	25	1
302	26	1
302	27	1
302	28	0
302	29	0
302	30	1
302	31	1
302	32	1
302	33	0
302	34	0
302	35	1
302	36	0
302	37	1
302	38	0
302	39	1
302	40	1
303	1	1
303	2	1
303	3	0
303	4	1
303	5	1
303	6	0
303	7	0
303	8	1
303	9	1
303	10	0
303	11	1
303	12	1
303	13	1
303	14	0
303	15	1
303	16	1
303	17	1
303	18	0
303	19	1
303	20	1
303	21	1
303	22	1
303	23	1
303	24	1
303	25	1
303	26	1
303	27	1
303	28	0
303	29	0
303	30	1
303	31	1
303	32	1
303	33	0
303	34	0
303	35	1
303	36	0
303	37	1
303	38	0
303	39	1
303	40	1
304	1	1
304	2	1
304	3	0
304	4	1
304	5	1
304	6	0
304	7	0
304	8	1
304	9	1
304	10	0
304	11	1
304	12	1
304	13	1
304	14	0
304	15	1
304	16	1
304	17	1
304	18	0
304	19	1
304	20	1
304	21	1
304	22	1
304	23	1
304	24	1
304	25	1
304	26	1
304	27	1
304	28	0
304	29	0
304	30	1
304	31	1
304	32	1
304	33	0
304	34	0
304	35	1
304	36	0
304	37	1
304	38	0
304	39	1
304	40	1
305	1	1
305	2	0
305	3	0
305	4	0
305	5	0
305	6	0
305	7	0
305	8	1
305	9	1
305	10	0
305	11	1
305	12	1
305	13	0
305	14	0
305	15	0
305	16	1
305	17	1
305	18	0
305	19	1
305	20	1
305	21	0
305	22	0
305	23	1
305	24	1
305	25	0
305	26	1
305	27	1
305	28	0
305	29	0
305	30	1
305	31	0
305	32	1
305	33	0
305	34	0
305	35	0
305	36	0
305	37	1
305	38	0
305	39	1
305	40	1
306	1	0
306	2	1
306	3	0
306	4	0
306	5	1
306	6	0
306	7	0
306	8	0
306	9	0
306	10	1
306	11	0
306	12	1
306	13	1
306	14	1
306	15	1
306	16	0
306	17	1
306	18	0
306	19	1
306	20	1
306	21	0
306	22	1
306	23	0
306	24	1
306	25	0
306	26	0
306	27	0
306	28	1
306	29	1
306	30	1
306	31	0
306	32	1
306	33	1
306	34	1
306	35	0
306	36	1
306	37	1
306	38	1
306	39	0
306	40	0
307	1	0
307	2	0
307	3	1
307	4	1
307	5	0
307	6	0
307	7	0
307	8	1
307	9	0
307	10	0
307	11	1
307	12	0
307	13	0
307	14	0
307	15	0
307	16	0
307	17	0
307	18	0
307	19	1
307	20	1
307	21	1
307	22	0
307	23	0
307	24	1
307	25	0
307	26	0
307	27	1
307	28	0
307	29	0
307	30	0
307	31	1
307	32	1
307	33	0
307	34	1
307	35	1
307	36	1
307	37	0
307	38	0
307	39	0
307	40	0
308	1	1
308	2	1
308	3	0
308	4	1
308	5	1
308	6	0
308	7	0
308	8	1
308	9	1
308	10	0
308	11	1
308	12	1
308	13	1
308	14	0
308	15	1
308	16	1
308	17	1
308	18	0
308	19	1
308	20	1
308	21	1
308	22	1
308	23	1
308	24	1
308	25	1
308	26	1
308	27	1
308	28	0
308	29	0
308	30	1
308	31	1
308	32	1
308	33	0
308	34	0
308	35	1
308	36	0
308	37	1
308	38	0
308	39	1
308	40	1
309	1	0
309	2	1
309	3	1
309	4	1
309	5	0
309	6	0
309	7	0
309	8	0
309	9	0
309	10	1
309	11	1
309	12	1
309	13	1
309	14	1
309	15	1
309	16	0
309	17	0
309	18	1
309	19	1
309	20	1
309	21	1
309	22	1
309	23	1
309	24	1
309	25	1
309	26	0
309	27	0
309	28	1
309	29	1
309	30	0
309	31	1
309	32	1
309	33	0
309	34	1
309	35	1
309	36	1
309	37	1
309	38	1
309	39	0
309	40	1
310	1	1
310	2	1
310	3	1
310	4	1
310	5	1
310	6	0
310	7	0
310	8	1
310	9	1
310	10	0
310	11	1
310	12	1
310	13	1
310	14	0
310	15	1
310	16	1
310	17	1
310	18	0
310	19	1
310	20	1
310	21	0
310	22	1
310	23	1
310	24	1
310	25	1
310	26	1
310	27	1
310	28	0
310	29	0
310	30	1
310	31	1
310	32	1
310	33	0
310	34	1
310	35	1
310	36	1
310	37	1
310	38	0
310	39	1
310	40	1
311	1	1
311	2	0
311	3	0
311	4	1
311	5	0
311	6	0
311	7	0
311	8	0
311	9	1
311	10	1
311	11	1
311	12	0
311	13	0
311	14	1
311	15	0
311	16	1
311	17	0
311	18	1
311	19	1
311	20	1
311	21	0
311	22	0
311	23	0
311	24	1
311	25	0
311	26	1
311	27	0
311	28	1
311	29	1
311	30	0
311	31	1
311	32	1
311	33	0
311	34	0
311	35	1
311	36	0
311	37	0
311	38	1
311	39	1
311	40	0
312	1	1
312	2	1
312	3	0
312	4	0
312	5	0
312	6	0
312	7	0
312	8	0
312	9	1
312	10	1
312	11	0
312	12	1
312	13	1
312	14	1
312	15	1
312	16	1
312	17	0
312	18	0
312	19	1
312	20	1
312	21	0
312	22	1
312	23	0
312	24	1
312	25	0
312	26	0
312	27	0
312	28	1
312	29	1
312	30	0
312	31	0
312	32	1
312	33	0
312	34	0
312	35	0
312	36	0
312	37	1
312	38	1
312	39	0
312	40	0
313	1	0
313	2	1
313	3	1
313	4	1
313	5	1
313	6	1
313	7	1
313	8	1
313	9	0
313	10	1
313	11	1
313	12	1
313	13	1
313	14	1
313	15	1
313	16	0
313	17	1
313	18	1
313	19	1
313	20	1
313	21	1
313	22	1
313	23	1
313	24	1
313	25	1
313	26	0
313	27	1
313	28	1
313	29	1
313	30	1
313	31	1
313	32	1
313	33	1
313	34	1
313	35	1
313	36	1
313	37	1
313	38	1
313	39	0
313	40	1
314	1	1
314	2	0
314	3	0
314	4	1
314	5	0
314	6	1
314	7	1
314	8	1
314	9	1
314	10	1
314	11	1
314	12	0
314	13	0
314	14	1
314	15	0
314	16	1
314	17	0
314	18	1
314	19	1
314	20	1
314	21	0
314	22	0
314	23	0
314	24	1
314	25	0
314	26	1
314	27	1
314	28	1
314	29	1
314	30	0
314	31	1
314	32	1
314	33	1
314	34	0
314	35	1
314	36	0
314	37	0
314	38	1
314	39	1
314	40	0
315	1	1
315	2	1
315	3	0
315	4	1
315	5	1
315	6	1
315	7	1
315	8	1
315	9	1
315	10	1
315	11	1
315	12	1
315	13	1
315	14	1
315	15	1
315	16	1
315	17	1
315	18	1
315	19	1
315	20	1
315	21	0
315	22	1
315	23	1
315	24	1
315	25	1
315	26	1
315	27	1
315	28	1
315	29	1
315	30	1
315	31	1
315	32	1
315	33	1
315	34	0
315	35	1
315	36	0
315	37	1
315	38	1
315	39	1
315	40	1
316	1	1
316	2	0
316	3	0
316	4	1
316	5	0
316	6	1
316	7	1
316	8	1
316	9	1
316	10	1
316	11	1
316	12	0
316	13	0
316	14	1
316	15	0
316	16	1
316	17	0
316	18	1
316	19	1
316	20	1
316	21	0
316	22	0
316	23	0
316	24	1
316	25	0
316	26	1
316	27	1
316	28	1
316	29	1
316	30	0
316	31	1
316	32	1
316	33	1
316	34	0
316	35	1
316	36	0
316	37	0
316	38	1
316	39	1
316	40	0
317	1	0
317	2	0
317	3	1
317	4	0
317	5	0
317	6	0
317	7	0
317	8	1
317	9	0
317	10	0
317	11	0
317	12	0
317	13	0
317	14	0
317	15	0
317	16	0
317	17	0
317	18	0
317	19	1
317	20	1
317	21	1
317	22	0
317	23	0
317	24	1
317	25	0
317	26	0
317	27	0
317	28	0
317	29	0
317	30	0
317	31	0
317	32	1
317	33	0
317	34	0
317	35	1
317	36	1
317	37	0
317	38	0
317	39	0
317	40	0
318	1	1
318	2	1
318	3	0
318	4	1
318	5	1
318	6	1
318	7	1
318	8	1
318	9	1
318	10	1
318	11	1
318	12	1
318	13	1
318	14	1
318	15	1
318	16	1
318	17	1
318	18	1
318	19	1
318	20	1
318	21	0
318	22	1
318	23	1
318	24	1
318	25	1
318	26	1
318	27	1
318	28	1
318	29	1
318	30	1
318	31	1
318	32	1
318	33	1
318	34	0
318	35	1
318	36	0
318	37	1
318	38	1
318	39	1
318	40	1
319	1	1
319	2	1
319	3	0
319	4	1
319	5	1
319	6	1
319	7	1
319	8	1
319	9	1
319	10	1
319	11	1
319	12	1
319	13	1
319	14	1
319	15	1
319	16	1
319	17	1
319	18	1
319	19	1
319	20	1
319	21	0
319	22	1
319	23	1
319	24	1
319	25	1
319	26	1
319	27	1
319	28	1
319	29	1
319	30	1
319	31	1
319	32	1
319	33	1
319	34	0
319	35	1
319	36	0
319	37	1
319	38	1
319	39	1
319	40	1
320	1	0
320	2	0
320	3	1
320	4	1
320	5	0
320	6	0
320	7	0
320	8	1
320	9	0
320	10	0
320	11	1
320	12	0
320	13	0
320	14	0
320	15	0
320	16	0
320	17	0
320	18	0
320	19	1
320	20	1
320	21	1
320	22	0
320	23	0
320	24	1
320	25	0
320	26	0
320	27	1
320	28	0
320	29	0
320	30	0
320	31	1
320	32	1
320	33	0
320	34	1
320	35	1
320	36	1
320	37	0
320	38	0
320	39	0
320	40	0
321	1	1
321	2	1
321	3	0
321	4	1
321	5	1
321	6	0
321	7	0
321	8	1
321	9	1
321	10	0
321	11	1
321	12	1
321	13	1
321	14	0
321	15	1
321	16	1
321	17	1
321	18	0
321	19	1
321	20	1
321	21	1
321	22	1
321	23	1
321	24	1
321	25	1
321	26	1
321	27	1
321	28	0
321	29	0
321	30	1
321	31	1
321	32	1
321	33	0
321	34	0
321	35	1
321	36	0
321	37	1
321	38	0
321	39	1
321	40	1
322	1	1
322	2	1
322	3	1
322	4	0
322	5	1
322	6	1
322	7	1
322	8	0
322	9	1
322	10	1
322	11	0
322	12	1
322	13	1
322	14	1
322	15	1
322	16	1
322	17	1
322	18	1
322	19	0
322	20	0
322	21	1
322	22	1
322	23	1
322	24	0
322	25	1
322	26	1
322	27	0
322	28	1
322	29	1
322	30	1
322	31	0
322	32	0
322	33	1
322	34	1
322	35	0
322	36	1
322	37	1
322	38	1
322	39	1
322	40	1
323	1	1
323	2	0
323	3	0
323	4	0
323	5	0
323	6	1
323	7	0
323	8	1
323	9	1
323	10	1
323	11	1
323	12	1
323	13	0
323	14	0
323	15	0
323	16	1
323	17	1
323	18	1
323	19	1
323	20	1
323	21	0
323	22	0
323	23	1
323	24	1
323	25	0
323	26	1
323	27	1
323	28	1
323	29	0
323	30	1
323	31	0
323	32	1
323	33	1
323	34	0
323	35	0
323	36	0
323	37	1
323	38	0
323	39	1
323	40	1
324	1	1
324	2	1
324	3	0
324	4	1
324	5	1
324	6	0
324	7	0
324	8	1
324	9	1
324	10	0
324	11	1
324	12	1
324	13	1
324	14	0
324	15	1
324	16	1
324	17	1
324	18	0
324	19	1
324	20	1
324	21	1
324	22	1
324	23	1
324	24	1
324	25	1
324	26	1
324	27	1
324	28	0
324	29	0
324	30	1
324	31	1
324	32	1
324	33	0
324	34	0
324	35	1
324	36	0
324	37	1
324	38	0
324	39	1
324	40	1
325	1	0
325	2	1
325	3	0
325	4	1
325	5	1
325	6	1
325	7	1
325	8	1
325	9	0
325	10	1
325	11	0
325	12	1
325	13	0
325	14	1
325	15	0
325	16	0
325	17	1
325	18	1
325	19	1
325	20	0
325	21	1
325	22	1
325	23	0
325	24	1
325	25	1
325	26	0
325	27	1
325	28	0
325	29	0
325	30	1
325	31	1
325	32	0
325	33	1
325	34	1
325	35	1
325	36	1
325	37	0
325	38	1
325	39	0
325	40	1
326	1	1
326	2	1
326	3	0
326	4	1
326	5	1
326	6	1
326	7	1
326	8	1
326	9	1
326	10	1
326	11	1
326	12	1
326	13	1
326	14	1
326	15	1
326	16	1
326	17	1
326	18	1
326	19	1
326	20	1
326	21	0
326	22	1
326	23	1
326	24	1
326	25	1
326	26	1
326	27	1
326	28	1
326	29	1
326	30	1
326	31	1
326	32	1
326	33	1
326	34	0
326	35	1
326	36	0
326	37	1
326	38	1
326	39	1
326	40	1
327	1	1
327	2	1
327	3	0
327	4	1
327	5	1
327	6	0
327	7	0
327	8	1
327	9	0
327	10	0
327	11	0
327	12	1
327	13	0
327	14	0
327	15	0
327	16	1
327	17	1
327	18	0
327	19	1
327	20	0
327	21	0
327	22	1
327	23	0
327	24	1
327	25	1
327	26	1
327	27	1
327	28	0
327	29	0
327	30	1
327	31	1
327	32	0
327	33	0
327	34	1
327	35	1
327	36	1
327	37	0
327	38	0
327	39	1
327	40	1
328	1	1
328	2	0
328	3	0
328	4	1
328	5	0
328	6	1
328	7	1
328	8	1
328	9	0
328	10	1
328	11	0
328	12	0
328	13	0
328	14	1
328	15	0
328	16	1
328	17	0
328	18	1
328	19	1
328	20	0
328	21	0
328	22	0
328	23	0
328	24	1
328	25	0
328	26	1
328	27	1
328	28	0
328	29	0
328	30	0
328	31	1
328	32	0
328	33	1
328	34	0
328	35	1
328	36	0
328	37	0
328	38	1
328	39	1
328	40	0
329	1	1
329	2	1
329	3	0
329	4	1
329	5	1
329	6	1
329	7	1
329	8	1
329	9	1
329	10	1
329	11	1
329	12	1
329	13	1
329	14	1
329	15	1
329	16	1
329	17	1
329	18	1
329	19	1
329	20	1
329	21	0
329	22	1
329	23	1
329	24	1
329	25	1
329	26	1
329	27	1
329	28	1
329	29	1
329	30	1
329	31	1
329	32	1
329	33	1
329	34	0
329	35	1
329	36	0
329	37	1
329	38	1
329	39	1
329	40	1
330	1	1
330	2	1
330	3	0
330	4	1
330	5	1
330	6	0
330	7	0
330	8	1
330	9	1
330	10	0
330	11	1
330	12	1
330	13	1
330	14	0
330	15	1
330	16	1
330	17	1
330	18	0
330	19	1
330	20	1
330	21	1
330	22	1
330	23	1
330	24	1
330	25	1
330	26	1
330	27	1
330	28	0
330	29	0
330	30	1
330	31	1
330	32	1
330	33	0
330	34	0
330	35	1
330	36	0
330	37	1
330	38	0
330	39	1
330	40	1
331	1	1
331	2	1
331	3	0
331	4	1
331	5	1
331	6	1
331	7	1
331	8	1
331	9	1
331	10	1
331	11	1
331	12	1
331	13	1
331	14	1
331	15	1
331	16	1
331	17	1
331	18	1
331	19	1
331	20	1
331	21	0
331	22	1
331	23	1
331	24	1
331	25	1
331	26	1
331	27	1
331	28	1
331	29	1
331	30	1
331	31	1
331	32	1
331	33	1
331	34	0
331	35	1
331	36	0
331	37	1
331	38	1
331	39	1
331	40	1
332	1	0
332	2	0
332	3	1
332	4	1
332	5	0
332	6	0
332	7	0
332	8	1
332	9	0
332	10	0
332	11	1
332	12	0
332	13	0
332	14	0
332	15	0
332	16	0
332	17	0
332	18	0
332	19	1
332	20	1
332	21	1
332	22	0
332	23	0
332	24	1
332	25	0
332	26	0
332	27	1
332	28	0
332	29	0
332	30	0
332	31	1
332	32	1
332	33	0
332	34	1
332	35	1
332	36	1
332	37	0
332	38	0
332	39	0
332	40	0
333	1	1
333	2	0
333	3	0
333	4	0
333	5	0
333	6	0
333	7	0
333	8	0
333	9	0
333	10	1
333	11	0
333	12	0
333	13	0
333	14	1
333	15	0
333	16	1
333	17	0
333	18	0
333	19	1
333	20	0
333	21	0
333	22	0
333	23	0
333	24	1
333	25	0
333	26	0
333	27	0
333	28	0
333	29	0
333	30	0
333	31	0
333	32	0
333	33	1
333	34	0
333	35	0
333	36	0
333	37	0
333	38	1
333	39	0
333	40	0
334	1	1
334	2	1
334	3	0
334	4	0
334	5	1
334	6	0
334	7	0
334	8	0
334	9	1
334	10	1
334	11	0
334	12	1
334	13	1
334	14	1
334	15	1
334	16	1
334	17	1
334	18	0
334	19	1
334	20	1
334	21	0
334	22	1
334	23	0
334	24	1
334	25	0
334	26	0
334	27	0
334	28	1
334	29	1
334	30	1
334	31	0
334	32	1
334	33	1
334	34	0
334	35	0
334	36	0
334	37	1
334	38	1
334	39	0
334	40	0
335	1	0
335	2	0
335	3	0
335	4	0
335	5	0
335	6	1
335	7	0
335	8	1
335	9	0
335	10	1
335	11	0
335	12	0
335	13	0
335	14	0
335	15	0
335	16	0
335	17	1
335	18	1
335	19	1
335	20	1
335	21	0
335	22	0
335	23	0
335	24	1
335	25	0
335	26	0
335	27	0
335	28	1
335	29	0
335	30	1
335	31	0
335	32	1
335	33	1
335	34	0
335	35	0
335	36	1
335	37	0
335	38	0
335	39	0
335	40	1
336	1	0
336	2	0
336	3	0
336	4	1
336	5	0
336	6	0
336	7	0
336	8	1
336	9	0
336	10	0
336	11	0
336	12	0
336	13	0
336	14	0
336	15	0
336	16	0
336	17	0
336	18	0
336	19	1
336	20	0
336	21	1
336	22	0
336	23	0
336	24	1
336	25	0
336	26	0
336	27	1
336	28	0
336	29	0
336	30	0
336	31	1
336	32	0
336	33	0
336	34	1
336	35	1
336	36	1
336	37	0
336	38	0
336	39	0
336	40	0
337	1	1
337	2	0
337	3	0
337	4	1
337	5	0
337	6	1
337	7	1
337	8	1
337	9	1
337	10	1
337	11	1
337	12	0
337	13	0
337	14	1
337	15	0
337	16	1
337	17	0
337	18	1
337	19	1
337	20	1
337	21	0
337	22	0
337	23	0
337	24	1
337	25	0
337	26	1
337	27	1
337	28	1
337	29	1
337	30	0
337	31	1
337	32	1
337	33	1
337	34	0
337	35	1
337	36	0
337	37	0
337	38	1
337	39	1
337	40	0
338	1	1
338	2	1
338	3	0
338	4	0
338	5	1
338	6	1
338	7	1
338	8	0
338	9	0
338	10	1
338	11	0
338	12	1
338	13	0
338	14	1
338	15	0
338	16	1
338	17	1
338	18	1
338	19	0
338	20	0
338	21	1
338	22	1
338	23	0
338	24	0
338	25	1
338	26	1
338	27	0
338	28	0
338	29	0
338	30	1
338	31	0
338	32	0
338	33	1
338	34	1
338	35	0
338	36	1
338	37	0
338	38	1
338	39	1
338	40	1
339	1	1
339	2	1
339	3	0
339	4	1
339	5	1
339	6	0
339	7	0
339	8	1
339	9	1
339	10	0
339	11	1
339	12	1
339	13	1
339	14	0
339	15	1
339	16	1
339	17	1
339	18	0
339	19	1
339	20	1
339	21	1
339	22	1
339	23	1
339	24	1
339	25	1
339	26	1
339	27	1
339	28	0
339	29	0
339	30	1
339	31	1
339	32	1
339	33	0
339	34	0
339	35	1
339	36	0
339	37	1
339	38	0
339	39	1
339	40	1
340	1	0
340	2	0
340	3	1
340	4	1
340	5	0
340	6	0
340	7	0
340	8	1
340	9	0
340	10	0
340	11	1
340	12	0
340	13	0
340	14	0
340	15	0
340	16	0
340	17	0
340	18	0
340	19	1
340	20	1
340	21	1
340	22	0
340	23	0
340	24	1
340	25	0
340	26	0
340	27	1
340	28	0
340	29	0
340	30	0
340	31	1
340	32	1
340	33	0
340	34	1
340	35	1
340	36	1
340	37	0
340	38	0
340	39	0
340	40	0
341	1	0
341	2	0
341	3	0
341	4	0
341	5	0
341	6	0
341	7	0
341	8	0
341	9	0
341	10	0
341	11	0
341	12	0
341	13	0
341	14	0
341	15	0
341	16	0
341	17	0
341	18	0
341	19	1
341	20	1
341	21	0
341	22	0
341	23	0
341	24	1
341	25	0
341	26	0
341	27	0
341	28	0
341	29	0
341	30	0
341	31	0
341	32	1
341	33	0
341	34	1
341	35	0
341	36	1
341	37	0
341	38	0
341	39	0
341	40	0
342	1	1
342	2	0
342	3	0
342	4	1
342	5	0
342	6	1
342	7	1
342	8	1
342	9	1
342	10	1
342	11	1
342	12	0
342	13	0
342	14	1
342	15	0
342	16	1
342	17	0
342	18	1
342	19	1
342	20	1
342	21	0
342	22	0
342	23	0
342	24	1
342	25	0
342	26	1
342	27	1
342	28	1
342	29	1
342	30	0
342	31	1
342	32	1
342	33	1
342	34	0
342	35	1
342	36	0
342	37	0
342	38	1
342	39	1
342	40	0
343	1	1
343	2	1
343	3	1
343	4	0
343	5	1
343	6	1
343	7	1
343	8	0
343	9	1
343	10	1
343	11	0
343	12	1
343	13	1
343	14	1
343	15	1
343	16	1
343	17	1
343	18	1
343	19	0
343	20	0
343	21	1
343	22	1
343	23	1
343	24	0
343	25	1
343	26	1
343	27	0
343	28	1
343	29	1
343	30	1
343	31	0
343	32	0
343	33	1
343	34	1
343	35	0
343	36	1
343	37	1
343	38	1
343	39	1
343	40	1
344	1	1
344	2	1
344	3	0
344	4	1
344	5	1
344	6	0
344	7	0
344	8	1
344	9	1
344	10	0
344	11	1
344	12	1
344	13	1
344	14	0
344	15	1
344	16	1
344	17	1
344	18	0
344	19	1
344	20	1
344	21	1
344	22	1
344	23	1
344	24	1
344	25	1
344	26	1
344	27	1
344	28	0
344	29	0
344	30	1
344	31	1
344	32	1
344	33	0
344	34	0
344	35	1
344	36	0
344	37	1
344	38	0
344	39	1
344	40	1
345	1	1
345	2	1
345	3	0
345	4	1
345	5	0
345	6	0
345	7	0
345	8	0
345	9	1
345	10	0
345	11	1
345	12	1
345	13	1
345	14	0
345	15	1
345	16	1
345	17	0
345	18	0
345	19	1
345	20	1
345	21	1
345	22	1
345	23	1
345	24	1
345	25	1
345	26	1
345	27	0
345	28	0
345	29	0
345	30	0
345	31	1
345	32	1
345	33	0
345	34	0
345	35	1
345	36	0
345	37	1
345	38	0
345	39	1
345	40	1
346	1	1
346	2	1
346	3	0
346	4	0
346	5	1
346	6	1
346	7	1
346	8	0
346	9	0
346	10	1
346	11	0
346	12	1
346	13	0
346	14	1
346	15	0
346	16	1
346	17	1
346	18	1
346	19	0
346	20	0
346	21	1
346	22	1
346	23	0
346	24	0
346	25	1
346	26	1
346	27	0
346	28	0
346	29	0
346	30	1
346	31	0
346	32	0
346	33	1
346	34	1
346	35	0
346	36	1
346	37	0
346	38	1
346	39	1
346	40	1
347	1	1
347	2	1
347	3	0
347	4	1
347	5	1
347	6	1
347	7	1
347	8	1
347	9	1
347	10	1
347	11	1
347	12	1
347	13	1
347	14	1
347	15	1
347	16	1
347	17	1
347	18	1
347	19	1
347	20	1
347	21	0
347	22	1
347	23	1
347	24	1
347	25	1
347	26	1
347	27	1
347	28	1
347	29	1
347	30	1
347	31	1
347	32	1
347	33	1
347	34	0
347	35	1
347	36	0
347	37	1
347	38	1
347	39	1
347	40	1
348	1	1
348	2	1
348	3	0
348	4	1
348	5	1
348	6	1
348	7	1
348	8	1
348	9	1
348	10	1
348	11	1
348	12	1
348	13	1
348	14	1
348	15	1
348	16	1
348	17	1
348	18	1
348	19	1
348	20	1
348	21	0
348	22	1
348	23	1
348	24	1
348	25	1
348	26	1
348	27	1
348	28	1
348	29	1
348	30	1
348	31	1
348	32	1
348	33	1
348	34	0
348	35	1
348	36	0
348	37	1
348	38	1
348	39	1
348	40	1
349	1	1
349	2	1
349	3	0
349	4	1
349	5	1
349	6	1
349	7	1
349	8	1
349	9	1
349	10	1
349	11	1
349	12	1
349	13	1
349	14	1
349	15	1
349	16	1
349	17	1
349	18	1
349	19	1
349	20	1
349	21	0
349	22	1
349	23	1
349	24	1
349	25	1
349	26	1
349	27	1
349	28	1
349	29	1
349	30	1
349	31	1
349	32	1
349	33	1
349	34	0
349	35	1
349	36	0
349	37	1
349	38	1
349	39	1
349	40	1
350	1	1
350	2	1
350	3	0
350	4	0
350	5	1
350	6	0
350	7	0
350	8	0
350	9	1
350	10	0
350	11	0
350	12	1
350	13	1
350	14	0
350	15	1
350	16	1
350	17	1
350	18	0
350	19	1
350	20	1
350	21	0
350	22	1
350	23	0
350	24	1
350	25	0
350	26	0
350	27	0
350	28	0
350	29	0
350	30	1
350	31	0
350	32	1
350	33	0
350	34	0
350	35	0
350	36	0
350	37	1
350	38	0
350	39	0
350	40	0
351	1	1
351	2	1
351	3	0
351	4	1
351	5	1
351	6	0
351	7	0
351	8	1
351	9	0
351	10	0
351	11	0
351	12	1
351	13	0
351	14	0
351	15	0
351	16	1
351	17	1
351	18	0
351	19	1
351	20	0
351	21	1
351	22	1
351	23	0
351	24	1
351	25	1
351	26	1
351	27	1
351	28	0
351	29	0
351	30	1
351	31	1
351	32	0
351	33	0
351	34	0
351	35	1
351	36	0
351	37	0
351	38	0
351	39	1
351	40	1
352	1	1
352	2	0
352	3	0
352	4	1
352	5	0
352	6	1
352	7	1
352	8	1
352	9	1
352	10	1
352	11	1
352	12	0
352	13	0
352	14	1
352	15	0
352	16	1
352	17	0
352	18	1
352	19	1
352	20	1
352	21	0
352	22	0
352	23	0
352	24	1
352	25	0
352	26	1
352	27	1
352	28	1
352	29	1
352	30	0
352	31	1
352	32	1
352	33	1
352	34	0
352	35	1
352	36	0
352	37	0
352	38	1
352	39	1
352	40	0
353	1	0
353	2	0
353	3	1
353	4	1
353	5	0
353	6	0
353	7	0
353	8	1
353	9	0
353	10	0
353	11	1
353	12	0
353	13	0
353	14	0
353	15	0
353	16	0
353	17	0
353	18	0
353	19	1
353	20	1
353	21	1
353	22	0
353	23	0
353	24	1
353	25	0
353	26	0
353	27	1
353	28	0
353	29	0
353	30	0
353	31	1
353	32	1
353	33	0
353	34	1
353	35	1
353	36	1
353	37	0
353	38	0
353	39	0
353	40	0
354	1	1
354	2	0
354	3	0
354	4	1
354	5	0
354	6	1
354	7	1
354	8	1
354	9	1
354	10	1
354	11	1
354	12	0
354	13	0
354	14	1
354	15	0
354	16	1
354	17	0
354	18	1
354	19	1
354	20	1
354	21	0
354	22	0
354	23	0
354	24	1
354	25	0
354	26	1
354	27	1
354	28	1
354	29	1
354	30	0
354	31	1
354	32	1
354	33	1
354	34	0
354	35	1
354	36	0
354	37	0
354	38	1
354	39	1
354	40	0
355	1	0
355	2	0
355	3	1
355	4	1
355	5	0
355	6	0
355	7	0
355	8	1
355	9	0
355	10	0
355	11	1
355	12	0
355	13	0
355	14	0
355	15	0
355	16	0
355	17	0
355	18	0
355	19	1
355	20	1
355	21	1
355	22	0
355	23	0
355	24	1
355	25	0
355	26	0
355	27	1
355	28	0
355	29	0
355	30	0
355	31	1
355	32	1
355	33	0
355	34	1
355	35	1
355	36	1
355	37	0
355	38	0
355	39	0
355	40	0
356	1	1
356	2	0
356	3	0
356	4	0
356	5	0
356	6	1
356	7	0
356	8	0
356	9	1
356	10	1
356	11	0
356	12	1
356	13	0
356	14	0
356	15	0
356	16	1
356	17	1
356	18	1
356	19	0
356	20	0
356	21	0
356	22	0
356	23	1
356	24	0
356	25	0
356	26	1
356	27	0
356	28	1
356	29	0
356	30	1
356	31	0
356	32	0
356	33	1
356	34	1
356	35	0
356	36	1
356	37	1
356	38	0
356	39	1
356	40	1
357	1	1
357	2	1
357	3	0
357	4	1
357	5	1
357	6	0
357	7	0
357	8	1
357	9	1
357	10	0
357	11	1
357	12	1
357	13	1
357	14	0
357	15	1
357	16	1
357	17	1
357	18	0
357	19	1
357	20	1
357	21	1
357	22	1
357	23	1
357	24	1
357	25	1
357	26	1
357	27	1
357	28	0
357	29	0
357	30	1
357	31	1
357	32	1
357	33	0
357	34	0
357	35	1
357	36	0
357	37	1
357	38	0
357	39	1
357	40	1
358	1	1
358	2	1
358	3	1
358	4	1
358	5	1
358	6	0
358	7	0
358	8	1
358	9	1
358	10	0
358	11	1
358	12	1
358	13	1
358	14	0
358	15	1
358	16	1
358	17	1
358	18	0
358	19	1
358	20	1
358	21	0
358	22	1
358	23	1
358	24	1
358	25	1
358	26	1
358	27	1
358	28	0
358	29	0
358	30	1
358	31	1
358	32	1
358	33	0
358	34	1
358	35	1
358	36	1
358	37	1
358	38	0
358	39	1
358	40	1
359	1	0
359	2	0
359	3	1
359	4	0
359	5	0
359	6	0
359	7	0
359	8	1
359	9	0
359	10	0
359	11	0
359	12	0
359	13	0
359	14	0
359	15	0
359	16	0
359	17	0
359	18	0
359	19	1
359	20	1
359	21	1
359	22	0
359	23	0
359	24	1
359	25	0
359	26	0
359	27	0
359	28	0
359	29	0
359	30	0
359	31	0
359	32	1
359	33	0
359	34	0
359	35	1
359	36	1
359	37	0
359	38	0
359	39	0
359	40	0
360	1	1
360	2	1
360	3	1
360	4	1
360	5	1
360	6	0
360	7	0
360	8	1
360	9	1
360	10	0
360	11	1
360	12	1
360	13	1
360	14	0
360	15	1
360	16	1
360	17	1
360	18	0
360	19	1
360	20	1
360	21	0
360	22	1
360	23	1
360	24	1
360	25	1
360	26	1
360	27	1
360	28	0
360	29	0
360	30	1
360	31	1
360	32	1
360	33	0
360	34	1
360	35	1
360	36	1
360	37	1
360	38	0
360	39	1
360	40	1
361	1	1
361	2	0
361	3	0
361	4	0
361	5	0
361	6	0
361	7	0
361	8	1
361	9	1
361	10	0
361	11	1
361	12	1
361	13	0
361	14	0
361	15	0
361	16	1
361	17	1
361	18	0
361	19	1
361	20	1
361	21	0
361	22	0
361	23	1
361	24	1
361	25	0
361	26	1
361	27	1
361	28	0
361	29	0
361	30	1
361	31	0
361	32	1
361	33	0
361	34	0
361	35	0
361	36	0
361	37	1
361	38	0
361	39	1
361	40	1
362	1	1
362	2	1
362	3	0
362	4	0
362	5	1
362	6	0
362	7	0
362	8	0
362	9	0
362	10	0
362	11	0
362	12	1
362	13	0
362	14	0
362	15	0
362	16	1
362	17	1
362	18	0
362	19	1
362	20	0
362	21	0
362	22	1
362	23	0
362	24	1
362	25	0
362	26	0
362	27	0
362	28	0
362	29	0
362	30	1
362	31	0
362	32	0
362	33	0
362	34	0
362	35	0
362	36	0
362	37	0
362	38	0
362	39	0
362	40	0
363	1	1
363	2	1
363	3	0
363	4	1
363	5	1
363	6	1
363	7	1
363	8	1
363	9	1
363	10	1
363	11	1
363	12	1
363	13	1
363	14	1
363	15	1
363	16	1
363	17	1
363	18	1
363	19	1
363	20	1
363	21	0
363	22	1
363	23	1
363	24	1
363	25	1
363	26	1
363	27	1
363	28	1
363	29	1
363	30	1
363	31	1
363	32	1
363	33	1
363	34	0
363	35	1
363	36	0
363	37	1
363	38	1
363	39	1
363	40	1
364	1	1
364	2	0
364	3	0
364	4	0
364	5	0
364	6	0
364	7	0
364	8	0
364	9	1
364	10	1
364	11	0
364	12	0
364	13	0
364	14	1
364	15	0
364	16	1
364	17	0
364	18	0
364	19	1
364	20	1
364	21	0
364	22	0
364	23	0
364	24	1
364	25	0
364	26	0
364	27	0
364	28	1
364	29	1
364	30	0
364	31	0
364	32	1
364	33	1
364	34	0
364	35	0
364	36	0
364	37	0
364	38	1
364	39	0
364	40	0
365	1	1
365	2	1
365	3	0
365	4	1
365	5	1
365	6	1
365	7	1
365	8	1
365	9	1
365	10	1
365	11	1
365	12	1
365	13	1
365	14	1
365	15	1
365	16	1
365	17	1
365	18	1
365	19	1
365	20	1
365	21	0
365	22	1
365	23	1
365	24	1
365	25	1
365	26	1
365	27	1
365	28	1
365	29	1
365	30	1
365	31	1
365	32	1
365	33	1
365	34	0
365	35	1
365	36	0
365	37	1
365	38	1
365	39	1
365	40	1
366	1	0
366	2	0
366	3	1
366	4	1
366	5	0
366	6	0
366	7	0
366	8	1
366	9	0
366	10	0
366	11	1
366	12	0
366	13	0
366	14	0
366	15	0
366	16	0
366	17	0
366	18	0
366	19	1
366	20	1
366	21	1
366	22	0
366	23	0
366	24	1
366	25	0
366	26	0
366	27	1
366	28	0
366	29	0
366	30	0
366	31	1
366	32	1
366	33	0
366	34	1
366	35	1
366	36	1
366	37	0
366	38	0
366	39	0
366	40	0
367	1	1
367	2	1
367	3	1
367	4	0
367	5	1
367	6	1
367	7	1
367	8	0
367	9	1
367	10	1
367	11	0
367	12	1
367	13	1
367	14	1
367	15	1
367	16	1
367	17	1
367	18	1
367	19	0
367	20	0
367	21	1
367	22	1
367	23	1
367	24	0
367	25	1
367	26	1
367	27	0
367	28	1
367	29	1
367	30	1
367	31	0
367	32	0
367	33	1
367	34	1
367	35	0
367	36	1
367	37	1
367	38	1
367	39	1
367	40	1
368	1	0
368	2	0
368	3	1
368	4	1
368	5	0
368	6	0
368	7	0
368	8	0
368	9	0
368	10	0
368	11	1
368	12	0
368	13	0
368	14	0
368	15	0
368	16	0
368	17	0
368	18	0
368	19	1
368	20	1
368	21	1
368	22	0
368	23	0
368	24	1
368	25	0
368	26	0
368	27	0
368	28	0
368	29	0
368	30	0
368	31	1
368	32	1
368	33	0
368	34	1
368	35	1
368	36	1
368	37	0
368	38	0
368	39	0
368	40	0
369	1	0
369	2	0
369	3	1
369	4	1
369	5	0
369	6	0
369	7	0
369	8	1
369	9	0
369	10	0
369	11	1
369	12	0
369	13	0
369	14	0
369	15	0
369	16	0
369	17	0
369	18	0
369	19	1
369	20	1
369	21	1
369	22	0
369	23	0
369	24	1
369	25	0
369	26	0
369	27	1
369	28	0
369	29	0
369	30	0
369	31	1
369	32	1
369	33	0
369	34	1
369	35	1
369	36	1
369	37	0
369	38	0
369	39	0
369	40	0
370	1	1
370	2	1
370	3	1
370	4	1
370	5	1
370	6	0
370	7	0
370	8	1
370	9	1
370	10	0
370	11	1
370	12	1
370	13	1
370	14	0
370	15	1
370	16	1
370	17	1
370	18	0
370	19	1
370	20	1
370	21	0
370	22	1
370	23	1
370	24	1
370	25	1
370	26	1
370	27	1
370	28	0
370	29	0
370	30	1
370	31	1
370	32	1
370	33	0
370	34	1
370	35	1
370	36	1
370	37	1
370	38	0
370	39	1
370	40	1
371	1	1
371	2	1
371	3	0
371	4	0
371	5	1
371	6	0
371	7	0
371	8	0
371	9	1
371	10	1
371	11	0
371	12	1
371	13	1
371	14	1
371	15	1
371	16	1
371	17	1
371	18	0
371	19	0
371	20	0
371	21	0
371	22	1
371	23	0
371	24	0
371	25	0
371	26	0
371	27	0
371	28	1
371	29	1
371	30	1
371	31	0
371	32	0
371	33	1
371	34	1
371	35	0
371	36	1
371	37	1
371	38	1
371	39	0
371	40	0
372	1	1
372	2	0
372	3	0
372	4	1
372	5	0
372	6	1
372	7	1
372	8	1
372	9	1
372	10	1
372	11	1
372	12	0
372	13	0
372	14	1
372	15	0
372	16	1
372	17	0
372	18	1
372	19	1
372	20	1
372	21	0
372	22	0
372	23	0
372	24	1
372	25	0
372	26	1
372	27	1
372	28	1
372	29	1
372	30	0
372	31	1
372	32	1
372	33	1
372	34	0
372	35	1
372	36	0
372	37	0
372	38	1
372	39	1
372	40	0
373	1	1
373	2	1
373	3	0
373	4	1
373	5	1
373	6	0
373	7	0
373	8	1
373	9	1
373	10	0
373	11	1
373	12	1
373	13	1
373	14	0
373	15	1
373	16	1
373	17	1
373	18	0
373	19	1
373	20	1
373	21	1
373	22	1
373	23	1
373	24	1
373	25	1
373	26	1
373	27	1
373	28	0
373	29	0
373	30	1
373	31	1
373	32	1
373	33	0
373	34	0
373	35	1
373	36	0
373	37	1
373	38	0
373	39	1
373	40	1
374	1	0
374	2	1
374	3	1
374	4	1
374	5	1
374	6	1
374	7	1
374	8	1
374	9	0
374	10	1
374	11	1
374	12	1
374	13	1
374	14	1
374	15	1
374	16	0
374	17	1
374	18	1
374	19	1
374	20	1
374	21	1
374	22	1
374	23	1
374	24	1
374	25	1
374	26	0
374	27	1
374	28	1
374	29	1
374	30	1
374	31	1
374	32	1
374	33	1
374	34	1
374	35	1
374	36	1
374	37	1
374	38	1
374	39	0
374	40	1
375	1	1
375	2	1
375	3	0
375	4	1
375	5	1
375	6	1
375	7	1
375	8	1
375	9	0
375	10	1
375	11	0
375	12	1
375	13	0
375	14	1
375	15	0
375	16	1
375	17	1
375	18	1
375	19	1
375	20	0
375	21	0
375	22	1
375	23	0
375	24	1
375	25	1
375	26	1
375	27	1
375	28	0
375	29	0
375	30	1
375	31	1
375	32	0
375	33	1
375	34	0
375	35	1
375	36	0
375	37	0
375	38	1
375	39	1
375	40	1
376	1	1
376	2	0
376	3	0
376	4	1
376	5	0
376	6	1
376	7	1
376	8	1
376	9	1
376	10	1
376	11	1
376	12	0
376	13	0
376	14	1
376	15	0
376	16	1
376	17	0
376	18	1
376	19	1
376	20	1
376	21	0
376	22	0
376	23	0
376	24	1
376	25	0
376	26	1
376	27	1
376	28	1
376	29	1
376	30	0
376	31	1
376	32	1
376	33	1
376	34	0
376	35	1
376	36	0
376	37	0
376	38	1
376	39	1
376	40	0
377	1	1
377	2	1
377	3	0
377	4	1
377	5	1
377	6	0
377	7	0
377	8	1
377	9	1
377	10	0
377	11	1
377	12	1
377	13	1
377	14	0
377	15	1
377	16	1
377	17	1
377	18	0
377	19	1
377	20	1
377	21	1
377	22	1
377	23	1
377	24	1
377	25	1
377	26	1
377	27	1
377	28	0
377	29	0
377	30	1
377	31	1
377	32	1
377	33	0
377	34	0
377	35	1
377	36	0
377	37	1
377	38	0
377	39	1
377	40	1
378	1	0
378	2	1
378	3	1
378	4	1
378	5	1
378	6	1
378	7	1
378	8	1
378	9	0
378	10	1
378	11	1
378	12	1
378	13	1
378	14	1
378	15	1
378	16	0
378	17	1
378	18	1
378	19	1
378	20	1
378	21	1
378	22	1
378	23	1
378	24	1
378	25	1
378	26	0
378	27	1
378	28	1
378	29	1
378	30	1
378	31	1
378	32	1
378	33	1
378	34	1
378	35	1
378	36	1
378	37	1
378	38	1
378	39	0
378	40	1
379	1	1
379	2	1
379	3	0
379	4	1
379	5	1
379	6	0
379	7	0
379	8	1
379	9	1
379	10	0
379	11	1
379	12	1
379	13	1
379	14	0
379	15	1
379	16	1
379	17	1
379	18	0
379	19	1
379	20	1
379	21	1
379	22	1
379	23	1
379	24	1
379	25	1
379	26	1
379	27	1
379	28	0
379	29	0
379	30	1
379	31	1
379	32	1
379	33	0
379	34	0
379	35	1
379	36	0
379	37	1
379	38	0
379	39	1
379	40	1
380	1	1
380	2	1
380	3	0
380	4	1
380	5	1
380	6	1
380	7	1
380	8	1
380	9	0
380	10	1
380	11	0
380	12	1
380	13	0
380	14	1
380	15	0
380	16	1
380	17	1
380	18	1
380	19	1
380	20	0
380	21	0
380	22	1
380	23	0
380	24	1
380	25	1
380	26	1
380	27	1
380	28	0
380	29	0
380	30	1
380	31	1
380	32	0
380	33	1
380	34	0
380	35	1
380	36	0
380	37	0
380	38	1
380	39	1
380	40	1
381	1	0
381	2	0
381	3	1
381	4	1
381	5	0
381	6	0
381	7	0
381	8	1
381	9	0
381	10	0
381	11	1
381	12	0
381	13	0
381	14	0
381	15	0
381	16	0
381	17	0
381	18	0
381	19	1
381	20	1
381	21	1
381	22	0
381	23	0
381	24	1
381	25	0
381	26	0
381	27	1
381	28	0
381	29	0
381	30	0
381	31	1
381	32	1
381	33	0
381	34	1
381	35	1
381	36	1
381	37	0
381	38	0
381	39	0
381	40	0
382	1	0
382	2	0
382	3	1
382	4	1
382	5	0
382	6	0
382	7	0
382	8	1
382	9	0
382	10	0
382	11	1
382	12	0
382	13	0
382	14	0
382	15	0
382	16	0
382	17	0
382	18	0
382	19	1
382	20	1
382	21	1
382	22	0
382	23	0
382	24	1
382	25	0
382	26	0
382	27	1
382	28	0
382	29	0
382	30	0
382	31	1
382	32	1
382	33	0
382	34	1
382	35	1
382	36	1
382	37	0
382	38	0
382	39	0
382	40	0
383	1	1
383	2	0
383	3	0
383	4	0
383	5	0
383	6	1
383	7	1
383	8	1
383	9	1
383	10	1
383	11	0
383	12	0
383	13	0
383	14	1
383	15	0
383	16	0
383	17	0
383	18	1
383	19	1
383	20	1
383	21	0
383	22	0
383	23	0
383	24	1
383	25	0
383	26	1
383	27	0
383	28	1
383	29	0
383	30	0
383	31	0
383	32	1
383	33	1
383	34	0
383	35	1
383	36	0
383	37	0
383	38	1
383	39	1
383	40	0
384	1	1
384	2	1
384	3	0
384	4	1
384	5	1
384	6	0
384	7	0
384	8	1
384	9	1
384	10	0
384	11	1
384	12	1
384	13	1
384	14	0
384	15	1
384	16	1
384	17	1
384	18	0
384	19	1
384	20	1
384	21	1
384	22	1
384	23	1
384	24	1
384	25	1
384	26	1
384	27	1
384	28	0
384	29	0
384	30	1
384	31	1
384	32	1
384	33	0
384	34	0
384	35	1
384	36	0
384	37	1
384	38	0
384	39	1
384	40	1
385	1	1
385	2	1
385	3	0
385	4	1
385	5	1
385	6	0
385	7	0
385	8	1
385	9	1
385	10	0
385	11	1
385	12	1
385	13	1
385	14	0
385	15	1
385	16	1
385	17	1
385	18	0
385	19	1
385	20	1
385	21	1
385	22	1
385	23	1
385	24	1
385	25	1
385	26	1
385	27	1
385	28	0
385	29	0
385	30	1
385	31	1
385	32	1
385	33	0
385	34	0
385	35	1
385	36	0
385	37	1
385	38	0
385	39	1
385	40	1
386	1	0
386	2	0
386	3	0
386	4	0
386	5	0
386	6	0
386	7	0
386	8	1
386	9	0
386	10	0
386	11	1
386	12	0
386	13	0
386	14	0
386	15	0
386	16	0
386	17	0
386	18	0
386	19	1
386	20	1
386	21	0
386	22	0
386	23	0
386	24	1
386	25	0
386	26	0
386	27	1
386	28	0
386	29	0
386	30	0
386	31	0
386	32	1
386	33	0
386	34	1
386	35	0
386	36	1
386	37	0
386	38	0
386	39	0
386	40	0
387	1	1
387	2	1
387	3	0
387	4	1
387	5	1
387	6	0
387	7	0
387	8	1
387	9	1
387	10	0
387	11	1
387	12	1
387	13	1
387	14	0
387	15	1
387	16	1
387	17	1
387	18	0
387	19	1
387	20	1
387	21	1
387	22	1
387	23	1
387	24	1
387	25	1
387	26	1
387	27	1
387	28	0
387	29	0
387	30	1
387	31	1
387	32	1
387	33	0
387	34	0
387	35	1
387	36	0
387	37	1
387	38	0
387	39	1
387	40	1
388	1	1
388	2	0
388	3	0
388	4	1
388	5	0
388	6	1
388	7	1
388	8	1
388	9	1
388	10	1
388	11	1
388	12	0
388	13	0
388	14	1
388	15	0
388	16	1
388	17	0
388	18	1
388	19	1
388	20	1
388	21	0
388	22	0
388	23	0
388	24	1
388	25	0
388	26	1
388	27	1
388	28	1
388	29	1
388	30	0
388	31	1
388	32	1
388	33	1
388	34	0
388	35	1
388	36	0
388	37	0
388	38	1
388	39	1
388	40	0
389	1	1
389	2	1
389	3	0
389	4	1
389	5	0
389	6	0
389	7	0
389	8	0
389	9	1
389	10	0
389	11	1
389	12	1
389	13	1
389	14	0
389	15	1
389	16	1
389	17	0
389	18	0
389	19	1
389	20	1
389	21	1
389	22	1
389	23	1
389	24	1
389	25	1
389	26	1
389	27	0
389	28	0
389	29	0
389	30	0
389	31	1
389	32	1
389	33	0
389	34	0
389	35	1
389	36	0
389	37	1
389	38	0
389	39	1
389	40	1
390	1	1
390	2	1
390	3	0
390	4	1
390	5	1
390	6	0
390	7	0
390	8	1
390	9	1
390	10	0
390	11	1
390	12	1
390	13	1
390	14	0
390	15	1
390	16	1
390	17	1
390	18	0
390	19	1
390	20	1
390	21	1
390	22	1
390	23	1
390	24	1
390	25	1
390	26	1
390	27	1
390	28	0
390	29	0
390	30	1
390	31	1
390	32	1
390	33	0
390	34	0
390	35	1
390	36	0
390	37	1
390	38	0
390	39	1
390	40	1
391	1	0
391	2	1
391	3	1
391	4	1
391	5	1
391	6	1
391	7	1
391	8	1
391	9	0
391	10	1
391	11	1
391	12	1
391	13	1
391	14	1
391	15	1
391	16	0
391	17	1
391	18	1
391	19	1
391	20	1
391	21	1
391	22	1
391	23	1
391	24	1
391	25	1
391	26	0
391	27	1
391	28	1
391	29	1
391	30	1
391	31	1
391	32	1
391	33	1
391	34	1
391	35	1
391	36	1
391	37	1
391	38	1
391	39	0
391	40	1
392	1	0
392	2	0
392	3	1
392	4	1
392	5	0
392	6	0
392	7	0
392	8	1
392	9	0
392	10	0
392	11	1
392	12	0
392	13	0
392	14	0
392	15	0
392	16	0
392	17	0
392	18	0
392	19	1
392	20	1
392	21	1
392	22	0
392	23	0
392	24	1
392	25	0
392	26	0
392	27	1
392	28	0
392	29	0
392	30	0
392	31	1
392	32	1
392	33	0
392	34	1
392	35	1
392	36	1
392	37	0
392	38	0
392	39	0
392	40	0
393	1	1
393	2	0
393	3	0
393	4	0
393	5	0
393	6	0
393	7	0
393	8	0
393	9	1
393	10	0
393	11	1
393	12	1
393	13	0
393	14	0
393	15	0
393	16	1
393	17	0
393	18	0
393	19	1
393	20	1
393	21	0
393	22	0
393	23	1
393	24	1
393	25	0
393	26	1
393	27	0
393	28	0
393	29	0
393	30	0
393	31	0
393	32	1
393	33	0
393	34	1
393	35	0
393	36	1
393	37	1
393	38	0
393	39	1
393	40	1
394	1	0
394	2	0
394	3	1
394	4	1
394	5	0
394	6	0
394	7	0
394	8	0
394	9	0
394	10	0
394	11	1
394	12	0
394	13	0
394	14	0
394	15	0
394	16	0
394	17	0
394	18	0
394	19	1
394	20	1
394	21	1
394	22	0
394	23	0
394	24	1
394	25	0
394	26	0
394	27	0
394	28	0
394	29	0
394	30	0
394	31	1
394	32	1
394	33	0
394	34	1
394	35	1
394	36	1
394	37	0
394	38	0
394	39	0
394	40	0
395	1	0
395	2	1
395	3	1
395	4	1
395	5	1
395	6	1
395	7	1
395	8	1
395	9	0
395	10	1
395	11	1
395	12	1
395	13	1
395	14	1
395	15	1
395	16	0
395	17	1
395	18	1
395	19	1
395	20	1
395	21	1
395	22	1
395	23	1
395	24	1
395	25	1
395	26	0
395	27	1
395	28	1
395	29	1
395	30	1
395	31	1
395	32	1
395	33	1
395	34	1
395	35	1
395	36	1
395	37	1
395	38	1
395	39	0
395	40	1
396	1	1
396	2	1
396	3	0
396	4	1
396	5	1
396	6	0
396	7	0
396	8	1
396	9	1
396	10	0
396	11	1
396	12	1
396	13	1
396	14	0
396	15	1
396	16	1
396	17	1
396	18	0
396	19	1
396	20	1
396	21	1
396	22	1
396	23	1
396	24	1
396	25	1
396	26	1
396	27	1
396	28	0
396	29	0
396	30	1
396	31	1
396	32	1
396	33	0
396	34	0
396	35	1
396	36	0
396	37	1
396	38	0
396	39	1
396	40	1
397	1	1
397	2	1
397	3	1
397	4	1
397	5	0
397	6	0
397	7	0
397	8	0
397	9	1
397	10	0
397	11	1
397	12	1
397	13	1
397	14	0
397	15	1
397	16	1
397	17	0
397	18	0
397	19	1
397	20	1
397	21	0
397	22	1
397	23	1
397	24	1
397	25	1
397	26	1
397	27	0
397	28	0
397	29	0
397	30	0
397	31	1
397	32	1
397	33	0
397	34	1
397	35	1
397	36	1
397	37	1
397	38	0
397	39	1
397	40	1
398	1	1
398	2	1
398	3	0
398	4	1
398	5	1
398	6	0
398	7	0
398	8	1
398	9	1
398	10	0
398	11	1
398	12	1
398	13	1
398	14	0
398	15	1
398	16	1
398	17	1
398	18	0
398	19	1
398	20	1
398	21	1
398	22	1
398	23	1
398	24	1
398	25	1
398	26	1
398	27	1
398	28	0
398	29	0
398	30	1
398	31	1
398	32	1
398	33	0
398	34	0
398	35	1
398	36	0
398	37	1
398	38	0
398	39	1
398	40	1
399	1	1
399	2	0
399	3	0
399	4	1
399	5	0
399	6	1
399	7	1
399	8	1
399	9	1
399	10	1
399	11	1
399	12	0
399	13	0
399	14	1
399	15	0
399	16	1
399	17	0
399	18	1
399	19	1
399	20	1
399	21	0
399	22	0
399	23	0
399	24	1
399	25	0
399	26	1
399	27	1
399	28	1
399	29	1
399	30	0
399	31	1
399	32	1
399	33	1
399	34	0
399	35	1
399	36	0
399	37	0
399	38	1
399	39	1
399	40	0
400	1	0
400	2	0
400	3	0
400	4	1
400	5	0
400	6	0
400	7	0
400	8	1
400	9	0
400	10	0
400	11	0
400	12	0
400	13	0
400	14	0
400	15	0
400	16	0
400	17	0
400	18	0
400	19	1
400	20	0
400	21	1
400	22	0
400	23	0
400	24	1
400	25	0
400	26	0
400	27	1
400	28	0
400	29	0
400	30	0
400	31	1
400	32	0
400	33	0
400	34	1
400	35	1
400	36	1
400	37	0
400	38	0
400	39	0
400	40	0
401	1	1
401	2	0
401	3	0
401	4	1
401	5	0
401	6	1
401	7	1
401	8	1
401	9	1
401	10	1
401	11	1
401	12	0
401	13	0
401	14	1
401	15	0
401	16	1
401	17	0
401	18	1
401	19	1
401	20	1
401	21	0
401	22	0
401	23	0
401	24	1
401	25	0
401	26	1
401	27	1
401	28	1
401	29	1
401	30	0
401	31	1
401	32	1
401	33	1
401	34	0
401	35	1
401	36	0
401	37	0
401	38	1
401	39	1
401	40	0
402	1	1
402	2	1
402	3	0
402	4	1
402	5	1
402	6	1
402	7	1
402	8	1
402	9	1
402	10	1
402	11	1
402	12	1
402	13	1
402	14	1
402	15	1
402	16	1
402	17	1
402	18	1
402	19	1
402	20	1
402	21	0
402	22	1
402	23	1
402	24	1
402	25	1
402	26	1
402	27	1
402	28	1
402	29	1
402	30	1
402	31	1
402	32	1
402	33	1
402	34	0
402	35	1
402	36	0
402	37	1
402	38	1
402	39	1
402	40	1
403	1	0
403	2	0
403	3	1
403	4	1
403	5	0
403	6	0
403	7	0
403	8	1
403	9	0
403	10	0
403	11	1
403	12	0
403	13	0
403	14	0
403	15	0
403	16	0
403	17	0
403	18	0
403	19	1
403	20	1
403	21	1
403	22	0
403	23	0
403	24	1
403	25	0
403	26	0
403	27	1
403	28	0
403	29	0
403	30	0
403	31	1
403	32	1
403	33	0
403	34	1
403	35	1
403	36	1
403	37	0
403	38	0
403	39	0
403	40	0
404	1	1
404	2	1
404	3	0
404	4	1
404	5	1
404	6	0
404	7	0
404	8	1
404	9	1
404	10	0
404	11	1
404	12	1
404	13	1
404	14	0
404	15	1
404	16	1
404	17	1
404	18	0
404	19	1
404	20	1
404	21	1
404	22	1
404	23	1
404	24	1
404	25	1
404	26	1
404	27	1
404	28	0
404	29	0
404	30	1
404	31	1
404	32	1
404	33	0
404	34	0
404	35	1
404	36	0
404	37	1
404	38	0
404	39	1
404	40	1
405	1	1
405	2	1
405	3	1
405	4	1
405	5	1
405	6	0
405	7	0
405	8	1
405	9	1
405	10	0
405	11	1
405	12	1
405	13	1
405	14	0
405	15	1
405	16	1
405	17	1
405	18	0
405	19	1
405	20	1
405	21	0
405	22	1
405	23	1
405	24	1
405	25	1
405	26	1
405	27	1
405	28	0
405	29	0
405	30	1
405	31	1
405	32	1
405	33	0
405	34	1
405	35	1
405	36	1
405	37	1
405	38	0
405	39	1
405	40	1
406	1	0
406	2	1
406	3	1
406	4	1
406	5	1
406	6	1
406	7	1
406	8	1
406	9	0
406	10	1
406	11	1
406	12	1
406	13	1
406	14	1
406	15	1
406	16	0
406	17	1
406	18	1
406	19	1
406	20	1
406	21	1
406	22	1
406	23	1
406	24	1
406	25	1
406	26	0
406	27	1
406	28	1
406	29	1
406	30	1
406	31	1
406	32	1
406	33	1
406	34	1
406	35	1
406	36	1
406	37	1
406	38	1
406	39	0
406	40	1
407	1	1
407	2	1
407	3	1
407	4	1
407	5	1
407	6	0
407	7	0
407	8	1
407	9	1
407	10	0
407	11	1
407	12	1
407	13	1
407	14	0
407	15	1
407	16	1
407	17	1
407	18	0
407	19	1
407	20	1
407	21	0
407	22	1
407	23	1
407	24	1
407	25	1
407	26	1
407	27	1
407	28	0
407	29	0
407	30	1
407	31	1
407	32	1
407	33	0
407	34	1
407	35	1
407	36	1
407	37	1
407	38	0
407	39	1
407	40	1
408	1	1
408	2	1
408	3	0
408	4	1
408	5	1
408	6	1
408	7	1
408	8	1
408	9	1
408	10	1
408	11	1
408	12	1
408	13	1
408	14	1
408	15	1
408	16	1
408	17	1
408	18	1
408	19	1
408	20	1
408	21	0
408	22	1
408	23	1
408	24	1
408	25	1
408	26	1
408	27	1
408	28	1
408	29	1
408	30	1
408	31	1
408	32	1
408	33	1
408	34	0
408	35	1
408	36	0
408	37	1
408	38	1
408	39	1
408	40	1
409	1	1
409	2	0
409	3	0
409	4	1
409	5	0
409	6	1
409	7	1
409	8	1
409	9	1
409	10	1
409	11	1
409	12	0
409	13	0
409	14	1
409	15	0
409	16	1
409	17	0
409	18	1
409	19	1
409	20	1
409	21	0
409	22	0
409	23	0
409	24	1
409	25	0
409	26	1
409	27	1
409	28	1
409	29	1
409	30	0
409	31	1
409	32	1
409	33	1
409	34	0
409	35	1
409	36	0
409	37	0
409	38	1
409	39	1
409	40	0
410	1	1
410	2	0
410	3	0
410	4	0
410	5	0
410	6	1
410	7	0
410	8	0
410	9	1
410	10	1
410	11	0
410	12	1
410	13	0
410	14	0
410	15	0
410	16	1
410	17	1
410	18	1
410	19	0
410	20	0
410	21	0
410	22	0
410	23	1
410	24	0
410	25	0
410	26	1
410	27	0
410	28	1
410	29	0
410	30	1
410	31	0
410	32	0
410	33	1
410	34	1
410	35	0
410	36	1
410	37	1
410	38	0
410	39	1
410	40	1
411	1	1
411	2	1
411	3	0
411	4	0
411	5	1
411	6	0
411	7	0
411	8	0
411	9	1
411	10	1
411	11	0
411	12	1
411	13	1
411	14	1
411	15	1
411	16	1
411	17	1
411	18	0
411	19	1
411	20	1
411	21	0
411	22	1
411	23	0
411	24	1
411	25	0
411	26	0
411	27	0
411	28	1
411	29	1
411	30	1
411	31	0
411	32	1
411	33	1
411	34	0
411	35	0
411	36	0
411	37	1
411	38	1
411	39	0
411	40	0
412	1	1
412	2	0
412	3	0
412	4	0
412	5	0
412	6	0
412	7	0
412	8	1
412	9	0
412	10	0
412	11	0
412	12	0
412	13	0
412	14	0
412	15	0
412	16	0
412	17	1
412	18	0
412	19	1
412	20	0
412	21	0
412	22	0
412	23	0
412	24	1
412	25	0
412	26	1
412	27	0
412	28	0
412	29	0
412	30	1
412	31	0
412	32	0
412	33	0
412	34	0
412	35	0
412	36	0
412	37	0
412	38	0
412	39	1
412	40	1
413	1	1
413	2	1
413	3	0
413	4	1
413	5	1
413	6	0
413	7	0
413	8	1
413	9	1
413	10	0
413	11	1
413	12	1
413	13	1
413	14	0
413	15	1
413	16	1
413	17	1
413	18	0
413	19	1
413	20	1
413	21	1
413	22	1
413	23	1
413	24	1
413	25	1
413	26	1
413	27	1
413	28	0
413	29	0
413	30	1
413	31	1
413	32	1
413	33	0
413	34	0
413	35	1
413	36	0
413	37	1
413	38	0
413	39	1
413	40	1
414	1	1
414	2	1
414	3	0
414	4	1
414	5	1
414	6	1
414	7	1
414	8	1
414	9	1
414	10	1
414	11	1
414	12	1
414	13	1
414	14	1
414	15	1
414	16	1
414	17	1
414	18	1
414	19	1
414	20	1
414	21	0
414	22	1
414	23	1
414	24	1
414	25	1
414	26	1
414	27	1
414	28	1
414	29	1
414	30	1
414	31	1
414	32	1
414	33	1
414	34	0
414	35	1
414	36	0
414	37	1
414	38	1
414	39	1
414	40	1
415	1	1
415	2	1
415	3	0
415	4	1
415	5	1
415	6	0
415	7	0
415	8	1
415	9	1
415	10	0
415	11	1
415	12	1
415	13	1
415	14	0
415	15	1
415	16	1
415	17	1
415	18	0
415	19	1
415	20	1
415	21	1
415	22	1
415	23	1
415	24	1
415	25	1
415	26	1
415	27	1
415	28	0
415	29	0
415	30	1
415	31	1
415	32	1
415	33	0
415	34	0
415	35	1
415	36	0
415	37	1
415	38	0
415	39	1
415	40	1
416	1	1
416	2	1
416	3	0
416	4	0
416	5	0
416	6	0
416	7	0
416	8	0
416	9	1
416	10	0
416	11	0
416	12	0
416	13	0
416	14	0
416	15	1
416	16	0
416	17	1
416	18	0
416	19	1
416	20	1
416	21	0
416	22	0
416	23	0
416	24	1
416	25	0
416	26	0
416	27	0
416	28	0
416	29	0
416	30	1
416	31	0
416	32	1
416	33	0
416	34	0
416	35	0
416	36	1
416	37	0
416	38	0
416	39	0
416	40	0
417	1	1
417	2	1
417	3	1
417	4	1
417	5	1
417	6	0
417	7	0
417	8	1
417	9	1
417	10	0
417	11	1
417	12	1
417	13	1
417	14	0
417	15	1
417	16	1
417	17	1
417	18	0
417	19	1
417	20	1
417	21	0
417	22	1
417	23	1
417	24	1
417	25	1
417	26	1
417	27	1
417	28	0
417	29	0
417	30	1
417	31	1
417	32	1
417	33	0
417	34	1
417	35	1
417	36	1
417	37	1
417	38	0
417	39	1
417	40	1
418	1	1
418	2	1
418	3	0
418	4	1
418	5	1
418	6	0
418	7	0
418	8	1
418	9	1
418	10	0
418	11	1
418	12	1
418	13	1
418	14	0
418	15	1
418	16	1
418	17	1
418	18	0
418	19	1
418	20	1
418	21	1
418	22	1
418	23	1
418	24	1
418	25	1
418	26	1
418	27	1
418	28	0
418	29	0
418	30	1
418	31	1
418	32	1
418	33	0
418	34	0
418	35	1
418	36	0
418	37	1
418	38	0
418	39	1
418	40	1
419	1	1
419	2	1
419	3	0
419	4	1
419	5	1
419	6	1
419	7	1
419	8	1
419	9	1
419	10	1
419	11	1
419	12	1
419	13	1
419	14	1
419	15	1
419	16	1
419	17	1
419	18	1
419	19	1
419	20	1
419	21	0
419	22	1
419	23	1
419	24	1
419	25	1
419	26	1
419	27	1
419	28	1
419	29	1
419	30	1
419	31	1
419	32	1
419	33	1
419	34	0
419	35	1
419	36	0
419	37	1
419	38	1
419	39	1
419	40	1
420	1	1
420	2	1
420	3	0
420	4	1
420	5	1
420	6	1
420	7	1
420	8	1
420	9	1
420	10	1
420	11	1
420	12	1
420	13	1
420	14	1
420	15	1
420	16	1
420	17	1
420	18	1
420	19	1
420	20	1
420	21	0
420	22	1
420	23	1
420	24	1
420	25	1
420	26	1
420	27	1
420	28	1
420	29	1
420	30	1
420	31	1
420	32	1
420	33	1
420	34	0
420	35	1
420	36	0
420	37	1
420	38	1
420	39	1
420	40	1
421	1	1
421	2	1
421	3	0
421	4	1
421	5	1
421	6	0
421	7	0
421	8	1
421	9	1
421	10	0
421	11	1
421	12	1
421	13	1
421	14	0
421	15	1
421	16	1
421	17	1
421	18	0
421	19	1
421	20	1
421	21	1
421	22	1
421	23	1
421	24	1
421	25	1
421	26	1
421	27	1
421	28	0
421	29	0
421	30	1
421	31	1
421	32	1
421	33	0
421	34	0
421	35	1
421	36	0
421	37	1
421	38	0
421	39	1
421	40	1
422	1	0
422	2	1
422	3	1
422	4	1
422	5	0
422	6	0
422	7	0
422	8	0
422	9	0
422	10	1
422	11	1
422	12	1
422	13	1
422	14	1
422	15	1
422	16	0
422	17	0
422	18	1
422	19	1
422	20	1
422	21	1
422	22	1
422	23	1
422	24	1
422	25	1
422	26	0
422	27	0
422	28	1
422	29	1
422	30	0
422	31	1
422	32	1
422	33	0
422	34	1
422	35	1
422	36	1
422	37	1
422	38	1
422	39	0
422	40	1
423	1	0
423	2	1
423	3	1
423	4	1
423	5	1
423	6	1
423	7	1
423	8	1
423	9	0
423	10	1
423	11	1
423	12	1
423	13	1
423	14	1
423	15	1
423	16	0
423	17	1
423	18	1
423	19	1
423	20	1
423	21	1
423	22	1
423	23	1
423	24	1
423	25	1
423	26	0
423	27	1
423	28	1
423	29	1
423	30	1
423	31	1
423	32	1
423	33	1
423	34	1
423	35	1
423	36	1
423	37	1
423	38	1
423	39	0
423	40	1
424	1	0
424	2	0
424	3	0
424	4	0
424	5	0
424	6	1
424	7	0
424	8	1
424	9	0
424	10	1
424	11	1
424	12	1
424	13	0
424	14	0
424	15	0
424	16	0
424	17	1
424	18	1
424	19	1
424	20	1
424	21	0
424	22	0
424	23	1
424	24	1
424	25	0
424	26	0
424	27	1
424	28	1
424	29	0
424	30	1
424	31	0
424	32	1
424	33	1
424	34	1
424	35	0
424	36	1
424	37	1
424	38	0
424	39	0
424	40	1
425	1	0
425	2	1
425	3	1
425	4	1
425	5	1
425	6	1
425	7	1
425	8	1
425	9	0
425	10	1
425	11	1
425	12	1
425	13	1
425	14	1
425	15	1
425	16	0
425	17	1
425	18	1
425	19	1
425	20	1
425	21	1
425	22	1
425	23	1
425	24	1
425	25	1
425	26	0
425	27	1
425	28	1
425	29	1
425	30	1
425	31	1
425	32	1
425	33	1
425	34	1
425	35	1
425	36	1
425	37	1
425	38	1
425	39	0
425	40	1
426	1	1
426	2	1
426	3	0
426	4	1
426	5	1
426	6	0
426	7	0
426	8	1
426	9	1
426	10	0
426	11	1
426	12	1
426	13	1
426	14	0
426	15	1
426	16	1
426	17	1
426	18	0
426	19	1
426	20	1
426	21	1
426	22	1
426	23	1
426	24	1
426	25	1
426	26	1
426	27	1
426	28	0
426	29	0
426	30	1
426	31	1
426	32	1
426	33	0
426	34	0
426	35	1
426	36	0
426	37	1
426	38	0
426	39	1
426	40	1
427	1	1
427	2	0
427	3	0
427	4	0
427	5	0
427	6	0
427	7	0
427	8	0
427	9	0
427	10	1
427	11	0
427	12	1
427	13	0
427	14	0
427	15	0
427	16	1
427	17	1
427	18	0
427	19	1
427	20	0
427	21	0
427	22	0
427	23	0
427	24	1
427	25	0
427	26	0
427	27	0
427	28	0
427	29	0
427	30	1
427	31	0
427	32	0
427	33	1
427	34	0
427	35	0
427	36	0
427	37	0
427	38	0
427	39	0
427	40	0
428	1	0
428	2	1
428	3	1
428	4	1
428	5	1
428	6	1
428	7	1
428	8	1
428	9	0
428	10	1
428	11	1
428	12	1
428	13	1
428	14	1
428	15	1
428	16	0
428	17	1
428	18	1
428	19	1
428	20	1
428	21	1
428	22	1
428	23	1
428	24	1
428	25	1
428	26	0
428	27	1
428	28	1
428	29	1
428	30	1
428	31	1
428	32	1
428	33	1
428	34	1
428	35	1
428	36	1
428	37	1
428	38	1
428	39	0
428	40	1
429	1	1
429	2	1
429	3	0
429	4	1
429	5	1
429	6	0
429	7	0
429	8	1
429	9	1
429	10	0
429	11	1
429	12	1
429	13	1
429	14	0
429	15	1
429	16	1
429	17	1
429	18	0
429	19	1
429	20	1
429	21	1
429	22	1
429	23	1
429	24	1
429	25	1
429	26	1
429	27	1
429	28	0
429	29	0
429	30	1
429	31	1
429	32	1
429	33	0
429	34	0
429	35	1
429	36	0
429	37	1
429	38	0
429	39	1
429	40	1
430	1	0
430	2	1
430	3	1
430	4	1
430	5	1
430	6	1
430	7	1
430	8	1
430	9	0
430	10	1
430	11	1
430	12	1
430	13	1
430	14	1
430	15	1
430	16	0
430	17	1
430	18	1
430	19	1
430	20	1
430	21	1
430	22	1
430	23	1
430	24	1
430	25	1
430	26	0
430	27	1
430	28	1
430	29	1
430	30	1
430	31	1
430	32	1
430	33	1
430	34	1
430	35	1
430	36	1
430	37	1
430	38	1
430	39	0
430	40	1
431	1	0
431	2	1
431	3	0
431	4	1
431	5	1
431	6	1
431	7	1
431	8	1
431	9	0
431	10	1
431	11	0
431	12	1
431	13	0
431	14	1
431	15	0
431	16	0
431	17	1
431	18	1
431	19	1
431	20	0
431	21	1
431	22	1
431	23	0
431	24	1
431	25	1
431	26	0
431	27	1
431	28	0
431	29	0
431	30	1
431	31	1
431	32	0
431	33	1
431	34	1
431	35	1
431	36	1
431	37	0
431	38	1
431	39	0
431	40	1
432	1	0
432	2	1
432	3	1
432	4	1
432	5	1
432	6	1
432	7	1
432	8	1
432	9	0
432	10	1
432	11	1
432	12	1
432	13	1
432	14	1
432	15	1
432	16	0
432	17	1
432	18	1
432	19	1
432	20	1
432	21	1
432	22	1
432	23	1
432	24	1
432	25	1
432	26	0
432	27	1
432	28	1
432	29	1
432	30	1
432	31	1
432	32	1
432	33	1
432	34	1
432	35	1
432	36	1
432	37	1
432	38	1
432	39	0
432	40	1
433	1	1
433	2	1
433	3	1
433	4	0
433	5	1
433	6	1
433	7	1
433	8	0
433	9	1
433	10	1
433	11	0
433	12	1
433	13	1
433	14	1
433	15	1
433	16	1
433	17	1
433	18	1
433	19	0
433	20	0
433	21	1
433	22	1
433	23	1
433	24	0
433	25	1
433	26	1
433	27	0
433	28	1
433	29	1
433	30	1
433	31	0
433	32	0
433	33	1
433	34	1
433	35	0
433	36	1
433	37	1
433	38	1
433	39	1
433	40	1
434	1	1
434	2	0
434	3	0
434	4	1
434	5	0
434	6	1
434	7	1
434	8	1
434	9	1
434	10	1
434	11	1
434	12	0
434	13	0
434	14	1
434	15	0
434	16	1
434	17	0
434	18	1
434	19	1
434	20	1
434	21	0
434	22	0
434	23	0
434	24	1
434	25	0
434	26	1
434	27	1
434	28	1
434	29	1
434	30	0
434	31	1
434	32	1
434	33	1
434	34	0
434	35	1
434	36	0
434	37	0
434	38	1
434	39	1
434	40	0
435	1	1
435	2	1
435	3	0
435	4	1
435	5	1
435	6	1
435	7	1
435	8	1
435	9	1
435	10	1
435	11	1
435	12	1
435	13	1
435	14	1
435	15	1
435	16	1
435	17	1
435	18	1
435	19	1
435	20	1
435	21	0
435	22	1
435	23	1
435	24	1
435	25	1
435	26	1
435	27	1
435	28	1
435	29	1
435	30	1
435	31	1
435	32	1
435	33	1
435	34	0
435	35	1
435	36	0
435	37	1
435	38	1
435	39	1
435	40	1
436	1	0
436	2	1
436	3	1
436	4	1
436	5	1
436	6	1
436	7	1
436	8	1
436	9	0
436	10	1
436	11	1
436	12	1
436	13	1
436	14	1
436	15	1
436	16	0
436	17	1
436	18	1
436	19	1
436	20	1
436	21	1
436	22	1
436	23	1
436	24	1
436	25	1
436	26	0
436	27	1
436	28	1
436	29	1
436	30	1
436	31	1
436	32	1
436	33	1
436	34	1
436	35	1
436	36	1
436	37	1
436	38	1
436	39	0
436	40	1
437	1	1
437	2	0
437	3	0
437	4	1
437	5	0
437	6	1
437	7	1
437	8	1
437	9	1
437	10	1
437	11	1
437	12	0
437	13	0
437	14	1
437	15	0
437	16	1
437	17	0
437	18	1
437	19	1
437	20	1
437	21	0
437	22	0
437	23	0
437	24	1
437	25	0
437	26	1
437	27	1
437	28	1
437	29	1
437	30	0
437	31	1
437	32	1
437	33	1
437	34	0
437	35	1
437	36	0
437	37	0
437	38	1
437	39	1
437	40	0
438	1	0
438	2	1
438	3	1
438	4	1
438	5	0
438	6	0
438	7	0
438	8	0
438	9	0
438	10	1
438	11	1
438	12	1
438	13	1
438	14	1
438	15	1
438	16	0
438	17	0
438	18	1
438	19	1
438	20	1
438	21	1
438	22	1
438	23	1
438	24	1
438	25	1
438	26	0
438	27	0
438	28	1
438	29	1
438	30	0
438	31	1
438	32	1
438	33	0
438	34	1
438	35	1
438	36	1
438	37	1
438	38	1
438	39	0
438	40	1
439	1	1
439	2	1
439	3	0
439	4	1
439	5	1
439	6	1
439	7	1
439	8	1
439	9	1
439	10	1
439	11	1
439	12	1
439	13	1
439	14	1
439	15	1
439	16	1
439	17	1
439	18	1
439	19	1
439	20	1
439	21	0
439	22	1
439	23	1
439	24	1
439	25	1
439	26	1
439	27	1
439	28	1
439	29	1
439	30	1
439	31	1
439	32	1
439	33	1
439	34	0
439	35	1
439	36	0
439	37	1
439	38	1
439	39	1
439	40	1
440	1	1
440	2	1
440	3	1
440	4	0
440	5	1
440	6	1
440	7	1
440	8	0
440	9	1
440	10	1
440	11	0
440	12	1
440	13	1
440	14	1
440	15	1
440	16	1
440	17	1
440	18	1
440	19	0
440	20	0
440	21	1
440	22	1
440	23	1
440	24	0
440	25	1
440	26	1
440	27	0
440	28	1
440	29	1
440	30	1
440	31	0
440	32	0
440	33	1
440	34	1
440	35	0
440	36	1
440	37	1
440	38	1
440	39	1
440	40	1
441	1	1
441	2	1
441	3	0
441	4	0
441	5	1
441	6	0
441	7	0
441	8	0
441	9	1
441	10	1
441	11	0
441	12	1
441	13	1
441	14	1
441	15	1
441	16	1
441	17	1
441	18	0
441	19	0
441	20	0
441	21	0
441	22	1
441	23	0
441	24	0
441	25	0
441	26	0
441	27	0
441	28	1
441	29	1
441	30	1
441	31	0
441	32	0
441	33	1
441	34	1
441	35	0
441	36	1
441	37	1
441	38	1
441	39	0
441	40	0
442	1	1
442	2	1
442	3	0
442	4	1
442	5	1
442	6	0
442	7	0
442	8	1
442	9	0
442	10	0
442	11	0
442	12	1
442	13	0
442	14	0
442	15	0
442	16	1
442	17	1
442	18	0
442	19	1
442	20	0
442	21	0
442	22	1
442	23	0
442	24	1
442	25	1
442	26	1
442	27	1
442	28	0
442	29	0
442	30	1
442	31	1
442	32	0
442	33	0
442	34	1
442	35	1
442	36	1
442	37	0
442	38	0
442	39	1
442	40	1
443	1	1
443	2	0
443	3	0
443	4	1
443	5	0
443	6	1
443	7	1
443	8	1
443	9	1
443	10	1
443	11	1
443	12	0
443	13	0
443	14	1
443	15	0
443	16	1
443	17	0
443	18	1
443	19	1
443	20	1
443	21	0
443	22	0
443	23	0
443	24	1
443	25	0
443	26	1
443	27	1
443	28	1
443	29	1
443	30	0
443	31	1
443	32	1
443	33	1
443	34	0
443	35	1
443	36	0
443	37	0
443	38	1
443	39	1
443	40	0
444	1	1
444	2	1
444	3	0
444	4	1
444	5	1
444	6	0
444	7	0
444	8	1
444	9	0
444	10	0
444	11	0
444	12	1
444	13	0
444	14	0
444	15	0
444	16	1
444	17	1
444	18	0
444	19	1
444	20	0
444	21	1
444	22	1
444	23	0
444	24	1
444	25	1
444	26	1
444	27	1
444	28	0
444	29	0
444	30	1
444	31	1
444	32	0
444	33	0
444	34	0
444	35	1
444	36	0
444	37	0
444	38	0
444	39	1
444	40	1
445	1	1
445	2	1
445	3	0
445	4	0
445	5	1
445	6	0
445	7	0
445	8	0
445	9	1
445	10	1
445	11	0
445	12	1
445	13	1
445	14	1
445	15	1
445	16	1
445	17	1
445	18	0
445	19	1
445	20	1
445	21	0
445	22	1
445	23	0
445	24	1
445	25	0
445	26	0
445	27	0
445	28	1
445	29	1
445	30	1
445	31	0
445	32	1
445	33	1
445	34	0
445	35	0
445	36	0
445	37	1
445	38	1
445	39	0
445	40	0
446	1	0
446	2	1
446	3	1
446	4	1
446	5	1
446	6	1
446	7	1
446	8	1
446	9	0
446	10	1
446	11	1
446	12	1
446	13	1
446	14	1
446	15	1
446	16	0
446	17	1
446	18	1
446	19	1
446	20	1
446	21	1
446	22	1
446	23	1
446	24	1
446	25	1
446	26	0
446	27	1
446	28	1
446	29	1
446	30	1
446	31	1
446	32	1
446	33	1
446	34	1
446	35	1
446	36	1
446	37	1
446	38	1
446	39	0
446	40	1
447	1	1
447	2	1
447	3	0
447	4	1
447	5	1
447	6	1
447	7	1
447	8	1
447	9	1
447	10	1
447	11	1
447	12	1
447	13	1
447	14	1
447	15	1
447	16	1
447	17	1
447	18	1
447	19	1
447	20	1
447	21	0
447	22	1
447	23	1
447	24	1
447	25	1
447	26	1
447	27	1
447	28	1
447	29	1
447	30	1
447	31	1
447	32	1
447	33	1
447	34	0
447	35	1
447	36	0
447	37	1
447	38	1
447	39	1
447	40	1
448	1	1
448	2	1
448	3	0
448	4	1
448	5	1
448	6	0
448	7	0
448	8	1
448	9	1
448	10	0
448	11	1
448	12	1
448	13	1
448	14	0
448	15	1
448	16	1
448	17	1
448	18	0
448	19	1
448	20	1
448	21	1
448	22	1
448	23	1
448	24	1
448	25	1
448	26	1
448	27	1
448	28	0
448	29	0
448	30	1
448	31	1
448	32	1
448	33	0
448	34	0
448	35	1
448	36	0
448	37	1
448	38	0
448	39	1
448	40	1
449	1	1
449	2	1
449	3	0
449	4	1
449	5	1
449	6	1
449	7	1
449	8	1
449	9	1
449	10	1
449	11	1
449	12	1
449	13	1
449	14	1
449	15	1
449	16	1
449	17	1
449	18	1
449	19	1
449	20	1
449	21	0
449	22	1
449	23	1
449	24	1
449	25	1
449	26	1
449	27	1
449	28	1
449	29	1
449	30	1
449	31	1
449	32	1
449	33	1
449	34	0
449	35	1
449	36	0
449	37	1
449	38	1
449	39	1
449	40	1
450	1	1
450	2	1
450	3	0
450	4	1
450	5	1
450	6	1
450	7	1
450	8	1
450	9	1
450	10	1
450	11	1
450	12	1
450	13	1
450	14	1
450	15	1
450	16	1
450	17	1
450	18	1
450	19	1
450	20	1
450	21	0
450	22	1
450	23	1
450	24	1
450	25	1
450	26	1
450	27	1
450	28	1
450	29	1
450	30	1
450	31	1
450	32	1
450	33	1
450	34	0
450	35	1
450	36	0
450	37	1
450	38	1
450	39	1
450	40	1
451	1	1
451	2	1
451	3	0
451	4	1
451	5	1
451	6	0
451	7	0
451	8	1
451	9	1
451	10	0
451	11	1
451	12	1
451	13	1
451	14	0
451	15	1
451	16	1
451	17	1
451	18	0
451	19	1
451	20	1
451	21	1
451	22	1
451	23	1
451	24	1
451	25	1
451	26	1
451	27	1
451	28	0
451	29	0
451	30	1
451	31	1
451	32	1
451	33	0
451	34	0
451	35	1
451	36	0
451	37	1
451	38	0
451	39	1
451	40	1
452	1	0
452	2	1
452	3	0
452	4	1
452	5	1
452	6	1
452	7	1
452	8	1
452	9	0
452	10	1
452	11	0
452	12	1
452	13	0
452	14	1
452	15	0
452	16	0
452	17	1
452	18	1
452	19	1
452	20	0
452	21	1
452	22	1
452	23	0
452	24	1
452	25	1
452	26	0
452	27	1
452	28	0
452	29	0
452	30	1
452	31	1
452	32	0
452	33	1
452	34	1
452	35	1
452	36	1
452	37	0
452	38	1
452	39	0
452	40	1
453	1	1
453	2	1
453	3	1
453	4	1
453	5	1
453	6	0
453	7	0
453	8	1
453	9	1
453	10	0
453	11	1
453	12	1
453	13	1
453	14	0
453	15	1
453	16	1
453	17	1
453	18	0
453	19	1
453	20	1
453	21	0
453	22	1
453	23	1
453	24	1
453	25	1
453	26	1
453	27	1
453	28	0
453	29	0
453	30	1
453	31	1
453	32	1
453	33	0
453	34	1
453	35	1
453	36	1
453	37	1
453	38	0
453	39	1
453	40	1
454	1	0
454	2	0
454	3	0
454	4	0
454	5	0
454	6	0
454	7	0
454	8	1
454	9	0
454	10	0
454	11	1
454	12	0
454	13	0
454	14	0
454	15	0
454	16	0
454	17	0
454	18	0
454	19	1
454	20	1
454	21	0
454	22	0
454	23	0
454	24	1
454	25	0
454	26	0
454	27	1
454	28	0
454	29	0
454	30	0
454	31	0
454	32	1
454	33	0
454	34	1
454	35	0
454	36	1
454	37	0
454	38	0
454	39	0
454	40	0
455	1	1
455	2	1
455	3	0
455	4	1
455	5	1
455	6	1
455	7	1
455	8	1
455	9	1
455	10	1
455	11	1
455	12	1
455	13	1
455	14	1
455	15	1
455	16	1
455	17	1
455	18	1
455	19	1
455	20	1
455	21	0
455	22	1
455	23	1
455	24	1
455	25	1
455	26	1
455	27	1
455	28	1
455	29	1
455	30	1
455	31	1
455	32	1
455	33	1
455	34	0
455	35	1
455	36	0
455	37	1
455	38	1
455	39	1
455	40	1
456	1	1
456	2	1
456	3	0
456	4	1
456	5	1
456	6	1
456	7	1
456	8	1
456	9	1
456	10	1
456	11	1
456	12	1
456	13	1
456	14	1
456	15	1
456	16	1
456	17	1
456	18	1
456	19	1
456	20	1
456	21	0
456	22	1
456	23	1
456	24	1
456	25	1
456	26	1
456	27	1
456	28	1
456	29	1
456	30	1
456	31	1
456	32	1
456	33	1
456	34	0
456	35	1
456	36	0
456	37	1
456	38	1
456	39	1
456	40	1
457	1	0
457	2	0
457	3	0
457	4	0
457	5	0
457	6	0
457	7	0
457	8	1
457	9	0
457	10	0
457	11	1
457	12	0
457	13	0
457	14	0
457	15	0
457	16	0
457	17	0
457	18	0
457	19	1
457	20	1
457	21	0
457	22	0
457	23	0
457	24	1
457	25	0
457	26	0
457	27	1
457	28	0
457	29	0
457	30	0
457	31	0
457	32	1
457	33	0
457	34	1
457	35	0
457	36	1
457	37	0
457	38	0
457	39	0
457	40	0
458	1	1
458	2	1
458	3	0
458	4	1
458	5	1
458	6	1
458	7	1
458	8	1
458	9	1
458	10	1
458	11	1
458	12	1
458	13	1
458	14	1
458	15	1
458	16	1
458	17	1
458	18	1
458	19	1
458	20	1
458	21	0
458	22	1
458	23	1
458	24	1
458	25	1
458	26	1
458	27	1
458	28	1
458	29	1
458	30	1
458	31	1
458	32	1
458	33	1
458	34	0
458	35	1
458	36	0
458	37	1
458	38	1
458	39	1
458	40	1
459	1	0
459	2	0
459	3	1
459	4	1
459	5	0
459	6	0
459	7	0
459	8	1
459	9	0
459	10	0
459	11	1
459	12	0
459	13	0
459	14	0
459	15	0
459	16	0
459	17	0
459	18	0
459	19	1
459	20	1
459	21	1
459	22	0
459	23	0
459	24	1
459	25	0
459	26	0
459	27	1
459	28	0
459	29	0
459	30	0
459	31	1
459	32	1
459	33	0
459	34	1
459	35	1
459	36	1
459	37	0
459	38	0
459	39	0
459	40	0
460	1	1
460	2	1
460	3	0
460	4	1
460	5	1
460	6	1
460	7	1
460	8	1
460	9	1
460	10	1
460	11	1
460	12	1
460	13	1
460	14	1
460	15	1
460	16	1
460	17	1
460	18	1
460	19	1
460	20	1
460	21	0
460	22	1
460	23	1
460	24	1
460	25	1
460	26	1
460	27	1
460	28	1
460	29	1
460	30	1
460	31	1
460	32	1
460	33	1
460	34	0
460	35	1
460	36	0
460	37	1
460	38	1
460	39	1
460	40	1
461	1	0
461	2	1
461	3	1
461	4	1
461	5	1
461	6	1
461	7	1
461	8	1
461	9	0
461	10	1
461	11	1
461	12	1
461	13	1
461	14	1
461	15	1
461	16	0
461	17	1
461	18	1
461	19	1
461	20	1
461	21	1
461	22	1
461	23	1
461	24	1
461	25	1
461	26	0
461	27	1
461	28	1
461	29	1
461	30	1
461	31	1
461	32	1
461	33	1
461	34	1
461	35	1
461	36	1
461	37	1
461	38	1
461	39	0
461	40	1
462	1	1
462	2	0
462	3	0
462	4	0
462	5	0
462	6	0
462	7	0
462	8	0
462	9	1
462	10	0
462	11	0
462	12	0
462	13	0
462	14	0
462	15	0
462	16	0
462	17	0
462	18	0
462	19	1
462	20	1
462	21	0
462	22	0
462	23	0
462	24	1
462	25	0
462	26	1
462	27	0
462	28	0
462	29	0
462	30	0
462	31	0
462	32	1
462	33	0
462	34	0
462	35	0
462	36	0
462	37	0
462	38	0
462	39	1
462	40	1
463	1	1
463	2	1
463	3	0
463	4	1
463	5	1
463	6	1
463	7	1
463	8	1
463	9	1
463	10	1
463	11	1
463	12	1
463	13	1
463	14	1
463	15	1
463	16	1
463	17	1
463	18	1
463	19	1
463	20	1
463	21	0
463	22	1
463	23	1
463	24	1
463	25	1
463	26	1
463	27	1
463	28	1
463	29	1
463	30	1
463	31	1
463	32	1
463	33	1
463	34	0
463	35	1
463	36	0
463	37	1
463	38	1
463	39	1
463	40	1
464	1	1
464	2	0
464	3	0
464	4	0
464	5	0
464	6	1
464	7	0
464	8	1
464	9	1
464	10	1
464	11	1
464	12	1
464	13	0
464	14	0
464	15	0
464	16	1
464	17	1
464	18	1
464	19	1
464	20	1
464	21	0
464	22	0
464	23	1
464	24	1
464	25	0
464	26	1
464	27	1
464	28	1
464	29	0
464	30	1
464	31	0
464	32	1
464	33	1
464	34	0
464	35	0
464	36	0
464	37	1
464	38	0
464	39	1
464	40	1
465	1	1
465	2	1
465	3	1
465	4	0
465	5	1
465	6	1
465	7	1
465	8	0
465	9	1
465	10	1
465	11	0
465	12	1
465	13	1
465	14	1
465	15	1
465	16	1
465	17	1
465	18	1
465	19	0
465	20	0
465	21	1
465	22	1
465	23	1
465	24	0
465	25	1
465	26	1
465	27	0
465	28	1
465	29	1
465	30	1
465	31	0
465	32	0
465	33	1
465	34	1
465	35	0
465	36	1
465	37	1
465	38	1
465	39	1
465	40	1
466	1	0
466	2	0
466	3	0
466	4	1
466	5	0
466	6	0
466	7	0
466	8	1
466	9	0
466	10	0
466	11	0
466	12	0
466	13	0
466	14	0
466	15	0
466	16	0
466	17	0
466	18	0
466	19	1
466	20	0
466	21	1
466	22	0
466	23	0
466	24	1
466	25	0
466	26	0
466	27	1
466	28	0
466	29	0
466	30	0
466	31	1
466	32	0
466	33	0
466	34	1
466	35	1
466	36	1
466	37	0
466	38	0
466	39	0
466	40	0
467	1	1
467	2	1
467	3	0
467	4	1
467	5	1
467	6	0
467	7	0
467	8	1
467	9	1
467	10	0
467	11	1
467	12	1
467	13	1
467	14	0
467	15	1
467	16	1
467	17	1
467	18	0
467	19	1
467	20	1
467	21	1
467	22	1
467	23	1
467	24	1
467	25	1
467	26	1
467	27	1
467	28	0
467	29	0
467	30	1
467	31	1
467	32	1
467	33	0
467	34	0
467	35	1
467	36	0
467	37	1
467	38	0
467	39	1
467	40	1
468	1	1
468	2	1
468	3	0
468	4	1
468	5	1
468	6	1
468	7	1
468	8	1
468	9	1
468	10	1
468	11	1
468	12	1
468	13	1
468	14	1
468	15	1
468	16	1
468	17	1
468	18	1
468	19	1
468	20	1
468	21	0
468	22	1
468	23	1
468	24	1
468	25	1
468	26	1
468	27	1
468	28	1
468	29	1
468	30	1
468	31	1
468	32	1
468	33	1
468	34	0
468	35	1
468	36	0
468	37	1
468	38	1
468	39	1
468	40	1
469	1	0
469	2	0
469	3	1
469	4	1
469	5	0
469	6	0
469	7	0
469	8	1
469	9	0
469	10	0
469	11	1
469	12	0
469	13	0
469	14	0
469	15	0
469	16	0
469	17	0
469	18	0
469	19	1
469	20	1
469	21	1
469	22	0
469	23	0
469	24	1
469	25	0
469	26	0
469	27	1
469	28	0
469	29	0
469	30	0
469	31	1
469	32	1
469	33	0
469	34	1
469	35	1
469	36	1
469	37	0
469	38	0
469	39	0
469	40	0
470	1	0
470	2	0
470	3	1
470	4	1
470	5	0
470	6	0
470	7	0
470	8	1
470	9	0
470	10	0
470	11	1
470	12	0
470	13	0
470	14	0
470	15	0
470	16	0
470	17	0
470	18	0
470	19	1
470	20	1
470	21	1
470	22	0
470	23	0
470	24	1
470	25	0
470	26	0
470	27	1
470	28	0
470	29	0
470	30	0
470	31	1
470	32	1
470	33	0
470	34	1
470	35	1
470	36	1
470	37	0
470	38	0
470	39	0
470	40	0
471	1	1
471	2	1
471	3	0
471	4	1
471	5	1
471	6	0
471	7	0
471	8	1
471	9	0
471	10	0
471	11	0
471	12	1
471	13	0
471	14	0
471	15	0
471	16	1
471	17	1
471	18	0
471	19	1
471	20	0
471	21	1
471	22	1
471	23	0
471	24	1
471	25	1
471	26	1
471	27	1
471	28	0
471	29	0
471	30	1
471	31	1
471	32	0
471	33	0
471	34	0
471	35	1
471	36	0
471	37	0
471	38	0
471	39	1
471	40	1
472	1	1
472	2	1
472	3	1
472	4	1
472	5	1
472	6	0
472	7	0
472	8	1
472	9	1
472	10	0
472	11	1
472	12	1
472	13	1
472	14	0
472	15	1
472	16	1
472	17	1
472	18	0
472	19	1
472	20	1
472	21	0
472	22	1
472	23	1
472	24	1
472	25	1
472	26	1
472	27	1
472	28	0
472	29	0
472	30	1
472	31	1
472	32	1
472	33	0
472	34	1
472	35	1
472	36	1
472	37	1
472	38	0
472	39	1
472	40	1
473	1	1
473	2	1
473	3	0
473	4	1
473	5	1
473	6	1
473	7	1
473	8	1
473	9	1
473	10	1
473	11	1
473	12	1
473	13	1
473	14	1
473	15	1
473	16	1
473	17	1
473	18	1
473	19	1
473	20	1
473	21	0
473	22	1
473	23	1
473	24	1
473	25	1
473	26	1
473	27	1
473	28	1
473	29	1
473	30	1
473	31	1
473	32	1
473	33	1
473	34	0
473	35	1
473	36	0
473	37	1
473	38	1
473	39	1
473	40	1
474	1	1
474	2	1
474	3	1
474	4	1
474	5	1
474	6	0
474	7	0
474	8	1
474	9	1
474	10	0
474	11	1
474	12	1
474	13	1
474	14	0
474	15	1
474	16	1
474	17	1
474	18	0
474	19	1
474	20	1
474	21	0
474	22	1
474	23	1
474	24	1
474	25	1
474	26	1
474	27	1
474	28	0
474	29	0
474	30	1
474	31	1
474	32	1
474	33	0
474	34	1
474	35	1
474	36	1
474	37	1
474	38	0
474	39	1
474	40	1
475	1	1
475	2	1
475	3	1
475	4	1
475	5	1
475	6	0
475	7	0
475	8	1
475	9	1
475	10	0
475	11	1
475	12	1
475	13	1
475	14	0
475	15	1
475	16	1
475	17	1
475	18	0
475	19	1
475	20	1
475	21	0
475	22	1
475	23	1
475	24	1
475	25	1
475	26	1
475	27	1
475	28	0
475	29	0
475	30	1
475	31	1
475	32	1
475	33	0
475	34	1
475	35	1
475	36	1
475	37	1
475	38	0
475	39	1
475	40	1
476	1	1
476	2	1
476	3	0
476	4	1
476	5	1
476	6	0
476	7	0
476	8	1
476	9	1
476	10	0
476	11	1
476	12	1
476	13	1
476	14	0
476	15	1
476	16	1
476	17	1
476	18	0
476	19	1
476	20	1
476	21	1
476	22	1
476	23	1
476	24	1
476	25	1
476	26	1
476	27	1
476	28	0
476	29	0
476	30	1
476	31	1
476	32	1
476	33	0
476	34	0
476	35	1
476	36	0
476	37	1
476	38	0
476	39	1
476	40	1
477	1	1
477	2	1
477	3	0
477	4	1
477	5	1
477	6	1
477	7	1
477	8	1
477	9	1
477	10	1
477	11	1
477	12	1
477	13	1
477	14	1
477	15	1
477	16	1
477	17	1
477	18	1
477	19	1
477	20	1
477	21	0
477	22	1
477	23	1
477	24	1
477	25	1
477	26	1
477	27	1
477	28	1
477	29	1
477	30	1
477	31	1
477	32	1
477	33	1
477	34	0
477	35	1
477	36	0
477	37	1
477	38	1
477	39	1
477	40	1
478	1	1
478	2	0
478	3	0
478	4	1
478	5	0
478	6	1
478	7	1
478	8	1
478	9	1
478	10	1
478	11	1
478	12	0
478	13	0
478	14	1
478	15	0
478	16	1
478	17	0
478	18	1
478	19	1
478	20	1
478	21	0
478	22	0
478	23	0
478	24	1
478	25	0
478	26	1
478	27	1
478	28	1
478	29	1
478	30	0
478	31	1
478	32	1
478	33	1
478	34	0
478	35	1
478	36	0
478	37	0
478	38	1
478	39	1
478	40	0
479	1	1
479	2	1
479	3	1
479	4	1
479	5	1
479	6	0
479	7	0
479	8	1
479	9	1
479	10	0
479	11	1
479	12	1
479	13	1
479	14	0
479	15	1
479	16	1
479	17	1
479	18	0
479	19	1
479	20	1
479	21	0
479	22	1
479	23	1
479	24	1
479	25	1
479	26	1
479	27	1
479	28	0
479	29	0
479	30	1
479	31	1
479	32	1
479	33	0
479	34	1
479	35	1
479	36	1
479	37	1
479	38	0
479	39	1
479	40	1
480	1	1
480	2	1
480	3	1
480	4	0
480	5	1
480	6	1
480	7	1
480	8	0
480	9	1
480	10	1
480	11	0
480	12	1
480	13	1
480	14	1
480	15	1
480	16	1
480	17	1
480	18	1
480	19	0
480	20	0
480	21	1
480	22	1
480	23	1
480	24	0
480	25	1
480	26	1
480	27	0
480	28	1
480	29	1
480	30	1
480	31	0
480	32	0
480	33	1
480	34	1
480	35	0
480	36	1
480	37	1
480	38	1
480	39	1
480	40	1
481	1	1
481	2	1
481	3	0
481	4	1
481	5	1
481	6	0
481	7	0
481	8	1
481	9	1
481	10	0
481	11	1
481	12	1
481	13	1
481	14	0
481	15	1
481	16	1
481	17	1
481	18	0
481	19	1
481	20	1
481	21	1
481	22	1
481	23	1
481	24	1
481	25	1
481	26	1
481	27	1
481	28	0
481	29	0
481	30	1
481	31	1
481	32	1
481	33	0
481	34	0
481	35	1
481	36	0
481	37	1
481	38	0
481	39	1
481	40	1
482	1	1
482	2	1
482	3	0
482	4	1
482	5	1
482	6	0
482	7	0
482	8	1
482	9	0
482	10	0
482	11	0
482	12	1
482	13	0
482	14	0
482	15	0
482	16	1
482	17	1
482	18	0
482	19	1
482	20	0
482	21	1
482	22	1
482	23	0
482	24	1
482	25	1
482	26	1
482	27	1
482	28	0
482	29	0
482	30	1
482	31	1
482	32	0
482	33	0
482	34	0
482	35	1
482	36	0
482	37	0
482	38	0
482	39	1
482	40	1
483	1	1
483	2	1
483	3	1
483	4	0
483	5	1
483	6	1
483	7	1
483	8	0
483	9	1
483	10	1
483	11	0
483	12	1
483	13	1
483	14	1
483	15	1
483	16	1
483	17	1
483	18	1
483	19	0
483	20	0
483	21	1
483	22	1
483	23	1
483	24	0
483	25	1
483	26	1
483	27	0
483	28	1
483	29	1
483	30	1
483	31	0
483	32	0
483	33	1
483	34	1
483	35	0
483	36	1
483	37	1
483	38	1
483	39	1
483	40	1
484	1	1
484	2	1
484	3	1
484	4	0
484	5	1
484	6	1
484	7	1
484	8	0
484	9	1
484	10	1
484	11	0
484	12	1
484	13	1
484	14	1
484	15	1
484	16	1
484	17	1
484	18	1
484	19	0
484	20	0
484	21	1
484	22	1
484	23	1
484	24	0
484	25	1
484	26	1
484	27	0
484	28	1
484	29	1
484	30	1
484	31	0
484	32	0
484	33	1
484	34	1
484	35	0
484	36	1
484	37	1
484	38	1
484	39	1
484	40	1
485	1	0
485	2	1
485	3	1
485	4	1
485	5	1
485	6	1
485	7	1
485	8	1
485	9	0
485	10	1
485	11	1
485	12	1
485	13	1
485	14	1
485	15	1
485	16	0
485	17	1
485	18	1
485	19	1
485	20	1
485	21	1
485	22	1
485	23	1
485	24	1
485	25	1
485	26	0
485	27	1
485	28	1
485	29	1
485	30	1
485	31	1
485	32	1
485	33	1
485	34	1
485	35	1
485	36	1
485	37	1
485	38	1
485	39	0
485	40	1
486	1	1
486	2	1
486	3	0
486	4	1
486	5	1
486	6	1
486	7	1
486	8	1
486	9	1
486	10	1
486	11	1
486	12	1
486	13	1
486	14	1
486	15	1
486	16	1
486	17	1
486	18	1
486	19	1
486	20	1
486	21	0
486	22	1
486	23	1
486	24	1
486	25	1
486	26	1
486	27	1
486	28	1
486	29	1
486	30	1
486	31	1
486	32	1
486	33	1
486	34	0
486	35	1
486	36	0
486	37	1
486	38	1
486	39	1
486	40	1
487	1	1
487	2	0
487	3	0
487	4	0
487	5	0
487	6	1
487	7	0
487	8	1
487	9	1
487	10	1
487	11	1
487	12	0
487	13	0
487	14	0
487	15	0
487	16	1
487	17	0
487	18	1
487	19	1
487	20	1
487	21	0
487	22	0
487	23	0
487	24	1
487	25	0
487	26	1
487	27	1
487	28	1
487	29	0
487	30	0
487	31	0
487	32	1
487	33	1
487	34	0
487	35	0
487	36	0
487	37	0
487	38	0
487	39	1
487	40	0
488	1	1
488	2	1
488	3	0
488	4	0
488	5	0
488	6	0
488	7	0
488	8	1
488	9	1
488	10	0
488	11	0
488	12	0
488	13	0
488	14	0
488	15	1
488	16	0
488	17	1
488	18	0
488	19	1
488	20	1
488	21	1
488	22	0
488	23	0
488	24	1
488	25	1
488	26	1
488	27	0
488	28	0
488	29	0
488	30	1
488	31	0
488	32	1
488	33	0
488	34	0
488	35	1
488	36	0
488	37	0
488	38	0
488	39	1
488	40	1
489	1	1
489	2	0
489	3	0
489	4	1
489	5	0
489	6	1
489	7	1
489	8	1
489	9	1
489	10	1
489	11	1
489	12	0
489	13	0
489	14	1
489	15	0
489	16	1
489	17	0
489	18	1
489	19	1
489	20	1
489	21	0
489	22	0
489	23	0
489	24	1
489	25	0
489	26	1
489	27	1
489	28	1
489	29	1
489	30	0
489	31	1
489	32	1
489	33	1
489	34	0
489	35	1
489	36	0
489	37	0
489	38	1
489	39	1
489	40	0
490	1	1
490	2	1
490	3	0
490	4	1
490	5	0
490	6	0
490	7	0
490	8	0
490	9	1
490	10	0
490	11	1
490	12	1
490	13	1
490	14	0
490	15	1
490	16	1
490	17	0
490	18	0
490	19	1
490	20	1
490	21	1
490	22	1
490	23	1
490	24	1
490	25	1
490	26	1
490	27	0
490	28	0
490	29	0
490	30	0
490	31	1
490	32	1
490	33	0
490	34	0
490	35	1
490	36	0
490	37	1
490	38	0
490	39	1
490	40	1
491	1	1
491	2	0
491	3	0
491	4	1
491	5	0
491	6	1
491	7	1
491	8	1
491	9	1
491	10	1
491	11	1
491	12	0
491	13	0
491	14	1
491	15	0
491	16	1
491	17	0
491	18	1
491	19	1
491	20	1
491	21	0
491	22	0
491	23	0
491	24	1
491	25	0
491	26	1
491	27	1
491	28	1
491	29	1
491	30	0
491	31	1
491	32	1
491	33	1
491	34	0
491	35	1
491	36	0
491	37	0
491	38	1
491	39	1
491	40	0
492	1	1
492	2	1
492	3	0
492	4	1
492	5	1
492	6	0
492	7	0
492	8	1
492	9	1
492	10	0
492	11	1
492	12	1
492	13	1
492	14	0
492	15	1
492	16	1
492	17	1
492	18	0
492	19	1
492	20	1
492	21	1
492	22	1
492	23	1
492	24	1
492	25	1
492	26	1
492	27	1
492	28	0
492	29	0
492	30	1
492	31	1
492	32	1
492	33	0
492	34	0
492	35	1
492	36	0
492	37	1
492	38	0
492	39	1
492	40	1
493	1	1
493	2	1
493	3	0
493	4	1
493	5	1
493	6	0
493	7	0
493	8	1
493	9	1
493	10	0
493	11	1
493	12	1
493	13	1
493	14	0
493	15	1
493	16	1
493	17	1
493	18	0
493	19	1
493	20	1
493	21	1
493	22	1
493	23	1
493	24	1
493	25	1
493	26	1
493	27	1
493	28	0
493	29	0
493	30	1
493	31	1
493	32	1
493	33	0
493	34	0
493	35	1
493	36	0
493	37	1
493	38	0
493	39	1
493	40	1
494	1	1
494	2	1
494	3	1
494	4	1
494	5	1
494	6	0
494	7	0
494	8	1
494	9	1
494	10	0
494	11	1
494	12	1
494	13	1
494	14	0
494	15	1
494	16	1
494	17	1
494	18	0
494	19	1
494	20	1
494	21	0
494	22	1
494	23	1
494	24	1
494	25	1
494	26	1
494	27	1
494	28	0
494	29	0
494	30	1
494	31	1
494	32	1
494	33	0
494	34	1
494	35	1
494	36	1
494	37	1
494	38	0
494	39	1
494	40	1
495	1	0
495	2	0
495	3	1
495	4	1
495	5	0
495	6	0
495	7	0
495	8	1
495	9	0
495	10	0
495	11	1
495	12	0
495	13	0
495	14	0
495	15	0
495	16	0
495	17	0
495	18	0
495	19	1
495	20	1
495	21	1
495	22	0
495	23	0
495	24	1
495	25	0
495	26	0
495	27	1
495	28	0
495	29	0
495	30	0
495	31	1
495	32	1
495	33	0
495	34	1
495	35	1
495	36	1
495	37	0
495	38	0
495	39	0
495	40	0
496	1	0
496	2	0
496	3	0
496	4	0
496	5	0
496	6	1
496	7	0
496	8	1
496	9	0
496	10	1
496	11	1
496	12	1
496	13	0
496	14	0
496	15	0
496	16	0
496	17	1
496	18	1
496	19	1
496	20	1
496	21	0
496	22	0
496	23	1
496	24	1
496	25	0
496	26	0
496	27	1
496	28	1
496	29	0
496	30	1
496	31	0
496	32	1
496	33	1
496	34	1
496	35	0
496	36	1
496	37	1
496	38	0
496	39	0
496	40	1
497	1	1
497	2	1
497	3	0
497	4	1
497	5	1
497	6	0
497	7	0
497	8	1
497	9	1
497	10	0
497	11	1
497	12	1
497	13	1
497	14	0
497	15	1
497	16	1
497	17	1
497	18	0
497	19	1
497	20	1
497	21	1
497	22	1
497	23	1
497	24	1
497	25	1
497	26	1
497	27	1
497	28	0
497	29	0
497	30	1
497	31	1
497	32	1
497	33	0
497	34	0
497	35	1
497	36	0
497	37	1
497	38	0
497	39	1
497	40	1
498	1	1
498	2	0
498	3	0
498	4	1
498	5	0
498	6	1
498	7	1
498	8	1
498	9	1
498	10	1
498	11	1
498	12	0
498	13	0
498	14	1
498	15	0
498	16	1
498	17	0
498	18	1
498	19	1
498	20	1
498	21	0
498	22	0
498	23	0
498	24	1
498	25	0
498	26	1
498	27	1
498	28	1
498	29	1
498	30	0
498	31	1
498	32	1
498	33	1
498	34	0
498	35	1
498	36	0
498	37	0
498	38	1
498	39	1
498	40	0
499	1	1
499	2	1
499	3	0
499	4	1
499	5	1
499	6	0
499	7	0
499	8	1
499	9	1
499	10	0
499	11	1
499	12	1
499	13	1
499	14	0
499	15	1
499	16	1
499	17	1
499	18	0
499	19	1
499	20	1
499	21	1
499	22	1
499	23	1
499	24	1
499	25	1
499	26	1
499	27	1
499	28	0
499	29	0
499	30	1
499	31	1
499	32	1
499	33	0
499	34	0
499	35	1
499	36	0
499	37	1
499	38	0
499	39	1
499	40	1
500	1	1
500	2	1
500	3	0
500	4	1
500	5	1
500	6	1
500	7	1
500	8	1
500	9	1
500	10	1
500	11	1
500	12	1
500	13	1
500	14	1
500	15	1
500	16	1
500	17	1
500	18	1
500	19	1
500	20	1
500	21	0
500	22	1
500	23	1
500	24	1
500	25	1
500	26	1
500	27	1
500	28	1
500	29	1
500	30	1
500	31	1
500	32	1
500	33	1
500	34	0
500	35	1
500	36	0
500	37	1
500	38	1
500	39	1
500	40	1
501	1	0
501	2	1
501	3	1
501	4	1
501	5	1
501	6	1
501	7	1
501	8	1
501	9	0
501	10	1
501	11	1
501	12	1
501	13	1
501	14	1
501	15	1
501	16	0
501	17	1
501	18	1
501	19	1
501	20	1
501	21	1
501	22	1
501	23	1
501	24	1
501	25	1
501	26	0
501	27	1
501	28	1
501	29	1
501	30	1
501	31	1
501	32	1
501	33	1
501	34	1
501	35	1
501	36	1
501	37	1
501	38	1
501	39	0
501	40	1
502	1	0
502	2	0
502	3	1
502	4	1
502	5	0
502	6	0
502	7	0
502	8	1
502	9	0
502	10	0
502	11	1
502	12	0
502	13	0
502	14	0
502	15	0
502	16	0
502	17	0
502	18	0
502	19	1
502	20	1
502	21	1
502	22	0
502	23	0
502	24	1
502	25	0
502	26	0
502	27	1
502	28	0
502	29	0
502	30	0
502	31	1
502	32	1
502	33	0
502	34	1
502	35	1
502	36	1
502	37	0
502	38	0
502	39	0
502	40	0
503	1	1
503	2	0
503	3	0
503	4	0
503	5	0
503	6	0
503	7	0
503	8	0
503	9	1
503	10	1
503	11	1
503	12	1
503	13	0
503	14	0
503	15	0
503	16	1
503	17	0
503	18	1
503	19	1
503	20	1
503	21	0
503	22	0
503	23	1
503	24	1
503	25	0
503	26	1
503	27	0
503	28	1
503	29	0
503	30	0
503	31	0
503	32	1
503	33	0
503	34	0
503	35	0
503	36	0
503	37	1
503	38	0
503	39	1
503	40	1
504	1	1
504	2	1
504	3	0
504	4	1
504	5	1
504	6	0
504	7	0
504	8	1
504	9	1
504	10	0
504	11	1
504	12	1
504	13	1
504	14	0
504	15	1
504	16	1
504	17	1
504	18	0
504	19	1
504	20	1
504	21	1
504	22	1
504	23	1
504	24	1
504	25	1
504	26	1
504	27	1
504	28	0
504	29	0
504	30	1
504	31	1
504	32	1
504	33	0
504	34	0
504	35	1
504	36	0
504	37	1
504	38	0
504	39	1
504	40	1
505	1	1
505	2	1
505	3	0
505	4	1
505	5	1
505	6	1
505	7	1
505	8	1
505	9	1
505	10	1
505	11	1
505	12	1
505	13	1
505	14	1
505	15	1
505	16	1
505	17	1
505	18	1
505	19	1
505	20	1
505	21	0
505	22	1
505	23	1
505	24	1
505	25	1
505	26	1
505	27	1
505	28	1
505	29	1
505	30	1
505	31	1
505	32	1
505	33	1
505	34	0
505	35	1
505	36	0
505	37	1
505	38	1
505	39	1
505	40	1
506	1	0
506	2	0
506	3	1
506	4	1
506	5	0
506	6	0
506	7	0
506	8	1
506	9	0
506	10	0
506	11	1
506	12	0
506	13	0
506	14	0
506	15	0
506	16	0
506	17	0
506	18	0
506	19	1
506	20	1
506	21	1
506	22	0
506	23	0
506	24	1
506	25	0
506	26	0
506	27	1
506	28	0
506	29	0
506	30	0
506	31	1
506	32	1
506	33	0
506	34	1
506	35	1
506	36	1
506	37	0
506	38	0
506	39	0
506	40	0
507	1	1
507	2	1
507	3	0
507	4	1
507	5	1
507	6	1
507	7	1
507	8	1
507	9	1
507	10	1
507	11	1
507	12	1
507	13	1
507	14	1
507	15	1
507	16	1
507	17	1
507	18	1
507	19	1
507	20	1
507	21	0
507	22	1
507	23	1
507	24	1
507	25	1
507	26	1
507	27	1
507	28	1
507	29	1
507	30	1
507	31	1
507	32	1
507	33	1
507	34	0
507	35	1
507	36	0
507	37	1
507	38	1
507	39	1
507	40	1
508	1	1
508	2	1
508	3	1
508	4	0
508	5	1
508	6	1
508	7	1
508	8	0
508	9	1
508	10	1
508	11	0
508	12	1
508	13	1
508	14	1
508	15	1
508	16	1
508	17	1
508	18	1
508	19	0
508	20	0
508	21	1
508	22	1
508	23	1
508	24	0
508	25	1
508	26	1
508	27	0
508	28	1
508	29	1
508	30	1
508	31	0
508	32	0
508	33	1
508	34	1
508	35	0
508	36	1
508	37	1
508	38	1
508	39	1
508	40	1
509	1	1
509	2	1
509	3	0
509	4	1
509	5	1
509	6	0
509	7	0
509	8	1
509	9	1
509	10	0
509	11	1
509	12	1
509	13	1
509	14	0
509	15	1
509	16	1
509	17	1
509	18	0
509	19	1
509	20	1
509	21	1
509	22	1
509	23	1
509	24	1
509	25	1
509	26	1
509	27	1
509	28	0
509	29	0
509	30	1
509	31	1
509	32	1
509	33	0
509	34	0
509	35	1
509	36	0
509	37	1
509	38	0
509	39	1
509	40	1
510	1	1
510	2	1
510	3	0
510	4	0
510	5	0
510	6	0
510	7	0
510	8	0
510	9	1
510	10	1
510	11	0
510	12	0
510	13	0
510	14	1
510	15	1
510	16	0
510	17	1
510	18	0
510	19	0
510	20	0
510	21	0
510	22	0
510	23	0
510	24	0
510	25	0
510	26	0
510	27	0
510	28	1
510	29	0
510	30	1
510	31	0
510	32	0
510	33	1
510	34	0
510	35	0
510	36	1
510	37	0
510	38	1
510	39	0
510	40	0
511	1	1
511	2	1
511	3	0
511	4	1
511	5	1
511	6	0
511	7	0
511	8	1
511	9	1
511	10	0
511	11	1
511	12	1
511	13	1
511	14	0
511	15	1
511	16	1
511	17	1
511	18	0
511	19	1
511	20	1
511	21	1
511	22	1
511	23	1
511	24	1
511	25	1
511	26	1
511	27	1
511	28	0
511	29	0
511	30	1
511	31	1
511	32	1
511	33	0
511	34	0
511	35	1
511	36	0
511	37	1
511	38	0
511	39	1
511	40	1
512	1	0
512	2	1
512	3	1
512	4	1
512	5	1
512	6	1
512	7	1
512	8	1
512	9	0
512	10	1
512	11	1
512	12	1
512	13	1
512	14	1
512	15	1
512	16	0
512	17	1
512	18	1
512	19	1
512	20	1
512	21	1
512	22	1
512	23	1
512	24	1
512	25	1
512	26	0
512	27	1
512	28	1
512	29	1
512	30	1
512	31	1
512	32	1
512	33	1
512	34	1
512	35	1
512	36	1
512	37	1
512	38	1
512	39	0
512	40	1
513	1	1
513	2	1
513	3	0
513	4	1
513	5	1
513	6	0
513	7	0
513	8	1
513	9	1
513	10	0
513	11	1
513	12	1
513	13	1
513	14	0
513	15	1
513	16	1
513	17	1
513	18	0
513	19	1
513	20	1
513	21	1
513	22	1
513	23	1
513	24	1
513	25	1
513	26	1
513	27	1
513	28	0
513	29	0
513	30	1
513	31	1
513	32	1
513	33	0
513	34	0
513	35	1
513	36	0
513	37	1
513	38	0
513	39	1
513	40	1
514	1	1
514	2	1
514	3	0
514	4	0
514	5	1
514	6	1
514	7	1
514	8	0
514	9	0
514	10	1
514	11	0
514	12	1
514	13	0
514	14	1
514	15	0
514	16	1
514	17	1
514	18	1
514	19	0
514	20	0
514	21	1
514	22	1
514	23	0
514	24	0
514	25	1
514	26	1
514	27	0
514	28	0
514	29	0
514	30	1
514	31	0
514	32	0
514	33	1
514	34	1
514	35	0
514	36	1
514	37	0
514	38	1
514	39	1
514	40	1
515	1	1
515	2	1
515	3	1
515	4	1
515	5	1
515	6	0
515	7	0
515	8	1
515	9	1
515	10	0
515	11	1
515	12	1
515	13	1
515	14	0
515	15	1
515	16	1
515	17	1
515	18	0
515	19	1
515	20	1
515	21	0
515	22	1
515	23	1
515	24	1
515	25	1
515	26	1
515	27	1
515	28	0
515	29	0
515	30	1
515	31	1
515	32	1
515	33	0
515	34	1
515	35	1
515	36	1
515	37	1
515	38	0
515	39	1
515	40	1
516	1	1
516	2	1
516	3	0
516	4	1
516	5	0
516	6	0
516	7	0
516	8	0
516	9	1
516	10	0
516	11	1
516	12	1
516	13	1
516	14	0
516	15	1
516	16	1
516	17	0
516	18	0
516	19	1
516	20	1
516	21	1
516	22	1
516	23	1
516	24	1
516	25	1
516	26	1
516	27	0
516	28	0
516	29	0
516	30	0
516	31	1
516	32	1
516	33	0
516	34	0
516	35	1
516	36	0
516	37	1
516	38	0
516	39	1
516	40	1
517	1	1
517	2	0
517	3	0
517	4	1
517	5	0
517	6	1
517	7	1
517	8	1
517	9	1
517	10	1
517	11	1
517	12	0
517	13	0
517	14	1
517	15	0
517	16	1
517	17	0
517	18	1
517	19	1
517	20	1
517	21	0
517	22	0
517	23	0
517	24	1
517	25	0
517	26	1
517	27	1
517	28	1
517	29	1
517	30	0
517	31	1
517	32	1
517	33	1
517	34	0
517	35	1
517	36	0
517	37	0
517	38	1
517	39	1
517	40	0
518	1	1
518	2	1
518	3	0
518	4	1
518	5	1
518	6	1
518	7	1
518	8	1
518	9	1
518	10	1
518	11	1
518	12	1
518	13	1
518	14	1
518	15	1
518	16	1
518	17	1
518	18	1
518	19	1
518	20	1
518	21	0
518	22	1
518	23	1
518	24	1
518	25	1
518	26	1
518	27	1
518	28	1
518	29	1
518	30	1
518	31	1
518	32	1
518	33	1
518	34	0
518	35	1
518	36	0
518	37	1
518	38	1
518	39	1
518	40	1
519	1	1
519	2	1
519	3	1
519	4	0
519	5	1
519	6	1
519	7	1
519	8	0
519	9	1
519	10	1
519	11	0
519	12	1
519	13	1
519	14	1
519	15	1
519	16	1
519	17	1
519	18	1
519	19	0
519	20	0
519	21	1
519	22	1
519	23	1
519	24	0
519	25	1
519	26	1
519	27	0
519	28	1
519	29	1
519	30	1
519	31	0
519	32	0
519	33	1
519	34	1
519	35	0
519	36	1
519	37	1
519	38	1
519	39	1
519	40	1
520	1	1
520	2	1
520	3	1
520	4	0
520	5	1
520	6	1
520	7	1
520	8	0
520	9	1
520	10	1
520	11	0
520	12	1
520	13	1
520	14	1
520	15	1
520	16	1
520	17	1
520	18	1
520	19	0
520	20	0
520	21	1
520	22	1
520	23	1
520	24	0
520	25	1
520	26	1
520	27	0
520	28	1
520	29	1
520	30	1
520	31	0
520	32	0
520	33	1
520	34	1
520	35	0
520	36	1
520	37	1
520	38	1
520	39	1
520	40	1
521	1	1
521	2	1
521	3	0
521	4	1
521	5	1
521	6	0
521	7	0
521	8	1
521	9	1
521	10	0
521	11	1
521	12	1
521	13	1
521	14	0
521	15	1
521	16	1
521	17	1
521	18	0
521	19	1
521	20	1
521	21	1
521	22	1
521	23	1
521	24	1
521	25	1
521	26	1
521	27	1
521	28	0
521	29	0
521	30	1
521	31	1
521	32	1
521	33	0
521	34	0
521	35	1
521	36	0
521	37	1
521	38	0
521	39	1
521	40	1
522	1	1
522	2	1
522	3	0
522	4	0
522	5	0
522	6	1
522	7	1
522	8	1
522	9	1
522	10	1
522	11	0
522	12	0
522	13	0
522	14	1
522	15	1
522	16	0
522	17	1
522	18	1
522	19	1
522	20	1
522	21	0
522	22	0
522	23	0
522	24	1
522	25	1
522	26	1
522	27	0
522	28	1
522	29	0
522	30	1
522	31	0
522	32	1
522	33	1
522	34	0
522	35	1
522	36	0
522	37	0
522	38	1
522	39	1
522	40	1
523	1	1
523	2	1
523	3	0
523	4	1
523	5	1
523	6	1
523	7	1
523	8	1
523	9	1
523	10	1
523	11	1
523	12	1
523	13	1
523	14	1
523	15	1
523	16	1
523	17	1
523	18	1
523	19	1
523	20	1
523	21	0
523	22	1
523	23	1
523	24	1
523	25	1
523	26	1
523	27	1
523	28	1
523	29	1
523	30	1
523	31	1
523	32	1
523	33	1
523	34	0
523	35	1
523	36	0
523	37	1
523	38	1
523	39	1
523	40	1
524	1	1
524	2	1
524	3	0
524	4	1
524	5	1
524	6	0
524	7	0
524	8	1
524	9	1
524	10	0
524	11	1
524	12	1
524	13	1
524	14	0
524	15	1
524	16	1
524	17	1
524	18	0
524	19	1
524	20	1
524	21	1
524	22	1
524	23	1
524	24	1
524	25	1
524	26	1
524	27	1
524	28	0
524	29	0
524	30	1
524	31	1
524	32	1
524	33	0
524	34	0
524	35	1
524	36	0
524	37	1
524	38	0
524	39	1
524	40	1
525	1	1
525	2	1
525	3	0
525	4	0
525	5	1
525	6	0
525	7	0
525	8	0
525	9	1
525	10	1
525	11	0
525	12	1
525	13	1
525	14	1
525	15	1
525	16	1
525	17	1
525	18	0
525	19	1
525	20	1
525	21	0
525	22	1
525	23	0
525	24	1
525	25	0
525	26	0
525	27	0
525	28	1
525	29	1
525	30	1
525	31	0
525	32	1
525	33	1
525	34	0
525	35	0
525	36	0
525	37	1
525	38	1
525	39	0
525	40	0
526	1	1
526	2	1
526	3	0
526	4	1
526	5	1
526	6	1
526	7	1
526	8	1
526	9	1
526	10	1
526	11	1
526	12	1
526	13	1
526	14	1
526	15	1
526	16	1
526	17	1
526	18	1
526	19	1
526	20	1
526	21	0
526	22	1
526	23	1
526	24	1
526	25	1
526	26	1
526	27	1
526	28	1
526	29	1
526	30	1
526	31	1
526	32	1
526	33	1
526	34	0
526	35	1
526	36	0
526	37	1
526	38	1
526	39	1
526	40	1
527	1	1
527	2	1
527	3	1
527	4	1
527	5	1
527	6	0
527	7	0
527	8	1
527	9	1
527	10	0
527	11	1
527	12	1
527	13	1
527	14	0
527	15	1
527	16	1
527	17	1
527	18	0
527	19	1
527	20	1
527	21	0
527	22	1
527	23	1
527	24	1
527	25	1
527	26	1
527	27	1
527	28	0
527	29	0
527	30	1
527	31	1
527	32	1
527	33	0
527	34	1
527	35	1
527	36	1
527	37	1
527	38	0
527	39	1
527	40	1
528	1	1
528	2	1
528	3	0
528	4	1
528	5	0
528	6	0
528	7	0
528	8	0
528	9	1
528	10	0
528	11	1
528	12	1
528	13	1
528	14	0
528	15	1
528	16	1
528	17	0
528	18	0
528	19	1
528	20	1
528	21	1
528	22	1
528	23	1
528	24	1
528	25	1
528	26	1
528	27	0
528	28	0
528	29	0
528	30	0
528	31	1
528	32	1
528	33	0
528	34	0
528	35	1
528	36	0
528	37	1
528	38	0
528	39	1
528	40	1
529	1	1
529	2	0
529	3	0
529	4	1
529	5	0
529	6	1
529	7	1
529	8	1
529	9	1
529	10	1
529	11	1
529	12	0
529	13	0
529	14	1
529	15	0
529	16	1
529	17	0
529	18	1
529	19	1
529	20	1
529	21	0
529	22	0
529	23	0
529	24	1
529	25	0
529	26	1
529	27	1
529	28	1
529	29	1
529	30	0
529	31	1
529	32	1
529	33	1
529	34	0
529	35	1
529	36	0
529	37	0
529	38	1
529	39	1
529	40	0
530	1	1
530	2	1
530	3	0
530	4	1
530	5	1
530	6	0
530	7	0
530	8	1
530	9	1
530	10	0
530	11	1
530	12	1
530	13	1
530	14	0
530	15	1
530	16	1
530	17	1
530	18	0
530	19	1
530	20	1
530	21	1
530	22	1
530	23	1
530	24	1
530	25	1
530	26	1
530	27	1
530	28	0
530	29	0
530	30	1
530	31	1
530	32	1
530	33	0
530	34	0
530	35	1
530	36	0
530	37	1
530	38	0
530	39	1
530	40	1
531	1	1
531	2	1
531	3	0
531	4	1
531	5	1
531	6	0
531	7	0
531	8	1
531	9	1
531	10	0
531	11	1
531	12	1
531	13	1
531	14	0
531	15	1
531	16	1
531	17	1
531	18	0
531	19	1
531	20	1
531	21	1
531	22	1
531	23	1
531	24	1
531	25	1
531	26	1
531	27	1
531	28	0
531	29	0
531	30	1
531	31	1
531	32	1
531	33	0
531	34	0
531	35	1
531	36	0
531	37	1
531	38	0
531	39	1
531	40	1
532	1	1
532	2	1
532	3	1
532	4	0
532	5	1
532	6	1
532	7	1
532	8	0
532	9	1
532	10	1
532	11	0
532	12	1
532	13	1
532	14	1
532	15	1
532	16	1
532	17	1
532	18	1
532	19	0
532	20	0
532	21	1
532	22	1
532	23	1
532	24	0
532	25	1
532	26	1
532	27	0
532	28	1
532	29	1
532	30	1
532	31	0
532	32	0
532	33	1
532	34	1
532	35	0
532	36	1
532	37	1
532	38	1
532	39	1
532	40	1
533	1	0
533	2	0
533	3	1
533	4	0
533	5	0
533	6	0
533	7	0
533	8	1
533	9	0
533	10	0
533	11	0
533	12	0
533	13	0
533	14	0
533	15	0
533	16	0
533	17	0
533	18	0
533	19	1
533	20	1
533	21	1
533	22	0
533	23	0
533	24	1
533	25	0
533	26	0
533	27	0
533	28	0
533	29	0
533	30	0
533	31	0
533	32	1
533	33	0
533	34	0
533	35	1
533	36	1
533	37	0
533	38	0
533	39	0
533	40	0
534	1	1
534	2	1
534	3	0
534	4	1
534	5	1
534	6	0
534	7	0
534	8	1
534	9	1
534	10	0
534	11	1
534	12	1
534	13	1
534	14	0
534	15	1
534	16	1
534	17	1
534	18	0
534	19	1
534	20	1
534	21	1
534	22	1
534	23	1
534	24	1
534	25	1
534	26	1
534	27	1
534	28	0
534	29	0
534	30	1
534	31	1
534	32	1
534	33	0
534	34	0
534	35	1
534	36	0
534	37	1
534	38	0
534	39	1
534	40	1
535	1	1
535	2	1
535	3	1
535	4	1
535	5	1
535	6	0
535	7	0
535	8	1
535	9	1
535	10	0
535	11	1
535	12	1
535	13	1
535	14	0
535	15	1
535	16	1
535	17	1
535	18	0
535	19	1
535	20	1
535	21	0
535	22	1
535	23	1
535	24	1
535	25	1
535	26	1
535	27	1
535	28	0
535	29	0
535	30	1
535	31	1
535	32	1
535	33	0
535	34	1
535	35	1
535	36	1
535	37	1
535	38	0
535	39	1
535	40	1
536	1	1
536	2	1
536	3	0
536	4	0
536	5	1
536	6	0
536	7	0
536	8	0
536	9	1
536	10	1
536	11	0
536	12	1
536	13	1
536	14	1
536	15	1
536	16	1
536	17	1
536	18	0
536	19	1
536	20	1
536	21	0
536	22	1
536	23	0
536	24	1
536	25	0
536	26	0
536	27	0
536	28	1
536	29	1
536	30	1
536	31	0
536	32	1
536	33	1
536	34	0
536	35	0
536	36	0
536	37	1
536	38	1
536	39	0
536	40	0
537	1	1
537	2	1
537	3	1
537	4	1
537	5	1
537	6	0
537	7	0
537	8	1
537	9	1
537	10	0
537	11	1
537	12	1
537	13	1
537	14	0
537	15	1
537	16	1
537	17	1
537	18	0
537	19	1
537	20	1
537	21	0
537	22	1
537	23	1
537	24	1
537	25	1
537	26	1
537	27	1
537	28	0
537	29	0
537	30	1
537	31	1
537	32	1
537	33	0
537	34	1
537	35	1
537	36	1
537	37	1
537	38	0
537	39	1
537	40	1
538	1	0
538	2	1
538	3	1
538	4	1
538	5	1
538	6	1
538	7	1
538	8	1
538	9	0
538	10	1
538	11	1
538	12	1
538	13	1
538	14	1
538	15	1
538	16	0
538	17	1
538	18	1
538	19	1
538	20	1
538	21	1
538	22	1
538	23	1
538	24	1
538	25	1
538	26	0
538	27	1
538	28	1
538	29	1
538	30	1
538	31	1
538	32	1
538	33	1
538	34	1
538	35	1
538	36	1
538	37	1
538	38	1
538	39	0
538	40	1
539	1	1
539	2	1
539	3	0
539	4	1
539	5	1
539	6	1
539	7	1
539	8	1
539	9	1
539	10	1
539	11	1
539	12	1
539	13	1
539	14	1
539	15	1
539	16	1
539	17	1
539	18	1
539	19	1
539	20	1
539	21	0
539	22	1
539	23	1
539	24	1
539	25	1
539	26	1
539	27	1
539	28	1
539	29	1
539	30	1
539	31	1
539	32	1
539	33	1
539	34	0
539	35	1
539	36	0
539	37	1
539	38	1
539	39	1
539	40	1
540	1	0
540	2	0
540	3	0
540	4	0
540	5	0
540	6	0
540	7	0
540	8	0
540	9	0
540	10	0
540	11	0
540	12	0
540	13	0
540	14	0
540	15	0
540	16	0
540	17	0
540	18	0
540	19	1
540	20	1
540	21	0
540	22	0
540	23	0
540	24	1
540	25	0
540	26	0
540	27	0
540	28	0
540	29	0
540	30	0
540	31	0
540	32	1
540	33	0
540	34	1
540	35	0
540	36	1
540	37	0
540	38	0
540	39	0
540	40	0
541	1	1
541	2	1
541	3	1
541	4	0
541	5	1
541	6	1
541	7	1
541	8	0
541	9	1
541	10	1
541	11	0
541	12	1
541	13	1
541	14	1
541	15	1
541	16	1
541	17	1
541	18	1
541	19	0
541	20	0
541	21	1
541	22	1
541	23	1
541	24	0
541	25	1
541	26	1
541	27	0
541	28	1
541	29	1
541	30	1
541	31	0
541	32	0
541	33	1
541	34	1
541	35	0
541	36	1
541	37	1
541	38	1
541	39	1
541	40	1
542	1	0
542	2	0
542	3	1
542	4	1
542	5	0
542	6	0
542	7	0
542	8	1
542	9	0
542	10	0
542	11	1
542	12	0
542	13	0
542	14	0
542	15	0
542	16	0
542	17	0
542	18	0
542	19	1
542	20	1
542	21	1
542	22	0
542	23	0
542	24	1
542	25	0
542	26	0
542	27	1
542	28	0
542	29	0
542	30	0
542	31	1
542	32	1
542	33	0
542	34	1
542	35	1
542	36	1
542	37	0
542	38	0
542	39	0
542	40	0
543	1	0
543	2	0
543	3	1
543	4	1
543	5	0
543	6	0
543	7	0
543	8	1
543	9	0
543	10	0
543	11	1
543	12	0
543	13	0
543	14	0
543	15	0
543	16	0
543	17	0
543	18	0
543	19	1
543	20	1
543	21	1
543	22	0
543	23	0
543	24	1
543	25	0
543	26	0
543	27	1
543	28	0
543	29	0
543	30	0
543	31	1
543	32	1
543	33	0
543	34	1
543	35	1
543	36	1
543	37	0
543	38	0
543	39	0
543	40	0
544	1	1
544	2	1
544	3	0
544	4	1
544	5	1
544	6	1
544	7	1
544	8	1
544	9	1
544	10	1
544	11	1
544	12	1
544	13	1
544	14	1
544	15	1
544	16	1
544	17	1
544	18	1
544	19	1
544	20	1
544	21	0
544	22	1
544	23	1
544	24	1
544	25	1
544	26	1
544	27	1
544	28	1
544	29	1
544	30	1
544	31	1
544	32	1
544	33	1
544	34	0
544	35	1
544	36	0
544	37	1
544	38	1
544	39	1
544	40	1
545	1	1
545	2	0
545	3	0
545	4	1
545	5	0
545	6	1
545	7	1
545	8	1
545	9	1
545	10	1
545	11	1
545	12	0
545	13	0
545	14	1
545	15	0
545	16	1
545	17	0
545	18	1
545	19	1
545	20	1
545	21	0
545	22	0
545	23	0
545	24	1
545	25	0
545	26	1
545	27	1
545	28	1
545	29	1
545	30	0
545	31	1
545	32	1
545	33	1
545	34	0
545	35	1
545	36	0
545	37	0
545	38	1
545	39	1
545	40	0
546	1	1
546	2	1
546	3	0
546	4	0
546	5	0
546	6	1
546	7	1
546	8	1
546	9	1
546	10	1
546	11	0
546	12	0
546	13	0
546	14	1
546	15	1
546	16	0
546	17	1
546	18	1
546	19	1
546	20	1
546	21	0
546	22	0
546	23	0
546	24	1
546	25	1
546	26	1
546	27	0
546	28	1
546	29	0
546	30	1
546	31	0
546	32	1
546	33	1
546	34	0
546	35	1
546	36	0
546	37	0
546	38	1
546	39	1
546	40	1
547	1	1
547	2	1
547	3	0
547	4	1
547	5	1
547	6	1
547	7	1
547	8	1
547	9	0
547	10	1
547	11	0
547	12	1
547	13	0
547	14	1
547	15	0
547	16	1
547	17	1
547	18	1
547	19	1
547	20	0
547	21	0
547	22	1
547	23	0
547	24	1
547	25	1
547	26	1
547	27	1
547	28	0
547	29	0
547	30	1
547	31	1
547	32	0
547	33	1
547	34	0
547	35	1
547	36	0
547	37	0
547	38	1
547	39	1
547	40	1
548	1	1
548	2	1
548	3	0
548	4	1
548	5	1
548	6	0
548	7	0
548	8	1
548	9	1
548	10	0
548	11	1
548	12	1
548	13	1
548	14	0
548	15	1
548	16	1
548	17	1
548	18	0
548	19	1
548	20	1
548	21	1
548	22	1
548	23	1
548	24	1
548	25	1
548	26	1
548	27	1
548	28	0
548	29	0
548	30	1
548	31	1
548	32	1
548	33	0
548	34	0
548	35	1
548	36	0
548	37	1
548	38	0
548	39	1
548	40	1
549	1	0
549	2	1
549	3	1
549	4	1
549	5	1
549	6	1
549	7	1
549	8	1
549	9	0
549	10	1
549	11	1
549	12	1
549	13	1
549	14	1
549	15	1
549	16	0
549	17	1
549	18	1
549	19	1
549	20	1
549	21	1
549	22	1
549	23	1
549	24	1
549	25	1
549	26	0
549	27	1
549	28	1
549	29	1
549	30	1
549	31	1
549	32	1
549	33	1
549	34	1
549	35	1
549	36	1
549	37	1
549	38	1
549	39	0
549	40	1
550	1	1
550	2	1
550	3	1
550	4	1
550	5	1
550	6	0
550	7	0
550	8	1
550	9	1
550	10	0
550	11	1
550	12	1
550	13	1
550	14	0
550	15	1
550	16	1
550	17	1
550	18	0
550	19	1
550	20	1
550	21	0
550	22	1
550	23	1
550	24	1
550	25	1
550	26	1
550	27	1
550	28	0
550	29	0
550	30	1
550	31	1
550	32	1
550	33	0
550	34	1
550	35	1
550	36	1
550	37	1
550	38	0
550	39	1
550	40	1
551	1	0
551	2	1
551	3	1
551	4	1
551	5	1
551	6	1
551	7	1
551	8	1
551	9	0
551	10	1
551	11	1
551	12	1
551	13	1
551	14	1
551	15	1
551	16	0
551	17	1
551	18	1
551	19	1
551	20	1
551	21	1
551	22	1
551	23	1
551	24	1
551	25	1
551	26	0
551	27	1
551	28	1
551	29	1
551	30	1
551	31	1
551	32	1
551	33	1
551	34	1
551	35	1
551	36	1
551	37	1
551	38	1
551	39	0
551	40	1
552	1	1
552	2	1
552	3	0
552	4	0
552	5	1
552	6	1
552	7	1
552	8	0
552	9	0
552	10	1
552	11	0
552	12	1
552	13	0
552	14	1
552	15	0
552	16	1
552	17	1
552	18	1
552	19	0
552	20	0
552	21	1
552	22	1
552	23	0
552	24	0
552	25	1
552	26	1
552	27	0
552	28	0
552	29	0
552	30	1
552	31	0
552	32	0
552	33	1
552	34	1
552	35	0
552	36	1
552	37	0
552	38	1
552	39	1
552	40	1
553	1	0
553	2	1
553	3	1
553	4	1
553	5	1
553	6	1
553	7	1
553	8	1
553	9	0
553	10	1
553	11	1
553	12	1
553	13	1
553	14	1
553	15	1
553	16	0
553	17	1
553	18	1
553	19	1
553	20	1
553	21	1
553	22	1
553	23	1
553	24	1
553	25	1
553	26	0
553	27	1
553	28	1
553	29	1
553	30	1
553	31	1
553	32	1
553	33	1
553	34	1
553	35	1
553	36	1
553	37	1
553	38	1
553	39	0
553	40	1
554	1	0
554	2	0
554	3	1
554	4	1
554	5	0
554	6	0
554	7	0
554	8	1
554	9	0
554	10	0
554	11	1
554	12	0
554	13	0
554	14	0
554	15	0
554	16	0
554	17	0
554	18	0
554	19	1
554	20	1
554	21	1
554	22	0
554	23	0
554	24	1
554	25	0
554	26	0
554	27	1
554	28	0
554	29	0
554	30	0
554	31	1
554	32	1
554	33	0
554	34	1
554	35	1
554	36	1
554	37	0
554	38	0
554	39	0
554	40	0
555	1	1
555	2	1
555	3	0
555	4	1
555	5	1
555	6	1
555	7	1
555	8	1
555	9	0
555	10	1
555	11	0
555	12	1
555	13	0
555	14	1
555	15	0
555	16	1
555	17	1
555	18	1
555	19	1
555	20	0
555	21	0
555	22	1
555	23	0
555	24	1
555	25	1
555	26	1
555	27	1
555	28	0
555	29	0
555	30	1
555	31	1
555	32	0
555	33	1
555	34	0
555	35	1
555	36	0
555	37	0
555	38	1
555	39	1
555	40	1
556	1	1
556	2	1
556	3	0
556	4	1
556	5	1
556	6	0
556	7	0
556	8	1
556	9	1
556	10	0
556	11	1
556	12	1
556	13	1
556	14	0
556	15	1
556	16	1
556	17	1
556	18	0
556	19	1
556	20	1
556	21	1
556	22	1
556	23	1
556	24	1
556	25	1
556	26	1
556	27	1
556	28	0
556	29	0
556	30	1
556	31	1
556	32	1
556	33	0
556	34	0
556	35	1
556	36	0
556	37	1
556	38	0
556	39	1
556	40	1
557	1	0
557	2	1
557	3	1
557	4	1
557	5	1
557	6	1
557	7	1
557	8	1
557	9	0
557	10	1
557	11	1
557	12	1
557	13	1
557	14	1
557	15	1
557	16	0
557	17	1
557	18	1
557	19	1
557	20	1
557	21	1
557	22	1
557	23	1
557	24	1
557	25	1
557	26	0
557	27	1
557	28	1
557	29	1
557	30	1
557	31	1
557	32	1
557	33	1
557	34	1
557	35	1
557	36	1
557	37	1
557	38	1
557	39	0
557	40	1
558	1	1
558	2	1
558	3	0
558	4	1
558	5	1
558	6	0
558	7	0
558	8	1
558	9	1
558	10	0
558	11	1
558	12	1
558	13	1
558	14	0
558	15	1
558	16	1
558	17	1
558	18	0
558	19	1
558	20	1
558	21	1
558	22	1
558	23	1
558	24	1
558	25	1
558	26	1
558	27	1
558	28	0
558	29	0
558	30	1
558	31	1
558	32	1
558	33	0
558	34	0
558	35	1
558	36	0
558	37	1
558	38	0
558	39	1
558	40	1
559	1	1
559	2	1
559	3	0
559	4	1
559	5	1
559	6	0
559	7	0
559	8	1
559	9	1
559	10	0
559	11	1
559	12	1
559	13	1
559	14	0
559	15	1
559	16	1
559	17	1
559	18	0
559	19	1
559	20	1
559	21	1
559	22	1
559	23	1
559	24	1
559	25	1
559	26	1
559	27	1
559	28	0
559	29	0
559	30	1
559	31	1
559	32	1
559	33	0
559	34	0
559	35	1
559	36	0
559	37	1
559	38	0
559	39	1
559	40	1
560	1	1
560	2	0
560	3	0
560	4	0
560	5	0
560	6	1
560	7	0
560	8	1
560	9	1
560	10	1
560	11	1
560	12	0
560	13	0
560	14	0
560	15	0
560	16	1
560	17	0
560	18	1
560	19	1
560	20	1
560	21	0
560	22	0
560	23	0
560	24	1
560	25	0
560	26	1
560	27	1
560	28	1
560	29	0
560	30	0
560	31	0
560	32	1
560	33	1
560	34	0
560	35	0
560	36	0
560	37	0
560	38	0
560	39	1
560	40	0
561	1	1
561	2	1
561	3	0
561	4	1
561	5	1
561	6	0
561	7	0
561	8	1
561	9	1
561	10	0
561	11	1
561	12	1
561	13	1
561	14	0
561	15	1
561	16	1
561	17	1
561	18	0
561	19	1
561	20	1
561	21	1
561	22	1
561	23	1
561	24	1
561	25	1
561	26	1
561	27	1
561	28	0
561	29	0
561	30	1
561	31	1
561	32	1
561	33	0
561	34	0
561	35	1
561	36	0
561	37	1
561	38	0
561	39	1
561	40	1
562	1	1
562	2	1
562	3	1
562	4	0
562	5	1
562	6	1
562	7	1
562	8	0
562	9	1
562	10	1
562	11	0
562	12	1
562	13	1
562	14	1
562	15	1
562	16	1
562	17	1
562	18	1
562	19	0
562	20	0
562	21	1
562	22	1
562	23	1
562	24	0
562	25	1
562	26	1
562	27	0
562	28	1
562	29	1
562	30	1
562	31	0
562	32	0
562	33	1
562	34	1
562	35	0
562	36	1
562	37	1
562	38	1
562	39	1
562	40	1
563	1	1
563	2	0
563	3	0
563	4	1
563	5	0
563	6	1
563	7	1
563	8	1
563	9	1
563	10	1
563	11	1
563	12	0
563	13	0
563	14	1
563	15	0
563	16	1
563	17	0
563	18	1
563	19	1
563	20	1
563	21	0
563	22	0
563	23	0
563	24	1
563	25	0
563	26	1
563	27	1
563	28	1
563	29	1
563	30	0
563	31	1
563	32	1
563	33	1
563	34	0
563	35	1
563	36	0
563	37	0
563	38	1
563	39	1
563	40	0
564	1	1
564	2	0
564	3	0
564	4	1
564	5	0
564	6	1
564	7	1
564	8	1
564	9	1
564	10	1
564	11	1
564	12	0
564	13	0
564	14	1
564	15	0
564	16	1
564	17	0
564	18	1
564	19	1
564	20	1
564	21	0
564	22	0
564	23	0
564	24	1
564	25	0
564	26	1
564	27	1
564	28	1
564	29	1
564	30	0
564	31	1
564	32	1
564	33	1
564	34	0
564	35	1
564	36	0
564	37	0
564	38	1
564	39	1
564	40	0
565	1	1
565	2	0
565	3	0
565	4	1
565	5	0
565	6	0
565	7	0
565	8	0
565	9	1
565	10	1
565	11	1
565	12	0
565	13	0
565	14	1
565	15	0
565	16	1
565	17	0
565	18	1
565	19	1
565	20	1
565	21	0
565	22	0
565	23	0
565	24	1
565	25	0
565	26	1
565	27	0
565	28	1
565	29	1
565	30	0
565	31	1
565	32	1
565	33	0
565	34	0
565	35	1
565	36	0
565	37	0
565	38	1
565	39	1
565	40	0
566	1	1
566	2	1
566	3	0
566	4	1
566	5	1
566	6	0
566	7	0
566	8	1
566	9	1
566	10	0
566	11	1
566	12	1
566	13	1
566	14	0
566	15	1
566	16	1
566	17	1
566	18	0
566	19	1
566	20	1
566	21	1
566	22	1
566	23	1
566	24	1
566	25	1
566	26	1
566	27	1
566	28	0
566	29	0
566	30	1
566	31	1
566	32	1
566	33	0
566	34	0
566	35	1
566	36	0
566	37	1
566	38	0
566	39	1
566	40	1
567	1	0
567	2	1
567	3	1
567	4	1
567	5	1
567	6	1
567	7	1
567	8	1
567	9	0
567	10	1
567	11	1
567	12	1
567	13	1
567	14	1
567	15	1
567	16	0
567	17	1
567	18	1
567	19	1
567	20	1
567	21	1
567	22	1
567	23	1
567	24	1
567	25	1
567	26	0
567	27	1
567	28	1
567	29	1
567	30	1
567	31	1
567	32	1
567	33	1
567	34	1
567	35	1
567	36	1
567	37	1
567	38	1
567	39	0
567	40	1
568	1	1
568	2	1
568	3	0
568	4	1
568	5	1
568	6	0
568	7	0
568	8	1
568	9	1
568	10	0
568	11	1
568	12	1
568	13	1
568	14	0
568	15	1
568	16	1
568	17	1
568	18	0
568	19	1
568	20	1
568	21	1
568	22	1
568	23	1
568	24	1
568	25	1
568	26	1
568	27	1
568	28	0
568	29	0
568	30	1
568	31	1
568	32	1
568	33	0
568	34	0
568	35	1
568	36	0
568	37	1
568	38	0
568	39	1
568	40	1
569	1	1
569	2	1
569	3	0
569	4	1
569	5	1
569	6	1
569	7	1
569	8	1
569	9	1
569	10	1
569	11	1
569	12	1
569	13	1
569	14	1
569	15	1
569	16	1
569	17	1
569	18	1
569	19	1
569	20	1
569	21	0
569	22	1
569	23	1
569	24	1
569	25	1
569	26	1
569	27	1
569	28	1
569	29	1
569	30	1
569	31	1
569	32	1
569	33	1
569	34	0
569	35	1
569	36	0
569	37	1
569	38	1
569	39	1
569	40	1
570	1	1
570	2	1
570	3	0
570	4	1
570	5	1
570	6	0
570	7	0
570	8	1
570	9	1
570	10	0
570	11	1
570	12	1
570	13	1
570	14	0
570	15	1
570	16	1
570	17	1
570	18	0
570	19	1
570	20	1
570	21	1
570	22	1
570	23	1
570	24	1
570	25	1
570	26	1
570	27	1
570	28	0
570	29	0
570	30	1
570	31	1
570	32	1
570	33	0
570	34	0
570	35	1
570	36	0
570	37	1
570	38	0
570	39	1
570	40	1
571	1	1
571	2	1
571	3	0
571	4	1
571	5	1
571	6	0
571	7	0
571	8	1
571	9	1
571	10	0
571	11	1
571	12	1
571	13	1
571	14	0
571	15	1
571	16	1
571	17	1
571	18	0
571	19	1
571	20	1
571	21	1
571	22	1
571	23	1
571	24	1
571	25	1
571	26	1
571	27	1
571	28	0
571	29	0
571	30	1
571	31	1
571	32	1
571	33	0
571	34	0
571	35	1
571	36	0
571	37	1
571	38	0
571	39	1
571	40	1
572	1	1
572	2	1
572	3	1
572	4	1
572	5	1
572	6	0
572	7	0
572	8	1
572	9	1
572	10	0
572	11	1
572	12	1
572	13	1
572	14	0
572	15	1
572	16	1
572	17	1
572	18	0
572	19	1
572	20	1
572	21	0
572	22	1
572	23	1
572	24	1
572	25	1
572	26	1
572	27	1
572	28	0
572	29	0
572	30	1
572	31	1
572	32	1
572	33	0
572	34	1
572	35	1
572	36	1
572	37	1
572	38	0
572	39	1
572	40	1
573	1	1
573	2	1
573	3	1
573	4	1
573	5	1
573	6	0
573	7	0
573	8	1
573	9	1
573	10	0
573	11	1
573	12	1
573	13	1
573	14	0
573	15	1
573	16	1
573	17	1
573	18	0
573	19	1
573	20	1
573	21	0
573	22	1
573	23	1
573	24	1
573	25	1
573	26	1
573	27	1
573	28	0
573	29	0
573	30	1
573	31	1
573	32	1
573	33	0
573	34	1
573	35	1
573	36	1
573	37	1
573	38	0
573	39	1
573	40	1
574	1	1
574	2	1
574	3	1
574	4	1
574	5	1
574	6	0
574	7	0
574	8	1
574	9	1
574	10	0
574	11	1
574	12	1
574	13	1
574	14	0
574	15	1
574	16	1
574	17	1
574	18	0
574	19	1
574	20	1
574	21	0
574	22	1
574	23	1
574	24	1
574	25	1
574	26	1
574	27	1
574	28	0
574	29	0
574	30	1
574	31	1
574	32	1
574	33	0
574	34	1
574	35	1
574	36	1
574	37	1
574	38	0
574	39	1
574	40	1
575	1	1
575	2	1
575	3	0
575	4	0
575	5	1
575	6	0
575	7	0
575	8	0
575	9	1
575	10	1
575	11	0
575	12	1
575	13	1
575	14	1
575	15	1
575	16	1
575	17	1
575	18	0
575	19	1
575	20	1
575	21	0
575	22	1
575	23	0
575	24	1
575	25	0
575	26	0
575	27	0
575	28	1
575	29	1
575	30	1
575	31	0
575	32	1
575	33	1
575	34	0
575	35	0
575	36	0
575	37	1
575	38	1
575	39	0
575	40	0
576	1	1
576	2	1
576	3	0
576	4	1
576	5	1
576	6	1
576	7	1
576	8	1
576	9	1
576	10	1
576	11	1
576	12	1
576	13	1
576	14	1
576	15	1
576	16	1
576	17	1
576	18	1
576	19	1
576	20	1
576	21	0
576	22	1
576	23	1
576	24	1
576	25	1
576	26	1
576	27	1
576	28	1
576	29	1
576	30	1
576	31	1
576	32	1
576	33	1
576	34	0
576	35	1
576	36	0
576	37	1
576	38	1
576	39	1
576	40	1
577	1	1
577	2	0
577	3	0
577	4	1
577	5	0
577	6	1
577	7	1
577	8	1
577	9	0
577	10	1
577	11	0
577	12	0
577	13	0
577	14	1
577	15	0
577	16	1
577	17	0
577	18	1
577	19	1
577	20	0
577	21	0
577	22	0
577	23	0
577	24	1
577	25	0
577	26	1
577	27	1
577	28	0
577	29	0
577	30	0
577	31	1
577	32	0
577	33	1
577	34	0
577	35	1
577	36	0
577	37	0
577	38	1
577	39	1
577	40	0
578	1	1
578	2	1
578	3	1
578	4	0
578	5	1
578	6	1
578	7	1
578	8	0
578	9	1
578	10	1
578	11	0
578	12	1
578	13	1
578	14	1
578	15	1
578	16	1
578	17	1
578	18	1
578	19	0
578	20	0
578	21	1
578	22	1
578	23	1
578	24	0
578	25	1
578	26	1
578	27	0
578	28	1
578	29	1
578	30	1
578	31	0
578	32	0
578	33	1
578	34	1
578	35	0
578	36	1
578	37	1
578	38	1
578	39	1
578	40	1
579	1	1
579	2	1
579	3	0
579	4	1
579	5	1
579	6	0
579	7	0
579	8	1
579	9	0
579	10	0
579	11	0
579	12	1
579	13	0
579	14	0
579	15	0
579	16	1
579	17	1
579	18	0
579	19	1
579	20	0
579	21	1
579	22	1
579	23	0
579	24	1
579	25	1
579	26	1
579	27	1
579	28	0
579	29	0
579	30	1
579	31	1
579	32	0
579	33	0
579	34	0
579	35	1
579	36	0
579	37	0
579	38	0
579	39	1
579	40	1
580	1	0
580	2	0
580	3	1
580	4	1
580	5	0
580	6	0
580	7	0
580	8	1
580	9	0
580	10	0
580	11	1
580	12	0
580	13	0
580	14	0
580	15	0
580	16	0
580	17	0
580	18	0
580	19	1
580	20	1
580	21	1
580	22	0
580	23	0
580	24	1
580	25	0
580	26	0
580	27	1
580	28	0
580	29	0
580	30	0
580	31	1
580	32	1
580	33	0
580	34	1
580	35	1
580	36	1
580	37	0
580	38	0
580	39	0
580	40	0
581	1	1
581	2	1
581	3	0
581	4	1
581	5	1
581	6	1
581	7	1
581	8	1
581	9	1
581	10	1
581	11	1
581	12	1
581	13	1
581	14	1
581	15	1
581	16	1
581	17	1
581	18	1
581	19	1
581	20	1
581	21	0
581	22	1
581	23	1
581	24	1
581	25	1
581	26	1
581	27	1
581	28	1
581	29	1
581	30	1
581	31	1
581	32	1
581	33	1
581	34	0
581	35	1
581	36	0
581	37	1
581	38	1
581	39	1
581	40	1
582	1	1
582	2	1
582	3	0
582	4	1
582	5	1
582	6	1
582	7	1
582	8	1
582	9	0
582	10	1
582	11	0
582	12	1
582	13	0
582	14	1
582	15	0
582	16	1
582	17	1
582	18	1
582	19	1
582	20	0
582	21	0
582	22	1
582	23	0
582	24	1
582	25	1
582	26	1
582	27	1
582	28	0
582	29	0
582	30	1
582	31	1
582	32	0
582	33	1
582	34	0
582	35	1
582	36	0
582	37	0
582	38	1
582	39	1
582	40	1
583	1	1
583	2	1
583	3	0
583	4	0
583	5	0
583	6	0
583	7	0
583	8	1
583	9	1
583	10	0
583	11	0
583	12	0
583	13	0
583	14	0
583	15	1
583	16	0
583	17	1
583	18	0
583	19	1
583	20	1
583	21	1
583	22	0
583	23	0
583	24	1
583	25	1
583	26	1
583	27	0
583	28	0
583	29	0
583	30	1
583	31	0
583	32	1
583	33	0
583	34	0
583	35	1
583	36	0
583	37	0
583	38	0
583	39	1
583	40	1
584	1	1
584	2	0
584	3	0
584	4	1
584	5	0
584	6	1
584	7	1
584	8	1
584	9	1
584	10	1
584	11	1
584	12	0
584	13	0
584	14	1
584	15	0
584	16	1
584	17	0
584	18	1
584	19	1
584	20	1
584	21	0
584	22	0
584	23	0
584	24	1
584	25	0
584	26	1
584	27	1
584	28	1
584	29	1
584	30	0
584	31	1
584	32	1
584	33	1
584	34	0
584	35	1
584	36	0
584	37	0
584	38	1
584	39	1
584	40	0
585	1	1
585	2	1
585	3	0
585	4	1
585	5	1
585	6	1
585	7	1
585	8	1
585	9	1
585	10	1
585	11	1
585	12	1
585	13	1
585	14	1
585	15	1
585	16	1
585	17	1
585	18	1
585	19	1
585	20	1
585	21	0
585	22	1
585	23	1
585	24	1
585	25	1
585	26	1
585	27	1
585	28	1
585	29	1
585	30	1
585	31	1
585	32	1
585	33	1
585	34	0
585	35	1
585	36	0
585	37	1
585	38	1
585	39	1
585	40	1
586	1	0
586	2	0
586	3	1
586	4	1
586	5	0
586	6	0
586	7	0
586	8	1
586	9	0
586	10	0
586	11	1
586	12	0
586	13	0
586	14	0
586	15	0
586	16	0
586	17	0
586	18	0
586	19	1
586	20	1
586	21	1
586	22	0
586	23	0
586	24	1
586	25	0
586	26	0
586	27	1
586	28	0
586	29	0
586	30	0
586	31	1
586	32	1
586	33	0
586	34	1
586	35	1
586	36	1
586	37	0
586	38	0
586	39	0
586	40	0
587	1	1
587	2	1
587	3	0
587	4	1
587	5	1
587	6	1
587	7	1
587	8	1
587	9	1
587	10	1
587	11	1
587	12	1
587	13	1
587	14	1
587	15	1
587	16	1
587	17	1
587	18	1
587	19	1
587	20	1
587	21	0
587	22	1
587	23	1
587	24	1
587	25	1
587	26	1
587	27	1
587	28	1
587	29	1
587	30	1
587	31	1
587	32	1
587	33	1
587	34	0
587	35	1
587	36	0
587	37	1
587	38	1
587	39	1
587	40	1
588	1	0
588	2	0
588	3	1
588	4	1
588	5	0
588	6	0
588	7	0
588	8	1
588	9	0
588	10	0
588	11	1
588	12	0
588	13	0
588	14	0
588	15	0
588	16	0
588	17	0
588	18	0
588	19	1
588	20	1
588	21	1
588	22	0
588	23	0
588	24	1
588	25	0
588	26	0
588	27	1
588	28	0
588	29	0
588	30	0
588	31	1
588	32	1
588	33	0
588	34	1
588	35	1
588	36	1
588	37	0
588	38	0
588	39	0
588	40	0
589	1	1
589	2	1
589	3	0
589	4	1
589	5	1
589	6	0
589	7	0
589	8	1
589	9	1
589	10	0
589	11	1
589	12	1
589	13	1
589	14	0
589	15	1
589	16	1
589	17	1
589	18	0
589	19	1
589	20	1
589	21	1
589	22	1
589	23	1
589	24	1
589	25	1
589	26	1
589	27	1
589	28	0
589	29	0
589	30	1
589	31	1
589	32	1
589	33	0
589	34	0
589	35	1
589	36	0
589	37	1
589	38	0
589	39	1
589	40	1
590	1	0
590	2	1
590	3	1
590	4	1
590	5	1
590	6	1
590	7	1
590	8	1
590	9	0
590	10	1
590	11	1
590	12	1
590	13	1
590	14	1
590	15	1
590	16	0
590	17	1
590	18	1
590	19	1
590	20	1
590	21	1
590	22	1
590	23	1
590	24	1
590	25	1
590	26	0
590	27	1
590	28	1
590	29	1
590	30	1
590	31	1
590	32	1
590	33	1
590	34	1
590	35	1
590	36	1
590	37	1
590	38	1
590	39	0
590	40	1
591	1	1
591	2	0
591	3	0
591	4	1
591	5	0
591	6	0
591	7	0
591	8	0
591	9	1
591	10	1
591	11	1
591	12	0
591	13	0
591	14	1
591	15	0
591	16	1
591	17	0
591	18	1
591	19	1
591	20	1
591	21	0
591	22	0
591	23	0
591	24	1
591	25	0
591	26	1
591	27	0
591	28	1
591	29	1
591	30	0
591	31	1
591	32	1
591	33	0
591	34	0
591	35	1
591	36	0
591	37	0
591	38	1
591	39	1
591	40	0
592	1	0
592	2	1
592	3	1
592	4	1
592	5	1
592	6	1
592	7	1
592	8	1
592	9	0
592	10	1
592	11	1
592	12	1
592	13	1
592	14	1
592	15	1
592	16	0
592	17	1
592	18	1
592	19	1
592	20	1
592	21	1
592	22	1
592	23	1
592	24	1
592	25	1
592	26	0
592	27	1
592	28	1
592	29	1
592	30	1
592	31	1
592	32	1
592	33	1
592	34	1
592	35	1
592	36	1
592	37	1
592	38	1
592	39	0
592	40	1
593	1	1
593	2	1
593	3	0
593	4	1
593	5	1
593	6	0
593	7	0
593	8	1
593	9	1
593	10	0
593	11	1
593	12	1
593	13	1
593	14	0
593	15	1
593	16	1
593	17	1
593	18	0
593	19	1
593	20	1
593	21	1
593	22	1
593	23	1
593	24	1
593	25	1
593	26	1
593	27	1
593	28	0
593	29	0
593	30	1
593	31	1
593	32	1
593	33	0
593	34	0
593	35	1
593	36	0
593	37	1
593	38	0
593	39	1
593	40	1
594	1	1
594	2	1
594	3	0
594	4	1
594	5	1
594	6	0
594	7	0
594	8	1
594	9	1
594	10	0
594	11	1
594	12	1
594	13	1
594	14	0
594	15	1
594	16	1
594	17	1
594	18	0
594	19	1
594	20	1
594	21	1
594	22	1
594	23	1
594	24	1
594	25	1
594	26	1
594	27	1
594	28	0
594	29	0
594	30	1
594	31	1
594	32	1
594	33	0
594	34	0
594	35	1
594	36	0
594	37	1
594	38	0
594	39	1
594	40	1
595	1	0
595	2	1
595	3	1
595	4	1
595	5	1
595	6	1
595	7	1
595	8	1
595	9	0
595	10	1
595	11	1
595	12	1
595	13	1
595	14	1
595	15	1
595	16	0
595	17	1
595	18	1
595	19	1
595	20	1
595	21	1
595	22	1
595	23	1
595	24	1
595	25	1
595	26	0
595	27	1
595	28	1
595	29	1
595	30	1
595	31	1
595	32	1
595	33	1
595	34	1
595	35	1
595	36	1
595	37	1
595	38	1
595	39	0
595	40	1
596	1	1
596	2	1
596	3	1
596	4	1
596	5	1
596	6	0
596	7	0
596	8	1
596	9	1
596	10	0
596	11	1
596	12	1
596	13	1
596	14	0
596	15	1
596	16	1
596	17	1
596	18	0
596	19	1
596	20	1
596	21	0
596	22	1
596	23	1
596	24	1
596	25	1
596	26	1
596	27	1
596	28	0
596	29	0
596	30	1
596	31	1
596	32	1
596	33	0
596	34	1
596	35	1
596	36	1
596	37	1
596	38	0
596	39	1
596	40	1
597	1	1
597	2	0
597	3	0
597	4	1
597	5	0
597	6	1
597	7	1
597	8	1
597	9	1
597	10	1
597	11	1
597	12	0
597	13	0
597	14	1
597	15	0
597	16	1
597	17	0
597	18	1
597	19	1
597	20	1
597	21	0
597	22	0
597	23	0
597	24	1
597	25	0
597	26	1
597	27	1
597	28	1
597	29	1
597	30	0
597	31	1
597	32	1
597	33	1
597	34	0
597	35	1
597	36	0
597	37	0
597	38	1
597	39	1
597	40	0
598	1	0
598	2	1
598	3	0
598	4	0
598	5	1
598	6	0
598	7	0
598	8	0
598	9	0
598	10	1
598	11	0
598	12	1
598	13	1
598	14	1
598	15	1
598	16	0
598	17	1
598	18	0
598	19	1
598	20	1
598	21	0
598	22	1
598	23	0
598	24	1
598	25	0
598	26	0
598	27	0
598	28	1
598	29	1
598	30	1
598	31	0
598	32	1
598	33	1
598	34	1
598	35	0
598	36	1
598	37	1
598	38	1
598	39	0
598	40	0
599	1	1
599	2	1
599	3	0
599	4	1
599	5	1
599	6	0
599	7	0
599	8	1
599	9	1
599	10	0
599	11	1
599	12	1
599	13	1
599	14	0
599	15	1
599	16	1
599	17	1
599	18	0
599	19	1
599	20	1
599	21	1
599	22	1
599	23	1
599	24	1
599	25	1
599	26	1
599	27	1
599	28	0
599	29	0
599	30	1
599	31	1
599	32	1
599	33	0
599	34	0
599	35	1
599	36	0
599	37	1
599	38	0
599	39	1
599	40	1
600	1	1
600	2	1
600	3	0
600	4	1
600	5	1
600	6	0
600	7	0
600	8	1
600	9	1
600	10	0
600	11	1
600	12	1
600	13	1
600	14	0
600	15	1
600	16	1
600	17	1
600	18	0
600	19	1
600	20	1
600	21	1
600	22	1
600	23	1
600	24	1
600	25	1
600	26	1
600	27	1
600	28	0
600	29	0
600	30	1
600	31	1
600	32	1
600	33	0
600	34	0
600	35	1
600	36	0
600	37	1
600	38	0
600	39	1
600	40	1
601	1	0
601	2	0
601	3	1
601	4	1
601	5	0
601	6	0
601	7	0
601	8	1
601	9	0
601	10	0
601	11	1
601	12	0
601	13	0
601	14	0
601	15	0
601	16	0
601	17	0
601	18	0
601	19	1
601	20	1
601	21	1
601	22	0
601	23	0
601	24	1
601	25	0
601	26	0
601	27	1
601	28	0
601	29	0
601	30	0
601	31	1
601	32	1
601	33	0
601	34	1
601	35	1
601	36	1
601	37	0
601	38	0
601	39	0
601	40	0
602	1	1
602	2	1
602	3	0
602	4	1
602	5	0
602	6	0
602	7	0
602	8	0
602	9	1
602	10	1
602	11	1
602	12	1
602	13	1
602	14	1
602	15	1
602	16	1
602	17	0
602	18	1
602	19	1
602	20	1
602	21	0
602	22	1
602	23	1
602	24	1
602	25	1
602	26	1
602	27	0
602	28	1
602	29	1
602	30	0
602	31	1
602	32	1
602	33	0
602	34	0
602	35	1
602	36	0
602	37	1
602	38	1
602	39	1
602	40	1
603	1	1
603	2	1
603	3	0
603	4	1
603	5	1
603	6	0
603	7	0
603	8	1
603	9	0
603	10	0
603	11	0
603	12	1
603	13	0
603	14	0
603	15	0
603	16	1
603	17	1
603	18	0
603	19	1
603	20	0
603	21	1
603	22	1
603	23	0
603	24	1
603	25	1
603	26	1
603	27	1
603	28	0
603	29	0
603	30	1
603	31	1
603	32	0
603	33	0
603	34	0
603	35	1
603	36	0
603	37	0
603	38	0
603	39	1
603	40	1
604	1	1
604	2	1
604	3	0
604	4	1
604	5	1
604	6	1
604	7	1
604	8	1
604	9	1
604	10	1
604	11	1
604	12	1
604	13	1
604	14	1
604	15	1
604	16	1
604	17	1
604	18	1
604	19	1
604	20	1
604	21	0
604	22	1
604	23	1
604	24	1
604	25	1
604	26	1
604	27	1
604	28	1
604	29	1
604	30	1
604	31	1
604	32	1
604	33	1
604	34	0
604	35	1
604	36	0
604	37	1
604	38	1
604	39	1
604	40	1
605	1	0
605	2	1
605	3	1
605	4	1
605	5	1
605	6	1
605	7	1
605	8	1
605	9	0
605	10	1
605	11	1
605	12	1
605	13	1
605	14	1
605	15	1
605	16	0
605	17	1
605	18	1
605	19	1
605	20	1
605	21	1
605	22	1
605	23	1
605	24	1
605	25	1
605	26	0
605	27	1
605	28	1
605	29	1
605	30	1
605	31	1
605	32	1
605	33	1
605	34	1
605	35	1
605	36	1
605	37	1
605	38	1
605	39	0
605	40	1
606	1	1
606	2	0
606	3	0
606	4	1
606	5	0
606	6	1
606	7	1
606	8	1
606	9	1
606	10	1
606	11	1
606	12	0
606	13	0
606	14	1
606	15	0
606	16	1
606	17	0
606	18	1
606	19	1
606	20	1
606	21	0
606	22	0
606	23	0
606	24	1
606	25	0
606	26	1
606	27	1
606	28	1
606	29	1
606	30	0
606	31	1
606	32	1
606	33	1
606	34	0
606	35	1
606	36	0
606	37	0
606	38	1
606	39	1
606	40	0
607	1	1
607	2	1
607	3	0
607	4	1
607	5	1
607	6	0
607	7	0
607	8	1
607	9	1
607	10	0
607	11	1
607	12	1
607	13	1
607	14	0
607	15	1
607	16	1
607	17	1
607	18	0
607	19	1
607	20	1
607	21	1
607	22	1
607	23	1
607	24	1
607	25	1
607	26	1
607	27	1
607	28	0
607	29	0
607	30	1
607	31	1
607	32	1
607	33	0
607	34	0
607	35	1
607	36	0
607	37	1
607	38	0
607	39	1
607	40	1
608	1	1
608	2	1
608	3	0
608	4	1
608	5	1
608	6	0
608	7	0
608	8	1
608	9	0
608	10	0
608	11	0
608	12	1
608	13	0
608	14	0
608	15	0
608	16	1
608	17	1
608	18	0
608	19	1
608	20	0
608	21	1
608	22	1
608	23	0
608	24	1
608	25	1
608	26	1
608	27	1
608	28	0
608	29	0
608	30	1
608	31	1
608	32	0
608	33	0
608	34	0
608	35	1
608	36	0
608	37	0
608	38	0
608	39	1
608	40	1
609	1	1
609	2	1
609	3	0
609	4	1
609	5	1
609	6	0
609	7	0
609	8	1
609	9	1
609	10	0
609	11	1
609	12	1
609	13	1
609	14	0
609	15	1
609	16	1
609	17	1
609	18	0
609	19	1
609	20	1
609	21	1
609	22	1
609	23	1
609	24	1
609	25	1
609	26	1
609	27	1
609	28	0
609	29	0
609	30	1
609	31	1
609	32	1
609	33	0
609	34	0
609	35	1
609	36	0
609	37	1
609	38	0
609	39	1
609	40	1
610	1	1
610	2	0
610	3	0
610	4	0
610	5	0
610	6	0
610	7	0
610	8	1
610	9	1
610	10	0
610	11	1
610	12	1
610	13	0
610	14	0
610	15	0
610	16	1
610	17	1
610	18	0
610	19	1
610	20	1
610	21	0
610	22	0
610	23	1
610	24	1
610	25	0
610	26	1
610	27	1
610	28	0
610	29	0
610	30	1
610	31	0
610	32	1
610	33	0
610	34	0
610	35	0
610	36	0
610	37	1
610	38	0
610	39	1
610	40	1
611	1	1
611	2	1
611	3	0
611	4	1
611	5	1
611	6	0
611	7	0
611	8	1
611	9	1
611	10	0
611	11	1
611	12	1
611	13	1
611	14	0
611	15	1
611	16	1
611	17	1
611	18	0
611	19	1
611	20	1
611	21	1
611	22	1
611	23	1
611	24	1
611	25	1
611	26	1
611	27	1
611	28	0
611	29	0
611	30	1
611	31	1
611	32	1
611	33	0
611	34	0
611	35	1
611	36	0
611	37	1
611	38	0
611	39	1
611	40	1
612	1	1
612	2	1
612	3	0
612	4	0
612	5	1
612	6	0
612	7	0
612	8	0
612	9	1
612	10	1
612	11	0
612	12	1
612	13	1
612	14	1
612	15	1
612	16	1
612	17	1
612	18	0
612	19	0
612	20	0
612	21	0
612	22	1
612	23	0
612	24	0
612	25	0
612	26	0
612	27	0
612	28	1
612	29	1
612	30	1
612	31	0
612	32	0
612	33	1
612	34	1
612	35	0
612	36	1
612	37	1
612	38	1
612	39	0
612	40	0
613	1	1
613	2	1
613	3	0
613	4	0
613	5	1
613	6	0
613	7	0
613	8	0
613	9	1
613	10	1
613	11	0
613	12	1
613	13	1
613	14	1
613	15	1
613	16	1
613	17	1
613	18	0
613	19	0
613	20	0
613	21	0
613	22	1
613	23	0
613	24	0
613	25	0
613	26	0
613	27	0
613	28	1
613	29	1
613	30	1
613	31	0
613	32	0
613	33	1
613	34	1
613	35	0
613	36	1
613	37	1
613	38	1
613	39	0
613	40	0
614	1	1
614	2	1
614	3	0
614	4	1
614	5	1
614	6	0
614	7	0
614	8	1
614	9	1
614	10	0
614	11	1
614	12	1
614	13	1
614	14	0
614	15	1
614	16	1
614	17	1
614	18	0
614	19	1
614	20	1
614	21	1
614	22	1
614	23	1
614	24	1
614	25	1
614	26	1
614	27	1
614	28	0
614	29	0
614	30	1
614	31	1
614	32	1
614	33	0
614	34	0
614	35	1
614	36	0
614	37	1
614	38	0
614	39	1
614	40	1
615	1	1
615	2	1
615	3	0
615	4	1
615	5	1
615	6	0
615	7	0
615	8	1
615	9	1
615	10	0
615	11	1
615	12	1
615	13	1
615	14	0
615	15	1
615	16	1
615	17	1
615	18	0
615	19	1
615	20	1
615	21	1
615	22	1
615	23	1
615	24	1
615	25	1
615	26	1
615	27	1
615	28	0
615	29	0
615	30	1
615	31	1
615	32	1
615	33	0
615	34	0
615	35	1
615	36	0
615	37	1
615	38	0
615	39	1
615	40	1
616	1	1
616	2	0
616	3	0
616	4	1
616	5	0
616	6	1
616	7	1
616	8	1
616	9	1
616	10	1
616	11	1
616	12	0
616	13	0
616	14	1
616	15	0
616	16	1
616	17	0
616	18	1
616	19	1
616	20	1
616	21	0
616	22	0
616	23	0
616	24	1
616	25	0
616	26	1
616	27	1
616	28	1
616	29	1
616	30	0
616	31	1
616	32	1
616	33	1
616	34	0
616	35	1
616	36	0
616	37	0
616	38	1
616	39	1
616	40	0
617	1	0
617	2	1
617	3	1
617	4	1
617	5	1
617	6	1
617	7	1
617	8	1
617	9	0
617	10	1
617	11	1
617	12	1
617	13	1
617	14	1
617	15	1
617	16	0
617	17	1
617	18	1
617	19	1
617	20	1
617	21	1
617	22	1
617	23	1
617	24	1
617	25	1
617	26	0
617	27	1
617	28	1
617	29	1
617	30	1
617	31	1
617	32	1
617	33	1
617	34	1
617	35	1
617	36	1
617	37	1
617	38	1
617	39	0
617	40	1
618	1	1
618	2	1
618	3	1
618	4	0
618	5	1
618	6	1
618	7	1
618	8	0
618	9	1
618	10	1
618	11	0
618	12	1
618	13	1
618	14	1
618	15	1
618	16	1
618	17	1
618	18	1
618	19	0
618	20	0
618	21	1
618	22	1
618	23	1
618	24	0
618	25	1
618	26	1
618	27	0
618	28	1
618	29	1
618	30	1
618	31	0
618	32	0
618	33	1
618	34	1
618	35	0
618	36	1
618	37	1
618	38	1
618	39	1
618	40	1
619	1	0
619	2	1
619	3	1
619	4	1
619	5	0
619	6	0
619	7	0
619	8	0
619	9	0
619	10	1
619	11	1
619	12	1
619	13	1
619	14	1
619	15	1
619	16	0
619	17	0
619	18	1
619	19	1
619	20	1
619	21	1
619	22	1
619	23	1
619	24	1
619	25	1
619	26	0
619	27	0
619	28	1
619	29	1
619	30	0
619	31	1
619	32	1
619	33	0
619	34	1
619	35	1
619	36	1
619	37	1
619	38	1
619	39	0
619	40	1
620	1	0
620	2	0
620	3	1
620	4	1
620	5	0
620	6	0
620	7	0
620	8	1
620	9	0
620	10	0
620	11	1
620	12	0
620	13	0
620	14	0
620	15	0
620	16	0
620	17	0
620	18	0
620	19	1
620	20	1
620	21	1
620	22	0
620	23	0
620	24	1
620	25	0
620	26	0
620	27	1
620	28	0
620	29	0
620	30	0
620	31	1
620	32	1
620	33	0
620	34	1
620	35	1
620	36	1
620	37	0
620	38	0
620	39	0
620	40	0
621	1	1
621	2	1
621	3	0
621	4	1
621	5	1
621	6	0
621	7	0
621	8	1
621	9	1
621	10	0
621	11	1
621	12	1
621	13	1
621	14	0
621	15	1
621	16	1
621	17	1
621	18	0
621	19	1
621	20	1
621	21	1
621	22	1
621	23	1
621	24	1
621	25	1
621	26	1
621	27	1
621	28	0
621	29	0
621	30	1
621	31	1
621	32	1
621	33	0
621	34	0
621	35	1
621	36	0
621	37	1
621	38	0
621	39	1
621	40	1
622	1	1
622	2	1
622	3	0
622	4	1
622	5	1
622	6	0
622	7	0
622	8	1
622	9	1
622	10	0
622	11	1
622	12	1
622	13	1
622	14	0
622	15	1
622	16	1
622	17	1
622	18	0
622	19	1
622	20	1
622	21	1
622	22	1
622	23	1
622	24	1
622	25	1
622	26	1
622	27	1
622	28	0
622	29	0
622	30	1
622	31	1
622	32	1
622	33	0
622	34	0
622	35	1
622	36	0
622	37	1
622	38	0
622	39	1
622	40	1
623	1	1
623	2	0
623	3	0
623	4	1
623	5	0
623	6	1
623	7	1
623	8	1
623	9	1
623	10	1
623	11	1
623	12	0
623	13	0
623	14	1
623	15	0
623	16	1
623	17	0
623	18	1
623	19	1
623	20	1
623	21	0
623	22	0
623	23	0
623	24	1
623	25	0
623	26	1
623	27	1
623	28	1
623	29	1
623	30	0
623	31	1
623	32	1
623	33	1
623	34	0
623	35	1
623	36	0
623	37	0
623	38	1
623	39	1
623	40	0
624	1	0
624	2	1
624	3	1
624	4	1
624	5	1
624	6	1
624	7	1
624	8	1
624	9	0
624	10	1
624	11	1
624	12	1
624	13	1
624	14	1
624	15	1
624	16	0
624	17	1
624	18	1
624	19	1
624	20	1
624	21	1
624	22	1
624	23	1
624	24	1
624	25	1
624	26	0
624	27	1
624	28	1
624	29	1
624	30	1
624	31	1
624	32	1
624	33	1
624	34	1
624	35	1
624	36	1
624	37	1
624	38	1
624	39	0
624	40	1
625	1	1
625	2	0
625	3	0
625	4	0
625	5	0
625	6	0
625	7	0
625	8	1
625	9	1
625	10	0
625	11	1
625	12	1
625	13	0
625	14	0
625	15	0
625	16	1
625	17	1
625	18	0
625	19	1
625	20	1
625	21	0
625	22	0
625	23	1
625	24	1
625	25	0
625	26	1
625	27	1
625	28	0
625	29	0
625	30	1
625	31	0
625	32	1
625	33	0
625	34	1
625	35	0
625	36	1
625	37	1
625	38	0
625	39	1
625	40	1
626	1	0
626	2	0
626	3	1
626	4	1
626	5	0
626	6	0
626	7	0
626	8	1
626	9	0
626	10	0
626	11	1
626	12	0
626	13	0
626	14	0
626	15	0
626	16	0
626	17	0
626	18	0
626	19	1
626	20	1
626	21	1
626	22	0
626	23	0
626	24	1
626	25	0
626	26	0
626	27	1
626	28	0
626	29	0
626	30	0
626	31	1
626	32	1
626	33	0
626	34	1
626	35	1
626	36	1
626	37	0
626	38	0
626	39	0
626	40	0
627	1	1
627	2	1
627	3	1
627	4	0
627	5	1
627	6	1
627	7	1
627	8	0
627	9	1
627	10	1
627	11	0
627	12	1
627	13	1
627	14	1
627	15	1
627	16	1
627	17	1
627	18	1
627	19	0
627	20	0
627	21	1
627	22	1
627	23	1
627	24	0
627	25	1
627	26	1
627	27	0
627	28	1
627	29	1
627	30	1
627	31	0
627	32	0
627	33	1
627	34	1
627	35	0
627	36	1
627	37	1
627	38	1
627	39	1
627	40	1
628	1	1
628	2	1
628	3	0
628	4	0
628	5	0
628	6	0
628	7	0
628	8	1
628	9	1
628	10	0
628	11	0
628	12	0
628	13	0
628	14	0
628	15	1
628	16	0
628	17	1
628	18	0
628	19	1
628	20	1
628	21	1
628	22	0
628	23	0
628	24	1
628	25	1
628	26	1
628	27	0
628	28	0
628	29	0
628	30	1
628	31	0
628	32	1
628	33	0
628	34	0
628	35	1
628	36	0
628	37	0
628	38	0
628	39	1
628	40	1
629	1	0
629	2	1
629	3	1
629	4	1
629	5	1
629	6	1
629	7	1
629	8	1
629	9	0
629	10	1
629	11	1
629	12	1
629	13	1
629	14	1
629	15	1
629	16	0
629	17	1
629	18	1
629	19	1
629	20	1
629	21	1
629	22	1
629	23	1
629	24	1
629	25	1
629	26	0
629	27	1
629	28	1
629	29	1
629	30	1
629	31	1
629	32	1
629	33	1
629	34	1
629	35	1
629	36	1
629	37	1
629	38	1
629	39	0
629	40	1
630	1	0
630	2	1
630	3	0
630	4	1
630	5	1
630	6	1
630	7	1
630	8	1
630	9	0
630	10	1
630	11	0
630	12	1
630	13	0
630	14	1
630	15	0
630	16	0
630	17	1
630	18	1
630	19	1
630	20	0
630	21	1
630	22	1
630	23	0
630	24	1
630	25	1
630	26	0
630	27	1
630	28	0
630	29	0
630	30	1
630	31	1
630	32	0
630	33	1
630	34	1
630	35	1
630	36	1
630	37	0
630	38	1
630	39	0
630	40	1
631	1	1
631	2	1
631	3	1
631	4	1
631	5	1
631	6	0
631	7	0
631	8	1
631	9	1
631	10	0
631	11	1
631	12	1
631	13	1
631	14	0
631	15	1
631	16	1
631	17	1
631	18	0
631	19	1
631	20	1
631	21	0
631	22	1
631	23	1
631	24	1
631	25	1
631	26	1
631	27	1
631	28	0
631	29	0
631	30	1
631	31	1
631	32	1
631	33	0
631	34	1
631	35	1
631	36	1
631	37	1
631	38	0
631	39	1
631	40	1
632	1	1
632	2	1
632	3	0
632	4	1
632	5	1
632	6	1
632	7	1
632	8	1
632	9	1
632	10	1
632	11	1
632	12	1
632	13	1
632	14	1
632	15	1
632	16	1
632	17	1
632	18	1
632	19	1
632	20	1
632	21	0
632	22	1
632	23	1
632	24	1
632	25	1
632	26	1
632	27	1
632	28	1
632	29	1
632	30	1
632	31	1
632	32	1
632	33	1
632	34	0
632	35	1
632	36	0
632	37	1
632	38	1
632	39	1
632	40	1
633	1	1
633	2	1
633	3	0
633	4	1
633	5	1
633	6	0
633	7	0
633	8	1
633	9	1
633	10	0
633	11	1
633	12	1
633	13	1
633	14	0
633	15	1
633	16	1
633	17	1
633	18	0
633	19	1
633	20	1
633	21	1
633	22	1
633	23	1
633	24	1
633	25	1
633	26	1
633	27	1
633	28	0
633	29	0
633	30	1
633	31	1
633	32	1
633	33	0
633	34	0
633	35	1
633	36	0
633	37	1
633	38	0
633	39	1
633	40	1
634	1	0
634	2	1
634	3	1
634	4	1
634	5	1
634	6	1
634	7	1
634	8	1
634	9	0
634	10	1
634	11	1
634	12	1
634	13	1
634	14	1
634	15	1
634	16	0
634	17	1
634	18	1
634	19	1
634	20	1
634	21	1
634	22	1
634	23	1
634	24	1
634	25	1
634	26	0
634	27	1
634	28	1
634	29	1
634	30	1
634	31	1
634	32	1
634	33	1
634	34	1
634	35	1
634	36	1
634	37	1
634	38	1
634	39	0
634	40	1
635	1	1
635	2	1
635	3	0
635	4	0
635	5	0
635	6	0
635	7	0
635	8	1
635	9	1
635	10	0
635	11	0
635	12	0
635	13	0
635	14	0
635	15	1
635	16	0
635	17	1
635	18	0
635	19	1
635	20	1
635	21	1
635	22	0
635	23	0
635	24	1
635	25	1
635	26	1
635	27	0
635	28	0
635	29	0
635	30	1
635	31	0
635	32	1
635	33	0
635	34	0
635	35	1
635	36	0
635	37	0
635	38	0
635	39	1
635	40	1
636	1	1
636	2	1
636	3	0
636	4	1
636	5	1
636	6	0
636	7	0
636	8	1
636	9	1
636	10	0
636	11	1
636	12	1
636	13	1
636	14	0
636	15	1
636	16	1
636	17	1
636	18	0
636	19	1
636	20	1
636	21	1
636	22	1
636	23	1
636	24	1
636	25	1
636	26	1
636	27	1
636	28	0
636	29	0
636	30	1
636	31	1
636	32	1
636	33	0
636	34	0
636	35	1
636	36	0
636	37	1
636	38	0
636	39	1
636	40	1
637	1	1
637	2	1
637	3	1
637	4	0
637	5	1
637	6	1
637	7	1
637	8	0
637	9	1
637	10	1
637	11	0
637	12	1
637	13	1
637	14	1
637	15	1
637	16	1
637	17	1
637	18	1
637	19	0
637	20	0
637	21	1
637	22	1
637	23	1
637	24	0
637	25	1
637	26	1
637	27	0
637	28	1
637	29	1
637	30	1
637	31	0
637	32	0
637	33	1
637	34	1
637	35	0
637	36	1
637	37	1
637	38	1
637	39	1
637	40	1
638	1	1
638	2	1
638	3	0
638	4	1
638	5	1
638	6	1
638	7	1
638	8	1
638	9	1
638	10	1
638	11	1
638	12	1
638	13	1
638	14	1
638	15	1
638	16	1
638	17	1
638	18	1
638	19	1
638	20	1
638	21	0
638	22	1
638	23	1
638	24	1
638	25	1
638	26	1
638	27	1
638	28	1
638	29	1
638	30	1
638	31	1
638	32	1
638	33	1
638	34	0
638	35	1
638	36	0
638	37	1
638	38	1
638	39	1
638	40	1
639	1	1
639	2	1
639	3	0
639	4	1
639	5	1
639	6	0
639	7	0
639	8	1
639	9	1
639	10	0
639	11	1
639	12	1
639	13	1
639	14	0
639	15	1
639	16	1
639	17	1
639	18	0
639	19	1
639	20	1
639	21	1
639	22	1
639	23	1
639	24	1
639	25	1
639	26	1
639	27	1
639	28	0
639	29	0
639	30	1
639	31	1
639	32	1
639	33	0
639	34	0
639	35	1
639	36	0
639	37	1
639	38	0
639	39	1
639	40	1
640	1	1
640	2	1
640	3	1
640	4	1
640	5	1
640	6	0
640	7	0
640	8	1
640	9	1
640	10	0
640	11	1
640	12	1
640	13	1
640	14	0
640	15	1
640	16	1
640	17	1
640	18	0
640	19	1
640	20	1
640	21	0
640	22	1
640	23	1
640	24	1
640	25	1
640	26	1
640	27	1
640	28	0
640	29	0
640	30	1
640	31	1
640	32	1
640	33	0
640	34	1
640	35	1
640	36	1
640	37	1
640	38	0
640	39	1
640	40	1
641	1	1
641	2	1
641	3	0
641	4	1
641	5	1
641	6	0
641	7	0
641	8	1
641	9	1
641	10	0
641	11	1
641	12	1
641	13	1
641	14	0
641	15	1
641	16	1
641	17	1
641	18	0
641	19	1
641	20	1
641	21	1
641	22	1
641	23	1
641	24	1
641	25	1
641	26	1
641	27	1
641	28	0
641	29	0
641	30	1
641	31	1
641	32	1
641	33	0
641	34	0
641	35	1
641	36	0
641	37	1
641	38	0
641	39	1
641	40	1
642	1	0
642	2	1
642	3	1
642	4	1
642	5	1
642	6	1
642	7	1
642	8	1
642	9	0
642	10	1
642	11	1
642	12	1
642	13	1
642	14	1
642	15	1
642	16	0
642	17	1
642	18	1
642	19	1
642	20	1
642	21	1
642	22	1
642	23	1
642	24	1
642	25	1
642	26	0
642	27	1
642	28	1
642	29	1
642	30	1
642	31	1
642	32	1
642	33	1
642	34	1
642	35	1
642	36	1
642	37	1
642	38	1
642	39	0
642	40	1
643	1	1
643	2	1
643	3	0
643	4	1
643	5	1
643	6	1
643	7	1
643	8	1
643	9	1
643	10	1
643	11	1
643	12	1
643	13	1
643	14	1
643	15	1
643	16	1
643	17	1
643	18	1
643	19	1
643	20	1
643	21	0
643	22	1
643	23	1
643	24	1
643	25	1
643	26	1
643	27	1
643	28	1
643	29	1
643	30	1
643	31	1
643	32	1
643	33	1
643	34	0
643	35	1
643	36	0
643	37	1
643	38	1
643	39	1
643	40	1
644	1	1
644	2	1
644	3	0
644	4	1
644	5	1
644	6	0
644	7	0
644	8	1
644	9	1
644	10	0
644	11	1
644	12	1
644	13	1
644	14	0
644	15	1
644	16	1
644	17	1
644	18	0
644	19	1
644	20	1
644	21	1
644	22	1
644	23	1
644	24	1
644	25	1
644	26	1
644	27	1
644	28	0
644	29	0
644	30	1
644	31	1
644	32	1
644	33	0
644	34	0
644	35	1
644	36	0
644	37	1
644	38	0
644	39	1
644	40	1
645	1	1
645	2	1
645	3	1
645	4	1
645	5	1
645	6	0
645	7	0
645	8	1
645	9	1
645	10	0
645	11	1
645	12	1
645	13	1
645	14	0
645	15	1
645	16	1
645	17	1
645	18	0
645	19	1
645	20	1
645	21	0
645	22	1
645	23	1
645	24	1
645	25	1
645	26	1
645	27	1
645	28	0
645	29	0
645	30	1
645	31	1
645	32	1
645	33	0
645	34	1
645	35	1
645	36	1
645	37	1
645	38	0
645	39	1
645	40	1
646	1	1
646	2	1
646	3	0
646	4	1
646	5	1
646	6	1
646	7	1
646	8	1
646	9	1
646	10	1
646	11	1
646	12	1
646	13	1
646	14	1
646	15	1
646	16	1
646	17	1
646	18	1
646	19	1
646	20	1
646	21	0
646	22	1
646	23	1
646	24	1
646	25	1
646	26	1
646	27	1
646	28	1
646	29	1
646	30	1
646	31	1
646	32	1
646	33	1
646	34	0
646	35	1
646	36	0
646	37	1
646	38	1
646	39	1
646	40	1
647	1	1
647	2	1
647	3	1
647	4	0
647	5	0
647	6	0
647	7	0
647	8	0
647	9	1
647	10	1
647	11	0
647	12	0
647	13	0
647	14	1
647	15	1
647	16	0
647	17	0
647	18	1
647	19	0
647	20	0
647	21	1
647	22	0
647	23	0
647	24	0
647	25	1
647	26	1
647	27	0
647	28	1
647	29	0
647	30	0
647	31	0
647	32	0
647	33	0
647	34	0
647	35	0
647	36	1
647	37	0
647	38	1
647	39	1
647	40	1
648	1	1
648	2	0
648	3	0
648	4	0
648	5	0
648	6	1
648	7	0
648	8	1
648	9	1
648	10	1
648	11	1
648	12	1
648	13	0
648	14	0
648	15	0
648	16	1
648	17	1
648	18	1
648	19	1
648	20	1
648	21	0
648	22	0
648	23	1
648	24	1
648	25	0
648	26	1
648	27	1
648	28	1
648	29	0
648	30	1
648	31	0
648	32	1
648	33	1
648	34	0
648	35	0
648	36	0
648	37	1
648	38	0
648	39	1
648	40	1
649	1	0
649	2	0
649	3	1
649	4	1
649	5	0
649	6	0
649	7	0
649	8	1
649	9	0
649	10	0
649	11	1
649	12	0
649	13	0
649	14	0
649	15	0
649	16	0
649	17	0
649	18	0
649	19	1
649	20	1
649	21	1
649	22	0
649	23	0
649	24	1
649	25	0
649	26	0
649	27	1
649	28	0
649	29	0
649	30	0
649	31	1
649	32	1
649	33	0
649	34	1
649	35	1
649	36	1
649	37	0
649	38	0
649	39	0
649	40	0
650	1	1
650	2	1
650	3	0
650	4	1
650	5	1
650	6	1
650	7	1
650	8	1
650	9	1
650	10	1
650	11	1
650	12	1
650	13	1
650	14	1
650	15	1
650	16	1
650	17	1
650	18	1
650	19	1
650	20	1
650	21	0
650	22	1
650	23	1
650	24	1
650	25	1
650	26	1
650	27	1
650	28	1
650	29	1
650	30	1
650	31	1
650	32	1
650	33	1
650	34	0
650	35	1
650	36	0
650	37	1
650	38	1
650	39	1
650	40	1
651	1	0
651	2	1
651	3	1
651	4	1
651	5	1
651	6	1
651	7	1
651	8	1
651	9	0
651	10	1
651	11	1
651	12	1
651	13	1
651	14	1
651	15	1
651	16	0
651	17	1
651	18	1
651	19	1
651	20	1
651	21	1
651	22	1
651	23	1
651	24	1
651	25	1
651	26	0
651	27	1
651	28	1
651	29	1
651	30	1
651	31	1
651	32	1
651	33	1
651	34	1
651	35	1
651	36	1
651	37	1
651	38	1
651	39	0
651	40	1
652	1	0
652	2	0
652	3	1
652	4	1
652	5	0
652	6	0
652	7	0
652	8	1
652	9	0
652	10	0
652	11	1
652	12	0
652	13	0
652	14	0
652	15	0
652	16	0
652	17	0
652	18	0
652	19	1
652	20	1
652	21	1
652	22	0
652	23	0
652	24	1
652	25	0
652	26	0
652	27	1
652	28	0
652	29	0
652	30	0
652	31	1
652	32	1
652	33	0
652	34	1
652	35	1
652	36	1
652	37	0
652	38	0
652	39	0
652	40	0
653	1	1
653	2	1
653	3	0
653	4	1
653	5	0
653	6	0
653	7	0
653	8	0
653	9	0
653	10	1
653	11	0
653	12	1
653	13	0
653	14	1
653	15	0
653	16	1
653	17	0
653	18	1
653	19	1
653	20	0
653	21	0
653	22	1
653	23	0
653	24	1
653	25	1
653	26	1
653	27	0
653	28	0
653	29	0
653	30	0
653	31	1
653	32	0
653	33	0
653	34	0
653	35	1
653	36	0
653	37	0
653	38	1
653	39	1
653	40	1
654	1	1
654	2	1
654	3	0
654	4	1
654	5	1
654	6	1
654	7	1
654	8	1
654	9	1
654	10	1
654	11	1
654	12	1
654	13	1
654	14	1
654	15	1
654	16	1
654	17	1
654	18	1
654	19	1
654	20	1
654	21	0
654	22	1
654	23	1
654	24	1
654	25	1
654	26	1
654	27	1
654	28	1
654	29	1
654	30	1
654	31	1
654	32	1
654	33	1
654	34	0
654	35	1
654	36	0
654	37	1
654	38	1
654	39	1
654	40	1
655	1	1
655	2	1
655	3	1
655	4	1
655	5	1
655	6	0
655	7	0
655	8	1
655	9	1
655	10	0
655	11	1
655	12	1
655	13	1
655	14	0
655	15	1
655	16	1
655	17	1
655	18	0
655	19	1
655	20	1
655	21	0
655	22	1
655	23	1
655	24	1
655	25	1
655	26	1
655	27	1
655	28	0
655	29	0
655	30	1
655	31	1
655	32	1
655	33	0
655	34	1
655	35	1
655	36	1
655	37	1
655	38	0
655	39	1
655	40	1
656	1	1
656	2	0
656	3	0
656	4	1
656	5	0
656	6	1
656	7	1
656	8	1
656	9	1
656	10	1
656	11	1
656	12	0
656	13	0
656	14	1
656	15	0
656	16	1
656	17	0
656	18	1
656	19	1
656	20	1
656	21	0
656	22	0
656	23	0
656	24	1
656	25	0
656	26	1
656	27	1
656	28	1
656	29	1
656	30	0
656	31	1
656	32	1
656	33	1
656	34	0
656	35	1
656	36	0
656	37	0
656	38	1
656	39	1
656	40	0
657	1	1
657	2	0
657	3	0
657	4	1
657	5	0
657	6	1
657	7	1
657	8	1
657	9	1
657	10	1
657	11	1
657	12	0
657	13	0
657	14	1
657	15	0
657	16	1
657	17	0
657	18	1
657	19	1
657	20	1
657	21	0
657	22	0
657	23	0
657	24	1
657	25	0
657	26	1
657	27	1
657	28	1
657	29	1
657	30	0
657	31	1
657	32	1
657	33	1
657	34	0
657	35	1
657	36	0
657	37	0
657	38	1
657	39	1
657	40	0
658	1	1
658	2	1
658	3	0
658	4	1
658	5	1
658	6	1
658	7	1
658	8	1
658	9	1
658	10	1
658	11	1
658	12	1
658	13	1
658	14	1
658	15	1
658	16	1
658	17	1
658	18	1
658	19	1
658	20	1
658	21	0
658	22	1
658	23	1
658	24	1
658	25	1
658	26	1
658	27	1
658	28	1
658	29	1
658	30	1
658	31	1
658	32	1
658	33	1
658	34	0
658	35	1
658	36	0
658	37	1
658	38	1
658	39	1
658	40	1
659	1	1
659	2	0
659	3	0
659	4	1
659	5	0
659	6	1
659	7	1
659	8	1
659	9	1
659	10	1
659	11	1
659	12	0
659	13	0
659	14	1
659	15	0
659	16	1
659	17	0
659	18	1
659	19	1
659	20	1
659	21	0
659	22	0
659	23	0
659	24	1
659	25	0
659	26	1
659	27	1
659	28	1
659	29	1
659	30	0
659	31	1
659	32	1
659	33	1
659	34	0
659	35	1
659	36	0
659	37	0
659	38	1
659	39	1
659	40	0
660	1	0
660	2	1
660	3	1
660	4	1
660	5	1
660	6	1
660	7	1
660	8	1
660	9	0
660	10	1
660	11	1
660	12	1
660	13	1
660	14	1
660	15	1
660	16	0
660	17	1
660	18	1
660	19	1
660	20	1
660	21	1
660	22	1
660	23	1
660	24	1
660	25	1
660	26	0
660	27	1
660	28	1
660	29	1
660	30	1
660	31	1
660	32	1
660	33	1
660	34	1
660	35	1
660	36	1
660	37	1
660	38	1
660	39	0
660	40	1
661	1	0
661	2	1
661	3	1
661	4	1
661	5	1
661	6	1
661	7	1
661	8	1
661	9	0
661	10	1
661	11	1
661	12	1
661	13	1
661	14	1
661	15	1
661	16	0
661	17	1
661	18	1
661	19	1
661	20	1
661	21	1
661	22	1
661	23	1
661	24	1
661	25	1
661	26	0
661	27	1
661	28	1
661	29	1
661	30	1
661	31	1
661	32	1
661	33	1
661	34	1
661	35	1
661	36	1
661	37	1
661	38	1
661	39	0
661	40	1
662	1	0
662	2	0
662	3	1
662	4	1
662	5	0
662	6	0
662	7	0
662	8	1
662	9	0
662	10	0
662	11	1
662	12	0
662	13	0
662	14	0
662	15	0
662	16	0
662	17	0
662	18	0
662	19	1
662	20	1
662	21	1
662	22	0
662	23	0
662	24	1
662	25	0
662	26	0
662	27	1
662	28	0
662	29	0
662	30	0
662	31	1
662	32	1
662	33	0
662	34	1
662	35	1
662	36	1
662	37	0
662	38	0
662	39	0
662	40	0
663	1	0
663	2	0
663	3	0
663	4	0
663	5	0
663	6	0
663	7	0
663	8	1
663	9	0
663	10	0
663	11	1
663	12	0
663	13	0
663	14	0
663	15	0
663	16	0
663	17	0
663	18	0
663	19	1
663	20	1
663	21	0
663	22	0
663	23	0
663	24	1
663	25	0
663	26	0
663	27	1
663	28	0
663	29	0
663	30	0
663	31	0
663	32	1
663	33	0
663	34	1
663	35	0
663	36	1
663	37	0
663	38	0
663	39	0
663	40	0
664	1	1
664	2	1
664	3	1
664	4	0
664	5	0
664	6	1
664	7	1
664	8	0
664	9	1
664	10	1
664	11	0
664	12	0
664	13	0
664	14	1
664	15	1
664	16	0
664	17	1
664	18	1
664	19	0
664	20	0
664	21	1
664	22	0
664	23	0
664	24	0
664	25	1
664	26	1
664	27	0
664	28	1
664	29	0
664	30	1
664	31	0
664	32	0
664	33	1
664	34	0
664	35	0
664	36	1
664	37	0
664	38	1
664	39	1
664	40	1
665	1	1
665	2	0
665	3	0
665	4	0
665	5	0
665	6	0
665	7	0
665	8	1
665	9	1
665	10	0
665	11	1
665	12	1
665	13	0
665	14	0
665	15	0
665	16	1
665	17	1
665	18	0
665	19	1
665	20	1
665	21	0
665	22	0
665	23	1
665	24	1
665	25	0
665	26	1
665	27	1
665	28	0
665	29	0
665	30	1
665	31	0
665	32	1
665	33	0
665	34	0
665	35	0
665	36	0
665	37	1
665	38	0
665	39	1
665	40	1
666	1	1
666	2	1
666	3	0
666	4	0
666	5	1
666	6	0
666	7	0
666	8	0
666	9	1
666	10	1
666	11	0
666	12	1
666	13	1
666	14	1
666	15	1
666	16	1
666	17	1
666	18	0
666	19	0
666	20	0
666	21	0
666	22	1
666	23	0
666	24	0
666	25	0
666	26	0
666	27	0
666	28	1
666	29	1
666	30	1
666	31	0
666	32	0
666	33	1
666	34	1
666	35	0
666	36	1
666	37	1
666	38	1
666	39	0
666	40	0
667	1	0
667	2	1
667	3	1
667	4	0
667	5	0
667	6	1
667	7	1
667	8	1
667	9	0
667	10	1
667	11	0
667	12	0
667	13	0
667	14	1
667	15	1
667	16	0
667	17	1
667	18	1
667	19	1
667	20	1
667	21	1
667	22	0
667	23	0
667	24	1
667	25	1
667	26	0
667	27	0
667	28	1
667	29	0
667	30	1
667	31	0
667	32	1
667	33	1
667	34	0
667	35	1
667	36	1
667	37	0
667	38	1
667	39	0
667	40	1
668	1	1
668	2	0
668	3	0
668	4	1
668	5	0
668	6	1
668	7	1
668	8	1
668	9	1
668	10	1
668	11	1
668	12	0
668	13	0
668	14	1
668	15	0
668	16	1
668	17	0
668	18	1
668	19	1
668	20	1
668	21	0
668	22	0
668	23	0
668	24	1
668	25	0
668	26	1
668	27	1
668	28	1
668	29	1
668	30	0
668	31	1
668	32	1
668	33	1
668	34	0
668	35	1
668	36	0
668	37	0
668	38	1
668	39	1
668	40	0
669	1	0
669	2	0
669	3	1
669	4	1
669	5	0
669	6	0
669	7	0
669	8	1
669	9	0
669	10	0
669	11	1
669	12	0
669	13	0
669	14	0
669	15	0
669	16	0
669	17	0
669	18	0
669	19	1
669	20	1
669	21	1
669	22	0
669	23	0
669	24	1
669	25	0
669	26	0
669	27	1
669	28	0
669	29	0
669	30	0
669	31	1
669	32	1
669	33	0
669	34	1
669	35	1
669	36	1
669	37	0
669	38	0
669	39	0
669	40	0
670	1	1
670	2	1
670	3	0
670	4	1
670	5	1
670	6	0
670	7	0
670	8	1
670	9	1
670	10	0
670	11	1
670	12	1
670	13	1
670	14	0
670	15	1
670	16	1
670	17	1
670	18	0
670	19	1
670	20	1
670	21	1
670	22	1
670	23	1
670	24	1
670	25	1
670	26	1
670	27	1
670	28	0
670	29	0
670	30	1
670	31	1
670	32	1
670	33	0
670	34	0
670	35	1
670	36	0
670	37	1
670	38	0
670	39	1
670	40	1
671	1	1
671	2	1
671	3	0
671	4	1
671	5	1
671	6	0
671	7	0
671	8	1
671	9	1
671	10	0
671	11	1
671	12	1
671	13	1
671	14	0
671	15	1
671	16	1
671	17	1
671	18	0
671	19	1
671	20	1
671	21	1
671	22	1
671	23	1
671	24	1
671	25	1
671	26	1
671	27	1
671	28	0
671	29	0
671	30	1
671	31	1
671	32	1
671	33	0
671	34	0
671	35	1
671	36	0
671	37	1
671	38	0
671	39	1
671	40	1
672	1	1
672	2	1
672	3	0
672	4	1
672	5	1
672	6	0
672	7	0
672	8	1
672	9	1
672	10	0
672	11	1
672	12	1
672	13	1
672	14	0
672	15	1
672	16	1
672	17	1
672	18	0
672	19	1
672	20	1
672	21	1
672	22	1
672	23	1
672	24	1
672	25	1
672	26	1
672	27	1
672	28	0
672	29	0
672	30	1
672	31	1
672	32	1
672	33	0
672	34	0
672	35	1
672	36	0
672	37	1
672	38	0
672	39	1
672	40	1
673	1	1
673	2	1
673	3	0
673	4	1
673	5	0
673	6	0
673	7	0
673	8	0
673	9	0
673	10	0
673	11	0
673	12	1
673	13	0
673	14	0
673	15	0
673	16	1
673	17	0
673	18	0
673	19	1
673	20	0
673	21	1
673	22	1
673	23	0
673	24	1
673	25	1
673	26	1
673	27	0
673	28	0
673	29	0
673	30	0
673	31	1
673	32	0
673	33	0
673	34	0
673	35	1
673	36	0
673	37	0
673	38	0
673	39	1
673	40	1
674	1	1
674	2	1
674	3	0
674	4	1
674	5	1
674	6	1
674	7	1
674	8	1
674	9	1
674	10	1
674	11	1
674	12	1
674	13	1
674	14	1
674	15	1
674	16	1
674	17	1
674	18	1
674	19	1
674	20	1
674	21	0
674	22	1
674	23	1
674	24	1
674	25	1
674	26	1
674	27	1
674	28	1
674	29	1
674	30	1
674	31	1
674	32	1
674	33	1
674	34	0
674	35	1
674	36	0
674	37	1
674	38	1
674	39	1
674	40	1
675	1	0
675	2	0
675	3	1
675	4	1
675	5	0
675	6	0
675	7	0
675	8	1
675	9	0
675	10	0
675	11	1
675	12	0
675	13	0
675	14	0
675	15	0
675	16	0
675	17	0
675	18	0
675	19	1
675	20	1
675	21	1
675	22	0
675	23	0
675	24	1
675	25	0
675	26	0
675	27	1
675	28	0
675	29	0
675	30	0
675	31	1
675	32	1
675	33	0
675	34	1
675	35	1
675	36	1
675	37	0
675	38	0
675	39	0
675	40	0
676	1	1
676	2	0
676	3	0
676	4	1
676	5	0
676	6	1
676	7	1
676	8	1
676	9	1
676	10	1
676	11	1
676	12	0
676	13	0
676	14	1
676	15	0
676	16	1
676	17	0
676	18	1
676	19	1
676	20	1
676	21	0
676	22	0
676	23	0
676	24	1
676	25	0
676	26	1
676	27	1
676	28	1
676	29	1
676	30	0
676	31	1
676	32	1
676	33	1
676	34	0
676	35	1
676	36	0
676	37	0
676	38	1
676	39	1
676	40	0
677	1	1
677	2	1
677	3	1
677	4	0
677	5	1
677	6	1
677	7	1
677	8	0
677	9	1
677	10	1
677	11	0
677	12	1
677	13	1
677	14	1
677	15	1
677	16	1
677	17	1
677	18	1
677	19	0
677	20	0
677	21	1
677	22	1
677	23	1
677	24	0
677	25	1
677	26	1
677	27	0
677	28	1
677	29	1
677	30	1
677	31	0
677	32	0
677	33	1
677	34	1
677	35	0
677	36	1
677	37	1
677	38	1
677	39	1
677	40	1
678	1	1
678	2	1
678	3	0
678	4	1
678	5	1
678	6	0
678	7	0
678	8	1
678	9	1
678	10	0
678	11	1
678	12	1
678	13	1
678	14	0
678	15	1
678	16	1
678	17	1
678	18	0
678	19	1
678	20	1
678	21	1
678	22	1
678	23	1
678	24	1
678	25	1
678	26	1
678	27	1
678	28	0
678	29	0
678	30	1
678	31	1
678	32	1
678	33	0
678	34	0
678	35	1
678	36	0
678	37	1
678	38	0
678	39	1
678	40	1
679	1	0
679	2	1
679	3	1
679	4	1
679	5	1
679	6	1
679	7	1
679	8	1
679	9	0
679	10	1
679	11	1
679	12	1
679	13	1
679	14	1
679	15	1
679	16	0
679	17	1
679	18	1
679	19	1
679	20	1
679	21	1
679	22	1
679	23	1
679	24	1
679	25	1
679	26	0
679	27	1
679	28	1
679	29	1
679	30	1
679	31	1
679	32	1
679	33	1
679	34	1
679	35	1
679	36	1
679	37	1
679	38	1
679	39	0
679	40	1
680	1	0
680	2	0
680	3	1
680	4	1
680	5	0
680	6	0
680	7	0
680	8	1
680	9	0
680	10	0
680	11	1
680	12	0
680	13	0
680	14	0
680	15	0
680	16	0
680	17	0
680	18	0
680	19	1
680	20	1
680	21	1
680	22	0
680	23	0
680	24	1
680	25	0
680	26	0
680	27	1
680	28	0
680	29	0
680	30	0
680	31	1
680	32	1
680	33	0
680	34	1
680	35	1
680	36	1
680	37	0
680	38	0
680	39	0
680	40	0
681	1	1
681	2	1
681	3	1
681	4	1
681	5	1
681	6	0
681	7	0
681	8	1
681	9	1
681	10	0
681	11	1
681	12	1
681	13	1
681	14	0
681	15	1
681	16	1
681	17	1
681	18	0
681	19	1
681	20	1
681	21	0
681	22	1
681	23	1
681	24	1
681	25	1
681	26	1
681	27	1
681	28	0
681	29	0
681	30	1
681	31	1
681	32	1
681	33	0
681	34	1
681	35	1
681	36	1
681	37	1
681	38	0
681	39	1
681	40	1
682	1	1
682	2	1
682	3	0
682	4	1
682	5	1
682	6	0
682	7	0
682	8	1
682	9	1
682	10	0
682	11	1
682	12	1
682	13	1
682	14	0
682	15	1
682	16	1
682	17	1
682	18	0
682	19	1
682	20	1
682	21	1
682	22	1
682	23	1
682	24	1
682	25	1
682	26	1
682	27	1
682	28	0
682	29	0
682	30	1
682	31	1
682	32	1
682	33	0
682	34	0
682	35	1
682	36	0
682	37	1
682	38	0
682	39	1
682	40	1
683	1	1
683	2	1
683	3	1
683	4	0
683	5	1
683	6	1
683	7	1
683	8	0
683	9	1
683	10	1
683	11	0
683	12	1
683	13	1
683	14	1
683	15	1
683	16	1
683	17	1
683	18	1
683	19	0
683	20	0
683	21	1
683	22	1
683	23	1
683	24	0
683	25	1
683	26	1
683	27	0
683	28	1
683	29	1
683	30	1
683	31	0
683	32	0
683	33	1
683	34	1
683	35	0
683	36	1
683	37	1
683	38	1
683	39	1
683	40	1
684	1	1
684	2	1
684	3	1
684	4	0
684	5	1
684	6	1
684	7	1
684	8	0
684	9	1
684	10	1
684	11	0
684	12	1
684	13	1
684	14	1
684	15	1
684	16	1
684	17	1
684	18	1
684	19	0
684	20	0
684	21	1
684	22	1
684	23	1
684	24	0
684	25	1
684	26	1
684	27	0
684	28	1
684	29	1
684	30	1
684	31	0
684	32	0
684	33	1
684	34	1
684	35	0
684	36	1
684	37	1
684	38	1
684	39	1
684	40	1
685	1	1
685	2	1
685	3	0
685	4	1
685	5	1
685	6	0
685	7	0
685	8	1
685	9	1
685	10	0
685	11	1
685	12	1
685	13	1
685	14	0
685	15	1
685	16	1
685	17	1
685	18	0
685	19	1
685	20	1
685	21	1
685	22	1
685	23	1
685	24	1
685	25	1
685	26	1
685	27	1
685	28	0
685	29	0
685	30	1
685	31	1
685	32	1
685	33	0
685	34	0
685	35	1
685	36	0
685	37	1
685	38	0
685	39	1
685	40	1
686	1	1
686	2	1
686	3	0
686	4	1
686	5	1
686	6	1
686	7	1
686	8	1
686	9	1
686	10	1
686	11	1
686	12	1
686	13	1
686	14	1
686	15	1
686	16	1
686	17	1
686	18	1
686	19	1
686	20	1
686	21	0
686	22	1
686	23	1
686	24	1
686	25	1
686	26	1
686	27	1
686	28	1
686	29	1
686	30	1
686	31	1
686	32	1
686	33	1
686	34	0
686	35	1
686	36	0
686	37	1
686	38	1
686	39	1
686	40	1
687	1	1
687	2	1
687	3	1
687	4	0
687	5	1
687	6	1
687	7	1
687	8	0
687	9	1
687	10	1
687	11	0
687	12	1
687	13	1
687	14	1
687	15	1
687	16	1
687	17	1
687	18	1
687	19	0
687	20	0
687	21	1
687	22	1
687	23	1
687	24	0
687	25	1
687	26	1
687	27	0
687	28	1
687	29	1
687	30	1
687	31	0
687	32	0
687	33	1
687	34	1
687	35	0
687	36	1
687	37	1
687	38	1
687	39	1
687	40	1
688	1	1
688	2	1
688	3	0
688	4	0
688	5	1
688	6	1
688	7	1
688	8	0
688	9	0
688	10	1
688	11	0
688	12	1
688	13	0
688	14	1
688	15	0
688	16	1
688	17	1
688	18	1
688	19	0
688	20	0
688	21	1
688	22	1
688	23	0
688	24	0
688	25	1
688	26	1
688	27	0
688	28	0
688	29	0
688	30	1
688	31	0
688	32	0
688	33	1
688	34	1
688	35	0
688	36	1
688	37	0
688	38	1
688	39	1
688	40	1
689	1	1
689	2	1
689	3	0
689	4	1
689	5	1
689	6	0
689	7	0
689	8	1
689	9	1
689	10	0
689	11	1
689	12	1
689	13	1
689	14	0
689	15	1
689	16	1
689	17	1
689	18	0
689	19	1
689	20	1
689	21	1
689	22	1
689	23	1
689	24	1
689	25	1
689	26	1
689	27	1
689	28	0
689	29	0
689	30	1
689	31	1
689	32	1
689	33	0
689	34	0
689	35	1
689	36	0
689	37	1
689	38	0
689	39	1
689	40	1
690	1	0
690	2	0
690	3	1
690	4	1
690	5	0
690	6	0
690	7	0
690	8	1
690	9	0
690	10	0
690	11	1
690	12	0
690	13	0
690	14	0
690	15	0
690	16	0
690	17	0
690	18	0
690	19	1
690	20	1
690	21	1
690	22	0
690	23	0
690	24	1
690	25	0
690	26	0
690	27	1
690	28	0
690	29	0
690	30	0
690	31	1
690	32	1
690	33	0
690	34	1
690	35	1
690	36	1
690	37	0
690	38	0
690	39	0
690	40	0
691	1	1
691	2	1
691	3	0
691	4	1
691	5	1
691	6	1
691	7	1
691	8	1
691	9	1
691	10	1
691	11	1
691	12	1
691	13	1
691	14	1
691	15	1
691	16	1
691	17	1
691	18	1
691	19	1
691	20	1
691	21	0
691	22	1
691	23	1
691	24	1
691	25	1
691	26	1
691	27	1
691	28	1
691	29	1
691	30	1
691	31	1
691	32	1
691	33	1
691	34	0
691	35	1
691	36	0
691	37	1
691	38	1
691	39	1
691	40	1
692	1	0
692	2	1
692	3	1
692	4	0
692	5	0
692	6	1
692	7	1
692	8	1
692	9	0
692	10	1
692	11	0
692	12	0
692	13	0
692	14	1
692	15	1
692	16	0
692	17	1
692	18	1
692	19	1
692	20	1
692	21	1
692	22	0
692	23	0
692	24	1
692	25	1
692	26	0
692	27	0
692	28	1
692	29	0
692	30	1
692	31	0
692	32	1
692	33	1
692	34	0
692	35	1
692	36	1
692	37	0
692	38	1
692	39	0
692	40	1
693	1	1
693	2	1
693	3	0
693	4	1
693	5	0
693	6	0
693	7	0
693	8	0
693	9	1
693	10	0
693	11	1
693	12	1
693	13	1
693	14	0
693	15	1
693	16	1
693	17	0
693	18	0
693	19	1
693	20	1
693	21	1
693	22	1
693	23	1
693	24	1
693	25	1
693	26	1
693	27	0
693	28	0
693	29	0
693	30	0
693	31	1
693	32	1
693	33	0
693	34	0
693	35	1
693	36	0
693	37	1
693	38	0
693	39	1
693	40	1
694	1	0
694	2	1
694	3	1
694	4	1
694	5	1
694	6	1
694	7	1
694	8	1
694	9	0
694	10	1
694	11	1
694	12	1
694	13	1
694	14	1
694	15	1
694	16	0
694	17	1
694	18	1
694	19	1
694	20	1
694	21	1
694	22	1
694	23	1
694	24	1
694	25	1
694	26	0
694	27	1
694	28	1
694	29	1
694	30	1
694	31	1
694	32	1
694	33	1
694	34	1
694	35	1
694	36	1
694	37	1
694	38	1
694	39	0
694	40	1
695	1	1
695	2	0
695	3	0
695	4	0
695	5	0
695	6	0
695	7	0
695	8	0
695	9	0
695	10	0
695	11	0
695	12	1
695	13	0
695	14	0
695	15	0
695	16	1
695	17	0
695	18	0
695	19	1
695	20	0
695	21	0
695	22	0
695	23	0
695	24	1
695	25	0
695	26	1
695	27	0
695	28	0
695	29	0
695	30	0
695	31	0
695	32	0
695	33	0
695	34	1
695	35	0
695	36	1
695	37	0
695	38	0
695	39	1
695	40	1
696	1	1
696	2	1
696	3	0
696	4	1
696	5	1
696	6	1
696	7	1
696	8	1
696	9	1
696	10	1
696	11	1
696	12	1
696	13	1
696	14	1
696	15	1
696	16	1
696	17	1
696	18	1
696	19	1
696	20	1
696	21	0
696	22	1
696	23	1
696	24	1
696	25	1
696	26	1
696	27	1
696	28	1
696	29	1
696	30	1
696	31	1
696	32	1
696	33	1
696	34	0
696	35	1
696	36	0
696	37	1
696	38	1
696	39	1
696	40	1
697	1	0
697	2	1
697	3	1
697	4	1
697	5	1
697	6	1
697	7	1
697	8	1
697	9	0
697	10	1
697	11	1
697	12	1
697	13	1
697	14	1
697	15	1
697	16	0
697	17	1
697	18	1
697	19	1
697	20	1
697	21	1
697	22	1
697	23	1
697	24	1
697	25	1
697	26	0
697	27	1
697	28	1
697	29	1
697	30	1
697	31	1
697	32	1
697	33	1
697	34	1
697	35	1
697	36	1
697	37	1
697	38	1
697	39	0
697	40	1
698	1	0
698	2	1
698	3	1
698	4	1
698	5	1
698	6	1
698	7	1
698	8	1
698	9	0
698	10	1
698	11	1
698	12	1
698	13	1
698	14	1
698	15	1
698	16	0
698	17	1
698	18	1
698	19	1
698	20	1
698	21	1
698	22	1
698	23	1
698	24	1
698	25	1
698	26	0
698	27	1
698	28	1
698	29	1
698	30	1
698	31	1
698	32	1
698	33	1
698	34	1
698	35	1
698	36	1
698	37	1
698	38	1
698	39	0
698	40	1
699	1	0
699	2	0
699	3	1
699	4	1
699	5	0
699	6	0
699	7	0
699	8	1
699	9	0
699	10	0
699	11	1
699	12	0
699	13	0
699	14	0
699	15	0
699	16	0
699	17	0
699	18	0
699	19	1
699	20	1
699	21	1
699	22	0
699	23	0
699	24	1
699	25	0
699	26	0
699	27	1
699	28	0
699	29	0
699	30	0
699	31	1
699	32	1
699	33	0
699	34	1
699	35	1
699	36	1
699	37	0
699	38	0
699	39	0
699	40	0
700	1	1
700	2	1
700	3	0
700	4	1
700	5	1
700	6	1
700	7	1
700	8	1
700	9	1
700	10	1
700	11	1
700	12	1
700	13	1
700	14	1
700	15	1
700	16	1
700	17	1
700	18	1
700	19	1
700	20	1
700	21	0
700	22	1
700	23	1
700	24	1
700	25	1
700	26	1
700	27	1
700	28	1
700	29	1
700	30	1
700	31	1
700	32	1
700	33	1
700	34	0
700	35	1
700	36	0
700	37	1
700	38	1
700	39	1
700	40	1
701	1	1
701	2	0
701	3	0
701	4	0
701	5	0
701	6	0
701	7	0
701	8	1
701	9	1
701	10	0
701	11	1
701	12	1
701	13	0
701	14	0
701	15	0
701	16	1
701	17	1
701	18	0
701	19	1
701	20	1
701	21	0
701	22	0
701	23	1
701	24	1
701	25	0
701	26	1
701	27	1
701	28	0
701	29	0
701	30	1
701	31	0
701	32	1
701	33	0
701	34	1
701	35	0
701	36	1
701	37	1
701	38	0
701	39	1
701	40	1
702	1	1
702	2	1
702	3	0
702	4	1
702	5	1
702	6	0
702	7	0
702	8	1
702	9	1
702	10	0
702	11	1
702	12	1
702	13	1
702	14	0
702	15	1
702	16	1
702	17	1
702	18	0
702	19	1
702	20	1
702	21	1
702	22	1
702	23	1
702	24	1
702	25	1
702	26	1
702	27	1
702	28	0
702	29	0
702	30	1
702	31	1
702	32	1
702	33	0
702	34	0
702	35	1
702	36	0
702	37	1
702	38	0
702	39	1
702	40	1
703	1	1
703	2	1
703	3	0
703	4	1
703	5	1
703	6	0
703	7	0
703	8	1
703	9	1
703	10	0
703	11	1
703	12	1
703	13	1
703	14	0
703	15	1
703	16	1
703	17	1
703	18	0
703	19	1
703	20	1
703	21	1
703	22	1
703	23	1
703	24	1
703	25	1
703	26	1
703	27	1
703	28	0
703	29	0
703	30	1
703	31	1
703	32	1
703	33	0
703	34	0
703	35	1
703	36	0
703	37	1
703	38	0
703	39	1
703	40	1
704	1	1
704	2	1
704	3	0
704	4	0
704	5	0
704	6	1
704	7	1
704	8	1
704	9	1
704	10	1
704	11	0
704	12	0
704	13	0
704	14	1
704	15	1
704	16	0
704	17	1
704	18	1
704	19	1
704	20	1
704	21	0
704	22	0
704	23	0
704	24	1
704	25	1
704	26	1
704	27	0
704	28	1
704	29	0
704	30	1
704	31	0
704	32	1
704	33	1
704	34	0
704	35	1
704	36	0
704	37	0
704	38	1
704	39	1
704	40	1
705	1	0
705	2	0
705	3	1
705	4	1
705	5	0
705	6	0
705	7	0
705	8	1
705	9	0
705	10	0
705	11	1
705	12	0
705	13	0
705	14	0
705	15	0
705	16	0
705	17	0
705	18	0
705	19	1
705	20	1
705	21	1
705	22	0
705	23	0
705	24	1
705	25	0
705	26	0
705	27	1
705	28	0
705	29	0
705	30	0
705	31	1
705	32	1
705	33	0
705	34	1
705	35	1
705	36	1
705	37	0
705	38	0
705	39	0
705	40	0
706	1	1
706	2	1
706	3	0
706	4	0
706	5	1
706	6	0
706	7	0
706	8	0
706	9	1
706	10	0
706	11	0
706	12	1
706	13	1
706	14	0
706	15	1
706	16	1
706	17	1
706	18	0
706	19	1
706	20	1
706	21	0
706	22	1
706	23	0
706	24	1
706	25	0
706	26	0
706	27	0
706	28	0
706	29	0
706	30	1
706	31	0
706	32	1
706	33	0
706	34	0
706	35	0
706	36	0
706	37	1
706	38	0
706	39	0
706	40	0
707	1	0
707	2	0
707	3	0
707	4	1
707	5	0
707	6	0
707	7	0
707	8	1
707	9	0
707	10	0
707	11	0
707	12	0
707	13	0
707	14	0
707	15	0
707	16	0
707	17	0
707	18	0
707	19	1
707	20	0
707	21	1
707	22	0
707	23	0
707	24	1
707	25	0
707	26	0
707	27	1
707	28	0
707	29	0
707	30	0
707	31	1
707	32	0
707	33	0
707	34	1
707	35	1
707	36	1
707	37	0
707	38	0
707	39	0
707	40	0
708	1	1
708	2	1
708	3	0
708	4	1
708	5	1
708	6	0
708	7	0
708	8	1
708	9	1
708	10	0
708	11	1
708	12	1
708	13	1
708	14	0
708	15	1
708	16	1
708	17	1
708	18	0
708	19	1
708	20	1
708	21	1
708	22	1
708	23	1
708	24	1
708	25	1
708	26	1
708	27	1
708	28	0
708	29	0
708	30	1
708	31	1
708	32	1
708	33	0
708	34	0
708	35	1
708	36	0
708	37	1
708	38	0
708	39	1
708	40	1
709	1	1
709	2	1
709	3	0
709	4	1
709	5	1
709	6	0
709	7	0
709	8	1
709	9	1
709	10	0
709	11	1
709	12	1
709	13	1
709	14	0
709	15	1
709	16	1
709	17	1
709	18	0
709	19	1
709	20	1
709	21	1
709	22	1
709	23	1
709	24	1
709	25	1
709	26	1
709	27	1
709	28	0
709	29	0
709	30	1
709	31	1
709	32	1
709	33	0
709	34	0
709	35	1
709	36	0
709	37	1
709	38	0
709	39	1
709	40	1
710	1	0
710	2	1
710	3	1
710	4	1
710	5	1
710	6	1
710	7	1
710	8	1
710	9	0
710	10	1
710	11	1
710	12	1
710	13	1
710	14	1
710	15	1
710	16	0
710	17	1
710	18	1
710	19	1
710	20	1
710	21	1
710	22	1
710	23	1
710	24	1
710	25	1
710	26	0
710	27	1
710	28	1
710	29	1
710	30	1
710	31	1
710	32	1
710	33	1
710	34	1
710	35	1
710	36	1
710	37	1
710	38	1
710	39	0
710	40	1
711	1	1
711	2	1
711	3	0
711	4	1
711	5	1
711	6	0
711	7	0
711	8	1
711	9	1
711	10	0
711	11	1
711	12	1
711	13	1
711	14	0
711	15	1
711	16	1
711	17	1
711	18	0
711	19	1
711	20	1
711	21	1
711	22	1
711	23	1
711	24	1
711	25	1
711	26	1
711	27	1
711	28	0
711	29	0
711	30	1
711	31	1
711	32	1
711	33	0
711	34	0
711	35	1
711	36	0
711	37	1
711	38	0
711	39	1
711	40	1
712	1	0
712	2	1
712	3	1
712	4	1
712	5	1
712	6	1
712	7	1
712	8	1
712	9	0
712	10	1
712	11	1
712	12	1
712	13	1
712	14	1
712	15	1
712	16	0
712	17	1
712	18	1
712	19	1
712	20	1
712	21	1
712	22	1
712	23	1
712	24	1
712	25	1
712	26	0
712	27	1
712	28	1
712	29	1
712	30	1
712	31	1
712	32	1
712	33	1
712	34	1
712	35	1
712	36	1
712	37	1
712	38	1
712	39	0
712	40	1
713	1	1
713	2	1
713	3	0
713	4	1
713	5	1
713	6	0
713	7	0
713	8	1
713	9	1
713	10	0
713	11	1
713	12	1
713	13	1
713	14	0
713	15	1
713	16	1
713	17	1
713	18	0
713	19	1
713	20	1
713	21	1
713	22	1
713	23	1
713	24	1
713	25	1
713	26	1
713	27	1
713	28	0
713	29	0
713	30	1
713	31	1
713	32	1
713	33	0
713	34	0
713	35	1
713	36	0
713	37	1
713	38	0
713	39	1
713	40	1
714	1	1
714	2	1
714	3	0
714	4	1
714	5	1
714	6	0
714	7	0
714	8	1
714	9	1
714	10	0
714	11	1
714	12	1
714	13	1
714	14	0
714	15	1
714	16	1
714	17	1
714	18	0
714	19	1
714	20	1
714	21	1
714	22	1
714	23	1
714	24	1
714	25	1
714	26	1
714	27	1
714	28	0
714	29	0
714	30	1
714	31	1
714	32	1
714	33	0
714	34	0
714	35	1
714	36	0
714	37	1
714	38	0
714	39	1
714	40	1
715	1	0
715	2	0
715	3	1
715	4	1
715	5	0
715	6	0
715	7	0
715	8	1
715	9	0
715	10	0
715	11	1
715	12	0
715	13	0
715	14	0
715	15	0
715	16	0
715	17	0
715	18	0
715	19	1
715	20	1
715	21	1
715	22	0
715	23	0
715	24	1
715	25	0
715	26	0
715	27	1
715	28	0
715	29	0
715	30	0
715	31	1
715	32	1
715	33	0
715	34	1
715	35	1
715	36	1
715	37	0
715	38	0
715	39	0
715	40	0
716	1	1
716	2	0
716	3	0
716	4	1
716	5	0
716	6	1
716	7	1
716	8	1
716	9	1
716	10	1
716	11	1
716	12	0
716	13	0
716	14	1
716	15	0
716	16	1
716	17	0
716	18	1
716	19	1
716	20	1
716	21	0
716	22	0
716	23	0
716	24	1
716	25	0
716	26	1
716	27	1
716	28	1
716	29	1
716	30	0
716	31	1
716	32	1
716	33	1
716	34	0
716	35	1
716	36	0
716	37	0
716	38	1
716	39	1
716	40	0
717	1	1
717	2	1
717	3	0
717	4	1
717	5	1
717	6	0
717	7	0
717	8	1
717	9	1
717	10	0
717	11	1
717	12	1
717	13	1
717	14	0
717	15	1
717	16	1
717	17	1
717	18	0
717	19	1
717	20	1
717	21	1
717	22	1
717	23	1
717	24	1
717	25	1
717	26	1
717	27	1
717	28	0
717	29	0
717	30	1
717	31	1
717	32	1
717	33	0
717	34	0
717	35	1
717	36	0
717	37	1
717	38	0
717	39	1
717	40	1
718	1	0
718	2	1
718	3	1
718	4	1
718	5	1
718	6	1
718	7	1
718	8	1
718	9	0
718	10	1
718	11	1
718	12	1
718	13	1
718	14	1
718	15	1
718	16	0
718	17	1
718	18	1
718	19	1
718	20	1
718	21	1
718	22	1
718	23	1
718	24	1
718	25	1
718	26	0
718	27	1
718	28	1
718	29	1
718	30	1
718	31	1
718	32	1
718	33	1
718	34	1
718	35	1
718	36	1
718	37	1
718	38	1
718	39	0
718	40	1
719	1	1
719	2	1
719	3	0
719	4	1
719	5	1
719	6	1
719	7	1
719	8	1
719	9	1
719	10	1
719	11	1
719	12	1
719	13	1
719	14	1
719	15	1
719	16	1
719	17	1
719	18	1
719	19	1
719	20	1
719	21	0
719	22	1
719	23	1
719	24	1
719	25	1
719	26	1
719	27	1
719	28	1
719	29	1
719	30	1
719	31	1
719	32	1
719	33	1
719	34	0
719	35	1
719	36	0
719	37	1
719	38	1
719	39	1
719	40	1
720	1	1
720	2	1
720	3	0
720	4	1
720	5	1
720	6	1
720	7	1
720	8	1
720	9	1
720	10	1
720	11	1
720	12	1
720	13	1
720	14	1
720	15	1
720	16	1
720	17	1
720	18	1
720	19	1
720	20	1
720	21	0
720	22	1
720	23	1
720	24	1
720	25	1
720	26	1
720	27	1
720	28	1
720	29	1
720	30	1
720	31	1
720	32	1
720	33	1
720	34	0
720	35	1
720	36	0
720	37	1
720	38	1
720	39	1
720	40	1
721	1	1
721	2	1
721	3	1
721	4	1
721	5	0
721	6	0
721	7	0
721	8	0
721	9	1
721	10	0
721	11	1
721	12	1
721	13	1
721	14	0
721	15	1
721	16	1
721	17	0
721	18	0
721	19	1
721	20	1
721	21	0
721	22	1
721	23	1
721	24	1
721	25	1
721	26	1
721	27	0
721	28	0
721	29	0
721	30	0
721	31	1
721	32	1
721	33	0
721	34	1
721	35	1
721	36	1
721	37	1
721	38	0
721	39	1
721	40	1
722	1	0
722	2	1
722	3	1
722	4	1
722	5	1
722	6	1
722	7	1
722	8	1
722	9	0
722	10	1
722	11	1
722	12	1
722	13	1
722	14	1
722	15	1
722	16	0
722	17	1
722	18	1
722	19	1
722	20	1
722	21	1
722	22	1
722	23	1
722	24	1
722	25	1
722	26	0
722	27	1
722	28	1
722	29	1
722	30	1
722	31	1
722	32	1
722	33	1
722	34	1
722	35	1
722	36	1
722	37	1
722	38	1
722	39	0
722	40	1
723	1	0
723	2	1
723	3	1
723	4	1
723	5	1
723	6	1
723	7	1
723	8	1
723	9	0
723	10	1
723	11	1
723	12	1
723	13	1
723	14	1
723	15	1
723	16	0
723	17	1
723	18	1
723	19	1
723	20	1
723	21	1
723	22	1
723	23	1
723	24	1
723	25	1
723	26	0
723	27	1
723	28	1
723	29	1
723	30	1
723	31	1
723	32	1
723	33	1
723	34	1
723	35	1
723	36	1
723	37	1
723	38	1
723	39	0
723	40	1
724	1	1
724	2	0
724	3	0
724	4	1
724	5	0
724	6	1
724	7	1
724	8	1
724	9	1
724	10	1
724	11	1
724	12	0
724	13	0
724	14	1
724	15	0
724	16	1
724	17	0
724	18	1
724	19	1
724	20	1
724	21	0
724	22	0
724	23	0
724	24	1
724	25	0
724	26	1
724	27	1
724	28	1
724	29	1
724	30	0
724	31	1
724	32	1
724	33	1
724	34	0
724	35	1
724	36	0
724	37	0
724	38	1
724	39	1
724	40	0
725	1	0
725	2	1
725	3	1
725	4	1
725	5	1
725	6	1
725	7	1
725	8	1
725	9	0
725	10	1
725	11	1
725	12	1
725	13	1
725	14	1
725	15	1
725	16	0
725	17	1
725	18	1
725	19	1
725	20	1
725	21	1
725	22	1
725	23	1
725	24	1
725	25	1
725	26	0
725	27	1
725	28	1
725	29	1
725	30	1
725	31	1
725	32	1
725	33	1
725	34	1
725	35	1
725	36	1
725	37	1
725	38	1
725	39	0
725	40	1
726	1	0
726	2	0
726	3	0
726	4	1
726	5	0
726	6	0
726	7	0
726	8	1
726	9	0
726	10	0
726	11	0
726	12	0
726	13	0
726	14	0
726	15	0
726	16	0
726	17	0
726	18	0
726	19	1
726	20	0
726	21	1
726	22	0
726	23	0
726	24	1
726	25	0
726	26	0
726	27	1
726	28	0
726	29	0
726	30	0
726	31	1
726	32	0
726	33	0
726	34	1
726	35	1
726	36	1
726	37	0
726	38	0
726	39	0
726	40	0
727	1	1
727	2	0
727	3	0
727	4	1
727	5	0
727	6	1
727	7	1
727	8	1
727	9	0
727	10	1
727	11	0
727	12	0
727	13	0
727	14	1
727	15	0
727	16	1
727	17	0
727	18	1
727	19	1
727	20	0
727	21	0
727	22	0
727	23	0
727	24	1
727	25	0
727	26	1
727	27	1
727	28	0
727	29	0
727	30	0
727	31	1
727	32	0
727	33	1
727	34	0
727	35	1
727	36	0
727	37	0
727	38	1
727	39	1
727	40	0
728	1	1
728	2	0
728	3	0
728	4	1
728	5	0
728	6	1
728	7	1
728	8	1
728	9	1
728	10	1
728	11	1
728	12	0
728	13	0
728	14	1
728	15	0
728	16	1
728	17	0
728	18	1
728	19	1
728	20	1
728	21	0
728	22	0
728	23	0
728	24	1
728	25	0
728	26	1
728	27	1
728	28	1
728	29	1
728	30	0
728	31	1
728	32	1
728	33	1
728	34	0
728	35	1
728	36	0
728	37	0
728	38	1
728	39	1
728	40	0
729	1	0
729	2	1
729	3	1
729	4	1
729	5	1
729	6	1
729	7	1
729	8	1
729	9	0
729	10	1
729	11	1
729	12	1
729	13	1
729	14	1
729	15	1
729	16	0
729	17	1
729	18	1
729	19	1
729	20	1
729	21	1
729	22	1
729	23	1
729	24	1
729	25	1
729	26	0
729	27	1
729	28	1
729	29	1
729	30	1
729	31	1
729	32	1
729	33	1
729	34	1
729	35	1
729	36	1
729	37	1
729	38	1
729	39	0
729	40	1
730	1	1
730	2	1
730	3	0
730	4	1
730	5	1
730	6	1
730	7	1
730	8	1
730	9	1
730	10	1
730	11	1
730	12	1
730	13	1
730	14	1
730	15	1
730	16	1
730	17	1
730	18	1
730	19	1
730	20	1
730	21	0
730	22	1
730	23	1
730	24	1
730	25	1
730	26	1
730	27	1
730	28	1
730	29	1
730	30	1
730	31	1
730	32	1
730	33	1
730	34	0
730	35	1
730	36	0
730	37	1
730	38	1
730	39	1
730	40	1
731	1	1
731	2	0
731	3	0
731	4	0
731	5	0
731	6	0
731	7	0
731	8	1
731	9	1
731	10	0
731	11	1
731	12	1
731	13	0
731	14	0
731	15	0
731	16	1
731	17	1
731	18	0
731	19	1
731	20	1
731	21	0
731	22	0
731	23	1
731	24	1
731	25	0
731	26	1
731	27	1
731	28	0
731	29	0
731	30	1
731	31	0
731	32	1
731	33	0
731	34	0
731	35	0
731	36	0
731	37	1
731	38	0
731	39	1
731	40	1
732	1	0
732	2	1
732	3	1
732	4	1
732	5	1
732	6	1
732	7	1
732	8	1
732	9	0
732	10	1
732	11	1
732	12	1
732	13	1
732	14	1
732	15	1
732	16	0
732	17	1
732	18	1
732	19	1
732	20	1
732	21	1
732	22	1
732	23	1
732	24	1
732	25	1
732	26	0
732	27	1
732	28	1
732	29	1
732	30	1
732	31	1
732	32	1
732	33	1
732	34	1
732	35	1
732	36	1
732	37	1
732	38	1
732	39	0
732	40	1
733	1	1
733	2	1
733	3	0
733	4	1
733	5	1
733	6	1
733	7	1
733	8	1
733	9	1
733	10	1
733	11	1
733	12	1
733	13	1
733	14	1
733	15	1
733	16	1
733	17	1
733	18	1
733	19	1
733	20	1
733	21	0
733	22	1
733	23	1
733	24	1
733	25	1
733	26	1
733	27	1
733	28	1
733	29	1
733	30	1
733	31	1
733	32	1
733	33	1
733	34	0
733	35	1
733	36	0
733	37	1
733	38	1
733	39	1
733	40	1
734	1	1
734	2	1
734	3	1
734	4	0
734	5	1
734	6	1
734	7	1
734	8	0
734	9	1
734	10	1
734	11	0
734	12	1
734	13	1
734	14	1
734	15	1
734	16	1
734	17	1
734	18	1
734	19	0
734	20	0
734	21	1
734	22	1
734	23	1
734	24	0
734	25	1
734	26	1
734	27	0
734	28	1
734	29	1
734	30	1
734	31	0
734	32	0
734	33	1
734	34	1
734	35	0
734	36	1
734	37	1
734	38	1
734	39	1
734	40	1
735	1	1
735	2	1
735	3	0
735	4	1
735	5	1
735	6	0
735	7	0
735	8	1
735	9	1
735	10	0
735	11	1
735	12	1
735	13	1
735	14	0
735	15	1
735	16	1
735	17	1
735	18	0
735	19	1
735	20	1
735	21	1
735	22	1
735	23	1
735	24	1
735	25	1
735	26	1
735	27	1
735	28	0
735	29	0
735	30	1
735	31	1
735	32	1
735	33	0
735	34	0
735	35	1
735	36	0
735	37	1
735	38	0
735	39	1
735	40	1
736	1	0
736	2	1
736	3	1
736	4	1
736	5	0
736	6	0
736	7	0
736	8	0
736	9	0
736	10	1
736	11	1
736	12	1
736	13	1
736	14	1
736	15	1
736	16	0
736	17	0
736	18	1
736	19	1
736	20	1
736	21	1
736	22	1
736	23	1
736	24	1
736	25	1
736	26	0
736	27	0
736	28	1
736	29	1
736	30	0
736	31	1
736	32	1
736	33	0
736	34	1
736	35	1
736	36	1
736	37	1
736	38	1
736	39	0
736	40	1
737	1	0
737	2	1
737	3	0
737	4	0
737	5	1
737	6	0
737	7	0
737	8	0
737	9	0
737	10	1
737	11	0
737	12	1
737	13	1
737	14	1
737	15	1
737	16	0
737	17	1
737	18	0
737	19	1
737	20	1
737	21	0
737	22	1
737	23	0
737	24	1
737	25	0
737	26	0
737	27	0
737	28	1
737	29	1
737	30	1
737	31	0
737	32	1
737	33	1
737	34	1
737	35	0
737	36	1
737	37	1
737	38	1
737	39	0
737	40	0
738	1	1
738	2	1
738	3	0
738	4	1
738	5	1
738	6	0
738	7	0
738	8	1
738	9	1
738	10	0
738	11	1
738	12	1
738	13	1
738	14	0
738	15	1
738	16	1
738	17	1
738	18	0
738	19	1
738	20	1
738	21	1
738	22	1
738	23	1
738	24	1
738	25	1
738	26	1
738	27	1
738	28	0
738	29	0
738	30	1
738	31	1
738	32	1
738	33	0
738	34	0
738	35	1
738	36	0
738	37	1
738	38	0
738	39	1
738	40	1
739	1	1
739	2	1
739	3	1
739	4	0
739	5	1
739	6	1
739	7	1
739	8	0
739	9	1
739	10	1
739	11	0
739	12	1
739	13	1
739	14	1
739	15	1
739	16	1
739	17	1
739	18	1
739	19	0
739	20	0
739	21	1
739	22	1
739	23	1
739	24	0
739	25	1
739	26	1
739	27	0
739	28	1
739	29	1
739	30	1
739	31	0
739	32	0
739	33	1
739	34	1
739	35	0
739	36	1
739	37	1
739	38	1
739	39	1
739	40	1
740	1	1
740	2	0
740	3	0
740	4	0
740	5	0
740	6	0
740	7	0
740	8	1
740	9	1
740	10	0
740	11	1
740	12	1
740	13	0
740	14	0
740	15	0
740	16	1
740	17	1
740	18	0
740	19	1
740	20	1
740	21	0
740	22	0
740	23	1
740	24	1
740	25	0
740	26	1
740	27	1
740	28	0
740	29	0
740	30	1
740	31	0
740	32	1
740	33	0
740	34	0
740	35	0
740	36	0
740	37	1
740	38	0
740	39	1
740	40	1
741	1	1
741	2	1
741	3	0
741	4	1
741	5	1
741	6	0
741	7	0
741	8	1
741	9	1
741	10	0
741	11	1
741	12	1
741	13	1
741	14	0
741	15	1
741	16	1
741	17	1
741	18	0
741	19	1
741	20	1
741	21	1
741	22	1
741	23	1
741	24	1
741	25	1
741	26	1
741	27	1
741	28	0
741	29	0
741	30	1
741	31	1
741	32	1
741	33	0
741	34	0
741	35	1
741	36	0
741	37	1
741	38	0
741	39	1
741	40	1
742	1	1
742	2	1
742	3	0
742	4	1
742	5	1
742	6	1
742	7	1
742	8	1
742	9	1
742	10	1
742	11	1
742	12	1
742	13	1
742	14	1
742	15	1
742	16	1
742	17	1
742	18	1
742	19	1
742	20	1
742	21	0
742	22	1
742	23	1
742	24	1
742	25	1
742	26	1
742	27	1
742	28	1
742	29	1
742	30	1
742	31	1
742	32	1
742	33	1
742	34	0
742	35	1
742	36	0
742	37	1
742	38	1
742	39	1
742	40	1
743	1	0
743	2	0
743	3	1
743	4	1
743	5	0
743	6	0
743	7	0
743	8	1
743	9	0
743	10	0
743	11	1
743	12	0
743	13	0
743	14	0
743	15	0
743	16	0
743	17	0
743	18	0
743	19	1
743	20	1
743	21	1
743	22	0
743	23	0
743	24	1
743	25	0
743	26	0
743	27	1
743	28	0
743	29	0
743	30	0
743	31	1
743	32	1
743	33	0
743	34	1
743	35	1
743	36	1
743	37	0
743	38	0
743	39	0
743	40	0
744	1	1
744	2	1
744	3	1
744	4	0
744	5	1
744	6	1
744	7	1
744	8	0
744	9	1
744	10	1
744	11	0
744	12	1
744	13	1
744	14	1
744	15	1
744	16	1
744	17	1
744	18	1
744	19	0
744	20	0
744	21	1
744	22	1
744	23	1
744	24	0
744	25	1
744	26	1
744	27	0
744	28	1
744	29	1
744	30	1
744	31	0
744	32	0
744	33	1
744	34	1
744	35	0
744	36	1
744	37	1
744	38	1
744	39	1
744	40	1
745	1	1
745	2	1
745	3	0
745	4	1
745	5	1
745	6	0
745	7	0
745	8	1
745	9	1
745	10	0
745	11	1
745	12	1
745	13	1
745	14	0
745	15	1
745	16	1
745	17	1
745	18	0
745	19	1
745	20	1
745	21	1
745	22	1
745	23	1
745	24	1
745	25	1
745	26	1
745	27	1
745	28	0
745	29	0
745	30	1
745	31	1
745	32	1
745	33	0
745	34	0
745	35	1
745	36	0
745	37	1
745	38	0
745	39	1
745	40	1
746	1	1
746	2	1
746	3	0
746	4	0
746	5	1
746	6	0
746	7	0
746	8	0
746	9	1
746	10	0
746	11	0
746	12	1
746	13	1
746	14	0
746	15	1
746	16	1
746	17	1
746	18	0
746	19	1
746	20	1
746	21	0
746	22	1
746	23	0
746	24	1
746	25	0
746	26	0
746	27	0
746	28	0
746	29	0
746	30	1
746	31	0
746	32	1
746	33	0
746	34	0
746	35	0
746	36	0
746	37	1
746	38	0
746	39	0
746	40	0
747	1	1
747	2	1
747	3	1
747	4	1
747	5	1
747	6	0
747	7	0
747	8	1
747	9	1
747	10	0
747	11	1
747	12	1
747	13	1
747	14	0
747	15	1
747	16	1
747	17	1
747	18	0
747	19	1
747	20	1
747	21	0
747	22	1
747	23	1
747	24	1
747	25	1
747	26	1
747	27	1
747	28	0
747	29	0
747	30	1
747	31	1
747	32	1
747	33	0
747	34	1
747	35	1
747	36	1
747	37	1
747	38	0
747	39	1
747	40	1
748	1	0
748	2	1
748	3	1
748	4	1
748	5	1
748	6	1
748	7	1
748	8	1
748	9	0
748	10	1
748	11	1
748	12	1
748	13	1
748	14	1
748	15	1
748	16	0
748	17	1
748	18	1
748	19	1
748	20	1
748	21	1
748	22	1
748	23	1
748	24	1
748	25	1
748	26	0
748	27	1
748	28	1
748	29	1
748	30	1
748	31	1
748	32	1
748	33	1
748	34	1
748	35	1
748	36	1
748	37	1
748	38	1
748	39	0
748	40	1
749	1	1
749	2	1
749	3	0
749	4	1
749	5	1
749	6	0
749	7	0
749	8	1
749	9	1
749	10	0
749	11	1
749	12	1
749	13	1
749	14	0
749	15	1
749	16	1
749	17	1
749	18	0
749	19	1
749	20	1
749	21	1
749	22	1
749	23	1
749	24	1
749	25	1
749	26	1
749	27	1
749	28	0
749	29	0
749	30	1
749	31	1
749	32	1
749	33	0
749	34	0
749	35	1
749	36	0
749	37	1
749	38	0
749	39	1
749	40	1
750	1	0
750	2	0
750	3	1
750	4	1
750	5	0
750	6	0
750	7	0
750	8	1
750	9	0
750	10	0
750	11	1
750	12	0
750	13	0
750	14	0
750	15	0
750	16	0
750	17	0
750	18	0
750	19	1
750	20	1
750	21	1
750	22	0
750	23	0
750	24	1
750	25	0
750	26	0
750	27	1
750	28	0
750	29	0
750	30	0
750	31	1
750	32	1
750	33	0
750	34	1
750	35	1
750	36	1
750	37	0
750	38	0
750	39	0
750	40	0
751	1	1
751	2	1
751	3	0
751	4	1
751	5	1
751	6	0
751	7	0
751	8	1
751	9	1
751	10	0
751	11	1
751	12	1
751	13	1
751	14	0
751	15	1
751	16	1
751	17	1
751	18	0
751	19	1
751	20	1
751	21	1
751	22	1
751	23	1
751	24	1
751	25	1
751	26	1
751	27	1
751	28	0
751	29	0
751	30	1
751	31	1
751	32	1
751	33	0
751	34	0
751	35	1
751	36	0
751	37	1
751	38	0
751	39	1
751	40	1
752	1	1
752	2	1
752	3	0
752	4	1
752	5	1
752	6	0
752	7	0
752	8	1
752	9	1
752	10	0
752	11	1
752	12	1
752	13	1
752	14	0
752	15	1
752	16	1
752	17	1
752	18	0
752	19	1
752	20	1
752	21	1
752	22	1
752	23	1
752	24	1
752	25	1
752	26	1
752	27	1
752	28	0
752	29	0
752	30	1
752	31	1
752	32	1
752	33	0
752	34	0
752	35	1
752	36	0
752	37	1
752	38	0
752	39	1
752	40	1
753	1	1
753	2	1
753	3	0
753	4	1
753	5	1
753	6	1
753	7	1
753	8	1
753	9	1
753	10	1
753	11	1
753	12	1
753	13	1
753	14	1
753	15	1
753	16	1
753	17	1
753	18	1
753	19	1
753	20	1
753	21	0
753	22	1
753	23	1
753	24	1
753	25	1
753	26	1
753	27	1
753	28	1
753	29	1
753	30	1
753	31	1
753	32	1
753	33	1
753	34	0
753	35	1
753	36	0
753	37	1
753	38	1
753	39	1
753	40	1
754	1	1
754	2	1
754	3	1
754	4	0
754	5	1
754	6	1
754	7	1
754	8	0
754	9	1
754	10	1
754	11	0
754	12	1
754	13	1
754	14	1
754	15	1
754	16	1
754	17	1
754	18	1
754	19	0
754	20	0
754	21	1
754	22	1
754	23	1
754	24	0
754	25	1
754	26	1
754	27	0
754	28	1
754	29	1
754	30	1
754	31	0
754	32	0
754	33	1
754	34	1
754	35	0
754	36	1
754	37	1
754	38	1
754	39	1
754	40	1
755	1	1
755	2	0
755	3	0
755	4	0
755	5	0
755	6	1
755	7	0
755	8	1
755	9	1
755	10	1
755	11	1
755	12	1
755	13	0
755	14	0
755	15	0
755	16	1
755	17	1
755	18	1
755	19	1
755	20	1
755	21	0
755	22	0
755	23	1
755	24	1
755	25	0
755	26	1
755	27	1
755	28	1
755	29	0
755	30	1
755	31	0
755	32	1
755	33	1
755	34	0
755	35	0
755	36	0
755	37	1
755	38	0
755	39	1
755	40	1
756	1	1
756	2	1
756	3	0
756	4	1
756	5	1
756	6	0
756	7	0
756	8	1
756	9	1
756	10	0
756	11	1
756	12	1
756	13	1
756	14	0
756	15	1
756	16	1
756	17	1
756	18	0
756	19	1
756	20	1
756	21	1
756	22	1
756	23	1
756	24	1
756	25	1
756	26	1
756	27	1
756	28	0
756	29	0
756	30	1
756	31	1
756	32	1
756	33	0
756	34	0
756	35	1
756	36	0
756	37	1
756	38	0
756	39	1
756	40	1
757	1	1
757	2	1
757	3	0
757	4	1
757	5	1
757	6	0
757	7	0
757	8	1
757	9	1
757	10	0
757	11	1
757	12	1
757	13	1
757	14	0
757	15	1
757	16	1
757	17	1
757	18	0
757	19	1
757	20	1
757	21	1
757	22	1
757	23	1
757	24	1
757	25	1
757	26	1
757	27	1
757	28	0
757	29	0
757	30	1
757	31	1
757	32	1
757	33	0
757	34	0
757	35	1
757	36	0
757	37	1
757	38	0
757	39	1
757	40	1
758	1	1
758	2	1
758	3	1
758	4	0
758	5	1
758	6	1
758	7	1
758	8	0
758	9	1
758	10	1
758	11	0
758	12	1
758	13	1
758	14	1
758	15	1
758	16	1
758	17	1
758	18	1
758	19	0
758	20	0
758	21	1
758	22	1
758	23	1
758	24	0
758	25	1
758	26	1
758	27	0
758	28	1
758	29	1
758	30	1
758	31	0
758	32	0
758	33	1
758	34	1
758	35	0
758	36	1
758	37	1
758	38	1
758	39	1
758	40	1
759	1	1
759	2	1
759	3	0
759	4	1
759	5	1
759	6	1
759	7	1
759	8	1
759	9	1
759	10	1
759	11	1
759	12	1
759	13	1
759	14	1
759	15	1
759	16	1
759	17	1
759	18	1
759	19	1
759	20	1
759	21	0
759	22	1
759	23	1
759	24	1
759	25	1
759	26	1
759	27	1
759	28	1
759	29	1
759	30	1
759	31	1
759	32	1
759	33	1
759	34	0
759	35	1
759	36	0
759	37	1
759	38	1
759	39	1
759	40	1
760	1	1
760	2	1
760	3	0
760	4	0
760	5	0
760	6	1
760	7	1
760	8	1
760	9	1
760	10	1
760	11	0
760	12	0
760	13	0
760	14	1
760	15	1
760	16	0
760	17	1
760	18	1
760	19	1
760	20	1
760	21	0
760	22	0
760	23	0
760	24	1
760	25	1
760	26	1
760	27	0
760	28	1
760	29	0
760	30	1
760	31	0
760	32	1
760	33	1
760	34	0
760	35	1
760	36	0
760	37	0
760	38	1
760	39	1
760	40	1
761	1	0
761	2	1
761	3	0
761	4	1
761	5	1
761	6	1
761	7	1
761	8	1
761	9	0
761	10	1
761	11	0
761	12	1
761	13	0
761	14	1
761	15	0
761	16	0
761	17	1
761	18	1
761	19	1
761	20	0
761	21	1
761	22	1
761	23	0
761	24	1
761	25	1
761	26	0
761	27	1
761	28	0
761	29	0
761	30	1
761	31	1
761	32	0
761	33	1
761	34	1
761	35	1
761	36	1
761	37	0
761	38	1
761	39	0
761	40	1
762	1	1
762	2	1
762	3	0
762	4	1
762	5	1
762	6	0
762	7	0
762	8	1
762	9	1
762	10	0
762	11	1
762	12	1
762	13	1
762	14	0
762	15	1
762	16	1
762	17	1
762	18	0
762	19	1
762	20	1
762	21	1
762	22	1
762	23	1
762	24	1
762	25	1
762	26	1
762	27	1
762	28	0
762	29	0
762	30	1
762	31	1
762	32	1
762	33	0
762	34	0
762	35	1
762	36	0
762	37	1
762	38	0
762	39	1
762	40	1
763	1	1
763	2	1
763	3	0
763	4	1
763	5	1
763	6	0
763	7	0
763	8	1
763	9	0
763	10	0
763	11	0
763	12	1
763	13	0
763	14	0
763	15	0
763	16	1
763	17	1
763	18	0
763	19	1
763	20	0
763	21	1
763	22	1
763	23	0
763	24	1
763	25	1
763	26	1
763	27	1
763	28	0
763	29	0
763	30	1
763	31	1
763	32	0
763	33	0
763	34	0
763	35	1
763	36	0
763	37	0
763	38	0
763	39	1
763	40	1
764	1	1
764	2	1
764	3	0
764	4	1
764	5	1
764	6	1
764	7	1
764	8	1
764	9	1
764	10	1
764	11	1
764	12	1
764	13	1
764	14	1
764	15	1
764	16	1
764	17	1
764	18	1
764	19	1
764	20	1
764	21	0
764	22	1
764	23	1
764	24	1
764	25	1
764	26	1
764	27	1
764	28	1
764	29	1
764	30	1
764	31	1
764	32	1
764	33	1
764	34	0
764	35	1
764	36	0
764	37	1
764	38	1
764	39	1
764	40	1
765	1	1
765	2	1
765	3	1
765	4	1
765	5	1
765	6	0
765	7	0
765	8	1
765	9	1
765	10	0
765	11	1
765	12	1
765	13	1
765	14	0
765	15	1
765	16	1
765	17	1
765	18	0
765	19	1
765	20	1
765	21	0
765	22	1
765	23	1
765	24	1
765	25	1
765	26	1
765	27	1
765	28	0
765	29	0
765	30	1
765	31	1
765	32	1
765	33	0
765	34	1
765	35	1
765	36	1
765	37	1
765	38	0
765	39	1
765	40	1
766	1	0
766	2	0
766	3	1
766	4	1
766	5	0
766	6	0
766	7	0
766	8	1
766	9	0
766	10	0
766	11	1
766	12	0
766	13	0
766	14	0
766	15	0
766	16	0
766	17	0
766	18	0
766	19	1
766	20	1
766	21	1
766	22	0
766	23	0
766	24	1
766	25	0
766	26	0
766	27	1
766	28	0
766	29	0
766	30	0
766	31	1
766	32	1
766	33	0
766	34	1
766	35	1
766	36	1
766	37	0
766	38	0
766	39	0
766	40	0
767	1	0
767	2	0
767	3	0
767	4	0
767	5	0
767	6	1
767	7	0
767	8	1
767	9	0
767	10	1
767	11	1
767	12	1
767	13	0
767	14	0
767	15	0
767	16	0
767	17	1
767	18	1
767	19	1
767	20	1
767	21	0
767	22	0
767	23	1
767	24	1
767	25	0
767	26	0
767	27	1
767	28	1
767	29	0
767	30	1
767	31	0
767	32	1
767	33	1
767	34	1
767	35	0
767	36	1
767	37	1
767	38	0
767	39	0
767	40	1
768	1	1
768	2	1
768	3	0
768	4	1
768	5	1
768	6	0
768	7	0
768	8	1
768	9	1
768	10	0
768	11	1
768	12	1
768	13	1
768	14	0
768	15	1
768	16	1
768	17	1
768	18	0
768	19	1
768	20	1
768	21	1
768	22	1
768	23	1
768	24	1
768	25	1
768	26	1
768	27	1
768	28	0
768	29	0
768	30	1
768	31	1
768	32	1
768	33	0
768	34	0
768	35	1
768	36	0
768	37	1
768	38	0
768	39	1
768	40	1
769	1	1
769	2	1
769	3	0
769	4	1
769	5	1
769	6	0
769	7	0
769	8	1
769	9	1
769	10	0
769	11	1
769	12	1
769	13	1
769	14	0
769	15	1
769	16	1
769	17	1
769	18	0
769	19	1
769	20	1
769	21	1
769	22	1
769	23	1
769	24	1
769	25	1
769	26	1
769	27	1
769	28	0
769	29	0
769	30	1
769	31	1
769	32	1
769	33	0
769	34	0
769	35	1
769	36	0
769	37	1
769	38	0
769	39	1
769	40	1
770	1	1
770	2	1
770	3	0
770	4	1
770	5	1
770	6	0
770	7	0
770	8	1
770	9	1
770	10	0
770	11	1
770	12	1
770	13	1
770	14	0
770	15	1
770	16	1
770	17	1
770	18	0
770	19	1
770	20	1
770	21	1
770	22	1
770	23	1
770	24	1
770	25	1
770	26	1
770	27	1
770	28	0
770	29	0
770	30	1
770	31	1
770	32	1
770	33	0
770	34	0
770	35	1
770	36	0
770	37	1
770	38	0
770	39	1
770	40	1
771	1	1
771	2	1
771	3	0
771	4	1
771	5	1
771	6	0
771	7	0
771	8	1
771	9	1
771	10	0
771	11	1
771	12	1
771	13	1
771	14	0
771	15	1
771	16	1
771	17	1
771	18	0
771	19	1
771	20	1
771	21	1
771	22	1
771	23	1
771	24	1
771	25	1
771	26	1
771	27	1
771	28	0
771	29	0
771	30	1
771	31	1
771	32	1
771	33	0
771	34	0
771	35	1
771	36	0
771	37	1
771	38	0
771	39	1
771	40	1
772	1	1
772	2	1
772	3	0
772	4	0
772	5	1
772	6	1
772	7	1
772	8	0
772	9	0
772	10	1
772	11	0
772	12	1
772	13	0
772	14	1
772	15	0
772	16	1
772	17	1
772	18	1
772	19	0
772	20	0
772	21	1
772	22	1
772	23	0
772	24	0
772	25	1
772	26	1
772	27	0
772	28	0
772	29	0
772	30	1
772	31	0
772	32	0
772	33	1
772	34	1
772	35	0
772	36	1
772	37	0
772	38	1
772	39	1
772	40	1
773	1	0
773	2	0
773	3	1
773	4	1
773	5	0
773	6	0
773	7	0
773	8	1
773	9	0
773	10	0
773	11	1
773	12	0
773	13	0
773	14	0
773	15	0
773	16	0
773	17	0
773	18	0
773	19	1
773	20	1
773	21	1
773	22	0
773	23	0
773	24	1
773	25	0
773	26	0
773	27	1
773	28	0
773	29	0
773	30	0
773	31	1
773	32	1
773	33	0
773	34	1
773	35	1
773	36	1
773	37	0
773	38	0
773	39	0
773	40	0
774	1	1
774	2	1
774	3	1
774	4	1
774	5	1
774	6	0
774	7	0
774	8	1
774	9	1
774	10	0
774	11	1
774	12	1
774	13	1
774	14	0
774	15	1
774	16	1
774	17	1
774	18	0
774	19	1
774	20	1
774	21	0
774	22	1
774	23	1
774	24	1
774	25	1
774	26	1
774	27	1
774	28	0
774	29	0
774	30	1
774	31	1
774	32	1
774	33	0
774	34	1
774	35	1
774	36	1
774	37	1
774	38	0
774	39	1
774	40	1
775	1	1
775	2	1
775	3	1
775	4	1
775	5	1
775	6	0
775	7	0
775	8	1
775	9	1
775	10	0
775	11	1
775	12	1
775	13	1
775	14	0
775	15	1
775	16	1
775	17	1
775	18	0
775	19	1
775	20	1
775	21	0
775	22	1
775	23	1
775	24	1
775	25	1
775	26	1
775	27	1
775	28	0
775	29	0
775	30	1
775	31	1
775	32	1
775	33	0
775	34	1
775	35	1
775	36	1
775	37	1
775	38	0
775	39	1
775	40	1
776	1	1
776	2	1
776	3	0
776	4	0
776	5	1
776	6	0
776	7	0
776	8	0
776	9	1
776	10	1
776	11	0
776	12	1
776	13	1
776	14	1
776	15	1
776	16	1
776	17	1
776	18	0
776	19	1
776	20	1
776	21	0
776	22	1
776	23	0
776	24	1
776	25	0
776	26	0
776	27	0
776	28	1
776	29	1
776	30	1
776	31	0
776	32	1
776	33	1
776	34	0
776	35	0
776	36	0
776	37	1
776	38	1
776	39	0
776	40	0
777	1	1
777	2	0
777	3	0
777	4	0
777	5	0
777	6	0
777	7	0
777	8	1
777	9	1
777	10	0
777	11	1
777	12	1
777	13	0
777	14	0
777	15	0
777	16	1
777	17	1
777	18	0
777	19	1
777	20	1
777	21	0
777	22	0
777	23	1
777	24	1
777	25	0
777	26	1
777	27	1
777	28	0
777	29	0
777	30	1
777	31	0
777	32	1
777	33	0
777	34	1
777	35	0
777	36	1
777	37	1
777	38	0
777	39	1
777	40	1
778	1	0
778	2	1
778	3	0
778	4	1
778	5	1
778	6	1
778	7	1
778	8	1
778	9	0
778	10	1
778	11	0
778	12	1
778	13	0
778	14	1
778	15	0
778	16	0
778	17	1
778	18	1
778	19	1
778	20	0
778	21	1
778	22	1
778	23	0
778	24	1
778	25	1
778	26	0
778	27	1
778	28	0
778	29	0
778	30	1
778	31	1
778	32	0
778	33	1
778	34	1
778	35	1
778	36	1
778	37	0
778	38	1
778	39	0
778	40	1
779	1	0
779	2	0
779	3	1
779	4	1
779	5	0
779	6	0
779	7	0
779	8	1
779	9	0
779	10	0
779	11	1
779	12	0
779	13	0
779	14	0
779	15	0
779	16	0
779	17	0
779	18	0
779	19	1
779	20	1
779	21	1
779	22	0
779	23	0
779	24	1
779	25	0
779	26	0
779	27	1
779	28	0
779	29	0
779	30	0
779	31	1
779	32	1
779	33	0
779	34	1
779	35	1
779	36	1
779	37	0
779	38	0
779	39	0
779	40	0
780	1	1
780	2	1
780	3	0
780	4	1
780	5	1
780	6	0
780	7	0
780	8	1
780	9	1
780	10	0
780	11	1
780	12	1
780	13	1
780	14	0
780	15	1
780	16	1
780	17	1
780	18	0
780	19	1
780	20	1
780	21	1
780	22	1
780	23	1
780	24	1
780	25	1
780	26	1
780	27	1
780	28	0
780	29	0
780	30	1
780	31	1
780	32	1
780	33	0
780	34	0
780	35	1
780	36	0
780	37	1
780	38	0
780	39	1
780	40	1
781	1	1
781	2	1
781	3	1
781	4	0
781	5	1
781	6	1
781	7	1
781	8	0
781	9	1
781	10	1
781	11	0
781	12	1
781	13	1
781	14	1
781	15	1
781	16	1
781	17	1
781	18	1
781	19	0
781	20	0
781	21	1
781	22	1
781	23	1
781	24	0
781	25	1
781	26	1
781	27	0
781	28	1
781	29	1
781	30	1
781	31	0
781	32	0
781	33	1
781	34	1
781	35	0
781	36	1
781	37	1
781	38	1
781	39	1
781	40	1
782	1	1
782	2	1
782	3	1
782	4	0
782	5	1
782	6	1
782	7	1
782	8	0
782	9	1
782	10	1
782	11	0
782	12	1
782	13	1
782	14	1
782	15	1
782	16	1
782	17	1
782	18	1
782	19	0
782	20	0
782	21	1
782	22	1
782	23	1
782	24	0
782	25	1
782	26	1
782	27	0
782	28	1
782	29	1
782	30	1
782	31	0
782	32	0
782	33	1
782	34	1
782	35	0
782	36	1
782	37	1
782	38	1
782	39	1
782	40	1
783	1	1
783	2	0
783	3	0
783	4	1
783	5	0
783	6	1
783	7	1
783	8	1
783	9	1
783	10	1
783	11	1
783	12	0
783	13	0
783	14	1
783	15	0
783	16	1
783	17	0
783	18	1
783	19	1
783	20	1
783	21	0
783	22	0
783	23	0
783	24	1
783	25	0
783	26	1
783	27	1
783	28	1
783	29	1
783	30	0
783	31	1
783	32	1
783	33	1
783	34	0
783	35	1
783	36	0
783	37	0
783	38	1
783	39	1
783	40	0
784	1	1
784	2	1
784	3	1
784	4	1
784	5	1
784	6	0
784	7	0
784	8	1
784	9	1
784	10	0
784	11	1
784	12	1
784	13	1
784	14	0
784	15	1
784	16	1
784	17	1
784	18	0
784	19	1
784	20	1
784	21	0
784	22	1
784	23	1
784	24	1
784	25	1
784	26	1
784	27	1
784	28	0
784	29	0
784	30	1
784	31	1
784	32	1
784	33	0
784	34	1
784	35	1
784	36	1
784	37	1
784	38	0
784	39	1
784	40	1
785	1	1
785	2	1
785	3	0
785	4	1
785	5	1
785	6	1
785	7	1
785	8	1
785	9	1
785	10	1
785	11	1
785	12	1
785	13	1
785	14	1
785	15	1
785	16	1
785	17	1
785	18	1
785	19	1
785	20	1
785	21	0
785	22	1
785	23	1
785	24	1
785	25	1
785	26	1
785	27	1
785	28	1
785	29	1
785	30	1
785	31	1
785	32	1
785	33	1
785	34	0
785	35	1
785	36	0
785	37	1
785	38	1
785	39	1
785	40	1
786	1	1
786	2	1
786	3	0
786	4	1
786	5	1
786	6	0
786	7	0
786	8	1
786	9	1
786	10	0
786	11	1
786	12	1
786	13	1
786	14	0
786	15	1
786	16	1
786	17	1
786	18	0
786	19	1
786	20	1
786	21	1
786	22	1
786	23	1
786	24	1
786	25	1
786	26	1
786	27	1
786	28	0
786	29	0
786	30	1
786	31	1
786	32	1
786	33	0
786	34	0
786	35	1
786	36	0
786	37	1
786	38	0
786	39	1
786	40	1
787	1	0
787	2	0
787	3	0
787	4	0
787	5	0
787	6	0
787	7	0
787	8	0
787	9	0
787	10	0
787	11	0
787	12	0
787	13	0
787	14	0
787	15	0
787	16	0
787	17	0
787	18	0
787	19	1
787	20	1
787	21	0
787	22	0
787	23	0
787	24	1
787	25	0
787	26	0
787	27	0
787	28	0
787	29	0
787	30	0
787	31	0
787	32	1
787	33	0
787	34	1
787	35	0
787	36	1
787	37	0
787	38	0
787	39	0
787	40	0
788	1	1
788	2	1
788	3	0
788	4	0
788	5	1
788	6	0
788	7	0
788	8	0
788	9	1
788	10	0
788	11	0
788	12	1
788	13	1
788	14	0
788	15	1
788	16	1
788	17	1
788	18	0
788	19	1
788	20	1
788	21	0
788	22	1
788	23	0
788	24	1
788	25	0
788	26	0
788	27	0
788	28	0
788	29	0
788	30	1
788	31	0
788	32	1
788	33	0
788	34	0
788	35	0
788	36	0
788	37	1
788	38	0
788	39	0
788	40	0
789	1	1
789	2	1
789	3	1
789	4	0
789	5	1
789	6	1
789	7	1
789	8	0
789	9	1
789	10	1
789	11	0
789	12	1
789	13	1
789	14	1
789	15	1
789	16	1
789	17	1
789	18	1
789	19	0
789	20	0
789	21	1
789	22	1
789	23	1
789	24	0
789	25	1
789	26	1
789	27	0
789	28	1
789	29	1
789	30	1
789	31	0
789	32	0
789	33	1
789	34	1
789	35	0
789	36	1
789	37	1
789	38	1
789	39	1
789	40	1
790	1	1
790	2	1
790	3	0
790	4	1
790	5	1
790	6	1
790	7	1
790	8	1
790	9	0
790	10	1
790	11	0
790	12	1
790	13	0
790	14	1
790	15	0
790	16	1
790	17	1
790	18	1
790	19	1
790	20	0
790	21	0
790	22	1
790	23	0
790	24	1
790	25	1
790	26	1
790	27	1
790	28	0
790	29	0
790	30	1
790	31	1
790	32	0
790	33	1
790	34	0
790	35	1
790	36	0
790	37	0
790	38	1
790	39	1
790	40	1
791	1	1
791	2	1
791	3	1
791	4	1
791	5	1
791	6	0
791	7	0
791	8	1
791	9	1
791	10	0
791	11	1
791	12	1
791	13	1
791	14	0
791	15	1
791	16	1
791	17	1
791	18	0
791	19	1
791	20	1
791	21	0
791	22	1
791	23	1
791	24	1
791	25	1
791	26	1
791	27	1
791	28	0
791	29	0
791	30	1
791	31	1
791	32	1
791	33	0
791	34	1
791	35	1
791	36	1
791	37	1
791	38	0
791	39	1
791	40	1
792	1	1
792	2	1
792	3	0
792	4	1
792	5	1
792	6	1
792	7	1
792	8	1
792	9	1
792	10	1
792	11	1
792	12	1
792	13	1
792	14	1
792	15	1
792	16	1
792	17	1
792	18	1
792	19	1
792	20	1
792	21	0
792	22	1
792	23	1
792	24	1
792	25	1
792	26	1
792	27	1
792	28	1
792	29	1
792	30	1
792	31	1
792	32	1
792	33	1
792	34	0
792	35	1
792	36	0
792	37	1
792	38	1
792	39	1
792	40	1
793	1	1
793	2	1
793	3	0
793	4	1
793	5	1
793	6	0
793	7	0
793	8	1
793	9	1
793	10	0
793	11	1
793	12	1
793	13	1
793	14	0
793	15	1
793	16	1
793	17	1
793	18	0
793	19	1
793	20	1
793	21	1
793	22	1
793	23	1
793	24	1
793	25	1
793	26	1
793	27	1
793	28	0
793	29	0
793	30	1
793	31	1
793	32	1
793	33	0
793	34	0
793	35	1
793	36	0
793	37	1
793	38	0
793	39	1
793	40	1
794	1	1
794	2	1
794	3	0
794	4	1
794	5	1
794	6	0
794	7	0
794	8	1
794	9	1
794	10	0
794	11	1
794	12	1
794	13	1
794	14	0
794	15	1
794	16	1
794	17	1
794	18	0
794	19	1
794	20	1
794	21	1
794	22	1
794	23	1
794	24	1
794	25	1
794	26	1
794	27	1
794	28	0
794	29	0
794	30	1
794	31	1
794	32	1
794	33	0
794	34	0
794	35	1
794	36	0
794	37	1
794	38	0
794	39	1
794	40	1
795	1	1
795	2	1
795	3	0
795	4	0
795	5	0
795	6	0
795	7	0
795	8	1
795	9	1
795	10	0
795	11	0
795	12	0
795	13	0
795	14	0
795	15	1
795	16	0
795	17	1
795	18	0
795	19	1
795	20	1
795	21	1
795	22	0
795	23	0
795	24	1
795	25	1
795	26	1
795	27	0
795	28	0
795	29	0
795	30	1
795	31	0
795	32	1
795	33	0
795	34	0
795	35	1
795	36	0
795	37	0
795	38	0
795	39	1
795	40	1
796	1	1
796	2	1
796	3	1
796	4	0
796	5	0
796	6	0
796	7	0
796	8	1
796	9	1
796	10	0
796	11	0
796	12	0
796	13	0
796	14	0
796	15	1
796	16	0
796	17	1
796	18	0
796	19	1
796	20	1
796	21	0
796	22	0
796	23	0
796	24	1
796	25	1
796	26	1
796	27	0
796	28	0
796	29	0
796	30	1
796	31	0
796	32	1
796	33	0
796	34	0
796	35	1
796	36	1
796	37	0
796	38	0
796	39	1
796	40	1
797	1	1
797	2	1
797	3	0
797	4	1
797	5	1
797	6	1
797	7	1
797	8	1
797	9	1
797	10	1
797	11	1
797	12	1
797	13	1
797	14	1
797	15	1
797	16	1
797	17	1
797	18	1
797	19	1
797	20	1
797	21	0
797	22	1
797	23	1
797	24	1
797	25	1
797	26	1
797	27	1
797	28	1
797	29	1
797	30	1
797	31	1
797	32	1
797	33	1
797	34	0
797	35	1
797	36	0
797	37	1
797	38	1
797	39	1
797	40	1
798	1	1
798	2	1
798	3	1
798	4	1
798	5	1
798	6	0
798	7	0
798	8	1
798	9	1
798	10	0
798	11	1
798	12	1
798	13	1
798	14	0
798	15	1
798	16	1
798	17	1
798	18	0
798	19	1
798	20	1
798	21	0
798	22	1
798	23	1
798	24	1
798	25	1
798	26	1
798	27	1
798	28	0
798	29	0
798	30	1
798	31	1
798	32	1
798	33	0
798	34	1
798	35	1
798	36	1
798	37	1
798	38	0
798	39	1
798	40	1
799	1	1
799	2	1
799	3	1
799	4	1
799	5	1
799	6	0
799	7	0
799	8	1
799	9	1
799	10	0
799	11	1
799	12	1
799	13	1
799	14	0
799	15	1
799	16	1
799	17	1
799	18	0
799	19	1
799	20	1
799	21	0
799	22	1
799	23	1
799	24	1
799	25	1
799	26	1
799	27	1
799	28	0
799	29	0
799	30	1
799	31	1
799	32	1
799	33	0
799	34	1
799	35	1
799	36	1
799	37	1
799	38	0
799	39	1
799	40	1
800	1	1
800	2	0
800	3	0
800	4	1
800	5	0
800	6	1
800	7	1
800	8	1
800	9	1
800	10	1
800	11	1
800	12	0
800	13	0
800	14	1
800	15	0
800	16	1
800	17	0
800	18	1
800	19	1
800	20	1
800	21	0
800	22	0
800	23	0
800	24	1
800	25	0
800	26	1
800	27	1
800	28	1
800	29	1
800	30	0
800	31	1
800	32	1
800	33	1
800	34	0
800	35	1
800	36	0
800	37	0
800	38	1
800	39	1
800	40	0
801	1	1
801	2	1
801	3	0
801	4	1
801	5	1
801	6	1
801	7	1
801	8	1
801	9	1
801	10	1
801	11	1
801	12	1
801	13	1
801	14	1
801	15	1
801	16	1
801	17	1
801	18	1
801	19	1
801	20	1
801	21	0
801	22	1
801	23	1
801	24	1
801	25	1
801	26	1
801	27	1
801	28	1
801	29	1
801	30	1
801	31	1
801	32	1
801	33	1
801	34	0
801	35	1
801	36	0
801	37	1
801	38	1
801	39	1
801	40	1
802	1	1
802	2	1
802	3	1
802	4	0
802	5	1
802	6	1
802	7	1
802	8	0
802	9	1
802	10	1
802	11	0
802	12	1
802	13	1
802	14	1
802	15	1
802	16	1
802	17	1
802	18	1
802	19	0
802	20	0
802	21	1
802	22	1
802	23	1
802	24	0
802	25	1
802	26	1
802	27	0
802	28	1
802	29	1
802	30	1
802	31	0
802	32	0
802	33	1
802	34	1
802	35	0
802	36	1
802	37	1
802	38	1
802	39	1
802	40	1
803	1	1
803	2	1
803	3	1
803	4	1
803	5	1
803	6	0
803	7	0
803	8	1
803	9	1
803	10	0
803	11	1
803	12	1
803	13	1
803	14	0
803	15	1
803	16	1
803	17	1
803	18	0
803	19	1
803	20	1
803	21	0
803	22	1
803	23	1
803	24	1
803	25	1
803	26	1
803	27	1
803	28	0
803	29	0
803	30	1
803	31	1
803	32	1
803	33	0
803	34	1
803	35	1
803	36	1
803	37	1
803	38	0
803	39	1
803	40	1
804	1	1
804	2	1
804	3	1
804	4	0
804	5	1
804	6	1
804	7	1
804	8	0
804	9	1
804	10	1
804	11	0
804	12	1
804	13	1
804	14	1
804	15	1
804	16	1
804	17	1
804	18	1
804	19	0
804	20	0
804	21	1
804	22	1
804	23	1
804	24	0
804	25	1
804	26	1
804	27	0
804	28	1
804	29	1
804	30	1
804	31	0
804	32	0
804	33	1
804	34	1
804	35	0
804	36	1
804	37	1
804	38	1
804	39	1
804	40	1
805	1	1
805	2	1
805	3	1
805	4	1
805	5	1
805	6	0
805	7	0
805	8	1
805	9	1
805	10	0
805	11	1
805	12	1
805	13	1
805	14	0
805	15	1
805	16	1
805	17	1
805	18	0
805	19	1
805	20	1
805	21	0
805	22	1
805	23	1
805	24	1
805	25	1
805	26	1
805	27	1
805	28	0
805	29	0
805	30	1
805	31	1
805	32	1
805	33	0
805	34	1
805	35	1
805	36	1
805	37	1
805	38	0
805	39	1
805	40	1
806	1	1
806	2	1
806	3	0
806	4	1
806	5	1
806	6	1
806	7	1
806	8	1
806	9	1
806	10	1
806	11	1
806	12	1
806	13	1
806	14	1
806	15	1
806	16	1
806	17	1
806	18	1
806	19	1
806	20	1
806	21	0
806	22	1
806	23	1
806	24	1
806	25	1
806	26	1
806	27	1
806	28	1
806	29	1
806	30	1
806	31	1
806	32	1
806	33	1
806	34	0
806	35	1
806	36	0
806	37	1
806	38	1
806	39	1
806	40	1
807	1	1
807	2	1
807	3	0
807	4	1
807	5	1
807	6	0
807	7	0
807	8	1
807	9	1
807	10	0
807	11	1
807	12	1
807	13	1
807	14	0
807	15	1
807	16	1
807	17	1
807	18	0
807	19	1
807	20	1
807	21	1
807	22	1
807	23	1
807	24	1
807	25	1
807	26	1
807	27	1
807	28	0
807	29	0
807	30	1
807	31	1
807	32	1
807	33	0
807	34	0
807	35	1
807	36	0
807	37	1
807	38	0
807	39	1
807	40	1
808	1	1
808	2	0
808	3	0
808	4	0
808	5	0
808	6	0
808	7	0
808	8	0
808	9	1
808	10	1
808	11	0
808	12	0
808	13	0
808	14	1
808	15	0
808	16	1
808	17	0
808	18	0
808	19	1
808	20	1
808	21	0
808	22	0
808	23	0
808	24	1
808	25	0
808	26	0
808	27	0
808	28	1
808	29	1
808	30	0
808	31	0
808	32	1
808	33	1
808	34	0
808	35	0
808	36	0
808	37	0
808	38	1
808	39	0
808	40	0
809	1	1
809	2	1
809	3	0
809	4	1
809	5	1
809	6	1
809	7	1
809	8	1
809	9	1
809	10	1
809	11	1
809	12	1
809	13	1
809	14	1
809	15	1
809	16	1
809	17	1
809	18	1
809	19	1
809	20	1
809	21	0
809	22	1
809	23	1
809	24	1
809	25	1
809	26	1
809	27	1
809	28	1
809	29	1
809	30	1
809	31	1
809	32	1
809	33	1
809	34	0
809	35	1
809	36	0
809	37	1
809	38	1
809	39	1
809	40	1
810	1	1
810	2	1
810	3	1
810	4	1
810	5	1
810	6	0
810	7	0
810	8	1
810	9	1
810	10	0
810	11	1
810	12	1
810	13	1
810	14	0
810	15	1
810	16	1
810	17	1
810	18	0
810	19	1
810	20	1
810	21	0
810	22	1
810	23	1
810	24	1
810	25	1
810	26	1
810	27	1
810	28	0
810	29	0
810	30	1
810	31	1
810	32	1
810	33	0
810	34	1
810	35	1
810	36	1
810	37	1
810	38	0
810	39	1
810	40	1
811	1	1
811	2	1
811	3	1
811	4	0
811	5	1
811	6	1
811	7	1
811	8	0
811	9	1
811	10	1
811	11	0
811	12	1
811	13	1
811	14	1
811	15	1
811	16	1
811	17	1
811	18	1
811	19	0
811	20	0
811	21	1
811	22	1
811	23	1
811	24	0
811	25	1
811	26	1
811	27	0
811	28	1
811	29	1
811	30	1
811	31	0
811	32	0
811	33	1
811	34	1
811	35	0
811	36	1
811	37	1
811	38	1
811	39	1
811	40	1
812	1	1
812	2	1
812	3	0
812	4	1
812	5	1
812	6	0
812	7	0
812	8	1
812	9	1
812	10	0
812	11	1
812	12	1
812	13	1
812	14	0
812	15	1
812	16	1
812	17	1
812	18	0
812	19	1
812	20	1
812	21	1
812	22	1
812	23	1
812	24	1
812	25	1
812	26	1
812	27	1
812	28	0
812	29	0
812	30	1
812	31	1
812	32	1
812	33	0
812	34	0
812	35	1
812	36	0
812	37	1
812	38	0
812	39	1
812	40	1
813	1	1
813	2	1
813	3	0
813	4	1
813	5	1
813	6	0
813	7	0
813	8	1
813	9	1
813	10	0
813	11	1
813	12	1
813	13	1
813	14	0
813	15	1
813	16	1
813	17	1
813	18	0
813	19	1
813	20	1
813	21	1
813	22	1
813	23	1
813	24	1
813	25	1
813	26	1
813	27	1
813	28	0
813	29	0
813	30	1
813	31	1
813	32	1
813	33	0
813	34	0
813	35	1
813	36	0
813	37	1
813	38	0
813	39	1
813	40	1
814	1	1
814	2	1
814	3	0
814	4	1
814	5	1
814	6	1
814	7	1
814	8	1
814	9	1
814	10	1
814	11	1
814	12	1
814	13	1
814	14	1
814	15	1
814	16	1
814	17	1
814	18	1
814	19	1
814	20	1
814	21	0
814	22	1
814	23	1
814	24	1
814	25	1
814	26	1
814	27	1
814	28	1
814	29	1
814	30	1
814	31	1
814	32	1
814	33	1
814	34	0
814	35	1
814	36	0
814	37	1
814	38	1
814	39	1
814	40	1
815	1	1
815	2	1
815	3	0
815	4	1
815	5	1
815	6	0
815	7	0
815	8	1
815	9	1
815	10	0
815	11	1
815	12	1
815	13	1
815	14	0
815	15	1
815	16	1
815	17	1
815	18	0
815	19	1
815	20	1
815	21	1
815	22	1
815	23	1
815	24	1
815	25	1
815	26	1
815	27	1
815	28	0
815	29	0
815	30	1
815	31	1
815	32	1
815	33	0
815	34	0
815	35	1
815	36	0
815	37	1
815	38	0
815	39	1
815	40	1
816	1	0
816	2	1
816	3	1
816	4	1
816	5	1
816	6	1
816	7	1
816	8	1
816	9	0
816	10	1
816	11	1
816	12	1
816	13	1
816	14	1
816	15	1
816	16	0
816	17	1
816	18	1
816	19	1
816	20	1
816	21	1
816	22	1
816	23	1
816	24	1
816	25	1
816	26	0
816	27	1
816	28	1
816	29	1
816	30	1
816	31	1
816	32	1
816	33	1
816	34	1
816	35	1
816	36	1
816	37	1
816	38	1
816	39	0
816	40	1
817	1	1
817	2	1
817	3	0
817	4	1
817	5	1
817	6	0
817	7	0
817	8	1
817	9	1
817	10	0
817	11	1
817	12	1
817	13	1
817	14	0
817	15	1
817	16	1
817	17	1
817	18	0
817	19	1
817	20	1
817	21	1
817	22	1
817	23	1
817	24	1
817	25	1
817	26	1
817	27	1
817	28	0
817	29	0
817	30	1
817	31	1
817	32	1
817	33	0
817	34	0
817	35	1
817	36	0
817	37	1
817	38	0
817	39	1
817	40	1
818	1	1
818	2	1
818	3	1
818	4	1
818	5	1
818	6	0
818	7	0
818	8	1
818	9	1
818	10	0
818	11	1
818	12	1
818	13	1
818	14	0
818	15	1
818	16	1
818	17	1
818	18	0
818	19	1
818	20	1
818	21	0
818	22	1
818	23	1
818	24	1
818	25	1
818	26	1
818	27	1
818	28	0
818	29	0
818	30	1
818	31	1
818	32	1
818	33	0
818	34	1
818	35	1
818	36	1
818	37	1
818	38	0
818	39	1
818	40	1
819	1	1
819	2	1
819	3	0
819	4	1
819	5	1
819	6	0
819	7	0
819	8	1
819	9	1
819	10	0
819	11	1
819	12	1
819	13	1
819	14	0
819	15	1
819	16	1
819	17	1
819	18	0
819	19	1
819	20	1
819	21	1
819	22	1
819	23	1
819	24	1
819	25	1
819	26	1
819	27	1
819	28	0
819	29	0
819	30	1
819	31	1
819	32	1
819	33	0
819	34	0
819	35	1
819	36	0
819	37	1
819	38	0
819	39	1
819	40	1
820	1	1
820	2	1
820	3	1
820	4	1
820	5	1
820	6	0
820	7	0
820	8	1
820	9	1
820	10	0
820	11	1
820	12	1
820	13	1
820	14	0
820	15	1
820	16	1
820	17	1
820	18	0
820	19	1
820	20	1
820	21	0
820	22	1
820	23	1
820	24	1
820	25	1
820	26	1
820	27	1
820	28	0
820	29	0
820	30	1
820	31	1
820	32	1
820	33	0
820	34	1
820	35	1
820	36	1
820	37	1
820	38	0
820	39	1
820	40	1
821	1	1
821	2	1
821	3	0
821	4	1
821	5	1
821	6	0
821	7	0
821	8	1
821	9	1
821	10	0
821	11	1
821	12	1
821	13	1
821	14	0
821	15	1
821	16	1
821	17	1
821	18	0
821	19	1
821	20	1
821	21	1
821	22	1
821	23	1
821	24	1
821	25	1
821	26	1
821	27	1
821	28	0
821	29	0
821	30	1
821	31	1
821	32	1
821	33	0
821	34	0
821	35	1
821	36	0
821	37	1
821	38	0
821	39	1
821	40	1
822	1	1
822	2	0
822	3	0
822	4	0
822	5	0
822	6	1
822	7	0
822	8	1
822	9	1
822	10	1
822	11	1
822	12	1
822	13	0
822	14	0
822	15	0
822	16	1
822	17	1
822	18	1
822	19	1
822	20	1
822	21	0
822	22	0
822	23	1
822	24	1
822	25	0
822	26	1
822	27	1
822	28	1
822	29	0
822	30	1
822	31	0
822	32	1
822	33	1
822	34	0
822	35	0
822	36	0
822	37	1
822	38	0
822	39	1
822	40	1
823	1	1
823	2	1
823	3	0
823	4	1
823	5	1
823	6	0
823	7	0
823	8	1
823	9	1
823	10	0
823	11	1
823	12	1
823	13	1
823	14	0
823	15	1
823	16	1
823	17	1
823	18	0
823	19	1
823	20	1
823	21	1
823	22	1
823	23	1
823	24	1
823	25	1
823	26	1
823	27	1
823	28	0
823	29	0
823	30	1
823	31	1
823	32	1
823	33	0
823	34	0
823	35	1
823	36	0
823	37	1
823	38	0
823	39	1
823	40	1
824	1	0
824	2	0
824	3	1
824	4	1
824	5	0
824	6	0
824	7	0
824	8	1
824	9	0
824	10	0
824	11	1
824	12	0
824	13	0
824	14	0
824	15	0
824	16	0
824	17	0
824	18	0
824	19	1
824	20	1
824	21	1
824	22	0
824	23	0
824	24	1
824	25	0
824	26	0
824	27	1
824	28	0
824	29	0
824	30	0
824	31	1
824	32	1
824	33	0
824	34	1
824	35	1
824	36	1
824	37	0
824	38	0
824	39	0
824	40	0
825	1	1
825	2	1
825	3	0
825	4	1
825	5	1
825	6	0
825	7	0
825	8	1
825	9	1
825	10	0
825	11	1
825	12	1
825	13	1
825	14	0
825	15	1
825	16	1
825	17	1
825	18	0
825	19	1
825	20	1
825	21	1
825	22	1
825	23	1
825	24	1
825	25	1
825	26	1
825	27	1
825	28	0
825	29	0
825	30	1
825	31	1
825	32	1
825	33	0
825	34	0
825	35	1
825	36	0
825	37	1
825	38	0
825	39	1
825	40	1
826	1	1
826	2	1
826	3	1
826	4	0
826	5	1
826	6	1
826	7	1
826	8	0
826	9	1
826	10	1
826	11	0
826	12	1
826	13	1
826	14	1
826	15	1
826	16	1
826	17	1
826	18	1
826	19	0
826	20	0
826	21	1
826	22	1
826	23	1
826	24	0
826	25	1
826	26	1
826	27	0
826	28	1
826	29	1
826	30	1
826	31	0
826	32	0
826	33	1
826	34	1
826	35	0
826	36	1
826	37	1
826	38	1
826	39	1
826	40	1
827	1	1
827	2	1
827	3	0
827	4	1
827	5	1
827	6	1
827	7	1
827	8	1
827	9	1
827	10	1
827	11	1
827	12	1
827	13	1
827	14	1
827	15	1
827	16	1
827	17	1
827	18	1
827	19	1
827	20	1
827	21	0
827	22	1
827	23	1
827	24	1
827	25	1
827	26	1
827	27	1
827	28	1
827	29	1
827	30	1
827	31	1
827	32	1
827	33	1
827	34	0
827	35	1
827	36	0
827	37	1
827	38	1
827	39	1
827	40	1
828	1	1
828	2	1
828	3	0
828	4	0
828	5	1
828	6	1
828	7	1
828	8	0
828	9	0
828	10	1
828	11	0
828	12	1
828	13	0
828	14	1
828	15	0
828	16	1
828	17	1
828	18	1
828	19	0
828	20	0
828	21	1
828	22	1
828	23	0
828	24	0
828	25	1
828	26	1
828	27	0
828	28	0
828	29	0
828	30	1
828	31	0
828	32	0
828	33	1
828	34	1
828	35	0
828	36	1
828	37	0
828	38	1
828	39	1
828	40	1
829	1	0
829	2	0
829	3	1
829	4	1
829	5	0
829	6	0
829	7	0
829	8	1
829	9	0
829	10	0
829	11	1
829	12	0
829	13	0
829	14	0
829	15	0
829	16	0
829	17	0
829	18	0
829	19	1
829	20	1
829	21	1
829	22	0
829	23	0
829	24	1
829	25	0
829	26	0
829	27	1
829	28	0
829	29	0
829	30	0
829	31	1
829	32	1
829	33	0
829	34	1
829	35	1
829	36	1
829	37	0
829	38	0
829	39	0
829	40	0
830	1	1
830	2	1
830	3	0
830	4	1
830	5	1
830	6	0
830	7	0
830	8	1
830	9	1
830	10	0
830	11	1
830	12	1
830	13	1
830	14	0
830	15	1
830	16	1
830	17	1
830	18	0
830	19	1
830	20	1
830	21	1
830	22	1
830	23	1
830	24	1
830	25	1
830	26	1
830	27	1
830	28	0
830	29	0
830	30	1
830	31	1
830	32	1
830	33	0
830	34	0
830	35	1
830	36	0
830	37	1
830	38	0
830	39	1
830	40	1
831	1	0
831	2	0
831	3	1
831	4	1
831	5	0
831	6	0
831	7	0
831	8	1
831	9	0
831	10	0
831	11	1
831	12	0
831	13	0
831	14	0
831	15	0
831	16	0
831	17	0
831	18	0
831	19	1
831	20	1
831	21	1
831	22	0
831	23	0
831	24	1
831	25	0
831	26	0
831	27	1
831	28	0
831	29	0
831	30	0
831	31	1
831	32	1
831	33	0
831	34	1
831	35	1
831	36	1
831	37	0
831	38	0
831	39	0
831	40	0
832	1	1
832	2	1
832	3	0
832	4	1
832	5	1
832	6	1
832	7	1
832	8	1
832	9	1
832	10	1
832	11	1
832	12	1
832	13	1
832	14	1
832	15	1
832	16	1
832	17	1
832	18	1
832	19	1
832	20	1
832	21	0
832	22	1
832	23	1
832	24	1
832	25	1
832	26	1
832	27	1
832	28	1
832	29	1
832	30	1
832	31	1
832	32	1
832	33	1
832	34	0
832	35	1
832	36	0
832	37	1
832	38	1
832	39	1
832	40	1
833	1	1
833	2	1
833	3	0
833	4	0
833	5	1
833	6	0
833	7	0
833	8	0
833	9	1
833	10	1
833	11	0
833	12	1
833	13	1
833	14	1
833	15	1
833	16	1
833	17	1
833	18	0
833	19	1
833	20	1
833	21	0
833	22	1
833	23	0
833	24	1
833	25	0
833	26	0
833	27	0
833	28	1
833	29	1
833	30	1
833	31	0
833	32	1
833	33	1
833	34	0
833	35	0
833	36	0
833	37	1
833	38	1
833	39	0
833	40	0
834	1	1
834	2	1
834	3	1
834	4	0
834	5	1
834	6	1
834	7	1
834	8	0
834	9	1
834	10	1
834	11	0
834	12	1
834	13	1
834	14	1
834	15	1
834	16	1
834	17	1
834	18	1
834	19	0
834	20	0
834	21	1
834	22	1
834	23	1
834	24	0
834	25	1
834	26	1
834	27	0
834	28	1
834	29	1
834	30	1
834	31	0
834	32	0
834	33	1
834	34	1
834	35	0
834	36	1
834	37	1
834	38	1
834	39	1
834	40	1
835	1	1
835	2	1
835	3	0
835	4	1
835	5	1
835	6	1
835	7	1
835	8	1
835	9	1
835	10	1
835	11	1
835	12	1
835	13	1
835	14	1
835	15	1
835	16	1
835	17	1
835	18	1
835	19	1
835	20	1
835	21	0
835	22	1
835	23	1
835	24	1
835	25	1
835	26	1
835	27	1
835	28	1
835	29	1
835	30	1
835	31	1
835	32	1
835	33	1
835	34	0
835	35	1
835	36	0
835	37	1
835	38	1
835	39	1
835	40	1
836	1	1
836	2	1
836	3	0
836	4	1
836	5	1
836	6	0
836	7	0
836	8	1
836	9	1
836	10	0
836	11	1
836	12	1
836	13	1
836	14	0
836	15	1
836	16	1
836	17	1
836	18	0
836	19	1
836	20	1
836	21	1
836	22	1
836	23	1
836	24	1
836	25	1
836	26	1
836	27	1
836	28	0
836	29	0
836	30	1
836	31	1
836	32	1
836	33	0
836	34	0
836	35	1
836	36	0
836	37	1
836	38	0
836	39	1
836	40	1
837	1	1
837	2	1
837	3	0
837	4	1
837	5	1
837	6	0
837	7	0
837	8	1
837	9	1
837	10	0
837	11	1
837	12	1
837	13	1
837	14	0
837	15	1
837	16	1
837	17	1
837	18	0
837	19	1
837	20	1
837	21	1
837	22	1
837	23	1
837	24	1
837	25	1
837	26	1
837	27	1
837	28	0
837	29	0
837	30	1
837	31	1
837	32	1
837	33	0
837	34	0
837	35	1
837	36	0
837	37	1
837	38	0
837	39	1
837	40	1
838	1	0
838	2	1
838	3	1
838	4	1
838	5	1
838	6	1
838	7	1
838	8	1
838	9	0
838	10	1
838	11	1
838	12	1
838	13	1
838	14	1
838	15	1
838	16	0
838	17	1
838	18	1
838	19	1
838	20	1
838	21	1
838	22	1
838	23	1
838	24	1
838	25	1
838	26	0
838	27	1
838	28	1
838	29	1
838	30	1
838	31	1
838	32	1
838	33	1
838	34	1
838	35	1
838	36	1
838	37	1
838	38	1
838	39	0
838	40	1
839	1	1
839	2	1
839	3	0
839	4	1
839	5	1
839	6	1
839	7	1
839	8	1
839	9	1
839	10	1
839	11	1
839	12	1
839	13	1
839	14	1
839	15	1
839	16	1
839	17	1
839	18	1
839	19	1
839	20	1
839	21	0
839	22	1
839	23	1
839	24	1
839	25	1
839	26	1
839	27	1
839	28	1
839	29	1
839	30	1
839	31	1
839	32	1
839	33	1
839	34	0
839	35	1
839	36	0
839	37	1
839	38	1
839	39	1
839	40	1
840	1	1
840	2	1
840	3	0
840	4	0
840	5	1
840	6	0
840	7	0
840	8	0
840	9	1
840	10	0
840	11	0
840	12	1
840	13	1
840	14	0
840	15	1
840	16	1
840	17	1
840	18	0
840	19	1
840	20	1
840	21	0
840	22	1
840	23	0
840	24	1
840	25	0
840	26	0
840	27	0
840	28	0
840	29	0
840	30	1
840	31	0
840	32	1
840	33	0
840	34	0
840	35	0
840	36	0
840	37	1
840	38	0
840	39	0
840	40	0
841	1	1
841	2	1
841	3	0
841	4	1
841	5	1
841	6	0
841	7	0
841	8	1
841	9	1
841	10	0
841	11	1
841	12	1
841	13	1
841	14	0
841	15	1
841	16	1
841	17	1
841	18	0
841	19	1
841	20	1
841	21	1
841	22	1
841	23	1
841	24	1
841	25	1
841	26	1
841	27	1
841	28	0
841	29	0
841	30	1
841	31	1
841	32	1
841	33	0
841	34	0
841	35	1
841	36	0
841	37	1
841	38	0
841	39	1
841	40	1
842	1	1
842	2	1
842	3	0
842	4	0
842	5	0
842	6	0
842	7	0
842	8	0
842	9	1
842	10	0
842	11	0
842	12	1
842	13	1
842	14	0
842	15	1
842	16	1
842	17	0
842	18	0
842	19	1
842	20	1
842	21	0
842	22	1
842	23	0
842	24	1
842	25	0
842	26	0
842	27	0
842	28	0
842	29	0
842	30	0
842	31	0
842	32	1
842	33	0
842	34	0
842	35	0
842	36	0
842	37	1
842	38	0
842	39	0
842	40	0
843	1	1
843	2	0
843	3	0
843	4	1
843	5	0
843	6	1
843	7	1
843	8	1
843	9	1
843	10	1
843	11	1
843	12	0
843	13	0
843	14	1
843	15	0
843	16	1
843	17	0
843	18	1
843	19	1
843	20	1
843	21	0
843	22	0
843	23	0
843	24	1
843	25	0
843	26	1
843	27	1
843	28	1
843	29	1
843	30	0
843	31	1
843	32	1
843	33	1
843	34	0
843	35	1
843	36	0
843	37	0
843	38	1
843	39	1
843	40	0
844	1	0
844	2	0
844	3	1
844	4	1
844	5	0
844	6	0
844	7	0
844	8	1
844	9	0
844	10	0
844	11	1
844	12	0
844	13	0
844	14	0
844	15	0
844	16	0
844	17	0
844	18	0
844	19	1
844	20	1
844	21	1
844	22	0
844	23	0
844	24	1
844	25	0
844	26	0
844	27	1
844	28	0
844	29	0
844	30	0
844	31	1
844	32	1
844	33	0
844	34	1
844	35	1
844	36	1
844	37	0
844	38	0
844	39	0
844	40	0
845	1	1
845	2	1
845	3	0
845	4	1
845	5	1
845	6	0
845	7	0
845	8	1
845	9	1
845	10	0
845	11	1
845	12	1
845	13	1
845	14	0
845	15	1
845	16	1
845	17	1
845	18	0
845	19	1
845	20	1
845	21	1
845	22	1
845	23	1
845	24	1
845	25	1
845	26	1
845	27	1
845	28	0
845	29	0
845	30	1
845	31	1
845	32	1
845	33	0
845	34	0
845	35	1
845	36	0
845	37	1
845	38	0
845	39	1
845	40	1
846	1	1
846	2	1
846	3	0
846	4	1
846	5	1
846	6	0
846	7	0
846	8	1
846	9	1
846	10	0
846	11	1
846	12	1
846	13	1
846	14	0
846	15	1
846	16	1
846	17	1
846	18	0
846	19	1
846	20	1
846	21	1
846	22	1
846	23	1
846	24	1
846	25	1
846	26	1
846	27	1
846	28	0
846	29	0
846	30	1
846	31	1
846	32	1
846	33	0
846	34	0
846	35	1
846	36	0
846	37	1
846	38	0
846	39	1
846	40	1
847	1	1
847	2	0
847	3	0
847	4	1
847	5	0
847	6	1
847	7	1
847	8	1
847	9	1
847	10	1
847	11	1
847	12	0
847	13	0
847	14	1
847	15	0
847	16	1
847	17	0
847	18	1
847	19	1
847	20	1
847	21	0
847	22	0
847	23	0
847	24	1
847	25	0
847	26	1
847	27	1
847	28	1
847	29	1
847	30	0
847	31	1
847	32	1
847	33	1
847	34	0
847	35	1
847	36	0
847	37	0
847	38	1
847	39	1
847	40	0
848	1	1
848	2	1
848	3	0
848	4	1
848	5	1
848	6	1
848	7	1
848	8	1
848	9	1
848	10	1
848	11	1
848	12	1
848	13	1
848	14	1
848	15	1
848	16	1
848	17	1
848	18	1
848	19	1
848	20	1
848	21	0
848	22	1
848	23	1
848	24	1
848	25	1
848	26	1
848	27	1
848	28	1
848	29	1
848	30	1
848	31	1
848	32	1
848	33	1
848	34	0
848	35	1
848	36	0
848	37	1
848	38	1
848	39	1
848	40	1
849	1	1
849	2	1
849	3	0
849	4	1
849	5	0
849	6	0
849	7	0
849	8	0
849	9	1
849	10	0
849	11	1
849	12	1
849	13	1
849	14	0
849	15	1
849	16	1
849	17	0
849	18	0
849	19	1
849	20	1
849	21	1
849	22	1
849	23	1
849	24	1
849	25	1
849	26	1
849	27	0
849	28	0
849	29	0
849	30	0
849	31	1
849	32	1
849	33	0
849	34	0
849	35	1
849	36	0
849	37	1
849	38	0
849	39	1
849	40	1
850	1	0
850	2	1
850	3	1
850	4	1
850	5	1
850	6	1
850	7	1
850	8	1
850	9	0
850	10	1
850	11	1
850	12	1
850	13	1
850	14	1
850	15	1
850	16	0
850	17	1
850	18	1
850	19	1
850	20	1
850	21	1
850	22	1
850	23	1
850	24	1
850	25	1
850	26	0
850	27	1
850	28	1
850	29	1
850	30	1
850	31	1
850	32	1
850	33	1
850	34	1
850	35	1
850	36	1
850	37	1
850	38	1
850	39	0
850	40	1
851	1	1
851	2	1
851	3	1
851	4	0
851	5	1
851	6	1
851	7	1
851	8	0
851	9	1
851	10	1
851	11	0
851	12	1
851	13	1
851	14	1
851	15	1
851	16	1
851	17	1
851	18	1
851	19	0
851	20	0
851	21	1
851	22	1
851	23	1
851	24	0
851	25	1
851	26	1
851	27	0
851	28	1
851	29	1
851	30	1
851	31	0
851	32	0
851	33	1
851	34	1
851	35	0
851	36	1
851	37	1
851	38	1
851	39	1
851	40	1
852	1	0
852	2	1
852	3	1
852	4	1
852	5	1
852	6	1
852	7	1
852	8	1
852	9	0
852	10	1
852	11	1
852	12	1
852	13	1
852	14	1
852	15	1
852	16	0
852	17	1
852	18	1
852	19	1
852	20	1
852	21	1
852	22	1
852	23	1
852	24	1
852	25	1
852	26	0
852	27	1
852	28	1
852	29	1
852	30	1
852	31	1
852	32	1
852	33	1
852	34	1
852	35	1
852	36	1
852	37	1
852	38	1
852	39	0
852	40	1
853	1	1
853	2	0
853	3	0
853	4	0
853	5	0
853	6	1
853	7	0
853	8	1
853	9	1
853	10	1
853	11	1
853	12	1
853	13	0
853	14	0
853	15	0
853	16	1
853	17	1
853	18	1
853	19	1
853	20	1
853	21	0
853	22	0
853	23	1
853	24	1
853	25	0
853	26	1
853	27	1
853	28	1
853	29	0
853	30	1
853	31	0
853	32	1
853	33	1
853	34	0
853	35	0
853	36	0
853	37	1
853	38	0
853	39	1
853	40	1
854	1	0
854	2	0
854	3	1
854	4	1
854	5	0
854	6	0
854	7	0
854	8	1
854	9	0
854	10	0
854	11	1
854	12	0
854	13	0
854	14	0
854	15	0
854	16	0
854	17	0
854	18	0
854	19	1
854	20	1
854	21	1
854	22	0
854	23	0
854	24	1
854	25	0
854	26	0
854	27	1
854	28	0
854	29	0
854	30	0
854	31	1
854	32	1
854	33	0
854	34	1
854	35	1
854	36	1
854	37	0
854	38	0
854	39	0
854	40	0
855	1	1
855	2	1
855	3	1
855	4	1
855	5	1
855	6	0
855	7	0
855	8	1
855	9	1
855	10	0
855	11	1
855	12	1
855	13	1
855	14	0
855	15	1
855	16	1
855	17	1
855	18	0
855	19	1
855	20	1
855	21	0
855	22	1
855	23	1
855	24	1
855	25	1
855	26	1
855	27	1
855	28	0
855	29	0
855	30	1
855	31	1
855	32	1
855	33	0
855	34	1
855	35	1
855	36	1
855	37	1
855	38	0
855	39	1
855	40	1
856	1	1
856	2	1
856	3	1
856	4	1
856	5	1
856	6	0
856	7	0
856	8	1
856	9	1
856	10	0
856	11	1
856	12	1
856	13	1
856	14	0
856	15	1
856	16	1
856	17	1
856	18	0
856	19	1
856	20	1
856	21	0
856	22	1
856	23	1
856	24	1
856	25	1
856	26	1
856	27	1
856	28	0
856	29	0
856	30	1
856	31	1
856	32	1
856	33	0
856	34	1
856	35	1
856	36	1
856	37	1
856	38	0
856	39	1
856	40	1
857	1	1
857	2	0
857	3	0
857	4	1
857	5	0
857	6	1
857	7	1
857	8	1
857	9	1
857	10	1
857	11	1
857	12	0
857	13	0
857	14	1
857	15	0
857	16	1
857	17	0
857	18	1
857	19	1
857	20	1
857	21	0
857	22	0
857	23	0
857	24	1
857	25	0
857	26	1
857	27	1
857	28	1
857	29	1
857	30	0
857	31	1
857	32	1
857	33	1
857	34	0
857	35	1
857	36	0
857	37	0
857	38	1
857	39	1
857	40	0
858	1	0
858	2	1
858	3	1
858	4	1
858	5	1
858	6	1
858	7	1
858	8	1
858	9	0
858	10	1
858	11	1
858	12	1
858	13	1
858	14	1
858	15	1
858	16	0
858	17	1
858	18	1
858	19	1
858	20	1
858	21	1
858	22	1
858	23	1
858	24	1
858	25	1
858	26	0
858	27	1
858	28	1
858	29	1
858	30	1
858	31	1
858	32	1
858	33	1
858	34	1
858	35	1
858	36	1
858	37	1
858	38	1
858	39	0
858	40	1
859	1	0
859	2	1
859	3	1
859	4	1
859	5	1
859	6	1
859	7	1
859	8	1
859	9	0
859	10	1
859	11	1
859	12	1
859	13	1
859	14	1
859	15	1
859	16	0
859	17	1
859	18	1
859	19	1
859	20	1
859	21	1
859	22	1
859	23	1
859	24	1
859	25	1
859	26	0
859	27	1
859	28	1
859	29	1
859	30	1
859	31	1
859	32	1
859	33	1
859	34	1
859	35	1
859	36	1
859	37	1
859	38	1
859	39	0
859	40	1
860	1	1
860	2	1
860	3	1
860	4	1
860	5	1
860	6	0
860	7	0
860	8	1
860	9	1
860	10	0
860	11	1
860	12	1
860	13	1
860	14	0
860	15	1
860	16	1
860	17	1
860	18	0
860	19	1
860	20	1
860	21	0
860	22	1
860	23	1
860	24	1
860	25	1
860	26	1
860	27	1
860	28	0
860	29	0
860	30	1
860	31	1
860	32	1
860	33	0
860	34	1
860	35	1
860	36	1
860	37	1
860	38	0
860	39	1
860	40	1
861	1	1
861	2	0
861	3	0
861	4	1
861	5	0
861	6	1
861	7	1
861	8	1
861	9	1
861	10	1
861	11	1
861	12	0
861	13	0
861	14	1
861	15	0
861	16	1
861	17	0
861	18	1
861	19	1
861	20	1
861	21	0
861	22	0
861	23	0
861	24	1
861	25	0
861	26	1
861	27	1
861	28	1
861	29	1
861	30	0
861	31	1
861	32	1
861	33	1
861	34	0
861	35	1
861	36	0
861	37	0
861	38	1
861	39	1
861	40	0
862	1	1
862	2	1
862	3	0
862	4	1
862	5	1
862	6	0
862	7	0
862	8	1
862	9	1
862	10	0
862	11	1
862	12	1
862	13	1
862	14	0
862	15	1
862	16	1
862	17	1
862	18	0
862	19	1
862	20	1
862	21	1
862	22	1
862	23	1
862	24	1
862	25	1
862	26	1
862	27	1
862	28	0
862	29	0
862	30	1
862	31	1
862	32	1
862	33	0
862	34	0
862	35	1
862	36	0
862	37	1
862	38	0
862	39	1
862	40	1
863	1	0
863	2	0
863	3	1
863	4	1
863	5	0
863	6	0
863	7	0
863	8	1
863	9	0
863	10	0
863	11	1
863	12	0
863	13	0
863	14	0
863	15	0
863	16	0
863	17	0
863	18	0
863	19	1
863	20	1
863	21	1
863	22	0
863	23	0
863	24	1
863	25	0
863	26	0
863	27	1
863	28	0
863	29	0
863	30	0
863	31	1
863	32	1
863	33	0
863	34	1
863	35	1
863	36	1
863	37	0
863	38	0
863	39	0
863	40	0
864	1	0
864	2	0
864	3	1
864	4	1
864	5	0
864	6	0
864	7	0
864	8	1
864	9	0
864	10	0
864	11	1
864	12	0
864	13	0
864	14	0
864	15	0
864	16	0
864	17	0
864	18	0
864	19	1
864	20	1
864	21	1
864	22	0
864	23	0
864	24	1
864	25	0
864	26	0
864	27	1
864	28	0
864	29	0
864	30	0
864	31	1
864	32	1
864	33	0
864	34	1
864	35	1
864	36	1
864	37	0
864	38	0
864	39	0
864	40	0
865	1	1
865	2	1
865	3	0
865	4	1
865	5	1
865	6	0
865	7	0
865	8	1
865	9	1
865	10	0
865	11	1
865	12	1
865	13	1
865	14	0
865	15	1
865	16	1
865	17	1
865	18	0
865	19	1
865	20	1
865	21	1
865	22	1
865	23	1
865	24	1
865	25	1
865	26	1
865	27	1
865	28	0
865	29	0
865	30	1
865	31	1
865	32	1
865	33	0
865	34	0
865	35	1
865	36	0
865	37	1
865	38	0
865	39	1
865	40	1
866	1	1
866	2	1
866	3	0
866	4	1
866	5	1
866	6	0
866	7	0
866	8	1
866	9	1
866	10	0
866	11	1
866	12	1
866	13	1
866	14	0
866	15	1
866	16	1
866	17	1
866	18	0
866	19	1
866	20	1
866	21	1
866	22	1
866	23	1
866	24	1
866	25	1
866	26	1
866	27	1
866	28	0
866	29	0
866	30	1
866	31	1
866	32	1
866	33	0
866	34	0
866	35	1
866	36	0
866	37	1
866	38	0
866	39	1
866	40	1
867	1	1
867	2	1
867	3	0
867	4	1
867	5	1
867	6	0
867	7	0
867	8	1
867	9	1
867	10	0
867	11	1
867	12	1
867	13	1
867	14	0
867	15	1
867	16	1
867	17	1
867	18	0
867	19	1
867	20	1
867	21	1
867	22	1
867	23	1
867	24	1
867	25	1
867	26	1
867	27	1
867	28	0
867	29	0
867	30	1
867	31	1
867	32	1
867	33	0
867	34	0
867	35	1
867	36	0
867	37	1
867	38	0
867	39	1
867	40	1
868	1	1
868	2	1
868	3	1
868	4	0
868	5	1
868	6	1
868	7	1
868	8	0
868	9	1
868	10	1
868	11	0
868	12	1
868	13	1
868	14	1
868	15	1
868	16	1
868	17	1
868	18	1
868	19	0
868	20	0
868	21	1
868	22	1
868	23	1
868	24	0
868	25	1
868	26	1
868	27	0
868	28	1
868	29	1
868	30	1
868	31	0
868	32	0
868	33	1
868	34	1
868	35	0
868	36	1
868	37	1
868	38	1
868	39	1
868	40	1
869	1	1
869	2	1
869	3	0
869	4	0
869	5	1
869	6	0
869	7	0
869	8	0
869	9	1
869	10	0
869	11	0
869	12	1
869	13	1
869	14	0
869	15	1
869	16	1
869	17	1
869	18	0
869	19	1
869	20	1
869	21	0
869	22	1
869	23	0
869	24	1
869	25	0
869	26	0
869	27	0
869	28	0
869	29	0
869	30	1
869	31	0
869	32	1
869	33	0
869	34	0
869	35	0
869	36	0
869	37	1
869	38	0
869	39	0
869	40	0
870	1	1
870	2	1
870	3	0
870	4	1
870	5	1
870	6	0
870	7	0
870	8	1
870	9	1
870	10	0
870	11	1
870	12	1
870	13	1
870	14	0
870	15	1
870	16	1
870	17	1
870	18	0
870	19	1
870	20	1
870	21	1
870	22	1
870	23	1
870	24	1
870	25	1
870	26	1
870	27	1
870	28	0
870	29	0
870	30	1
870	31	1
870	32	1
870	33	0
870	34	0
870	35	1
870	36	0
870	37	1
870	38	0
870	39	1
870	40	1
871	1	1
871	2	1
871	3	0
871	4	1
871	5	1
871	6	1
871	7	1
871	8	1
871	9	1
871	10	1
871	11	1
871	12	1
871	13	1
871	14	1
871	15	1
871	16	1
871	17	1
871	18	1
871	19	1
871	20	1
871	21	0
871	22	1
871	23	1
871	24	1
871	25	1
871	26	1
871	27	1
871	28	1
871	29	1
871	30	1
871	31	1
871	32	1
871	33	1
871	34	0
871	35	1
871	36	0
871	37	1
871	38	1
871	39	1
871	40	1
872	1	1
872	2	1
872	3	1
872	4	1
872	5	1
872	6	0
872	7	0
872	8	1
872	9	1
872	10	0
872	11	1
872	12	1
872	13	1
872	14	0
872	15	1
872	16	1
872	17	1
872	18	0
872	19	1
872	20	1
872	21	0
872	22	1
872	23	1
872	24	1
872	25	1
872	26	1
872	27	1
872	28	0
872	29	0
872	30	1
872	31	1
872	32	1
872	33	0
872	34	1
872	35	1
872	36	1
872	37	1
872	38	0
872	39	1
872	40	1
873	1	1
873	2	1
873	3	0
873	4	1
873	5	1
873	6	1
873	7	1
873	8	1
873	9	1
873	10	1
873	11	1
873	12	1
873	13	1
873	14	1
873	15	1
873	16	1
873	17	1
873	18	1
873	19	1
873	20	1
873	21	0
873	22	1
873	23	1
873	24	1
873	25	1
873	26	1
873	27	1
873	28	1
873	29	1
873	30	1
873	31	1
873	32	1
873	33	1
873	34	0
873	35	1
873	36	0
873	37	1
873	38	1
873	39	1
873	40	1
874	1	1
874	2	1
874	3	1
874	4	0
874	5	1
874	6	1
874	7	1
874	8	0
874	9	1
874	10	1
874	11	0
874	12	1
874	13	1
874	14	1
874	15	1
874	16	1
874	17	1
874	18	1
874	19	0
874	20	0
874	21	1
874	22	1
874	23	1
874	24	0
874	25	1
874	26	1
874	27	0
874	28	1
874	29	1
874	30	1
874	31	0
874	32	0
874	33	1
874	34	1
874	35	0
874	36	1
874	37	1
874	38	1
874	39	1
874	40	1
875	1	1
875	2	1
875	3	0
875	4	1
875	5	1
875	6	0
875	7	0
875	8	1
875	9	1
875	10	0
875	11	1
875	12	1
875	13	1
875	14	0
875	15	1
875	16	1
875	17	1
875	18	0
875	19	1
875	20	1
875	21	1
875	22	1
875	23	1
875	24	1
875	25	1
875	26	1
875	27	1
875	28	0
875	29	0
875	30	1
875	31	1
875	32	1
875	33	0
875	34	0
875	35	1
875	36	0
875	37	1
875	38	0
875	39	1
875	40	1
876	1	1
876	2	0
876	3	0
876	4	0
876	5	0
876	6	1
876	7	0
876	8	1
876	9	1
876	10	1
876	11	1
876	12	1
876	13	0
876	14	0
876	15	0
876	16	1
876	17	1
876	18	1
876	19	1
876	20	1
876	21	0
876	22	0
876	23	1
876	24	1
876	25	0
876	26	1
876	27	1
876	28	1
876	29	0
876	30	1
876	31	0
876	32	1
876	33	1
876	34	0
876	35	0
876	36	0
876	37	1
876	38	0
876	39	1
876	40	1
877	1	1
877	2	1
877	3	1
877	4	0
877	5	1
877	6	1
877	7	1
877	8	0
877	9	1
877	10	1
877	11	0
877	12	1
877	13	1
877	14	1
877	15	1
877	16	1
877	17	1
877	18	1
877	19	0
877	20	0
877	21	1
877	22	1
877	23	1
877	24	0
877	25	1
877	26	1
877	27	0
877	28	1
877	29	1
877	30	1
877	31	0
877	32	0
877	33	1
877	34	1
877	35	0
877	36	1
877	37	1
877	38	1
877	39	1
877	40	1
878	1	0
878	2	1
878	3	0
878	4	0
878	5	1
878	6	0
878	7	0
878	8	0
878	9	0
878	10	1
878	11	0
878	12	1
878	13	1
878	14	1
878	15	1
878	16	0
878	17	1
878	18	0
878	19	1
878	20	1
878	21	0
878	22	1
878	23	0
878	24	1
878	25	0
878	26	0
878	27	0
878	28	1
878	29	1
878	30	1
878	31	0
878	32	1
878	33	1
878	34	1
878	35	0
878	36	1
878	37	1
878	38	1
878	39	0
878	40	0
879	1	1
879	2	1
879	3	0
879	4	1
879	5	1
879	6	1
879	7	1
879	8	1
879	9	1
879	10	1
879	11	1
879	12	1
879	13	1
879	14	1
879	15	1
879	16	1
879	17	1
879	18	1
879	19	1
879	20	1
879	21	0
879	22	1
879	23	1
879	24	1
879	25	1
879	26	1
879	27	1
879	28	1
879	29	1
879	30	1
879	31	1
879	32	1
879	33	1
879	34	0
879	35	1
879	36	0
879	37	1
879	38	1
879	39	1
879	40	1
880	1	1
880	2	1
880	3	0
880	4	1
880	5	1
880	6	0
880	7	0
880	8	1
880	9	1
880	10	0
880	11	1
880	12	1
880	13	1
880	14	0
880	15	1
880	16	1
880	17	1
880	18	0
880	19	1
880	20	1
880	21	1
880	22	1
880	23	1
880	24	1
880	25	1
880	26	1
880	27	1
880	28	0
880	29	0
880	30	1
880	31	1
880	32	1
880	33	0
880	34	0
880	35	1
880	36	0
880	37	1
880	38	0
880	39	1
880	40	1
881	1	1
881	2	0
881	3	0
881	4	1
881	5	0
881	6	1
881	7	1
881	8	1
881	9	1
881	10	1
881	11	1
881	12	0
881	13	0
881	14	1
881	15	0
881	16	1
881	17	0
881	18	1
881	19	1
881	20	1
881	21	0
881	22	0
881	23	0
881	24	1
881	25	0
881	26	1
881	27	1
881	28	1
881	29	1
881	30	0
881	31	1
881	32	1
881	33	1
881	34	0
881	35	1
881	36	0
881	37	0
881	38	1
881	39	1
881	40	0
882	1	0
882	2	1
882	3	1
882	4	1
882	5	1
882	6	1
882	7	1
882	8	1
882	9	0
882	10	1
882	11	1
882	12	1
882	13	1
882	14	1
882	15	1
882	16	0
882	17	1
882	18	1
882	19	1
882	20	1
882	21	1
882	22	1
882	23	1
882	24	1
882	25	1
882	26	0
882	27	1
882	28	1
882	29	1
882	30	1
882	31	1
882	32	1
882	33	1
882	34	1
882	35	1
882	36	1
882	37	1
882	38	1
882	39	0
882	40	1
883	1	1
883	2	1
883	3	0
883	4	1
883	5	1
883	6	0
883	7	0
883	8	1
883	9	1
883	10	0
883	11	1
883	12	1
883	13	1
883	14	0
883	15	1
883	16	1
883	17	1
883	18	0
883	19	1
883	20	1
883	21	1
883	22	1
883	23	1
883	24	1
883	25	1
883	26	1
883	27	1
883	28	0
883	29	0
883	30	1
883	31	1
883	32	1
883	33	0
883	34	0
883	35	1
883	36	0
883	37	1
883	38	0
883	39	1
883	40	1
884	1	1
884	2	1
884	3	0
884	4	1
884	5	1
884	6	0
884	7	0
884	8	1
884	9	1
884	10	0
884	11	1
884	12	1
884	13	1
884	14	0
884	15	1
884	16	1
884	17	1
884	18	0
884	19	1
884	20	1
884	21	1
884	22	1
884	23	1
884	24	1
884	25	1
884	26	1
884	27	1
884	28	0
884	29	0
884	30	1
884	31	1
884	32	1
884	33	0
884	34	0
884	35	1
884	36	0
884	37	1
884	38	0
884	39	1
884	40	1
885	1	0
885	2	0
885	3	1
885	4	1
885	5	0
885	6	0
885	7	0
885	8	1
885	9	0
885	10	0
885	11	1
885	12	0
885	13	0
885	14	0
885	15	0
885	16	0
885	17	0
885	18	0
885	19	1
885	20	1
885	21	1
885	22	0
885	23	0
885	24	1
885	25	0
885	26	0
885	27	1
885	28	0
885	29	0
885	30	0
885	31	1
885	32	1
885	33	0
885	34	1
885	35	1
885	36	1
885	37	0
885	38	0
885	39	0
885	40	0
886	1	1
886	2	0
886	3	0
886	4	1
886	5	0
886	6	1
886	7	1
886	8	1
886	9	0
886	10	1
886	11	0
886	12	0
886	13	0
886	14	1
886	15	0
886	16	1
886	17	0
886	18	1
886	19	1
886	20	0
886	21	0
886	22	0
886	23	0
886	24	1
886	25	0
886	26	1
886	27	1
886	28	0
886	29	0
886	30	0
886	31	1
886	32	0
886	33	1
886	34	0
886	35	1
886	36	0
886	37	0
886	38	1
886	39	1
886	40	0
887	1	1
887	2	1
887	3	0
887	4	0
887	5	1
887	6	0
887	7	0
887	8	0
887	9	1
887	10	0
887	11	0
887	12	1
887	13	1
887	14	0
887	15	1
887	16	1
887	17	1
887	18	0
887	19	1
887	20	1
887	21	0
887	22	1
887	23	0
887	24	1
887	25	0
887	26	0
887	27	0
887	28	0
887	29	0
887	30	1
887	31	0
887	32	1
887	33	0
887	34	1
887	35	0
887	36	1
887	37	1
887	38	0
887	39	0
887	40	0
888	1	1
888	2	1
888	3	0
888	4	1
888	5	1
888	6	1
888	7	1
888	8	1
888	9	1
888	10	1
888	11	1
888	12	1
888	13	1
888	14	1
888	15	1
888	16	1
888	17	1
888	18	1
888	19	1
888	20	1
888	21	0
888	22	1
888	23	1
888	24	1
888	25	1
888	26	1
888	27	1
888	28	1
888	29	1
888	30	1
888	31	1
888	32	1
888	33	1
888	34	0
888	35	1
888	36	0
888	37	1
888	38	1
888	39	1
888	40	1
889	1	1
889	2	1
889	3	0
889	4	0
889	5	1
889	6	0
889	7	0
889	8	0
889	9	1
889	10	1
889	11	0
889	12	1
889	13	1
889	14	1
889	15	1
889	16	1
889	17	1
889	18	0
889	19	0
889	20	0
889	21	0
889	22	1
889	23	0
889	24	0
889	25	0
889	26	0
889	27	0
889	28	1
889	29	1
889	30	1
889	31	0
889	32	0
889	33	1
889	34	1
889	35	0
889	36	1
889	37	1
889	38	1
889	39	0
889	40	0
890	1	1
890	2	1
890	3	0
890	4	1
890	5	1
890	6	1
890	7	1
890	8	1
890	9	1
890	10	1
890	11	1
890	12	1
890	13	1
890	14	1
890	15	1
890	16	1
890	17	1
890	18	1
890	19	1
890	20	1
890	21	0
890	22	1
890	23	1
890	24	1
890	25	1
890	26	1
890	27	1
890	28	1
890	29	1
890	30	1
890	31	1
890	32	1
890	33	1
890	34	0
890	35	1
890	36	0
890	37	1
890	38	1
890	39	1
890	40	1
891	1	0
891	2	1
891	3	1
891	4	1
891	5	1
891	6	1
891	7	1
891	8	1
891	9	0
891	10	1
891	11	1
891	12	1
891	13	1
891	14	1
891	15	1
891	16	0
891	17	1
891	18	1
891	19	1
891	20	1
891	21	1
891	22	1
891	23	1
891	24	1
891	25	1
891	26	0
891	27	1
891	28	1
891	29	1
891	30	1
891	31	1
891	32	1
891	33	1
891	34	1
891	35	1
891	36	1
891	37	1
891	38	1
891	39	0
891	40	1
892	1	1
892	2	1
892	3	1
892	4	0
892	5	1
892	6	1
892	7	1
892	8	0
892	9	1
892	10	1
892	11	0
892	12	1
892	13	1
892	14	1
892	15	1
892	16	1
892	17	1
892	18	1
892	19	0
892	20	0
892	21	1
892	22	1
892	23	1
892	24	0
892	25	1
892	26	1
892	27	0
892	28	1
892	29	1
892	30	1
892	31	0
892	32	0
892	33	1
892	34	1
892	35	0
892	36	1
892	37	1
892	38	1
892	39	1
892	40	1
893	1	1
893	2	1
893	3	0
893	4	1
893	5	1
893	6	1
893	7	1
893	8	1
893	9	1
893	10	1
893	11	1
893	12	1
893	13	1
893	14	1
893	15	1
893	16	1
893	17	1
893	18	1
893	19	1
893	20	1
893	21	0
893	22	1
893	23	1
893	24	1
893	25	1
893	26	1
893	27	1
893	28	1
893	29	1
893	30	1
893	31	1
893	32	1
893	33	1
893	34	0
893	35	1
893	36	0
893	37	1
893	38	1
893	39	1
893	40	1
894	1	0
894	2	0
894	3	1
894	4	1
894	5	0
894	6	0
894	7	0
894	8	1
894	9	0
894	10	0
894	11	1
894	12	0
894	13	0
894	14	0
894	15	0
894	16	0
894	17	0
894	18	0
894	19	1
894	20	1
894	21	1
894	22	0
894	23	0
894	24	1
894	25	0
894	26	0
894	27	1
894	28	0
894	29	0
894	30	0
894	31	1
894	32	1
894	33	0
894	34	1
894	35	1
894	36	1
894	37	0
894	38	0
894	39	0
894	40	0
895	1	1
895	2	1
895	3	0
895	4	1
895	5	1
895	6	0
895	7	0
895	8	1
895	9	0
895	10	0
895	11	0
895	12	1
895	13	0
895	14	0
895	15	0
895	16	1
895	17	1
895	18	0
895	19	1
895	20	0
895	21	0
895	22	1
895	23	0
895	24	1
895	25	1
895	26	1
895	27	1
895	28	0
895	29	0
895	30	1
895	31	1
895	32	0
895	33	0
895	34	1
895	35	1
895	36	1
895	37	0
895	38	0
895	39	1
895	40	1
896	1	1
896	2	1
896	3	0
896	4	1
896	5	1
896	6	0
896	7	0
896	8	1
896	9	1
896	10	0
896	11	1
896	12	1
896	13	1
896	14	0
896	15	1
896	16	1
896	17	1
896	18	0
896	19	1
896	20	1
896	21	1
896	22	1
896	23	1
896	24	1
896	25	1
896	26	1
896	27	1
896	28	0
896	29	0
896	30	1
896	31	1
896	32	1
896	33	0
896	34	0
896	35	1
896	36	0
896	37	1
896	38	0
896	39	1
896	40	1
897	1	1
897	2	1
897	3	0
897	4	0
897	5	1
897	6	0
897	7	0
897	8	0
897	9	1
897	10	0
897	11	0
897	12	1
897	13	1
897	14	0
897	15	1
897	16	1
897	17	1
897	18	0
897	19	1
897	20	1
897	21	0
897	22	1
897	23	0
897	24	1
897	25	0
897	26	0
897	27	0
897	28	0
897	29	0
897	30	1
897	31	0
897	32	1
897	33	0
897	34	0
897	35	0
897	36	0
897	37	1
897	38	0
897	39	0
897	40	0
898	1	1
898	2	1
898	3	0
898	4	1
898	5	1
898	6	0
898	7	0
898	8	1
898	9	1
898	10	0
898	11	1
898	12	1
898	13	1
898	14	0
898	15	1
898	16	1
898	17	1
898	18	0
898	19	1
898	20	1
898	21	1
898	22	1
898	23	1
898	24	1
898	25	1
898	26	1
898	27	1
898	28	0
898	29	0
898	30	1
898	31	1
898	32	1
898	33	0
898	34	0
898	35	1
898	36	0
898	37	1
898	38	0
898	39	1
898	40	1
899	1	1
899	2	1
899	3	0
899	4	1
899	5	1
899	6	1
899	7	1
899	8	1
899	9	1
899	10	1
899	11	1
899	12	1
899	13	1
899	14	1
899	15	1
899	16	1
899	17	1
899	18	1
899	19	1
899	20	1
899	21	0
899	22	1
899	23	1
899	24	1
899	25	1
899	26	1
899	27	1
899	28	1
899	29	1
899	30	1
899	31	1
899	32	1
899	33	1
899	34	0
899	35	1
899	36	0
899	37	1
899	38	1
899	39	1
899	40	1
900	1	0
900	2	1
900	3	1
900	4	1
900	5	0
900	6	0
900	7	0
900	8	0
900	9	0
900	10	1
900	11	1
900	12	1
900	13	1
900	14	1
900	15	1
900	16	0
900	17	0
900	18	1
900	19	1
900	20	1
900	21	1
900	22	1
900	23	1
900	24	1
900	25	1
900	26	0
900	27	0
900	28	1
900	29	1
900	30	0
900	31	1
900	32	1
900	33	0
900	34	1
900	35	1
900	36	1
900	37	1
900	38	1
900	39	0
900	40	1
901	1	1
901	2	1
901	3	0
901	4	1
901	5	1
901	6	1
901	7	1
901	8	1
901	9	1
901	10	1
901	11	1
901	12	1
901	13	1
901	14	1
901	15	1
901	16	1
901	17	1
901	18	1
901	19	1
901	20	1
901	21	0
901	22	1
901	23	1
901	24	1
901	25	1
901	26	1
901	27	1
901	28	1
901	29	1
901	30	1
901	31	1
901	32	1
901	33	1
901	34	0
901	35	1
901	36	0
901	37	1
901	38	1
901	39	1
901	40	1
902	1	1
902	2	1
902	3	0
902	4	1
902	5	1
902	6	1
902	7	1
902	8	1
902	9	1
902	10	1
902	11	1
902	12	1
902	13	1
902	14	1
902	15	1
902	16	1
902	17	1
902	18	1
902	19	1
902	20	1
902	21	0
902	22	1
902	23	1
902	24	1
902	25	1
902	26	1
902	27	1
902	28	1
902	29	1
902	30	1
902	31	1
902	32	1
902	33	1
902	34	0
902	35	1
902	36	0
902	37	1
902	38	1
902	39	1
902	40	1
903	1	1
903	2	1
903	3	0
903	4	1
903	5	1
903	6	1
903	7	1
903	8	1
903	9	1
903	10	1
903	11	1
903	12	1
903	13	1
903	14	1
903	15	1
903	16	1
903	17	1
903	18	1
903	19	1
903	20	1
903	21	0
903	22	1
903	23	1
903	24	1
903	25	1
903	26	1
903	27	1
903	28	1
903	29	1
903	30	1
903	31	1
903	32	1
903	33	1
903	34	0
903	35	1
903	36	0
903	37	1
903	38	1
903	39	1
903	40	1
904	1	1
904	2	1
904	3	0
904	4	1
904	5	1
904	6	0
904	7	0
904	8	1
904	9	1
904	10	0
904	11	1
904	12	1
904	13	1
904	14	0
904	15	1
904	16	1
904	17	1
904	18	0
904	19	1
904	20	1
904	21	1
904	22	1
904	23	1
904	24	1
904	25	1
904	26	1
904	27	1
904	28	0
904	29	0
904	30	1
904	31	1
904	32	1
904	33	0
904	34	0
904	35	1
904	36	0
904	37	1
904	38	0
904	39	1
904	40	1
905	1	0
905	2	1
905	3	1
905	4	1
905	5	1
905	6	1
905	7	1
905	8	1
905	9	0
905	10	1
905	11	1
905	12	1
905	13	1
905	14	1
905	15	1
905	16	0
905	17	1
905	18	1
905	19	1
905	20	1
905	21	1
905	22	1
905	23	1
905	24	1
905	25	1
905	26	0
905	27	1
905	28	1
905	29	1
905	30	1
905	31	1
905	32	1
905	33	1
905	34	1
905	35	1
905	36	1
905	37	1
905	38	1
905	39	0
905	40	1
906	1	1
906	2	0
906	3	0
906	4	1
906	5	0
906	6	1
906	7	1
906	8	1
906	9	1
906	10	1
906	11	1
906	12	0
906	13	0
906	14	1
906	15	0
906	16	1
906	17	0
906	18	1
906	19	1
906	20	1
906	21	0
906	22	0
906	23	0
906	24	1
906	25	0
906	26	1
906	27	1
906	28	1
906	29	1
906	30	0
906	31	1
906	32	1
906	33	1
906	34	0
906	35	1
906	36	0
906	37	0
906	38	1
906	39	1
906	40	0
907	1	1
907	2	0
907	3	0
907	4	1
907	5	0
907	6	1
907	7	1
907	8	1
907	9	1
907	10	1
907	11	1
907	12	0
907	13	0
907	14	1
907	15	0
907	16	1
907	17	0
907	18	1
907	19	1
907	20	1
907	21	0
907	22	0
907	23	0
907	24	1
907	25	0
907	26	1
907	27	1
907	28	1
907	29	1
907	30	0
907	31	1
907	32	1
907	33	1
907	34	0
907	35	1
907	36	0
907	37	0
907	38	1
907	39	1
907	40	0
908	1	1
908	2	1
908	3	1
908	4	0
908	5	1
908	6	1
908	7	1
908	8	0
908	9	1
908	10	1
908	11	0
908	12	1
908	13	1
908	14	1
908	15	1
908	16	1
908	17	1
908	18	1
908	19	0
908	20	0
908	21	1
908	22	1
908	23	1
908	24	0
908	25	1
908	26	1
908	27	0
908	28	1
908	29	1
908	30	1
908	31	0
908	32	0
908	33	1
908	34	1
908	35	0
908	36	1
908	37	1
908	38	1
908	39	1
908	40	1
909	1	1
909	2	0
909	3	0
909	4	0
909	5	0
909	6	1
909	7	0
909	8	0
909	9	1
909	10	1
909	11	0
909	12	1
909	13	0
909	14	0
909	15	0
909	16	1
909	17	1
909	18	1
909	19	0
909	20	0
909	21	0
909	22	0
909	23	1
909	24	0
909	25	0
909	26	1
909	27	0
909	28	1
909	29	0
909	30	1
909	31	0
909	32	0
909	33	1
909	34	1
909	35	0
909	36	1
909	37	1
909	38	0
909	39	1
909	40	1
910	1	1
910	2	1
910	3	1
910	4	0
910	5	1
910	6	1
910	7	1
910	8	0
910	9	1
910	10	1
910	11	0
910	12	1
910	13	1
910	14	1
910	15	1
910	16	1
910	17	1
910	18	1
910	19	0
910	20	0
910	21	1
910	22	1
910	23	1
910	24	0
910	25	1
910	26	1
910	27	0
910	28	1
910	29	1
910	30	1
910	31	0
910	32	0
910	33	1
910	34	1
910	35	0
910	36	1
910	37	1
910	38	1
910	39	1
910	40	1
911	1	1
911	2	0
911	3	0
911	4	1
911	5	0
911	6	1
911	7	1
911	8	1
911	9	1
911	10	1
911	11	1
911	12	0
911	13	0
911	14	1
911	15	0
911	16	1
911	17	0
911	18	1
911	19	1
911	20	1
911	21	0
911	22	0
911	23	0
911	24	1
911	25	0
911	26	1
911	27	1
911	28	1
911	29	1
911	30	0
911	31	1
911	32	1
911	33	1
911	34	0
911	35	1
911	36	0
911	37	0
911	38	1
911	39	1
911	40	0
912	1	1
912	2	1
912	3	0
912	4	1
912	5	1
912	6	0
912	7	0
912	8	1
912	9	0
912	10	0
912	11	0
912	12	1
912	13	0
912	14	0
912	15	0
912	16	1
912	17	1
912	18	0
912	19	1
912	20	0
912	21	1
912	22	1
912	23	0
912	24	1
912	25	1
912	26	1
912	27	1
912	28	0
912	29	0
912	30	1
912	31	1
912	32	0
912	33	0
912	34	0
912	35	1
912	36	0
912	37	0
912	38	0
912	39	1
912	40	1
913	1	1
913	2	1
913	3	0
913	4	1
913	5	1
913	6	1
913	7	1
913	8	1
913	9	1
913	10	1
913	11	1
913	12	1
913	13	1
913	14	1
913	15	1
913	16	1
913	17	1
913	18	1
913	19	1
913	20	1
913	21	0
913	22	1
913	23	1
913	24	1
913	25	1
913	26	1
913	27	1
913	28	1
913	29	1
913	30	1
913	31	1
913	32	1
913	33	1
913	34	0
913	35	1
913	36	0
913	37	1
913	38	1
913	39	1
913	40	1
914	1	1
914	2	0
914	3	0
914	4	1
914	5	0
914	6	1
914	7	1
914	8	1
914	9	1
914	10	1
914	11	1
914	12	0
914	13	0
914	14	1
914	15	0
914	16	1
914	17	0
914	18	1
914	19	1
914	20	1
914	21	0
914	22	0
914	23	0
914	24	1
914	25	0
914	26	1
914	27	1
914	28	1
914	29	1
914	30	0
914	31	1
914	32	1
914	33	1
914	34	0
914	35	1
914	36	0
914	37	0
914	38	1
914	39	1
914	40	0
915	1	1
915	2	0
915	3	0
915	4	0
915	5	0
915	6	1
915	7	0
915	8	1
915	9	1
915	10	1
915	11	1
915	12	1
915	13	0
915	14	0
915	15	0
915	16	1
915	17	1
915	18	1
915	19	1
915	20	1
915	21	0
915	22	0
915	23	1
915	24	1
915	25	0
915	26	1
915	27	1
915	28	1
915	29	0
915	30	1
915	31	0
915	32	1
915	33	1
915	34	0
915	35	0
915	36	0
915	37	1
915	38	0
915	39	1
915	40	1
916	1	1
916	2	1
916	3	0
916	4	1
916	5	1
916	6	0
916	7	0
916	8	1
916	9	1
916	10	0
916	11	1
916	12	1
916	13	1
916	14	0
916	15	1
916	16	1
916	17	1
916	18	0
916	19	1
916	20	1
916	21	1
916	22	1
916	23	1
916	24	1
916	25	1
916	26	1
916	27	1
916	28	0
916	29	0
916	30	1
916	31	1
916	32	1
916	33	0
916	34	0
916	35	1
916	36	0
916	37	1
916	38	0
916	39	1
916	40	1
917	1	1
917	2	0
917	3	0
917	4	1
917	5	0
917	6	1
917	7	1
917	8	1
917	9	1
917	10	1
917	11	1
917	12	0
917	13	0
917	14	1
917	15	0
917	16	1
917	17	0
917	18	1
917	19	1
917	20	1
917	21	0
917	22	0
917	23	0
917	24	1
917	25	0
917	26	1
917	27	1
917	28	1
917	29	1
917	30	0
917	31	1
917	32	1
917	33	1
917	34	0
917	35	1
917	36	0
917	37	0
917	38	1
917	39	1
917	40	0
918	1	1
918	2	1
918	3	0
918	4	1
918	5	1
918	6	1
918	7	1
918	8	1
918	9	1
918	10	1
918	11	1
918	12	1
918	13	1
918	14	1
918	15	1
918	16	1
918	17	1
918	18	1
918	19	1
918	20	1
918	21	0
918	22	1
918	23	1
918	24	1
918	25	1
918	26	1
918	27	1
918	28	1
918	29	1
918	30	1
918	31	1
918	32	1
918	33	1
918	34	0
918	35	1
918	36	0
918	37	1
918	38	1
918	39	1
918	40	1
919	1	1
919	2	0
919	3	0
919	4	1
919	5	0
919	6	1
919	7	1
919	8	1
919	9	1
919	10	1
919	11	1
919	12	0
919	13	0
919	14	1
919	15	0
919	16	1
919	17	0
919	18	1
919	19	1
919	20	1
919	21	0
919	22	0
919	23	0
919	24	1
919	25	0
919	26	1
919	27	1
919	28	1
919	29	1
919	30	0
919	31	1
919	32	1
919	33	1
919	34	0
919	35	1
919	36	0
919	37	0
919	38	1
919	39	1
919	40	0
920	1	1
920	2	0
920	3	0
920	4	0
920	5	0
920	6	1
920	7	0
920	8	0
920	9	1
920	10	1
920	11	0
920	12	1
920	13	0
920	14	0
920	15	0
920	16	1
920	17	1
920	18	1
920	19	0
920	20	0
920	21	0
920	22	0
920	23	1
920	24	0
920	25	0
920	26	1
920	27	0
920	28	1
920	29	0
920	30	1
920	31	0
920	32	0
920	33	1
920	34	1
920	35	0
920	36	1
920	37	1
920	38	0
920	39	1
920	40	1
921	1	1
921	2	1
921	3	0
921	4	1
921	5	1
921	6	1
921	7	1
921	8	1
921	9	1
921	10	1
921	11	1
921	12	1
921	13	1
921	14	1
921	15	1
921	16	1
921	17	1
921	18	1
921	19	1
921	20	1
921	21	0
921	22	1
921	23	1
921	24	1
921	25	1
921	26	1
921	27	1
921	28	1
921	29	1
921	30	1
921	31	1
921	32	1
921	33	1
921	34	0
921	35	1
921	36	0
921	37	1
921	38	1
921	39	1
921	40	1
922	1	1
922	2	1
922	3	0
922	4	1
922	5	1
922	6	0
922	7	0
922	8	1
922	9	1
922	10	0
922	11	1
922	12	1
922	13	1
922	14	0
922	15	1
922	16	1
922	17	1
922	18	0
922	19	1
922	20	1
922	21	1
922	22	1
922	23	1
922	24	1
922	25	1
922	26	1
922	27	1
922	28	0
922	29	0
922	30	1
922	31	1
922	32	1
922	33	0
922	34	0
922	35	1
922	36	0
922	37	1
922	38	0
922	39	1
922	40	1
923	1	1
923	2	1
923	3	1
923	4	1
923	5	1
923	6	0
923	7	0
923	8	1
923	9	1
923	10	0
923	11	1
923	12	1
923	13	1
923	14	0
923	15	1
923	16	1
923	17	1
923	18	0
923	19	1
923	20	1
923	21	0
923	22	1
923	23	1
923	24	1
923	25	1
923	26	1
923	27	1
923	28	0
923	29	0
923	30	1
923	31	1
923	32	1
923	33	0
923	34	1
923	35	1
923	36	1
923	37	1
923	38	0
923	39	1
923	40	1
924	1	1
924	2	1
924	3	0
924	4	1
924	5	1
924	6	0
924	7	0
924	8	1
924	9	1
924	10	0
924	11	1
924	12	1
924	13	1
924	14	0
924	15	1
924	16	1
924	17	1
924	18	0
924	19	1
924	20	1
924	21	1
924	22	1
924	23	1
924	24	1
924	25	1
924	26	1
924	27	1
924	28	0
924	29	0
924	30	1
924	31	1
924	32	1
924	33	0
924	34	0
924	35	1
924	36	0
924	37	1
924	38	0
924	39	1
924	40	1
925	1	1
925	2	1
925	3	1
925	4	1
925	5	0
925	6	0
925	7	0
925	8	0
925	9	1
925	10	0
925	11	1
925	12	1
925	13	1
925	14	0
925	15	1
925	16	1
925	17	0
925	18	0
925	19	1
925	20	1
925	21	0
925	22	1
925	23	1
925	24	1
925	25	1
925	26	1
925	27	0
925	28	0
925	29	0
925	30	0
925	31	1
925	32	1
925	33	0
925	34	1
925	35	1
925	36	1
925	37	1
925	38	0
925	39	1
925	40	1
926	1	0
926	2	0
926	3	1
926	4	1
926	5	0
926	6	0
926	7	0
926	8	1
926	9	0
926	10	0
926	11	1
926	12	0
926	13	0
926	14	0
926	15	0
926	16	0
926	17	0
926	18	0
926	19	1
926	20	1
926	21	1
926	22	0
926	23	0
926	24	1
926	25	0
926	26	0
926	27	1
926	28	0
926	29	0
926	30	0
926	31	1
926	32	1
926	33	0
926	34	1
926	35	1
926	36	1
926	37	0
926	38	0
926	39	0
926	40	0
927	1	1
927	2	1
927	3	0
927	4	1
927	5	1
927	6	1
927	7	1
927	8	1
927	9	1
927	10	1
927	11	1
927	12	1
927	13	1
927	14	1
927	15	1
927	16	1
927	17	1
927	18	1
927	19	1
927	20	1
927	21	0
927	22	1
927	23	1
927	24	1
927	25	1
927	26	1
927	27	1
927	28	1
927	29	1
927	30	1
927	31	1
927	32	1
927	33	1
927	34	0
927	35	1
927	36	0
927	37	1
927	38	1
927	39	1
927	40	1
928	1	1
928	2	1
928	3	1
928	4	0
928	5	1
928	6	1
928	7	1
928	8	0
928	9	1
928	10	1
928	11	0
928	12	1
928	13	1
928	14	1
928	15	1
928	16	1
928	17	1
928	18	1
928	19	0
928	20	0
928	21	1
928	22	1
928	23	1
928	24	0
928	25	1
928	26	1
928	27	0
928	28	1
928	29	1
928	30	1
928	31	0
928	32	0
928	33	1
928	34	1
928	35	0
928	36	1
928	37	1
928	38	1
928	39	1
928	40	1
929	1	1
929	2	1
929	3	0
929	4	1
929	5	1
929	6	1
929	7	1
929	8	1
929	9	1
929	10	1
929	11	1
929	12	1
929	13	1
929	14	1
929	15	1
929	16	1
929	17	1
929	18	1
929	19	1
929	20	1
929	21	0
929	22	1
929	23	1
929	24	1
929	25	1
929	26	1
929	27	1
929	28	1
929	29	1
929	30	1
929	31	1
929	32	1
929	33	1
929	34	0
929	35	1
929	36	0
929	37	1
929	38	1
929	39	1
929	40	1
930	1	1
930	2	1
930	3	0
930	4	0
930	5	1
930	6	0
930	7	0
930	8	0
930	9	1
930	10	0
930	11	0
930	12	1
930	13	1
930	14	0
930	15	1
930	16	1
930	17	1
930	18	0
930	19	1
930	20	1
930	21	0
930	22	1
930	23	0
930	24	1
930	25	0
930	26	0
930	27	0
930	28	0
930	29	0
930	30	1
930	31	0
930	32	1
930	33	0
930	34	1
930	35	0
930	36	1
930	37	1
930	38	0
930	39	0
930	40	0
931	1	0
931	2	0
931	3	1
931	4	1
931	5	0
931	6	0
931	7	0
931	8	1
931	9	0
931	10	0
931	11	1
931	12	0
931	13	0
931	14	0
931	15	0
931	16	0
931	17	0
931	18	0
931	19	1
931	20	1
931	21	1
931	22	0
931	23	0
931	24	1
931	25	0
931	26	0
931	27	1
931	28	0
931	29	0
931	30	0
931	31	1
931	32	1
931	33	0
931	34	1
931	35	1
931	36	1
931	37	0
931	38	0
931	39	0
931	40	0
932	1	1
932	2	1
932	3	1
932	4	0
932	5	1
932	6	1
932	7	1
932	8	0
932	9	1
932	10	1
932	11	0
932	12	1
932	13	1
932	14	1
932	15	1
932	16	1
932	17	1
932	18	1
932	19	0
932	20	0
932	21	1
932	22	1
932	23	1
932	24	0
932	25	1
932	26	1
932	27	0
932	28	1
932	29	1
932	30	1
932	31	0
932	32	0
932	33	1
932	34	1
932	35	0
932	36	1
932	37	1
932	38	1
932	39	1
932	40	1
933	1	0
933	2	1
933	3	1
933	4	1
933	5	1
933	6	1
933	7	1
933	8	1
933	9	0
933	10	1
933	11	1
933	12	1
933	13	1
933	14	1
933	15	1
933	16	0
933	17	1
933	18	1
933	19	1
933	20	1
933	21	1
933	22	1
933	23	1
933	24	1
933	25	1
933	26	0
933	27	1
933	28	1
933	29	1
933	30	1
933	31	1
933	32	1
933	33	1
933	34	1
933	35	1
933	36	1
933	37	1
933	38	1
933	39	0
933	40	1
934	1	0
934	2	0
934	3	0
934	4	0
934	5	0
934	6	0
934	7	0
934	8	0
934	9	0
934	10	0
934	11	0
934	12	0
934	13	0
934	14	0
934	15	0
934	16	0
934	17	0
934	18	0
934	19	1
934	20	1
934	21	0
934	22	0
934	23	0
934	24	1
934	25	0
934	26	0
934	27	0
934	28	0
934	29	0
934	30	0
934	31	0
934	32	1
934	33	0
934	34	1
934	35	0
934	36	1
934	37	0
934	38	0
934	39	0
934	40	0
935	1	0
935	2	0
935	3	0
935	4	0
935	5	0
935	6	0
935	7	0
935	8	0
935	9	0
935	10	0
935	11	0
935	12	0
935	13	0
935	14	0
935	15	0
935	16	0
935	17	0
935	18	0
935	19	1
935	20	1
935	21	0
935	22	0
935	23	0
935	24	1
935	25	0
935	26	0
935	27	0
935	28	0
935	29	0
935	30	0
935	31	0
935	32	1
935	33	0
935	34	1
935	35	0
935	36	1
935	37	0
935	38	0
935	39	0
935	40	0
936	1	0
936	2	0
936	3	1
936	4	1
936	5	0
936	6	0
936	7	0
936	8	1
936	9	0
936	10	0
936	11	1
936	12	0
936	13	0
936	14	0
936	15	0
936	16	0
936	17	0
936	18	0
936	19	1
936	20	1
936	21	1
936	22	0
936	23	0
936	24	1
936	25	0
936	26	0
936	27	1
936	28	0
936	29	0
936	30	0
936	31	1
936	32	1
936	33	0
936	34	1
936	35	1
936	36	1
936	37	0
936	38	0
936	39	0
936	40	0
937	1	1
937	2	1
937	3	0
937	4	1
937	5	1
937	6	0
937	7	0
937	8	1
937	9	1
937	10	0
937	11	1
937	12	1
937	13	1
937	14	0
937	15	1
937	16	1
937	17	1
937	18	0
937	19	1
937	20	1
937	21	1
937	22	1
937	23	1
937	24	1
937	25	1
937	26	1
937	27	1
937	28	0
937	29	0
937	30	1
937	31	1
937	32	1
937	33	0
937	34	0
937	35	1
937	36	0
937	37	1
937	38	0
937	39	1
937	40	1
938	1	1
938	2	1
938	3	0
938	4	0
938	5	1
938	6	0
938	7	0
938	8	0
938	9	1
938	10	0
938	11	0
938	12	1
938	13	1
938	14	0
938	15	1
938	16	1
938	17	1
938	18	0
938	19	1
938	20	1
938	21	0
938	22	1
938	23	0
938	24	1
938	25	0
938	26	0
938	27	0
938	28	0
938	29	0
938	30	1
938	31	0
938	32	1
938	33	0
938	34	1
938	35	0
938	36	1
938	37	1
938	38	0
938	39	0
938	40	0
939	1	1
939	2	0
939	3	0
939	4	1
939	5	0
939	6	1
939	7	1
939	8	1
939	9	1
939	10	1
939	11	1
939	12	0
939	13	0
939	14	1
939	15	0
939	16	1
939	17	0
939	18	1
939	19	1
939	20	1
939	21	0
939	22	0
939	23	0
939	24	1
939	25	0
939	26	1
939	27	1
939	28	1
939	29	1
939	30	0
939	31	1
939	32	1
939	33	1
939	34	0
939	35	1
939	36	0
939	37	0
939	38	1
939	39	1
939	40	0
940	1	1
940	2	1
940	3	0
940	4	1
940	5	1
940	6	1
940	7	1
940	8	1
940	9	1
940	10	1
940	11	1
940	12	1
940	13	1
940	14	1
940	15	1
940	16	1
940	17	1
940	18	1
940	19	1
940	20	1
940	21	0
940	22	1
940	23	1
940	24	1
940	25	1
940	26	1
940	27	1
940	28	1
940	29	1
940	30	1
940	31	1
940	32	1
940	33	1
940	34	0
940	35	1
940	36	0
940	37	1
940	38	1
940	39	1
940	40	1
941	1	1
941	2	0
941	3	0
941	4	0
941	5	0
941	6	1
941	7	0
941	8	1
941	9	0
941	10	1
941	11	0
941	12	1
941	13	0
941	14	0
941	15	0
941	16	1
941	17	1
941	18	1
941	19	1
941	20	0
941	21	0
941	22	0
941	23	0
941	24	1
941	25	0
941	26	1
941	27	1
941	28	0
941	29	0
941	30	1
941	31	0
941	32	0
941	33	1
941	34	0
941	35	0
941	36	0
941	37	0
941	38	0
941	39	1
941	40	1
942	1	0
942	2	0
942	3	1
942	4	1
942	5	0
942	6	0
942	7	0
942	8	0
942	9	0
942	10	0
942	11	1
942	12	0
942	13	0
942	14	0
942	15	0
942	16	0
942	17	0
942	18	0
942	19	1
942	20	1
942	21	1
942	22	0
942	23	0
942	24	1
942	25	0
942	26	0
942	27	0
942	28	0
942	29	0
942	30	0
942	31	1
942	32	1
942	33	0
942	34	1
942	35	1
942	36	1
942	37	0
942	38	0
942	39	0
942	40	0
943	1	1
943	2	0
943	3	0
943	4	1
943	5	0
943	6	1
943	7	1
943	8	1
943	9	1
943	10	1
943	11	1
943	12	0
943	13	0
943	14	1
943	15	0
943	16	1
943	17	0
943	18	1
943	19	1
943	20	1
943	21	0
943	22	0
943	23	0
943	24	1
943	25	0
943	26	1
943	27	1
943	28	1
943	29	1
943	30	0
943	31	1
943	32	1
943	33	1
943	34	0
943	35	1
943	36	0
943	37	0
943	38	1
943	39	1
943	40	0
944	1	1
944	2	0
944	3	0
944	4	1
944	5	0
944	6	1
944	7	1
944	8	1
944	9	1
944	10	1
944	11	1
944	12	0
944	13	0
944	14	1
944	15	0
944	16	1
944	17	0
944	18	1
944	19	1
944	20	1
944	21	0
944	22	0
944	23	0
944	24	1
944	25	0
944	26	1
944	27	1
944	28	1
944	29	1
944	30	0
944	31	1
944	32	1
944	33	1
944	34	0
944	35	1
944	36	0
944	37	0
944	38	1
944	39	1
944	40	0
945	1	1
945	2	1
945	3	1
945	4	1
945	5	1
945	6	0
945	7	0
945	8	1
945	9	1
945	10	0
945	11	1
945	12	1
945	13	1
945	14	0
945	15	1
945	16	1
945	17	1
945	18	0
945	19	1
945	20	1
945	21	0
945	22	1
945	23	1
945	24	1
945	25	1
945	26	1
945	27	1
945	28	0
945	29	0
945	30	1
945	31	1
945	32	1
945	33	0
945	34	1
945	35	1
945	36	1
945	37	1
945	38	0
945	39	1
945	40	1
946	1	1
946	2	1
946	3	0
946	4	0
946	5	1
946	6	1
946	7	1
946	8	0
946	9	0
946	10	1
946	11	0
946	12	1
946	13	0
946	14	1
946	15	0
946	16	1
946	17	1
946	18	1
946	19	0
946	20	0
946	21	1
946	22	1
946	23	0
946	24	0
946	25	1
946	26	1
946	27	0
946	28	0
946	29	0
946	30	1
946	31	0
946	32	0
946	33	1
946	34	1
946	35	0
946	36	1
946	37	0
946	38	1
946	39	1
946	40	1
947	1	1
947	2	1
947	3	0
947	4	1
947	5	1
947	6	0
947	7	0
947	8	1
947	9	1
947	10	0
947	11	1
947	12	1
947	13	1
947	14	0
947	15	1
947	16	1
947	17	1
947	18	0
947	19	1
947	20	1
947	21	1
947	22	1
947	23	1
947	24	1
947	25	1
947	26	1
947	27	1
947	28	0
947	29	0
947	30	1
947	31	1
947	32	1
947	33	0
947	34	0
947	35	1
947	36	0
947	37	1
947	38	0
947	39	1
947	40	1
948	1	1
948	2	1
948	3	0
948	4	1
948	5	1
948	6	1
948	7	1
948	8	1
948	9	1
948	10	1
948	11	1
948	12	1
948	13	1
948	14	1
948	15	1
948	16	1
948	17	1
948	18	1
948	19	1
948	20	1
948	21	0
948	22	1
948	23	1
948	24	1
948	25	1
948	26	1
948	27	1
948	28	1
948	29	1
948	30	1
948	31	1
948	32	1
948	33	1
948	34	0
948	35	1
948	36	0
948	37	1
948	38	1
948	39	1
948	40	1
949	1	1
949	2	0
949	3	0
949	4	1
949	5	0
949	6	1
949	7	1
949	8	1
949	9	1
949	10	1
949	11	1
949	12	0
949	13	0
949	14	1
949	15	0
949	16	1
949	17	0
949	18	1
949	19	1
949	20	1
949	21	0
949	22	0
949	23	0
949	24	1
949	25	0
949	26	1
949	27	1
949	28	1
949	29	1
949	30	0
949	31	1
949	32	1
949	33	1
949	34	0
949	35	1
949	36	0
949	37	0
949	38	1
949	39	1
949	40	0
950	1	1
950	2	1
950	3	0
950	4	1
950	5	1
950	6	0
950	7	0
950	8	1
950	9	1
950	10	0
950	11	1
950	12	1
950	13	1
950	14	0
950	15	1
950	16	1
950	17	1
950	18	0
950	19	1
950	20	1
950	21	1
950	22	1
950	23	1
950	24	1
950	25	1
950	26	1
950	27	1
950	28	0
950	29	0
950	30	1
950	31	1
950	32	1
950	33	0
950	34	0
950	35	1
950	36	0
950	37	1
950	38	0
950	39	1
950	40	1
951	1	1
951	2	1
951	3	0
951	4	1
951	5	1
951	6	0
951	7	0
951	8	1
951	9	1
951	10	0
951	11	1
951	12	1
951	13	1
951	14	0
951	15	1
951	16	1
951	17	1
951	18	0
951	19	1
951	20	1
951	21	1
951	22	1
951	23	1
951	24	1
951	25	1
951	26	1
951	27	1
951	28	0
951	29	0
951	30	1
951	31	1
951	32	1
951	33	0
951	34	0
951	35	1
951	36	0
951	37	1
951	38	0
951	39	1
951	40	1
952	1	1
952	2	1
952	3	0
952	4	1
952	5	1
952	6	0
952	7	0
952	8	1
952	9	1
952	10	0
952	11	1
952	12	1
952	13	1
952	14	0
952	15	1
952	16	1
952	17	1
952	18	0
952	19	1
952	20	1
952	21	1
952	22	1
952	23	1
952	24	1
952	25	1
952	26	1
952	27	1
952	28	0
952	29	0
952	30	1
952	31	1
952	32	1
952	33	0
952	34	0
952	35	1
952	36	0
952	37	1
952	38	0
952	39	1
952	40	1
953	1	0
953	2	1
953	3	1
953	4	1
953	5	1
953	6	1
953	7	1
953	8	1
953	9	0
953	10	1
953	11	1
953	12	1
953	13	1
953	14	1
953	15	1
953	16	0
953	17	1
953	18	1
953	19	1
953	20	1
953	21	1
953	22	1
953	23	1
953	24	1
953	25	1
953	26	0
953	27	1
953	28	1
953	29	1
953	30	1
953	31	1
953	32	1
953	33	1
953	34	1
953	35	1
953	36	1
953	37	1
953	38	1
953	39	0
953	40	1
954	1	1
954	2	0
954	3	0
954	4	0
954	5	0
954	6	0
954	7	0
954	8	1
954	9	1
954	10	0
954	11	1
954	12	1
954	13	0
954	14	0
954	15	0
954	16	1
954	17	1
954	18	0
954	19	1
954	20	1
954	21	0
954	22	0
954	23	1
954	24	1
954	25	0
954	26	1
954	27	1
954	28	0
954	29	0
954	30	1
954	31	0
954	32	1
954	33	0
954	34	1
954	35	0
954	36	1
954	37	1
954	38	0
954	39	1
954	40	1
955	1	1
955	2	1
955	3	1
955	4	0
955	5	1
955	6	1
955	7	1
955	8	0
955	9	1
955	10	1
955	11	0
955	12	1
955	13	1
955	14	1
955	15	1
955	16	1
955	17	1
955	18	1
955	19	0
955	20	0
955	21	1
955	22	1
955	23	1
955	24	0
955	25	1
955	26	1
955	27	0
955	28	1
955	29	1
955	30	1
955	31	0
955	32	0
955	33	1
955	34	1
955	35	0
955	36	1
955	37	1
955	38	1
955	39	1
955	40	1
956	1	1
956	2	1
956	3	1
956	4	0
956	5	1
956	6	1
956	7	1
956	8	0
956	9	1
956	10	1
956	11	0
956	12	1
956	13	1
956	14	1
956	15	1
956	16	1
956	17	1
956	18	1
956	19	0
956	20	0
956	21	1
956	22	1
956	23	1
956	24	0
956	25	1
956	26	1
956	27	0
956	28	1
956	29	1
956	30	1
956	31	0
956	32	0
956	33	1
956	34	1
956	35	0
956	36	1
956	37	1
956	38	1
956	39	1
956	40	1
957	1	1
957	2	1
957	3	0
957	4	1
957	5	1
957	6	0
957	7	0
957	8	1
957	9	1
957	10	0
957	11	1
957	12	1
957	13	1
957	14	0
957	15	1
957	16	1
957	17	1
957	18	0
957	19	1
957	20	1
957	21	1
957	22	1
957	23	1
957	24	1
957	25	1
957	26	1
957	27	1
957	28	0
957	29	0
957	30	1
957	31	1
957	32	1
957	33	0
957	34	0
957	35	1
957	36	0
957	37	1
957	38	0
957	39	1
957	40	1
958	1	0
958	2	0
958	3	1
958	4	0
958	5	0
958	6	0
958	7	0
958	8	1
958	9	0
958	10	0
958	11	0
958	12	0
958	13	0
958	14	0
958	15	0
958	16	0
958	17	0
958	18	0
958	19	1
958	20	1
958	21	1
958	22	0
958	23	0
958	24	1
958	25	0
958	26	0
958	27	0
958	28	0
958	29	0
958	30	0
958	31	0
958	32	1
958	33	0
958	34	0
958	35	1
958	36	1
958	37	0
958	38	0
958	39	0
958	40	0
959	1	1
959	2	1
959	3	0
959	4	1
959	5	1
959	6	1
959	7	1
959	8	1
959	9	1
959	10	1
959	11	1
959	12	1
959	13	1
959	14	1
959	15	1
959	16	1
959	17	1
959	18	1
959	19	1
959	20	1
959	21	0
959	22	1
959	23	1
959	24	1
959	25	1
959	26	1
959	27	1
959	28	1
959	29	1
959	30	1
959	31	1
959	32	1
959	33	1
959	34	0
959	35	1
959	36	0
959	37	1
959	38	1
959	39	1
959	40	1
960	1	1
960	2	1
960	3	0
960	4	1
960	5	1
960	6	0
960	7	0
960	8	1
960	9	1
960	10	0
960	11	1
960	12	1
960	13	1
960	14	0
960	15	1
960	16	1
960	17	1
960	18	0
960	19	1
960	20	1
960	21	1
960	22	1
960	23	1
960	24	1
960	25	1
960	26	1
960	27	1
960	28	0
960	29	0
960	30	1
960	31	1
960	32	1
960	33	0
960	34	0
960	35	1
960	36	0
960	37	1
960	38	0
960	39	1
960	40	1
961	1	1
961	2	1
961	3	0
961	4	1
961	5	1
961	6	1
961	7	1
961	8	1
961	9	1
961	10	1
961	11	1
961	12	1
961	13	1
961	14	1
961	15	1
961	16	1
961	17	1
961	18	1
961	19	1
961	20	1
961	21	0
961	22	1
961	23	1
961	24	1
961	25	1
961	26	1
961	27	1
961	28	1
961	29	1
961	30	1
961	31	1
961	32	1
961	33	1
961	34	0
961	35	1
961	36	0
961	37	1
961	38	1
961	39	1
961	40	1
962	1	1
962	2	1
962	3	0
962	4	0
962	5	0
962	6	0
962	7	0
962	8	0
962	9	0
962	10	1
962	11	0
962	12	1
962	13	0
962	14	1
962	15	0
962	16	1
962	17	0
962	18	0
962	19	1
962	20	0
962	21	0
962	22	1
962	23	0
962	24	1
962	25	0
962	26	0
962	27	0
962	28	0
962	29	0
962	30	0
962	31	0
962	32	0
962	33	0
962	34	0
962	35	0
962	36	0
962	37	0
962	38	1
962	39	0
962	40	0
963	1	1
963	2	1
963	3	0
963	4	1
963	5	1
963	6	1
963	7	1
963	8	1
963	9	1
963	10	1
963	11	1
963	12	1
963	13	1
963	14	1
963	15	1
963	16	1
963	17	1
963	18	1
963	19	1
963	20	1
963	21	0
963	22	1
963	23	1
963	24	1
963	25	1
963	26	1
963	27	1
963	28	1
963	29	1
963	30	1
963	31	1
963	32	1
963	33	1
963	34	0
963	35	1
963	36	0
963	37	1
963	38	1
963	39	1
963	40	1
964	1	1
964	2	1
964	3	0
964	4	1
964	5	1
964	6	0
964	7	0
964	8	1
964	9	1
964	10	0
964	11	1
964	12	1
964	13	1
964	14	0
964	15	1
964	16	1
964	17	1
964	18	0
964	19	1
964	20	1
964	21	1
964	22	1
964	23	1
964	24	1
964	25	1
964	26	1
964	27	1
964	28	0
964	29	0
964	30	1
964	31	1
964	32	1
964	33	0
964	34	0
964	35	1
964	36	0
964	37	1
964	38	0
964	39	1
964	40	1
965	1	1
965	2	1
965	3	0
965	4	1
965	5	0
965	6	0
965	7	0
965	8	0
965	9	1
965	10	0
965	11	1
965	12	1
965	13	1
965	14	0
965	15	1
965	16	1
965	17	0
965	18	0
965	19	1
965	20	1
965	21	1
965	22	1
965	23	1
965	24	1
965	25	1
965	26	1
965	27	0
965	28	0
965	29	0
965	30	0
965	31	1
965	32	1
965	33	0
965	34	0
965	35	1
965	36	0
965	37	1
965	38	0
965	39	1
965	40	1
966	1	1
966	2	1
966	3	0
966	4	1
966	5	1
966	6	1
966	7	1
966	8	1
966	9	1
966	10	1
966	11	1
966	12	1
966	13	1
966	14	1
966	15	1
966	16	1
966	17	1
966	18	1
966	19	1
966	20	1
966	21	0
966	22	1
966	23	1
966	24	1
966	25	1
966	26	1
966	27	1
966	28	1
966	29	1
966	30	1
966	31	1
966	32	1
966	33	1
966	34	0
966	35	1
966	36	0
966	37	1
966	38	1
966	39	1
966	40	1
967	1	0
967	2	1
967	3	1
967	4	1
967	5	1
967	6	1
967	7	1
967	8	1
967	9	0
967	10	1
967	11	1
967	12	1
967	13	1
967	14	1
967	15	1
967	16	0
967	17	1
967	18	1
967	19	1
967	20	1
967	21	1
967	22	1
967	23	1
967	24	1
967	25	1
967	26	0
967	27	1
967	28	1
967	29	1
967	30	1
967	31	1
967	32	1
967	33	1
967	34	1
967	35	1
967	36	1
967	37	1
967	38	1
967	39	0
967	40	1
968	1	1
968	2	1
968	3	0
968	4	1
968	5	1
968	6	0
968	7	0
968	8	1
968	9	1
968	10	0
968	11	1
968	12	1
968	13	1
968	14	0
968	15	1
968	16	1
968	17	1
968	18	0
968	19	1
968	20	1
968	21	1
968	22	1
968	23	1
968	24	1
968	25	1
968	26	1
968	27	1
968	28	0
968	29	0
968	30	1
968	31	1
968	32	1
968	33	0
968	34	0
968	35	1
968	36	0
968	37	1
968	38	0
968	39	1
968	40	1
969	1	1
969	2	0
969	3	0
969	4	1
969	5	0
969	6	1
969	7	1
969	8	1
969	9	1
969	10	1
969	11	1
969	12	0
969	13	0
969	14	1
969	15	0
969	16	1
969	17	0
969	18	1
969	19	1
969	20	1
969	21	0
969	22	0
969	23	0
969	24	1
969	25	0
969	26	1
969	27	1
969	28	1
969	29	1
969	30	0
969	31	1
969	32	1
969	33	1
969	34	0
969	35	1
969	36	0
969	37	0
969	38	1
969	39	1
969	40	0
970	1	1
970	2	1
970	3	0
970	4	1
970	5	1
970	6	0
970	7	0
970	8	1
970	9	0
970	10	0
970	11	0
970	12	1
970	13	0
970	14	0
970	15	0
970	16	1
970	17	1
970	18	0
970	19	1
970	20	0
970	21	0
970	22	1
970	23	0
970	24	1
970	25	1
970	26	1
970	27	1
970	28	0
970	29	0
970	30	1
970	31	1
970	32	0
970	33	0
970	34	1
970	35	1
970	36	1
970	37	0
970	38	0
970	39	1
970	40	1
971	1	1
971	2	1
971	3	0
971	4	1
971	5	1
971	6	0
971	7	0
971	8	1
971	9	1
971	10	0
971	11	1
971	12	1
971	13	1
971	14	0
971	15	1
971	16	1
971	17	1
971	18	0
971	19	1
971	20	1
971	21	1
971	22	1
971	23	1
971	24	1
971	25	1
971	26	1
971	27	1
971	28	0
971	29	0
971	30	1
971	31	1
971	32	1
971	33	0
971	34	0
971	35	1
971	36	0
971	37	1
971	38	0
971	39	1
971	40	1
972	1	1
972	2	1
972	3	0
972	4	1
972	5	1
972	6	0
972	7	0
972	8	1
972	9	1
972	10	0
972	11	1
972	12	1
972	13	1
972	14	0
972	15	1
972	16	1
972	17	1
972	18	0
972	19	1
972	20	1
972	21	1
972	22	1
972	23	1
972	24	1
972	25	1
972	26	1
972	27	1
972	28	0
972	29	0
972	30	1
972	31	1
972	32	1
972	33	0
972	34	0
972	35	1
972	36	0
972	37	1
972	38	0
972	39	1
972	40	1
973	1	1
973	2	0
973	3	0
973	4	1
973	5	0
973	6	1
973	7	1
973	8	1
973	9	1
973	10	1
973	11	1
973	12	0
973	13	0
973	14	1
973	15	0
973	16	1
973	17	0
973	18	1
973	19	1
973	20	1
973	21	0
973	22	0
973	23	0
973	24	1
973	25	0
973	26	1
973	27	1
973	28	1
973	29	1
973	30	0
973	31	1
973	32	1
973	33	1
973	34	0
973	35	1
973	36	0
973	37	0
973	38	1
973	39	1
973	40	0
974	1	0
974	2	0
974	3	1
974	4	1
974	5	0
974	6	0
974	7	0
974	8	1
974	9	0
974	10	0
974	11	1
974	12	0
974	13	0
974	14	0
974	15	0
974	16	0
974	17	0
974	18	0
974	19	1
974	20	1
974	21	1
974	22	0
974	23	0
974	24	1
974	25	0
974	26	0
974	27	1
974	28	0
974	29	0
974	30	0
974	31	1
974	32	1
974	33	0
974	34	1
974	35	1
974	36	1
974	37	0
974	38	0
974	39	0
974	40	0
975	1	1
975	2	1
975	3	0
975	4	1
975	5	1
975	6	1
975	7	1
975	8	1
975	9	1
975	10	1
975	11	1
975	12	1
975	13	1
975	14	1
975	15	1
975	16	1
975	17	1
975	18	1
975	19	1
975	20	1
975	21	0
975	22	1
975	23	1
975	24	1
975	25	1
975	26	1
975	27	1
975	28	1
975	29	1
975	30	1
975	31	1
975	32	1
975	33	1
975	34	0
975	35	1
975	36	0
975	37	1
975	38	1
975	39	1
975	40	1
976	1	1
976	2	1
976	3	0
976	4	1
976	5	1
976	6	1
976	7	1
976	8	1
976	9	1
976	10	1
976	11	1
976	12	1
976	13	1
976	14	1
976	15	1
976	16	1
976	17	1
976	18	1
976	19	1
976	20	1
976	21	0
976	22	1
976	23	1
976	24	1
976	25	1
976	26	1
976	27	1
976	28	1
976	29	1
976	30	1
976	31	1
976	32	1
976	33	1
976	34	0
976	35	1
976	36	0
976	37	1
976	38	1
976	39	1
976	40	1
977	1	0
977	2	1
977	3	1
977	4	1
977	5	1
977	6	1
977	7	1
977	8	1
977	9	0
977	10	1
977	11	1
977	12	1
977	13	1
977	14	1
977	15	1
977	16	0
977	17	1
977	18	1
977	19	1
977	20	1
977	21	1
977	22	1
977	23	1
977	24	1
977	25	1
977	26	0
977	27	1
977	28	1
977	29	1
977	30	1
977	31	1
977	32	1
977	33	1
977	34	1
977	35	1
977	36	1
977	37	1
977	38	1
977	39	0
977	40	1
978	1	1
978	2	1
978	3	0
978	4	0
978	5	0
978	6	1
978	7	1
978	8	1
978	9	1
978	10	1
978	11	0
978	12	0
978	13	0
978	14	1
978	15	1
978	16	0
978	17	1
978	18	1
978	19	1
978	20	1
978	21	0
978	22	0
978	23	0
978	24	1
978	25	1
978	26	1
978	27	0
978	28	1
978	29	0
978	30	1
978	31	0
978	32	1
978	33	1
978	34	0
978	35	1
978	36	0
978	37	0
978	38	1
978	39	1
978	40	1
979	1	1
979	2	1
979	3	0
979	4	1
979	5	0
979	6	0
979	7	0
979	8	0
979	9	1
979	10	0
979	11	1
979	12	1
979	13	1
979	14	0
979	15	1
979	16	1
979	17	0
979	18	0
979	19	1
979	20	1
979	21	1
979	22	1
979	23	1
979	24	1
979	25	1
979	26	1
979	27	0
979	28	0
979	29	0
979	30	0
979	31	1
979	32	1
979	33	0
979	34	0
979	35	1
979	36	0
979	37	1
979	38	0
979	39	1
979	40	1
980	1	1
980	2	1
980	3	0
980	4	1
980	5	1
980	6	1
980	7	1
980	8	1
980	9	1
980	10	1
980	11	1
980	12	1
980	13	1
980	14	1
980	15	1
980	16	1
980	17	1
980	18	1
980	19	1
980	20	1
980	21	0
980	22	1
980	23	1
980	24	1
980	25	1
980	26	1
980	27	1
980	28	1
980	29	1
980	30	1
980	31	1
980	32	1
980	33	1
980	34	0
980	35	1
980	36	0
980	37	1
980	38	1
980	39	1
980	40	1
981	1	1
981	2	1
981	3	1
981	4	1
981	5	1
981	6	0
981	7	0
981	8	1
981	9	1
981	10	0
981	11	1
981	12	1
981	13	1
981	14	0
981	15	1
981	16	1
981	17	1
981	18	0
981	19	1
981	20	1
981	21	0
981	22	1
981	23	1
981	24	1
981	25	1
981	26	1
981	27	1
981	28	0
981	29	0
981	30	1
981	31	1
981	32	1
981	33	0
981	34	1
981	35	1
981	36	1
981	37	1
981	38	0
981	39	1
981	40	1
982	1	0
982	2	0
982	3	1
982	4	1
982	5	0
982	6	0
982	7	0
982	8	1
982	9	0
982	10	0
982	11	1
982	12	0
982	13	0
982	14	0
982	15	0
982	16	0
982	17	0
982	18	0
982	19	1
982	20	1
982	21	1
982	22	0
982	23	0
982	24	1
982	25	0
982	26	0
982	27	1
982	28	0
982	29	0
982	30	0
982	31	1
982	32	1
982	33	0
982	34	1
982	35	1
982	36	1
982	37	0
982	38	0
982	39	0
982	40	0
983	1	1
983	2	1
983	3	0
983	4	1
983	5	1
983	6	1
983	7	1
983	8	1
983	9	1
983	10	1
983	11	1
983	12	1
983	13	1
983	14	1
983	15	1
983	16	1
983	17	1
983	18	1
983	19	1
983	20	1
983	21	0
983	22	1
983	23	1
983	24	1
983	25	1
983	26	1
983	27	1
983	28	1
983	29	1
983	30	1
983	31	1
983	32	1
983	33	1
983	34	0
983	35	1
983	36	0
983	37	1
983	38	1
983	39	1
983	40	1
984	1	0
984	2	1
984	3	1
984	4	1
984	5	1
984	6	1
984	7	1
984	8	1
984	9	0
984	10	1
984	11	1
984	12	1
984	13	1
984	14	1
984	15	1
984	16	0
984	17	1
984	18	1
984	19	1
984	20	1
984	21	1
984	22	1
984	23	1
984	24	1
984	25	1
984	26	0
984	27	1
984	28	1
984	29	1
984	30	1
984	31	1
984	32	1
984	33	1
984	34	1
984	35	1
984	36	1
984	37	1
984	38	1
984	39	0
984	40	1
985	1	1
985	2	1
985	3	1
985	4	1
985	5	1
985	6	0
985	7	0
985	8	1
985	9	1
985	10	0
985	11	1
985	12	1
985	13	1
985	14	0
985	15	1
985	16	1
985	17	1
985	18	0
985	19	1
985	20	1
985	21	0
985	22	1
985	23	1
985	24	1
985	25	1
985	26	1
985	27	1
985	28	0
985	29	0
985	30	1
985	31	1
985	32	1
985	33	0
985	34	1
985	35	1
985	36	1
985	37	1
985	38	0
985	39	1
985	40	1
986	1	0
986	2	0
986	3	1
986	4	1
986	5	0
986	6	0
986	7	0
986	8	1
986	9	0
986	10	0
986	11	1
986	12	0
986	13	0
986	14	0
986	15	0
986	16	0
986	17	0
986	18	0
986	19	1
986	20	1
986	21	1
986	22	0
986	23	0
986	24	1
986	25	0
986	26	0
986	27	1
986	28	0
986	29	0
986	30	0
986	31	1
986	32	1
986	33	0
986	34	1
986	35	1
986	36	1
986	37	0
986	38	0
986	39	0
986	40	0
987	1	1
987	2	1
987	3	0
987	4	1
987	5	1
987	6	0
987	7	0
987	8	1
987	9	1
987	10	0
987	11	1
987	12	1
987	13	1
987	14	0
987	15	1
987	16	1
987	17	1
987	18	0
987	19	1
987	20	1
987	21	1
987	22	1
987	23	1
987	24	1
987	25	1
987	26	1
987	27	1
987	28	0
987	29	0
987	30	1
987	31	1
987	32	1
987	33	0
987	34	0
987	35	1
987	36	0
987	37	1
987	38	0
987	39	1
987	40	1
988	1	0
988	2	0
988	3	1
988	4	1
988	5	0
988	6	0
988	7	0
988	8	1
988	9	0
988	10	0
988	11	1
988	12	0
988	13	0
988	14	0
988	15	0
988	16	0
988	17	0
988	18	0
988	19	1
988	20	1
988	21	1
988	22	0
988	23	0
988	24	1
988	25	0
988	26	0
988	27	1
988	28	0
988	29	0
988	30	0
988	31	1
988	32	1
988	33	0
988	34	1
988	35	1
988	36	1
988	37	0
988	38	0
988	39	0
988	40	0
989	1	1
989	2	1
989	3	0
989	4	1
989	5	1
989	6	0
989	7	0
989	8	1
989	9	1
989	10	0
989	11	1
989	12	1
989	13	1
989	14	0
989	15	1
989	16	1
989	17	1
989	18	0
989	19	1
989	20	1
989	21	1
989	22	1
989	23	1
989	24	1
989	25	1
989	26	1
989	27	1
989	28	0
989	29	0
989	30	1
989	31	1
989	32	1
989	33	0
989	34	0
989	35	1
989	36	0
989	37	1
989	38	0
989	39	1
989	40	1
990	1	1
990	2	0
990	3	0
990	4	1
990	5	0
990	6	1
990	7	1
990	8	1
990	9	1
990	10	1
990	11	1
990	12	0
990	13	0
990	14	1
990	15	0
990	16	1
990	17	0
990	18	1
990	19	1
990	20	1
990	21	0
990	22	0
990	23	0
990	24	1
990	25	0
990	26	1
990	27	1
990	28	1
990	29	1
990	30	0
990	31	1
990	32	1
990	33	1
990	34	0
990	35	1
990	36	0
990	37	0
990	38	1
990	39	1
990	40	0
991	1	1
991	2	1
991	3	1
991	4	0
991	5	1
991	6	1
991	7	1
991	8	0
991	9	1
991	10	1
991	11	0
991	12	1
991	13	1
991	14	1
991	15	1
991	16	1
991	17	1
991	18	1
991	19	0
991	20	0
991	21	1
991	22	1
991	23	1
991	24	0
991	25	1
991	26	1
991	27	0
991	28	1
991	29	1
991	30	1
991	31	0
991	32	0
991	33	1
991	34	1
991	35	0
991	36	1
991	37	1
991	38	1
991	39	1
991	40	1
992	1	1
992	2	1
992	3	1
992	4	0
992	5	1
992	6	1
992	7	1
992	8	0
992	9	1
992	10	1
992	11	0
992	12	1
992	13	1
992	14	1
992	15	1
992	16	1
992	17	1
992	18	1
992	19	0
992	20	0
992	21	1
992	22	1
992	23	1
992	24	0
992	25	1
992	26	1
992	27	0
992	28	1
992	29	1
992	30	1
992	31	0
992	32	0
992	33	1
992	34	1
992	35	0
992	36	1
992	37	1
992	38	1
992	39	1
992	40	1
993	1	1
993	2	1
993	3	0
993	4	1
993	5	1
993	6	0
993	7	0
993	8	1
993	9	0
993	10	0
993	11	0
993	12	1
993	13	0
993	14	0
993	15	0
993	16	1
993	17	1
993	18	0
993	19	1
993	20	0
993	21	0
993	22	1
993	23	0
993	24	1
993	25	1
993	26	1
993	27	1
993	28	0
993	29	0
993	30	1
993	31	1
993	32	0
993	33	0
993	34	1
993	35	1
993	36	1
993	37	0
993	38	0
993	39	1
993	40	1
994	1	1
994	2	1
994	3	1
994	4	1
994	5	1
994	6	0
994	7	0
994	8	1
994	9	1
994	10	0
994	11	1
994	12	1
994	13	1
994	14	0
994	15	1
994	16	1
994	17	1
994	18	0
994	19	1
994	20	1
994	21	0
994	22	1
994	23	1
994	24	1
994	25	1
994	26	1
994	27	1
994	28	0
994	29	0
994	30	1
994	31	1
994	32	1
994	33	0
994	34	1
994	35	1
994	36	1
994	37	1
994	38	0
994	39	1
994	40	1
995	1	1
995	2	1
995	3	0
995	4	1
995	5	1
995	6	1
995	7	1
995	8	1
995	9	1
995	10	1
995	11	1
995	12	1
995	13	1
995	14	1
995	15	1
995	16	1
995	17	1
995	18	1
995	19	1
995	20	1
995	21	0
995	22	1
995	23	1
995	24	1
995	25	1
995	26	1
995	27	1
995	28	1
995	29	1
995	30	1
995	31	1
995	32	1
995	33	1
995	34	0
995	35	1
995	36	0
995	37	1
995	38	1
995	39	1
995	40	1
996	1	1
996	2	1
996	3	0
996	4	1
996	5	1
996	6	0
996	7	0
996	8	1
996	9	1
996	10	0
996	11	1
996	12	1
996	13	1
996	14	0
996	15	1
996	16	1
996	17	1
996	18	0
996	19	1
996	20	1
996	21	1
996	22	1
996	23	1
996	24	1
996	25	1
996	26	1
996	27	1
996	28	0
996	29	0
996	30	1
996	31	1
996	32	1
996	33	0
996	34	0
996	35	1
996	36	0
996	37	1
996	38	0
996	39	1
996	40	1
997	1	1
997	2	1
997	3	0
997	4	1
997	5	1
997	6	0
997	7	0
997	8	1
997	9	1
997	10	0
997	11	1
997	12	1
997	13	1
997	14	0
997	15	1
997	16	1
997	17	1
997	18	0
997	19	1
997	20	1
997	21	1
997	22	1
997	23	1
997	24	1
997	25	1
997	26	1
997	27	1
997	28	0
997	29	0
997	30	1
997	31	1
997	32	1
997	33	0
997	34	0
997	35	1
997	36	0
997	37	1
997	38	0
997	39	1
997	40	1
998	1	1
998	2	1
998	3	0
998	4	1
998	5	1
998	6	1
998	7	1
998	8	1
998	9	1
998	10	1
998	11	1
998	12	1
998	13	1
998	14	1
998	15	1
998	16	1
998	17	1
998	18	1
998	19	1
998	20	1
998	21	0
998	22	1
998	23	1
998	24	1
998	25	1
998	26	1
998	27	1
998	28	1
998	29	1
998	30	1
998	31	1
998	32	1
998	33	1
998	34	0
998	35	1
998	36	0
998	37	1
998	38	1
998	39	1
998	40	1
999	1	1
999	2	1
999	3	0
999	4	1
999	5	1
999	6	0
999	7	0
999	8	1
999	9	1
999	10	0
999	11	1
999	12	1
999	13	1
999	14	0
999	15	1
999	16	1
999	17	1
999	18	0
999	19	1
999	20	1
999	21	1
999	22	1
999	23	1
999	24	1
999	25	1
999	26	1
999	27	1
999	28	0
999	29	0
999	30	1
999	31	1
999	32	1
999	33	0
999	34	0
999	35	1
999	36	0
999	37	1
999	38	0
999	39	1
999	40	1
1000	1	1
1000	2	0
1000	3	0
1000	4	0
1000	5	0
1000	6	1
1000	7	0
1000	8	1
1000	9	0
1000	10	1
1000	11	0
1000	12	1
1000	13	0
1000	14	0
1000	15	0
1000	16	1
1000	17	1
1000	18	1
1000	19	1
1000	20	0
1000	21	0
1000	22	0
1000	23	0
1000	24	1
1000	25	0
1000	26	1
1000	27	1
1000	28	0
1000	29	0
1000	30	1
1000	31	0
1000	32	0
1000	33	1
1000	34	0
1000	35	0
1000	36	0
1000	37	0
1000	38	0
1000	39	1
1000	40	1
