p	r	C_pr
1	1	110
1	2	90
1	3	90
1	4	20
1	5	130
1	6	110
1	7	90
1	8	20
1	9	90
1	10	20
1	11	20
1	12	0
1	13	130
1	14	130
1	15	110
1	16	90
1	17	110
1	18	60
1	19	90
1	20	90
1	21	50
1	22	0
1	23	130
1	24	110
1	25	90
1	26	20
1	27	40
1	28	130
1	29	20
1	30	70
1	31	90
1	32	70
1	33	90
1	34	90
1	35	40
1	36	70
1	37	70
1	38	70
1	39	110
1	40	110
2	1	90
2	2	70
2	3	50
2	4	0
2	5	70
2	6	70
2	7	70
2	8	20
2	9	70
2	10	20
2	11	20
2	12	20
2	13	90
2	14	90
2	15	70
2	16	90
2	17	70
2	18	40
2	19	90
2	20	90
2	21	50
2	22	0
2	23	90
2	24	90
2	25	70
2	26	0
2	27	20
2	28	70
2	29	0
2	30	70
2	31	70
2	32	70
2	33	70
2	34	130
2	35	40
2	36	50
2	37	70
2	38	50
2	39	50
2	40	110
3	1	90
3	2	110
3	3	80
3	4	10
3	5	110
3	6	100
3	7	100
3	8	40
3	9	120
3	10	50
3	11	40
3	12	20
3	13	120
3	14	110
3	15	120
3	16	120
3	17	100
3	18	50
3	19	80
3	20	90
3	21	80
3	22	30
3	23	120
3	24	140
3	25	80
3	26	20
3	27	30
3	28	130
3	29	50
3	30	100
3	31	110
3	32	50
3	33	80
3	34	130
3	35	70
3	36	60
3	37	90
3	38	60
3	39	120
3	40	120
4	1	70
4	2	60
4	3	30
4	4	60
4	5	40
4	6	30
4	7	80
4	8	90
4	9	120
4	10	80
4	11	90
4	12	70
4	13	100
4	14	90
4	15	120
4	16	70
4	17	80
4	18	80
4	19	60
4	20	70
4	21	30
4	22	80
4	23	100
4	24	140
4	25	60
4	26	70
4	27	80
4	28	80
4	29	100
4	30	100
4	31	60
4	32	50
4	33	60
4	34	60
4	35	120
4	36	10
4	37	40
4	38	60
4	39	120
4	40	120
5	1	90
5	2	0
5	3	30
5	4	60
5	5	20
5	6	30
5	7	80
5	8	50
5	9	60
5	10	80
5	11	50
5	12	50
5	13	120
5	14	110
5	15	60
5	16	30
5	17	80
5	18	120
5	19	100
5	20	70
5	21	10
5	22	60
5	23	100
5	24	80
5	25	80
5	26	50
5	27	100
5	28	20
5	29	60
5	30	60
5	31	20
5	32	70
5	33	100
5	34	40
5	35	80
5	36	10
5	37	20
5	38	60
5	39	60
5	40	100
6	1	50
6	2	70
6	3	80
6	4	0
6	5	50
6	6	60
6	7	60
6	8	20
6	9	70
6	10	20
6	11	20
6	12	20
6	13	80
6	14	70
6	15	70
6	16	80
6	17	60
6	18	20
6	19	60
6	20	70
6	21	80
6	22	30
6	23	60
6	24	80
6	25	60
6	26	0
6	27	30
6	28	50
6	29	20
6	30	80
6	31	70
6	32	50
6	33	70
6	34	90
6	35	20
6	36	50
6	37	70
6	38	60
6	39	50
6	40	80
7	1	70
7	2	40
7	3	30
7	4	80
7	5	40
7	6	50
7	7	80
7	8	70
7	9	80
7	10	60
7	11	50
7	12	50
7	13	80
7	14	90
7	15	100
7	16	30
7	17	80
7	18	80
7	19	80
7	20	70
7	21	10
7	22	60
7	23	100
7	24	100
7	25	80
7	26	70
7	27	80
7	28	40
7	29	80
7	30	60
7	31	20
7	32	70
7	33	80
7	34	0
7	35	80
7	36	30
7	37	0
7	38	80
7	39	100
7	40	100
8	1	70
8	2	20
8	3	30
8	4	60
8	5	20
8	6	30
8	7	100
8	8	70
8	9	60
8	10	80
8	11	50
8	12	50
8	13	100
8	14	90
8	15	60
8	16	30
8	17	80
8	18	100
8	19	80
8	20	70
8	21	10
8	22	60
8	23	80
8	24	80
8	25	80
8	26	70
8	27	80
8	28	20
8	29	60
8	30	60
8	31	0
8	32	50
8	33	100
8	34	20
8	35	80
8	36	10
8	37	0
8	38	60
8	39	80
8	40	60
9	1	110
9	2	90
9	3	100
9	4	10
9	5	110
9	6	100
9	7	100
9	8	20
9	9	100
9	10	50
9	11	20
9	12	0
9	13	120
9	14	110
9	15	100
9	16	80
9	17	100
9	18	50
9	19	100
9	20	70
9	21	80
9	22	30
9	23	140
9	24	100
9	25	80
9	26	20
9	27	30
9	28	110
9	29	50
9	30	80
9	31	90
9	32	70
9	33	100
9	34	70
9	35	30
9	36	60
9	37	70
9	38	60
9	39	120
9	40	100
10	1	110
10	2	20
10	3	20
10	4	50
10	5	40
10	6	20
10	7	70
10	8	70
10	9	90
10	10	70
10	11	90
10	12	70
10	13	90
10	14	70
10	15	90
10	16	20
10	17	90
10	18	70
10	19	90
10	20	90
10	21	0
10	22	50
10	23	110
10	24	70
10	25	70
10	26	50
10	27	50
10	28	20
10	29	50
10	30	90
10	31	0
10	32	70
10	33	70
10	34	60
10	35	70
10	36	0
10	37	0
10	38	50
10	39	70
10	40	90
11	1	110
11	2	40
11	3	40
11	4	70
11	5	80
11	6	60
11	7	90
11	8	70
11	9	90
11	10	70
11	11	70
11	12	50
11	13	130
11	14	130
11	15	110
11	16	40
11	17	110
11	18	110
11	19	90
11	20	90
11	21	0
11	22	50
11	23	130
11	24	110
11	25	90
11	26	70
11	27	90
11	28	80
11	29	70
11	30	70
11	31	40
11	32	70
11	33	90
11	34	40
11	35	90
11	36	20
11	37	20
11	38	70
11	39	110
11	40	110
12	1	90
12	2	50
12	3	100
12	4	10
12	5	70
12	6	60
12	7	60
12	8	0
12	9	80
12	10	10
12	11	20
12	12	0
12	13	100
12	14	70
12	15	80
12	16	60
12	17	80
12	18	30
12	19	80
12	20	50
12	21	60
12	22	10
12	23	100
12	24	60
12	25	60
12	26	0
12	27	30
12	28	70
12	29	10
12	30	80
12	31	50
12	32	70
12	33	80
12	34	50
12	35	10
12	36	60
12	37	50
12	38	60
12	39	80
12	40	80
13	1	90
13	2	50
13	3	60
13	4	10
13	5	70
13	6	80
13	7	80
13	8	0
13	9	80
13	10	30
13	11	20
13	12	20
13	13	100
13	14	90
13	15	60
13	16	80
13	17	80
13	18	50
13	19	100
13	20	70
13	21	60
13	22	10
13	23	100
13	24	80
13	25	80
13	26	0
13	27	30
13	28	70
13	29	10
13	30	80
13	31	70
13	32	70
13	33	80
13	34	110
13	35	30
13	36	60
13	37	70
13	38	60
13	39	60
13	40	100
14	1	70
14	2	60
14	3	20
14	4	50
14	5	20
14	6	20
14	7	70
14	8	90
14	9	70
14	10	70
14	11	50
14	12	50
14	13	90
14	14	110
14	15	90
14	16	60
14	17	50
14	18	90
14	19	70
14	20	70
14	21	20
14	22	70
14	23	90
14	24	130
14	25	50
14	26	70
14	27	90
14	28	60
14	29	90
14	30	50
14	31	60
14	32	70
14	33	70
14	34	40
14	35	110
14	36	0
14	37	40
14	38	50
14	39	90
14	40	130
15	1	70
15	2	40
15	3	30
15	4	50
15	5	20
15	6	10
15	7	80
15	8	90
15	9	90
15	10	70
15	11	90
15	12	70
15	13	80
15	14	50
15	15	90
15	16	50
15	17	80
15	18	50
15	19	60
15	20	70
15	21	30
15	22	80
15	23	80
15	24	100
15	25	60
15	26	70
15	27	60
15	28	40
15	29	70
15	30	100
15	31	20
15	32	50
15	33	50
15	34	40
15	35	90
15	36	0
15	37	20
15	38	60
15	39	90
15	40	80
16	1	50
16	2	50
16	3	70
16	4	0
16	5	50
16	6	50
16	7	50
16	8	0
16	9	50
16	10	0
16	11	0
16	12	0
16	13	70
16	14	70
16	15	50
16	16	50
16	17	50
16	18	20
16	19	50
16	20	50
16	21	50
16	22	0
16	23	50
16	24	50
16	25	50
16	26	0
16	27	20
16	28	50
16	29	0
16	30	50
16	31	50
16	32	50
16	33	70
16	34	50
16	35	0
16	36	50
16	37	50
16	38	50
16	39	50
16	40	50
17	1	70
17	2	40
17	3	30
17	4	50
17	5	40
17	6	50
17	7	80
17	8	70
17	9	70
17	10	70
17	11	50
17	12	50
17	13	120
17	14	130
17	15	90
17	16	50
17	17	80
17	18	110
17	19	80
17	20	90
17	21	10
17	22	60
17	23	100
17	24	120
17	25	80
17	26	50
17	27	100
17	28	40
17	29	70
17	30	60
17	31	40
17	32	50
17	33	90
17	34	60
17	35	90
17	36	0
17	37	20
17	38	60
17	39	70
17	40	120
18	1	70
18	2	0
18	3	30
18	4	60
18	5	10
18	6	10
18	7	60
18	8	60
18	9	60
18	10	60
18	11	60
18	12	50
18	13	80
18	14	70
18	15	60
18	16	10
18	17	60
18	18	80
18	19	80
18	20	60
18	21	10
18	22	60
18	23	80
18	24	60
18	25	60
18	26	60
18	27	80
18	28	10
18	29	60
18	30	60
18	31	10
18	32	70
18	33	80
18	34	10
18	35	60
18	36	10
18	37	0
18	38	60
18	39	60
18	40	80
19	1	70
19	2	90
19	3	80
19	4	20
19	5	90
19	6	100
19	7	80
19	8	20
19	9	70
19	10	0
19	11	0
19	12	0
19	13	80
19	14	90
19	15	90
19	16	80
19	17	80
19	18	20
19	19	80
19	20	70
19	21	60
19	22	10
19	23	100
19	24	100
19	25	80
19	26	20
19	27	30
19	28	90
19	29	20
19	30	60
19	31	70
19	32	70
19	33	70
19	34	50
19	35	20
19	36	70
19	37	50
19	38	80
19	39	90
19	40	100
20	1	50
20	2	110
20	3	50
20	4	0
20	5	70
20	6	70
20	7	70
20	8	40
20	9	90
20	10	20
20	11	20
20	12	20
20	13	50
20	14	70
20	15	90
20	16	90
20	17	50
20	18	0
20	19	50
20	20	70
20	21	70
20	22	20
20	23	70
20	24	110
20	25	50
20	26	20
20	27	0
20	28	90
20	29	40
20	30	70
20	31	90
20	32	50
20	33	50
20	34	90
20	35	40
20	36	50
20	37	70
20	38	50
20	39	90
20	40	90
21	1	90
21	2	90
21	3	100
21	4	0
21	5	90
21	6	80
21	7	60
21	8	20
21	9	90
21	10	0
21	11	20
21	12	0
21	13	100
21	14	90
21	15	110
21	16	80
21	17	80
21	18	20
21	19	80
21	20	70
21	21	60
21	22	10
21	23	120
21	24	100
21	25	60
21	26	0
21	27	30
21	28	90
21	29	20
21	30	80
21	31	70
21	32	70
21	33	70
21	34	70
21	35	20
21	36	50
21	37	50
21	38	60
21	39	90
21	40	120
22	1	70
22	2	20
22	3	30
22	4	60
22	5	30
22	6	10
22	7	80
22	8	80
22	9	100
22	10	80
22	11	100
22	12	70
22	13	100
22	14	70
22	15	80
22	16	50
22	17	80
22	18	80
22	19	60
22	20	60
22	21	30
22	22	80
22	23	80
22	24	100
22	25	60
22	26	80
22	27	80
22	28	70
22	29	80
22	30	100
22	31	50
22	32	50
22	33	60
22	34	50
22	35	100
22	36	10
22	37	40
22	38	60
22	39	100
22	40	80
23	1	70
23	2	50
23	3	90
23	4	0
23	5	70
23	6	50
23	7	50
23	8	0
23	9	70
23	10	0
23	11	20
23	12	0
23	13	90
23	14	70
23	15	70
23	16	50
23	17	70
23	18	20
23	19	50
23	20	50
23	21	50
23	22	0
23	23	70
23	24	50
23	25	50
23	26	0
23	27	20
23	28	70
23	29	0
23	30	70
23	31	50
23	32	50
23	33	70
23	34	50
23	35	0
23	36	50
23	37	50
23	38	50
23	39	70
23	40	50
24	1	90
24	2	90
24	3	100
24	4	10
24	5	120
24	6	100
24	7	80
24	8	30
24	9	100
24	10	30
24	11	30
24	12	0
24	13	120
24	14	110
24	15	120
24	16	80
24	17	100
24	18	50
24	19	80
24	20	100
24	21	60
24	22	10
24	23	120
24	24	100
24	25	80
24	26	10
24	27	30
24	28	100
24	29	30
24	30	80
24	31	80
24	32	50
24	33	100
24	34	100
24	35	30
24	36	60
24	37	50
24	38	60
24	39	100
24	40	100
25	1	50
25	2	40
25	3	20
25	4	50
25	5	0
25	6	0
25	7	70
25	8	90
25	9	50
25	10	50
25	11	50
25	12	50
25	13	70
25	14	70
25	15	70
25	16	40
25	17	50
25	18	70
25	19	50
25	20	70
25	21	0
25	22	50
25	23	50
25	24	90
25	25	50
25	26	70
25	27	70
25	28	20
25	29	50
25	30	50
25	31	0
25	32	50
25	33	70
25	34	20
25	35	90
25	36	0
25	37	0
25	38	50
25	39	70
25	40	70
26	1	90
26	2	90
26	3	50
26	4	0
26	5	90
26	6	90
26	7	70
26	8	20
26	9	90
26	10	20
26	11	20
26	12	20
26	13	70
26	14	90
26	15	90
26	16	70
26	17	70
26	18	20
26	19	90
26	20	90
26	21	50
26	22	0
26	23	110
26	24	90
26	25	70
26	26	0
26	27	0
26	28	70
26	29	20
26	30	70
26	31	70
26	32	70
26	33	70
26	34	110
26	35	20
26	36	50
26	37	50
26	38	50
26	39	70
26	40	110
27	1	50
27	2	20
27	3	20
27	4	50
27	5	0
27	6	0
27	7	70
27	8	70
27	9	50
27	10	50
27	11	50
27	12	50
27	13	90
27	14	90
27	15	50
27	16	40
27	17	50
27	18	90
27	19	50
27	20	50
27	21	0
27	22	50
27	23	50
27	24	90
27	25	50
27	26	70
27	27	90
27	28	40
27	29	50
27	30	50
27	31	20
27	32	50
27	33	70
27	34	20
27	35	90
27	36	0
27	37	20
27	38	50
27	39	70
27	40	70
28	1	50
28	2	110
28	3	80
28	4	10
28	5	70
28	6	80
28	7	80
28	8	40
28	9	80
28	10	10
28	11	0
28	12	0
28	13	100
28	14	110
28	15	100
28	16	120
28	17	60
28	18	50
28	19	60
28	20	70
28	21	60
28	22	10
28	23	80
28	24	140
28	25	60
28	26	20
28	27	50
28	28	110
28	29	30
28	30	60
28	31	90
28	32	50
28	33	80
28	34	90
28	35	70
28	36	60
28	37	70
28	38	60
28	39	100
28	40	120
29	1	70
29	2	90
29	3	100
29	4	0
29	5	90
29	6	80
29	7	60
29	8	20
29	9	90
29	10	0
29	11	20
29	12	0
29	13	120
29	14	110
29	15	110
29	16	100
29	17	80
29	18	40
29	19	60
29	20	70
29	21	60
29	22	10
29	23	100
29	24	120
29	25	60
29	26	0
29	27	50
29	28	110
29	29	20
29	30	80
29	31	90
29	32	50
29	33	70
29	34	90
29	35	40
29	36	50
29	37	70
29	38	60
29	39	90
29	40	120
30	1	70
30	2	60
30	3	30
30	4	50
30	5	40
30	6	50
30	7	100
30	8	90
30	9	70
30	10	70
30	11	50
30	12	50
30	13	100
30	14	110
30	15	90
30	16	50
30	17	80
30	18	90
30	19	80
30	20	90
30	21	10
30	22	60
30	23	100
30	24	120
30	25	80
30	26	70
30	27	80
30	28	40
30	29	70
30	30	60
30	31	20
30	32	50
30	33	90
30	34	40
30	35	90
30	36	0
30	37	0
30	38	60
30	39	90
30	40	100
31	1	90
31	2	70
31	3	60
31	4	10
31	5	70
31	6	80
31	7	80
31	8	20
31	9	80
31	10	30
31	11	20
31	12	20
31	13	100
31	14	90
31	15	80
31	16	100
31	17	80
31	18	50
31	19	100
31	20	90
31	21	60
31	22	10
31	23	100
31	24	100
31	25	80
31	26	0
31	27	30
31	28	70
31	29	10
31	30	80
31	31	70
31	32	70
31	33	80
31	34	130
31	35	50
31	36	60
31	37	70
31	38	60
31	39	60
31	40	120
32	1	50
32	2	40
32	3	20
32	4	50
32	5	20
32	6	20
32	7	50
32	8	70
32	9	90
32	10	70
32	11	70
32	12	70
32	13	70
32	14	90
32	15	90
32	16	20
32	17	50
32	18	70
32	19	50
32	20	70
32	21	20
32	22	70
32	23	70
32	24	90
32	25	50
32	26	50
32	27	70
32	28	20
32	29	90
32	30	70
32	31	40
32	32	50
32	33	70
32	34	40
32	35	70
32	36	0
32	37	20
32	38	50
32	39	70
32	40	90
33	1	70
33	2	40
33	3	30
33	4	60
33	5	40
33	6	50
33	7	80
33	8	70
33	9	80
33	10	80
33	11	50
33	12	50
33	13	120
33	14	130
33	15	100
33	16	50
33	17	80
33	18	120
33	19	80
33	20	90
33	21	10
33	22	60
33	23	100
33	24	120
33	25	80
33	26	50
33	27	100
33	28	40
33	29	80
33	30	60
33	31	40
33	32	50
33	33	100
33	34	60
33	35	100
33	36	10
33	37	20
33	38	60
33	39	80
33	40	120
34	1	70
34	2	20
34	3	50
34	4	60
34	5	30
34	6	10
34	7	60
34	8	80
34	9	100
34	10	80
34	11	100
34	12	70
34	13	120
34	14	90
34	15	100
34	16	50
34	17	80
34	18	100
34	19	60
34	20	80
34	21	30
34	22	80
34	23	80
34	24	100
34	25	60
34	26	60
34	27	100
34	28	50
34	29	80
34	30	100
34	31	50
34	32	50
34	33	80
34	34	70
34	35	100
34	36	10
34	37	40
34	38	60
34	39	80
34	40	100
35	1	90
35	2	60
35	3	50
35	4	60
35	5	60
35	6	50
35	7	100
35	8	90
35	9	100
35	10	80
35	11	70
35	12	50
35	13	120
35	14	110
35	15	120
35	16	50
35	17	100
35	18	100
35	19	80
35	20	90
35	21	10
35	22	60
35	23	120
35	24	120
35	25	80
35	26	70
35	27	80
35	28	60
35	29	80
35	30	80
35	31	20
35	32	50
35	33	100
35	34	40
35	35	100
35	36	10
35	37	0
35	38	60
35	39	120
35	40	100
36	1	50
36	2	90
36	3	60
36	4	10
36	5	70
36	6	80
36	7	80
36	8	20
36	9	100
36	10	30
36	11	20
36	12	20
36	13	60
36	14	70
36	15	80
36	16	80
36	17	60
36	18	10
36	19	60
36	20	50
36	21	80
36	22	30
36	23	80
36	24	100
36	25	60
36	26	20
36	27	10
36	28	90
36	29	50
36	30	80
36	31	90
36	32	50
36	33	60
36	34	70
36	35	30
36	36	60
36	37	70
36	38	60
36	39	100
36	40	80
37	1	70
37	2	110
37	3	80
37	4	0
37	5	70
37	6	80
37	7	80
37	8	40
37	9	70
37	10	20
37	11	0
37	12	0
37	13	100
37	14	110
37	15	90
37	16	120
37	17	60
37	18	40
37	19	80
37	20	70
37	21	80
37	22	30
37	23	100
37	24	140
37	25	60
37	26	20
37	27	50
37	28	110
37	29	40
37	30	60
37	31	110
37	32	70
37	33	70
37	34	90
37	35	60
37	36	50
37	37	90
37	38	60
37	39	90
37	40	140
38	1	90
38	2	40
38	3	30
38	4	50
38	5	40
38	6	30
38	7	100
38	8	90
38	9	90
38	10	90
38	11	90
38	12	70
38	13	120
38	14	90
38	15	90
38	16	70
38	17	100
38	18	90
38	19	80
38	20	90
38	21	30
38	22	80
38	23	100
38	24	120
38	25	80
38	26	70
38	27	80
38	28	60
38	29	70
38	30	100
38	31	40
38	32	50
38	33	70
38	34	80
38	35	110
38	36	0
38	37	40
38	38	60
38	39	90
38	40	100
39	1	70
39	2	20
39	3	10
39	4	60
39	5	20
39	6	30
39	7	100
39	8	70
39	9	80
39	10	100
39	11	70
39	12	70
39	13	80
39	14	70
39	15	60
39	16	30
39	17	80
39	18	80
39	19	80
39	20	70
39	21	30
39	22	80
39	23	80
39	24	80
39	25	80
39	26	70
39	27	60
39	28	20
39	29	80
39	30	80
39	31	20
39	32	50
39	33	80
39	34	40
39	35	80
39	36	10
39	37	20
39	38	60
39	39	80
39	40	60
40	1	90
40	2	90
40	3	90
40	4	0
40	5	110
40	6	90
40	7	70
40	8	20
40	9	110
40	10	40
40	11	40
40	12	20
40	13	110
40	14	110
40	15	110
40	16	70
40	17	90
40	18	40
40	19	70
40	20	90
40	21	70
40	22	20
40	23	110
40	24	90
40	25	70
40	26	0
40	27	20
40	28	90
40	29	40
40	30	90
40	31	90
40	32	50
40	33	90
40	34	110
40	35	20
40	36	50
40	37	70
40	38	50
40	39	90
40	40	90
41	1	90
41	2	20
41	3	50
41	4	60
41	5	40
41	6	30
41	7	80
41	8	70
41	9	80
41	10	80
41	11	70
41	12	50
41	13	140
41	14	110
41	15	100
41	16	50
41	17	100
41	18	120
41	19	80
41	20	90
41	21	10
41	22	60
41	23	100
41	24	100
41	25	80
41	26	50
41	27	100
41	28	40
41	29	60
41	30	80
41	31	20
41	32	50
41	33	100
41	34	60
41	35	100
41	36	10
41	37	20
41	38	60
41	39	80
41	40	100
42	1	90
42	2	0
42	3	20
42	4	50
42	5	20
42	6	0
42	7	50
42	8	50
42	9	90
42	10	50
42	11	90
42	12	70
42	13	70
42	14	50
42	15	70
42	16	0
42	17	70
42	18	50
42	19	70
42	20	50
42	21	0
42	22	50
42	23	90
42	24	50
42	25	50
42	26	50
42	27	50
42	28	20
42	29	50
42	30	90
42	31	0
42	32	70
42	33	50
42	34	20
42	35	50
42	36	0
42	37	0
42	38	50
42	39	70
42	40	70
43	1	90
43	2	40
43	3	50
43	4	60
43	5	30
43	6	10
43	7	80
43	8	100
43	9	80
43	10	80
43	11	80
43	12	50
43	13	100
43	14	70
43	15	100
43	16	50
43	17	80
43	18	80
43	19	80
43	20	80
43	21	30
43	22	80
43	23	100
43	24	100
43	25	60
43	26	80
43	27	80
43	28	50
43	29	80
43	30	80
43	31	30
43	32	70
43	33	80
43	34	30
43	35	100
43	36	10
43	37	20
43	38	60
43	39	100
43	40	100
44	1	70
44	2	40
44	3	20
44	4	50
44	5	40
44	6	40
44	7	70
44	8	70
44	9	90
44	10	90
44	11	70
44	12	70
44	13	110
44	14	130
44	15	90
44	16	40
44	17	70
44	18	110
44	19	70
44	20	90
44	21	20
44	22	70
44	23	90
44	24	110
44	25	70
44	26	50
44	27	90
44	28	40
44	29	90
44	30	70
44	31	60
44	32	50
44	33	90
44	34	80
44	35	90
44	36	0
44	37	40
44	38	50
44	39	70
44	40	110
45	1	90
45	2	20
45	3	50
45	4	50
45	5	20
45	6	10
45	7	60
45	8	70
45	9	70
45	10	50
45	11	70
45	12	50
45	13	100
45	14	70
45	15	90
45	16	30
45	17	80
45	18	70
45	19	80
45	20	70
45	21	10
45	22	60
45	23	100
45	24	80
45	25	60
45	26	50
45	27	80
45	28	20
45	29	50
45	30	80
45	31	0
45	32	70
45	33	70
45	34	20
45	35	70
45	36	0
45	37	0
45	38	60
45	39	70
45	40	100
46	1	90
46	2	0
46	3	40
46	4	50
46	5	40
46	6	20
46	7	70
46	8	50
46	9	70
46	10	70
46	11	70
46	12	50
46	13	130
46	14	110
46	15	70
46	16	20
46	17	90
46	18	110
46	19	70
46	20	70
46	21	0
46	22	50
46	23	90
46	24	70
46	25	70
46	26	50
46	27	90
46	28	40
46	29	50
46	30	70
46	31	20
46	32	50
46	33	90
46	34	40
46	35	70
46	36	0
46	37	20
46	38	50
46	39	70
46	40	70
47	1	90
47	2	60
47	3	30
47	4	60
47	5	60
47	6	50
47	7	100
47	8	90
47	9	120
47	10	100
47	11	90
47	12	70
47	13	100
47	14	90
47	15	120
47	16	50
47	17	100
47	18	80
47	19	80
47	20	90
47	21	30
47	22	80
47	23	120
47	24	120
47	25	80
47	26	70
47	27	60
47	28	60
47	29	100
47	30	100
47	31	40
47	32	50
47	33	80
47	34	60
47	35	100
47	36	10
47	37	20
47	38	60
47	39	120
47	40	100
48	1	50
48	2	20
48	3	30
48	4	60
48	5	0
48	6	10
48	7	80
48	8	70
48	9	60
48	10	60
48	11	50
48	12	50
48	13	80
48	14	70
48	15	60
48	16	30
48	17	60
48	18	80
48	19	60
48	20	50
48	21	10
48	22	60
48	23	60
48	24	80
48	25	60
48	26	70
48	27	80
48	28	20
48	29	60
48	30	60
48	31	0
48	32	50
48	33	80
48	34	0
48	35	80
48	36	10
48	37	0
48	38	60
48	39	80
48	40	60
49	1	70
49	2	70
49	3	80
49	4	0
49	5	90
49	6	100
49	7	80
49	8	0
49	9	90
49	10	40
49	11	20
49	12	20
49	13	120
49	14	130
49	15	70
49	16	80
49	17	80
49	18	60
49	19	80
49	20	70
49	21	80
49	22	30
49	23	100
49	24	100
49	25	80
49	26	0
49	27	50
49	28	90
49	29	40
49	30	80
49	31	110
49	32	50
49	33	90
49	34	110
49	35	20
49	36	50
49	37	90
49	38	60
49	39	70
49	40	100
50	1	110
50	2	70
50	3	100
50	4	10
50	5	100
50	6	80
50	7	80
50	8	30
50	9	80
50	10	30
50	11	30
50	12	0
50	13	120
50	14	90
50	15	100
50	16	80
50	17	100
50	18	50
50	19	100
50	20	100
50	21	60
50	22	10
50	23	120
50	24	80
50	25	80
50	26	10
50	27	30
50	28	80
50	29	10
50	30	80
50	31	60
50	32	70
50	33	100
50	34	100
50	35	30
50	36	60
50	37	50
50	38	60
50	39	80
50	40	100
51	1	70
51	2	90
51	3	60
51	4	10
51	5	80
51	6	80
51	7	100
51	8	50
51	9	80
51	10	50
51	11	30
51	12	20
51	13	100
51	14	90
51	15	80
51	16	120
51	17	80
51	18	50
51	19	80
51	20	100
51	21	80
51	22	30
51	23	80
51	24	120
51	25	80
51	26	30
51	27	30
51	28	100
51	29	30
51	30	80
51	31	100
51	32	50
51	33	80
51	34	140
51	35	70
51	36	60
51	37	90
51	38	60
51	39	80
51	40	100
52	1	90
52	2	20
52	3	10
52	4	60
52	5	50
52	6	50
52	7	80
52	8	60
52	9	100
52	10	80
52	11	80
52	12	70
52	13	80
52	14	90
52	15	80
52	16	10
52	17	80
52	18	80
52	19	100
52	20	80
52	21	10
52	22	60
52	23	120
52	24	80
52	25	80
52	26	60
52	27	60
52	28	30
52	29	80
52	30	80
52	31	30
52	32	70
52	33	80
52	34	50
52	35	60
52	36	10
52	37	0
52	38	60
52	39	80
52	40	100
53	1	90
53	2	60
53	3	30
53	4	50
53	5	60
53	6	50
53	7	100
53	8	90
53	9	110
53	10	90
53	11	90
53	12	70
53	13	100
53	14	90
53	15	110
53	16	50
53	17	100
53	18	70
53	19	80
53	20	90
53	21	30
53	22	80
53	23	120
53	24	120
53	25	80
53	26	70
53	27	60
53	28	60
53	29	90
53	30	100
53	31	40
53	32	50
53	33	70
53	34	60
53	35	90
53	36	0
53	37	20
53	38	60
53	39	110
53	40	100
54	1	70
54	2	60
54	3	30
54	4	60
54	5	40
54	6	50
54	7	100
54	8	90
54	9	80
54	10	80
54	11	50
54	12	50
54	13	120
54	14	130
54	15	100
54	16	70
54	17	80
54	18	120
54	19	80
54	20	90
54	21	10
54	22	60
54	23	100
54	24	140
54	25	80
54	26	70
54	27	100
54	28	60
54	29	80
54	30	60
54	31	40
54	32	50
54	33	100
54	34	60
54	35	120
54	36	10
54	37	20
54	38	60
54	39	100
54	40	120
55	1	50
55	2	60
55	3	0
55	4	50
55	5	20
55	6	20
55	7	70
55	8	90
55	9	90
55	10	70
55	11	70
55	12	70
55	13	70
55	14	90
55	15	90
55	16	60
55	17	50
55	18	70
55	19	50
55	20	70
55	21	20
55	22	70
55	23	70
55	24	130
55	25	50
55	26	70
55	27	70
55	28	60
55	29	90
55	30	70
55	31	60
55	32	50
55	33	50
55	34	60
55	35	110
55	36	0
55	37	40
55	38	50
55	39	90
55	40	110
56	1	90
56	2	20
56	3	40
56	4	50
56	5	20
56	6	0
56	7	70
56	8	70
56	9	70
56	10	70
56	11	70
56	12	50
56	13	90
56	14	70
56	15	70
56	16	20
56	17	70
56	18	70
56	19	70
56	20	50
56	21	20
56	22	70
56	23	90
56	24	70
56	25	50
56	26	70
56	27	70
56	28	40
56	29	70
56	30	70
56	31	20
56	32	70
56	33	70
56	34	0
56	35	70
56	36	0
56	37	20
56	38	50
56	39	90
56	40	70
57	1	50
57	2	20
57	3	30
57	4	60
57	5	0
57	6	10
57	7	80
57	8	70
57	9	60
57	10	60
57	11	50
57	12	50
57	13	80
57	14	70
57	15	60
57	16	30
57	17	60
57	18	80
57	19	60
57	20	50
57	21	10
57	22	60
57	23	60
57	24	80
57	25	60
57	26	70
57	27	80
57	28	20
57	29	60
57	30	60
57	31	0
57	32	50
57	33	80
57	34	0
57	35	80
57	36	10
57	37	0
57	38	60
57	39	80
57	40	60
58	1	90
58	2	40
58	3	0
58	4	50
58	5	40
58	6	40
58	7	70
58	8	70
58	9	90
58	10	70
58	11	70
58	12	70
58	13	90
58	14	110
58	15	90
58	16	40
58	17	70
58	18	90
58	19	90
58	20	90
58	21	0
58	22	50
58	23	110
58	24	110
58	25	70
58	26	50
58	27	70
58	28	40
58	29	70
58	30	70
58	31	40
58	32	70
58	33	70
58	34	80
58	35	90
58	36	0
58	37	20
58	38	50
58	39	70
58	40	130
59	1	50
59	2	20
59	3	30
59	4	50
59	5	0
59	6	10
59	7	80
59	8	70
59	9	50
59	10	50
59	11	50
59	12	50
59	13	100
59	14	90
59	15	50
59	16	50
59	17	60
59	18	90
59	19	60
59	20	50
59	21	10
59	22	60
59	23	60
59	24	100
59	25	60
59	26	70
59	27	100
59	28	40
59	29	50
59	30	60
59	31	20
59	32	50
59	33	70
59	34	20
59	35	90
59	36	0
59	37	20
59	38	60
59	39	70
59	40	80
60	1	70
60	2	90
60	3	100
60	4	10
60	5	90
60	6	80
60	7	80
60	8	20
60	9	100
60	10	10
60	11	20
60	12	0
60	13	120
60	14	110
60	15	100
60	16	100
60	17	80
60	18	50
60	19	60
60	20	50
60	21	60
60	22	10
60	23	100
60	24	120
60	25	60
60	26	20
60	27	50
60	28	130
60	29	30
60	30	80
60	31	90
60	32	50
60	33	80
60	34	70
60	35	50
60	36	60
60	37	70
60	38	60
60	39	120
60	40	100
61	1	90
61	2	40
61	3	30
61	4	50
61	5	40
61	6	30
61	7	100
61	8	90
61	9	90
61	10	90
61	11	90
61	12	70
61	13	100
61	14	70
61	15	90
61	16	50
61	17	100
61	18	70
61	19	80
61	20	90
61	21	30
61	22	80
61	23	100
61	24	100
61	25	80
61	26	70
61	27	60
61	28	40
61	29	70
61	30	100
61	31	20
61	32	50
61	33	70
61	34	60
61	35	90
61	36	0
61	37	20
61	38	60
61	39	90
61	40	80
62	1	70
62	2	20
62	3	30
62	4	80
62	5	20
62	6	30
62	7	80
62	8	70
62	9	60
62	10	60
62	11	50
62	12	50
62	13	80
62	14	70
62	15	80
62	16	30
62	17	80
62	18	80
62	19	80
62	20	70
62	21	10
62	22	60
62	23	80
62	24	80
62	25	80
62	26	70
62	27	80
62	28	20
62	29	60
62	30	60
62	31	0
62	32	70
62	33	80
62	34	0
62	35	80
62	36	30
62	37	0
62	38	80
62	39	80
62	40	80
63	1	70
63	2	90
63	3	100
63	4	10
63	5	90
63	6	80
63	7	60
63	8	20
63	9	100
63	10	10
63	11	20
63	12	0
63	13	120
63	14	110
63	15	120
63	16	100
63	17	80
63	18	50
63	19	60
63	20	70
63	21	60
63	22	10
63	23	100
63	24	120
63	25	60
63	26	0
63	27	50
63	28	110
63	29	30
63	30	80
63	31	90
63	32	50
63	33	80
63	34	90
63	35	50
63	36	60
63	37	70
63	38	60
63	39	100
63	40	120
64	1	90
64	2	40
64	3	20
64	4	50
64	5	60
64	6	40
64	7	90
64	8	70
64	9	110
64	10	90
64	11	90
64	12	70
64	13	110
64	14	110
64	15	90
64	16	40
64	17	90
64	18	90
64	19	70
64	20	70
64	21	20
64	22	70
64	23	110
64	24	110
64	25	70
64	26	70
64	27	70
64	28	80
64	29	90
64	30	90
64	31	60
64	32	50
64	33	70
64	34	60
64	35	90
64	36	0
64	37	40
64	38	50
64	39	110
64	40	90
65	1	90
65	2	110
65	3	100
65	4	0
65	5	110
65	6	100
65	7	100
65	8	40
65	9	90
65	10	20
65	11	20
65	12	0
65	13	120
65	14	110
65	15	110
65	16	100
65	17	100
65	18	40
65	19	80
65	20	90
65	21	60
65	22	10
65	23	120
65	24	120
65	25	80
65	26	20
65	27	30
65	28	110
65	29	20
65	30	80
65	31	70
65	32	50
65	33	90
65	34	90
65	35	40
65	36	50
65	37	50
65	38	60
65	39	110
65	40	100
66	1	70
66	2	110
66	3	100
66	4	0
66	5	90
66	6	80
66	7	80
66	8	40
66	9	90
66	10	0
66	11	20
66	12	0
66	13	120
66	14	110
66	15	110
66	16	120
66	17	80
66	18	40
66	19	60
66	20	70
66	21	60
66	22	10
66	23	100
66	24	140
66	25	60
66	26	20
66	27	50
66	28	130
66	29	20
66	30	80
66	31	90
66	32	50
66	33	70
66	34	90
66	35	60
66	36	50
66	37	70
66	38	60
66	39	110
66	40	120
67	1	110
67	2	90
67	3	90
67	4	20
67	5	130
67	6	110
67	7	90
67	8	20
67	9	90
67	10	20
67	11	20
67	12	0
67	13	130
67	14	130
67	15	110
67	16	90
67	17	110
67	18	60
67	19	90
67	20	90
67	21	50
67	22	0
67	23	130
67	24	110
67	25	90
67	26	20
67	27	40
67	28	130
67	29	20
67	30	70
67	31	90
67	32	70
67	33	90
67	34	90
67	35	40
67	36	70
67	37	70
67	38	70
67	39	110
67	40	110
68	1	70
68	2	90
68	3	70
68	4	20
68	5	90
68	6	90
68	7	70
68	8	20
68	9	70
68	10	0
68	11	0
68	12	0
68	13	90
68	14	110
68	15	90
68	16	90
68	17	70
68	18	40
68	19	70
68	20	70
68	21	50
68	22	0
68	23	90
68	24	110
68	25	70
68	26	20
68	27	40
68	28	110
68	29	20
68	30	50
68	31	90
68	32	70
68	33	70
68	34	70
68	35	40
68	36	70
68	37	70
68	38	70
68	39	90
68	40	110
69	1	70
69	2	70
69	3	100
69	4	10
69	5	80
69	6	60
69	7	60
69	8	30
69	9	100
69	10	30
69	11	50
69	12	20
69	13	120
69	14	90
69	15	100
69	16	100
69	17	80
69	18	50
69	19	60
69	20	80
69	21	80
69	22	30
69	23	80
69	24	100
69	25	60
69	26	10
69	27	50
69	28	100
69	29	30
69	30	100
69	31	100
69	32	50
69	33	80
69	34	120
69	35	50
69	36	60
69	37	90
69	38	60
69	39	80
69	40	100
70	1	90
70	2	90
70	3	70
70	4	0
70	5	70
70	6	70
70	7	90
70	8	40
70	9	50
70	10	40
70	11	0
70	12	0
70	13	90
70	14	90
70	15	70
70	16	90
70	17	70
70	18	40
70	19	90
70	20	90
70	21	70
70	22	20
70	23	90
70	24	90
70	25	70
70	26	20
70	27	20
70	28	70
70	29	20
70	30	50
70	31	70
70	32	70
70	33	90
70	34	90
70	35	40
70	36	50
70	37	70
70	38	50
70	39	70
70	40	90
71	1	70
71	2	70
71	3	100
71	4	0
71	5	70
71	6	60
71	7	80
71	8	20
71	9	70
71	10	0
71	11	20
71	12	0
71	13	120
71	14	90
71	15	70
71	16	100
71	17	80
71	18	40
71	19	60
71	20	50
71	21	60
71	22	10
71	23	80
71	24	100
71	25	60
71	26	20
71	27	50
71	28	110
71	29	0
71	30	80
71	31	70
71	32	50
71	33	70
71	34	70
71	35	40
71	36	50
71	37	70
71	38	60
71	39	90
71	40	80
72	1	90
72	2	40
72	3	50
72	4	60
72	5	70
72	6	50
72	7	100
72	8	80
72	9	100
72	10	80
72	11	80
72	12	50
72	13	120
72	14	110
72	15	100
72	16	30
72	17	100
72	18	100
72	19	80
72	20	80
72	21	10
72	22	60
72	23	120
72	24	100
72	25	80
72	26	80
72	27	80
72	28	70
72	29	80
72	30	80
72	31	30
72	32	50
72	33	100
72	34	30
72	35	80
72	36	10
72	37	0
72	38	60
72	39	120
72	40	80
73	1	90
73	2	70
73	3	90
73	4	0
73	5	90
73	6	70
73	7	90
73	8	20
73	9	70
73	10	20
73	11	20
73	12	0
73	13	130
73	14	110
73	15	70
73	16	90
73	17	90
73	18	60
73	19	70
73	20	70
73	21	50
73	22	0
73	23	90
73	24	90
73	25	70
73	26	20
73	27	40
73	28	110
73	29	0
73	30	70
73	31	70
73	32	50
73	33	90
73	34	90
73	35	40
73	36	50
73	37	70
73	38	50
73	39	90
73	40	70
74	1	70
74	2	70
74	3	60
74	4	0
74	5	70
74	6	80
74	7	60
74	8	0
74	9	90
74	10	0
74	11	20
74	12	20
74	13	60
74	14	70
74	15	70
74	16	60
74	17	60
74	18	0
74	19	80
74	20	50
74	21	60
74	22	10
74	23	100
74	24	80
74	25	60
74	26	0
74	27	10
74	28	70
74	29	20
74	30	80
74	31	70
74	32	70
74	33	50
74	34	70
74	35	0
74	36	50
74	37	50
74	38	60
74	39	70
74	40	100
75	1	70
75	2	40
75	3	30
75	4	50
75	5	20
75	6	30
75	7	100
75	8	90
75	9	50
75	10	70
75	11	50
75	12	50
75	13	120
75	14	110
75	15	70
75	16	70
75	17	80
75	18	110
75	19	80
75	20	90
75	21	10
75	22	60
75	23	80
75	24	120
75	25	80
75	26	70
75	27	100
75	28	40
75	29	50
75	30	60
75	31	20
75	32	50
75	33	90
75	34	60
75	35	110
75	36	0
75	37	20
75	38	60
75	39	70
75	40	100
76	1	70
76	2	50
76	3	100
76	4	10
76	5	80
76	6	60
76	7	60
76	8	10
76	9	100
76	10	30
76	11	50
76	12	20
76	13	120
76	14	90
76	15	80
76	16	80
76	17	80
76	18	50
76	19	60
76	20	60
76	21	80
76	22	30
76	23	80
76	24	80
76	25	60
76	26	10
76	27	50
76	28	100
76	29	30
76	30	100
76	31	100
76	32	50
76	33	80
76	34	100
76	35	30
76	36	60
76	37	90
76	38	60
76	39	80
76	40	80
77	1	90
77	2	70
77	3	80
77	4	10
77	5	80
77	6	80
77	7	80
77	8	30
77	9	60
77	10	30
77	11	10
77	12	0
77	13	120
77	14	110
77	15	80
77	16	100
77	17	80
77	18	70
77	19	100
77	20	100
77	21	60
77	22	10
77	23	100
77	24	100
77	25	80
77	26	10
77	27	50
77	28	80
77	29	10
77	30	60
77	31	80
77	32	70
77	33	100
77	34	120
77	35	50
77	36	60
77	37	70
77	38	60
77	39	60
77	40	120
78	1	110
78	2	0
78	3	50
78	4	60
78	5	40
78	6	30
78	7	80
78	8	50
78	9	80
78	10	80
78	11	70
78	12	50
78	13	120
78	14	90
78	15	80
78	16	10
78	17	100
78	18	100
78	19	100
78	20	70
78	21	10
78	22	60
78	23	120
78	24	60
78	25	80
78	26	50
78	27	80
78	28	20
78	29	60
78	30	80
78	31	0
78	32	70
78	33	100
78	34	20
78	35	60
78	36	10
78	37	0
78	38	60
78	39	80
78	40	80
79	1	90
79	2	60
79	3	50
79	4	50
79	5	60
79	6	50
79	7	100
79	8	90
79	9	90
79	10	70
79	11	70
79	12	50
79	13	140
79	14	130
79	15	110
79	16	70
79	17	100
79	18	110
79	19	80
79	20	90
79	21	10
79	22	60
79	23	120
79	24	140
79	25	80
79	26	70
79	27	100
79	28	80
79	29	70
79	30	80
79	31	40
79	32	50
79	33	90
79	34	60
79	35	110
79	36	0
79	37	20
79	38	60
79	39	110
79	40	120
80	1	50
80	2	90
80	3	60
80	4	0
80	5	50
80	6	60
80	7	80
80	8	40
80	9	70
80	10	20
80	11	20
80	12	20
80	13	60
80	14	50
80	15	70
80	16	100
80	17	60
80	18	0
80	19	60
80	20	70
80	21	80
80	22	30
80	23	60
80	24	100
80	25	60
80	26	20
80	27	10
80	28	70
80	29	20
80	30	80
80	31	70
80	32	50
80	33	50
80	34	90
80	35	40
80	36	50
80	37	70
80	38	60
80	39	70
80	40	80
81	1	70
81	2	70
81	3	70
81	4	0
81	5	50
81	6	50
81	7	70
81	8	20
81	9	50
81	10	20
81	11	0
81	12	0
81	13	90
81	14	90
81	15	50
81	16	90
81	17	50
81	18	40
81	19	70
81	20	50
81	21	70
81	22	20
81	23	70
81	24	90
81	25	50
81	26	20
81	27	40
81	28	90
81	29	20
81	30	50
81	31	90
81	32	70
81	33	70
81	34	70
81	35	40
81	36	50
81	37	90
81	38	50
81	39	70
81	40	90
82	1	50
82	2	40
82	3	10
82	4	60
82	5	20
82	6	30
82	7	80
82	8	70
82	9	100
82	10	80
82	11	70
82	12	70
82	13	60
82	14	70
82	15	80
82	16	30
82	17	60
82	18	60
82	19	60
82	20	50
82	21	30
82	22	80
82	23	80
82	24	100
82	25	60
82	26	70
82	27	60
82	28	40
82	29	100
82	30	80
82	31	40
82	32	50
82	33	60
82	34	20
82	35	80
82	36	10
82	37	20
82	38	60
82	39	100
82	40	80
83	1	70
83	2	70
83	3	50
83	4	0
83	5	70
83	6	70
83	7	90
83	8	20
83	9	70
83	10	40
83	11	20
83	12	20
83	13	70
83	14	70
83	15	50
83	16	70
83	17	70
83	18	20
83	19	70
83	20	70
83	21	70
83	22	20
83	23	70
83	24	70
83	25	70
83	26	20
83	27	0
83	28	70
83	29	20
83	30	70
83	31	70
83	32	50
83	33	70
83	34	90
83	35	20
83	36	50
83	37	70
83	38	50
83	39	70
83	40	50
84	1	70
84	2	90
84	3	100
84	4	0
84	5	90
84	6	80
84	7	80
84	8	20
84	9	90
84	10	0
84	11	20
84	12	0
84	13	100
84	14	90
84	15	90
84	16	80
84	17	80
84	18	20
84	19	60
84	20	50
84	21	60
84	22	10
84	23	100
84	24	100
84	25	60
84	26	20
84	27	30
84	28	110
84	29	20
84	30	80
84	31	70
84	32	50
84	33	70
84	34	50
84	35	20
84	36	50
84	37	50
84	38	60
84	39	110
84	40	80
85	1	50
85	2	50
85	3	70
85	4	0
85	5	50
85	6	50
85	7	50
85	8	0
85	9	50
85	10	0
85	11	0
85	12	0
85	13	70
85	14	70
85	15	50
85	16	50
85	17	50
85	18	20
85	19	50
85	20	50
85	21	50
85	22	0
85	23	50
85	24	50
85	25	50
85	26	0
85	27	20
85	28	50
85	29	0
85	30	50
85	31	50
85	32	50
85	33	70
85	34	50
85	35	0
85	36	50
85	37	50
85	38	50
85	39	50
85	40	50
86	1	90
86	2	70
86	3	80
86	4	10
86	5	90
86	6	80
86	7	100
86	8	20
86	9	100
86	10	50
86	11	40
86	12	20
86	13	120
86	14	90
86	15	80
86	16	100
86	17	100
86	18	50
86	19	80
86	20	70
86	21	80
86	22	30
86	23	100
86	24	100
86	25	80
86	26	20
86	27	30
86	28	110
86	29	30
86	30	100
86	31	90
86	32	50
86	33	80
86	34	110
86	35	50
86	36	60
86	37	90
86	38	60
86	39	100
86	40	80
87	1	70
87	2	70
87	3	100
87	4	0
87	5	90
87	6	80
87	7	60
87	8	0
87	9	90
87	10	0
87	11	20
87	12	0
87	13	100
87	14	90
87	15	90
87	16	60
87	17	80
87	18	20
87	19	60
87	20	50
87	21	60
87	22	10
87	23	100
87	24	80
87	25	60
87	26	0
87	27	30
87	28	90
87	29	20
87	30	80
87	31	70
87	32	50
87	33	70
87	34	50
87	35	0
87	36	50
87	37	50
87	38	60
87	39	90
87	40	80
88	1	50
88	2	40
88	3	30
88	4	50
88	5	20
88	6	30
88	7	60
88	8	70
88	9	70
88	10	50
88	11	50
88	12	50
88	13	80
88	14	90
88	15	90
88	16	30
88	17	60
88	18	70
88	19	60
88	20	70
88	21	10
88	22	60
88	23	80
88	24	100
88	25	60
88	26	50
88	27	80
88	28	20
88	29	70
88	30	60
88	31	20
88	32	50
88	33	70
88	34	20
88	35	70
88	36	0
88	37	0
88	38	60
88	39	70
88	40	100
89	1	90
89	2	90
89	3	80
89	4	0
89	5	110
89	6	100
89	7	100
89	8	20
89	9	110
89	10	40
89	11	40
89	12	20
89	13	120
89	14	110
89	15	90
89	16	100
89	17	100
89	18	40
89	19	80
89	20	70
89	21	80
89	22	30
89	23	120
89	24	120
89	25	80
89	26	20
89	27	30
89	28	130
89	29	40
89	30	100
89	31	110
89	32	50
89	33	70
89	34	110
89	35	40
89	36	50
89	37	90
89	38	60
89	39	110
89	40	100
90	1	70
90	2	110
90	3	80
90	4	0
90	5	90
90	6	100
90	7	100
90	8	40
90	9	70
90	10	20
90	11	0
90	12	0
90	13	100
90	14	110
90	15	90
90	16	100
90	17	80
90	18	40
90	19	80
90	20	90
90	21	60
90	22	10
90	23	100
90	24	120
90	25	80
90	26	20
90	27	30
90	28	90
90	29	20
90	30	60
90	31	70
90	32	50
90	33	90
90	34	90
90	35	40
90	36	50
90	37	50
90	38	60
90	39	90
90	40	100
91	1	70
91	2	20
91	3	30
91	4	50
91	5	0
91	6	10
91	7	80
91	8	70
91	9	50
91	10	70
91	11	50
91	12	50
91	13	80
91	14	70
91	15	50
91	16	30
91	17	60
91	18	70
91	19	80
91	20	50
91	21	30
91	22	80
91	23	80
91	24	80
91	25	60
91	26	70
91	27	80
91	28	20
91	29	70
91	30	60
91	31	20
91	32	70
91	33	70
91	34	0
91	35	70
91	36	0
91	37	20
91	38	60
91	39	70
91	40	80
92	1	70
92	2	60
92	3	30
92	4	50
92	5	40
92	6	30
92	7	80
92	8	90
92	9	110
92	10	70
92	11	90
92	12	70
92	13	100
92	14	90
92	15	110
92	16	70
92	17	80
92	18	70
92	19	60
92	20	70
92	21	30
92	22	80
92	23	100
92	24	140
92	25	60
92	26	70
92	27	80
92	28	80
92	29	90
92	30	100
92	31	60
92	32	50
92	33	50
92	34	60
92	35	110
92	36	0
92	37	40
92	38	60
92	39	110
92	40	120
93	1	90
93	2	90
93	3	100
93	4	20
93	5	90
93	6	80
93	7	80
93	8	40
93	9	70
93	10	0
93	11	20
93	12	0
93	13	120
93	14	90
93	15	110
93	16	120
93	17	100
93	18	40
93	19	80
93	20	90
93	21	60
93	22	10
93	23	100
93	24	120
93	25	80
93	26	20
93	27	50
93	28	110
93	29	0
93	30	80
93	31	70
93	32	70
93	33	70
93	34	90
93	35	60
93	36	70
93	37	70
93	38	80
93	39	90
93	40	120
94	1	50
94	2	70
94	3	60
94	4	10
94	5	50
94	6	60
94	7	80
94	8	20
94	9	80
94	10	30
94	11	20
94	12	20
94	13	60
94	14	50
94	15	60
94	16	80
94	17	60
94	18	10
94	19	60
94	20	50
94	21	80
94	22	30
94	23	60
94	24	80
94	25	60
94	26	20
94	27	10
94	28	70
94	29	30
94	30	80
94	31	70
94	32	50
94	33	60
94	34	70
94	35	30
94	36	60
94	37	70
94	38	60
94	39	80
94	40	60
95	1	90
95	2	40
95	3	50
95	4	50
95	5	40
95	6	30
95	7	60
95	8	70
95	9	90
95	10	50
95	11	70
95	12	50
95	13	120
95	14	110
95	15	110
95	16	50
95	17	80
95	18	90
95	19	80
95	20	70
95	21	10
95	22	60
95	23	120
95	24	120
95	25	60
95	26	50
95	27	100
95	28	60
95	29	70
95	30	80
95	31	40
95	32	70
95	33	70
95	34	40
95	35	90
95	36	0
95	37	20
95	38	60
95	39	90
95	40	140
96	1	90
96	2	40
96	3	30
96	4	80
96	5	70
96	6	70
96	7	100
96	8	80
96	9	80
96	10	80
96	11	60
96	12	50
96	13	120
96	14	130
96	15	100
96	16	50
96	17	100
96	18	120
96	19	100
96	20	100
96	21	10
96	22	60
96	23	120
96	24	120
96	25	100
96	26	80
96	27	100
96	28	70
96	29	80
96	30	60
96	31	50
96	32	70
96	33	100
96	34	50
96	35	100
96	36	30
96	37	20
96	38	80
96	39	100
96	40	120
97	1	90
97	2	20
97	3	40
97	4	50
97	5	40
97	6	20
97	7	70
97	8	70
97	9	90
97	10	90
97	11	90
97	12	70
97	13	130
97	14	110
97	15	90
97	16	40
97	17	90
97	18	110
97	19	70
97	20	90
97	21	20
97	22	70
97	23	90
97	24	90
97	25	70
97	26	50
97	27	90
97	28	40
97	29	70
97	30	90
97	31	40
97	32	50
97	33	90
97	34	80
97	35	90
97	36	0
97	37	40
97	38	50
97	39	70
97	40	90
98	1	70
98	2	60
98	3	30
98	4	60
98	5	40
98	6	50
98	7	100
98	8	90
98	9	80
98	10	80
98	11	50
98	12	50
98	13	100
98	14	110
98	15	100
98	16	50
98	17	80
98	18	100
98	19	80
98	20	90
98	21	10
98	22	60
98	23	100
98	24	120
98	25	80
98	26	70
98	27	80
98	28	40
98	29	80
98	30	60
98	31	20
98	32	50
98	33	100
98	34	40
98	35	100
98	36	10
98	37	0
98	38	60
98	39	100
98	40	100
99	1	70
99	2	20
99	3	30
99	4	60
99	5	0
99	6	10
99	7	80
99	8	70
99	9	60
99	10	80
99	11	50
99	12	50
99	13	80
99	14	70
99	15	60
99	16	30
99	17	60
99	18	80
99	19	80
99	20	50
99	21	30
99	22	80
99	23	80
99	24	80
99	25	60
99	26	70
99	27	80
99	28	20
99	29	80
99	30	60
99	31	20
99	32	70
99	33	80
99	34	0
99	35	80
99	36	10
99	37	20
99	38	60
99	39	80
99	40	80
100	1	70
100	2	70
100	3	70
100	4	20
100	5	70
100	6	70
100	7	70
100	8	20
100	9	50
100	10	0
100	11	0
100	12	0
100	13	70
100	14	70
100	15	70
100	16	70
100	17	70
100	18	20
100	19	70
100	20	70
100	21	50
100	22	0
100	23	70
100	24	70
100	25	70
100	26	20
100	27	20
100	28	70
100	29	0
100	30	50
100	31	50
100	32	70
100	33	70
100	34	50
100	35	20
100	36	70
100	37	50
100	38	70
100	39	70
100	40	70
101	1	90
101	2	90
101	3	100
101	4	10
101	5	120
101	6	100
101	7	100
101	8	30
101	9	100
101	10	30
101	11	30
101	12	0
101	13	120
101	14	110
101	15	100
101	16	80
101	17	100
101	18	50
101	19	80
101	20	80
101	21	60
101	22	10
101	23	120
101	24	100
101	25	80
101	26	30
101	27	30
101	28	120
101	29	30
101	30	80
101	31	80
101	32	50
101	33	100
101	34	80
101	35	30
101	36	60
101	37	50
101	38	60
101	39	120
101	40	80
102	1	90
102	2	90
102	3	100
102	4	10
102	5	90
102	6	80
102	7	100
102	8	40
102	9	80
102	10	30
102	11	20
102	12	0
102	13	140
102	14	110
102	15	100
102	16	120
102	17	100
102	18	70
102	19	80
102	20	90
102	21	60
102	22	10
102	23	100
102	24	120
102	25	80
102	26	20
102	27	50
102	28	110
102	29	10
102	30	80
102	31	70
102	32	50
102	33	100
102	34	110
102	35	70
102	36	60
102	37	70
102	38	60
102	39	100
102	40	100
103	1	70
103	2	50
103	3	80
103	4	0
103	5	70
103	6	80
103	7	80
103	8	0
103	9	70
103	10	40
103	11	20
103	12	20
103	13	100
103	14	90
103	15	50
103	16	60
103	17	80
103	18	40
103	19	80
103	20	70
103	21	80
103	22	30
103	23	80
103	24	60
103	25	80
103	26	0
103	27	30
103	28	50
103	29	20
103	30	80
103	31	70
103	32	50
103	33	90
103	34	90
103	35	0
103	36	50
103	37	70
103	38	60
103	39	50
103	40	60
104	1	70
104	2	70
104	3	80
104	4	0
104	5	70
104	6	80
104	7	80
104	8	20
104	9	50
104	10	20
104	11	0
104	12	0
104	13	120
104	14	110
104	15	70
104	16	100
104	17	80
104	18	60
104	19	80
104	20	90
104	21	60
104	22	10
104	23	80
104	24	100
104	25	80
104	26	0
104	27	50
104	28	70
104	29	0
104	30	60
104	31	70
104	32	50
104	33	90
104	34	110
104	35	40
104	36	50
104	37	70
104	38	60
104	39	50
104	40	100
105	1	70
105	2	110
105	3	90
105	4	0
105	5	90
105	6	70
105	7	70
105	8	40
105	9	90
105	10	0
105	11	20
105	12	0
105	13	110
105	14	110
105	15	110
105	16	110
105	17	70
105	18	40
105	19	50
105	20	70
105	21	50
105	22	0
105	23	90
105	24	130
105	25	50
105	26	20
105	27	40
105	28	130
105	29	20
105	30	70
105	31	90
105	32	50
105	33	70
105	34	90
105	35	60
105	36	50
105	37	70
105	38	50
105	39	110
105	40	110
106	1	90
106	2	40
106	3	30
106	4	80
106	5	70
106	6	70
106	7	100
106	8	80
106	9	80
106	10	80
106	11	60
106	12	50
106	13	120
106	14	130
106	15	100
106	16	50
106	17	100
106	18	120
106	19	100
106	20	100
106	21	10
106	22	60
106	23	120
106	24	120
106	25	100
106	26	80
106	27	100
106	28	70
106	29	80
106	30	60
106	31	50
106	32	70
106	33	100
106	34	50
106	35	100
106	36	30
106	37	20
106	38	80
106	39	100
106	40	120
107	1	70
107	2	60
107	3	50
107	4	60
107	5	40
107	6	30
107	7	80
107	8	90
107	9	100
107	10	60
107	11	70
107	12	50
107	13	120
107	14	110
107	15	120
107	16	70
107	17	80
107	18	100
107	19	60
107	20	70
107	21	10
107	22	60
107	23	100
107	24	140
107	25	60
107	26	70
107	27	100
107	28	80
107	29	80
107	30	80
107	31	40
107	32	50
107	33	80
107	34	40
107	35	120
107	36	10
107	37	20
107	38	60
107	39	120
107	40	120
108	1	70
108	2	60
108	3	20
108	4	50
108	5	40
108	6	40
108	7	90
108	8	90
108	9	70
108	10	70
108	11	50
108	12	50
108	13	110
108	14	130
108	15	90
108	16	60
108	17	70
108	18	110
108	19	70
108	20	90
108	21	0
108	22	50
108	23	90
108	24	130
108	25	70
108	26	70
108	27	90
108	28	60
108	29	70
108	30	50
108	31	40
108	32	50
108	33	90
108	34	60
108	35	110
108	36	0
108	37	20
108	38	50
108	39	90
108	40	110
109	1	90
109	2	60
109	3	30
109	4	80
109	5	60
109	6	70
109	7	100
109	8	90
109	9	80
109	10	80
109	11	50
109	12	50
109	13	100
109	14	110
109	15	120
109	16	50
109	17	100
109	18	100
109	19	100
109	20	110
109	21	10
109	22	60
109	23	120
109	24	120
109	25	100
109	26	70
109	27	80
109	28	40
109	29	80
109	30	60
109	31	20
109	32	70
109	33	100
109	34	40
109	35	100
109	36	30
109	37	0
109	38	80
109	39	100
109	40	120
110	1	70
110	2	20
110	3	30
110	4	60
110	5	20
110	6	10
110	7	80
110	8	70
110	9	100
110	10	80
110	11	90
110	12	70
110	13	80
110	14	50
110	15	80
110	16	30
110	17	80
110	18	60
110	19	60
110	20	50
110	21	30
110	22	80
110	23	80
110	24	80
110	25	60
110	26	70
110	27	60
110	28	40
110	29	80
110	30	100
110	31	20
110	32	50
110	33	60
110	34	20
110	35	80
110	36	10
110	37	20
110	38	60
110	39	100
110	40	60
111	1	50
111	2	70
111	3	80
111	4	10
111	5	50
111	6	60
111	7	80
111	8	20
111	9	60
111	10	10
111	11	0
111	12	0
111	13	80
111	14	70
111	15	60
111	16	80
111	17	60
111	18	30
111	19	60
111	20	50
111	21	60
111	22	10
111	23	60
111	24	80
111	25	60
111	26	20
111	27	30
111	28	70
111	29	10
111	30	60
111	31	50
111	32	50
111	33	80
111	34	50
111	35	30
111	36	60
111	37	50
111	38	60
111	39	80
111	40	60
112	1	90
112	2	40
112	3	50
112	4	60
112	5	60
112	6	50
112	7	80
112	8	70
112	9	100
112	10	80
112	11	70
112	12	50
112	13	120
112	14	110
112	15	120
112	16	30
112	17	100
112	18	100
112	19	80
112	20	90
112	21	10
112	22	60
112	23	120
112	24	100
112	25	80
112	26	50
112	27	80
112	28	40
112	29	80
112	30	80
112	31	20
112	32	50
112	33	100
112	34	40
112	35	80
112	36	10
112	37	0
112	38	60
112	39	100
112	40	100
113	1	90
113	2	90
113	3	70
113	4	0
113	5	90
113	6	70
113	7	90
113	8	40
113	9	90
113	10	40
113	11	40
113	12	20
113	13	90
113	14	70
113	15	90
113	16	90
113	17	90
113	18	20
113	19	70
113	20	90
113	21	70
113	22	20
113	23	90
113	24	90
113	25	70
113	26	20
113	27	0
113	28	90
113	29	20
113	30	90
113	31	70
113	32	50
113	33	70
113	34	110
113	35	40
113	36	50
113	37	70
113	38	50
113	39	90
113	40	70
114	1	50
114	2	40
114	3	30
114	4	60
114	5	0
114	6	10
114	7	80
114	8	90
114	9	60
114	10	60
114	11	50
114	12	50
114	13	80
114	14	70
114	15	80
114	16	50
114	17	60
114	18	80
114	19	60
114	20	70
114	21	10
114	22	60
114	23	60
114	24	100
114	25	60
114	26	70
114	27	80
114	28	20
114	29	60
114	30	60
114	31	0
114	32	50
114	33	80
114	34	20
114	35	100
114	36	10
114	37	0
114	38	60
114	39	80
114	40	80
115	1	70
115	2	20
115	3	30
115	4	50
115	5	20
115	6	10
115	7	80
115	8	70
115	9	90
115	10	70
115	11	90
115	12	70
115	13	80
115	14	50
115	15	70
115	16	30
115	17	80
115	18	50
115	19	60
115	20	50
115	21	30
115	22	80
115	23	80
115	24	80
115	25	60
115	26	70
115	27	60
115	28	40
115	29	70
115	30	100
115	31	20
115	32	50
115	33	50
115	34	20
115	35	70
115	36	0
115	37	20
115	38	60
115	39	90
115	40	60
116	1	70
116	2	50
116	3	60
116	4	10
116	5	50
116	6	60
116	7	60
116	8	0
116	9	80
116	10	10
116	11	20
116	12	20
116	13	60
116	14	50
116	15	60
116	16	60
116	17	60
116	18	10
116	19	80
116	20	50
116	21	60
116	22	10
116	23	80
116	24	60
116	25	60
116	26	0
116	27	10
116	28	50
116	29	10
116	30	80
116	31	50
116	32	70
116	33	60
116	34	70
116	35	10
116	36	60
116	37	50
116	38	60
116	39	60
116	40	80
117	1	90
117	2	110
117	3	90
117	4	0
117	5	110
117	6	90
117	7	90
117	8	40
117	9	90
117	10	20
117	11	20
117	12	0
117	13	110
117	14	110
117	15	110
117	16	90
117	17	90
117	18	40
117	19	70
117	20	90
117	21	50
117	22	0
117	23	110
117	24	110
117	25	70
117	26	20
117	27	20
117	28	110
117	29	20
117	30	70
117	31	70
117	32	50
117	33	90
117	34	90
117	35	40
117	36	50
117	37	50
117	38	50
117	39	110
117	40	90
118	1	110
118	2	110
118	3	100
118	4	10
118	5	120
118	6	100
118	7	100
118	8	50
118	9	100
118	10	50
118	11	30
118	12	0
118	13	140
118	14	130
118	15	120
118	16	120
118	17	100
118	18	70
118	19	100
118	20	100
118	21	80
118	22	30
118	23	140
118	24	140
118	25	80
118	26	30
118	27	50
118	28	140
118	29	50
118	30	80
118	31	120
118	32	70
118	33	100
118	34	120
118	35	70
118	36	60
118	37	90
118	38	60
118	39	120
118	40	140
119	1	90
119	2	40
119	3	30
119	4	60
119	5	50
119	6	50
119	7	100
119	8	80
119	9	80
119	10	100
119	11	60
119	12	50
119	13	120
119	14	130
119	15	80
119	16	50
119	17	80
119	18	120
119	19	100
119	20	80
119	21	30
119	22	80
119	23	120
119	24	120
119	25	80
119	26	80
119	27	100
119	28	70
119	29	100
119	30	60
119	31	70
119	32	70
119	33	100
119	34	50
119	35	100
119	36	10
119	37	40
119	38	60
119	39	100
119	40	120
120	1	110
120	2	40
120	3	50
120	4	50
120	5	40
120	6	30
120	7	100
120	8	90
120	9	70
120	10	90
120	11	70
120	12	50
120	13	140
120	14	110
120	15	90
120	16	70
120	17	100
120	18	110
120	19	100
120	20	90
120	21	30
120	22	80
120	23	120
120	24	120
120	25	80
120	26	70
120	27	100
120	28	60
120	29	70
120	30	80
120	31	40
120	32	70
120	33	90
120	34	60
120	35	110
120	36	0
120	37	40
120	38	60
120	39	90
120	40	120
121	1	110
121	2	40
121	3	30
121	4	60
121	5	70
121	6	50
121	7	80
121	8	80
121	9	120
121	10	80
121	11	100
121	12	70
121	13	100
121	14	90
121	15	120
121	16	30
121	17	100
121	18	80
121	19	100
121	20	100
121	21	10
121	22	60
121	23	140
121	24	100
121	25	80
121	26	60
121	27	60
121	28	50
121	29	80
121	30	100
121	31	30
121	32	70
121	33	80
121	34	70
121	35	80
121	36	10
121	37	0
121	38	60
121	39	100
121	40	120
122	1	70
122	2	20
122	3	0
122	4	50
122	5	20
122	6	20
122	7	90
122	8	70
122	9	70
122	10	90
122	11	70
122	12	70
122	13	70
122	14	70
122	15	50
122	16	20
122	17	70
122	18	70
122	19	70
122	20	70
122	21	20
122	22	70
122	23	70
122	24	70
122	25	70
122	26	70
122	27	50
122	28	20
122	29	70
122	30	70
122	31	20
122	32	50
122	33	70
122	34	40
122	35	70
122	36	0
122	37	20
122	38	50
122	39	70
122	40	50
123	1	90
123	2	90
123	3	90
123	4	0
123	5	110
123	6	90
123	7	70
123	8	20
123	9	110
123	10	40
123	11	40
123	12	20
123	13	110
123	14	110
123	15	110
123	16	70
123	17	90
123	18	40
123	19	70
123	20	90
123	21	70
123	22	20
123	23	110
123	24	90
123	25	70
123	26	0
123	27	20
123	28	90
123	29	40
123	30	90
123	31	90
123	32	50
123	33	90
123	34	110
123	35	20
123	36	50
123	37	70
123	38	50
123	39	90
123	40	90
124	1	90
124	2	70
124	3	60
124	4	10
124	5	100
124	6	100
124	7	80
124	8	10
124	9	100
124	10	30
124	11	30
124	12	20
124	13	80
124	14	90
124	15	80
124	16	60
124	17	80
124	18	30
124	19	100
124	20	80
124	21	60
124	22	10
124	23	120
124	24	80
124	25	80
124	26	10
124	27	10
124	28	80
124	29	30
124	30	80
124	31	80
124	32	70
124	33	80
124	34	100
124	35	10
124	36	60
124	37	50
124	38	60
124	39	80
124	40	100
125	1	90
125	2	110
125	3	100
125	4	30
125	5	120
125	6	100
125	7	80
125	8	50
125	9	100
125	10	10
125	11	30
125	12	0
125	13	120
125	14	110
125	15	140
125	16	120
125	17	100
125	18	50
125	19	80
125	20	100
125	21	60
125	22	10
125	23	120
125	24	140
125	25	80
125	26	30
125	27	50
125	28	140
125	29	30
125	30	80
125	31	100
125	32	70
125	33	80
125	34	100
125	35	70
125	36	80
125	37	70
125	38	80
125	39	120
125	40	140
126	1	70
126	2	90
126	3	80
126	4	10
126	5	100
126	6	80
126	7	80
126	8	30
126	9	120
126	10	30
126	11	50
126	12	20
126	13	80
126	14	70
126	15	100
126	16	80
126	17	80
126	18	10
126	19	60
126	20	60
126	21	80
126	22	30
126	23	100
126	24	100
126	25	60
126	26	30
126	27	10
126	28	120
126	29	50
126	30	100
126	31	100
126	32	50
126	33	60
126	34	80
126	35	30
126	36	60
126	37	70
126	38	60
126	39	120
126	40	80
127	1	70
127	2	90
127	3	80
127	4	10
127	5	50
127	6	60
127	7	80
127	8	40
127	9	60
127	10	30
127	11	0
127	12	0
127	13	100
127	14	90
127	15	80
127	16	120
127	17	60
127	18	50
127	19	80
127	20	70
127	21	80
127	22	30
127	23	80
127	24	120
127	25	60
127	26	20
127	27	50
127	28	90
127	29	30
127	30	60
127	31	90
127	32	70
127	33	80
127	34	90
127	35	70
127	36	60
127	37	90
127	38	60
127	39	80
127	40	120
128	1	90
128	2	40
128	3	50
128	4	60
128	5	50
128	6	30
128	7	60
128	8	80
128	9	100
128	10	60
128	11	80
128	12	50
128	13	120
128	14	110
128	15	120
128	16	50
128	17	80
128	18	100
128	19	80
128	20	80
128	21	10
128	22	60
128	23	120
128	24	120
128	25	60
128	26	60
128	27	100
128	28	70
128	29	80
128	30	80
128	31	50
128	32	70
128	33	80
128	34	50
128	35	100
128	36	10
128	37	20
128	38	60
128	39	100
128	40	140
129	1	110
129	2	20
129	3	20
129	4	50
129	5	40
129	6	20
129	7	70
129	8	70
129	9	90
129	10	70
129	11	90
129	12	70
129	13	90
129	14	70
129	15	90
129	16	20
129	17	90
129	18	70
129	19	90
129	20	90
129	21	0
129	22	50
129	23	110
129	24	70
129	25	70
129	26	50
129	27	50
129	28	20
129	29	50
129	30	90
129	31	0
129	32	70
129	33	70
129	34	60
129	35	70
129	36	0
129	37	0
129	38	50
129	39	70
129	40	90
130	1	110
130	2	90
130	3	100
130	4	0
130	5	110
130	6	100
130	7	100
130	8	20
130	9	90
130	10	40
130	11	20
130	12	0
130	13	120
130	14	110
130	15	90
130	16	80
130	17	100
130	18	40
130	19	100
130	20	70
130	21	80
130	22	30
130	23	140
130	24	100
130	25	80
130	26	20
130	27	30
130	28	110
130	29	40
130	30	80
130	31	90
130	32	70
130	33	90
130	34	70
130	35	20
130	36	50
130	37	70
130	38	60
130	39	110
130	40	100
131	1	70
131	2	0
131	3	40
131	4	50
131	5	20
131	6	0
131	7	50
131	8	50
131	9	90
131	10	70
131	11	90
131	12	70
131	13	110
131	14	90
131	15	70
131	16	20
131	17	70
131	18	90
131	19	50
131	20	50
131	21	20
131	22	70
131	23	70
131	24	70
131	25	50
131	26	50
131	27	90
131	28	40
131	29	70
131	30	90
131	31	40
131	32	50
131	33	70
131	34	40
131	35	70
131	36	0
131	37	40
131	38	50
131	39	70
131	40	70
132	1	70
132	2	90
132	3	80
132	4	10
132	5	70
132	6	80
132	7	60
132	8	20
132	9	80
132	10	10
132	11	0
132	12	0
132	13	80
132	14	90
132	15	100
132	16	80
132	17	60
132	18	30
132	19	80
132	20	70
132	21	60
132	22	10
132	23	100
132	24	100
132	25	60
132	26	0
132	27	30
132	28	70
132	29	30
132	30	60
132	31	70
132	32	70
132	33	80
132	34	70
132	35	30
132	36	60
132	37	50
132	38	60
132	39	80
132	40	120
133	1	70
133	2	20
133	3	30
133	4	50
133	5	0
133	6	10
133	7	80
133	8	70
133	9	50
133	10	70
133	11	50
133	12	50
133	13	80
133	14	70
133	15	50
133	16	30
133	17	60
133	18	70
133	19	80
133	20	50
133	21	30
133	22	80
133	23	80
133	24	80
133	25	60
133	26	70
133	27	80
133	28	20
133	29	70
133	30	60
133	31	20
133	32	70
133	33	70
133	34	0
133	35	70
133	36	0
133	37	20
133	38	60
133	39	70
133	40	80
134	1	70
134	2	90
134	3	70
134	4	20
134	5	70
134	6	70
134	7	70
134	8	40
134	9	50
134	10	0
134	11	0
134	12	0
134	13	90
134	14	90
134	15	90
134	16	110
134	17	70
134	18	40
134	19	70
134	20	90
134	21	50
134	22	0
134	23	70
134	24	110
134	25	70
134	26	20
134	27	40
134	28	90
134	29	0
134	30	50
134	31	70
134	32	70
134	33	70
134	34	90
134	35	60
134	36	70
134	37	70
134	38	70
134	39	70
134	40	110
135	1	70
135	2	70
135	3	100
135	4	10
135	5	100
135	6	80
135	7	60
135	8	10
135	9	100
135	10	10
135	11	30
135	12	0
135	13	120
135	14	110
135	15	100
135	16	80
135	17	80
135	18	50
135	19	60
135	20	60
135	21	60
135	22	10
135	23	100
135	24	100
135	25	60
135	26	10
135	27	50
135	28	120
135	29	30
135	30	80
135	31	100
135	32	50
135	33	80
135	34	80
135	35	30
135	36	60
135	37	70
135	38	60
135	39	100
135	40	100
136	1	70
136	2	0
136	3	20
136	4	50
136	5	0
136	6	0
136	7	50
136	8	50
136	9	50
136	10	50
136	11	50
136	12	50
136	13	70
136	14	70
136	15	50
136	16	0
136	17	50
136	18	70
136	19	70
136	20	50
136	21	0
136	22	50
136	23	70
136	24	50
136	25	50
136	26	50
136	27	70
136	28	0
136	29	50
136	30	50
136	31	0
136	32	70
136	33	70
136	34	0
136	35	50
136	36	0
136	37	0
136	38	50
136	39	50
136	40	70
137	1	90
137	2	90
137	3	80
137	4	0
137	5	90
137	6	80
137	7	100
137	8	40
137	9	90
137	10	40
137	11	40
137	12	20
137	13	120
137	14	90
137	15	90
137	16	120
137	17	100
137	18	40
137	19	80
137	20	90
137	21	80
137	22	30
137	23	100
137	24	120
137	25	80
137	26	20
137	27	30
137	28	110
137	29	20
137	30	100
137	31	90
137	32	50
137	33	70
137	34	130
137	35	60
137	36	50
137	37	90
137	38	60
137	39	90
137	40	100
138	1	110
138	2	70
138	3	100
138	4	10
138	5	120
138	6	100
138	7	80
138	8	10
138	9	100
138	10	30
138	11	30
138	12	0
138	13	140
138	14	130
138	15	100
138	16	80
138	17	100
138	18	70
138	19	100
138	20	80
138	21	60
138	22	10
138	23	140
138	24	100
138	25	80
138	26	10
138	27	50
138	28	120
138	29	30
138	30	80
138	31	100
138	32	70
138	33	100
138	34	100
138	35	30
138	36	60
138	37	70
138	38	60
138	39	100
138	40	120
139	1	50
139	2	40
139	3	30
139	4	50
139	5	0
139	6	10
139	7	80
139	8	90
139	9	50
139	10	50
139	11	50
139	12	50
139	13	100
139	14	90
139	15	70
139	16	70
139	17	60
139	18	90
139	19	60
139	20	70
139	21	10
139	22	60
139	23	60
139	24	120
139	25	60
139	26	70
139	27	100
139	28	40
139	29	50
139	30	60
139	31	20
139	32	50
139	33	70
139	34	40
139	35	110
139	36	0
139	37	20
139	38	60
139	39	70
139	40	100
140	1	70
140	2	90
140	3	60
140	4	0
140	5	90
140	6	100
140	7	100
140	8	20
140	9	90
140	10	40
140	11	20
140	12	20
140	13	100
140	14	110
140	15	70
140	16	100
140	17	80
140	18	40
140	19	80
140	20	70
140	21	80
140	22	30
140	23	100
140	24	120
140	25	80
140	26	20
140	27	30
140	28	110
140	29	40
140	30	80
140	31	110
140	32	50
140	33	70
140	34	110
140	35	40
140	36	50
140	37	90
140	38	60
140	39	90
140	40	100
141	1	110
141	2	50
141	3	90
141	4	0
141	5	90
141	6	70
141	7	70
141	8	0
141	9	70
141	10	20
141	11	20
141	12	0
141	13	110
141	14	90
141	15	70
141	16	50
141	17	90
141	18	40
141	19	90
141	20	70
141	21	50
141	22	0
141	23	110
141	24	50
141	25	70
141	26	0
141	27	20
141	28	70
141	29	0
141	30	70
141	31	50
141	32	70
141	33	90
141	34	70
141	35	0
141	36	50
141	37	50
141	38	50
141	39	70
141	40	70
142	1	70
142	2	110
142	3	80
142	4	10
142	5	90
142	6	80
142	7	80
142	8	40
142	9	120
142	10	30
142	11	40
142	12	20
142	13	100
142	14	90
142	15	120
142	16	120
142	17	80
142	18	30
142	19	60
142	20	70
142	21	80
142	22	30
142	23	100
142	24	140
142	25	60
142	26	20
142	27	30
142	28	130
142	29	50
142	30	100
142	31	110
142	32	50
142	33	60
142	34	110
142	35	70
142	36	60
142	37	90
142	38	60
142	39	120
142	40	120
143	1	90
143	2	40
143	3	30
143	4	50
143	5	60
143	6	50
143	7	100
143	8	70
143	9	110
143	10	90
143	11	90
143	12	70
143	13	120
143	14	110
143	15	90
143	16	50
143	17	100
143	18	90
143	19	80
143	20	70
143	21	30
143	22	80
143	23	120
143	24	120
143	25	80
143	26	70
143	27	80
143	28	80
143	29	90
143	30	100
143	31	60
143	32	50
143	33	70
143	34	60
143	35	90
143	36	0
143	37	40
143	38	60
143	39	110
143	40	100
144	1	90
144	2	60
144	3	20
144	4	70
144	5	60
144	6	60
144	7	90
144	8	90
144	9	70
144	10	70
144	11	50
144	12	50
144	13	90
144	14	110
144	15	110
144	16	40
144	17	90
144	18	90
144	19	90
144	20	110
144	21	0
144	22	50
144	23	110
144	24	110
144	25	90
144	26	70
144	27	70
144	28	40
144	29	70
144	30	50
144	31	20
144	32	70
144	33	90
144	34	40
144	35	90
144	36	20
144	37	0
144	38	70
144	39	90
144	40	110
145	1	90
145	2	90
145	3	100
145	4	0
145	5	110
145	6	100
145	7	80
145	8	20
145	9	90
145	10	20
145	11	20
145	12	0
145	13	140
145	14	130
145	15	110
145	16	100
145	17	100
145	18	60
145	19	80
145	20	90
145	21	60
145	22	10
145	23	120
145	24	120
145	25	80
145	26	0
145	27	50
145	28	110
145	29	20
145	30	80
145	31	90
145	32	50
145	33	90
145	34	110
145	35	40
145	36	50
145	37	70
145	38	60
145	39	90
145	40	120
146	1	90
146	2	90
146	3	80
146	4	10
146	5	100
146	6	80
146	7	100
146	8	50
146	9	100
146	10	50
146	11	50
146	12	20
146	13	100
146	14	70
146	15	100
146	16	100
146	17	100
146	18	30
146	19	80
146	20	100
146	21	80
146	22	30
146	23	100
146	24	100
146	25	80
146	26	30
146	27	10
146	28	100
146	29	30
146	30	100
146	31	80
146	32	50
146	33	80
146	34	120
146	35	50
146	36	60
146	37	70
146	38	60
146	39	100
146	40	80
147	1	70
147	2	50
147	3	70
147	4	0
147	5	50
147	6	50
147	7	50
147	8	0
147	9	50
147	10	0
147	11	0
147	12	0
147	13	90
147	14	90
147	15	50
147	16	70
147	17	50
147	18	40
147	19	70
147	20	50
147	21	50
147	22	0
147	23	70
147	24	70
147	25	50
147	26	0
147	27	40
147	28	70
147	29	0
147	30	50
147	31	70
147	32	70
147	33	70
147	34	70
147	35	20
147	36	50
147	37	70
147	38	50
147	39	50
147	40	90
148	1	90
148	2	20
148	3	50
148	4	60
148	5	60
148	6	50
148	7	80
148	8	50
148	9	120
148	10	100
148	11	90
148	12	70
148	13	140
148	14	130
148	15	100
148	16	30
148	17	100
148	18	120
148	19	80
148	20	70
148	21	30
148	22	80
148	23	120
148	24	100
148	25	80
148	26	50
148	27	100
148	28	60
148	29	100
148	30	100
148	31	60
148	32	50
148	33	100
148	34	60
148	35	80
148	36	10
148	37	40
148	38	60
148	39	100
148	40	100
149	1	70
149	2	90
149	3	60
149	4	10
149	5	100
149	6	100
149	7	100
149	8	30
149	9	100
149	10	50
149	11	30
149	12	20
149	13	80
149	14	90
149	15	80
149	16	80
149	17	80
149	18	30
149	19	80
149	20	80
149	21	80
149	22	30
149	23	100
149	24	100
149	25	80
149	26	30
149	27	10
149	28	100
149	29	50
149	30	80
149	31	100
149	32	50
149	33	80
149	34	100
149	35	30
149	36	60
149	37	70
149	38	60
149	39	100
149	40	80
150	1	90
150	2	90
150	3	100
150	4	10
150	5	100
150	6	80
150	7	100
150	8	50
150	9	80
150	10	30
150	11	30
150	12	0
150	13	120
150	14	90
150	15	100
150	16	100
150	17	100
150	18	50
150	19	80
150	20	100
150	21	60
150	22	10
150	23	100
150	24	100
150	25	80
150	26	30
150	27	30
150	28	100
150	29	10
150	30	80
150	31	60
150	32	50
150	33	100
150	34	100
150	35	50
150	36	60
150	37	50
150	38	60
150	39	100
150	40	80
151	1	90
151	2	60
151	3	40
151	4	70
151	5	60
151	6	40
151	7	70
151	8	90
151	9	90
151	10	50
151	11	70
151	12	50
151	13	90
151	14	90
151	15	130
151	16	40
151	17	90
151	18	70
151	19	70
151	20	90
151	21	0
151	22	50
151	23	110
151	24	110
151	25	70
151	26	70
151	27	70
151	28	60
151	29	70
151	30	70
151	31	20
151	32	70
151	33	70
151	34	20
151	35	90
151	36	20
151	37	0
151	38	70
151	39	110
151	40	110
152	1	70
152	2	90
152	3	80
152	4	10
152	5	80
152	6	60
152	7	80
152	8	50
152	9	100
152	10	30
152	11	50
152	12	20
152	13	100
152	14	70
152	15	100
152	16	120
152	17	80
152	18	30
152	19	60
152	20	80
152	21	80
152	22	30
152	23	80
152	24	120
152	25	60
152	26	30
152	27	30
152	28	120
152	29	30
152	30	100
152	31	100
152	32	50
152	33	60
152	34	120
152	35	70
152	36	60
152	37	90
152	38	60
152	39	100
152	40	100
153	1	70
153	2	40
153	3	10
153	4	60
153	5	40
153	6	50
153	7	100
153	8	70
153	9	100
153	10	100
153	11	70
153	12	70
153	13	100
153	14	110
153	15	80
153	16	50
153	17	80
153	18	100
153	19	80
153	20	70
153	21	30
153	22	80
153	23	100
153	24	120
153	25	80
153	26	70
153	27	80
153	28	60
153	29	100
153	30	80
153	31	60
153	32	50
153	33	80
153	34	60
153	35	100
153	36	10
153	37	40
153	38	60
153	39	100
153	40	100
154	1	110
154	2	20
154	3	50
154	4	80
154	5	70
154	6	50
154	7	100
154	8	80
154	9	80
154	10	80
154	11	80
154	12	50
154	13	140
154	14	110
154	15	100
154	16	50
154	17	120
154	18	120
154	19	100
154	20	100
154	21	10
154	22	60
154	23	120
154	24	100
154	25	100
154	26	80
154	27	100
154	28	70
154	29	60
154	30	80
154	31	30
154	32	70
154	33	100
154	34	50
154	35	100
154	36	30
154	37	20
154	38	80
154	39	100
154	40	100
155	1	50
155	2	50
155	3	80
155	4	10
155	5	50
155	6	60
155	7	60
155	8	0
155	9	80
155	10	30
155	11	20
155	12	20
155	13	80
155	14	70
155	15	60
155	16	60
155	17	60
155	18	30
155	19	60
155	20	50
155	21	80
155	22	30
155	23	60
155	24	60
155	25	60
155	26	0
155	27	30
155	28	50
155	29	30
155	30	80
155	31	70
155	32	50
155	33	80
155	34	70
155	35	10
155	36	60
155	37	70
155	38	60
155	39	60
155	40	60
156	1	70
156	2	20
156	3	50
156	4	50
156	5	20
156	6	10
156	7	60
156	8	70
156	9	90
156	10	70
156	11	90
156	12	70
156	13	120
156	14	90
156	15	90
156	16	50
156	17	80
156	18	90
156	19	60
156	20	70
156	21	30
156	22	80
156	23	80
156	24	100
156	25	60
156	26	50
156	27	100
156	28	40
156	29	70
156	30	100
156	31	40
156	32	50
156	33	70
156	34	60
156	35	90
156	36	0
156	37	40
156	38	60
156	39	70
156	40	100
157	1	90
157	2	90
157	3	100
157	4	0
157	5	110
157	6	100
157	7	100
157	8	20
157	9	90
157	10	20
157	11	20
157	12	0
157	13	140
157	14	130
157	15	90
157	16	100
157	17	100
157	18	60
157	19	80
157	20	70
157	21	60
157	22	10
157	23	120
157	24	120
157	25	80
157	26	20
157	27	50
157	28	130
157	29	20
157	30	80
157	31	90
157	32	50
157	33	90
157	34	90
157	35	40
157	36	50
157	37	70
157	38	60
157	39	110
157	40	100
158	1	90
158	2	40
158	3	20
158	4	70
158	5	40
158	6	40
158	7	90
158	8	90
158	9	50
158	10	70
158	11	50
158	12	50
158	13	110
158	14	110
158	15	90
158	16	60
158	17	90
158	18	110
158	19	90
158	20	110
158	21	0
158	22	50
158	23	90
158	24	110
158	25	90
158	26	70
158	27	90
158	28	40
158	29	50
158	30	50
158	31	20
158	32	70
158	33	90
158	34	60
158	35	110
158	36	20
158	37	20
158	38	70
158	39	70
158	40	110
159	1	110
159	2	90
159	3	100
159	4	0
159	5	90
159	6	80
159	7	100
159	8	40
159	9	70
159	10	40
159	11	20
159	12	0
159	13	120
159	14	90
159	15	90
159	16	100
159	17	100
159	18	40
159	19	100
159	20	90
159	21	80
159	22	30
159	23	120
159	24	100
159	25	80
159	26	20
159	27	30
159	28	90
159	29	20
159	30	80
159	31	70
159	32	70
159	33	90
159	34	90
159	35	40
159	36	50
159	37	70
159	38	60
159	39	90
159	40	100
160	1	70
160	2	70
160	3	100
160	4	0
160	5	70
160	6	60
160	7	80
160	8	20
160	9	70
160	10	0
160	11	20
160	12	0
160	13	120
160	14	90
160	15	70
160	16	100
160	17	80
160	18	40
160	19	60
160	20	50
160	21	60
160	22	10
160	23	80
160	24	100
160	25	60
160	26	20
160	27	50
160	28	110
160	29	0
160	30	80
160	31	70
160	32	50
160	33	70
160	34	70
160	35	40
160	36	50
160	37	70
160	38	60
160	39	90
160	40	80
161	1	50
161	2	110
161	3	80
161	4	10
161	5	70
161	6	80
161	7	80
161	8	40
161	9	80
161	10	10
161	11	0
161	12	0
161	13	100
161	14	110
161	15	100
161	16	120
161	17	60
161	18	50
161	19	60
161	20	70
161	21	60
161	22	10
161	23	80
161	24	140
161	25	60
161	26	20
161	27	50
161	28	110
161	29	30
161	30	60
161	31	90
161	32	50
161	33	80
161	34	90
161	35	70
161	36	60
161	37	70
161	38	60
161	39	100
161	40	120
162	1	90
162	2	20
162	3	50
162	4	80
162	5	40
162	6	30
162	7	80
162	8	70
162	9	80
162	10	60
162	11	70
162	12	50
162	13	100
162	14	70
162	15	100
162	16	30
162	17	100
162	18	80
162	19	80
162	20	70
162	21	10
162	22	60
162	23	100
162	24	80
162	25	80
162	26	70
162	27	80
162	28	40
162	29	60
162	30	80
162	31	0
162	32	70
162	33	80
162	34	0
162	35	80
162	36	30
162	37	0
162	38	80
162	39	100
162	40	80
163	1	110
163	2	90
163	3	100
163	4	0
163	5	110
163	6	100
163	7	80
163	8	20
163	9	90
163	10	20
163	11	20
163	12	0
163	13	140
163	14	130
163	15	110
163	16	100
163	17	100
163	18	60
163	19	100
163	20	90
163	21	60
163	22	10
163	23	140
163	24	120
163	25	80
163	26	0
163	27	50
163	28	110
163	29	20
163	30	80
163	31	90
163	32	70
163	33	90
163	34	110
163	35	40
163	36	50
163	37	70
163	38	60
163	39	90
163	40	140
164	1	70
164	2	0
164	3	30
164	4	60
164	5	10
164	6	10
164	7	60
164	8	60
164	9	60
164	10	60
164	11	60
164	12	50
164	13	100
164	14	90
164	15	60
164	16	30
164	17	60
164	18	100
164	19	80
164	20	60
164	21	10
164	22	60
164	23	80
164	24	80
164	25	60
164	26	60
164	27	100
164	28	30
164	29	60
164	30	60
164	31	30
164	32	70
164	33	80
164	34	30
164	35	80
164	36	10
164	37	20
164	38	60
164	39	60
164	40	100
165	1	50
165	2	70
165	3	70
165	4	0
165	5	50
165	6	50
165	7	70
165	8	20
165	9	50
165	10	0
165	11	0
165	12	0
165	13	90
165	14	90
165	15	50
165	16	90
165	17	50
165	18	40
165	19	50
165	20	50
165	21	50
165	22	0
165	23	50
165	24	90
165	25	50
165	26	20
165	27	40
165	28	90
165	29	0
165	30	50
165	31	70
165	32	50
165	33	70
165	34	70
165	35	40
165	36	50
165	37	70
165	38	50
165	39	70
165	40	70
166	1	90
166	2	70
166	3	100
166	4	10
166	5	90
166	6	80
166	7	80
166	8	20
166	9	80
166	10	30
166	11	20
166	12	0
166	13	140
166	14	110
166	15	100
166	16	100
166	17	100
166	18	70
166	19	80
166	20	90
166	21	60
166	22	10
166	23	100
166	24	100
166	25	80
166	26	0
166	27	50
166	28	90
166	29	10
166	30	80
166	31	70
166	32	50
166	33	100
166	34	110
166	35	50
166	36	60
166	37	70
166	38	60
166	39	80
166	40	100
167	1	70
167	2	0
167	3	40
167	4	50
167	5	20
167	6	0
167	7	50
167	8	50
167	9	70
167	10	50
167	11	70
167	12	50
167	13	90
167	14	70
167	15	70
167	16	0
167	17	70
167	18	70
167	19	50
167	20	50
167	21	0
167	22	50
167	23	70
167	24	50
167	25	50
167	26	50
167	27	70
167	28	20
167	29	50
167	30	70
167	31	0
167	32	50
167	33	70
167	34	0
167	35	50
167	36	0
167	37	0
167	38	50
167	39	70
167	40	50
168	1	110
168	2	50
168	3	90
168	4	0
168	5	90
168	6	70
168	7	70
168	8	0
168	9	70
168	10	20
168	11	20
168	12	0
168	13	130
168	14	110
168	15	70
168	16	70
168	17	90
168	18	60
168	19	90
168	20	70
168	21	50
168	22	0
168	23	110
168	24	70
168	25	70
168	26	0
168	27	40
168	28	90
168	29	0
168	30	70
168	31	70
168	32	70
168	33	90
168	34	90
168	35	20
168	36	50
168	37	70
168	38	50
168	39	70
168	40	90
169	1	70
169	2	90
169	3	60
169	4	0
169	5	70
169	6	80
169	7	100
169	8	40
169	9	70
169	10	40
169	11	20
169	12	20
169	13	80
169	14	70
169	15	70
169	16	100
169	17	80
169	18	20
169	19	80
169	20	90
169	21	80
169	22	30
169	23	80
169	24	100
169	25	80
169	26	20
169	27	10
169	28	70
169	29	20
169	30	80
169	31	70
169	32	50
169	33	70
169	34	110
169	35	40
169	36	50
169	37	70
169	38	60
169	39	70
169	40	80
170	1	110
170	2	90
170	3	70
170	4	0
170	5	110
170	6	90
170	7	70
170	8	20
170	9	110
170	10	20
170	11	40
170	12	20
170	13	110
170	14	110
170	15	110
170	16	90
170	17	90
170	18	40
170	19	90
170	20	90
170	21	50
170	22	0
170	23	130
170	24	110
170	25	70
170	26	0
170	27	20
170	28	110
170	29	20
170	30	90
170	31	90
170	32	70
170	33	70
170	34	130
170	35	40
170	36	50
170	37	70
170	38	50
170	39	90
170	40	130
171	1	70
171	2	50
171	3	100
171	4	10
171	5	70
171	6	60
171	7	60
171	8	0
171	9	100
171	10	30
171	11	40
171	12	20
171	13	100
171	14	70
171	15	80
171	16	60
171	17	80
171	18	30
171	19	60
171	20	50
171	21	80
171	22	30
171	23	80
171	24	60
171	25	60
171	26	0
171	27	30
171	28	70
171	29	30
171	30	100
171	31	70
171	32	50
171	33	80
171	34	70
171	35	10
171	36	60
171	37	70
171	38	60
171	39	80
171	40	60
172	1	70
172	2	90
172	3	70
172	4	0
172	5	90
172	6	90
172	7	90
172	8	20
172	9	70
172	10	20
172	11	0
172	12	0
172	13	110
172	14	130
172	15	70
172	16	90
172	17	70
172	18	60
172	19	70
172	20	70
172	21	50
172	22	0
172	23	90
172	24	110
172	25	70
172	26	20
172	27	40
172	28	110
172	29	20
172	30	50
172	31	90
172	32	50
172	33	90
172	34	90
172	35	40
172	36	50
172	37	70
172	38	50
172	39	90
172	40	90
173	1	90
173	2	0
173	3	50
173	4	60
173	5	40
173	6	30
173	7	80
173	8	50
173	9	80
173	10	80
173	11	70
173	12	50
173	13	140
173	14	110
173	15	80
173	16	30
173	17	100
173	18	120
173	19	80
173	20	70
173	21	10
173	22	60
173	23	100
173	24	80
173	25	80
173	26	50
173	27	100
173	28	40
173	29	60
173	30	80
173	31	20
173	32	50
173	33	100
173	34	40
173	35	80
173	36	10
173	37	20
173	38	60
173	39	80
173	40	80
174	1	70
174	2	20
174	3	30
174	4	50
174	5	40
174	6	50
174	7	80
174	8	50
174	9	70
174	10	70
174	11	50
174	12	50
174	13	120
174	14	130
174	15	70
174	16	30
174	17	80
174	18	110
174	19	80
174	20	70
174	21	10
174	22	60
174	23	100
174	24	100
174	25	80
174	26	50
174	27	100
174	28	40
174	29	70
174	30	60
174	31	40
174	32	50
174	33	90
174	34	40
174	35	70
174	36	0
174	37	20
174	38	60
174	39	70
174	40	100
175	1	90
175	2	70
175	3	80
175	4	10
175	5	100
175	6	80
175	7	60
175	8	10
175	9	120
175	10	10
175	11	50
175	12	20
175	13	80
175	14	70
175	15	100
175	16	60
175	17	80
175	18	10
175	19	80
175	20	60
175	21	60
175	22	10
175	23	120
175	24	80
175	25	60
175	26	10
175	27	10
175	28	100
175	29	30
175	30	100
175	31	80
175	32	70
175	33	60
175	34	80
175	35	10
175	36	60
175	37	50
175	38	60
175	39	100
175	40	100
176	1	70
176	2	70
176	3	70
176	4	0
176	5	70
176	6	70
176	7	70
176	8	20
176	9	70
176	10	40
176	11	20
176	12	20
176	13	110
176	14	110
176	15	70
176	16	90
176	17	70
176	18	60
176	19	70
176	20	90
176	21	70
176	22	20
176	23	70
176	24	90
176	25	70
176	26	0
176	27	40
176	28	70
176	29	20
176	30	70
176	31	90
176	32	50
176	33	90
176	34	130
176	35	40
176	36	50
176	37	90
176	38	50
176	39	50
176	40	90
177	1	90
177	2	20
177	3	50
177	4	50
177	5	60
177	6	50
177	7	80
177	8	50
177	9	90
177	10	70
177	11	70
177	12	50
177	13	140
177	14	130
177	15	90
177	16	30
177	17	100
177	18	110
177	19	80
177	20	70
177	21	10
177	22	60
177	23	120
177	24	100
177	25	80
177	26	50
177	27	100
177	28	60
177	29	70
177	30	80
177	31	40
177	32	50
177	33	90
177	34	40
177	35	70
177	36	0
177	37	20
177	38	60
177	39	90
177	40	100
178	1	90
178	2	60
178	3	50
178	4	80
178	5	60
178	6	50
178	7	80
178	8	90
178	9	100
178	10	60
178	11	70
178	12	50
178	13	120
178	14	110
178	15	140
178	16	70
178	17	100
178	18	100
178	19	80
178	20	90
178	21	10
178	22	60
178	23	120
178	24	140
178	25	80
178	26	70
178	27	100
178	28	80
178	29	80
178	30	80
178	31	40
178	32	70
178	33	80
178	34	40
178	35	120
178	36	30
178	37	20
178	38	80
178	39	120
178	40	140
179	1	90
179	2	70
179	3	100
179	4	10
179	5	100
179	6	80
179	7	60
179	8	10
179	9	100
179	10	10
179	11	30
179	12	0
179	13	100
179	14	90
179	15	100
179	16	60
179	17	80
179	18	30
179	19	80
179	20	60
179	21	60
179	22	10
179	23	120
179	24	80
179	25	60
179	26	10
179	27	30
179	28	100
179	29	30
179	30	80
179	31	80
179	32	70
179	33	80
179	34	60
179	35	10
179	36	60
179	37	50
179	38	60
179	39	100
179	40	100
180	1	70
180	2	40
180	3	50
180	4	60
180	5	20
180	6	10
180	7	80
180	8	90
180	9	80
180	10	60
180	11	70
180	12	50
180	13	120
180	14	90
180	15	100
180	16	70
180	17	80
180	18	100
180	19	60
180	20	70
180	21	10
180	22	60
180	23	80
180	24	120
180	25	60
180	26	70
180	27	100
180	28	60
180	29	60
180	30	80
180	31	20
180	32	50
180	33	80
180	34	40
180	35	120
180	36	10
180	37	20
180	38	60
180	39	100
180	40	100
181	1	90
181	2	70
181	3	80
181	4	10
181	5	80
181	6	60
181	7	60
181	8	30
181	9	100
181	10	10
181	11	50
181	12	20
181	13	100
181	14	70
181	15	100
181	16	100
181	17	80
181	18	30
181	19	80
181	20	80
181	21	60
181	22	10
181	23	100
181	24	100
181	25	60
181	26	10
181	27	30
181	28	100
181	29	10
181	30	100
181	31	80
181	32	70
181	33	60
181	34	120
181	35	50
181	36	60
181	37	70
181	38	60
181	39	80
181	40	120
182	1	90
182	2	20
182	3	30
182	4	50
182	5	40
182	6	30
182	7	100
182	8	70
182	9	90
182	10	90
182	11	90
182	12	70
182	13	120
182	14	90
182	15	70
182	16	50
182	17	100
182	18	90
182	19	80
182	20	70
182	21	30
182	22	80
182	23	100
182	24	100
182	25	80
182	26	70
182	27	80
182	28	60
182	29	70
182	30	100
182	31	40
182	32	50
182	33	70
182	34	60
182	35	90
182	36	0
182	37	40
182	38	60
182	39	90
182	40	80
183	1	90
183	2	40
183	3	50
183	4	50
183	5	60
183	6	50
183	7	100
183	8	70
183	9	90
183	10	70
183	11	70
183	12	50
183	13	140
183	14	130
183	15	90
183	16	50
183	17	100
183	18	110
183	19	80
183	20	70
183	21	10
183	22	60
183	23	120
183	24	120
183	25	80
183	26	70
183	27	100
183	28	80
183	29	70
183	30	80
183	31	40
183	32	50
183	33	90
183	34	40
183	35	90
183	36	0
183	37	20
183	38	60
183	39	110
183	40	100
184	1	90
184	2	0
184	3	40
184	4	50
184	5	40
184	6	20
184	7	70
184	8	50
184	9	70
184	10	70
184	11	70
184	12	50
184	13	130
184	14	110
184	15	70
184	16	20
184	17	90
184	18	110
184	19	70
184	20	70
184	21	0
184	22	50
184	23	90
184	24	70
184	25	70
184	26	50
184	27	90
184	28	40
184	29	50
184	30	70
184	31	20
184	32	50
184	33	90
184	34	40
184	35	70
184	36	0
184	37	20
184	38	50
184	39	70
184	40	70
185	1	110
185	2	20
185	3	40
185	4	50
185	5	40
185	6	20
185	7	70
185	8	70
185	9	70
185	10	70
185	11	70
185	12	50
185	13	110
185	14	90
185	15	90
185	16	20
185	17	90
185	18	90
185	19	90
185	20	90
185	21	0
185	22	50
185	23	110
185	24	70
185	25	70
185	26	50
185	27	70
185	28	20
185	29	50
185	30	70
185	31	0
185	32	70
185	33	90
185	34	40
185	35	70
185	36	0
185	37	0
185	38	50
185	39	70
185	40	90
186	1	70
186	2	40
186	3	20
186	4	70
186	5	40
186	6	40
186	7	70
186	8	70
186	9	70
186	10	50
186	11	50
186	12	50
186	13	90
186	14	110
186	15	90
186	16	40
186	17	70
186	18	90
186	19	70
186	20	70
186	21	0
186	22	50
186	23	90
186	24	110
186	25	70
186	26	70
186	27	90
186	28	60
186	29	70
186	30	50
186	31	40
186	32	70
186	33	70
186	34	20
186	35	90
186	36	20
186	37	20
186	38	70
186	39	90
186	40	110
187	1	90
187	2	20
187	3	50
187	4	60
187	5	50
187	6	30
187	7	100
187	8	80
187	9	80
187	10	80
187	11	80
187	12	50
187	13	140
187	14	110
187	15	80
187	16	50
187	17	100
187	18	120
187	19	80
187	20	80
187	21	10
187	22	60
187	23	100
187	24	100
187	25	80
187	26	80
187	27	100
187	28	70
187	29	60
187	30	80
187	31	30
187	32	50
187	33	100
187	34	50
187	35	100
187	36	10
187	37	20
187	38	60
187	39	100
187	40	80
188	1	70
188	2	40
188	3	50
188	4	60
188	5	50
188	6	30
188	7	80
188	8	80
188	9	100
188	10	60
188	11	80
188	12	50
188	13	120
188	14	110
188	15	100
188	16	50
188	17	80
188	18	100
188	19	60
188	20	60
188	21	10
188	22	60
188	23	100
188	24	120
188	25	60
188	26	80
188	27	100
188	28	90
188	29	80
188	30	80
188	31	50
188	32	50
188	33	80
188	34	30
188	35	100
188	36	10
188	37	20
188	38	60
188	39	120
188	40	100
189	1	50
189	2	70
189	3	80
189	4	0
189	5	70
189	6	80
189	7	60
189	8	0
189	9	90
189	10	20
189	11	20
189	12	20
189	13	100
189	14	110
189	15	70
189	16	80
189	17	60
189	18	40
189	19	60
189	20	50
189	21	80
189	22	30
189	23	80
189	24	100
189	25	60
189	26	0
189	27	50
189	28	90
189	29	40
189	30	80
189	31	110
189	32	50
189	33	70
189	34	90
189	35	20
189	36	50
189	37	90
189	38	60
189	39	70
189	40	100
190	1	50
190	2	20
190	3	30
190	4	60
190	5	20
190	6	30
190	7	60
190	8	50
190	9	80
190	10	60
190	11	50
190	12	50
190	13	80
190	14	90
190	15	80
190	16	10
190	17	60
190	18	80
190	19	60
190	20	50
190	21	10
190	22	60
190	23	80
190	24	80
190	25	60
190	26	50
190	27	80
190	28	20
190	29	80
190	30	60
190	31	20
190	32	50
190	33	80
190	34	0
190	35	60
190	36	10
190	37	0
190	38	60
190	39	80
190	40	80
191	1	70
191	2	50
191	3	80
191	4	10
191	5	60
191	6	60
191	7	60
191	8	10
191	9	60
191	10	10
191	11	10
191	12	0
191	13	100
191	14	90
191	15	60
191	16	80
191	17	60
191	18	50
191	19	80
191	20	60
191	21	60
191	22	10
191	23	80
191	24	80
191	25	60
191	26	10
191	27	50
191	28	80
191	29	10
191	30	60
191	31	80
191	32	70
191	33	80
191	34	80
191	35	30
191	36	60
191	37	70
191	38	60
191	39	60
191	40	100
192	1	70
192	2	90
192	3	80
192	4	10
192	5	100
192	6	80
192	7	80
192	8	30
192	9	120
192	10	30
192	11	50
192	12	20
192	13	100
192	14	90
192	15	100
192	16	100
192	17	80
192	18	30
192	19	60
192	20	60
192	21	80
192	22	30
192	23	100
192	24	120
192	25	60
192	26	30
192	27	30
192	28	140
192	29	50
192	30	100
192	31	120
192	32	50
192	33	60
192	34	100
192	35	50
192	36	60
192	37	90
192	38	60
192	39	120
192	40	100
193	1	90
193	2	0
193	3	30
193	4	50
193	5	20
193	6	30
193	7	80
193	8	50
193	9	50
193	10	70
193	11	50
193	12	50
193	13	100
193	14	90
193	15	50
193	16	10
193	17	80
193	18	90
193	19	100
193	20	70
193	21	10
193	22	60
193	23	100
193	24	60
193	25	80
193	26	50
193	27	80
193	28	0
193	29	50
193	30	60
193	31	0
193	32	70
193	33	90
193	34	20
193	35	50
193	36	0
193	37	0
193	38	60
193	39	50
193	40	80
194	1	90
194	2	50
194	3	70
194	4	0
194	5	70
194	6	70
194	7	70
194	8	0
194	9	50
194	10	20
194	11	0
194	12	0
194	13	90
194	14	90
194	15	50
194	16	50
194	17	70
194	18	40
194	19	90
194	20	70
194	21	50
194	22	0
194	23	90
194	24	50
194	25	70
194	26	0
194	27	20
194	28	50
194	29	0
194	30	50
194	31	50
194	32	70
194	33	90
194	34	70
194	35	0
194	36	50
194	37	50
194	38	50
194	39	50
194	40	70
195	1	70
195	2	110
195	3	80
195	4	30
195	5	90
195	6	100
195	7	80
195	8	40
195	9	80
195	10	10
195	11	0
195	12	0
195	13	80
195	14	90
195	15	120
195	16	100
195	17	80
195	18	30
195	19	80
195	20	90
195	21	60
195	22	10
195	23	100
195	24	120
195	25	80
195	26	20
195	27	30
195	28	90
195	29	30
195	30	60
195	31	70
195	32	70
195	33	80
195	34	70
195	35	50
195	36	80
195	37	50
195	38	80
195	39	100
195	40	120
196	1	50
196	2	40
196	3	30
196	4	60
196	5	20
196	6	30
196	7	60
196	8	70
196	9	100
196	10	80
196	11	70
196	12	70
196	13	100
196	14	110
196	15	100
196	16	50
196	17	60
196	18	100
196	19	60
196	20	70
196	21	30
196	22	80
196	23	80
196	24	120
196	25	60
196	26	50
196	27	100
196	28	40
196	29	100
196	30	80
196	31	60
196	32	50
196	33	80
196	34	60
196	35	100
196	36	10
196	37	40
196	38	60
196	39	80
196	40	120
197	1	70
197	2	90
197	3	90
197	4	0
197	5	90
197	6	70
197	7	50
197	8	20
197	9	110
197	10	20
197	11	40
197	12	20
197	13	110
197	14	110
197	15	110
197	16	90
197	17	70
197	18	40
197	19	50
197	20	70
197	21	70
197	22	20
197	23	90
197	24	110
197	25	50
197	26	0
197	27	40
197	28	110
197	29	40
197	30	90
197	31	110
197	32	50
197	33	70
197	34	110
197	35	40
197	36	50
197	37	90
197	38	50
197	39	90
197	40	110
198	1	70
198	2	70
198	3	80
198	4	10
198	5	70
198	6	80
198	7	60
198	8	0
198	9	80
198	10	10
198	11	0
198	12	0
198	13	80
198	14	90
198	15	80
198	16	60
198	17	60
198	18	30
198	19	80
198	20	50
198	21	60
198	22	10
198	23	100
198	24	80
198	25	60
198	26	0
198	27	30
198	28	70
198	29	30
198	30	60
198	31	70
198	32	70
198	33	80
198	34	50
198	35	10
198	36	60
198	37	50
198	38	60
198	39	80
198	40	100
199	1	110
199	2	90
199	3	100
199	4	0
199	5	110
199	6	100
199	7	80
199	8	20
199	9	90
199	10	20
199	11	20
199	12	0
199	13	120
199	14	110
199	15	110
199	16	80
199	17	100
199	18	40
199	19	100
199	20	90
199	21	60
199	22	10
199	23	140
199	24	100
199	25	80
199	26	0
199	27	30
199	28	90
199	29	20
199	30	80
199	31	70
199	32	70
199	33	90
199	34	90
199	35	20
199	36	50
199	37	50
199	38	60
199	39	90
199	40	120
200	1	70
200	2	60
200	3	30
200	4	80
200	5	50
200	6	50
200	7	80
200	8	100
200	9	80
200	10	60
200	11	60
200	12	50
200	13	100
200	14	110
200	15	120
200	16	70
200	17	80
200	18	100
200	19	80
200	20	100
200	21	10
200	22	60
200	23	100
200	24	140
200	25	80
200	26	80
200	27	100
200	28	70
200	29	80
200	30	60
200	31	50
200	32	70
200	33	80
200	34	50
200	35	120
200	36	30
200	37	20
200	38	80
200	39	100
200	40	140
201	1	50
201	2	20
201	3	30
201	4	60
201	5	10
201	6	10
201	7	80
201	8	80
201	9	60
201	10	60
201	11	60
201	12	50
201	13	100
201	14	90
201	15	60
201	16	50
201	17	60
201	18	100
201	19	60
201	20	60
201	21	10
201	22	60
201	23	60
201	24	100
201	25	60
201	26	80
201	27	100
201	28	50
201	29	60
201	30	60
201	31	30
201	32	50
201	33	80
201	34	30
201	35	100
201	36	10
201	37	20
201	38	60
201	39	80
201	40	80
202	1	90
202	2	70
202	3	100
202	4	0
202	5	70
202	6	60
202	7	80
202	8	20
202	9	70
202	10	20
202	11	20
202	12	0
202	13	120
202	14	90
202	15	70
202	16	100
202	17	80
202	18	40
202	19	80
202	20	50
202	21	80
202	22	30
202	23	100
202	24	100
202	25	60
202	26	20
202	27	50
202	28	110
202	29	20
202	30	80
202	31	90
202	32	70
202	33	70
202	34	70
202	35	40
202	36	50
202	37	90
202	38	60
202	39	90
202	40	100
203	1	70
203	2	70
203	3	100
203	4	10
203	5	70
203	6	60
203	7	60
203	8	20
203	9	80
203	10	10
203	11	20
203	12	0
203	13	100
203	14	70
203	15	100
203	16	80
203	17	80
203	18	30
203	19	60
203	20	70
203	21	60
203	22	10
203	23	80
203	24	80
203	25	60
203	26	0
203	27	30
203	28	70
203	29	10
203	30	80
203	31	50
203	32	50
203	33	80
203	34	70
203	35	30
203	36	60
203	37	50
203	38	60
203	39	80
203	40	80
204	1	90
204	2	40
204	3	50
204	4	50
204	5	40
204	6	30
204	7	100
204	8	90
204	9	70
204	10	70
204	11	70
204	12	50
204	13	140
204	14	110
204	15	90
204	16	70
204	17	100
204	18	110
204	19	80
204	20	90
204	21	10
204	22	60
204	23	100
204	24	120
204	25	80
204	26	70
204	27	100
204	28	60
204	29	50
204	30	80
204	31	20
204	32	50
204	33	90
204	34	60
204	35	110
204	36	0
204	37	20
204	38	60
204	39	90
204	40	100
205	1	110
205	2	40
205	3	50
205	4	50
205	5	60
205	6	50
205	7	80
205	8	70
205	9	90
205	10	70
205	11	70
205	12	50
205	13	140
205	14	130
205	15	110
205	16	50
205	17	100
205	18	110
205	19	100
205	20	90
205	21	10
205	22	60
205	23	140
205	24	120
205	25	80
205	26	50
205	27	100
205	28	60
205	29	70
205	30	80
205	31	40
205	32	70
205	33	90
205	34	60
205	35	90
205	36	0
205	37	20
205	38	60
205	39	90
205	40	140
206	1	50
206	2	40
206	3	30
206	4	50
206	5	0
206	6	10
206	7	80
206	8	90
206	9	50
206	10	50
206	11	50
206	12	50
206	13	80
206	14	70
206	15	70
206	16	50
206	17	60
206	18	70
206	19	60
206	20	70
206	21	10
206	22	60
206	23	60
206	24	100
206	25	60
206	26	70
206	27	80
206	28	20
206	29	50
206	30	60
206	31	0
206	32	50
206	33	70
206	34	20
206	35	90
206	36	0
206	37	0
206	38	60
206	39	70
206	40	80
207	1	70
207	2	110
207	3	70
207	4	0
207	5	90
207	6	70
207	7	70
207	8	40
207	9	110
207	10	20
207	11	40
207	12	20
207	13	70
207	14	70
207	15	110
207	16	90
207	17	70
207	18	0
207	19	50
207	20	70
207	21	70
207	22	20
207	23	90
207	24	110
207	25	50
207	26	20
207	27	0
207	28	110
207	29	40
207	30	90
207	31	90
207	32	50
207	33	50
207	34	90
207	35	40
207	36	50
207	37	70
207	38	50
207	39	110
207	40	90
208	1	70
208	2	40
208	3	30
208	4	80
208	5	40
208	6	50
208	7	80
208	8	70
208	9	80
208	10	60
208	11	50
208	12	50
208	13	80
208	14	90
208	15	100
208	16	30
208	17	80
208	18	80
208	19	80
208	20	70
208	21	10
208	22	60
208	23	100
208	24	100
208	25	80
208	26	70
208	27	80
208	28	40
208	29	80
208	30	60
208	31	20
208	32	70
208	33	80
208	34	0
208	35	80
208	36	30
208	37	0
208	38	80
208	39	100
208	40	100
209	1	70
209	2	90
209	3	80
209	4	0
209	5	50
209	6	60
209	7	80
209	8	40
209	9	50
209	10	20
209	11	0
209	12	0
209	13	100
209	14	90
209	15	70
209	16	120
209	17	60
209	18	40
209	19	80
209	20	70
209	21	80
209	22	30
209	23	80
209	24	120
209	25	60
209	26	20
209	27	50
209	28	90
209	29	20
209	30	60
209	31	90
209	32	70
209	33	70
209	34	90
209	35	60
209	36	50
209	37	90
209	38	60
209	39	70
209	40	120
210	1	70
210	2	40
210	3	0
210	4	50
210	5	20
210	6	20
210	7	50
210	8	70
210	9	90
210	10	50
210	11	70
210	12	70
210	13	70
210	14	90
210	15	90
210	16	40
210	17	50
210	18	70
210	19	70
210	20	70
210	21	0
210	22	50
210	23	90
210	24	110
210	25	50
210	26	50
210	27	70
210	28	40
210	29	70
210	30	70
210	31	40
210	32	70
210	33	50
210	34	60
210	35	90
210	36	0
210	37	20
210	38	50
210	39	70
210	40	130
211	1	50
211	2	70
211	3	70
211	4	0
211	5	50
211	6	50
211	7	50
211	8	20
211	9	50
211	10	0
211	11	0
211	12	0
211	13	70
211	14	70
211	15	70
211	16	70
211	17	50
211	18	20
211	19	50
211	20	70
211	21	50
211	22	0
211	23	50
211	24	70
211	25	50
211	26	0
211	27	20
211	28	50
211	29	0
211	30	50
211	31	50
211	32	50
211	33	70
211	34	70
211	35	20
211	36	50
211	37	50
211	38	50
211	39	50
211	40	70
212	1	70
212	2	40
212	3	30
212	4	60
212	5	40
212	6	50
212	7	80
212	8	70
212	9	100
212	10	100
212	11	70
212	12	70
212	13	120
212	14	130
212	15	100
212	16	50
212	17	80
212	18	120
212	19	80
212	20	90
212	21	30
212	22	80
212	23	100
212	24	120
212	25	80
212	26	50
212	27	100
212	28	40
212	29	100
212	30	80
212	31	60
212	32	50
212	33	100
212	34	80
212	35	100
212	36	10
212	37	40
212	38	60
212	39	80
212	40	120
213	1	90
213	2	50
213	3	100
213	4	0
213	5	70
213	6	60
213	7	60
213	8	0
213	9	70
213	10	0
213	11	20
213	12	0
213	13	100
213	14	70
213	15	70
213	16	60
213	17	80
213	18	20
213	19	80
213	20	50
213	21	60
213	22	10
213	23	100
213	24	60
213	25	60
213	26	0
213	27	30
213	28	70
213	29	0
213	30	80
213	31	50
213	32	70
213	33	70
213	34	50
213	35	0
213	36	50
213	37	50
213	38	60
213	39	70
213	40	80
214	1	70
214	2	70
214	3	100
214	4	0
214	5	70
214	6	60
214	7	80
214	8	20
214	9	70
214	10	0
214	11	20
214	12	0
214	13	120
214	14	90
214	15	70
214	16	100
214	17	80
214	18	40
214	19	60
214	20	50
214	21	60
214	22	10
214	23	80
214	24	100
214	25	60
214	26	20
214	27	50
214	28	110
214	29	0
214	30	80
214	31	70
214	32	50
214	33	70
214	34	70
214	35	40
214	36	50
214	37	70
214	38	60
214	39	90
214	40	80
215	1	70
215	2	40
215	3	30
215	4	60
215	5	40
215	6	50
215	7	100
215	8	70
215	9	80
215	10	80
215	11	50
215	12	50
215	13	120
215	14	130
215	15	80
215	16	50
215	17	80
215	18	120
215	19	80
215	20	70
215	21	10
215	22	60
215	23	100
215	24	120
215	25	80
215	26	70
215	27	100
215	28	60
215	29	80
215	30	60
215	31	40
215	32	50
215	33	100
215	34	40
215	35	100
215	36	10
215	37	20
215	38	60
215	39	100
215	40	100
216	1	90
216	2	60
216	3	20
216	4	70
216	5	60
216	6	60
216	7	90
216	8	90
216	9	70
216	10	70
216	11	50
216	12	50
216	13	110
216	14	130
216	15	110
216	16	60
216	17	90
216	18	110
216	19	90
216	20	110
216	21	0
216	22	50
216	23	110
216	24	130
216	25	90
216	26	70
216	27	90
216	28	60
216	29	70
216	30	50
216	31	40
216	32	70
216	33	90
216	34	60
216	35	110
216	36	20
216	37	20
216	38	70
216	39	90
216	40	130
217	1	70
217	2	0
217	3	10
217	4	50
217	5	0
217	6	10
217	7	60
217	8	50
217	9	70
217	10	50
217	11	70
217	12	70
217	13	60
217	14	50
217	15	50
217	16	10
217	17	60
217	18	50
217	19	80
217	20	50
217	21	10
217	22	60
217	23	80
217	24	60
217	25	60
217	26	50
217	27	60
217	28	0
217	29	50
217	30	80
217	31	0
217	32	70
217	33	50
217	34	20
217	35	50
217	36	0
217	37	0
217	38	60
217	39	50
217	40	80
218	1	90
218	2	110
218	3	80
218	4	10
218	5	120
218	6	100
218	7	100
218	8	50
218	9	120
218	10	50
218	11	50
218	12	20
218	13	100
218	14	90
218	15	120
218	16	100
218	17	100
218	18	30
218	19	80
218	20	100
218	21	80
218	22	30
218	23	120
218	24	120
218	25	80
218	26	30
218	27	10
218	28	120
218	29	50
218	30	100
218	31	100
218	32	50
218	33	80
218	34	120
218	35	50
218	36	60
218	37	70
218	38	60
218	39	120
218	40	100
219	1	110
219	2	40
219	3	40
219	4	70
219	5	60
219	6	40
219	7	90
219	8	90
219	9	70
219	10	70
219	11	70
219	12	50
219	13	130
219	14	110
219	15	110
219	16	60
219	17	110
219	18	110
219	19	90
219	20	110
219	21	0
219	22	50
219	23	110
219	24	110
219	25	90
219	26	70
219	27	90
219	28	60
219	29	50
219	30	70
219	31	20
219	32	70
219	33	90
219	34	60
219	35	110
219	36	20
219	37	20
219	38	70
219	39	90
219	40	110
220	1	90
220	2	0
220	3	0
220	4	50
220	5	20
220	6	20
220	7	70
220	8	50
220	9	70
220	10	70
220	11	70
220	12	70
220	13	90
220	14	90
220	15	50
220	16	20
220	17	70
220	18	90
220	19	90
220	20	70
220	21	0
220	22	50
220	23	90
220	24	70
220	25	70
220	26	50
220	27	70
220	28	20
220	29	50
220	30	70
220	31	20
220	32	70
220	33	70
220	34	60
220	35	70
220	36	0
220	37	20
220	38	50
220	39	50
220	40	90
221	1	50
221	2	70
221	3	80
221	4	0
221	5	70
221	6	80
221	7	60
221	8	0
221	9	70
221	10	0
221	11	0
221	12	0
221	13	100
221	14	110
221	15	70
221	16	80
221	17	60
221	18	40
221	19	60
221	20	50
221	21	60
221	22	10
221	23	80
221	24	100
221	25	60
221	26	0
221	27	50
221	28	90
221	29	20
221	30	60
221	31	90
221	32	50
221	33	70
221	34	70
221	35	20
221	36	50
221	37	70
221	38	60
221	39	70
221	40	100
222	1	90
222	2	40
222	3	40
222	4	50
222	5	60
222	6	40
222	7	70
222	8	70
222	9	110
222	10	90
222	11	90
222	12	70
222	13	130
222	14	130
222	15	110
222	16	40
222	17	90
222	18	110
222	19	70
222	20	90
222	21	20
222	22	70
222	23	110
222	24	110
222	25	70
222	26	50
222	27	90
222	28	60
222	29	90
222	30	90
222	31	60
222	32	50
222	33	90
222	34	80
222	35	90
222	36	0
222	37	40
222	38	50
222	39	90
222	40	110
223	1	70
223	2	110
223	3	80
223	4	10
223	5	90
223	6	100
223	7	100
223	8	40
223	9	80
223	10	30
223	11	0
223	12	0
223	13	120
223	14	130
223	15	100
223	16	120
223	17	80
223	18	70
223	19	80
223	20	90
223	21	60
223	22	10
223	23	100
223	24	140
223	25	80
223	26	20
223	27	50
223	28	110
223	29	30
223	30	60
223	31	90
223	32	50
223	33	100
223	34	110
223	35	70
223	36	60
223	37	70
223	38	60
223	39	100
223	40	120
224	1	90
224	2	20
224	3	50
224	4	60
224	5	60
224	6	50
224	7	80
224	8	50
224	9	100
224	10	80
224	11	70
224	12	50
224	13	140
224	14	130
224	15	100
224	16	30
224	17	100
224	18	120
224	19	80
224	20	70
224	21	10
224	22	60
224	23	120
224	24	100
224	25	80
224	26	50
224	27	100
224	28	60
224	29	80
224	30	80
224	31	40
224	32	50
224	33	100
224	34	40
224	35	80
224	36	10
224	37	20
224	38	60
224	39	100
224	40	100
225	1	90
225	2	20
225	3	40
225	4	70
225	5	40
225	6	20
225	7	70
225	8	70
225	9	70
225	10	50
225	11	70
225	12	50
225	13	90
225	14	70
225	15	90
225	16	20
225	17	90
225	18	70
225	19	70
225	20	70
225	21	0
225	22	50
225	23	90
225	24	70
225	25	70
225	26	70
225	27	70
225	28	40
225	29	50
225	30	70
225	31	0
225	32	70
225	33	70
225	34	0
225	35	70
225	36	20
225	37	0
225	38	70
225	39	90
225	40	70
226	1	110
226	2	40
226	3	50
226	4	60
226	5	60
226	6	50
226	7	100
226	8	70
226	9	100
226	10	100
226	11	70
226	12	50
226	13	120
226	14	110
226	15	100
226	16	30
226	17	100
226	18	100
226	19	100
226	20	70
226	21	30
226	22	80
226	23	140
226	24	100
226	25	80
226	26	70
226	27	80
226	28	60
226	29	100
226	30	80
226	31	40
226	32	70
226	33	100
226	34	20
226	35	80
226	36	10
226	37	20
226	38	60
226	39	120
226	40	100
227	1	90
227	2	70
227	3	80
227	4	10
227	5	100
227	6	80
227	7	100
227	8	30
227	9	100
227	10	50
227	11	50
227	12	20
227	13	100
227	14	70
227	15	80
227	16	80
227	17	100
227	18	30
227	19	80
227	20	80
227	21	80
227	22	30
227	23	100
227	24	80
227	25	80
227	26	30
227	27	10
227	28	100
227	29	30
227	30	100
227	31	80
227	32	50
227	33	80
227	34	100
227	35	30
227	36	60
227	37	70
227	38	60
227	39	100
227	40	60
228	1	90
228	2	20
228	3	50
228	4	60
228	5	50
228	6	30
228	7	60
228	8	60
228	9	100
228	10	60
228	11	80
228	12	50
228	13	100
228	14	90
228	15	100
228	16	10
228	17	80
228	18	80
228	19	80
228	20	60
228	21	10
228	22	60
228	23	120
228	24	80
228	25	60
228	26	60
228	27	80
228	28	50
228	29	80
228	30	80
228	31	30
228	32	70
228	33	80
228	34	10
228	35	60
228	36	10
228	37	0
228	38	60
228	39	100
228	40	100
229	1	110
229	2	20
229	3	30
229	4	60
229	5	60
229	6	50
229	7	80
229	8	50
229	9	120
229	10	80
229	11	90
229	12	70
229	13	120
229	14	110
229	15	100
229	16	30
229	17	100
229	18	100
229	19	100
229	20	70
229	21	10
229	22	60
229	23	140
229	24	100
229	25	80
229	26	50
229	27	80
229	28	60
229	29	80
229	30	100
229	31	40
229	32	70
229	33	80
229	34	60
229	35	80
229	36	10
229	37	20
229	38	60
229	39	100
229	40	120
230	1	70
230	2	40
230	3	30
230	4	60
230	5	50
230	6	50
230	7	80
230	8	80
230	9	100
230	10	100
230	11	80
230	12	70
230	13	120
230	14	130
230	15	100
230	16	50
230	17	80
230	18	120
230	19	80
230	20	100
230	21	30
230	22	80
230	23	100
230	24	120
230	25	80
230	26	60
230	27	100
230	28	50
230	29	100
230	30	80
230	31	70
230	32	50
230	33	100
230	34	90
230	35	100
230	36	10
230	37	40
230	38	60
230	39	80
230	40	120
231	1	70
231	2	20
231	3	30
231	4	60
231	5	10
231	6	10
231	7	80
231	8	80
231	9	60
231	10	80
231	11	60
231	12	50
231	13	80
231	14	70
231	15	60
231	16	30
231	17	60
231	18	80
231	19	80
231	20	60
231	21	30
231	22	80
231	23	80
231	24	80
231	25	60
231	26	80
231	27	80
231	28	30
231	29	80
231	30	60
231	31	30
231	32	70
231	33	80
231	34	10
231	35	80
231	36	10
231	37	20
231	38	60
231	39	80
231	40	80
232	1	90
232	2	70
232	3	100
232	4	10
232	5	80
232	6	60
232	7	60
232	8	30
232	9	80
232	10	10
232	11	30
232	12	0
232	13	100
232	14	70
232	15	100
232	16	80
232	17	80
232	18	30
232	19	80
232	20	80
232	21	60
232	22	10
232	23	100
232	24	80
232	25	60
232	26	10
232	27	30
232	28	80
232	29	10
232	30	80
232	31	60
232	32	70
232	33	80
232	34	80
232	35	30
232	36	60
232	37	50
232	38	60
232	39	80
232	40	100
233	1	70
233	2	50
233	3	100
233	4	10
233	5	70
233	6	60
233	7	60
233	8	0
233	9	80
233	10	10
233	11	20
233	12	0
233	13	100
233	14	70
233	15	80
233	16	60
233	17	80
233	18	30
233	19	60
233	20	50
233	21	60
233	22	10
233	23	80
233	24	60
233	25	60
233	26	0
233	27	30
233	28	70
233	29	10
233	30	80
233	31	50
233	32	50
233	33	80
233	34	50
233	35	10
233	36	60
233	37	50
233	38	60
233	39	80
233	40	60
234	1	70
234	2	70
234	3	60
234	4	10
234	5	70
234	6	80
234	7	60
234	8	0
234	9	100
234	10	10
234	11	20
234	12	20
234	13	60
234	14	70
234	15	80
234	16	60
234	17	60
234	18	10
234	19	80
234	20	50
234	21	60
234	22	10
234	23	100
234	24	80
234	25	60
234	26	0
234	27	10
234	28	70
234	29	30
234	30	80
234	31	70
234	32	70
234	33	60
234	34	70
234	35	10
234	36	60
234	37	50
234	38	60
234	39	80
234	40	100
235	1	90
235	2	20
235	3	50
235	4	50
235	5	40
235	6	30
235	7	80
235	8	70
235	9	70
235	10	70
235	11	70
235	12	50
235	13	120
235	14	90
235	15	90
235	16	30
235	17	100
235	18	90
235	19	80
235	20	90
235	21	10
235	22	60
235	23	100
235	24	80
235	25	80
235	26	50
235	27	80
235	28	20
235	29	50
235	30	80
235	31	0
235	32	50
235	33	90
235	34	40
235	35	70
235	36	0
235	37	0
235	38	60
235	39	70
235	40	80
236	1	70
236	2	20
236	3	30
236	4	60
236	5	10
236	6	10
236	7	80
236	8	80
236	9	60
236	10	80
236	11	60
236	12	50
236	13	100
236	14	90
236	15	60
236	16	50
236	17	60
236	18	100
236	19	80
236	20	60
236	21	30
236	22	80
236	23	80
236	24	100
236	25	60
236	26	80
236	27	100
236	28	50
236	29	80
236	30	60
236	31	50
236	32	70
236	33	80
236	34	30
236	35	100
236	36	10
236	37	40
236	38	60
236	39	80
236	40	100
237	1	50
237	2	70
237	3	80
237	4	10
237	5	80
237	6	80
237	7	60
237	8	10
237	9	100
237	10	30
237	11	30
237	12	20
237	13	80
237	14	90
237	15	80
237	16	60
237	17	60
237	18	30
237	19	60
237	20	60
237	21	80
237	22	30
237	23	80
237	24	80
237	25	60
237	26	10
237	27	30
237	28	80
237	29	50
237	30	80
237	31	100
237	32	50
237	33	80
237	34	80
237	35	10
237	36	60
237	37	70
237	38	60
237	39	80
237	40	80
238	1	90
238	2	20
238	3	50
238	4	60
238	5	60
238	6	50
238	7	80
238	8	50
238	9	100
238	10	80
238	11	70
238	12	50
238	13	120
238	14	110
238	15	100
238	16	10
238	17	100
238	18	100
238	19	80
238	20	70
238	21	10
238	22	60
238	23	120
238	24	80
238	25	80
238	26	50
238	27	80
238	28	40
238	29	80
238	30	80
238	31	20
238	32	50
238	33	100
238	34	20
238	35	60
238	36	10
238	37	0
238	38	60
238	39	100
238	40	80
239	1	90
239	2	70
239	3	100
239	4	10
239	5	120
239	6	100
239	7	80
239	8	10
239	9	120
239	10	50
239	11	50
239	12	20
239	13	120
239	14	110
239	15	100
239	16	60
239	17	100
239	18	50
239	19	80
239	20	80
239	21	80
239	22	30
239	23	120
239	24	80
239	25	80
239	26	10
239	27	30
239	28	100
239	29	50
239	30	100
239	31	100
239	32	50
239	33	100
239	34	100
239	35	10
239	36	60
239	37	70
239	38	60
239	39	100
239	40	80
240	1	70
240	2	40
240	3	20
240	4	50
240	5	20
240	6	0
240	7	70
240	8	90
240	9	90
240	10	70
240	11	90
240	12	70
240	13	70
240	14	50
240	15	90
240	16	40
240	17	70
240	18	50
240	19	50
240	20	70
240	21	20
240	22	70
240	23	70
240	24	90
240	25	50
240	26	70
240	27	50
240	28	40
240	29	70
240	30	90
240	31	20
240	32	50
240	33	50
240	34	40
240	35	90
240	36	0
240	37	20
240	38	50
240	39	90
240	40	70
241	1	70
241	2	90
241	3	80
241	4	0
241	5	70
241	6	80
241	7	60
241	8	20
241	9	70
241	10	0
241	11	0
241	12	0
241	13	100
241	14	110
241	15	90
241	16	100
241	17	60
241	18	40
241	19	80
241	20	70
241	21	60
241	22	10
241	23	100
241	24	120
241	25	60
241	26	0
241	27	50
241	28	90
241	29	20
241	30	60
241	31	90
241	32	70
241	33	70
241	34	90
241	35	40
241	36	50
241	37	70
241	38	60
241	39	70
241	40	140
242	1	70
242	2	20
242	3	50
242	4	60
242	5	50
242	6	30
242	7	60
242	8	60
242	9	120
242	10	80
242	11	100
242	12	70
242	13	120
242	14	110
242	15	100
242	16	30
242	17	80
242	18	100
242	19	60
242	20	60
242	21	30
242	22	80
242	23	100
242	24	100
242	25	60
242	26	60
242	27	100
242	28	70
242	29	100
242	30	100
242	31	70
242	32	50
242	33	80
242	34	50
242	35	80
242	36	10
242	37	40
242	38	60
242	39	100
242	40	100
243	1	90
243	2	90
243	3	80
243	4	0
243	5	90
243	6	100
243	7	80
243	8	20
243	9	70
243	10	20
243	11	0
243	12	0
243	13	120
243	14	130
243	15	90
243	16	100
243	17	80
243	18	60
243	19	100
243	20	90
243	21	60
243	22	10
243	23	120
243	24	120
243	25	80
243	26	0
243	27	50
243	28	90
243	29	20
243	30	60
243	31	90
243	32	70
243	33	90
243	34	110
243	35	40
243	36	50
243	37	70
243	38	60
243	39	70
243	40	140
244	1	110
244	2	60
244	3	50
244	4	80
244	5	80
244	6	70
244	7	100
244	8	90
244	9	100
244	10	80
244	11	70
244	12	50
244	13	140
244	14	130
244	15	140
244	16	70
244	17	120
244	18	120
244	19	100
244	20	110
244	21	10
244	22	60
244	23	140
244	24	140
244	25	100
244	26	70
244	27	100
244	28	80
244	29	80
244	30	80
244	31	40
244	32	70
244	33	100
244	34	60
244	35	120
244	36	30
244	37	20
244	38	80
244	39	120
244	40	140
245	1	90
245	2	60
245	3	50
245	4	60
245	5	70
245	6	50
245	7	100
245	8	100
245	9	100
245	10	80
245	11	80
245	12	50
245	13	140
245	14	130
245	15	120
245	16	70
245	17	100
245	18	120
245	19	80
245	20	100
245	21	10
245	22	60
245	23	120
245	24	140
245	25	80
245	26	80
245	27	100
245	28	90
245	29	80
245	30	80
245	31	50
245	32	50
245	33	100
245	34	70
245	35	120
245	36	10
245	37	20
245	38	60
245	39	120
245	40	120
246	1	70
246	2	90
246	3	60
246	4	0
246	5	70
246	6	80
246	7	60
246	8	20
246	9	90
246	10	0
246	11	20
246	12	20
246	13	60
246	14	70
246	15	90
246	16	80
246	17	60
246	18	0
246	19	80
246	20	70
246	21	60
246	22	10
246	23	100
246	24	100
246	25	60
246	26	0
246	27	10
246	28	70
246	29	20
246	30	80
246	31	70
246	32	70
246	33	50
246	34	90
246	35	20
246	36	50
246	37	50
246	38	60
246	39	70
246	40	120
247	1	90
247	2	20
247	3	20
247	4	50
247	5	20
247	6	20
247	7	70
247	8	70
247	9	50
247	10	70
247	11	50
247	12	50
247	13	90
247	14	90
247	15	70
247	16	20
247	17	70
247	18	90
247	19	90
247	20	90
247	21	0
247	22	50
247	23	90
247	24	70
247	25	70
247	26	50
247	27	70
247	28	0
247	29	50
247	30	50
247	31	0
247	32	70
247	33	90
247	34	40
247	35	70
247	36	0
247	37	0
247	38	50
247	39	50
247	40	90
248	1	110
248	2	90
248	3	100
248	4	20
248	5	110
248	6	100
248	7	100
248	8	40
248	9	70
248	10	20
248	11	20
248	12	0
248	13	140
248	14	110
248	15	110
248	16	120
248	17	120
248	18	60
248	19	100
248	20	110
248	21	60
248	22	10
248	23	120
248	24	120
248	25	100
248	26	20
248	27	50
248	28	110
248	29	0
248	30	80
248	31	70
248	32	70
248	33	90
248	34	110
248	35	60
248	36	70
248	37	70
248	38	80
248	39	90
248	40	120
249	1	70
249	2	70
249	3	100
249	4	0
249	5	90
249	6	80
249	7	60
249	8	0
249	9	110
249	10	20
249	11	40
249	12	20
249	13	120
249	14	110
249	15	90
249	16	80
249	17	80
249	18	40
249	19	60
249	20	50
249	21	80
249	22	30
249	23	100
249	24	100
249	25	60
249	26	0
249	27	50
249	28	110
249	29	40
249	30	100
249	31	110
249	32	50
249	33	70
249	34	90
249	35	20
249	36	50
249	37	90
249	38	60
249	39	90
249	40	100
250	1	70
250	2	20
250	3	0
250	4	50
250	5	20
250	6	20
250	7	50
250	8	50
250	9	90
250	10	50
250	11	70
250	12	70
250	13	50
250	14	70
250	15	70
250	16	0
250	17	50
250	18	50
250	19	70
250	20	50
250	21	0
250	22	50
250	23	90
250	24	70
250	25	50
250	26	50
250	27	50
250	28	20
250	29	70
250	30	70
250	31	20
250	32	70
250	33	50
250	34	20
250	35	50
250	36	0
250	37	0
250	38	50
250	39	70
250	40	90
251	1	90
251	2	40
251	3	40
251	4	50
251	5	40
251	6	20
251	7	50
251	8	70
251	9	90
251	10	50
251	11	70
251	12	50
251	13	90
251	14	90
251	15	110
251	16	20
251	17	70
251	18	70
251	19	70
251	20	70
251	21	0
251	22	50
251	23	110
251	24	90
251	25	50
251	26	50
251	27	70
251	28	40
251	29	70
251	30	70
251	31	20
251	32	70
251	33	70
251	34	20
251	35	70
251	36	0
251	37	0
251	38	50
251	39	90
251	40	110
252	1	70
252	2	20
252	3	30
252	4	60
252	5	30
252	6	30
252	7	80
252	8	80
252	9	60
252	10	80
252	11	60
252	12	50
252	13	100
252	14	90
252	15	80
252	16	30
252	17	80
252	18	100
252	19	80
252	20	100
252	21	10
252	22	60
252	23	80
252	24	80
252	25	80
252	26	60
252	27	80
252	28	10
252	29	60
252	30	60
252	31	10
252	32	50
252	33	100
252	34	50
252	35	80
252	36	10
252	37	0
252	38	60
252	39	60
252	40	80
253	1	70
253	2	0
253	3	10
253	4	60
253	5	10
253	6	10
253	7	60
253	8	60
253	9	80
253	10	60
253	11	80
253	12	70
253	13	60
253	14	50
253	15	60
253	16	10
253	17	60
253	18	60
253	19	80
253	20	60
253	21	10
253	22	60
253	23	80
253	24	60
253	25	60
253	26	60
253	27	60
253	28	10
253	29	60
253	30	80
253	31	10
253	32	70
253	33	60
253	34	30
253	35	60
253	36	10
253	37	0
253	38	60
253	39	60
253	40	80
254	1	90
254	2	40
254	3	20
254	4	70
254	5	40
254	6	40
254	7	90
254	8	90
254	9	50
254	10	70
254	11	50
254	12	50
254	13	110
254	14	110
254	15	90
254	16	60
254	17	90
254	18	110
254	19	90
254	20	110
254	21	0
254	22	50
254	23	90
254	24	110
254	25	90
254	26	70
254	27	90
254	28	40
254	29	50
254	30	50
254	31	20
254	32	70
254	33	90
254	34	60
254	35	110
254	36	20
254	37	20
254	38	70
254	39	70
254	40	110
255	1	70
255	2	20
255	3	50
255	4	50
255	5	20
255	6	10
255	7	80
255	8	70
255	9	70
255	10	50
255	11	70
255	12	50
255	13	100
255	14	70
255	15	70
255	16	30
255	17	80
255	18	70
255	19	60
255	20	50
255	21	10
255	22	60
255	23	80
255	24	80
255	25	60
255	26	70
255	27	80
255	28	40
255	29	50
255	30	80
255	31	0
255	32	50
255	33	70
255	34	0
255	35	70
255	36	0
255	37	0
255	38	60
255	39	90
255	40	60
256	1	70
256	2	20
256	3	30
256	4	60
256	5	20
256	6	30
256	7	60
256	8	50
256	9	80
256	10	60
256	11	50
256	12	50
256	13	100
256	14	110
256	15	80
256	16	30
256	17	60
256	18	100
256	19	80
256	20	50
256	21	10
256	22	60
256	23	100
256	24	100
256	25	60
256	26	50
256	27	100
256	28	40
256	29	80
256	30	60
256	31	40
256	32	70
256	33	80
256	34	20
256	35	80
256	36	10
256	37	20
256	38	60
256	39	80
256	40	120
257	1	70
257	2	20
257	3	30
257	4	80
257	5	20
257	6	30
257	7	80
257	8	70
257	9	60
257	10	60
257	11	50
257	12	50
257	13	100
257	14	90
257	15	80
257	16	50
257	17	80
257	18	100
257	19	80
257	20	70
257	21	10
257	22	60
257	23	80
257	24	100
257	25	80
257	26	70
257	27	100
257	28	40
257	29	60
257	30	60
257	31	20
257	32	70
257	33	80
257	34	20
257	35	100
257	36	30
257	37	20
257	38	80
257	39	80
257	40	100
258	1	70
258	2	20
258	3	50
258	4	50
258	5	40
258	6	30
258	7	60
258	8	50
258	9	90
258	10	50
258	11	70
258	12	50
258	13	120
258	14	110
258	15	90
258	16	30
258	17	80
258	18	90
258	19	60
258	20	50
258	21	10
258	22	60
258	23	100
258	24	100
258	25	60
258	26	50
258	27	100
258	28	60
258	29	70
258	30	80
258	31	40
258	32	50
258	33	70
258	34	20
258	35	70
258	36	0
258	37	20
258	38	60
258	39	90
258	40	100
259	1	90
259	2	40
259	3	50
259	4	50
259	5	60
259	6	50
259	7	100
259	8	70
259	9	90
259	10	70
259	11	70
259	12	50
259	13	140
259	14	130
259	15	90
259	16	50
259	17	100
259	18	110
259	19	80
259	20	70
259	21	10
259	22	60
259	23	120
259	24	120
259	25	80
259	26	70
259	27	100
259	28	80
259	29	70
259	30	80
259	31	40
259	32	50
259	33	90
259	34	40
259	35	90
259	36	0
259	37	20
259	38	60
259	39	110
259	40	100
260	1	90
260	2	90
260	3	80
260	4	0
260	5	90
260	6	80
260	7	60
260	8	20
260	9	110
260	10	0
260	11	40
260	12	20
260	13	80
260	14	70
260	15	110
260	16	80
260	17	80
260	18	0
260	19	80
260	20	70
260	21	60
260	22	10
260	23	120
260	24	100
260	25	60
260	26	0
260	27	10
260	28	90
260	29	20
260	30	100
260	31	70
260	32	70
260	33	50
260	34	90
260	35	20
260	36	50
260	37	50
260	38	60
260	39	90
260	40	120
261	1	90
261	2	20
261	3	20
261	4	50
261	5	40
261	6	20
261	7	50
261	8	50
261	9	110
261	10	50
261	11	90
261	12	70
261	13	70
261	14	70
261	15	90
261	16	0
261	17	70
261	18	50
261	19	70
261	20	50
261	21	0
261	22	50
261	23	110
261	24	70
261	25	50
261	26	50
261	27	50
261	28	40
261	29	70
261	30	90
261	31	20
261	32	70
261	33	50
261	34	20
261	35	50
261	36	0
261	37	0
261	38	50
261	39	90
261	40	90
262	1	90
262	2	90
262	3	100
262	4	10
262	5	110
262	6	100
262	7	80
262	8	20
262	9	120
262	10	50
262	11	40
262	12	20
262	13	120
262	14	110
262	15	120
262	16	80
262	17	100
262	18	50
262	19	80
262	20	90
262	21	80
262	22	30
262	23	120
262	24	100
262	25	80
262	26	0
262	27	30
262	28	90
262	29	50
262	30	100
262	31	90
262	32	50
262	33	100
262	34	110
262	35	30
262	36	60
262	37	70
262	38	60
262	39	100
262	40	100
263	1	70
263	2	40
263	3	50
263	4	50
263	5	20
263	6	10
263	7	80
263	8	90
263	9	70
263	10	50
263	11	70
263	12	50
263	13	120
263	14	90
263	15	90
263	16	70
263	17	80
263	18	90
263	19	60
263	20	70
263	21	10
263	22	60
263	23	80
263	24	120
263	25	60
263	26	70
263	27	100
263	28	60
263	29	50
263	30	80
263	31	20
263	32	50
263	33	70
263	34	40
263	35	110
263	36	0
263	37	20
263	38	60
263	39	90
263	40	100
264	1	90
264	2	90
264	3	80
264	4	10
264	5	110
264	6	100
264	7	100
264	8	20
264	9	120
264	10	50
264	11	40
264	12	20
264	13	120
264	14	110
264	15	100
264	16	100
264	17	100
264	18	50
264	19	80
264	20	70
264	21	80
264	22	30
264	23	120
264	24	120
264	25	80
264	26	20
264	27	30
264	28	130
264	29	50
264	30	100
264	31	110
264	32	50
264	33	80
264	34	110
264	35	50
264	36	60
264	37	90
264	38	60
264	39	120
264	40	100
265	1	70
265	2	40
265	3	40
265	4	50
265	5	40
265	6	20
265	7	50
265	8	70
265	9	90
265	10	50
265	11	70
265	12	50
265	13	110
265	14	110
265	15	110
265	16	40
265	17	70
265	18	90
265	19	50
265	20	70
265	21	0
265	22	50
265	23	90
265	24	110
265	25	50
265	26	50
265	27	90
265	28	60
265	29	70
265	30	70
265	31	40
265	32	50
265	33	70
265	34	40
265	35	90
265	36	0
265	37	20
265	38	50
265	39	90
265	40	110
266	1	90
266	2	90
266	3	50
266	4	0
266	5	90
266	6	90
266	7	70
266	8	20
266	9	90
266	10	20
266	11	20
266	12	20
266	13	70
266	14	90
266	15	90
266	16	70
266	17	70
266	18	20
266	19	90
266	20	90
266	21	50
266	22	0
266	23	110
266	24	90
266	25	70
266	26	0
266	27	0
266	28	70
266	29	20
266	30	70
266	31	70
266	32	70
266	33	70
266	34	110
266	35	20
266	36	50
266	37	50
266	38	50
266	39	70
266	40	110
267	1	70
267	2	20
267	3	30
267	4	60
267	5	30
267	6	10
267	7	80
267	8	80
267	9	100
267	10	80
267	11	100
267	12	70
267	13	80
267	14	50
267	15	80
267	16	30
267	17	80
267	18	60
267	19	60
267	20	60
267	21	30
267	22	80
267	23	80
267	24	80
267	25	60
267	26	80
267	27	60
267	28	50
267	29	80
267	30	100
267	31	30
267	32	50
267	33	60
267	34	30
267	35	80
267	36	10
267	37	20
267	38	60
267	39	100
267	40	60
268	1	50
268	2	70
268	3	80
268	4	10
268	5	60
268	6	60
268	7	80
268	8	30
268	9	60
268	10	10
268	11	10
268	12	0
268	13	80
268	14	70
268	15	60
268	16	80
268	17	60
268	18	30
268	19	60
268	20	60
268	21	60
268	22	10
268	23	60
268	24	80
268	25	60
268	26	30
268	27	30
268	28	80
268	29	10
268	30	60
268	31	60
268	32	50
268	33	80
268	34	60
268	35	30
268	36	60
268	37	50
268	38	60
268	39	80
268	40	60
269	1	70
269	2	40
269	3	30
269	4	60
269	5	50
269	6	50
269	7	100
269	8	80
269	9	80
269	10	80
269	11	60
269	12	50
269	13	100
269	14	110
269	15	80
269	16	30
269	17	80
269	18	100
269	19	80
269	20	80
269	21	10
269	22	60
269	23	100
269	24	100
269	25	80
269	26	80
269	27	80
269	28	50
269	29	80
269	30	60
269	31	30
269	32	50
269	33	100
269	34	30
269	35	80
269	36	10
269	37	0
269	38	60
269	39	100
269	40	80
270	1	70
270	2	60
270	3	10
270	4	60
270	5	50
270	6	50
270	7	100
270	8	100
270	9	100
270	10	100
270	11	80
270	12	70
270	13	100
270	14	110
270	15	100
270	16	70
270	17	80
270	18	100
270	19	80
270	20	100
270	21	30
270	22	80
270	23	100
270	24	140
270	25	80
270	26	80
270	27	80
270	28	70
270	29	100
270	30	80
270	31	70
270	32	50
270	33	80
270	34	90
270	35	120
270	36	10
270	37	40
270	38	60
270	39	100
270	40	120
271	1	110
271	2	40
271	3	30
271	4	60
271	5	70
271	6	50
271	7	80
271	8	80
271	9	120
271	10	80
271	11	100
271	12	70
271	13	100
271	14	90
271	15	120
271	16	30
271	17	100
271	18	80
271	19	100
271	20	100
271	21	10
271	22	60
271	23	140
271	24	100
271	25	80
271	26	60
271	27	60
271	28	50
271	29	80
271	30	100
271	31	30
271	32	70
271	33	80
271	34	70
271	35	80
271	36	10
271	37	0
271	38	60
271	39	100
271	40	120
272	1	70
272	2	20
272	3	30
272	4	60
272	5	30
272	6	30
272	7	80
272	8	80
272	9	80
272	10	100
272	11	80
272	12	70
272	13	100
272	14	90
272	15	80
272	16	30
272	17	80
272	18	100
272	19	80
272	20	100
272	21	30
272	22	80
272	23	80
272	24	80
272	25	80
272	26	60
272	27	80
272	28	10
272	29	80
272	30	80
272	31	30
272	32	50
272	33	100
272	34	70
272	35	80
272	36	10
272	37	20
272	38	60
272	39	60
272	40	80
273	1	110
273	2	90
273	3	100
273	4	30
273	5	130
273	6	120
273	7	100
273	8	20
273	9	100
273	10	30
273	11	20
273	12	0
273	13	120
273	14	110
273	15	120
273	16	80
273	17	120
273	18	50
273	19	100
273	20	90
273	21	60
273	22	10
273	23	140
273	24	100
273	25	100
273	26	20
273	27	30
273	28	110
273	29	30
273	30	80
273	31	70
273	32	70
273	33	100
273	34	70
273	35	30
273	36	80
273	37	50
273	38	80
273	39	120
273	40	100
274	1	70
274	2	70
274	3	80
274	4	20
274	5	70
274	6	80
274	7	80
274	8	20
274	9	50
274	10	0
274	11	0
274	12	0
274	13	100
274	14	90
274	15	70
274	16	100
274	17	80
274	18	40
274	19	80
274	20	70
274	21	60
274	22	10
274	23	80
274	24	100
274	25	80
274	26	20
274	27	50
274	28	90
274	29	0
274	30	60
274	31	70
274	32	70
274	33	70
274	34	70
274	35	40
274	36	70
274	37	70
274	38	80
274	39	70
274	40	100
275	1	90
275	2	40
275	3	50
275	4	60
275	5	50
275	6	30
275	7	100
275	8	100
275	9	80
275	10	80
275	11	80
275	12	50
275	13	140
275	14	110
275	15	100
275	16	70
275	17	100
275	18	120
275	19	80
275	20	100
275	21	10
275	22	60
275	23	100
275	24	120
275	25	80
275	26	80
275	27	100
275	28	70
275	29	60
275	30	80
275	31	30
275	32	50
275	33	100
275	34	70
275	35	120
275	36	10
275	37	20
275	38	60
275	39	100
275	40	100
276	1	90
276	2	40
276	3	50
276	4	60
276	5	30
276	6	10
276	7	80
276	8	100
276	9	80
276	10	80
276	11	80
276	12	50
276	13	120
276	14	90
276	15	100
276	16	70
276	17	80
276	18	100
276	19	80
276	20	80
276	21	30
276	22	80
276	23	100
276	24	120
276	25	60
276	26	80
276	27	100
276	28	70
276	29	80
276	30	80
276	31	50
276	32	70
276	33	80
276	34	50
276	35	120
276	36	10
276	37	40
276	38	60
276	39	100
276	40	120
277	1	50
277	2	70
277	3	80
277	4	0
277	5	50
277	6	60
277	7	80
277	8	20
277	9	50
277	10	0
277	11	0
277	12	0
277	13	80
277	14	70
277	15	50
277	16	80
277	17	60
277	18	20
277	19	60
277	20	50
277	21	60
277	22	10
277	23	60
277	24	80
277	25	60
277	26	20
277	27	30
277	28	70
277	29	0
277	30	60
277	31	50
277	32	50
277	33	70
277	34	50
277	35	20
277	36	50
277	37	50
277	38	60
277	39	70
277	40	60
278	1	90
278	2	20
278	3	50
278	4	50
278	5	20
278	6	10
278	7	60
278	8	70
278	9	70
278	10	50
278	11	70
278	12	50
278	13	120
278	14	90
278	15	90
278	16	50
278	17	80
278	18	90
278	19	80
278	20	70
278	21	10
278	22	60
278	23	100
278	24	100
278	25	60
278	26	50
278	27	100
278	28	40
278	29	50
278	30	80
278	31	20
278	32	70
278	33	70
278	34	40
278	35	90
278	36	0
278	37	20
278	38	60
278	39	70
278	40	120
279	1	90
279	2	50
279	3	90
279	4	0
279	5	70
279	6	50
279	7	50
279	8	0
279	9	70
279	10	0
279	11	20
279	12	0
279	13	90
279	14	70
279	15	70
279	16	50
279	17	70
279	18	20
279	19	70
279	20	50
279	21	50
279	22	0
279	23	90
279	24	50
279	25	50
279	26	0
279	27	20
279	28	70
279	29	0
279	30	70
279	31	50
279	32	70
279	33	70
279	34	50
279	35	0
279	36	50
279	37	50
279	38	50
279	39	70
279	40	70
280	1	90
280	2	20
280	3	30
280	4	60
280	5	50
280	6	50
280	7	80
280	8	60
280	9	80
280	10	80
280	11	60
280	12	50
280	13	100
280	14	110
280	15	80
280	16	10
280	17	80
280	18	100
280	19	100
280	20	80
280	21	10
280	22	60
280	23	120
280	24	80
280	25	80
280	26	60
280	27	80
280	28	30
280	29	80
280	30	60
280	31	30
280	32	70
280	33	100
280	34	30
280	35	60
280	36	10
280	37	0
280	38	60
280	39	80
280	40	100
281	1	90
281	2	40
281	3	50
281	4	60
281	5	50
281	6	30
281	7	100
281	8	100
281	9	80
281	10	80
281	11	80
281	12	50
281	13	120
281	14	90
281	15	100
281	16	50
281	17	100
281	18	100
281	19	80
281	20	100
281	21	10
281	22	60
281	23	100
281	24	100
281	25	80
281	26	80
281	27	80
281	28	50
281	29	60
281	30	80
281	31	10
281	32	50
281	33	100
281	34	50
281	35	100
281	36	10
281	37	0
281	38	60
281	39	100
281	40	80
282	1	70
282	2	20
282	3	10
282	4	60
282	5	30
282	6	30
282	7	100
282	8	80
282	9	80
282	10	100
282	11	80
282	12	70
282	13	80
282	14	70
282	15	60
282	16	30
282	17	80
282	18	80
282	19	80
282	20	80
282	21	30
282	22	80
282	23	80
282	24	80
282	25	80
282	26	80
282	27	60
282	28	30
282	29	80
282	30	80
282	31	30
282	32	50
282	33	80
282	34	50
282	35	80
282	36	10
282	37	20
282	38	60
282	39	80
282	40	60
283	1	70
283	2	70
283	3	100
283	4	10
283	5	80
283	6	60
283	7	60
283	8	30
283	9	100
283	10	30
283	11	50
283	12	20
283	13	120
283	14	90
283	15	100
283	16	100
283	17	80
283	18	50
283	19	60
283	20	80
283	21	80
283	22	30
283	23	80
283	24	100
283	25	60
283	26	10
283	27	50
283	28	100
283	29	30
283	30	100
283	31	100
283	32	50
283	33	80
283	34	120
283	35	50
283	36	60
283	37	90
283	38	60
283	39	80
283	40	100
284	1	90
284	2	40
284	3	0
284	4	50
284	5	40
284	6	40
284	7	70
284	8	70
284	9	90
284	10	70
284	11	70
284	12	70
284	13	90
284	14	110
284	15	90
284	16	40
284	17	70
284	18	90
284	19	90
284	20	90
284	21	0
284	22	50
284	23	110
284	24	110
284	25	70
284	26	50
284	27	70
284	28	40
284	29	70
284	30	70
284	31	40
284	32	70
284	33	70
284	34	80
284	35	90
284	36	0
284	37	20
284	38	50
284	39	70
284	40	130
285	1	70
285	2	20
285	3	50
285	4	50
285	5	20
285	6	10
285	7	80
285	8	70
285	9	70
285	10	50
285	11	70
285	12	50
285	13	100
285	14	70
285	15	70
285	16	30
285	17	80
285	18	70
285	19	60
285	20	50
285	21	10
285	22	60
285	23	80
285	24	80
285	25	60
285	26	70
285	27	80
285	28	40
285	29	50
285	30	80
285	31	0
285	32	50
285	33	70
285	34	0
285	35	70
285	36	0
285	37	0
285	38	60
285	39	90
285	40	60
286	1	110
286	2	90
286	3	100
286	4	30
286	5	110
286	6	100
286	7	100
286	8	40
286	9	80
286	10	30
286	11	20
286	12	0
286	13	120
286	14	90
286	15	120
286	16	100
286	17	120
286	18	50
286	19	100
286	20	110
286	21	60
286	22	10
286	23	120
286	24	100
286	25	100
286	26	20
286	27	30
286	28	90
286	29	10
286	30	80
286	31	50
286	32	70
286	33	100
286	34	90
286	35	50
286	36	80
286	37	50
286	38	80
286	39	100
286	40	100
287	1	70
287	2	70
287	3	80
287	4	10
287	5	80
287	6	80
287	7	80
287	8	30
287	9	80
287	10	50
287	11	30
287	12	20
287	13	120
287	14	110
287	15	80
287	16	100
287	17	80
287	18	70
287	19	80
287	20	100
287	21	80
287	22	30
287	23	80
287	24	100
287	25	80
287	26	10
287	27	50
287	28	80
287	29	30
287	30	80
287	31	100
287	32	50
287	33	100
287	34	140
287	35	50
287	36	60
287	37	90
287	38	60
287	39	60
287	40	100
288	1	110
288	2	40
288	3	40
288	4	70
288	5	80
288	6	60
288	7	90
288	8	70
288	9	90
288	10	70
288	11	70
288	12	50
288	13	130
288	14	130
288	15	110
288	16	40
288	17	110
288	18	110
288	19	90
288	20	90
288	21	0
288	22	50
288	23	130
288	24	110
288	25	90
288	26	70
288	27	90
288	28	80
288	29	70
288	30	70
288	31	40
288	32	70
288	33	90
288	34	40
288	35	90
288	36	20
288	37	20
288	38	70
288	39	110
288	40	110
289	1	70
289	2	40
289	3	0
289	4	50
289	5	40
289	6	40
289	7	90
289	8	70
289	9	90
289	10	90
289	11	70
289	12	70
289	13	90
289	14	110
289	15	70
289	16	40
289	17	70
289	18	90
289	19	70
289	20	70
289	21	20
289	22	70
289	23	90
289	24	110
289	25	70
289	26	70
289	27	70
289	28	60
289	29	90
289	30	70
289	31	60
289	32	50
289	33	70
289	34	60
289	35	90
289	36	0
289	37	40
289	38	50
289	39	90
289	40	90
290	1	90
290	2	70
290	3	100
290	4	10
290	5	100
290	6	80
290	7	60
290	8	10
290	9	100
290	10	10
290	11	30
290	12	0
290	13	100
290	14	90
290	15	100
290	16	60
290	17	80
290	18	30
290	19	80
290	20	60
290	21	60
290	22	10
290	23	120
290	24	80
290	25	60
290	26	10
290	27	30
290	28	100
290	29	30
290	30	80
290	31	80
290	32	70
290	33	80
290	34	60
290	35	10
290	36	60
290	37	50
290	38	60
290	39	100
290	40	100
291	1	70
291	2	60
291	3	50
291	4	60
291	5	50
291	6	30
291	7	80
291	8	100
291	9	100
291	10	60
291	11	80
291	12	50
291	13	100
291	14	90
291	15	120
291	16	50
291	17	80
291	18	80
291	19	60
291	20	80
291	21	10
291	22	60
291	23	100
291	24	120
291	25	60
291	26	80
291	27	80
291	28	70
291	29	80
291	30	80
291	31	30
291	32	50
291	33	80
291	34	30
291	35	100
291	36	10
291	37	0
291	38	60
291	39	120
291	40	100
292	1	90
292	2	110
292	3	80
292	4	10
292	5	90
292	6	100
292	7	100
292	8	40
292	9	80
292	10	50
292	11	0
292	12	0
292	13	100
292	14	110
292	15	100
292	16	100
292	17	80
292	18	50
292	19	100
292	20	90
292	21	80
292	22	30
292	23	120
292	24	120
292	25	80
292	26	20
292	27	30
292	28	90
292	29	50
292	30	60
292	31	90
292	32	70
292	33	100
292	34	90
292	35	50
292	36	60
292	37	70
292	38	60
292	39	100
292	40	120
293	1	90
293	2	70
293	3	80
293	4	30
293	5	90
293	6	100
293	7	100
293	8	20
293	9	60
293	10	30
293	11	0
293	12	0
293	13	100
293	14	90
293	15	80
293	16	80
293	17	100
293	18	50
293	19	100
293	20	90
293	21	60
293	22	10
293	23	100
293	24	80
293	25	100
293	26	20
293	27	30
293	28	70
293	29	10
293	30	60
293	31	50
293	32	70
293	33	100
293	34	70
293	35	30
293	36	80
293	37	50
293	38	80
293	39	80
293	40	80
294	1	70
294	2	20
294	3	50
294	4	50
294	5	20
294	6	10
294	7	60
294	8	70
294	9	90
294	10	70
294	11	90
294	12	70
294	13	100
294	14	70
294	15	90
294	16	30
294	17	80
294	18	70
294	19	60
294	20	70
294	21	30
294	22	80
294	23	80
294	24	80
294	25	60
294	26	50
294	27	80
294	28	20
294	29	70
294	30	100
294	31	20
294	32	50
294	33	70
294	34	40
294	35	70
294	36	0
294	37	20
294	38	60
294	39	70
294	40	80
295	1	90
295	2	40
295	3	20
295	4	50
295	5	40
295	6	20
295	7	50
295	8	70
295	9	110
295	10	50
295	11	90
295	12	70
295	13	70
295	14	70
295	15	110
295	16	20
295	17	70
295	18	50
295	19	70
295	20	70
295	21	0
295	22	50
295	23	110
295	24	90
295	25	50
295	26	50
295	27	50
295	28	40
295	29	70
295	30	90
295	31	20
295	32	70
295	33	50
295	34	40
295	35	70
295	36	0
295	37	0
295	38	50
295	39	90
295	40	110
296	1	90
296	2	70
296	3	100
296	4	0
296	5	110
296	6	100
296	7	80
296	8	0
296	9	90
296	10	20
296	11	20
296	12	0
296	13	140
296	14	130
296	15	90
296	16	80
296	17	100
296	18	60
296	19	80
296	20	70
296	21	60
296	22	10
296	23	120
296	24	100
296	25	80
296	26	0
296	27	50
296	28	110
296	29	20
296	30	80
296	31	90
296	32	50
296	33	90
296	34	90
296	35	20
296	36	50
296	37	70
296	38	60
296	39	90
296	40	100
297	1	90
297	2	90
297	3	70
297	4	0
297	5	90
297	6	70
297	7	90
297	8	40
297	9	90
297	10	40
297	11	40
297	12	20
297	13	110
297	14	90
297	15	90
297	16	110
297	17	90
297	18	40
297	19	70
297	20	90
297	21	70
297	22	20
297	23	90
297	24	110
297	25	70
297	26	20
297	27	20
297	28	110
297	29	20
297	30	90
297	31	90
297	32	50
297	33	70
297	34	130
297	35	60
297	36	50
297	37	90
297	38	50
297	39	90
297	40	90
298	1	90
298	2	70
298	3	100
298	4	10
298	5	120
298	6	100
298	7	80
298	8	10
298	9	100
298	10	30
298	11	30
298	12	0
298	13	140
298	14	130
298	15	100
298	16	80
298	17	100
298	18	70
298	19	80
298	20	80
298	21	60
298	22	10
298	23	120
298	24	100
298	25	80
298	26	10
298	27	50
298	28	120
298	29	30
298	30	80
298	31	100
298	32	50
298	33	100
298	34	100
298	35	30
298	36	60
298	37	70
298	38	60
298	39	100
298	40	100
299	1	70
299	2	70
299	3	80
299	4	10
299	5	90
299	6	100
299	7	80
299	8	0
299	9	80
299	10	30
299	11	0
299	12	0
299	13	120
299	14	130
299	15	80
299	16	80
299	17	80
299	18	70
299	19	80
299	20	70
299	21	60
299	22	10
299	23	100
299	24	100
299	25	80
299	26	0
299	27	50
299	28	90
299	29	30
299	30	60
299	31	90
299	32	50
299	33	100
299	34	90
299	35	30
299	36	60
299	37	70
299	38	60
299	39	80
299	40	100
300	1	90
300	2	60
300	3	30
300	4	60
300	5	70
300	6	50
300	7	100
300	8	100
300	9	120
300	10	100
300	11	100
300	12	70
300	13	120
300	14	110
300	15	120
300	16	70
300	17	100
300	18	100
300	19	80
300	20	100
300	21	30
300	22	80
300	23	120
300	24	140
300	25	80
300	26	80
300	27	80
300	28	90
300	29	100
300	30	100
300	31	70
300	32	50
300	33	80
300	34	90
300	35	120
300	36	10
300	37	40
300	38	60
300	39	120
300	40	120
301	1	50
301	2	70
301	3	70
301	4	0
301	5	70
301	6	70
301	7	50
301	8	0
301	9	90
301	10	20
301	11	20
301	12	20
301	13	70
301	14	90
301	15	70
301	16	50
301	17	50
301	18	20
301	19	50
301	20	50
301	21	70
301	22	20
301	23	70
301	24	70
301	25	50
301	26	0
301	27	20
301	28	70
301	29	40
301	30	70
301	31	90
301	32	50
301	33	70
301	34	70
301	35	0
301	36	50
301	37	70
301	38	50
301	39	70
301	40	70
302	1	70
302	2	90
302	3	100
302	4	0
302	5	90
302	6	80
302	7	60
302	8	20
302	9	90
302	10	0
302	11	20
302	12	0
302	13	120
302	14	110
302	15	110
302	16	100
302	17	80
302	18	40
302	19	60
302	20	70
302	21	60
302	22	10
302	23	100
302	24	120
302	25	60
302	26	0
302	27	50
302	28	110
302	29	20
302	30	80
302	31	90
302	32	50
302	33	70
302	34	90
302	35	40
302	36	50
302	37	70
302	38	60
302	39	90
302	40	120
303	1	70
303	2	20
303	3	50
303	4	50
303	5	40
303	6	30
303	7	60
303	8	50
303	9	90
303	10	50
303	11	70
303	12	50
303	13	100
303	14	90
303	15	90
303	16	10
303	17	80
303	18	70
303	19	60
303	20	50
303	21	10
303	22	60
303	23	100
303	24	80
303	25	60
303	26	50
303	27	80
303	28	40
303	29	70
303	30	80
303	31	20
303	32	50
303	33	70
303	34	0
303	35	50
303	36	0
303	37	0
303	38	60
303	39	90
303	40	80
304	1	70
304	2	40
304	3	10
304	4	50
304	5	40
304	6	50
304	7	100
304	8	70
304	9	90
304	10	90
304	11	70
304	12	70
304	13	80
304	14	90
304	15	70
304	16	30
304	17	80
304	18	70
304	19	80
304	20	70
304	21	30
304	22	80
304	23	100
304	24	100
304	25	80
304	26	70
304	27	60
304	28	40
304	29	90
304	30	80
304	31	40
304	32	50
304	33	70
304	34	40
304	35	70
304	36	0
304	37	20
304	38	60
304	39	90
304	40	80
305	1	70
305	2	110
305	3	70
305	4	0
305	5	70
305	6	70
305	7	70
305	8	40
305	9	70
305	10	20
305	11	0
305	12	0
305	13	70
305	14	90
305	15	90
305	16	90
305	17	50
305	18	20
305	19	70
305	20	70
305	21	70
305	22	20
305	23	90
305	24	110
305	25	50
305	26	20
305	27	20
305	28	90
305	29	40
305	30	50
305	31	90
305	32	70
305	33	70
305	34	70
305	35	40
305	36	50
305	37	70
305	38	50
305	39	90
305	40	110
306	1	90
306	2	90
306	3	100
306	4	10
306	5	100
306	6	80
306	7	100
306	8	50
306	9	80
306	10	30
306	11	30
306	12	0
306	13	140
306	14	110
306	15	100
306	16	120
306	17	100
306	18	70
306	19	80
306	20	100
306	21	60
306	22	10
306	23	100
306	24	120
306	25	80
306	26	30
306	27	50
306	28	120
306	29	10
306	30	80
306	31	80
306	32	50
306	33	100
306	34	120
306	35	70
306	36	60
306	37	70
306	38	60
306	39	100
306	40	100
307	1	90
307	2	90
307	3	90
307	4	0
307	5	110
307	6	90
307	7	70
307	8	20
307	9	110
307	10	40
307	11	40
307	12	20
307	13	110
307	14	110
307	15	110
307	16	70
307	17	90
307	18	40
307	19	70
307	20	90
307	21	70
307	22	20
307	23	110
307	24	90
307	25	70
307	26	0
307	27	20
307	28	90
307	29	40
307	30	90
307	31	90
307	32	50
307	33	90
307	34	110
307	35	20
307	36	50
307	37	70
307	38	50
307	39	90
307	40	90
308	1	70
308	2	70
308	3	80
308	4	10
308	5	90
308	6	100
308	7	80
308	8	0
308	9	80
308	10	30
308	11	0
308	12	0
308	13	100
308	14	110
308	15	80
308	16	60
308	17	80
308	18	50
308	19	80
308	20	70
308	21	60
308	22	10
308	23	100
308	24	80
308	25	80
308	26	0
308	27	30
308	28	70
308	29	30
308	30	60
308	31	70
308	32	50
308	33	100
308	34	70
308	35	10
308	36	60
308	37	50
308	38	60
308	39	80
308	40	80
309	1	50
309	2	40
309	3	30
309	4	60
309	5	30
309	6	30
309	7	60
309	8	80
309	9	80
309	10	60
309	11	60
309	12	50
309	13	80
309	14	90
309	15	100
309	16	30
309	17	60
309	18	80
309	19	60
309	20	80
309	21	10
309	22	60
309	23	80
309	24	100
309	25	60
309	26	60
309	27	80
309	28	30
309	29	80
309	30	60
309	31	30
309	32	50
309	33	80
309	34	30
309	35	80
309	36	10
309	37	0
309	38	60
309	39	80
309	40	100
310	1	70
310	2	90
310	3	80
310	4	0
310	5	90
310	6	100
310	7	80
310	8	20
310	9	70
310	10	20
310	11	0
310	12	0
310	13	120
310	14	130
310	15	90
310	16	100
310	17	80
310	18	60
310	19	80
310	20	90
310	21	60
310	22	10
310	23	100
310	24	120
310	25	80
310	26	0
310	27	50
310	28	90
310	29	20
310	30	60
310	31	90
310	32	50
310	33	90
310	34	110
310	35	40
310	36	50
310	37	70
310	38	60
310	39	70
310	40	120
311	1	90
311	2	60
311	3	20
311	4	70
311	5	60
311	6	60
311	7	90
311	8	90
311	9	70
311	10	70
311	11	50
311	12	50
311	13	110
311	14	130
311	15	110
311	16	60
311	17	90
311	18	110
311	19	90
311	20	110
311	21	0
311	22	50
311	23	110
311	24	130
311	25	90
311	26	70
311	27	90
311	28	60
311	29	70
311	30	50
311	31	40
311	32	70
311	33	90
311	34	60
311	35	110
311	36	20
311	37	20
311	38	70
311	39	90
311	40	130
312	1	50
312	2	50
312	3	80
312	4	0
312	5	50
312	6	60
312	7	60
312	8	0
312	9	70
312	10	20
312	11	20
312	12	20
312	13	100
312	14	90
312	15	50
312	16	80
312	17	60
312	18	40
312	19	60
312	20	50
312	21	80
312	22	30
312	23	60
312	24	80
312	25	60
312	26	0
312	27	50
312	28	70
312	29	20
312	30	80
312	31	90
312	32	50
312	33	70
312	34	90
312	35	20
312	36	50
312	37	90
312	38	60
312	39	50
312	40	80
313	1	90
313	2	90
313	3	60
313	4	10
313	5	90
313	6	100
313	7	80
313	8	20
313	9	100
313	10	30
313	11	20
313	12	20
313	13	100
313	14	110
313	15	100
313	16	100
313	17	80
313	18	50
313	19	100
313	20	90
313	21	60
313	22	10
313	23	120
313	24	120
313	25	80
313	26	0
313	27	30
313	28	90
313	29	30
313	30	80
313	31	90
313	32	70
313	33	80
313	34	130
313	35	50
313	36	60
313	37	70
313	38	60
313	39	80
313	40	140
314	1	70
314	2	110
314	3	80
314	4	30
314	5	90
314	6	100
314	7	80
314	8	40
314	9	80
314	10	10
314	11	0
314	12	0
314	13	100
314	14	110
314	15	120
314	16	120
314	17	80
314	18	50
314	19	80
314	20	90
314	21	60
314	22	10
314	23	100
314	24	140
314	25	80
314	26	20
314	27	50
314	28	110
314	29	30
314	30	60
314	31	90
314	32	70
314	33	80
314	34	90
314	35	70
314	36	80
314	37	70
314	38	80
314	39	100
314	40	140
315	1	50
315	2	60
315	3	20
315	4	50
315	5	20
315	6	20
315	7	70
315	8	90
315	9	70
315	10	50
315	11	50
315	12	50
315	13	70
315	14	90
315	15	90
315	16	40
315	17	50
315	18	70
315	19	50
315	20	70
315	21	0
315	22	50
315	23	70
315	24	110
315	25	50
315	26	70
315	27	70
315	28	40
315	29	70
315	30	50
315	31	20
315	32	50
315	33	70
315	34	20
315	35	90
315	36	0
315	37	0
315	38	50
315	39	90
315	40	90
316	1	50
316	2	70
316	3	80
316	4	10
316	5	60
316	6	60
316	7	80
316	8	30
316	9	60
316	10	10
316	11	10
316	12	0
316	13	80
316	14	70
316	15	60
316	16	80
316	17	60
316	18	30
316	19	60
316	20	60
316	21	60
316	22	10
316	23	60
316	24	80
316	25	60
316	26	30
316	27	30
316	28	80
316	29	10
316	30	60
316	31	60
316	32	50
316	33	80
316	34	60
316	35	30
316	36	60
316	37	50
316	38	60
316	39	80
316	40	60
317	1	70
317	2	20
317	3	20
317	4	50
317	5	20
317	6	20
317	7	90
317	8	70
317	9	50
317	10	70
317	11	50
317	12	50
317	13	110
317	14	110
317	15	50
317	16	40
317	17	70
317	18	110
317	19	70
317	20	70
317	21	0
317	22	50
317	23	70
317	24	90
317	25	70
317	26	70
317	27	90
317	28	40
317	29	50
317	30	50
317	31	20
317	32	50
317	33	90
317	34	40
317	35	90
317	36	0
317	37	20
317	38	50
317	39	70
317	40	70
318	1	90
318	2	90
318	3	70
318	4	0
318	5	90
318	6	90
318	7	90
318	8	20
318	9	70
318	10	40
318	11	0
318	12	0
318	13	90
318	14	110
318	15	70
318	16	70
318	17	70
318	18	40
318	19	90
318	20	70
318	21	70
318	22	20
318	23	110
318	24	90
318	25	70
318	26	20
318	27	20
318	28	90
318	29	40
318	30	50
318	31	90
318	32	70
318	33	90
318	34	70
318	35	20
318	36	50
318	37	70
318	38	50
318	39	90
318	40	90
319	1	110
319	2	110
319	3	100
319	4	10
319	5	110
319	6	100
319	7	100
319	8	40
319	9	100
319	10	50
319	11	20
319	12	0
319	13	140
319	14	130
319	15	120
319	16	120
319	17	100
319	18	70
319	19	100
319	20	90
319	21	80
319	22	30
319	23	140
319	24	140
319	25	80
319	26	20
319	27	50
319	28	130
319	29	50
319	30	80
319	31	110
319	32	70
319	33	100
319	34	110
319	35	70
319	36	60
319	37	90
319	38	60
319	39	120
319	40	140
320	1	90
320	2	90
320	3	80
320	4	10
320	5	120
320	6	100
320	7	100
320	8	30
320	9	120
320	10	50
320	11	50
320	12	20
320	13	120
320	14	110
320	15	100
320	16	100
320	17	100
320	18	50
320	19	80
320	20	80
320	21	80
320	22	30
320	23	120
320	24	120
320	25	80
320	26	30
320	27	30
320	28	140
320	29	50
320	30	100
320	31	120
320	32	50
320	33	80
320	34	120
320	35	50
320	36	60
320	37	90
320	38	60
320	39	120
320	40	100
321	1	70
321	2	70
321	3	50
321	4	0
321	5	70
321	6	70
321	7	50
321	8	0
321	9	90
321	10	0
321	11	20
321	12	20
321	13	50
321	14	70
321	15	70
321	16	50
321	17	50
321	18	0
321	19	70
321	20	50
321	21	50
321	22	0
321	23	90
321	24	70
321	25	50
321	26	0
321	27	0
321	28	70
321	29	20
321	30	70
321	31	70
321	32	70
321	33	50
321	34	70
321	35	0
321	36	50
321	37	50
321	38	50
321	39	70
321	40	90
322	1	70
322	2	70
322	3	100
322	4	10
322	5	90
322	6	80
322	7	60
322	8	0
322	9	100
322	10	10
322	11	20
322	12	0
322	13	120
322	14	110
322	15	100
322	16	80
322	17	80
322	18	50
322	19	60
322	20	50
322	21	60
322	22	10
322	23	100
322	24	100
322	25	60
322	26	0
322	27	50
322	28	110
322	29	30
322	30	80
322	31	90
322	32	50
322	33	80
322	34	70
322	35	30
322	36	60
322	37	70
322	38	60
322	39	100
322	40	100
323	1	70
323	2	70
323	3	80
323	4	20
323	5	70
323	6	80
323	7	80
323	8	20
323	9	50
323	10	0
323	11	0
323	12	0
323	13	80
323	14	70
323	15	70
323	16	80
323	17	80
323	18	20
323	19	80
323	20	70
323	21	60
323	22	10
323	23	80
323	24	80
323	25	80
323	26	20
323	27	30
323	28	70
323	29	0
323	30	60
323	31	50
323	32	70
323	33	70
323	34	50
323	35	20
323	36	70
323	37	50
323	38	80
323	39	70
323	40	80
324	1	70
324	2	50
324	3	90
324	4	0
324	5	70
324	6	50
324	7	50
324	8	0
324	9	90
324	10	20
324	11	40
324	12	20
324	13	90
324	14	70
324	15	70
324	16	50
324	17	70
324	18	20
324	19	50
324	20	50
324	21	70
324	22	20
324	23	70
324	24	50
324	25	50
324	26	0
324	27	20
324	28	70
324	29	20
324	30	90
324	31	70
324	32	50
324	33	70
324	34	70
324	35	0
324	36	50
324	37	70
324	38	50
324	39	70
324	40	50
325	1	90
325	2	70
325	3	100
325	4	10
325	5	100
325	6	80
325	7	80
325	8	30
325	9	100
325	10	50
325	11	50
325	12	20
325	13	140
325	14	110
325	15	100
325	16	100
325	17	100
325	18	70
325	19	80
325	20	100
325	21	80
325	22	30
325	23	100
325	24	100
325	25	80
325	26	10
325	27	50
325	28	100
325	29	30
325	30	100
325	31	100
325	32	50
325	33	100
325	34	140
325	35	50
325	36	60
325	37	90
325	38	60
325	39	80
325	40	100
326	1	70
326	2	90
326	3	70
326	4	0
326	5	70
326	6	50
326	7	70
326	8	40
326	9	90
326	10	20
326	11	40
326	12	20
326	13	90
326	14	70
326	15	90
326	16	110
326	17	70
326	18	20
326	19	50
326	20	70
326	21	70
326	22	20
326	23	70
326	24	110
326	25	50
326	26	20
326	27	20
326	28	110
326	29	20
326	30	90
326	31	90
326	32	50
326	33	50
326	34	110
326	35	60
326	36	50
326	37	90
326	38	50
326	39	90
326	40	90
327	1	110
327	2	70
327	3	90
327	4	20
327	5	110
327	6	90
327	7	90
327	8	20
327	9	70
327	10	20
327	11	20
327	12	0
327	13	110
327	14	90
327	15	90
327	16	70
327	17	110
327	18	40
327	19	90
327	20	90
327	21	50
327	22	0
327	23	110
327	24	70
327	25	90
327	26	20
327	27	20
327	28	90
327	29	0
327	30	70
327	31	50
327	32	70
327	33	90
327	34	70
327	35	20
327	36	70
327	37	50
327	38	70
327	39	90
327	40	70
328	1	110
328	2	70
328	3	100
328	4	30
328	5	120
328	6	100
328	7	100
328	8	30
328	9	80
328	10	30
328	11	30
328	12	0
328	13	140
328	14	110
328	15	100
328	16	100
328	17	120
328	18	70
328	19	100
328	20	100
328	21	60
328	22	10
328	23	120
328	24	100
328	25	100
328	26	30
328	27	50
328	28	120
328	29	10
328	30	80
328	31	80
328	32	70
328	33	100
328	34	100
328	35	50
328	36	80
328	37	70
328	38	80
328	39	100
328	40	100
329	1	70
329	2	90
329	3	50
329	4	0
329	5	90
329	6	90
329	7	90
329	8	20
329	9	90
329	10	40
329	11	20
329	12	20
329	13	90
329	14	110
329	15	70
329	16	90
329	17	70
329	18	40
329	19	70
329	20	70
329	21	70
329	22	20
329	23	90
329	24	110
329	25	70
329	26	20
329	27	20
329	28	110
329	29	40
329	30	70
329	31	110
329	32	50
329	33	70
329	34	110
329	35	40
329	36	50
329	37	90
329	38	50
329	39	90
329	40	90
330	1	50
330	2	40
330	3	10
330	4	60
330	5	0
330	6	10
330	7	80
330	8	90
330	9	80
330	10	80
330	11	70
330	12	70
330	13	60
330	14	50
330	15	80
330	16	50
330	17	60
330	18	60
330	19	60
330	20	70
330	21	30
330	22	80
330	23	60
330	24	100
330	25	60
330	26	70
330	27	60
330	28	20
330	29	80
330	30	80
330	31	20
330	32	50
330	33	60
330	34	40
330	35	100
330	36	10
330	37	20
330	38	60
330	39	80
330	40	80
331	1	110
331	2	20
331	3	50
331	4	60
331	5	70
331	6	50
331	7	80
331	8	60
331	9	100
331	10	80
331	11	80
331	12	50
331	13	120
331	14	110
331	15	100
331	16	10
331	17	100
331	18	100
331	19	100
331	20	80
331	21	10
331	22	60
331	23	140
331	24	80
331	25	80
331	26	60
331	27	80
331	28	50
331	29	80
331	30	80
331	31	30
331	32	70
331	33	100
331	34	30
331	35	60
331	36	10
331	37	0
331	38	60
331	39	100
331	40	100
332	1	50
332	2	0
332	3	30
332	4	60
332	5	0
332	6	10
332	7	60
332	8	50
332	9	60
332	10	60
332	11	50
332	12	50
332	13	100
332	14	90
332	15	60
332	16	30
332	17	60
332	18	100
332	19	60
332	20	50
332	21	10
332	22	60
332	23	60
332	24	80
332	25	60
332	26	50
332	27	100
332	28	20
332	29	60
332	30	60
332	31	20
332	32	50
332	33	80
332	34	20
332	35	80
332	36	10
332	37	20
332	38	60
332	39	60
332	40	80
333	1	70
333	2	70
333	3	100
333	4	0
333	5	90
333	6	80
333	7	60
333	8	0
333	9	90
333	10	0
333	11	20
333	12	0
333	13	120
333	14	110
333	15	90
333	16	80
333	17	80
333	18	40
333	19	60
333	20	50
333	21	60
333	22	10
333	23	100
333	24	100
333	25	60
333	26	0
333	27	50
333	28	110
333	29	20
333	30	80
333	31	90
333	32	50
333	33	70
333	34	70
333	35	20
333	36	50
333	37	70
333	38	60
333	39	90
333	40	100
334	1	70
334	2	70
334	3	80
334	4	10
334	5	70
334	6	80
334	7	80
334	8	20
334	9	60
334	10	30
334	11	0
334	12	0
334	13	100
334	14	90
334	15	80
334	16	80
334	17	80
334	18	50
334	19	80
334	20	90
334	21	60
334	22	10
334	23	80
334	24	80
334	25	80
334	26	0
334	27	30
334	28	50
334	29	10
334	30	60
334	31	50
334	32	50
334	33	100
334	34	90
334	35	30
334	36	60
334	37	50
334	38	60
334	39	60
334	40	80
335	1	110
335	2	20
335	3	40
335	4	70
335	5	60
335	6	40
335	7	90
335	8	70
335	9	70
335	10	70
335	11	70
335	12	50
335	13	110
335	14	90
335	15	90
335	16	20
335	17	110
335	18	90
335	19	90
335	20	90
335	21	0
335	22	50
335	23	110
335	24	70
335	25	90
335	26	70
335	27	70
335	28	40
335	29	50
335	30	70
335	31	0
335	32	70
335	33	90
335	34	20
335	35	70
335	36	20
335	37	0
335	38	70
335	39	90
335	40	70
336	1	90
336	2	90
336	3	80
336	4	0
336	5	90
336	6	80
336	7	100
336	8	40
336	9	90
336	10	40
336	11	40
336	12	20
336	13	100
336	14	70
336	15	90
336	16	100
336	17	100
336	18	20
336	19	80
336	20	90
336	21	80
336	22	30
336	23	100
336	24	100
336	25	80
336	26	20
336	27	10
336	28	90
336	29	20
336	30	100
336	31	70
336	32	50
336	33	70
336	34	110
336	35	40
336	36	50
336	37	70
336	38	60
336	39	90
336	40	80
337	1	90
337	2	20
337	3	50
337	4	60
337	5	40
337	6	30
337	7	80
337	8	70
337	9	100
337	10	100
337	11	90
337	12	70
337	13	140
337	14	110
337	15	100
337	16	50
337	17	100
337	18	120
337	19	80
337	20	90
337	21	30
337	22	80
337	23	100
337	24	100
337	25	80
337	26	50
337	27	100
337	28	40
337	29	80
337	30	100
337	31	40
337	32	50
337	33	100
337	34	80
337	35	100
337	36	10
337	37	40
337	38	60
337	39	80
337	40	100
338	1	70
338	2	20
338	3	30
338	4	60
338	5	10
338	6	10
338	7	60
338	8	80
338	9	60
338	10	60
338	11	60
338	12	50
338	13	80
338	14	70
338	15	80
338	16	30
338	17	60
338	18	80
338	19	80
338	20	80
338	21	10
338	22	60
338	23	80
338	24	80
338	25	60
338	26	60
338	27	80
338	28	10
338	29	60
338	30	60
338	31	10
338	32	70
338	33	80
338	34	30
338	35	80
338	36	10
338	37	0
338	38	60
338	39	60
338	40	100
339	1	90
339	2	70
339	3	100
339	4	0
339	5	110
339	6	100
339	7	80
339	8	0
339	9	110
339	10	40
339	11	40
339	12	20
339	13	140
339	14	130
339	15	90
339	16	80
339	17	100
339	18	60
339	19	80
339	20	70
339	21	80
339	22	30
339	23	120
339	24	100
339	25	80
339	26	0
339	27	50
339	28	110
339	29	40
339	30	100
339	31	110
339	32	50
339	33	90
339	34	110
339	35	20
339	36	50
339	37	90
339	38	60
339	39	90
339	40	100
340	1	90
340	2	70
340	3	70
340	4	0
340	5	90
340	6	70
340	7	90
340	8	20
340	9	90
340	10	40
340	11	40
340	12	20
340	13	110
340	14	90
340	15	70
340	16	90
340	17	90
340	18	40
340	19	70
340	20	70
340	21	70
340	22	20
340	23	90
340	24	90
340	25	70
340	26	20
340	27	20
340	28	110
340	29	20
340	30	90
340	31	90
340	32	50
340	33	70
340	34	110
340	35	40
340	36	50
340	37	90
340	38	50
340	39	90
340	40	70
341	1	110
341	2	40
341	3	50
341	4	60
341	5	70
341	6	50
341	7	80
341	8	80
341	9	100
341	10	80
341	11	80
341	12	50
341	13	120
341	14	110
341	15	120
341	16	30
341	17	100
341	18	100
341	19	100
341	20	100
341	21	10
341	22	60
341	23	140
341	24	100
341	25	80
341	26	60
341	27	80
341	28	50
341	29	80
341	30	80
341	31	30
341	32	70
341	33	100
341	34	50
341	35	80
341	36	10
341	37	0
341	38	60
341	39	100
341	40	120
342	1	70
342	2	70
342	3	80
342	4	30
342	5	70
342	6	80
342	7	80
342	8	20
342	9	60
342	10	10
342	11	0
342	12	0
342	13	80
342	14	70
342	15	80
342	16	80
342	17	80
342	18	30
342	19	80
342	20	70
342	21	60
342	22	10
342	23	80
342	24	80
342	25	80
342	26	20
342	27	30
342	28	70
342	29	10
342	30	60
342	31	50
342	32	70
342	33	80
342	34	50
342	35	30
342	36	80
342	37	50
342	38	80
342	39	80
342	40	80
343	1	70
343	2	70
343	3	100
343	4	10
343	5	100
343	6	80
343	7	60
343	8	10
343	9	100
343	10	10
343	11	30
343	12	0
343	13	100
343	14	90
343	15	100
343	16	60
343	17	80
343	18	30
343	19	60
343	20	60
343	21	60
343	22	10
343	23	100
343	24	80
343	25	60
343	26	10
343	27	30
343	28	100
343	29	30
343	30	80
343	31	80
343	32	50
343	33	80
343	34	60
343	35	10
343	36	60
343	37	50
343	38	60
343	39	100
343	40	80
344	1	70
344	2	90
344	3	80
344	4	10
344	5	100
344	6	100
344	7	80
344	8	30
344	9	100
344	10	50
344	11	30
344	12	20
344	13	120
344	14	130
344	15	100
344	16	100
344	17	80
344	18	70
344	19	80
344	20	100
344	21	80
344	22	30
344	23	100
344	24	120
344	25	80
344	26	10
344	27	50
344	28	100
344	29	50
344	30	80
344	31	120
344	32	50
344	33	100
344	34	140
344	35	50
344	36	60
344	37	90
344	38	60
344	39	80
344	40	120
345	1	90
345	2	20
345	3	50
345	4	80
345	5	50
345	6	30
345	7	80
345	8	80
345	9	80
345	10	60
345	11	80
345	12	50
345	13	120
345	14	90
345	15	100
345	16	50
345	17	100
345	18	100
345	19	80
345	20	80
345	21	10
345	22	60
345	23	100
345	24	100
345	25	80
345	26	80
345	27	100
345	28	70
345	29	60
345	30	80
345	31	30
345	32	70
345	33	80
345	34	30
345	35	100
345	36	30
345	37	20
345	38	80
345	39	100
345	40	100
346	1	110
346	2	50
346	3	90
346	4	0
346	5	90
346	6	70
346	7	70
346	8	0
346	9	70
346	10	20
346	11	20
346	12	0
346	13	110
346	14	90
346	15	70
346	16	50
346	17	90
346	18	40
346	19	90
346	20	70
346	21	50
346	22	0
346	23	110
346	24	50
346	25	70
346	26	0
346	27	20
346	28	70
346	29	0
346	30	70
346	31	50
346	32	70
346	33	90
346	34	70
346	35	0
346	36	50
346	37	50
346	38	50
346	39	70
346	40	70
347	1	70
347	2	20
347	3	30
347	4	60
347	5	30
347	6	30
347	7	100
347	8	80
347	9	60
347	10	80
347	11	60
347	12	50
347	13	100
347	14	90
347	15	60
347	16	30
347	17	80
347	18	100
347	19	80
347	20	80
347	21	10
347	22	60
347	23	80
347	24	80
347	25	80
347	26	80
347	27	80
347	28	30
347	29	60
347	30	60
347	31	10
347	32	50
347	33	100
347	34	30
347	35	80
347	36	10
347	37	0
347	38	60
347	39	80
347	40	60
348	1	110
348	2	90
348	3	100
348	4	20
348	5	130
348	6	120
348	7	100
348	8	20
348	9	90
348	10	20
348	11	20
348	12	0
348	13	120
348	14	110
348	15	110
348	16	80
348	17	120
348	18	40
348	19	100
348	20	90
348	21	60
348	22	10
348	23	140
348	24	100
348	25	100
348	26	20
348	27	30
348	28	110
348	29	20
348	30	80
348	31	70
348	32	70
348	33	90
348	34	70
348	35	20
348	36	70
348	37	50
348	38	80
348	39	110
348	40	100
349	1	70
349	2	90
349	3	100
349	4	10
349	5	90
349	6	80
349	7	80
349	8	20
349	9	100
349	10	10
349	11	20
349	12	0
349	13	120
349	14	110
349	15	100
349	16	100
349	17	80
349	18	50
349	19	60
349	20	50
349	21	60
349	22	10
349	23	100
349	24	120
349	25	60
349	26	20
349	27	50
349	28	130
349	29	30
349	30	80
349	31	90
349	32	50
349	33	80
349	34	70
349	35	50
349	36	60
349	37	70
349	38	60
349	39	120
349	40	100
350	1	70
350	2	70
350	3	80
350	4	10
350	5	80
350	6	60
350	7	80
350	8	30
350	9	100
350	10	30
350	11	50
350	12	20
350	13	100
350	14	70
350	15	80
350	16	100
350	17	80
350	18	30
350	19	60
350	20	60
350	21	80
350	22	30
350	23	80
350	24	100
350	25	60
350	26	30
350	27	30
350	28	120
350	29	30
350	30	100
350	31	100
350	32	50
350	33	60
350	34	100
350	35	50
350	36	60
350	37	90
350	38	60
350	39	100
350	40	80
351	1	50
351	2	90
351	3	80
351	4	10
351	5	70
351	6	80
351	7	80
351	8	20
351	9	80
351	10	10
351	11	0
351	12	0
351	13	80
351	14	90
351	15	80
351	16	80
351	17	60
351	18	30
351	19	60
351	20	50
351	21	60
351	22	10
351	23	80
351	24	100
351	25	60
351	26	20
351	27	30
351	28	90
351	29	30
351	30	60
351	31	70
351	32	50
351	33	80
351	34	50
351	35	30
351	36	60
351	37	50
351	38	60
351	39	100
351	40	80
352	1	70
352	2	40
352	3	30
352	4	60
352	5	20
352	6	30
352	7	60
352	8	70
352	9	80
352	10	60
352	11	50
352	12	50
352	13	100
352	14	110
352	15	100
352	16	50
352	17	60
352	18	100
352	19	80
352	20	70
352	21	10
352	22	60
352	23	100
352	24	120
352	25	60
352	26	50
352	27	100
352	28	40
352	29	80
352	30	60
352	31	40
352	32	70
352	33	80
352	34	40
352	35	100
352	36	10
352	37	20
352	38	60
352	39	80
352	40	140
353	1	70
353	2	60
353	3	30
353	4	60
353	5	20
353	6	30
353	7	80
353	8	90
353	9	80
353	10	80
353	11	50
353	12	50
353	13	100
353	14	110
353	15	100
353	16	70
353	17	60
353	18	100
353	19	80
353	20	70
353	21	30
353	22	80
353	23	100
353	24	140
353	25	60
353	26	70
353	27	100
353	28	60
353	29	100
353	30	60
353	31	60
353	32	70
353	33	80
353	34	40
353	35	120
353	36	10
353	37	40
353	38	60
353	39	100
353	40	140
354	1	70
354	2	110
354	3	80
354	4	0
354	5	90
354	6	80
354	7	80
354	8	40
354	9	110
354	10	20
354	11	40
354	12	20
354	13	80
354	14	70
354	15	110
354	16	100
354	17	80
354	18	0
354	19	60
354	20	70
354	21	80
354	22	30
354	23	100
354	24	120
354	25	60
354	26	20
354	27	10
354	28	110
354	29	40
354	30	100
354	31	90
354	32	50
354	33	50
354	34	90
354	35	40
354	36	50
354	37	70
354	38	60
354	39	110
354	40	100
355	1	70
355	2	60
355	3	20
355	4	50
355	5	40
355	6	20
355	7	70
355	8	90
355	9	110
355	10	70
355	11	90
355	12	70
355	13	90
355	14	90
355	15	110
355	16	60
355	17	70
355	18	70
355	19	50
355	20	70
355	21	20
355	22	70
355	23	90
355	24	130
355	25	50
355	26	70
355	27	70
355	28	80
355	29	90
355	30	90
355	31	60
355	32	50
355	33	50
355	34	60
355	35	110
355	36	0
355	37	40
355	38	50
355	39	110
355	40	110
356	1	90
356	2	40
356	3	40
356	4	50
356	5	60
356	6	40
356	7	90
356	8	70
356	9	90
356	10	70
356	11	70
356	12	50
356	13	130
356	14	130
356	15	90
356	16	40
356	17	90
356	18	110
356	19	70
356	20	70
356	21	0
356	22	50
356	23	110
356	24	110
356	25	70
356	26	70
356	27	90
356	28	80
356	29	70
356	30	70
356	31	40
356	32	50
356	33	90
356	34	40
356	35	90
356	36	0
356	37	20
356	38	50
356	39	110
356	40	90
357	1	110
357	2	90
357	3	100
357	4	10
357	5	100
357	6	80
357	7	100
357	8	50
357	9	80
357	10	50
357	11	30
357	12	0
357	13	140
357	14	110
357	15	100
357	16	120
357	17	100
357	18	70
357	19	100
357	20	100
357	21	80
357	22	30
357	23	120
357	24	120
357	25	80
357	26	30
357	27	50
357	28	120
357	29	30
357	30	80
357	31	100
357	32	70
357	33	100
357	34	120
357	35	70
357	36	60
357	37	90
357	38	60
357	39	100
357	40	120
358	1	70
358	2	90
358	3	80
358	4	10
358	5	100
358	6	100
358	7	80
358	8	30
358	9	100
358	10	50
358	11	30
358	12	20
358	13	120
358	14	130
358	15	100
358	16	100
358	17	80
358	18	70
358	19	80
358	20	100
358	21	80
358	22	30
358	23	100
358	24	120
358	25	80
358	26	10
358	27	50
358	28	100
358	29	50
358	30	80
358	31	120
358	32	50
358	33	100
358	34	140
358	35	50
358	36	60
358	37	90
358	38	60
358	39	80
358	40	120
359	1	90
359	2	50
359	3	90
359	4	0
359	5	90
359	6	70
359	7	70
359	8	0
359	9	90
359	10	40
359	11	40
359	12	20
359	13	130
359	14	110
359	15	70
359	16	70
359	17	90
359	18	60
359	19	70
359	20	70
359	21	70
359	22	20
359	23	90
359	24	70
359	25	70
359	26	0
359	27	40
359	28	90
359	29	20
359	30	90
359	31	90
359	32	50
359	33	90
359	34	110
359	35	20
359	36	50
359	37	90
359	38	50
359	39	70
359	40	70
360	1	70
360	2	40
360	3	10
360	4	60
360	5	20
360	6	30
360	7	100
360	8	90
360	9	80
360	10	100
360	11	70
360	12	70
360	13	100
360	14	90
360	15	80
360	16	70
360	17	80
360	18	100
360	19	80
360	20	90
360	21	30
360	22	80
360	23	80
360	24	120
360	25	80
360	26	70
360	27	80
360	28	40
360	29	80
360	30	80
360	31	40
360	32	50
360	33	80
360	34	80
360	35	120
360	36	10
360	37	40
360	38	60
360	39	80
360	40	100
361	1	70
361	2	90
361	3	60
361	4	10
361	5	100
361	6	100
361	7	100
361	8	30
361	9	100
361	10	50
361	11	30
361	12	20
361	13	80
361	14	90
361	15	80
361	16	80
361	17	80
361	18	30
361	19	80
361	20	80
361	21	80
361	22	30
361	23	100
361	24	100
361	25	80
361	26	30
361	27	10
361	28	100
361	29	50
361	30	80
361	31	100
361	32	50
361	33	80
361	34	100
361	35	30
361	36	60
361	37	70
361	38	60
361	39	100
361	40	80
362	1	50
362	2	90
362	3	80
362	4	10
362	5	80
362	6	80
362	7	60
362	8	30
362	9	80
362	10	10
362	11	10
362	12	0
362	13	100
362	14	110
362	15	100
362	16	100
362	17	60
362	18	50
362	19	60
362	20	80
362	21	60
362	22	10
362	23	80
362	24	120
362	25	60
362	26	10
362	27	50
362	28	100
362	29	30
362	30	60
362	31	100
362	32	50
362	33	80
362	34	100
362	35	50
362	36	60
362	37	70
362	38	60
362	39	80
362	40	120
363	1	70
363	2	60
363	3	30
363	4	60
363	5	40
363	6	50
363	7	100
363	8	90
363	9	80
363	10	80
363	11	50
363	12	50
363	13	100
363	14	110
363	15	100
363	16	50
363	17	80
363	18	100
363	19	80
363	20	90
363	21	10
363	22	60
363	23	100
363	24	120
363	25	80
363	26	70
363	27	80
363	28	40
363	29	80
363	30	60
363	31	20
363	32	50
363	33	100
363	34	40
363	35	100
363	36	10
363	37	0
363	38	60
363	39	100
363	40	100
364	1	70
364	2	70
364	3	60
364	4	0
364	5	50
364	6	60
364	7	60
364	8	20
364	9	70
364	10	0
364	11	20
364	12	20
364	13	80
364	14	70
364	15	70
364	16	100
364	17	60
364	18	20
364	19	80
364	20	70
364	21	60
364	22	10
364	23	80
364	24	100
364	25	60
364	26	0
364	27	30
364	28	70
364	29	0
364	30	80
364	31	70
364	32	70
364	33	50
364	34	110
364	35	40
364	36	50
364	37	70
364	38	60
364	39	50
364	40	120
365	1	70
365	2	0
365	3	10
365	4	60
365	5	0
365	6	10
365	7	60
365	8	50
365	9	80
365	10	60
365	11	70
365	12	70
365	13	80
365	14	70
365	15	60
365	16	30
365	17	60
365	18	80
365	19	80
365	20	50
365	21	10
365	22	60
365	23	80
365	24	80
365	25	60
365	26	50
365	27	80
365	28	20
365	29	60
365	30	80
365	31	20
365	32	70
365	33	60
365	34	40
365	35	80
365	36	10
365	37	20
365	38	60
365	39	60
365	40	100
366	1	70
366	2	90
366	3	100
366	4	0
366	5	70
366	6	60
366	7	80
366	8	40
366	9	70
366	10	0
366	11	20
366	12	0
366	13	100
366	14	70
366	15	90
366	16	100
366	17	80
366	18	20
366	19	60
366	20	70
366	21	60
366	22	10
366	23	80
366	24	100
366	25	60
366	26	20
366	27	30
366	28	90
366	29	0
366	30	80
366	31	50
366	32	50
366	33	70
366	34	70
366	35	40
366	36	50
366	37	50
366	38	60
366	39	90
366	40	80
367	1	90
367	2	40
367	3	50
367	4	60
367	5	50
367	6	30
367	7	100
367	8	100
367	9	80
367	10	80
367	11	80
367	12	50
367	13	120
367	14	90
367	15	100
367	16	50
367	17	100
367	18	100
367	19	80
367	20	100
367	21	10
367	22	60
367	23	100
367	24	100
367	25	80
367	26	80
367	27	80
367	28	50
367	29	60
367	30	80
367	31	10
367	32	50
367	33	100
367	34	50
367	35	100
367	36	10
367	37	0
367	38	60
367	39	100
367	40	80
368	1	90
368	2	0
368	3	40
368	4	50
368	5	40
368	6	20
368	7	70
368	8	50
368	9	70
368	10	70
368	11	70
368	12	50
368	13	110
368	14	90
368	15	70
368	16	0
368	17	90
368	18	90
368	19	70
368	20	70
368	21	0
368	22	50
368	23	90
368	24	50
368	25	70
368	26	50
368	27	70
368	28	20
368	29	50
368	30	70
368	31	0
368	32	50
368	33	90
368	34	20
368	35	50
368	36	0
368	37	0
368	38	50
368	39	70
368	40	50
369	1	70
369	2	20
369	3	50
369	4	50
369	5	20
369	6	10
369	7	60
369	8	70
369	9	70
369	10	50
369	11	70
369	12	50
369	13	120
369	14	90
369	15	90
369	16	50
369	17	80
369	18	90
369	19	60
369	20	70
369	21	10
369	22	60
369	23	80
369	24	100
369	25	60
369	26	50
369	27	100
369	28	40
369	29	50
369	30	80
369	31	20
369	32	50
369	33	70
369	34	40
369	35	90
369	36	0
369	37	20
369	38	60
369	39	70
369	40	100
370	1	70
370	2	20
370	3	30
370	4	60
370	5	30
370	6	30
370	7	100
370	8	80
370	9	60
370	10	80
370	11	60
370	12	50
370	13	100
370	14	90
370	15	60
370	16	30
370	17	80
370	18	100
370	19	80
370	20	80
370	21	10
370	22	60
370	23	80
370	24	80
370	25	80
370	26	80
370	27	80
370	28	30
370	29	60
370	30	60
370	31	10
370	32	50
370	33	100
370	34	30
370	35	80
370	36	10
370	37	0
370	38	60
370	39	80
370	40	60
371	1	110
371	2	70
371	3	90
371	4	20
371	5	110
371	6	90
371	7	90
371	8	20
371	9	70
371	10	20
371	11	20
371	12	0
371	13	110
371	14	90
371	15	90
371	16	70
371	17	110
371	18	40
371	19	90
371	20	90
371	21	50
371	22	0
371	23	110
371	24	70
371	25	90
371	26	20
371	27	20
371	28	90
371	29	0
371	30	70
371	31	50
371	32	70
371	33	90
371	34	70
371	35	20
371	36	70
371	37	50
371	38	70
371	39	90
371	40	70
372	1	90
372	2	70
372	3	80
372	4	30
372	5	90
372	6	100
372	7	100
372	8	20
372	9	60
372	10	30
372	11	0
372	12	0
372	13	120
372	14	110
372	15	80
372	16	100
372	17	100
372	18	70
372	19	100
372	20	90
372	21	60
372	22	10
372	23	100
372	24	100
372	25	100
372	26	20
372	27	50
372	28	90
372	29	10
372	30	60
372	31	70
372	32	70
372	33	100
372	34	90
372	35	50
372	36	80
372	37	70
372	38	80
372	39	80
372	40	100
373	1	70
373	2	110
373	3	80
373	4	10
373	5	100
373	6	80
373	7	80
373	8	50
373	9	120
373	10	30
373	11	50
373	12	20
373	13	100
373	14	90
373	15	120
373	16	120
373	17	80
373	18	30
373	19	60
373	20	80
373	21	80
373	22	30
373	23	100
373	24	140
373	25	60
373	26	30
373	27	30
373	28	140
373	29	50
373	30	100
373	31	120
373	32	50
373	33	60
373	34	120
373	35	70
373	36	60
373	37	90
373	38	60
373	39	120
373	40	120
374	1	90
374	2	90
374	3	100
374	4	30
374	5	100
374	6	80
374	7	80
374	8	50
374	9	80
374	10	10
374	11	30
374	12	0
374	13	120
374	14	90
374	15	120
374	16	120
374	17	100
374	18	50
374	19	80
374	20	100
374	21	60
374	22	10
374	23	100
374	24	120
374	25	80
374	26	30
374	27	50
374	28	120
374	29	10
374	30	80
374	31	80
374	32	70
374	33	80
374	34	100
374	35	70
374	36	80
374	37	70
374	38	80
374	39	100
374	40	120
375	1	50
375	2	110
375	3	60
375	4	10
375	5	70
375	6	80
375	7	80
375	8	40
375	9	100
375	10	30
375	11	20
375	12	20
375	13	80
375	14	90
375	15	100
375	16	120
375	17	60
375	18	30
375	19	60
375	20	70
375	21	80
375	22	30
375	23	80
375	24	140
375	25	60
375	26	20
375	27	30
375	28	110
375	29	50
375	30	80
375	31	110
375	32	50
375	33	60
375	34	110
375	35	70
375	36	60
375	37	90
375	38	60
375	39	100
375	40	120
376	1	110
376	2	0
376	3	50
376	4	60
376	5	50
376	6	30
376	7	80
376	8	60
376	9	80
376	10	80
376	11	80
376	12	50
376	13	120
376	14	90
376	15	80
376	16	10
376	17	100
376	18	100
376	19	100
376	20	80
376	21	10
376	22	60
376	23	120
376	24	60
376	25	80
376	26	60
376	27	80
376	28	30
376	29	60
376	30	80
376	31	10
376	32	70
376	33	100
376	34	30
376	35	60
376	36	10
376	37	0
376	38	60
376	39	80
376	40	80
377	1	110
377	2	40
377	3	50
377	4	80
377	5	60
377	6	50
377	7	100
377	8	90
377	9	80
377	10	80
377	11	70
377	12	50
377	13	120
377	14	90
377	15	120
377	16	50
377	17	120
377	18	100
377	19	100
377	20	110
377	21	10
377	22	60
377	23	120
377	24	100
377	25	100
377	26	70
377	27	80
377	28	40
377	29	60
377	30	80
377	31	0
377	32	70
377	33	100
377	34	40
377	35	100
377	36	30
377	37	0
377	38	80
377	39	100
377	40	100
378	1	90
378	2	90
378	3	100
378	4	0
378	5	90
378	6	80
378	7	60
378	8	20
378	9	90
378	10	0
378	11	20
378	12	0
378	13	120
378	14	110
378	15	110
378	16	100
378	17	80
378	18	40
378	19	80
378	20	70
378	21	60
378	22	10
378	23	120
378	24	120
378	25	60
378	26	0
378	27	50
378	28	110
378	29	20
378	30	80
378	31	90
378	32	70
378	33	70
378	34	90
378	35	40
378	36	50
378	37	70
378	38	60
378	39	90
378	40	140
379	1	70
379	2	60
379	3	30
379	4	60
379	5	40
379	6	30
379	7	80
379	8	90
379	9	120
379	10	80
379	11	90
379	12	70
379	13	100
379	14	90
379	15	120
379	16	70
379	17	80
379	18	80
379	19	60
379	20	70
379	21	30
379	22	80
379	23	100
379	24	140
379	25	60
379	26	70
379	27	80
379	28	80
379	29	100
379	30	100
379	31	60
379	32	50
379	33	60
379	34	60
379	35	120
379	36	10
379	37	40
379	38	60
379	39	120
379	40	120
380	1	70
380	2	110
380	3	80
380	4	0
380	5	90
380	6	80
380	7	80
380	8	40
380	9	110
380	10	20
380	11	40
380	12	20
380	13	100
380	14	90
380	15	110
380	16	120
380	17	80
380	18	20
380	19	60
380	20	70
380	21	80
380	22	30
380	23	100
380	24	140
380	25	60
380	26	20
380	27	30
380	28	130
380	29	40
380	30	100
380	31	110
380	32	50
380	33	50
380	34	110
380	35	60
380	36	50
380	37	90
380	38	60
380	39	110
380	40	120
381	1	90
381	2	90
381	3	60
381	4	10
381	5	100
381	6	100
381	7	80
381	8	30
381	9	100
381	10	30
381	11	30
381	12	20
381	13	100
381	14	110
381	15	100
381	16	100
381	17	80
381	18	50
381	19	100
381	20	100
381	21	60
381	22	10
381	23	120
381	24	120
381	25	80
381	26	10
381	27	30
381	28	100
381	29	30
381	30	80
381	31	100
381	32	70
381	33	80
381	34	140
381	35	50
381	36	60
381	37	70
381	38	60
381	39	80
381	40	140
382	1	90
382	2	90
382	3	80
382	4	10
382	5	100
382	6	80
382	7	100
382	8	50
382	9	100
382	10	50
382	11	50
382	12	20
382	13	120
382	14	90
382	15	100
382	16	120
382	17	100
382	18	50
382	19	80
382	20	100
382	21	80
382	22	30
382	23	100
382	24	120
382	25	80
382	26	30
382	27	30
382	28	120
382	29	30
382	30	100
382	31	100
382	32	50
382	33	80
382	34	140
382	35	70
382	36	60
382	37	90
382	38	60
382	39	100
382	40	100
383	1	110
383	2	20
383	3	50
383	4	60
383	5	70
383	6	50
383	7	80
383	8	60
383	9	100
383	10	80
383	11	80
383	12	50
383	13	140
383	14	130
383	15	100
383	16	30
383	17	100
383	18	120
383	19	100
383	20	80
383	21	10
383	22	60
383	23	140
383	24	100
383	25	80
383	26	60
383	27	100
383	28	70
383	29	80
383	30	80
383	31	50
383	32	70
383	33	100
383	34	50
383	35	80
383	36	10
383	37	20
383	38	60
383	39	100
383	40	120
384	1	90
384	2	20
384	3	20
384	4	50
384	5	40
384	6	40
384	7	70
384	8	50
384	9	70
384	10	70
384	11	50
384	12	50
384	13	110
384	14	130
384	15	70
384	16	20
384	17	70
384	18	110
384	19	90
384	20	70
384	21	0
384	22	50
384	23	110
384	24	90
384	25	70
384	26	50
384	27	90
384	28	40
384	29	70
384	30	50
384	31	40
384	32	70
384	33	90
384	34	40
384	35	70
384	36	0
384	37	20
384	38	50
384	39	70
384	40	110
385	1	90
385	2	40
385	3	40
385	4	50
385	5	40
385	6	20
385	7	70
385	8	70
385	9	90
385	10	70
385	11	70
385	12	50
385	13	110
385	14	110
385	15	90
385	16	40
385	17	70
385	18	90
385	19	70
385	20	50
385	21	20
385	22	70
385	23	110
385	24	110
385	25	50
385	26	70
385	27	90
385	28	80
385	29	90
385	30	70
385	31	60
385	32	70
385	33	70
385	34	20
385	35	90
385	36	0
385	37	40
385	38	50
385	39	110
385	40	110
386	1	50
386	2	90
386	3	80
386	4	0
386	5	50
386	6	60
386	7	80
386	8	40
386	9	50
386	10	0
386	11	0
386	12	0
386	13	100
386	14	90
386	15	70
386	16	120
386	17	60
386	18	40
386	19	60
386	20	70
386	21	60
386	22	10
386	23	60
386	24	120
386	25	60
386	26	20
386	27	50
386	28	90
386	29	0
386	30	60
386	31	70
386	32	50
386	33	70
386	34	90
386	35	60
386	36	50
386	37	70
386	38	60
386	39	70
386	40	100
387	1	90
387	2	20
387	3	50
387	4	60
387	5	50
387	6	30
387	7	100
387	8	80
387	9	80
387	10	80
387	11	80
387	12	50
387	13	140
387	14	110
387	15	80
387	16	50
387	17	100
387	18	120
387	19	80
387	20	80
387	21	10
387	22	60
387	23	100
387	24	100
387	25	80
387	26	80
387	27	100
387	28	70
387	29	60
387	30	80
387	31	30
387	32	50
387	33	100
387	34	50
387	35	100
387	36	10
387	37	20
387	38	60
387	39	100
387	40	80
388	1	50
388	2	70
388	3	70
388	4	0
388	5	50
388	6	50
388	7	50
388	8	20
388	9	50
388	10	0
388	11	0
388	12	0
388	13	70
388	14	70
388	15	70
388	16	70
388	17	50
388	18	20
388	19	50
388	20	70
388	21	50
388	22	0
388	23	50
388	24	70
388	25	50
388	26	0
388	27	20
388	28	50
388	29	0
388	30	50
388	31	50
388	32	50
388	33	70
388	34	70
388	35	20
388	36	50
388	37	50
388	38	50
388	39	50
388	40	70
389	1	110
389	2	20
389	3	20
389	4	50
389	5	60
389	6	40
389	7	70
389	8	50
389	9	110
389	10	70
389	11	90
389	12	70
389	13	90
389	14	90
389	15	90
389	16	0
389	17	90
389	18	70
389	19	90
389	20	70
389	21	0
389	22	50
389	23	130
389	24	70
389	25	70
389	26	50
389	27	50
389	28	40
389	29	70
389	30	90
389	31	20
389	32	70
389	33	70
389	34	40
389	35	50
389	36	0
389	37	0
389	38	50
389	39	90
389	40	90
390	1	50
390	2	20
390	3	30
390	4	60
390	5	0
390	6	10
390	7	80
390	8	70
390	9	60
390	10	60
390	11	50
390	12	50
390	13	80
390	14	70
390	15	60
390	16	30
390	17	60
390	18	80
390	19	60
390	20	50
390	21	10
390	22	60
390	23	60
390	24	80
390	25	60
390	26	70
390	27	80
390	28	20
390	29	60
390	30	60
390	31	0
390	32	50
390	33	80
390	34	0
390	35	80
390	36	10
390	37	0
390	38	60
390	39	80
390	40	60
391	1	70
391	2	20
391	3	20
391	4	50
391	5	0
391	6	0
391	7	50
391	8	70
391	9	50
391	10	50
391	11	50
391	12	50
391	13	70
391	14	70
391	15	70
391	16	20
391	17	50
391	18	70
391	19	70
391	20	70
391	21	0
391	22	50
391	23	70
391	24	70
391	25	50
391	26	50
391	27	70
391	28	0
391	29	50
391	30	50
391	31	0
391	32	70
391	33	70
391	34	20
391	35	70
391	36	0
391	37	0
391	38	50
391	39	50
391	40	90
392	1	70
392	2	20
392	3	30
392	4	60
392	5	30
392	6	30
392	7	100
392	8	80
392	9	60
392	10	80
392	11	60
392	12	50
392	13	100
392	14	90
392	15	60
392	16	30
392	17	80
392	18	100
392	19	80
392	20	80
392	21	10
392	22	60
392	23	80
392	24	80
392	25	80
392	26	80
392	27	80
392	28	30
392	29	60
392	30	60
392	31	10
392	32	50
392	33	100
392	34	30
392	35	80
392	36	10
392	37	0
392	38	60
392	39	80
392	40	60
393	1	70
393	2	50
393	3	80
393	4	0
393	5	70
393	6	80
393	7	80
393	8	0
393	9	50
393	10	20
393	11	0
393	12	0
393	13	120
393	14	110
393	15	50
393	16	80
393	17	80
393	18	60
393	19	80
393	20	70
393	21	60
393	22	10
393	23	80
393	24	80
393	25	80
393	26	0
393	27	50
393	28	70
393	29	0
393	30	60
393	31	70
393	32	50
393	33	90
393	34	90
393	35	20
393	36	50
393	37	70
393	38	60
393	39	50
393	40	80
394	1	70
394	2	110
394	3	80
394	4	10
394	5	90
394	6	100
394	7	100
394	8	40
394	9	80
394	10	30
394	11	0
394	12	0
394	13	120
394	14	130
394	15	100
394	16	120
394	17	80
394	18	70
394	19	80
394	20	90
394	21	60
394	22	10
394	23	100
394	24	140
394	25	80
394	26	20
394	27	50
394	28	110
394	29	30
394	30	60
394	31	90
394	32	50
394	33	100
394	34	110
394	35	70
394	36	60
394	37	70
394	38	60
394	39	100
394	40	120
395	1	110
395	2	50
395	3	80
395	4	0
395	5	90
395	6	80
395	7	80
395	8	0
395	9	90
395	10	20
395	11	40
395	12	20
395	13	120
395	14	90
395	15	70
395	16	80
395	17	100
395	18	40
395	19	100
395	20	70
395	21	60
395	22	10
395	23	120
395	24	80
395	25	80
395	26	0
395	27	30
395	28	90
395	29	0
395	30	100
395	31	70
395	32	70
395	33	70
395	34	110
395	35	20
395	36	50
395	37	70
395	38	60
395	39	70
395	40	100
396	1	90
396	2	40
396	3	20
396	4	50
396	5	40
396	6	40
396	7	90
396	8	70
396	9	70
396	10	90
396	11	50
396	12	50
396	13	110
396	14	130
396	15	70
396	16	40
396	17	70
396	18	110
396	19	90
396	20	70
396	21	20
396	22	70
396	23	110
396	24	110
396	25	70
396	26	70
396	27	90
396	28	60
396	29	90
396	30	50
396	31	60
396	32	70
396	33	90
396	34	40
396	35	90
396	36	0
396	37	40
396	38	50
396	39	90
396	40	110
397	1	70
397	2	0
397	3	20
397	4	50
397	5	0
397	6	0
397	7	50
397	8	50
397	9	50
397	10	50
397	11	50
397	12	50
397	13	70
397	14	70
397	15	50
397	16	0
397	17	50
397	18	70
397	19	70
397	20	50
397	21	0
397	22	50
397	23	70
397	24	50
397	25	50
397	26	50
397	27	70
397	28	0
397	29	50
397	30	50
397	31	0
397	32	70
397	33	70
397	34	0
397	35	50
397	36	0
397	37	0
397	38	50
397	39	50
397	40	70
398	1	90
398	2	90
398	3	100
398	4	10
398	5	110
398	6	100
398	7	80
398	8	20
398	9	120
398	10	50
398	11	40
398	12	20
398	13	120
398	14	110
398	15	120
398	16	80
398	17	100
398	18	50
398	19	80
398	20	90
398	21	80
398	22	30
398	23	120
398	24	100
398	25	80
398	26	0
398	27	30
398	28	90
398	29	50
398	30	100
398	31	90
398	32	50
398	33	100
398	34	110
398	35	30
398	36	60
398	37	70
398	38	60
398	39	100
398	40	100
399	1	110
399	2	110
399	3	100
399	4	30
399	5	140
399	6	120
399	7	100
399	8	50
399	9	100
399	10	30
399	11	30
399	12	0
399	13	120
399	14	110
399	15	140
399	16	100
399	17	120
399	18	50
399	19	100
399	20	120
399	21	60
399	22	10
399	23	140
399	24	120
399	25	100
399	26	30
399	27	30
399	28	120
399	29	30
399	30	80
399	31	80
399	32	70
399	33	100
399	34	100
399	35	50
399	36	80
399	37	50
399	38	80
399	39	120
399	40	120
400	1	70
400	2	70
400	3	100
400	4	0
400	5	70
400	6	60
400	7	80
400	8	20
400	9	70
400	10	0
400	11	20
400	12	0
400	13	100
400	14	70
400	15	70
400	16	80
400	17	80
400	18	20
400	19	60
400	20	50
400	21	60
400	22	10
400	23	80
400	24	80
400	25	60
400	26	20
400	27	30
400	28	90
400	29	0
400	30	80
400	31	50
400	32	50
400	33	70
400	34	50
400	35	20
400	36	50
400	37	50
400	38	60
400	39	90
400	40	60
401	1	50
401	2	60
401	3	10
401	4	50
401	5	20
401	6	30
401	7	80
401	8	90
401	9	90
401	10	70
401	11	70
401	12	70
401	13	80
401	14	90
401	15	90
401	16	70
401	17	60
401	18	70
401	19	60
401	20	70
401	21	30
401	22	80
401	23	80
401	24	140
401	25	60
401	26	70
401	27	80
401	28	60
401	29	90
401	30	80
401	31	60
401	32	50
401	33	50
401	34	60
401	35	110
401	36	0
401	37	40
401	38	60
401	39	90
401	40	120
402	1	90
402	2	70
402	3	90
402	4	0
402	5	90
402	6	70
402	7	90
402	8	20
402	9	70
402	10	20
402	11	20
402	12	0
402	13	110
402	14	90
402	15	70
402	16	70
402	17	90
402	18	40
402	19	70
402	20	70
402	21	50
402	22	0
402	23	90
402	24	70
402	25	70
402	26	20
402	27	20
402	28	90
402	29	0
402	30	70
402	31	50
402	32	50
402	33	90
402	34	70
402	35	20
402	36	50
402	37	50
402	38	50
402	39	90
402	40	50
403	1	90
403	2	20
403	3	50
403	4	50
403	5	40
403	6	30
403	7	60
403	8	50
403	9	90
403	10	50
403	11	70
403	12	50
403	13	100
403	14	90
403	15	90
403	16	10
403	17	80
403	18	70
403	19	80
403	20	50
403	21	10
403	22	60
403	23	120
403	24	80
403	25	60
403	26	50
403	27	80
403	28	40
403	29	70
403	30	80
403	31	20
403	32	70
403	33	70
403	34	0
403	35	50
403	36	0
403	37	0
403	38	60
403	39	90
403	40	100
404	1	70
404	2	60
404	3	20
404	4	50
404	5	40
404	6	20
404	7	70
404	8	90
404	9	110
404	10	70
404	11	90
404	12	70
404	13	90
404	14	90
404	15	110
404	16	60
404	17	70
404	18	70
404	19	50
404	20	70
404	21	20
404	22	70
404	23	90
404	24	130
404	25	50
404	26	70
404	27	70
404	28	80
404	29	90
404	30	90
404	31	60
404	32	50
404	33	50
404	34	60
404	35	110
404	36	0
404	37	40
404	38	50
404	39	110
404	40	110
405	1	50
405	2	70
405	3	60
405	4	0
405	5	50
405	6	60
405	7	80
405	8	20
405	9	70
405	10	20
405	11	20
405	12	20
405	13	80
405	14	70
405	15	50
405	16	100
405	17	60
405	18	20
405	19	60
405	20	50
405	21	80
405	22	30
405	23	60
405	24	100
405	25	60
405	26	20
405	27	30
405	28	90
405	29	20
405	30	80
405	31	90
405	32	50
405	33	50
405	34	90
405	35	40
405	36	50
405	37	90
405	38	60
405	39	70
405	40	80
406	1	90
406	2	20
406	3	30
406	4	50
406	5	20
406	6	30
406	7	100
406	8	70
406	9	50
406	10	90
406	11	50
406	12	50
406	13	100
406	14	90
406	15	50
406	16	30
406	17	80
406	18	90
406	19	100
406	20	70
406	21	30
406	22	80
406	23	100
406	24	80
406	25	80
406	26	70
406	27	80
406	28	20
406	29	70
406	30	60
406	31	20
406	32	70
406	33	90
406	34	20
406	35	70
406	36	0
406	37	20
406	38	60
406	39	70
406	40	80
407	1	70
407	2	0
407	3	30
407	4	50
407	5	20
407	6	30
407	7	80
407	8	50
407	9	70
407	10	90
407	11	70
407	12	70
407	13	120
407	14	110
407	15	50
407	16	30
407	17	80
407	18	110
407	19	80
407	20	70
407	21	30
407	22	80
407	23	80
407	24	80
407	25	80
407	26	50
407	27	100
407	28	20
407	29	70
407	30	80
407	31	40
407	32	50
407	33	90
407	34	60
407	35	70
407	36	0
407	37	40
407	38	60
407	39	50
407	40	80
408	1	70
408	2	70
408	3	80
408	4	10
408	5	80
408	6	80
408	7	80
408	8	30
408	9	60
408	10	30
408	11	10
408	12	0
408	13	120
408	14	110
408	15	80
408	16	100
408	17	80
408	18	70
408	19	80
408	20	100
408	21	60
408	22	10
408	23	80
408	24	100
408	25	80
408	26	10
408	27	50
408	28	80
408	29	10
408	30	60
408	31	80
408	32	50
408	33	100
408	34	120
408	35	50
408	36	60
408	37	70
408	38	60
408	39	60
408	40	100
409	1	70
409	2	20
409	3	50
409	4	60
409	5	30
409	6	10
409	7	60
409	8	80
409	9	100
409	10	80
409	11	100
409	12	70
409	13	100
409	14	70
409	15	100
409	16	30
409	17	80
409	18	80
409	19	60
409	20	80
409	21	30
409	22	80
409	23	80
409	24	80
409	25	60
409	26	60
409	27	80
409	28	30
409	29	80
409	30	100
409	31	30
409	32	50
409	33	80
409	34	50
409	35	80
409	36	10
409	37	20
409	38	60
409	39	80
409	40	80
410	1	90
410	2	40
410	3	30
410	4	60
410	5	50
410	6	50
410	7	80
410	8	80
410	9	80
410	10	80
410	11	60
410	12	50
410	13	120
410	14	130
410	15	100
410	16	50
410	17	80
410	18	120
410	19	100
410	20	100
410	21	10
410	22	60
410	23	120
410	24	120
410	25	80
410	26	60
410	27	100
410	28	50
410	29	80
410	30	60
410	31	50
410	32	70
410	33	100
410	34	70
410	35	100
410	36	10
410	37	20
410	38	60
410	39	80
410	40	140
411	1	50
411	2	70
411	3	80
411	4	10
411	5	60
411	6	60
411	7	80
411	8	30
411	9	60
411	10	10
411	11	10
411	12	0
411	13	80
411	14	70
411	15	60
411	16	80
411	17	60
411	18	30
411	19	60
411	20	60
411	21	60
411	22	10
411	23	60
411	24	80
411	25	60
411	26	30
411	27	30
411	28	80
411	29	10
411	30	60
411	31	60
411	32	50
411	33	80
411	34	60
411	35	30
411	36	60
411	37	50
411	38	60
411	39	80
411	40	60
412	1	70
412	2	20
412	3	30
412	4	50
412	5	20
412	6	30
412	7	60
412	8	50
412	9	70
412	10	50
412	11	50
412	12	50
412	13	100
412	14	110
412	15	70
412	16	30
412	17	60
412	18	90
412	19	80
412	20	50
412	21	10
412	22	60
412	23	100
412	24	100
412	25	60
412	26	50
412	27	100
412	28	40
412	29	70
412	30	60
412	31	40
412	32	70
412	33	70
412	34	20
412	35	70
412	36	0
412	37	20
412	38	60
412	39	70
412	40	120
413	1	70
413	2	20
413	3	30
413	4	60
413	5	20
413	6	30
413	7	60
413	8	50
413	9	80
413	10	60
413	11	50
413	12	50
413	13	100
413	14	110
413	15	80
413	16	30
413	17	60
413	18	100
413	19	80
413	20	50
413	21	10
413	22	60
413	23	100
413	24	100
413	25	60
413	26	50
413	27	100
413	28	40
413	29	80
413	30	60
413	31	40
413	32	70
413	33	80
413	34	20
413	35	80
413	36	10
413	37	20
413	38	60
413	39	80
413	40	120
414	1	70
414	2	110
414	3	80
414	4	10
414	5	90
414	6	80
414	7	80
414	8	40
414	9	120
414	10	30
414	11	40
414	12	20
414	13	80
414	14	70
414	15	120
414	16	100
414	17	80
414	18	10
414	19	60
414	20	70
414	21	80
414	22	30
414	23	100
414	24	120
414	25	60
414	26	20
414	27	10
414	28	110
414	29	50
414	30	100
414	31	90
414	32	50
414	33	60
414	34	90
414	35	50
414	36	60
414	37	70
414	38	60
414	39	120
414	40	100
415	1	90
415	2	0
415	3	50
415	4	50
415	5	40
415	6	30
415	7	80
415	8	50
415	9	90
415	10	90
415	11	90
415	12	70
415	13	140
415	14	110
415	15	70
415	16	30
415	17	100
415	18	110
415	19	80
415	20	70
415	21	30
415	22	80
415	23	100
415	24	80
415	25	80
415	26	50
415	27	100
415	28	40
415	29	70
415	30	100
415	31	40
415	32	50
415	33	90
415	34	60
415	35	70
415	36	0
415	37	40
415	38	60
415	39	70
415	40	80
416	1	50
416	2	20
416	3	20
416	4	50
416	5	0
416	6	0
416	7	70
416	8	70
416	9	50
416	10	50
416	11	50
416	12	50
416	13	90
416	14	90
416	15	50
416	16	40
416	17	50
416	18	90
416	19	50
416	20	50
416	21	0
416	22	50
416	23	50
416	24	90
416	25	50
416	26	70
416	27	90
416	28	40
416	29	50
416	30	50
416	31	20
416	32	50
416	33	70
416	34	20
416	35	90
416	36	0
416	37	20
416	38	50
416	39	70
416	40	70
417	1	70
417	2	90
417	3	60
417	4	10
417	5	80
417	6	80
417	7	100
417	8	50
417	9	80
417	10	50
417	11	30
417	12	20
417	13	100
417	14	90
417	15	80
417	16	120
417	17	80
417	18	50
417	19	80
417	20	100
417	21	80
417	22	30
417	23	80
417	24	120
417	25	80
417	26	30
417	27	30
417	28	100
417	29	30
417	30	80
417	31	100
417	32	50
417	33	80
417	34	140
417	35	70
417	36	60
417	37	90
417	38	60
417	39	80
417	40	100
418	1	70
418	2	20
418	3	40
418	4	50
418	5	20
418	6	0
418	7	70
418	8	70
418	9	70
418	10	50
418	11	70
418	12	50
418	13	110
418	14	90
418	15	70
418	16	40
418	17	70
418	18	90
418	19	50
418	20	50
418	21	0
418	22	50
418	23	70
418	24	90
418	25	50
418	26	70
418	27	90
418	28	60
418	29	50
418	30	70
418	31	20
418	32	50
418	33	70
418	34	20
418	35	90
418	36	0
418	37	20
418	38	50
418	39	90
418	40	70
419	1	70
419	2	110
419	3	60
419	4	10
419	5	100
419	6	100
419	7	100
419	8	50
419	9	100
419	10	50
419	11	30
419	12	20
419	13	100
419	14	110
419	15	100
419	16	120
419	17	80
419	18	50
419	19	80
419	20	100
419	21	80
419	22	30
419	23	100
419	24	140
419	25	80
419	26	30
419	27	30
419	28	120
419	29	50
419	30	80
419	31	120
419	32	50
419	33	80
419	34	140
419	35	70
419	36	60
419	37	90
419	38	60
419	39	100
419	40	120
420	1	70
420	2	70
420	3	90
420	4	0
420	5	90
420	6	70
420	7	50
420	8	0
420	9	90
420	10	0
420	11	20
420	12	0
420	13	90
420	14	90
420	15	90
420	16	50
420	17	70
420	18	20
420	19	50
420	20	50
420	21	50
420	22	0
420	23	90
420	24	70
420	25	50
420	26	0
420	27	20
420	28	90
420	29	20
420	30	70
420	31	70
420	32	50
420	33	70
420	34	50
420	35	0
420	36	50
420	37	50
420	38	50
420	39	90
420	40	70
421	1	90
421	2	70
421	3	100
421	4	0
421	5	110
421	6	100
421	7	80
421	8	0
421	9	110
421	10	40
421	11	40
421	12	20
421	13	120
421	14	110
421	15	90
421	16	60
421	17	100
421	18	40
421	19	80
421	20	70
421	21	80
421	22	30
421	23	120
421	24	80
421	25	80
421	26	0
421	27	30
421	28	90
421	29	40
421	30	100
421	31	90
421	32	50
421	33	90
421	34	90
421	35	0
421	36	50
421	37	70
421	38	60
421	39	90
421	40	80
422	1	90
422	2	0
422	3	50
422	4	60
422	5	30
422	6	10
422	7	60
422	8	60
422	9	80
422	10	60
422	11	80
422	12	50
422	13	100
422	14	70
422	15	80
422	16	10
422	17	80
422	18	80
422	19	80
422	20	60
422	21	10
422	22	60
422	23	100
422	24	60
422	25	60
422	26	60
422	27	80
422	28	30
422	29	60
422	30	80
422	31	10
422	32	70
422	33	80
422	34	10
422	35	60
422	36	10
422	37	0
422	38	60
422	39	80
422	40	80
423	1	90
423	2	90
423	3	100
423	4	10
423	5	110
423	6	100
423	7	100
423	8	20
423	9	100
423	10	30
423	11	20
423	12	0
423	13	140
423	14	130
423	15	100
423	16	100
423	17	100
423	18	70
423	19	80
423	20	70
423	21	60
423	22	10
423	23	120
423	24	120
423	25	80
423	26	20
423	27	50
423	28	130
423	29	30
423	30	80
423	31	90
423	32	50
423	33	100
423	34	90
423	35	50
423	36	60
423	37	70
423	38	60
423	39	120
423	40	100
424	1	90
424	2	20
424	3	20
424	4	50
424	5	20
424	6	20
424	7	90
424	8	70
424	9	50
424	10	90
424	11	50
424	12	50
424	13	90
424	14	90
424	15	50
424	16	20
424	17	70
424	18	90
424	19	90
424	20	70
424	21	20
424	22	70
424	23	90
424	24	70
424	25	70
424	26	70
424	27	70
424	28	20
424	29	70
424	30	50
424	31	20
424	32	70
424	33	90
424	34	20
424	35	70
424	36	0
424	37	20
424	38	50
424	39	70
424	40	70
425	1	70
425	2	20
425	3	30
425	4	60
425	5	50
425	6	50
425	7	80
425	8	60
425	9	80
425	10	80
425	11	60
425	12	50
425	13	120
425	14	130
425	15	80
425	16	30
425	17	80
425	18	120
425	19	80
425	20	80
425	21	10
425	22	60
425	23	100
425	24	100
425	25	80
425	26	60
425	27	100
425	28	50
425	29	80
425	30	60
425	31	50
425	32	50
425	33	100
425	34	50
425	35	80
425	36	10
425	37	20
425	38	60
425	39	80
425	40	100
426	1	50
426	2	70
426	3	80
426	4	10
426	5	80
426	6	80
426	7	60
426	8	10
426	9	80
426	10	10
426	11	10
426	12	0
426	13	80
426	14	90
426	15	80
426	16	60
426	17	60
426	18	30
426	19	60
426	20	60
426	21	60
426	22	10
426	23	80
426	24	80
426	25	60
426	26	10
426	27	30
426	28	80
426	29	30
426	30	60
426	31	80
426	32	50
426	33	80
426	34	60
426	35	10
426	36	60
426	37	50
426	38	60
426	39	80
426	40	80
427	1	90
427	2	90
427	3	100
427	4	0
427	5	90
427	6	80
427	7	60
427	8	20
427	9	90
427	10	0
427	11	20
427	12	0
427	13	120
427	14	110
427	15	110
427	16	100
427	17	80
427	18	40
427	19	80
427	20	70
427	21	60
427	22	10
427	23	120
427	24	120
427	25	60
427	26	0
427	27	50
427	28	110
427	29	20
427	30	80
427	31	90
427	32	70
427	33	70
427	34	90
427	35	40
427	36	50
427	37	70
427	38	60
427	39	90
427	40	140
428	1	90
428	2	90
428	3	90
428	4	0
428	5	110
428	6	90
428	7	90
428	8	20
428	9	90
428	10	20
428	11	20
428	12	0
428	13	130
428	14	130
428	15	90
428	16	90
428	17	90
428	18	60
428	19	70
428	20	70
428	21	50
428	22	0
428	23	110
428	24	110
428	25	70
428	26	20
428	27	40
428	28	130
428	29	20
428	30	70
428	31	90
428	32	50
428	33	90
428	34	90
428	35	40
428	36	50
428	37	70
428	38	50
428	39	110
428	40	90
429	1	90
429	2	110
429	3	90
429	4	0
429	5	90
429	6	70
429	7	70
429	8	40
429	9	90
429	10	20
429	11	20
429	12	0
429	13	110
429	14	110
429	15	110
429	16	110
429	17	70
429	18	40
429	19	70
429	20	70
429	21	70
429	22	20
429	23	110
429	24	130
429	25	50
429	26	20
429	27	40
429	28	130
429	29	40
429	30	70
429	31	110
429	32	70
429	33	70
429	34	90
429	35	60
429	36	50
429	37	90
429	38	50
429	39	110
429	40	130
430	1	70
430	2	0
430	3	20
430	4	50
430	5	20
430	6	20
430	7	70
430	8	50
430	9	70
430	10	90
430	11	70
430	12	70
430	13	90
430	14	90
430	15	50
430	16	0
430	17	70
430	18	90
430	19	70
430	20	70
430	21	20
430	22	70
430	23	70
430	24	50
430	25	70
430	26	50
430	27	70
430	28	0
430	29	70
430	30	70
430	31	20
430	32	50
430	33	90
430	34	40
430	35	50
430	36	0
430	37	20
430	38	50
430	39	50
430	40	50
431	1	70
431	2	40
431	3	30
431	4	60
431	5	20
431	6	30
431	7	100
431	8	90
431	9	60
431	10	80
431	11	50
431	12	50
431	13	120
431	14	110
431	15	80
431	16	70
431	17	80
431	18	120
431	19	80
431	20	90
431	21	10
431	22	60
431	23	80
431	24	120
431	25	80
431	26	70
431	27	100
431	28	40
431	29	60
431	30	60
431	31	20
431	32	50
431	33	100
431	34	60
431	35	120
431	36	10
431	37	20
431	38	60
431	39	80
431	40	100
432	1	90
432	2	70
432	3	80
432	4	0
432	5	70
432	6	80
432	7	100
432	8	20
432	9	50
432	10	40
432	11	0
432	12	0
432	13	120
432	14	110
432	15	50
432	16	100
432	17	80
432	18	60
432	19	100
432	20	70
432	21	80
432	22	30
432	23	100
432	24	100
432	25	80
432	26	20
432	27	50
432	28	90
432	29	20
432	30	60
432	31	90
432	32	70
432	33	90
432	34	90
432	35	40
432	36	50
432	37	90
432	38	60
432	39	70
432	40	100
433	1	50
433	2	90
433	3	80
433	4	10
433	5	70
433	6	80
433	7	80
433	8	20
433	9	80
433	10	10
433	11	0
433	12	0
433	13	100
433	14	110
433	15	80
433	16	100
433	17	60
433	18	50
433	19	60
433	20	50
433	21	60
433	22	10
433	23	80
433	24	120
433	25	60
433	26	20
433	27	50
433	28	110
433	29	30
433	30	60
433	31	90
433	32	50
433	33	80
433	34	70
433	35	50
433	36	60
433	37	70
433	38	60
433	39	100
433	40	100
434	1	90
434	2	20
434	3	30
434	4	50
434	5	40
434	6	30
434	7	60
434	8	50
434	9	110
434	10	50
434	11	90
434	12	70
434	13	80
434	14	70
434	15	90
434	16	10
434	17	80
434	18	50
434	19	80
434	20	50
434	21	10
434	22	60
434	23	120
434	24	80
434	25	60
434	26	50
434	27	60
434	28	40
434	29	70
434	30	100
434	31	20
434	32	70
434	33	50
434	34	20
434	35	50
434	36	0
434	37	0
434	38	60
434	39	90
434	40	100
435	1	50
435	2	110
435	3	50
435	4	0
435	5	70
435	6	70
435	7	70
435	8	40
435	9	90
435	10	20
435	11	20
435	12	20
435	13	50
435	14	70
435	15	90
435	16	90
435	17	50
435	18	0
435	19	50
435	20	70
435	21	70
435	22	20
435	23	70
435	24	110
435	25	50
435	26	20
435	27	0
435	28	90
435	29	40
435	30	70
435	31	90
435	32	50
435	33	50
435	34	90
435	35	40
435	36	50
435	37	70
435	38	50
435	39	90
435	40	90
436	1	90
436	2	110
436	3	100
436	4	10
436	5	100
436	6	80
436	7	80
436	8	50
436	9	100
436	10	30
436	11	30
436	12	0
436	13	120
436	14	110
436	15	120
436	16	120
436	17	80
436	18	50
436	19	80
436	20	80
436	21	80
436	22	30
436	23	120
436	24	140
436	25	60
436	26	30
436	27	50
436	28	140
436	29	50
436	30	80
436	31	120
436	32	70
436	33	80
436	34	100
436	35	70
436	36	60
436	37	90
436	38	60
436	39	120
436	40	140
437	1	70
437	2	0
437	3	40
437	4	50
437	5	20
437	6	0
437	7	50
437	8	50
437	9	90
437	10	70
437	11	90
437	12	70
437	13	90
437	14	70
437	15	70
437	16	0
437	17	70
437	18	70
437	19	50
437	20	50
437	21	20
437	22	70
437	23	70
437	24	50
437	25	50
437	26	50
437	27	70
437	28	20
437	29	70
437	30	90
437	31	20
437	32	50
437	33	70
437	34	20
437	35	50
437	36	0
437	37	20
437	38	50
437	39	70
437	40	50
438	1	70
438	2	40
438	3	20
438	4	70
438	5	40
438	6	40
438	7	70
438	8	70
438	9	70
438	10	50
438	11	50
438	12	50
438	13	70
438	14	90
438	15	90
438	16	20
438	17	70
438	18	70
438	19	70
438	20	70
438	21	0
438	22	50
438	23	90
438	24	90
438	25	70
438	26	70
438	27	70
438	28	40
438	29	70
438	30	50
438	31	20
438	32	70
438	33	70
438	34	0
438	35	70
438	36	20
438	37	0
438	38	70
438	39	90
438	40	90
439	1	90
439	2	70
439	3	70
439	4	0
439	5	70
439	6	50
439	7	50
439	8	20
439	9	90
439	10	0
439	11	40
439	12	20
439	13	90
439	14	70
439	15	90
439	16	90
439	17	70
439	18	20
439	19	70
439	20	70
439	21	50
439	22	0
439	23	90
439	24	90
439	25	50
439	26	0
439	27	20
439	28	90
439	29	0
439	30	90
439	31	70
439	32	70
439	33	50
439	34	110
439	35	40
439	36	50
439	37	70
439	38	50
439	39	70
439	40	110
440	1	70
440	2	70
440	3	100
440	4	10
440	5	90
440	6	80
440	7	60
440	8	0
440	9	100
440	10	10
440	11	20
440	12	0
440	13	100
440	14	90
440	15	100
440	16	60
440	17	80
440	18	30
440	19	60
440	20	50
440	21	60
440	22	10
440	23	100
440	24	80
440	25	60
440	26	0
440	27	30
440	28	90
440	29	30
440	30	80
440	31	70
440	32	50
440	33	80
440	34	50
440	35	10
440	36	60
440	37	50
440	38	60
440	39	100
440	40	80
441	1	90
441	2	90
441	3	100
441	4	10
441	5	70
441	6	60
441	7	80
441	8	40
441	9	80
441	10	30
441	11	20
441	12	0
441	13	120
441	14	90
441	15	100
441	16	120
441	17	80
441	18	50
441	19	80
441	20	70
441	21	80
441	22	30
441	23	100
441	24	120
441	25	60
441	26	20
441	27	50
441	28	110
441	29	30
441	30	80
441	31	90
441	32	70
441	33	80
441	34	90
441	35	70
441	36	60
441	37	90
441	38	60
441	39	100
441	40	120
442	1	70
442	2	90
442	3	70
442	4	0
442	5	70
442	6	50
442	7	70
442	8	40
442	9	90
442	10	20
442	11	40
442	12	20
442	13	90
442	14	70
442	15	90
442	16	110
442	17	70
442	18	20
442	19	50
442	20	70
442	21	70
442	22	20
442	23	70
442	24	110
442	25	50
442	26	20
442	27	20
442	28	110
442	29	20
442	30	90
442	31	90
442	32	50
442	33	50
442	34	110
442	35	60
442	36	50
442	37	90
442	38	50
442	39	90
442	40	90
443	1	90
443	2	20
443	3	10
443	4	60
443	5	30
443	6	30
443	7	80
443	8	80
443	9	80
443	10	80
443	11	80
443	12	70
443	13	80
443	14	70
443	15	80
443	16	30
443	17	80
443	18	80
443	19	100
443	20	100
443	21	10
443	22	60
443	23	100
443	24	80
443	25	80
443	26	60
443	27	60
443	28	10
443	29	60
443	30	80
443	31	10
443	32	70
443	33	80
443	34	70
443	35	80
443	36	10
443	37	0
443	38	60
443	39	60
443	40	100
444	1	70
444	2	70
444	3	60
444	4	0
444	5	50
444	6	60
444	7	60
444	8	20
444	9	70
444	10	0
444	11	20
444	12	20
444	13	60
444	14	50
444	15	70
444	16	80
444	17	60
444	18	0
444	19	80
444	20	70
444	21	60
444	22	10
444	23	80
444	24	80
444	25	60
444	26	0
444	27	10
444	28	50
444	29	0
444	30	80
444	31	50
444	32	70
444	33	50
444	34	90
444	35	20
444	36	50
444	37	50
444	38	60
444	39	50
444	40	100
445	1	70
445	2	90
445	3	70
445	4	0
445	5	70
445	6	70
445	7	90
445	8	40
445	9	50
445	10	20
445	11	0
445	12	0
445	13	110
445	14	110
445	15	70
445	16	110
445	17	70
445	18	60
445	19	70
445	20	90
445	21	50
445	22	0
445	23	70
445	24	110
445	25	70
445	26	20
445	27	40
445	28	90
445	29	0
445	30	50
445	31	70
445	32	50
445	33	90
445	34	110
445	35	60
445	36	50
445	37	70
445	38	50
445	39	70
445	40	90
446	1	50
446	2	110
446	3	80
446	4	0
446	5	70
446	6	80
446	7	80
446	8	40
446	9	70
446	10	0
446	11	0
446	12	0
446	13	100
446	14	110
446	15	90
446	16	120
446	17	60
446	18	40
446	19	60
446	20	70
446	21	60
446	22	10
446	23	80
446	24	140
446	25	60
446	26	20
446	27	50
446	28	110
446	29	20
446	30	60
446	31	90
446	32	50
446	33	70
446	34	90
446	35	60
446	36	50
446	37	70
446	38	60
446	39	90
446	40	120
447	1	70
447	2	70
447	3	80
447	4	10
447	5	50
447	6	60
447	7	60
447	8	20
447	9	60
447	10	10
447	11	0
447	12	0
447	13	80
447	14	70
447	15	80
447	16	80
447	17	60
447	18	30
447	19	80
447	20	70
447	21	60
447	22	10
447	23	80
447	24	80
447	25	60
447	26	0
447	27	30
447	28	50
447	29	10
447	30	60
447	31	50
447	32	70
447	33	80
447	34	70
447	35	30
447	36	60
447	37	50
447	38	60
447	39	60
447	40	100
448	1	70
448	2	90
448	3	80
448	4	10
448	5	90
448	6	100
448	7	100
448	8	20
448	9	80
448	10	30
448	11	0
448	12	0
448	13	120
448	14	130
448	15	80
448	16	100
448	17	80
448	18	70
448	19	80
448	20	70
448	21	60
448	22	10
448	23	100
448	24	120
448	25	80
448	26	20
448	27	50
448	28	110
448	29	30
448	30	60
448	31	90
448	32	50
448	33	100
448	34	90
448	35	50
448	36	60
448	37	70
448	38	60
448	39	100
448	40	100
449	1	70
449	2	60
449	3	50
449	4	50
449	5	40
449	6	30
449	7	80
449	8	90
449	9	90
449	10	50
449	11	70
449	12	50
449	13	100
449	14	90
449	15	110
449	16	50
449	17	80
449	18	70
449	19	60
449	20	70
449	21	10
449	22	60
449	23	100
449	24	120
449	25	60
449	26	70
449	27	80
449	28	60
449	29	70
449	30	80
449	31	20
449	32	50
449	33	70
449	34	20
449	35	90
449	36	0
449	37	0
449	38	60
449	39	110
449	40	100
450	1	70
450	2	110
450	3	100
450	4	10
450	5	90
450	6	80
450	7	80
450	8	40
450	9	100
450	10	10
450	11	20
450	12	0
450	13	100
450	14	90
450	15	120
450	16	100
450	17	80
450	18	30
450	19	60
450	20	70
450	21	60
450	22	10
450	23	100
450	24	120
450	25	60
450	26	20
450	27	30
450	28	110
450	29	30
450	30	80
450	31	70
450	32	50
450	33	80
450	34	70
450	35	50
450	36	60
450	37	50
450	38	60
450	39	120
450	40	100
451	1	50
451	2	20
451	3	20
451	4	50
451	5	0
451	6	0
451	7	70
451	8	70
451	9	50
451	10	50
451	11	50
451	12	50
451	13	70
451	14	70
451	15	50
451	16	20
451	17	50
451	18	70
451	19	50
451	20	50
451	21	0
451	22	50
451	23	50
451	24	70
451	25	50
451	26	70
451	27	70
451	28	20
451	29	50
451	30	50
451	31	0
451	32	50
451	33	70
451	34	0
451	35	70
451	36	0
451	37	0
451	38	50
451	39	70
451	40	50
452	1	110
452	2	70
452	3	100
452	4	10
452	5	90
452	6	80
452	7	80
452	8	20
452	9	80
452	10	30
452	11	20
452	12	0
452	13	140
452	14	110
452	15	100
452	16	100
452	17	100
452	18	70
452	19	100
452	20	90
452	21	60
452	22	10
452	23	120
452	24	100
452	25	80
452	26	0
452	27	50
452	28	90
452	29	10
452	30	80
452	31	70
452	32	70
452	33	100
452	34	110
452	35	50
452	36	60
452	37	70
452	38	60
452	39	80
452	40	120
453	1	70
453	2	20
453	3	20
453	4	50
453	5	0
453	6	0
453	7	70
453	8	70
453	9	50
453	10	70
453	11	50
453	12	50
453	13	90
453	14	90
453	15	50
453	16	40
453	17	50
453	18	90
453	19	70
453	20	50
453	21	20
453	22	70
453	23	70
453	24	90
453	25	50
453	26	70
453	27	90
453	28	40
453	29	70
453	30	50
453	31	40
453	32	70
453	33	70
453	34	20
453	35	90
453	36	0
453	37	40
453	38	50
453	39	70
453	40	90
454	1	110
454	2	40
454	3	40
454	4	50
454	5	60
454	6	40
454	7	90
454	8	70
454	9	90
454	10	90
454	11	70
454	12	50
454	13	130
454	14	130
454	15	90
454	16	40
454	17	90
454	18	110
454	19	90
454	20	70
454	21	20
454	22	70
454	23	130
454	24	110
454	25	70
454	26	70
454	27	90
454	28	80
454	29	90
454	30	70
454	31	60
454	32	70
454	33	90
454	34	40
454	35	90
454	36	0
454	37	40
454	38	50
454	39	110
454	40	110
455	1	90
455	2	90
455	3	100
455	4	10
455	5	90
455	6	80
455	7	60
455	8	20
455	9	100
455	10	10
455	11	20
455	12	0
455	13	120
455	14	110
455	15	120
455	16	100
455	17	80
455	18	50
455	19	80
455	20	70
455	21	60
455	22	10
455	23	120
455	24	120
455	25	60
455	26	0
455	27	50
455	28	110
455	29	30
455	30	80
455	31	90
455	32	70
455	33	80
455	34	90
455	35	50
455	36	60
455	37	70
455	38	60
455	39	100
455	40	140
456	1	110
456	2	90
456	3	100
456	4	20
456	5	110
456	6	100
456	7	100
456	8	40
456	9	70
456	10	20
456	11	20
456	12	0
456	13	120
456	14	90
456	15	110
456	16	100
456	17	120
456	18	40
456	19	100
456	20	110
456	21	60
456	22	10
456	23	120
456	24	100
456	25	100
456	26	20
456	27	30
456	28	90
456	29	0
456	30	80
456	31	50
456	32	70
456	33	90
456	34	90
456	35	40
456	36	70
456	37	50
456	38	80
456	39	90
456	40	100
457	1	110
457	2	90
457	3	90
457	4	20
457	5	110
457	6	90
457	7	90
457	8	40
457	9	70
457	10	20
457	11	20
457	12	0
457	13	110
457	14	90
457	15	110
457	16	90
457	17	110
457	18	40
457	19	90
457	20	110
457	21	50
457	22	0
457	23	110
457	24	90
457	25	90
457	26	20
457	27	20
457	28	90
457	29	0
457	30	70
457	31	50
457	32	70
457	33	90
457	34	90
457	35	40
457	36	70
457	37	50
457	38	70
457	39	90
457	40	90
458	1	50
458	2	110
458	3	60
458	4	10
458	5	70
458	6	80
458	7	80
458	8	40
458	9	100
458	10	30
458	11	20
458	12	20
458	13	60
458	14	70
458	15	100
458	16	100
458	17	60
458	18	10
458	19	60
458	20	70
458	21	80
458	22	30
458	23	80
458	24	120
458	25	60
458	26	20
458	27	10
458	28	90
458	29	50
458	30	80
458	31	90
458	32	50
458	33	60
458	34	90
458	35	50
458	36	60
458	37	70
458	38	60
458	39	100
458	40	100
459	1	50
459	2	70
459	3	60
459	4	0
459	5	50
459	6	60
459	7	80
459	8	20
459	9	70
459	10	20
459	11	20
459	12	20
459	13	60
459	14	50
459	15	50
459	16	80
459	17	60
459	18	0
459	19	60
459	20	50
459	21	80
459	22	30
459	23	60
459	24	80
459	25	60
459	26	20
459	27	10
459	28	70
459	29	20
459	30	80
459	31	70
459	32	50
459	33	50
459	34	70
459	35	20
459	36	50
459	37	70
459	38	60
459	39	70
459	40	60
460	1	90
460	2	40
460	3	30
460	4	60
460	5	60
460	6	50
460	7	100
460	8	70
460	9	120
460	10	100
460	11	90
460	12	70
460	13	120
460	14	110
460	15	100
460	16	50
460	17	100
460	18	100
460	19	80
460	20	70
460	21	30
460	22	80
460	23	120
460	24	120
460	25	80
460	26	70
460	27	80
460	28	80
460	29	100
460	30	100
460	31	60
460	32	50
460	33	80
460	34	60
460	35	100
460	36	10
460	37	40
460	38	60
460	39	120
460	40	100
461	1	90
461	2	20
461	3	50
461	4	60
461	5	40
461	6	30
461	7	100
461	8	70
461	9	80
461	10	80
461	11	70
461	12	50
461	13	120
461	14	90
461	15	80
461	16	30
461	17	100
461	18	100
461	19	80
461	20	70
461	21	10
461	22	60
461	23	100
461	24	80
461	25	80
461	26	70
461	27	80
461	28	40
461	29	60
461	30	80
461	31	0
461	32	50
461	33	100
461	34	20
461	35	80
461	36	10
461	37	0
461	38	60
461	39	100
461	40	60
462	1	90
462	2	40
462	3	30
462	4	50
462	5	60
462	6	50
462	7	100
462	8	70
462	9	110
462	10	90
462	11	90
462	12	70
462	13	100
462	14	90
462	15	90
462	16	30
462	17	100
462	18	70
462	19	80
462	20	70
462	21	30
462	22	80
462	23	120
462	24	100
462	25	80
462	26	70
462	27	60
462	28	60
462	29	90
462	30	100
462	31	40
462	32	50
462	33	70
462	34	40
462	35	70
462	36	0
462	37	20
462	38	60
462	39	110
462	40	80
463	1	110
463	2	110
463	3	100
463	4	10
463	5	110
463	6	100
463	7	100
463	8	40
463	9	100
463	10	50
463	11	20
463	12	0
463	13	120
463	14	110
463	15	120
463	16	100
463	17	100
463	18	50
463	19	100
463	20	90
463	21	80
463	22	30
463	23	140
463	24	120
463	25	80
463	26	20
463	27	30
463	28	110
463	29	50
463	30	80
463	31	90
463	32	70
463	33	100
463	34	90
463	35	50
463	36	60
463	37	70
463	38	60
463	39	120
463	40	120
464	1	70
464	2	20
464	3	30
464	4	60
464	5	40
464	6	50
464	7	80
464	8	50
464	9	80
464	10	80
464	11	50
464	12	50
464	13	100
464	14	110
464	15	80
464	16	10
464	17	80
464	18	100
464	19	80
464	20	70
464	21	10
464	22	60
464	23	100
464	24	80
464	25	80
464	26	50
464	27	80
464	28	20
464	29	80
464	30	60
464	31	20
464	32	50
464	33	100
464	34	20
464	35	60
464	36	10
464	37	0
464	38	60
464	39	80
464	40	80
465	1	50
465	2	110
465	3	70
465	4	0
465	5	70
465	6	70
465	7	70
465	8	40
465	9	70
465	10	0
465	11	0
465	12	0
465	13	90
465	14	110
465	15	90
465	16	110
465	17	50
465	18	40
465	19	50
465	20	70
465	21	50
465	22	0
465	23	70
465	24	130
465	25	50
465	26	20
465	27	40
465	28	110
465	29	20
465	30	50
465	31	90
465	32	50
465	33	70
465	34	90
465	35	60
465	36	50
465	37	70
465	38	50
465	39	90
465	40	110
466	1	70
466	2	40
466	3	20
466	4	50
466	5	20
466	6	0
466	7	70
466	8	90
466	9	90
466	10	70
466	11	90
466	12	70
466	13	70
466	14	50
466	15	90
466	16	40
466	17	70
466	18	50
466	19	50
466	20	70
466	21	20
466	22	70
466	23	70
466	24	90
466	25	50
466	26	70
466	27	50
466	28	40
466	29	70
466	30	90
466	31	20
466	32	50
466	33	50
466	34	40
466	35	90
466	36	0
466	37	20
466	38	50
466	39	90
466	40	70
467	1	70
467	2	60
467	3	20
467	4	50
467	5	40
467	6	20
467	7	70
467	8	90
467	9	110
467	10	70
467	11	90
467	12	70
467	13	90
467	14	90
467	15	110
467	16	60
467	17	70
467	18	70
467	19	50
467	20	70
467	21	20
467	22	70
467	23	90
467	24	130
467	25	50
467	26	70
467	27	70
467	28	80
467	29	90
467	30	90
467	31	60
467	32	50
467	33	50
467	34	60
467	35	110
467	36	0
467	37	40
467	38	50
467	39	110
467	40	110
468	1	90
468	2	110
468	3	100
468	4	0
468	5	90
468	6	80
468	7	80
468	8	40
468	9	90
468	10	20
468	11	20
468	12	0
468	13	120
468	14	110
468	15	110
468	16	120
468	17	80
468	18	40
468	19	80
468	20	70
468	21	80
468	22	30
468	23	120
468	24	140
468	25	60
468	26	20
468	27	50
468	28	130
468	29	40
468	30	80
468	31	110
468	32	70
468	33	70
468	34	90
468	35	60
468	36	50
468	37	90
468	38	60
468	39	110
468	40	140
469	1	70
469	2	60
469	3	50
469	4	50
469	5	40
469	6	30
469	7	80
469	8	90
469	9	90
469	10	50
469	11	70
469	12	50
469	13	120
469	14	110
469	15	110
469	16	70
469	17	80
469	18	90
469	19	60
469	20	70
469	21	10
469	22	60
469	23	100
469	24	140
469	25	60
469	26	70
469	27	100
469	28	80
469	29	70
469	30	80
469	31	40
469	32	50
469	33	70
469	34	40
469	35	110
469	36	0
469	37	20
469	38	60
469	39	110
469	40	120
470	1	90
470	2	50
470	3	60
470	4	10
470	5	70
470	6	80
470	7	80
470	8	0
470	9	80
470	10	30
470	11	20
470	12	20
470	13	80
470	14	70
470	15	60
470	16	60
470	17	80
470	18	30
470	19	100
470	20	70
470	21	60
470	22	10
470	23	100
470	24	60
470	25	80
470	26	0
470	27	10
470	28	50
470	29	10
470	30	80
470	31	50
470	32	70
470	33	80
470	34	90
470	35	10
470	36	60
470	37	50
470	38	60
470	39	60
470	40	80
471	1	90
471	2	90
471	3	90
471	4	0
471	5	70
471	6	50
471	7	70
471	8	40
471	9	70
471	10	20
471	11	20
471	12	0
471	13	90
471	14	70
471	15	90
471	16	90
471	17	70
471	18	20
471	19	70
471	20	70
471	21	70
471	22	20
471	23	90
471	24	90
471	25	50
471	26	20
471	27	20
471	28	90
471	29	20
471	30	70
471	31	70
471	32	70
471	33	70
471	34	70
471	35	40
471	36	50
471	37	70
471	38	50
471	39	90
471	40	90
472	1	70
472	2	90
472	3	80
472	4	10
472	5	70
472	6	60
472	7	80
472	8	40
472	9	100
472	10	30
472	11	40
472	12	20
472	13	80
472	14	50
472	15	100
472	16	100
472	17	80
472	18	10
472	19	60
472	20	70
472	21	80
472	22	30
472	23	80
472	24	100
472	25	60
472	26	20
472	27	10
472	28	90
472	29	30
472	30	100
472	31	70
472	32	50
472	33	60
472	34	90
472	35	50
472	36	60
472	37	70
472	38	60
472	39	100
472	40	80
473	1	50
473	2	90
473	3	80
473	4	10
473	5	50
473	6	60
473	7	80
473	8	40
473	9	60
473	10	10
473	11	0
473	12	0
473	13	80
473	14	70
473	15	80
473	16	100
473	17	60
473	18	30
473	19	60
473	20	70
473	21	60
473	22	10
473	23	60
473	24	100
473	25	60
473	26	20
473	27	30
473	28	70
473	29	10
473	30	60
473	31	50
473	32	50
473	33	80
473	34	70
473	35	50
473	36	60
473	37	50
473	38	60
473	39	80
473	40	80
474	1	90
474	2	40
474	3	50
474	4	60
474	5	40
474	6	30
474	7	100
474	8	90
474	9	80
474	10	80
474	11	70
474	12	50
474	13	120
474	14	90
474	15	100
474	16	50
474	17	100
474	18	100
474	19	80
474	20	90
474	21	10
474	22	60
474	23	100
474	24	100
474	25	80
474	26	70
474	27	80
474	28	40
474	29	60
474	30	80
474	31	0
474	32	50
474	33	100
474	34	40
474	35	100
474	36	10
474	37	0
474	38	60
474	39	100
474	40	80
475	1	70
475	2	40
475	3	10
475	4	50
475	5	20
475	6	30
475	7	100
475	8	90
475	9	70
475	10	90
475	11	70
475	12	70
475	13	100
475	14	90
475	15	70
475	16	70
475	17	80
475	18	90
475	19	80
475	20	90
475	21	30
475	22	80
475	23	80
475	24	120
475	25	80
475	26	70
475	27	80
475	28	40
475	29	70
475	30	80
475	31	40
475	32	50
475	33	70
475	34	80
475	35	110
475	36	0
475	37	40
475	38	60
475	39	70
475	40	100
476	1	70
476	2	0
476	3	10
476	4	50
476	5	0
476	6	10
476	7	60
476	8	50
476	9	70
476	10	50
476	11	70
476	12	70
476	13	60
476	14	50
476	15	50
476	16	10
476	17	60
476	18	50
476	19	80
476	20	50
476	21	10
476	22	60
476	23	80
476	24	60
476	25	60
476	26	50
476	27	60
476	28	0
476	29	50
476	30	80
476	31	0
476	32	70
476	33	50
476	34	20
476	35	50
476	36	0
476	37	0
476	38	60
476	39	50
476	40	80
477	1	70
477	2	70
477	3	70
477	4	0
477	5	90
477	6	90
477	7	70
477	8	0
477	9	90
477	10	40
477	11	20
477	12	20
477	13	90
477	14	110
477	15	70
477	16	50
477	17	70
477	18	40
477	19	70
477	20	70
477	21	70
477	22	20
477	23	90
477	24	70
477	25	70
477	26	0
477	27	20
477	28	70
477	29	40
477	30	70
477	31	90
477	32	50
477	33	90
477	34	90
477	35	0
477	36	50
477	37	70
477	38	50
477	39	70
477	40	70
478	1	90
478	2	70
478	3	90
478	4	0
478	5	90
478	6	70
478	7	50
478	8	0
478	9	90
478	10	0
478	11	20
478	12	0
478	13	90
478	14	90
478	15	90
478	16	50
478	17	70
478	18	20
478	19	70
478	20	50
478	21	50
478	22	0
478	23	110
478	24	70
478	25	50
478	26	0
478	27	20
478	28	90
478	29	20
478	30	70
478	31	70
478	32	70
478	33	70
478	34	50
478	35	0
478	36	50
478	37	50
478	38	50
478	39	90
478	40	90
479	1	70
479	2	20
479	3	30
479	4	60
479	5	10
479	6	10
479	7	60
479	8	80
479	9	60
479	10	60
479	11	60
479	12	50
479	13	100
479	14	90
479	15	80
479	16	50
479	17	60
479	18	100
479	19	80
479	20	80
479	21	10
479	22	60
479	23	80
479	24	100
479	25	60
479	26	60
479	27	100
479	28	30
479	29	60
479	30	60
479	31	30
479	32	70
479	33	80
479	34	50
479	35	100
479	36	10
479	37	20
479	38	60
479	39	60
479	40	120
480	1	70
480	2	70
480	3	70
480	4	0
480	5	50
480	6	50
480	7	50
480	8	20
480	9	50
480	10	0
480	11	0
480	12	0
480	13	70
480	14	70
480	15	70
480	16	70
480	17	50
480	18	20
480	19	70
480	20	70
480	21	50
480	22	0
480	23	70
480	24	70
480	25	50
480	26	0
480	27	20
480	28	50
480	29	0
480	30	50
480	31	50
480	32	70
480	33	70
480	34	70
480	35	20
480	36	50
480	37	50
480	38	50
480	39	50
480	40	90
481	1	70
481	2	90
481	3	70
481	4	20
481	5	90
481	6	90
481	7	70
481	8	20
481	9	70
481	10	0
481	11	0
481	12	0
481	13	90
481	14	110
481	15	90
481	16	90
481	17	70
481	18	40
481	19	70
481	20	70
481	21	50
481	22	0
481	23	90
481	24	110
481	25	70
481	26	20
481	27	40
481	28	110
481	29	20
481	30	50
481	31	90
481	32	70
481	33	70
481	34	70
481	35	40
481	36	70
481	37	70
481	38	70
481	39	90
481	40	110
482	1	90
482	2	40
482	3	30
482	4	70
482	5	60
482	6	70
482	7	100
482	8	70
482	9	70
482	10	70
482	11	50
482	12	50
482	13	120
482	14	130
482	15	90
482	16	50
482	17	100
482	18	110
482	19	100
482	20	90
482	21	10
482	22	60
482	23	120
482	24	120
482	25	100
482	26	70
482	27	100
482	28	60
482	29	70
482	30	60
482	31	40
482	32	70
482	33	90
482	34	40
482	35	90
482	36	20
482	37	20
482	38	80
482	39	90
482	40	120
483	1	90
483	2	70
483	3	90
483	4	0
483	5	110
483	6	90
483	7	70
483	8	0
483	9	110
483	10	40
483	11	40
483	12	20
483	13	130
483	14	130
483	15	90
483	16	70
483	17	90
483	18	60
483	19	70
483	20	70
483	21	70
483	22	20
483	23	110
483	24	90
483	25	70
483	26	0
483	27	40
483	28	110
483	29	40
483	30	90
483	31	110
483	32	50
483	33	90
483	34	110
483	35	20
483	36	50
483	37	90
483	38	50
483	39	90
483	40	90
484	1	90
484	2	90
484	3	70
484	4	0
484	5	90
484	6	70
484	7	90
484	8	40
484	9	90
484	10	40
484	11	40
484	12	20
484	13	90
484	14	70
484	15	90
484	16	90
484	17	90
484	18	20
484	19	70
484	20	90
484	21	70
484	22	20
484	23	90
484	24	90
484	25	70
484	26	20
484	27	0
484	28	90
484	29	20
484	30	90
484	31	70
484	32	50
484	33	70
484	34	110
484	35	40
484	36	50
484	37	70
484	38	50
484	39	90
484	40	70
485	1	90
485	2	40
485	3	50
485	4	60
485	5	70
485	6	50
485	7	100
485	8	80
485	9	100
485	10	80
485	11	80
485	12	50
485	13	140
485	14	130
485	15	100
485	16	50
485	17	100
485	18	120
485	19	80
485	20	80
485	21	10
485	22	60
485	23	120
485	24	120
485	25	80
485	26	80
485	27	100
485	28	90
485	29	80
485	30	80
485	31	50
485	32	50
485	33	100
485	34	50
485	35	100
485	36	10
485	37	20
485	38	60
485	39	120
485	40	100
486	1	90
486	2	90
486	3	100
486	4	30
486	5	120
486	6	100
486	7	80
486	8	30
486	9	100
486	10	10
486	11	30
486	12	0
486	13	100
486	14	90
486	15	120
486	16	80
486	17	100
486	18	30
486	19	80
486	20	80
486	21	60
486	22	10
486	23	120
486	24	100
486	25	80
486	26	30
486	27	30
486	28	120
486	29	30
486	30	80
486	31	80
486	32	70
486	33	80
486	34	60
486	35	30
486	36	80
486	37	50
486	38	80
486	39	120
486	40	100
487	1	70
487	2	40
487	3	20
487	4	70
487	5	20
487	6	20
487	7	70
487	8	90
487	9	50
487	10	50
487	11	50
487	12	50
487	13	70
487	14	70
487	15	90
487	16	40
487	17	70
487	18	70
487	19	70
487	20	90
487	21	0
487	22	50
487	23	70
487	24	90
487	25	70
487	26	70
487	27	70
487	28	20
487	29	50
487	30	50
487	31	0
487	32	70
487	33	70
487	34	20
487	35	90
487	36	20
487	37	0
487	38	70
487	39	70
487	40	90
488	1	90
488	2	60
488	3	30
488	4	50
488	5	40
488	6	50
488	7	100
488	8	90
488	9	70
488	10	90
488	11	50
488	12	50
488	13	100
488	14	110
488	15	90
488	16	50
488	17	80
488	18	90
488	19	100
488	20	90
488	21	30
488	22	80
488	23	120
488	24	120
488	25	80
488	26	70
488	27	80
488	28	40
488	29	90
488	30	60
488	31	40
488	32	70
488	33	90
488	34	40
488	35	90
488	36	0
488	37	20
488	38	60
488	39	90
488	40	120
489	1	70
489	2	70
489	3	90
489	4	0
489	5	70
489	6	50
489	7	70
489	8	20
489	9	70
489	10	0
489	11	20
489	12	0
489	13	110
489	14	90
489	15	70
489	16	90
489	17	70
489	18	40
489	19	50
489	20	50
489	21	50
489	22	0
489	23	70
489	24	90
489	25	50
489	26	20
489	27	40
489	28	110
489	29	0
489	30	70
489	31	70
489	32	50
489	33	70
489	34	70
489	35	40
489	36	50
489	37	70
489	38	50
489	39	90
489	40	70
490	1	110
490	2	20
490	3	30
490	4	50
490	5	40
490	6	30
490	7	80
490	8	70
490	9	90
490	10	70
490	11	90
490	12	70
490	13	120
490	14	90
490	15	90
490	16	50
490	17	100
490	18	90
490	19	100
490	20	90
490	21	10
490	22	60
490	23	120
490	24	100
490	25	80
490	26	50
490	27	80
490	28	40
490	29	50
490	30	100
490	31	20
490	32	70
490	33	70
490	34	80
490	35	90
490	36	0
490	37	20
490	38	60
490	39	70
490	40	120
491	1	90
491	2	20
491	3	50
491	4	80
491	5	40
491	6	30
491	7	80
491	8	70
491	9	80
491	10	60
491	11	70
491	12	50
491	13	100
491	14	70
491	15	100
491	16	30
491	17	100
491	18	80
491	19	80
491	20	70
491	21	10
491	22	60
491	23	100
491	24	80
491	25	80
491	26	70
491	27	80
491	28	40
491	29	60
491	30	80
491	31	0
491	32	70
491	33	80
491	34	0
491	35	80
491	36	30
491	37	0
491	38	80
491	39	100
491	40	80
492	1	110
492	2	70
492	3	100
492	4	10
492	5	90
492	6	80
492	7	80
492	8	20
492	9	80
492	10	30
492	11	20
492	12	0
492	13	140
492	14	110
492	15	100
492	16	100
492	17	100
492	18	70
492	19	100
492	20	90
492	21	60
492	22	10
492	23	120
492	24	100
492	25	80
492	26	0
492	27	50
492	28	90
492	29	10
492	30	80
492	31	70
492	32	70
492	33	100
492	34	110
492	35	50
492	36	60
492	37	70
492	38	60
492	39	80
492	40	120
493	1	70
493	2	20
493	3	50
493	4	60
493	5	20
493	6	10
493	7	80
493	8	70
493	9	80
493	10	60
493	11	70
493	12	50
493	13	120
493	14	90
493	15	80
493	16	50
493	17	80
493	18	100
493	19	60
493	20	50
493	21	10
493	22	60
493	23	80
493	24	100
493	25	60
493	26	70
493	27	100
493	28	60
493	29	60
493	30	80
493	31	20
493	32	50
493	33	80
493	34	20
493	35	100
493	36	10
493	37	20
493	38	60
493	39	100
493	40	80
494	1	70
494	2	90
494	3	60
494	4	10
494	5	90
494	6	100
494	7	100
494	8	20
494	9	100
494	10	50
494	11	20
494	12	20
494	13	80
494	14	90
494	15	80
494	16	80
494	17	80
494	18	30
494	19	80
494	20	70
494	21	80
494	22	30
494	23	100
494	24	100
494	25	80
494	26	20
494	27	10
494	28	90
494	29	50
494	30	80
494	31	90
494	32	50
494	33	80
494	34	90
494	35	30
494	36	60
494	37	70
494	38	60
494	39	100
494	40	80
495	1	90
495	2	110
495	3	100
495	4	10
495	5	120
495	6	100
495	7	100
495	8	50
495	9	100
495	10	30
495	11	30
495	12	0
495	13	120
495	14	110
495	15	120
495	16	100
495	17	100
495	18	50
495	19	80
495	20	100
495	21	60
495	22	10
495	23	120
495	24	120
495	25	80
495	26	30
495	27	30
495	28	120
495	29	30
495	30	80
495	31	80
495	32	50
495	33	100
495	34	100
495	35	50
495	36	60
495	37	50
495	38	60
495	39	120
495	40	100
496	1	90
496	2	70
496	3	90
496	4	20
496	5	90
496	6	70
496	7	70
496	8	20
496	9	70
496	10	0
496	11	20
496	12	0
496	13	110
496	14	90
496	15	90
496	16	90
496	17	90
496	18	40
496	19	70
496	20	70
496	21	50
496	22	0
496	23	90
496	24	90
496	25	70
496	26	20
496	27	40
496	28	110
496	29	0
496	30	70
496	31	70
496	32	70
496	33	70
496	34	70
496	35	40
496	36	70
496	37	70
496	38	70
496	39	90
496	40	90
497	1	70
497	2	110
497	3	80
497	4	10
497	5	100
497	6	100
497	7	100
497	8	50
497	9	80
497	10	30
497	11	10
497	12	0
497	13	120
497	14	130
497	15	100
497	16	120
497	17	80
497	18	70
497	19	80
497	20	100
497	21	60
497	22	10
497	23	100
497	24	140
497	25	80
497	26	30
497	27	50
497	28	120
497	29	30
497	30	60
497	31	100
497	32	50
497	33	100
497	34	120
497	35	70
497	36	60
497	37	70
497	38	60
497	39	100
497	40	120
498	1	90
498	2	90
498	3	80
498	4	10
498	5	90
498	6	80
498	7	100
498	8	40
498	9	100
498	10	50
498	11	40
498	12	20
498	13	120
498	14	90
498	15	100
498	16	120
498	17	100
498	18	50
498	19	80
498	20	90
498	21	80
498	22	30
498	23	100
498	24	120
498	25	80
498	26	20
498	27	30
498	28	110
498	29	30
498	30	100
498	31	90
498	32	50
498	33	80
498	34	130
498	35	70
498	36	60
498	37	90
498	38	60
498	39	100
498	40	100
499	1	50
499	2	60
499	3	10
499	4	50
499	5	20
499	6	30
499	7	80
499	8	90
499	9	90
499	10	70
499	11	70
499	12	70
499	13	80
499	14	90
499	15	90
499	16	70
499	17	60
499	18	70
499	19	60
499	20	70
499	21	30
499	22	80
499	23	80
499	24	140
499	25	60
499	26	70
499	27	80
499	28	60
499	29	90
499	30	80
499	31	60
499	32	50
499	33	50
499	34	60
499	35	110
499	36	0
499	37	40
499	38	60
499	39	90
499	40	120
500	1	70
500	2	110
500	3	80
500	4	10
500	5	90
500	6	100
500	7	100
500	8	40
500	9	80
500	10	30
500	11	0
500	12	0
500	13	120
500	14	130
500	15	100
500	16	120
500	17	80
500	18	70
500	19	80
500	20	90
500	21	60
500	22	10
500	23	100
500	24	140
500	25	80
500	26	20
500	27	50
500	28	110
500	29	30
500	30	60
500	31	90
500	32	50
500	33	100
500	34	110
500	35	70
500	36	60
500	37	70
500	38	60
500	39	100
500	40	120
501	1	70
501	2	70
501	3	80
501	4	30
501	5	80
501	6	80
501	7	80
501	8	30
501	9	60
501	10	10
501	11	10
501	12	0
501	13	100
501	14	90
501	15	80
501	16	100
501	17	80
501	18	50
501	19	80
501	20	80
501	21	60
501	22	10
501	23	80
501	24	100
501	25	80
501	26	30
501	27	50
501	28	100
501	29	10
501	30	60
501	31	80
501	32	70
501	33	80
501	34	80
501	35	50
501	36	80
501	37	70
501	38	80
501	39	80
501	40	100
502	1	90
502	2	50
502	3	100
502	4	0
502	5	70
502	6	60
502	7	60
502	8	0
502	9	70
502	10	0
502	11	20
502	12	0
502	13	100
502	14	70
502	15	70
502	16	60
502	17	80
502	18	20
502	19	80
502	20	50
502	21	60
502	22	10
502	23	100
502	24	60
502	25	60
502	26	0
502	27	30
502	28	70
502	29	0
502	30	80
502	31	50
502	32	70
502	33	70
502	34	50
502	35	0
502	36	50
502	37	50
502	38	60
502	39	70
502	40	80
503	1	110
503	2	90
503	3	100
503	4	20
503	5	130
503	6	120
503	7	100
503	8	20
503	9	90
503	10	20
503	11	20
503	12	0
503	13	120
503	14	110
503	15	110
503	16	80
503	17	120
503	18	40
503	19	100
503	20	90
503	21	60
503	22	10
503	23	140
503	24	100
503	25	100
503	26	20
503	27	30
503	28	110
503	29	20
503	30	80
503	31	70
503	32	70
503	33	90
503	34	70
503	35	20
503	36	70
503	37	50
503	38	80
503	39	110
503	40	100
504	1	70
504	2	110
504	3	80
504	4	10
504	5	90
504	6	100
504	7	100
504	8	40
504	9	80
504	10	30
504	11	0
504	12	0
504	13	100
504	14	110
504	15	100
504	16	100
504	17	80
504	18	50
504	19	80
504	20	90
504	21	60
504	22	10
504	23	100
504	24	120
504	25	80
504	26	20
504	27	30
504	28	90
504	29	30
504	30	60
504	31	70
504	32	50
504	33	100
504	34	90
504	35	50
504	36	60
504	37	50
504	38	60
504	39	100
504	40	100
505	1	70
505	2	20
505	3	10
505	4	60
505	5	20
505	6	30
505	7	100
505	8	70
505	9	80
505	10	100
505	11	70
505	12	70
505	13	80
505	14	70
505	15	60
505	16	30
505	17	80
505	18	80
505	19	80
505	20	70
505	21	30
505	22	80
505	23	80
505	24	80
505	25	80
505	26	70
505	27	60
505	28	20
505	29	80
505	30	80
505	31	20
505	32	50
505	33	80
505	34	40
505	35	80
505	36	10
505	37	20
505	38	60
505	39	80
505	40	60
506	1	90
506	2	90
506	3	100
506	4	10
506	5	80
506	6	60
506	7	80
506	8	50
506	9	80
506	10	30
506	11	30
506	12	0
506	13	120
506	14	90
506	15	100
506	16	120
506	17	80
506	18	50
506	19	80
506	20	80
506	21	80
506	22	30
506	23	100
506	24	120
506	25	60
506	26	30
506	27	50
506	28	120
506	29	30
506	30	80
506	31	100
506	32	70
506	33	80
506	34	100
506	35	70
506	36	60
506	37	90
506	38	60
506	39	100
506	40	120
507	1	90
507	2	90
507	3	100
507	4	10
507	5	110
507	6	100
507	7	80
507	8	20
507	9	100
507	10	30
507	11	20
507	12	0
507	13	140
507	14	130
507	15	120
507	16	100
507	17	100
507	18	70
507	19	80
507	20	90
507	21	60
507	22	10
507	23	120
507	24	120
507	25	80
507	26	0
507	27	50
507	28	110
507	29	30
507	30	80
507	31	90
507	32	50
507	33	100
507	34	110
507	35	50
507	36	60
507	37	70
507	38	60
507	39	100
507	40	120
508	1	90
508	2	70
508	3	80
508	4	0
508	5	90
508	6	100
508	7	80
508	8	0
508	9	70
508	10	20
508	11	0
508	12	0
508	13	100
508	14	110
508	15	70
508	16	60
508	17	80
508	18	40
508	19	100
508	20	70
508	21	60
508	22	10
508	23	120
508	24	80
508	25	80
508	26	0
508	27	30
508	28	70
508	29	20
508	30	60
508	31	70
508	32	70
508	33	90
508	34	70
508	35	0
508	36	50
508	37	50
508	38	60
508	39	70
508	40	100
509	1	50
509	2	20
509	3	10
509	4	60
509	5	0
509	6	10
509	7	80
509	8	70
509	9	80
509	10	80
509	11	70
509	12	70
509	13	60
509	14	50
509	15	60
509	16	30
509	17	60
509	18	60
509	19	60
509	20	50
509	21	30
509	22	80
509	23	60
509	24	80
509	25	60
509	26	70
509	27	60
509	28	20
509	29	80
509	30	80
509	31	20
509	32	50
509	33	60
509	34	20
509	35	80
509	36	10
509	37	20
509	38	60
509	39	80
509	40	60
510	1	90
510	2	60
510	3	50
510	4	80
510	5	70
510	6	50
510	7	80
510	8	100
510	9	100
510	10	60
510	11	80
510	12	50
510	13	120
510	14	110
510	15	140
510	16	70
510	17	100
510	18	100
510	19	80
510	20	100
510	21	10
510	22	60
510	23	120
510	24	140
510	25	80
510	26	80
510	27	100
510	28	90
510	29	80
510	30	80
510	31	50
510	32	70
510	33	80
510	34	50
510	35	120
510	36	30
510	37	20
510	38	80
510	39	120
510	40	140
511	1	90
511	2	90
511	3	80
511	4	10
511	5	90
511	6	80
511	7	60
511	8	20
511	9	120
511	10	10
511	11	40
511	12	20
511	13	100
511	14	90
511	15	120
511	16	100
511	17	80
511	18	30
511	19	80
511	20	70
511	21	60
511	22	10
511	23	120
511	24	120
511	25	60
511	26	0
511	27	30
511	28	110
511	29	30
511	30	100
511	31	90
511	32	70
511	33	60
511	34	110
511	35	50
511	36	60
511	37	70
511	38	60
511	39	100
511	40	140
512	1	50
512	2	110
512	3	60
512	4	0
512	5	70
512	6	80
512	7	80
512	8	40
512	9	90
512	10	20
512	11	20
512	12	20
512	13	60
512	14	70
512	15	90
512	16	100
512	17	60
512	18	0
512	19	60
512	20	70
512	21	80
512	22	30
512	23	80
512	24	120
512	25	60
512	26	20
512	27	10
512	28	90
512	29	40
512	30	80
512	31	90
512	32	50
512	33	50
512	34	90
512	35	40
512	36	50
512	37	70
512	38	60
512	39	90
512	40	100
513	1	90
513	2	90
513	3	70
513	4	0
513	5	90
513	6	90
513	7	90
513	8	20
513	9	70
513	10	40
513	11	0
513	12	0
513	13	90
513	14	110
513	15	70
513	16	70
513	17	70
513	18	40
513	19	90
513	20	70
513	21	70
513	22	20
513	23	110
513	24	90
513	25	70
513	26	20
513	27	20
513	28	90
513	29	40
513	30	50
513	31	90
513	32	70
513	33	90
513	34	70
513	35	20
513	36	50
513	37	70
513	38	50
513	39	90
513	40	90
514	1	110
514	2	40
514	3	50
514	4	80
514	5	60
514	6	50
514	7	100
514	8	90
514	9	80
514	10	80
514	11	70
514	12	50
514	13	140
514	14	110
514	15	120
514	16	70
514	17	120
514	18	120
514	19	100
514	20	110
514	21	10
514	22	60
514	23	120
514	24	120
514	25	100
514	26	70
514	27	100
514	28	60
514	29	60
514	30	80
514	31	20
514	32	70
514	33	100
514	34	60
514	35	120
514	36	30
514	37	20
514	38	80
514	39	100
514	40	120
515	1	50
515	2	40
515	3	30
515	4	50
515	5	20
515	6	30
515	7	60
515	8	70
515	9	70
515	10	50
515	11	50
515	12	50
515	13	80
515	14	90
515	15	90
515	16	30
515	17	60
515	18	70
515	19	60
515	20	70
515	21	10
515	22	60
515	23	80
515	24	100
515	25	60
515	26	50
515	27	80
515	28	20
515	29	70
515	30	60
515	31	20
515	32	50
515	33	70
515	34	20
515	35	70
515	36	0
515	37	0
515	38	60
515	39	70
515	40	100
516	1	90
516	2	50
516	3	70
516	4	0
516	5	70
516	6	50
516	7	50
516	8	0
516	9	90
516	10	0
516	11	40
516	12	20
516	13	90
516	14	70
516	15	70
516	16	70
516	17	70
516	18	20
516	19	70
516	20	50
516	21	50
516	22	0
516	23	90
516	24	70
516	25	50
516	26	0
516	27	20
516	28	90
516	29	0
516	30	90
516	31	70
516	32	70
516	33	50
516	34	90
516	35	20
516	36	50
516	37	70
516	38	50
516	39	70
516	40	90
517	1	90
517	2	90
517	3	70
517	4	0
517	5	90
517	6	70
517	7	90
517	8	40
517	9	90
517	10	40
517	11	40
517	12	20
517	13	90
517	14	70
517	15	90
517	16	90
517	17	90
517	18	20
517	19	70
517	20	90
517	21	70
517	22	20
517	23	90
517	24	90
517	25	70
517	26	20
517	27	0
517	28	90
517	29	20
517	30	90
517	31	70
517	32	50
517	33	70
517	34	110
517	35	40
517	36	50
517	37	70
517	38	50
517	39	90
517	40	70
518	1	70
518	2	40
518	3	30
518	4	50
518	5	40
518	6	50
518	7	100
518	8	70
518	9	70
518	10	70
518	11	50
518	12	50
518	13	100
518	14	110
518	15	70
518	16	30
518	17	80
518	18	90
518	19	80
518	20	70
518	21	10
518	22	60
518	23	100
518	24	100
518	25	80
518	26	70
518	27	80
518	28	40
518	29	70
518	30	60
518	31	20
518	32	50
518	33	90
518	34	20
518	35	70
518	36	0
518	37	0
518	38	60
518	39	90
518	40	80
519	1	110
519	2	70
519	3	90
519	4	0
519	5	90
519	6	70
519	7	70
519	8	20
519	9	70
519	10	20
519	11	20
519	12	0
519	13	130
519	14	110
519	15	90
519	16	90
519	17	90
519	18	60
519	19	90
519	20	90
519	21	50
519	22	0
519	23	110
519	24	90
519	25	70
519	26	0
519	27	40
519	28	90
519	29	0
519	30	70
519	31	70
519	32	70
519	33	90
519	34	110
519	35	40
519	36	50
519	37	70
519	38	50
519	39	70
519	40	110
520	1	50
520	2	40
520	3	30
520	4	60
520	5	30
520	6	30
520	7	80
520	8	80
520	9	80
520	10	60
520	11	60
520	12	50
520	13	80
520	14	90
520	15	80
520	16	30
520	17	60
520	18	80
520	19	60
520	20	60
520	21	10
520	22	60
520	23	80
520	24	100
520	25	60
520	26	80
520	27	80
520	28	50
520	29	80
520	30	60
520	31	30
520	32	50
520	33	80
520	34	10
520	35	80
520	36	10
520	37	0
520	38	60
520	39	100
520	40	80
521	1	90
521	2	90
521	3	100
521	4	10
521	5	90
521	6	80
521	7	60
521	8	20
521	9	100
521	10	10
521	11	20
521	12	0
521	13	120
521	14	110
521	15	120
521	16	100
521	17	80
521	18	50
521	19	80
521	20	70
521	21	60
521	22	10
521	23	120
521	24	120
521	25	60
521	26	0
521	27	50
521	28	110
521	29	30
521	30	80
521	31	90
521	32	70
521	33	80
521	34	90
521	35	50
521	36	60
521	37	70
521	38	60
521	39	100
521	40	140
522	1	70
522	2	110
522	3	50
522	4	0
522	5	90
522	6	90
522	7	90
522	8	40
522	9	90
522	10	40
522	11	20
522	12	20
522	13	90
522	14	110
522	15	90
522	16	110
522	17	70
522	18	40
522	19	70
522	20	90
522	21	70
522	22	20
522	23	90
522	24	130
522	25	70
522	26	20
522	27	20
522	28	110
522	29	40
522	30	70
522	31	110
522	32	50
522	33	70
522	34	130
522	35	60
522	36	50
522	37	90
522	38	50
522	39	90
522	40	110
523	1	90
523	2	60
523	3	50
523	4	60
523	5	60
523	6	50
523	7	100
523	8	90
523	9	100
523	10	80
523	11	70
523	12	50
523	13	120
523	14	110
523	15	120
523	16	50
523	17	100
523	18	100
523	19	80
523	20	90
523	21	10
523	22	60
523	23	120
523	24	120
523	25	80
523	26	70
523	27	80
523	28	60
523	29	80
523	30	80
523	31	20
523	32	50
523	33	100
523	34	40
523	35	100
523	36	10
523	37	0
523	38	60
523	39	120
523	40	100
524	1	70
524	2	40
524	3	30
524	4	60
524	5	50
524	6	50
524	7	100
524	8	80
524	9	80
524	10	80
524	11	60
524	12	50
524	13	120
524	14	130
524	15	80
524	16	50
524	17	80
524	18	120
524	19	80
524	20	80
524	21	10
524	22	60
524	23	100
524	24	120
524	25	80
524	26	80
524	27	100
524	28	70
524	29	80
524	30	60
524	31	50
524	32	50
524	33	100
524	34	50
524	35	100
524	36	10
524	37	20
524	38	60
524	39	100
524	40	100
525	1	70
525	2	60
525	3	50
525	4	50
525	5	40
525	6	30
525	7	80
525	8	90
525	9	90
525	10	50
525	11	70
525	12	50
525	13	100
525	14	90
525	15	110
525	16	50
525	17	80
525	18	70
525	19	60
525	20	70
525	21	10
525	22	60
525	23	100
525	24	120
525	25	60
525	26	70
525	27	80
525	28	60
525	29	70
525	30	80
525	31	20
525	32	50
525	33	70
525	34	20
525	35	90
525	36	0
525	37	0
525	38	60
525	39	110
525	40	100
526	1	70
526	2	20
526	3	30
526	4	60
526	5	50
526	6	50
526	7	80
526	8	60
526	9	80
526	10	80
526	11	60
526	12	50
526	13	100
526	14	110
526	15	80
526	16	10
526	17	80
526	18	100
526	19	80
526	20	80
526	21	10
526	22	60
526	23	100
526	24	80
526	25	80
526	26	60
526	27	80
526	28	30
526	29	80
526	30	60
526	31	30
526	32	50
526	33	100
526	34	30
526	35	60
526	36	10
526	37	0
526	38	60
526	39	80
526	40	80
527	1	90
527	2	70
527	3	60
527	4	0
527	5	90
527	6	100
527	7	80
527	8	0
527	9	90
527	10	20
527	11	20
527	12	20
527	13	80
527	14	90
527	15	70
527	16	60
527	17	80
527	18	20
527	19	100
527	20	70
527	21	60
527	22	10
527	23	120
527	24	80
527	25	80
527	26	0
527	27	10
527	28	70
527	29	20
527	30	80
527	31	70
527	32	70
527	33	70
527	34	90
527	35	0
527	36	50
527	37	50
527	38	60
527	39	70
527	40	100
528	1	90
528	2	70
528	3	80
528	4	10
528	5	70
528	6	80
528	7	100
528	8	20
528	9	60
528	10	50
528	11	0
528	12	0
528	13	100
528	14	90
528	15	60
528	16	80
528	17	80
528	18	50
528	19	100
528	20	70
528	21	80
528	22	30
528	23	100
528	24	80
528	25	80
528	26	20
528	27	30
528	28	70
528	29	30
528	30	60
528	31	70
528	32	70
528	33	100
528	34	70
528	35	30
528	36	60
528	37	70
528	38	60
528	39	80
528	40	80
529	1	70
529	2	90
529	3	70
529	4	0
529	5	70
529	6	70
529	7	50
529	8	20
529	9	70
529	10	0
529	11	0
529	12	0
529	13	70
529	14	90
529	15	90
529	16	70
529	17	50
529	18	20
529	19	70
529	20	70
529	21	50
529	22	0
529	23	90
529	24	90
529	25	50
529	26	0
529	27	20
529	28	70
529	29	20
529	30	50
529	31	70
529	32	70
529	33	70
529	34	70
529	35	20
529	36	50
529	37	50
529	38	50
529	39	70
529	40	110
530	1	70
530	2	90
530	3	60
530	4	10
530	5	80
530	6	80
530	7	60
530	8	30
530	9	100
530	10	10
530	11	30
530	12	20
530	13	80
530	14	90
530	15	100
530	16	100
530	17	60
530	18	30
530	19	80
530	20	80
530	21	60
530	22	10
530	23	100
530	24	120
530	25	60
530	26	10
530	27	30
530	28	100
530	29	30
530	30	80
530	31	100
530	32	70
530	33	60
530	34	120
530	35	50
530	36	60
530	37	70
530	38	60
530	39	80
530	40	140
531	1	90
531	2	60
531	3	50
531	4	60
531	5	50
531	6	30
531	7	80
531	8	100
531	9	100
531	10	80
531	11	80
531	12	50
531	13	100
531	14	90
531	15	120
531	16	50
531	17	80
531	18	80
531	19	80
531	20	80
531	21	30
531	22	80
531	23	120
531	24	120
531	25	60
531	26	80
531	27	80
531	28	70
531	29	100
531	30	80
531	31	50
531	32	70
531	33	80
531	34	30
531	35	100
531	36	10
531	37	20
531	38	60
531	39	120
531	40	120
532	1	90
532	2	40
532	3	30
532	4	60
532	5	50
532	6	30
532	7	60
532	8	80
532	9	120
532	10	60
532	11	100
532	12	70
532	13	100
532	14	90
532	15	120
532	16	50
532	17	80
532	18	80
532	19	80
532	20	80
532	21	10
532	22	60
532	23	120
532	24	120
532	25	60
532	26	60
532	27	80
532	28	70
532	29	80
532	30	100
532	31	50
532	32	70
532	33	60
532	34	70
532	35	100
532	36	10
532	37	20
532	38	60
532	39	100
532	40	140
533	1	70
533	2	70
533	3	100
533	4	0
533	5	70
533	6	60
533	7	60
533	8	20
533	9	90
533	10	20
533	11	40
533	12	20
533	13	120
533	14	90
533	15	90
533	16	100
533	17	80
533	18	40
533	19	60
533	20	70
533	21	80
533	22	30
533	23	80
533	24	100
533	25	60
533	26	0
533	27	50
533	28	90
533	29	20
533	30	100
533	31	90
533	32	50
533	33	70
533	34	110
533	35	40
533	36	50
533	37	90
533	38	60
533	39	70
533	40	100
534	1	90
534	2	40
534	3	20
534	4	50
534	5	60
534	6	40
534	7	90
534	8	70
534	9	110
534	10	90
534	11	90
534	12	70
534	13	110
534	14	110
534	15	90
534	16	40
534	17	90
534	18	90
534	19	70
534	20	70
534	21	20
534	22	70
534	23	110
534	24	110
534	25	70
534	26	70
534	27	70
534	28	80
534	29	90
534	30	90
534	31	60
534	32	50
534	33	70
534	34	60
534	35	90
534	36	0
534	37	40
534	38	50
534	39	110
534	40	90
535	1	110
535	2	0
535	3	40
535	4	50
535	5	40
535	6	20
535	7	70
535	8	50
535	9	70
535	10	70
535	11	70
535	12	50
535	13	130
535	14	110
535	15	70
535	16	20
535	17	90
535	18	110
535	19	90
535	20	70
535	21	0
535	22	50
535	23	110
535	24	70
535	25	70
535	26	50
535	27	90
535	28	40
535	29	50
535	30	70
535	31	20
535	32	70
535	33	90
535	34	40
535	35	70
535	36	0
535	37	20
535	38	50
535	39	70
535	40	90
536	1	90
536	2	70
536	3	100
536	4	0
536	5	110
536	6	100
536	7	80
536	8	0
536	9	110
536	10	40
536	11	40
536	12	20
536	13	140
536	14	130
536	15	90
536	16	80
536	17	100
536	18	60
536	19	80
536	20	70
536	21	80
536	22	30
536	23	120
536	24	100
536	25	80
536	26	0
536	27	50
536	28	110
536	29	40
536	30	100
536	31	110
536	32	50
536	33	90
536	34	110
536	35	20
536	36	50
536	37	90
536	38	60
536	39	90
536	40	100
537	1	70
537	2	70
537	3	70
537	4	20
537	5	70
537	6	70
537	7	70
537	8	20
537	9	50
537	10	0
537	11	0
537	12	0
537	13	70
537	14	70
537	15	70
537	16	70
537	17	70
537	18	20
537	19	70
537	20	70
537	21	50
537	22	0
537	23	70
537	24	70
537	25	70
537	26	20
537	27	20
537	28	70
537	29	0
537	30	50
537	31	50
537	32	70
537	33	70
537	34	50
537	35	20
537	36	70
537	37	50
537	38	70
537	39	70
537	40	70
538	1	110
538	2	20
538	3	40
538	4	50
538	5	60
538	6	40
538	7	70
538	8	50
538	9	90
538	10	70
538	11	70
538	12	50
538	13	110
538	14	110
538	15	90
538	16	0
538	17	90
538	18	90
538	19	90
538	20	70
538	21	0
538	22	50
538	23	130
538	24	70
538	25	70
538	26	50
538	27	70
538	28	40
538	29	70
538	30	70
538	31	20
538	32	70
538	33	90
538	34	20
538	35	50
538	36	0
538	37	0
538	38	50
538	39	90
538	40	90
539	1	90
539	2	90
539	3	90
539	4	0
539	5	110
539	6	90
539	7	90
539	8	20
539	9	90
539	10	20
539	11	20
539	12	0
539	13	130
539	14	130
539	15	90
539	16	90
539	17	90
539	18	60
539	19	70
539	20	70
539	21	50
539	22	0
539	23	110
539	24	110
539	25	70
539	26	20
539	27	40
539	28	130
539	29	20
539	30	70
539	31	90
539	32	50
539	33	90
539	34	90
539	35	40
539	36	50
539	37	70
539	38	50
539	39	110
539	40	90
540	1	70
540	2	20
540	3	10
540	4	60
540	5	20
540	6	30
540	7	100
540	8	70
540	9	80
540	10	100
540	11	70
540	12	70
540	13	80
540	14	70
540	15	60
540	16	30
540	17	80
540	18	80
540	19	80
540	20	70
540	21	30
540	22	80
540	23	80
540	24	80
540	25	80
540	26	70
540	27	60
540	28	20
540	29	80
540	30	80
540	31	20
540	32	50
540	33	80
540	34	40
540	35	80
540	36	10
540	37	20
540	38	60
540	39	80
540	40	60
541	1	70
541	2	20
541	3	50
541	4	50
541	5	20
541	6	10
541	7	80
541	8	70
541	9	70
541	10	50
541	11	70
541	12	50
541	13	120
541	14	90
541	15	70
541	16	50
541	17	80
541	18	90
541	19	60
541	20	50
541	21	10
541	22	60
541	23	80
541	24	100
541	25	60
541	26	70
541	27	100
541	28	60
541	29	50
541	30	80
541	31	20
541	32	50
541	33	70
541	34	20
541	35	90
541	36	0
541	37	20
541	38	60
541	39	90
541	40	80
542	1	90
542	2	40
542	3	30
542	4	60
542	5	30
542	6	30
542	7	100
542	8	100
542	9	60
542	10	100
542	11	60
542	12	50
542	13	120
542	14	110
542	15	80
542	16	70
542	17	80
542	18	120
542	19	100
542	20	100
542	21	30
542	22	80
542	23	100
542	24	120
542	25	80
542	26	80
542	27	100
542	28	50
542	29	80
542	30	60
542	31	50
542	32	70
542	33	100
542	34	70
542	35	120
542	36	10
542	37	40
542	38	60
542	39	80
542	40	120
543	1	70
543	2	40
543	3	30
543	4	60
543	5	40
543	6	50
543	7	100
543	8	70
543	9	80
543	10	80
543	11	50
543	12	50
543	13	100
543	14	110
543	15	80
543	16	30
543	17	80
543	18	100
543	19	80
543	20	70
543	21	10
543	22	60
543	23	100
543	24	100
543	25	80
543	26	70
543	27	80
543	28	40
543	29	80
543	30	60
543	31	20
543	32	50
543	33	100
543	34	20
543	35	80
543	36	10
543	37	0
543	38	60
543	39	100
543	40	80
544	1	110
544	2	40
544	3	50
544	4	60
544	5	50
544	6	30
544	7	100
544	8	100
544	9	80
544	10	100
544	11	80
544	12	50
544	13	120
544	14	90
544	15	100
544	16	50
544	17	100
544	18	100
544	19	100
544	20	100
544	21	30
544	22	80
544	23	120
544	24	100
544	25	80
544	26	80
544	27	80
544	28	50
544	29	80
544	30	80
544	31	30
544	32	70
544	33	100
544	34	50
544	35	100
544	36	10
544	37	20
544	38	60
544	39	100
544	40	100
545	1	70
545	2	20
545	3	10
545	4	50
545	5	20
545	6	30
545	7	100
545	8	70
545	9	70
545	10	90
545	11	70
545	12	70
545	13	80
545	14	70
545	15	50
545	16	30
545	17	80
545	18	70
545	19	80
545	20	70
545	21	30
545	22	80
545	23	80
545	24	80
545	25	80
545	26	70
545	27	60
545	28	20
545	29	70
545	30	80
545	31	20
545	32	50
545	33	70
545	34	40
545	35	70
545	36	0
545	37	20
545	38	60
545	39	70
545	40	60
546	1	90
546	2	90
546	3	80
546	4	10
546	5	110
546	6	100
546	7	100
546	8	20
546	9	120
546	10	50
546	11	40
546	12	20
546	13	120
546	14	110
546	15	100
546	16	100
546	17	100
546	18	50
546	19	80
546	20	70
546	21	80
546	22	30
546	23	120
546	24	120
546	25	80
546	26	20
546	27	30
546	28	130
546	29	50
546	30	100
546	31	110
546	32	50
546	33	80
546	34	110
546	35	50
546	36	60
546	37	90
546	38	60
546	39	120
546	40	100
547	1	90
547	2	70
547	3	60
547	4	10
547	5	90
547	6	100
547	7	80
547	8	0
547	9	100
547	10	30
547	11	20
547	12	20
547	13	80
547	14	90
547	15	80
547	16	60
547	17	80
547	18	30
547	19	100
547	20	70
547	21	60
547	22	10
547	23	120
547	24	80
547	25	80
547	26	0
547	27	10
547	28	70
547	29	30
547	30	80
547	31	70
547	32	70
547	33	80
547	34	90
547	35	10
547	36	60
547	37	50
547	38	60
547	39	80
547	40	100
548	1	70
548	2	70
548	3	60
548	4	10
548	5	80
548	6	80
548	7	100
548	8	30
548	9	80
548	10	50
548	11	30
548	12	20
548	13	100
548	14	90
548	15	60
548	16	100
548	17	80
548	18	50
548	19	80
548	20	80
548	21	80
548	22	30
548	23	80
548	24	100
548	25	80
548	26	30
548	27	30
548	28	100
548	29	30
548	30	80
548	31	100
548	32	50
548	33	80
548	34	120
548	35	50
548	36	60
548	37	90
548	38	60
548	39	80
548	40	80
549	1	50
549	2	90
549	3	80
549	4	0
549	5	50
549	6	60
549	7	80
549	8	40
549	9	50
549	10	0
549	11	0
549	12	0
549	13	80
549	14	70
549	15	70
549	16	100
549	17	60
549	18	20
549	19	60
549	20	70
549	21	60
549	22	10
549	23	60
549	24	100
549	25	60
549	26	20
549	27	30
549	28	70
549	29	0
549	30	60
549	31	50
549	32	50
549	33	70
549	34	70
549	35	40
549	36	50
549	37	50
549	38	60
549	39	70
549	40	80
550	1	50
550	2	90
550	3	80
550	4	10
550	5	70
550	6	80
550	7	80
550	8	20
550	9	80
550	10	10
550	11	0
550	12	0
550	13	80
550	14	90
550	15	80
550	16	80
550	17	60
550	18	30
550	19	60
550	20	50
550	21	60
550	22	10
550	23	80
550	24	100
550	25	60
550	26	20
550	27	30
550	28	90
550	29	30
550	30	60
550	31	70
550	32	50
550	33	80
550	34	50
550	35	30
550	36	60
550	37	50
550	38	60
550	39	100
550	40	80
551	1	70
551	2	110
551	3	90
551	4	0
551	5	90
551	6	70
551	7	70
551	8	40
551	9	90
551	10	0
551	11	20
551	12	0
551	13	90
551	14	90
551	15	110
551	16	90
551	17	70
551	18	20
551	19	50
551	20	70
551	21	50
551	22	0
551	23	90
551	24	110
551	25	50
551	26	20
551	27	20
551	28	110
551	29	20
551	30	70
551	31	70
551	32	50
551	33	70
551	34	70
551	35	40
551	36	50
551	37	50
551	38	50
551	39	110
551	40	90
552	1	50
552	2	70
552	3	60
552	4	10
552	5	60
552	6	60
552	7	80
552	8	30
552	9	80
552	10	30
552	11	30
552	12	20
552	13	60
552	14	50
552	15	60
552	16	80
552	17	60
552	18	10
552	19	60
552	20	60
552	21	80
552	22	30
552	23	60
552	24	80
552	25	60
552	26	30
552	27	10
552	28	80
552	29	30
552	30	80
552	31	80
552	32	50
552	33	60
552	34	80
552	35	30
552	36	60
552	37	70
552	38	60
552	39	80
552	40	60
553	1	90
553	2	70
553	3	80
553	4	20
553	5	90
553	6	100
553	7	100
553	8	20
553	9	50
553	10	20
553	11	0
553	12	0
553	13	120
553	14	110
553	15	70
553	16	100
553	17	100
553	18	60
553	19	100
553	20	90
553	21	60
553	22	10
553	23	100
553	24	100
553	25	100
553	26	20
553	27	50
553	28	90
553	29	0
553	30	60
553	31	70
553	32	70
553	33	90
553	34	90
553	35	40
553	36	70
553	37	70
553	38	80
553	39	70
553	40	100
554	1	110
554	2	0
554	3	50
554	4	60
554	5	40
554	6	30
554	7	80
554	8	50
554	9	80
554	10	80
554	11	70
554	12	50
554	13	120
554	14	90
554	15	80
554	16	10
554	17	100
554	18	100
554	19	100
554	20	70
554	21	10
554	22	60
554	23	120
554	24	60
554	25	80
554	26	50
554	27	80
554	28	20
554	29	60
554	30	80
554	31	0
554	32	70
554	33	100
554	34	20
554	35	60
554	36	10
554	37	0
554	38	60
554	39	80
554	40	80
555	1	90
555	2	40
555	3	30
555	4	60
555	5	50
555	6	30
555	7	100
555	8	100
555	9	100
555	10	100
555	11	100
555	12	70
555	13	120
555	14	90
555	15	100
555	16	70
555	17	100
555	18	100
555	19	80
555	20	100
555	21	30
555	22	80
555	23	100
555	24	120
555	25	80
555	26	80
555	27	80
555	28	70
555	29	80
555	30	100
555	31	50
555	32	50
555	33	80
555	34	90
555	35	120
555	36	10
555	37	40
555	38	60
555	39	100
555	40	100
556	1	90
556	2	50
556	3	100
556	4	0
556	5	70
556	6	60
556	7	60
556	8	0
556	9	70
556	10	0
556	11	20
556	12	0
556	13	100
556	14	70
556	15	70
556	16	60
556	17	80
556	18	20
556	19	80
556	20	50
556	21	60
556	22	10
556	23	100
556	24	60
556	25	60
556	26	0
556	27	30
556	28	70
556	29	0
556	30	80
556	31	50
556	32	70
556	33	70
556	34	50
556	35	0
556	36	50
556	37	50
556	38	60
556	39	70
556	40	80
557	1	90
557	2	50
557	3	100
557	4	0
557	5	90
557	6	80
557	7	80
557	8	0
557	9	70
557	10	20
557	11	20
557	12	0
557	13	120
557	14	90
557	15	70
557	16	60
557	17	100
557	18	40
557	19	80
557	20	70
557	21	60
557	22	10
557	23	100
557	24	60
557	25	80
557	26	0
557	27	30
557	28	70
557	29	0
557	30	80
557	31	50
557	32	50
557	33	90
557	34	70
557	35	0
557	36	50
557	37	50
557	38	60
557	39	70
557	40	60
558	1	90
558	2	40
558	3	20
558	4	50
558	5	40
558	6	40
558	7	90
558	8	70
558	9	70
558	10	90
558	11	50
558	12	50
558	13	90
558	14	110
558	15	70
558	16	20
558	17	70
558	18	90
558	19	90
558	20	70
558	21	20
558	22	70
558	23	110
558	24	90
558	25	70
558	26	70
558	27	70
558	28	40
558	29	90
558	30	50
558	31	40
558	32	70
558	33	90
558	34	20
558	35	70
558	36	0
558	37	20
558	38	50
558	39	90
558	40	90
559	1	70
559	2	110
559	3	60
559	4	0
559	5	90
559	6	100
559	7	100
559	8	40
559	9	90
559	10	40
559	11	20
559	12	20
559	13	80
559	14	90
559	15	90
559	16	100
559	17	80
559	18	20
559	19	80
559	20	90
559	21	80
559	22	30
559	23	100
559	24	120
559	25	80
559	26	20
559	27	10
559	28	90
559	29	40
559	30	80
559	31	90
559	32	50
559	33	70
559	34	110
559	35	40
559	36	50
559	37	70
559	38	60
559	39	90
559	40	100
560	1	50
560	2	50
560	3	70
560	4	0
560	5	50
560	6	50
560	7	50
560	8	0
560	9	50
560	10	0
560	11	0
560	12	0
560	13	70
560	14	70
560	15	50
560	16	50
560	17	50
560	18	20
560	19	50
560	20	50
560	21	50
560	22	0
560	23	50
560	24	50
560	25	50
560	26	0
560	27	20
560	28	50
560	29	0
560	30	50
560	31	50
560	32	50
560	33	70
560	34	50
560	35	0
560	36	50
560	37	50
560	38	50
560	39	50
560	40	50
561	1	110
561	2	20
561	3	50
561	4	60
561	5	40
561	6	30
561	7	100
561	8	70
561	9	80
561	10	100
561	11	70
561	12	50
561	13	140
561	14	110
561	15	80
561	16	50
561	17	100
561	18	120
561	19	100
561	20	70
561	21	30
561	22	80
561	23	120
561	24	100
561	25	80
561	26	70
561	27	100
561	28	60
561	29	80
561	30	80
561	31	40
561	32	70
561	33	100
561	34	40
561	35	100
561	36	10
561	37	40
561	38	60
561	39	100
561	40	100
562	1	50
562	2	0
562	3	30
562	4	50
562	5	0
562	6	10
562	7	60
562	8	50
562	9	70
562	10	70
562	11	70
562	12	70
562	13	80
562	14	70
562	15	50
562	16	10
562	17	60
562	18	70
562	19	60
562	20	50
562	21	30
562	22	80
562	23	60
562	24	60
562	25	60
562	26	50
562	27	80
562	28	0
562	29	70
562	30	80
562	31	20
562	32	50
562	33	70
562	34	20
562	35	50
562	36	0
562	37	20
562	38	60
562	39	50
562	40	60
563	1	90
563	2	70
563	3	100
563	4	0
563	5	90
563	6	80
563	7	80
563	8	20
563	9	90
563	10	40
563	11	40
563	12	20
563	13	120
563	14	90
563	15	90
563	16	80
563	17	100
563	18	40
563	19	80
563	20	90
563	21	80
563	22	30
563	23	100
563	24	80
563	25	80
563	26	0
563	27	30
563	28	70
563	29	20
563	30	100
563	31	70
563	32	50
563	33	90
563	34	110
563	35	20
563	36	50
563	37	70
563	38	60
563	39	70
563	40	80
564	1	50
564	2	0
564	3	30
564	4	60
564	5	0
564	6	10
564	7	60
564	8	50
564	9	80
564	10	80
564	11	70
564	12	70
564	13	80
564	14	70
564	15	60
564	16	10
564	17	60
564	18	80
564	19	60
564	20	50
564	21	30
564	22	80
564	23	60
564	24	60
564	25	60
564	26	50
564	27	80
564	28	0
564	29	80
564	30	80
564	31	20
564	32	50
564	33	80
564	34	20
564	35	60
564	36	10
564	37	20
564	38	60
564	39	60
564	40	60
565	1	90
565	2	110
565	3	100
565	4	30
565	5	120
565	6	100
565	7	80
565	8	50
565	9	100
565	10	10
565	11	30
565	12	0
565	13	120
565	14	110
565	15	140
565	16	120
565	17	100
565	18	50
565	19	80
565	20	100
565	21	60
565	22	10
565	23	120
565	24	140
565	25	80
565	26	30
565	27	50
565	28	140
565	29	30
565	30	80
565	31	100
565	32	70
565	33	80
565	34	100
565	35	70
565	36	80
565	37	70
565	38	80
565	39	120
565	40	140
566	1	70
566	2	20
566	3	50
566	4	60
566	5	40
566	6	30
566	7	60
566	8	50
566	9	120
566	10	80
566	11	90
566	12	70
566	13	100
566	14	90
566	15	100
566	16	10
566	17	80
566	18	80
566	19	60
566	20	50
566	21	30
566	22	80
566	23	100
566	24	80
566	25	60
566	26	50
566	27	80
566	28	40
566	29	100
566	30	100
566	31	40
566	32	50
566	33	80
566	34	20
566	35	60
566	36	10
566	37	20
566	38	60
566	39	100
566	40	80
567	1	90
567	2	70
567	3	100
567	4	0
567	5	90
567	6	80
567	7	80
567	8	20
567	9	90
567	10	40
567	11	40
567	12	20
567	13	140
567	14	110
567	15	90
567	16	100
567	17	100
567	18	60
567	19	80
567	20	90
567	21	80
567	22	30
567	23	100
567	24	100
567	25	80
567	26	0
567	27	50
567	28	90
567	29	20
567	30	100
567	31	90
567	32	50
567	33	90
567	34	130
567	35	40
567	36	50
567	37	90
567	38	60
567	39	70
567	40	100
568	1	110
568	2	40
568	3	40
568	4	70
568	5	60
568	6	40
568	7	90
568	8	90
568	9	70
568	10	70
568	11	70
568	12	50
568	13	130
568	14	110
568	15	110
568	16	60
568	17	110
568	18	110
568	19	90
568	20	110
568	21	0
568	22	50
568	23	110
568	24	110
568	25	90
568	26	70
568	27	90
568	28	60
568	29	50
568	30	70
568	31	20
568	32	70
568	33	90
568	34	60
568	35	110
568	36	20
568	37	20
568	38	70
568	39	90
568	40	110
569	1	90
569	2	70
569	3	90
569	4	0
569	5	90
569	6	70
569	7	70
569	8	20
569	9	70
569	10	20
569	11	20
569	12	0
569	13	110
569	14	90
569	15	90
569	16	70
569	17	90
569	18	40
569	19	70
569	20	90
569	21	50
569	22	0
569	23	90
569	24	70
569	25	70
569	26	0
569	27	20
569	28	70
569	29	0
569	30	70
569	31	50
569	32	50
569	33	90
569	34	90
569	35	20
569	36	50
569	37	50
569	38	50
569	39	70
569	40	70
570	1	70
570	2	20
570	3	20
570	4	50
570	5	20
570	6	20
570	7	50
570	8	50
570	9	70
570	10	50
570	11	50
570	12	50
570	13	70
570	14	90
570	15	70
570	16	0
570	17	50
570	18	70
570	19	70
570	20	50
570	21	0
570	22	50
570	23	90
570	24	70
570	25	50
570	26	50
570	27	70
570	28	20
570	29	70
570	30	50
570	31	20
570	32	70
570	33	70
570	34	0
570	35	50
570	36	0
570	37	0
570	38	50
570	39	70
570	40	90
571	1	50
571	2	90
571	3	60
571	4	10
571	5	50
571	6	60
571	7	80
571	8	40
571	9	80
571	10	30
571	11	20
571	12	20
571	13	80
571	14	70
571	15	80
571	16	120
571	17	60
571	18	30
571	19	60
571	20	70
571	21	80
571	22	30
571	23	60
571	24	120
571	25	60
571	26	20
571	27	30
571	28	90
571	29	30
571	30	80
571	31	90
571	32	50
571	33	60
571	34	110
571	35	70
571	36	60
571	37	90
571	38	60
571	39	80
571	40	100
572	1	90
572	2	40
572	3	50
572	4	50
572	5	40
572	6	30
572	7	80
572	8	70
572	9	90
572	10	70
572	11	70
572	12	50
572	13	120
572	14	110
572	15	90
572	16	50
572	17	80
572	18	90
572	19	80
572	20	50
572	21	30
572	22	80
572	23	120
572	24	120
572	25	60
572	26	70
572	27	100
572	28	80
572	29	90
572	30	80
572	31	60
572	32	70
572	33	70
572	34	20
572	35	90
572	36	0
572	37	40
572	38	60
572	39	110
572	40	120
573	1	90
573	2	70
573	3	70
573	4	0
573	5	90
573	6	90
573	7	70
573	8	0
573	9	70
573	10	20
573	11	0
573	12	0
573	13	90
573	14	110
573	15	70
573	16	50
573	17	70
573	18	40
573	19	90
573	20	70
573	21	50
573	22	0
573	23	110
573	24	70
573	25	70
573	26	0
573	27	20
573	28	70
573	29	20
573	30	50
573	31	70
573	32	70
573	33	90
573	34	70
573	35	0
573	36	50
573	37	50
573	38	50
573	39	70
573	40	90
574	1	70
574	2	70
574	3	70
574	4	0
574	5	50
574	6	50
574	7	50
574	8	20
574	9	50
574	10	0
574	11	0
574	12	0
574	13	70
574	14	70
574	15	70
574	16	70
574	17	50
574	18	20
574	19	70
574	20	70
574	21	50
574	22	0
574	23	70
574	24	70
574	25	50
574	26	0
574	27	20
574	28	50
574	29	0
574	30	50
574	31	50
574	32	70
574	33	70
574	34	70
574	35	20
574	36	50
574	37	50
574	38	50
574	39	50
574	40	90
575	1	110
575	2	0
575	3	50
575	4	60
575	5	40
575	6	30
575	7	80
575	8	50
575	9	80
575	10	80
575	11	70
575	12	50
575	13	120
575	14	90
575	15	80
575	16	10
575	17	100
575	18	100
575	19	100
575	20	70
575	21	10
575	22	60
575	23	120
575	24	60
575	25	80
575	26	50
575	27	80
575	28	20
575	29	60
575	30	80
575	31	0
575	32	70
575	33	100
575	34	20
575	35	60
575	36	10
575	37	0
575	38	60
575	39	80
575	40	80
576	1	70
576	2	70
576	3	100
576	4	10
576	5	70
576	6	60
576	7	80
576	8	20
576	9	80
576	10	10
576	11	20
576	12	0
576	13	100
576	14	70
576	15	80
576	16	80
576	17	80
576	18	30
576	19	60
576	20	50
576	21	60
576	22	10
576	23	80
576	24	80
576	25	60
576	26	20
576	27	30
576	28	90
576	29	10
576	30	80
576	31	50
576	32	50
576	33	80
576	34	50
576	35	30
576	36	60
576	37	50
576	38	60
576	39	100
576	40	60
577	1	50
577	2	90
577	3	60
577	4	10
577	5	70
577	6	80
577	7	80
577	8	20
577	9	100
577	10	30
577	11	20
577	12	20
577	13	80
577	14	90
577	15	80
577	16	100
577	17	60
577	18	30
577	19	60
577	20	50
577	21	80
577	22	30
577	23	80
577	24	120
577	25	60
577	26	20
577	27	30
577	28	110
577	29	50
577	30	80
577	31	110
577	32	50
577	33	60
577	34	90
577	35	50
577	36	60
577	37	90
577	38	60
577	39	100
577	40	100
578	1	70
578	2	60
578	3	30
578	4	50
578	5	40
578	6	50
578	7	100
578	8	90
578	9	70
578	10	70
578	11	50
578	12	50
578	13	100
578	14	110
578	15	90
578	16	50
578	17	80
578	18	90
578	19	80
578	20	90
578	21	10
578	22	60
578	23	100
578	24	120
578	25	80
578	26	70
578	27	80
578	28	40
578	29	70
578	30	60
578	31	20
578	32	50
578	33	90
578	34	40
578	35	90
578	36	0
578	37	0
578	38	60
578	39	90
578	40	100
579	1	90
579	2	60
579	3	30
579	4	50
579	5	40
579	6	50
579	7	100
579	8	90
579	9	70
579	10	90
579	11	50
579	12	50
579	13	100
579	14	110
579	15	90
579	16	50
579	17	80
579	18	90
579	19	100
579	20	90
579	21	30
579	22	80
579	23	120
579	24	120
579	25	80
579	26	70
579	27	80
579	28	40
579	29	90
579	30	60
579	31	40
579	32	70
579	33	90
579	34	40
579	35	90
579	36	0
579	37	20
579	38	60
579	39	90
579	40	120
580	1	90
580	2	20
580	3	50
580	4	50
580	5	60
580	6	50
580	7	80
580	8	50
580	9	90
580	10	70
580	11	70
580	12	50
580	13	120
580	14	110
580	15	90
580	16	10
580	17	100
580	18	90
580	19	80
580	20	70
580	21	10
580	22	60
580	23	120
580	24	80
580	25	80
580	26	50
580	27	80
580	28	40
580	29	70
580	30	80
580	31	20
580	32	50
580	33	90
580	34	20
580	35	50
580	36	0
580	37	0
580	38	60
580	39	90
580	40	80
581	1	70
581	2	40
581	3	20
581	4	50
581	5	40
581	6	40
581	7	70
581	8	70
581	9	70
581	10	70
581	11	50
581	12	50
581	13	110
581	14	130
581	15	90
581	16	40
581	17	70
581	18	110
581	19	70
581	20	90
581	21	0
581	22	50
581	23	90
581	24	110
581	25	70
581	26	50
581	27	90
581	28	40
581	29	70
581	30	50
581	31	40
581	32	50
581	33	90
581	34	60
581	35	90
581	36	0
581	37	20
581	38	50
581	39	70
581	40	110
582	1	70
582	2	40
582	3	30
582	4	60
582	5	40
582	6	30
582	7	80
582	8	70
582	9	120
582	10	80
582	11	90
582	12	70
582	13	80
582	14	70
582	15	100
582	16	30
582	17	80
582	18	60
582	19	60
582	20	50
582	21	30
582	22	80
582	23	100
582	24	100
582	25	60
582	26	70
582	27	60
582	28	60
582	29	100
582	30	100
582	31	40
582	32	50
582	33	60
582	34	20
582	35	80
582	36	10
582	37	20
582	38	60
582	39	120
582	40	80
583	1	110
583	2	0
583	3	30
583	4	60
583	5	40
583	6	30
583	7	80
583	8	50
583	9	100
583	10	80
583	11	90
583	12	70
583	13	100
583	14	70
583	15	80
583	16	10
583	17	100
583	18	80
583	19	100
583	20	70
583	21	10
583	22	60
583	23	120
583	24	60
583	25	80
583	26	50
583	27	60
583	28	20
583	29	60
583	30	100
583	31	0
583	32	70
583	33	80
583	34	40
583	35	60
583	36	10
583	37	0
583	38	60
583	39	80
583	40	80
584	1	110
584	2	90
584	3	90
584	4	20
584	5	110
584	6	90
584	7	90
584	8	40
584	9	70
584	10	20
584	11	20
584	12	0
584	13	130
584	14	110
584	15	110
584	16	110
584	17	110
584	18	60
584	19	90
584	20	110
584	21	50
584	22	0
584	23	110
584	24	110
584	25	90
584	26	20
584	27	40
584	28	110
584	29	0
584	30	70
584	31	70
584	32	70
584	33	90
584	34	110
584	35	60
584	36	70
584	37	70
584	38	70
584	39	90
584	40	110
585	1	90
585	2	60
585	3	50
585	4	70
585	5	60
585	6	50
585	7	80
585	8	90
585	9	90
585	10	50
585	11	70
585	12	50
585	13	120
585	14	110
585	15	130
585	16	70
585	17	100
585	18	90
585	19	80
585	20	90
585	21	10
585	22	60
585	23	120
585	24	140
585	25	80
585	26	70
585	27	100
585	28	80
585	29	70
585	30	80
585	31	40
585	32	70
585	33	70
585	34	40
585	35	110
585	36	20
585	37	20
585	38	80
585	39	110
585	40	140
586	1	70
586	2	70
586	3	100
586	4	10
586	5	70
586	6	60
586	7	80
586	8	20
586	9	80
586	10	10
586	11	20
586	12	0
586	13	100
586	14	70
586	15	80
586	16	80
586	17	80
586	18	30
586	19	60
586	20	50
586	21	60
586	22	10
586	23	80
586	24	80
586	25	60
586	26	20
586	27	30
586	28	90
586	29	10
586	30	80
586	31	50
586	32	50
586	33	80
586	34	50
586	35	30
586	36	60
586	37	50
586	38	60
586	39	100
586	40	60
587	1	110
587	2	20
587	3	50
587	4	60
587	5	60
587	6	50
587	7	80
587	8	50
587	9	100
587	10	80
587	11	70
587	12	50
587	13	140
587	14	130
587	15	100
587	16	30
587	17	100
587	18	120
587	19	100
587	20	70
587	21	10
587	22	60
587	23	140
587	24	100
587	25	80
587	26	50
587	27	100
587	28	60
587	29	80
587	30	80
587	31	40
587	32	70
587	33	100
587	34	40
587	35	80
587	36	10
587	37	20
587	38	60
587	39	100
587	40	120
588	1	50
588	2	90
588	3	70
588	4	0
588	5	70
588	6	70
588	7	50
588	8	20
588	9	90
588	10	20
588	11	20
588	12	20
588	13	90
588	14	110
588	15	90
588	16	90
588	17	50
588	18	40
588	19	50
588	20	70
588	21	70
588	22	20
588	23	70
588	24	110
588	25	50
588	26	0
588	27	40
588	28	90
588	29	40
588	30	70
588	31	110
588	32	50
588	33	70
588	34	110
588	35	40
588	36	50
588	37	90
588	38	50
588	39	70
588	40	110
589	1	70
589	2	110
589	3	80
589	4	10
589	5	90
589	6	80
589	7	80
589	8	40
589	9	120
589	10	30
589	11	40
589	12	20
589	13	100
589	14	90
589	15	120
589	16	120
589	17	80
589	18	30
589	19	60
589	20	70
589	21	80
589	22	30
589	23	100
589	24	140
589	25	60
589	26	20
589	27	30
589	28	130
589	29	50
589	30	100
589	31	110
589	32	50
589	33	60
589	34	110
589	35	70
589	36	60
589	37	90
589	38	60
589	39	120
589	40	120
590	1	90
590	2	90
590	3	80
590	4	10
590	5	100
590	6	80
590	7	100
590	8	50
590	9	100
590	10	50
590	11	50
590	12	20
590	13	120
590	14	90
590	15	100
590	16	120
590	17	100
590	18	50
590	19	80
590	20	100
590	21	80
590	22	30
590	23	100
590	24	120
590	25	80
590	26	30
590	27	30
590	28	120
590	29	30
590	30	100
590	31	100
590	32	50
590	33	80
590	34	140
590	35	70
590	36	60
590	37	90
590	38	60
590	39	100
590	40	100
591	1	110
591	2	110
591	3	100
591	4	10
591	5	110
591	6	100
591	7	100
591	8	40
591	9	100
591	10	50
591	11	20
591	12	0
591	13	140
591	14	130
591	15	120
591	16	120
591	17	100
591	18	70
591	19	100
591	20	90
591	21	80
591	22	30
591	23	140
591	24	140
591	25	80
591	26	20
591	27	50
591	28	130
591	29	50
591	30	80
591	31	110
591	32	70
591	33	100
591	34	110
591	35	70
591	36	60
591	37	90
591	38	60
591	39	120
591	40	140
592	1	50
592	2	110
592	3	50
592	4	0
592	5	70
592	6	70
592	7	70
592	8	40
592	9	90
592	10	20
592	11	20
592	12	20
592	13	70
592	14	90
592	15	90
592	16	110
592	17	50
592	18	20
592	19	50
592	20	70
592	21	70
592	22	20
592	23	70
592	24	130
592	25	50
592	26	20
592	27	20
592	28	110
592	29	40
592	30	70
592	31	110
592	32	50
592	33	50
592	34	110
592	35	60
592	36	50
592	37	90
592	38	50
592	39	90
592	40	110
593	1	90
593	2	20
593	3	50
593	4	80
593	5	50
593	6	30
593	7	80
593	8	80
593	9	80
593	10	60
593	11	80
593	12	50
593	13	100
593	14	70
593	15	100
593	16	30
593	17	100
593	18	80
593	19	80
593	20	80
593	21	10
593	22	60
593	23	100
593	24	80
593	25	80
593	26	80
593	27	80
593	28	50
593	29	60
593	30	80
593	31	10
593	32	70
593	33	80
593	34	10
593	35	80
593	36	30
593	37	0
593	38	80
593	39	100
593	40	80
594	1	90
594	2	20
594	3	40
594	4	50
594	5	20
594	6	0
594	7	70
594	8	70
594	9	70
594	10	70
594	11	70
594	12	50
594	13	90
594	14	70
594	15	70
594	16	20
594	17	70
594	18	70
594	19	70
594	20	50
594	21	20
594	22	70
594	23	90
594	24	70
594	25	50
594	26	70
594	27	70
594	28	40
594	29	70
594	30	70
594	31	20
594	32	70
594	33	70
594	34	0
594	35	70
594	36	0
594	37	20
594	38	50
594	39	90
594	40	70
595	1	90
595	2	90
595	3	90
595	4	0
595	5	110
595	6	90
595	7	70
595	8	20
595	9	90
595	10	20
595	11	20
595	12	0
595	13	110
595	14	110
595	15	110
595	16	70
595	17	90
595	18	40
595	19	70
595	20	90
595	21	50
595	22	0
595	23	110
595	24	90
595	25	70
595	26	0
595	27	20
595	28	90
595	29	20
595	30	70
595	31	70
595	32	50
595	33	90
595	34	90
595	35	20
595	36	50
595	37	50
595	38	50
595	39	90
595	40	90
596	1	70
596	2	40
596	3	30
596	4	50
596	5	40
596	6	50
596	7	80
596	8	70
596	9	90
596	10	90
596	11	70
596	12	70
596	13	100
596	14	110
596	15	90
596	16	30
596	17	80
596	18	90
596	19	80
596	20	90
596	21	30
596	22	80
596	23	100
596	24	100
596	25	80
596	26	50
596	27	80
596	28	20
596	29	90
596	30	80
596	31	40
596	32	50
596	33	90
596	34	60
596	35	70
596	36	0
596	37	20
596	38	60
596	39	70
596	40	100
597	1	110
597	2	20
597	3	30
597	4	50
597	5	60
597	6	50
597	7	80
597	8	50
597	9	110
597	10	70
597	11	90
597	12	70
597	13	120
597	14	110
597	15	90
597	16	30
597	17	100
597	18	90
597	19	100
597	20	70
597	21	10
597	22	60
597	23	140
597	24	100
597	25	80
597	26	50
597	27	80
597	28	60
597	29	70
597	30	100
597	31	40
597	32	70
597	33	70
597	34	60
597	35	70
597	36	0
597	37	20
597	38	60
597	39	90
597	40	120
598	1	70
598	2	40
598	3	50
598	4	60
598	5	50
598	6	30
598	7	60
598	8	80
598	9	100
598	10	60
598	11	80
598	12	50
598	13	120
598	14	110
598	15	120
598	16	50
598	17	80
598	18	100
598	19	60
598	20	80
598	21	10
598	22	60
598	23	100
598	24	120
598	25	60
598	26	60
598	27	100
598	28	70
598	29	80
598	30	80
598	31	50
598	32	50
598	33	80
598	34	50
598	35	100
598	36	10
598	37	20
598	38	60
598	39	100
598	40	120
599	1	90
599	2	90
599	3	100
599	4	10
599	5	110
599	6	100
599	7	100
599	8	20
599	9	100
599	10	30
599	11	20
599	12	0
599	13	140
599	14	130
599	15	100
599	16	100
599	17	100
599	18	70
599	19	80
599	20	70
599	21	60
599	22	10
599	23	120
599	24	120
599	25	80
599	26	20
599	27	50
599	28	130
599	29	30
599	30	80
599	31	90
599	32	50
599	33	100
599	34	90
599	35	50
599	36	60
599	37	70
599	38	60
599	39	120
599	40	100
600	1	110
600	2	90
600	3	100
600	4	10
600	5	90
600	6	80
600	7	100
600	8	40
600	9	80
600	10	50
600	11	20
600	12	0
600	13	120
600	14	90
600	15	100
600	16	100
600	17	100
600	18	50
600	19	100
600	20	90
600	21	80
600	22	30
600	23	120
600	24	100
600	25	80
600	26	20
600	27	30
600	28	90
600	29	30
600	30	80
600	31	70
600	32	70
600	33	100
600	34	90
600	35	50
600	36	60
600	37	70
600	38	60
600	39	100
600	40	100
601	1	90
601	2	90
601	3	80
601	4	0
601	5	90
601	6	80
601	7	100
601	8	40
601	9	90
601	10	40
601	11	40
601	12	20
601	13	100
601	14	70
601	15	90
601	16	100
601	17	100
601	18	20
601	19	80
601	20	90
601	21	80
601	22	30
601	23	100
601	24	100
601	25	80
601	26	20
601	27	10
601	28	90
601	29	20
601	30	100
601	31	70
601	32	50
601	33	70
601	34	110
601	35	40
601	36	50
601	37	70
601	38	60
601	39	90
601	40	80
602	1	50
602	2	90
602	3	50
602	4	0
602	5	70
602	6	70
602	7	70
602	8	20
602	9	90
602	10	20
602	11	20
602	12	20
602	13	70
602	14	90
602	15	70
602	16	90
602	17	50
602	18	20
602	19	50
602	20	50
602	21	70
602	22	20
602	23	70
602	24	110
602	25	50
602	26	20
602	27	20
602	28	110
602	29	40
602	30	70
602	31	110
602	32	50
602	33	50
602	34	90
602	35	40
602	36	50
602	37	90
602	38	50
602	39	90
602	40	90
603	1	70
603	2	70
603	3	60
603	4	10
603	5	80
603	6	80
603	7	60
603	8	10
603	9	100
603	10	10
603	11	30
603	12	20
603	13	80
603	14	90
603	15	80
603	16	80
603	17	60
603	18	30
603	19	80
603	20	60
603	21	60
603	22	10
603	23	100
603	24	100
603	25	60
603	26	10
603	27	30
603	28	100
603	29	30
603	30	80
603	31	100
603	32	70
603	33	60
603	34	100
603	35	30
603	36	60
603	37	70
603	38	60
603	39	80
603	40	120
604	1	90
604	2	20
604	3	40
604	4	50
604	5	40
604	6	20
604	7	90
604	8	70
604	9	70
604	10	70
604	11	70
604	12	50
604	13	110
604	14	90
604	15	70
604	16	20
604	17	90
604	18	90
604	19	70
604	20	70
604	21	0
604	22	50
604	23	90
604	24	70
604	25	70
604	26	70
604	27	70
604	28	40
604	29	50
604	30	70
604	31	0
604	32	50
604	33	90
604	34	20
604	35	70
604	36	0
604	37	0
604	38	50
604	39	90
604	40	50
605	1	110
605	2	20
605	3	30
605	4	60
605	5	50
605	6	30
605	7	80
605	8	80
605	9	100
605	10	80
605	11	100
605	12	70
605	13	100
605	14	70
605	15	100
605	16	30
605	17	100
605	18	80
605	19	100
605	20	100
605	21	10
605	22	60
605	23	120
605	24	80
605	25	80
605	26	60
605	27	60
605	28	30
605	29	60
605	30	100
605	31	10
605	32	70
605	33	80
605	34	70
605	35	80
605	36	10
605	37	0
605	38	60
605	39	80
605	40	100
606	1	90
606	2	20
606	3	40
606	4	70
606	5	40
606	6	20
606	7	70
606	8	70
606	9	70
606	10	50
606	11	70
606	12	50
606	13	90
606	14	70
606	15	90
606	16	20
606	17	90
606	18	70
606	19	70
606	20	70
606	21	0
606	22	50
606	23	90
606	24	70
606	25	70
606	26	70
606	27	70
606	28	40
606	29	50
606	30	70
606	31	0
606	32	70
606	33	70
606	34	0
606	35	70
606	36	20
606	37	0
606	38	70
606	39	90
606	40	70
607	1	50
607	2	40
607	3	0
607	4	50
607	5	0
607	6	0
607	7	70
607	8	90
607	9	70
607	10	70
607	11	70
607	12	70
607	13	50
607	14	50
607	15	70
607	16	40
607	17	50
607	18	50
607	19	50
607	20	70
607	21	20
607	22	70
607	23	50
607	24	90
607	25	50
607	26	70
607	27	50
607	28	20
607	29	70
607	30	70
607	31	20
607	32	50
607	33	50
607	34	40
607	35	90
607	36	0
607	37	20
607	38	50
607	39	70
607	40	70
608	1	70
608	2	20
608	3	40
608	4	50
608	5	20
608	6	0
608	7	70
608	8	70
608	9	70
608	10	50
608	11	70
608	12	50
608	13	110
608	14	90
608	15	70
608	16	40
608	17	70
608	18	90
608	19	50
608	20	50
608	21	0
608	22	50
608	23	70
608	24	90
608	25	50
608	26	70
608	27	90
608	28	60
608	29	50
608	30	70
608	31	20
608	32	50
608	33	70
608	34	20
608	35	90
608	36	0
608	37	20
608	38	50
608	39	90
608	40	70
609	1	90
609	2	40
609	3	10
609	4	60
609	5	40
609	6	50
609	7	80
609	8	70
609	9	100
609	10	80
609	11	70
609	12	70
609	13	100
609	14	110
609	15	100
609	16	50
609	17	80
609	18	100
609	19	100
609	20	90
609	21	10
609	22	60
609	23	120
609	24	120
609	25	80
609	26	50
609	27	80
609	28	40
609	29	80
609	30	80
609	31	40
609	32	70
609	33	80
609	34	80
609	35	100
609	36	10
609	37	20
609	38	60
609	39	80
609	40	140
610	1	90
610	2	20
610	3	10
610	4	60
610	5	30
610	6	30
610	7	80
610	8	80
610	9	80
610	10	80
610	11	80
610	12	70
610	13	100
610	14	90
610	15	80
610	16	50
610	17	80
610	18	100
610	19	100
610	20	100
610	21	10
610	22	60
610	23	100
610	24	100
610	25	80
610	26	60
610	27	80
610	28	30
610	29	60
610	30	80
610	31	30
610	32	70
610	33	80
610	34	90
610	35	100
610	36	10
610	37	20
610	38	60
610	39	60
610	40	120
611	1	70
611	2	40
611	3	20
611	4	50
611	5	20
611	6	20
611	7	50
611	8	70
611	9	70
611	10	50
611	11	50
611	12	50
611	13	90
611	14	110
611	15	90
611	16	40
611	17	50
611	18	90
611	19	70
611	20	70
611	21	0
611	22	50
611	23	90
611	24	110
611	25	50
611	26	50
611	27	90
611	28	40
611	29	70
611	30	50
611	31	40
611	32	70
611	33	70
611	34	40
611	35	90
611	36	0
611	37	20
611	38	50
611	39	70
611	40	130
612	1	70
612	2	60
612	3	30
612	4	50
612	5	40
612	6	50
612	7	100
612	8	90
612	9	70
612	10	70
612	11	50
612	12	50
612	13	120
612	14	130
612	15	90
612	16	70
612	17	80
612	18	110
612	19	80
612	20	90
612	21	10
612	22	60
612	23	100
612	24	140
612	25	80
612	26	70
612	27	100
612	28	60
612	29	70
612	30	60
612	31	40
612	32	50
612	33	90
612	34	60
612	35	110
612	36	0
612	37	20
612	38	60
612	39	90
612	40	120
613	1	90
613	2	70
613	3	80
613	4	0
613	5	70
613	6	60
613	7	60
613	8	20
613	9	90
613	10	0
613	11	40
613	12	20
613	13	80
613	14	50
613	15	90
613	16	80
613	17	80
613	18	0
613	19	80
613	20	70
613	21	60
613	22	10
613	23	100
613	24	80
613	25	60
613	26	0
613	27	10
613	28	70
613	29	0
613	30	100
613	31	50
613	32	70
613	33	50
613	34	90
613	35	20
613	36	50
613	37	50
613	38	60
613	39	70
613	40	100
614	1	50
614	2	90
614	3	80
614	4	10
614	5	80
614	6	80
614	7	80
614	8	30
614	9	80
614	10	10
614	11	10
614	12	0
614	13	80
614	14	90
614	15	80
614	16	80
614	17	60
614	18	30
614	19	60
614	20	60
614	21	60
614	22	10
614	23	80
614	24	100
614	25	60
614	26	30
614	27	30
614	28	100
614	29	30
614	30	60
614	31	80
614	32	50
614	33	80
614	34	60
614	35	30
614	36	60
614	37	50
614	38	60
614	39	100
614	40	80
615	1	110
615	2	40
615	3	40
615	4	50
615	5	40
615	6	20
615	7	90
615	8	90
615	9	70
615	10	90
615	11	70
615	12	50
615	13	130
615	14	110
615	15	90
615	16	60
615	17	90
615	18	110
615	19	90
615	20	90
615	21	20
615	22	70
615	23	110
615	24	110
615	25	70
615	26	70
615	27	90
615	28	60
615	29	70
615	30	70
615	31	40
615	32	70
615	33	90
615	34	60
615	35	110
615	36	0
615	37	40
615	38	50
615	39	90
615	40	110
616	1	90
616	2	90
616	3	100
616	4	10
616	5	120
616	6	100
616	7	80
616	8	30
616	9	120
616	10	50
616	11	50
616	12	20
616	13	120
616	14	110
616	15	120
616	16	80
616	17	100
616	18	50
616	19	80
616	20	100
616	21	80
616	22	30
616	23	120
616	24	100
616	25	80
616	26	10
616	27	30
616	28	100
616	29	50
616	30	100
616	31	100
616	32	50
616	33	100
616	34	120
616	35	30
616	36	60
616	37	70
616	38	60
616	39	100
616	40	100
617	1	90
617	2	40
617	3	40
617	4	50
617	5	60
617	6	40
617	7	90
617	8	70
617	9	90
617	10	70
617	11	70
617	12	50
617	13	110
617	14	110
617	15	90
617	16	20
617	17	90
617	18	90
617	19	70
617	20	70
617	21	0
617	22	50
617	23	110
617	24	90
617	25	70
617	26	70
617	27	70
617	28	60
617	29	70
617	30	70
617	31	20
617	32	50
617	33	90
617	34	20
617	35	70
617	36	0
617	37	0
617	38	50
617	39	110
617	40	70
618	1	70
618	2	90
618	3	80
618	4	30
618	5	70
618	6	80
618	7	80
618	8	40
618	9	60
618	10	10
618	11	0
618	12	0
618	13	80
618	14	70
618	15	100
618	16	100
618	17	80
618	18	30
618	19	80
618	20	90
618	21	60
618	22	10
618	23	80
618	24	100
618	25	80
618	26	20
618	27	30
618	28	70
618	29	10
618	30	60
618	31	50
618	32	70
618	33	80
618	34	70
618	35	50
618	36	80
618	37	50
618	38	80
618	39	80
618	40	100
619	1	50
619	2	60
619	3	30
619	4	60
619	5	30
619	6	30
619	7	80
619	8	100
619	9	80
619	10	60
619	11	60
619	12	50
619	13	80
619	14	90
619	15	100
619	16	50
619	17	60
619	18	80
619	19	60
619	20	80
619	21	10
619	22	60
619	23	80
619	24	120
619	25	60
619	26	80
619	27	80
619	28	50
619	29	80
619	30	60
619	31	30
619	32	50
619	33	80
619	34	30
619	35	100
619	36	10
619	37	0
619	38	60
619	39	100
619	40	100
620	1	90
620	2	90
620	3	90
620	4	0
620	5	110
620	6	90
620	7	70
620	8	20
620	9	90
620	10	20
620	11	20
620	12	0
620	13	110
620	14	110
620	15	110
620	16	70
620	17	90
620	18	40
620	19	70
620	20	90
620	21	50
620	22	0
620	23	110
620	24	90
620	25	70
620	26	0
620	27	20
620	28	90
620	29	20
620	30	70
620	31	70
620	32	50
620	33	90
620	34	90
620	35	20
620	36	50
620	37	50
620	38	50
620	39	90
620	40	90
621	1	90
621	2	90
621	3	60
621	4	0
621	5	90
621	6	100
621	7	80
621	8	20
621	9	90
621	10	20
621	11	20
621	12	20
621	13	100
621	14	110
621	15	90
621	16	100
621	17	80
621	18	40
621	19	100
621	20	90
621	21	60
621	22	10
621	23	120
621	24	120
621	25	80
621	26	0
621	27	30
621	28	90
621	29	20
621	30	80
621	31	90
621	32	70
621	33	70
621	34	130
621	35	40
621	36	50
621	37	70
621	38	60
621	39	70
621	40	140
622	1	90
622	2	90
622	3	80
622	4	10
622	5	90
622	6	80
622	7	100
622	8	40
622	9	100
622	10	50
622	11	40
622	12	20
622	13	100
622	14	70
622	15	100
622	16	100
622	17	100
622	18	30
622	19	80
622	20	90
622	21	80
622	22	30
622	23	100
622	24	100
622	25	80
622	26	20
622	27	10
622	28	90
622	29	30
622	30	100
622	31	70
622	32	50
622	33	80
622	34	110
622	35	50
622	36	60
622	37	70
622	38	60
622	39	100
622	40	80
623	1	70
623	2	70
623	3	100
623	4	10
623	5	70
623	6	60
623	7	80
623	8	20
623	9	80
623	10	10
623	11	20
623	12	0
623	13	100
623	14	70
623	15	80
623	16	80
623	17	80
623	18	30
623	19	60
623	20	50
623	21	60
623	22	10
623	23	80
623	24	80
623	25	60
623	26	20
623	27	30
623	28	90
623	29	10
623	30	80
623	31	50
623	32	50
623	33	80
623	34	50
623	35	30
623	36	60
623	37	50
623	38	60
623	39	100
623	40	60
624	1	110
624	2	0
624	3	40
624	4	50
624	5	40
624	6	20
624	7	70
624	8	50
624	9	70
624	10	70
624	11	70
624	12	50
624	13	130
624	14	110
624	15	70
624	16	20
624	17	90
624	18	110
624	19	90
624	20	70
624	21	0
624	22	50
624	23	110
624	24	70
624	25	70
624	26	50
624	27	90
624	28	40
624	29	50
624	30	70
624	31	20
624	32	70
624	33	90
624	34	40
624	35	70
624	36	0
624	37	20
624	38	50
624	39	70
624	40	90
625	1	90
625	2	20
625	3	40
625	4	50
625	5	20
625	6	0
625	7	50
625	8	70
625	9	70
625	10	50
625	11	70
625	12	50
625	13	90
625	14	70
625	15	90
625	16	20
625	17	70
625	18	70
625	19	70
625	20	70
625	21	0
625	22	50
625	23	90
625	24	70
625	25	50
625	26	50
625	27	70
625	28	20
625	29	50
625	30	70
625	31	0
625	32	70
625	33	70
625	34	20
625	35	70
625	36	0
625	37	0
625	38	50
625	39	70
625	40	90
626	1	70
626	2	20
626	3	30
626	4	60
626	5	50
626	6	50
626	7	80
626	8	60
626	9	100
626	10	100
626	11	80
626	12	70
626	13	120
626	14	130
626	15	80
626	16	30
626	17	80
626	18	120
626	19	80
626	20	80
626	21	30
626	22	80
626	23	100
626	24	100
626	25	80
626	26	60
626	27	100
626	28	50
626	29	100
626	30	80
626	31	70
626	32	50
626	33	100
626	34	70
626	35	80
626	36	10
626	37	40
626	38	60
626	39	80
626	40	100
627	1	90
627	2	110
627	3	80
627	4	10
627	5	120
627	6	100
627	7	100
627	8	50
627	9	120
627	10	50
627	11	50
627	12	20
627	13	100
627	14	90
627	15	120
627	16	100
627	17	100
627	18	30
627	19	80
627	20	100
627	21	80
627	22	30
627	23	120
627	24	120
627	25	80
627	26	30
627	27	10
627	28	120
627	29	50
627	30	100
627	31	100
627	32	50
627	33	80
627	34	120
627	35	50
627	36	60
627	37	70
627	38	60
627	39	120
627	40	100
628	1	50
628	2	0
628	3	30
628	4	50
628	5	0
628	6	10
628	7	60
628	8	50
628	9	70
628	10	70
628	11	70
628	12	70
628	13	100
628	14	90
628	15	50
628	16	30
628	17	60
628	18	90
628	19	60
628	20	50
628	21	30
628	22	80
628	23	60
628	24	80
628	25	60
628	26	50
628	27	100
628	28	20
628	29	70
628	30	80
628	31	40
628	32	50
628	33	70
628	34	40
628	35	70
628	36	0
628	37	40
628	38	60
628	39	50
628	40	80
629	1	90
629	2	20
629	3	50
629	4	60
629	5	60
629	6	50
629	7	80
629	8	50
629	9	100
629	10	80
629	11	70
629	12	50
629	13	140
629	14	130
629	15	100
629	16	30
629	17	100
629	18	120
629	19	80
629	20	70
629	21	10
629	22	60
629	23	120
629	24	100
629	25	80
629	26	50
629	27	100
629	28	60
629	29	80
629	30	80
629	31	40
629	32	50
629	33	100
629	34	40
629	35	80
629	36	10
629	37	20
629	38	60
629	39	100
629	40	100
630	1	90
630	2	20
630	3	50
630	4	50
630	5	40
630	6	30
630	7	80
630	8	70
630	9	70
630	10	70
630	11	70
630	12	50
630	13	120
630	14	90
630	15	90
630	16	30
630	17	100
630	18	90
630	19	80
630	20	90
630	21	10
630	22	60
630	23	100
630	24	80
630	25	80
630	26	50
630	27	80
630	28	20
630	29	50
630	30	80
630	31	0
630	32	50
630	33	90
630	34	40
630	35	70
630	36	0
630	37	0
630	38	60
630	39	70
630	40	80
631	1	110
631	2	60
631	3	40
631	4	50
631	5	60
631	6	40
631	7	90
631	8	90
631	9	90
631	10	90
631	11	70
631	12	50
631	13	130
631	14	130
631	15	110
631	16	60
631	17	90
631	18	110
631	19	90
631	20	90
631	21	20
631	22	70
631	23	130
631	24	130
631	25	70
631	26	70
631	27	90
631	28	80
631	29	90
631	30	70
631	31	60
631	32	70
631	33	90
631	34	60
631	35	110
631	36	0
631	37	40
631	38	50
631	39	110
631	40	130
632	1	110
632	2	20
632	3	30
632	4	60
632	5	70
632	6	50
632	7	80
632	8	60
632	9	120
632	10	80
632	11	100
632	12	70
632	13	120
632	14	110
632	15	100
632	16	30
632	17	100
632	18	100
632	19	100
632	20	80
632	21	10
632	22	60
632	23	140
632	24	100
632	25	80
632	26	60
632	27	80
632	28	70
632	29	80
632	30	100
632	31	50
632	32	70
632	33	80
632	34	70
632	35	80
632	36	10
632	37	20
632	38	60
632	39	100
632	40	120
633	1	90
633	2	70
633	3	80
633	4	10
633	5	70
633	6	80
633	7	80
633	8	20
633	9	60
633	10	30
633	11	0
633	12	0
633	13	100
633	14	90
633	15	80
633	16	80
633	17	80
633	18	50
633	19	100
633	20	90
633	21	60
633	22	10
633	23	100
633	24	80
633	25	80
633	26	0
633	27	30
633	28	50
633	29	10
633	30	60
633	31	50
633	32	70
633	33	100
633	34	90
633	35	30
633	36	60
633	37	50
633	38	60
633	39	60
633	40	100
634	1	50
634	2	40
634	3	30
634	4	60
634	5	20
634	6	30
634	7	60
634	8	70
634	9	100
634	10	80
634	11	70
634	12	70
634	13	80
634	14	90
634	15	100
634	16	30
634	17	60
634	18	80
634	19	60
634	20	70
634	21	30
634	22	80
634	23	80
634	24	100
634	25	60
634	26	50
634	27	80
634	28	20
634	29	100
634	30	80
634	31	40
634	32	50
634	33	80
634	34	40
634	35	80
634	36	10
634	37	20
634	38	60
634	39	80
634	40	100
635	1	70
635	2	20
635	3	30
635	4	60
635	5	40
635	6	50
635	7	80
635	8	50
635	9	100
635	10	100
635	11	70
635	12	70
635	13	120
635	14	130
635	15	80
635	16	30
635	17	80
635	18	120
635	19	80
635	20	70
635	21	30
635	22	80
635	23	100
635	24	100
635	25	80
635	26	50
635	27	100
635	28	40
635	29	100
635	30	80
635	31	60
635	32	50
635	33	100
635	34	60
635	35	80
635	36	10
635	37	40
635	38	60
635	39	80
635	40	100
636	1	70
636	2	50
636	3	70
636	4	0
636	5	70
636	6	70
636	7	70
636	8	0
636	9	70
636	10	40
636	11	20
636	12	20
636	13	90
636	14	90
636	15	50
636	16	50
636	17	70
636	18	40
636	19	70
636	20	70
636	21	70
636	22	20
636	23	70
636	24	50
636	25	70
636	26	0
636	27	20
636	28	50
636	29	20
636	30	70
636	31	70
636	32	50
636	33	90
636	34	90
636	35	0
636	36	50
636	37	70
636	38	50
636	39	50
636	40	50
637	1	90
637	2	40
637	3	30
637	4	50
637	5	60
637	6	50
637	7	100
637	8	70
637	9	110
637	10	90
637	11	90
637	12	70
637	13	120
637	14	110
637	15	90
637	16	50
637	17	100
637	18	90
637	19	80
637	20	70
637	21	30
637	22	80
637	23	120
637	24	120
637	25	80
637	26	70
637	27	80
637	28	80
637	29	90
637	30	100
637	31	60
637	32	50
637	33	70
637	34	60
637	35	90
637	36	0
637	37	40
637	38	60
637	39	110
637	40	100
638	1	90
638	2	70
638	3	80
638	4	10
638	5	90
638	6	80
638	7	100
638	8	20
638	9	100
638	10	50
638	11	40
638	12	20
638	13	100
638	14	70
638	15	80
638	16	80
638	17	100
638	18	30
638	19	80
638	20	70
638	21	80
638	22	30
638	23	100
638	24	80
638	25	80
638	26	20
638	27	10
638	28	90
638	29	30
638	30	100
638	31	70
638	32	50
638	33	80
638	34	90
638	35	30
638	36	60
638	37	70
638	38	60
638	39	100
638	40	60
639	1	70
639	2	40
639	3	30
639	4	60
639	5	0
639	6	10
639	7	80
639	8	90
639	9	60
639	10	80
639	11	50
639	12	50
639	13	80
639	14	70
639	15	80
639	16	50
639	17	60
639	18	80
639	19	80
639	20	70
639	21	30
639	22	80
639	23	80
639	24	100
639	25	60
639	26	70
639	27	80
639	28	20
639	29	80
639	30	60
639	31	20
639	32	70
639	33	80
639	34	20
639	35	100
639	36	10
639	37	20
639	38	60
639	39	80
639	40	100
640	1	70
640	2	50
640	3	60
640	4	10
640	5	60
640	6	60
640	7	60
640	8	10
640	9	80
640	10	10
640	11	30
640	12	20
640	13	80
640	14	70
640	15	60
640	16	80
640	17	60
640	18	30
640	19	80
640	20	60
640	21	60
640	22	10
640	23	80
640	24	80
640	25	60
640	26	10
640	27	30
640	28	80
640	29	10
640	30	80
640	31	80
640	32	70
640	33	60
640	34	100
640	35	30
640	36	60
640	37	70
640	38	60
640	39	60
640	40	100
641	1	90
641	2	110
641	3	100
641	4	10
641	5	120
641	6	100
641	7	100
641	8	50
641	9	100
641	10	30
641	11	30
641	12	0
641	13	140
641	14	130
641	15	120
641	16	120
641	17	100
641	18	70
641	19	80
641	20	100
641	21	60
641	22	10
641	23	120
641	24	140
641	25	80
641	26	30
641	27	50
641	28	140
641	29	30
641	30	80
641	31	100
641	32	50
641	33	100
641	34	120
641	35	70
641	36	60
641	37	70
641	38	60
641	39	120
641	40	120
642	1	50
642	2	70
642	3	80
642	4	10
642	5	80
642	6	80
642	7	60
642	8	10
642	9	100
642	10	30
642	11	30
642	12	20
642	13	100
642	14	110
642	15	80
642	16	80
642	17	60
642	18	50
642	19	60
642	20	60
642	21	80
642	22	30
642	23	80
642	24	100
642	25	60
642	26	10
642	27	50
642	28	100
642	29	50
642	30	80
642	31	120
642	32	50
642	33	80
642	34	100
642	35	30
642	36	60
642	37	90
642	38	60
642	39	80
642	40	100
643	1	90
643	2	20
643	3	30
643	4	60
643	5	30
643	6	30
643	7	80
643	8	80
643	9	60
643	10	80
643	11	60
643	12	50
643	13	100
643	14	90
643	15	80
643	16	30
643	17	80
643	18	100
643	19	100
643	20	100
643	21	10
643	22	60
643	23	100
643	24	80
643	25	80
643	26	60
643	27	80
643	28	10
643	29	60
643	30	60
643	31	10
643	32	70
643	33	100
643	34	50
643	35	80
643	36	10
643	37	0
643	38	60
643	39	60
643	40	100
644	1	70
644	2	40
644	3	0
644	4	50
644	5	40
644	6	40
644	7	90
644	8	70
644	9	90
644	10	90
644	11	70
644	12	70
644	13	70
644	14	90
644	15	70
644	16	20
644	17	70
644	18	70
644	19	70
644	20	70
644	21	20
644	22	70
644	23	90
644	24	90
644	25	70
644	26	70
644	27	50
644	28	40
644	29	90
644	30	70
644	31	40
644	32	50
644	33	70
644	34	40
644	35	70
644	36	0
644	37	20
644	38	50
644	39	90
644	40	70
645	1	70
645	2	90
645	3	80
645	4	30
645	5	70
645	6	80
645	7	80
645	8	40
645	9	60
645	10	10
645	11	0
645	12	0
645	13	100
645	14	90
645	15	100
645	16	120
645	17	80
645	18	50
645	19	80
645	20	90
645	21	60
645	22	10
645	23	80
645	24	120
645	25	80
645	26	20
645	27	50
645	28	90
645	29	10
645	30	60
645	31	70
645	32	70
645	33	80
645	34	90
645	35	70
645	36	80
645	37	70
645	38	80
645	39	80
645	40	120
646	1	70
646	2	70
646	3	100
646	4	0
646	5	70
646	6	60
646	7	60
646	8	20
646	9	70
646	10	0
646	11	20
646	12	0
646	13	100
646	14	70
646	15	90
646	16	80
646	17	80
646	18	20
646	19	60
646	20	70
646	21	60
646	22	10
646	23	80
646	24	80
646	25	60
646	26	0
646	27	30
646	28	70
646	29	0
646	30	80
646	31	50
646	32	50
646	33	70
646	34	70
646	35	20
646	36	50
646	37	50
646	38	60
646	39	70
646	40	80
647	1	90
647	2	60
647	3	30
647	4	60
647	5	70
647	6	50
647	7	100
647	8	100
647	9	120
647	10	100
647	11	100
647	12	70
647	13	100
647	14	90
647	15	120
647	16	50
647	17	100
647	18	80
647	19	80
647	20	100
647	21	30
647	22	80
647	23	120
647	24	120
647	25	80
647	26	80
647	27	60
647	28	70
647	29	100
647	30	100
647	31	50
647	32	50
647	33	80
647	34	70
647	35	100
647	36	10
647	37	20
647	38	60
647	39	120
647	40	100
648	1	50
648	2	70
648	3	80
648	4	0
648	5	50
648	6	60
648	7	60
648	8	20
648	9	50
648	10	0
648	11	0
648	12	0
648	13	100
648	14	90
648	15	70
648	16	100
648	17	60
648	18	40
648	19	60
648	20	70
648	21	60
648	22	10
648	23	60
648	24	100
648	25	60
648	26	0
648	27	50
648	28	70
648	29	0
648	30	60
648	31	70
648	32	50
648	33	70
648	34	90
648	35	40
648	36	50
648	37	70
648	38	60
648	39	50
648	40	100
649	1	90
649	2	110
649	3	80
649	4	0
649	5	110
649	6	100
649	7	100
649	8	40
649	9	110
649	10	40
649	11	40
649	12	20
649	13	100
649	14	90
649	15	110
649	16	100
649	17	100
649	18	20
649	19	80
649	20	90
649	21	80
649	22	30
649	23	120
649	24	120
649	25	80
649	26	20
649	27	10
649	28	110
649	29	40
649	30	100
649	31	90
649	32	50
649	33	70
649	34	110
649	35	40
649	36	50
649	37	70
649	38	60
649	39	110
649	40	100
650	1	70
650	2	20
650	3	10
650	4	60
650	5	0
650	6	10
650	7	60
650	8	70
650	9	80
650	10	60
650	11	70
650	12	70
650	13	60
650	14	50
650	15	80
650	16	30
650	17	60
650	18	60
650	19	80
650	20	70
650	21	10
650	22	60
650	23	80
650	24	80
650	25	60
650	26	50
650	27	60
650	28	0
650	29	60
650	30	80
650	31	0
650	32	70
650	33	60
650	34	40
650	35	80
650	36	10
650	37	0
650	38	60
650	39	60
650	40	100
651	1	90
651	2	90
651	3	80
651	4	20
651	5	90
651	6	100
651	7	100
651	8	40
651	9	50
651	10	20
651	11	0
651	12	0
651	13	120
651	14	110
651	15	90
651	16	120
651	17	100
651	18	60
651	19	100
651	20	110
651	21	60
651	22	10
651	23	100
651	24	120
651	25	100
651	26	20
651	27	50
651	28	90
651	29	0
651	30	60
651	31	70
651	32	70
651	33	90
651	34	110
651	35	60
651	36	70
651	37	70
651	38	80
651	39	70
651	40	120
652	1	70
652	2	60
652	3	30
652	4	80
652	5	40
652	6	50
652	7	80
652	8	90
652	9	80
652	10	60
652	11	50
652	12	50
652	13	100
652	14	110
652	15	120
652	16	70
652	17	80
652	18	100
652	19	80
652	20	90
652	21	10
652	22	60
652	23	100
652	24	140
652	25	80
652	26	70
652	27	100
652	28	60
652	29	80
652	30	60
652	31	40
652	32	70
652	33	80
652	34	40
652	35	120
652	36	30
652	37	20
652	38	80
652	39	100
652	40	140
653	1	70
653	2	90
653	3	80
653	4	10
653	5	90
653	6	100
653	7	80
653	8	20
653	9	80
653	10	30
653	11	0
653	12	0
653	13	100
653	14	110
653	15	100
653	16	80
653	17	80
653	18	50
653	19	80
653	20	90
653	21	60
653	22	10
653	23	100
653	24	100
653	25	80
653	26	0
653	27	30
653	28	70
653	29	30
653	30	60
653	31	70
653	32	50
653	33	100
653	34	90
653	35	30
653	36	60
653	37	50
653	38	60
653	39	80
653	40	100
654	1	50
654	2	20
654	3	10
654	4	50
654	5	0
654	6	10
654	7	80
654	8	70
654	9	70
654	10	70
654	11	70
654	12	70
654	13	60
654	14	50
654	15	50
654	16	30
654	17	60
654	18	50
654	19	60
654	20	50
654	21	30
654	22	80
654	23	60
654	24	80
654	25	60
654	26	70
654	27	60
654	28	20
654	29	70
654	30	80
654	31	20
654	32	50
654	33	50
654	34	20
654	35	70
654	36	0
654	37	20
654	38	60
654	39	70
654	40	60
655	1	70
655	2	0
655	3	10
655	4	50
655	5	0
655	6	10
655	7	60
655	8	50
655	9	70
655	10	50
655	11	70
655	12	70
655	13	80
655	14	70
655	15	50
655	16	30
655	17	60
655	18	70
655	19	80
655	20	50
655	21	10
655	22	60
655	23	80
655	24	80
655	25	60
655	26	50
655	27	80
655	28	20
655	29	50
655	30	80
655	31	20
655	32	70
655	33	50
655	34	40
655	35	70
655	36	0
655	37	20
655	38	60
655	39	50
655	40	100
656	1	90
656	2	40
656	3	30
656	4	60
656	5	40
656	6	30
656	7	100
656	8	90
656	9	100
656	10	100
656	11	90
656	12	70
656	13	120
656	14	90
656	15	100
656	16	70
656	17	100
656	18	100
656	19	80
656	20	90
656	21	30
656	22	80
656	23	100
656	24	120
656	25	80
656	26	70
656	27	80
656	28	60
656	29	80
656	30	100
656	31	40
656	32	50
656	33	80
656	34	80
656	35	120
656	36	10
656	37	40
656	38	60
656	39	100
656	40	100
657	1	90
657	2	90
657	3	100
657	4	10
657	5	80
657	6	60
657	7	80
657	8	50
657	9	80
657	10	30
657	11	30
657	12	0
657	13	120
657	14	90
657	15	100
657	16	120
657	17	80
657	18	50
657	19	80
657	20	80
657	21	80
657	22	30
657	23	100
657	24	120
657	25	60
657	26	30
657	27	50
657	28	120
657	29	30
657	30	80
657	31	100
657	32	70
657	33	80
657	34	100
657	35	70
657	36	60
657	37	90
657	38	60
657	39	100
657	40	120
658	1	70
658	2	70
658	3	80
658	4	10
658	5	70
658	6	80
658	7	80
658	8	20
658	9	60
658	10	30
658	11	0
658	12	0
658	13	100
658	14	90
658	15	80
658	16	80
658	17	80
658	18	50
658	19	80
658	20	90
658	21	60
658	22	10
658	23	80
658	24	80
658	25	80
658	26	0
658	27	30
658	28	50
658	29	10
658	30	60
658	31	50
658	32	50
658	33	100
658	34	90
658	35	30
658	36	60
658	37	50
658	38	60
658	39	60
658	40	80
659	1	90
659	2	50
659	3	100
659	4	10
659	5	70
659	6	60
659	7	60
659	8	0
659	9	80
659	10	10
659	11	20
659	12	0
659	13	120
659	14	90
659	15	80
659	16	80
659	17	80
659	18	50
659	19	80
659	20	50
659	21	60
659	22	10
659	23	100
659	24	80
659	25	60
659	26	0
659	27	50
659	28	90
659	29	10
659	30	80
659	31	70
659	32	70
659	33	80
659	34	70
659	35	30
659	36	60
659	37	70
659	38	60
659	39	80
659	40	100
660	1	70
660	2	110
660	3	80
660	4	0
660	5	90
660	6	100
660	7	100
660	8	40
660	9	70
660	10	20
660	11	0
660	12	0
660	13	100
660	14	110
660	15	90
660	16	100
660	17	80
660	18	40
660	19	80
660	20	90
660	21	60
660	22	10
660	23	100
660	24	120
660	25	80
660	26	20
660	27	30
660	28	90
660	29	20
660	30	60
660	31	70
660	32	50
660	33	90
660	34	90
660	35	40
660	36	50
660	37	50
660	38	60
660	39	90
660	40	100
661	1	110
661	2	20
661	3	50
661	4	60
661	5	50
661	6	30
661	7	100
661	8	80
661	9	80
661	10	100
661	11	80
661	12	50
661	13	140
661	14	110
661	15	80
661	16	50
661	17	100
661	18	120
661	19	100
661	20	80
661	21	30
661	22	80
661	23	120
661	24	100
661	25	80
661	26	80
661	27	100
661	28	70
661	29	80
661	30	80
661	31	50
661	32	70
661	33	100
661	34	50
661	35	100
661	36	10
661	37	40
661	38	60
661	39	100
661	40	100
662	1	110
662	2	70
662	3	100
662	4	0
662	5	90
662	6	80
662	7	80
662	8	20
662	9	70
662	10	20
662	11	20
662	12	0
662	13	140
662	14	110
662	15	90
662	16	100
662	17	100
662	18	60
662	19	100
662	20	90
662	21	60
662	22	10
662	23	120
662	24	100
662	25	80
662	26	0
662	27	50
662	28	90
662	29	0
662	30	80
662	31	70
662	32	70
662	33	90
662	34	110
662	35	40
662	36	50
662	37	70
662	38	60
662	39	70
662	40	120
663	1	90
663	2	90
663	3	80
663	4	30
663	5	90
663	6	100
663	7	100
663	8	40
663	9	60
663	10	30
663	11	0
663	12	0
663	13	120
663	14	110
663	15	100
663	16	120
663	17	100
663	18	70
663	19	100
663	20	110
663	21	60
663	22	10
663	23	100
663	24	120
663	25	100
663	26	20
663	27	50
663	28	90
663	29	10
663	30	60
663	31	70
663	32	70
663	33	100
663	34	110
663	35	70
663	36	80
663	37	70
663	38	80
663	39	80
663	40	120
664	1	70
664	2	20
664	3	50
664	4	60
664	5	30
664	6	10
664	7	60
664	8	80
664	9	80
664	10	60
664	11	80
664	12	50
664	13	120
664	14	90
664	15	100
664	16	50
664	17	80
664	18	100
664	19	60
664	20	80
664	21	10
664	22	60
664	23	80
664	24	100
664	25	60
664	26	60
664	27	100
664	28	50
664	29	60
664	30	80
664	31	30
664	32	50
664	33	80
664	34	50
664	35	100
664	36	10
664	37	20
664	38	60
664	39	80
664	40	100
665	1	90
665	2	40
665	3	30
665	4	60
665	5	30
665	6	30
665	7	100
665	8	100
665	9	60
665	10	100
665	11	60
665	12	50
665	13	100
665	14	90
665	15	80
665	16	50
665	17	80
665	18	100
665	19	100
665	20	100
665	21	30
665	22	80
665	23	100
665	24	100
665	25	80
665	26	80
665	27	80
665	28	30
665	29	80
665	30	60
665	31	30
665	32	70
665	33	100
665	34	50
665	35	100
665	36	10
665	37	20
665	38	60
665	39	80
665	40	100
666	1	70
666	2	40
666	3	30
666	4	70
666	5	20
666	6	30
666	7	80
666	8	90
666	9	50
666	10	50
666	11	50
666	12	50
666	13	100
666	14	90
666	15	90
666	16	70
666	17	80
666	18	90
666	19	80
666	20	90
666	21	10
666	22	60
666	23	80
666	24	120
666	25	80
666	26	70
666	27	100
666	28	40
666	29	50
666	30	60
666	31	20
666	32	70
666	33	70
666	34	40
666	35	110
666	36	20
666	37	20
666	38	80
666	39	70
666	40	120
667	1	110
667	2	110
667	3	100
667	4	30
667	5	130
667	6	120
667	7	100
667	8	40
667	9	100
667	10	30
667	11	20
667	12	0
667	13	140
667	14	130
667	15	140
667	16	120
667	17	120
667	18	70
667	19	100
667	20	110
667	21	60
667	22	10
667	23	140
667	24	140
667	25	100
667	26	20
667	27	50
667	28	130
667	29	30
667	30	80
667	31	90
667	32	70
667	33	100
667	34	110
667	35	70
667	36	80
667	37	70
667	38	80
667	39	120
667	40	140
668	1	50
668	2	110
668	3	60
668	4	0
668	5	70
668	6	80
668	7	80
668	8	40
668	9	90
668	10	20
668	11	20
668	12	20
668	13	80
668	14	90
668	15	90
668	16	120
668	17	60
668	18	20
668	19	60
668	20	70
668	21	80
668	22	30
668	23	80
668	24	140
668	25	60
668	26	20
668	27	30
668	28	110
668	29	40
668	30	80
668	31	110
668	32	50
668	33	50
668	34	110
668	35	60
668	36	50
668	37	90
668	38	60
668	39	90
668	40	120
669	1	70
669	2	40
669	3	20
669	4	50
669	5	20
669	6	20
669	7	90
669	8	90
669	9	50
669	10	70
669	11	50
669	12	50
669	13	110
669	14	110
669	15	70
669	16	60
669	17	70
669	18	110
669	19	70
669	20	90
669	21	0
669	22	50
669	23	70
669	24	110
669	25	70
669	26	70
669	27	90
669	28	40
669	29	50
669	30	50
669	31	20
669	32	50
669	33	90
669	34	60
669	35	110
669	36	0
669	37	20
669	38	50
669	39	70
669	40	90
670	1	110
670	2	90
670	3	90
670	4	20
670	5	110
670	6	90
670	7	90
670	8	40
670	9	70
670	10	20
670	11	20
670	12	0
670	13	110
670	14	90
670	15	110
670	16	90
670	17	110
670	18	40
670	19	90
670	20	110
670	21	50
670	22	0
670	23	110
670	24	90
670	25	90
670	26	20
670	27	20
670	28	90
670	29	0
670	30	70
670	31	50
670	32	70
670	33	90
670	34	90
670	35	40
670	36	70
670	37	50
670	38	70
670	39	90
670	40	90
671	1	70
671	2	70
671	3	80
671	4	10
671	5	80
671	6	80
671	7	100
671	8	30
671	9	60
671	10	30
671	11	10
671	12	0
671	13	100
671	14	90
671	15	60
671	16	80
671	17	80
671	18	50
671	19	80
671	20	80
671	21	60
671	22	10
671	23	80
671	24	80
671	25	80
671	26	30
671	27	30
671	28	80
671	29	10
671	30	60
671	31	60
671	32	50
671	33	100
671	34	80
671	35	30
671	36	60
671	37	50
671	38	60
671	39	80
671	40	60
672	1	70
672	2	70
672	3	80
672	4	10
672	5	70
672	6	80
672	7	100
672	8	20
672	9	60
672	10	30
672	11	0
672	12	0
672	13	100
672	14	90
672	15	60
672	16	80
672	17	80
672	18	50
672	19	80
672	20	70
672	21	60
672	22	10
672	23	80
672	24	80
672	25	80
672	26	20
672	27	30
672	28	70
672	29	10
672	30	60
672	31	50
672	32	50
672	33	100
672	34	70
672	35	30
672	36	60
672	37	50
672	38	60
672	39	80
672	40	60
673	1	70
673	2	20
673	3	30
673	4	60
673	5	30
673	6	10
673	7	80
673	8	80
673	9	100
673	10	80
673	11	100
673	12	70
673	13	80
673	14	50
673	15	80
673	16	30
673	17	80
673	18	60
673	19	60
673	20	60
673	21	30
673	22	80
673	23	80
673	24	80
673	25	60
673	26	80
673	27	60
673	28	50
673	29	80
673	30	100
673	31	30
673	32	50
673	33	60
673	34	30
673	35	80
673	36	10
673	37	20
673	38	60
673	39	100
673	40	60
674	1	90
674	2	20
674	3	30
674	4	70
674	5	40
674	6	50
674	7	100
674	8	70
674	9	50
674	10	70
674	11	50
674	12	50
674	13	100
674	14	90
674	15	70
674	16	30
674	17	100
674	18	90
674	19	100
674	20	90
674	21	10
674	22	60
674	23	100
674	24	80
674	25	100
674	26	70
674	27	80
674	28	20
674	29	50
674	30	60
674	31	0
674	32	70
674	33	90
674	34	20
674	35	70
674	36	20
674	37	0
674	38	80
674	39	70
674	40	80
675	1	90
675	2	50
675	3	70
675	4	0
675	5	70
675	6	50
675	7	50
675	8	0
675	9	90
675	10	0
675	11	40
675	12	20
675	13	70
675	14	50
675	15	70
675	16	50
675	17	70
675	18	0
675	19	70
675	20	50
675	21	50
675	22	0
675	23	90
675	24	50
675	25	50
675	26	0
675	27	0
675	28	70
675	29	0
675	30	90
675	31	50
675	32	70
675	33	50
675	34	70
675	35	0
675	36	50
675	37	50
675	38	50
675	39	70
675	40	70
676	1	110
676	2	90
676	3	90
676	4	20
676	5	130
676	6	110
676	7	90
676	8	20
676	9	90
676	10	20
676	11	20
676	12	0
676	13	110
676	14	110
676	15	110
676	16	70
676	17	110
676	18	40
676	19	90
676	20	90
676	21	50
676	22	0
676	23	130
676	24	90
676	25	90
676	26	20
676	27	20
676	28	110
676	29	20
676	30	70
676	31	70
676	32	70
676	33	90
676	34	70
676	35	20
676	36	70
676	37	50
676	38	70
676	39	110
676	40	90
677	1	90
677	2	70
677	3	100
677	4	10
677	5	120
677	6	100
677	7	80
677	8	10
677	9	120
677	10	50
677	11	50
677	12	20
677	13	120
677	14	110
677	15	100
677	16	60
677	17	100
677	18	50
677	19	80
677	20	80
677	21	80
677	22	30
677	23	120
677	24	80
677	25	80
677	26	10
677	27	30
677	28	100
677	29	50
677	30	100
677	31	100
677	32	50
677	33	100
677	34	100
677	35	10
677	36	60
677	37	70
677	38	60
677	39	100
677	40	80
678	1	70
678	2	40
678	3	20
678	4	50
678	5	40
678	6	20
678	7	70
678	8	70
678	9	110
678	10	70
678	11	90
678	12	70
678	13	70
678	14	70
678	15	90
678	16	20
678	17	70
678	18	50
678	19	50
678	20	50
678	21	20
678	22	70
678	23	90
678	24	90
678	25	50
678	26	70
678	27	50
678	28	60
678	29	90
678	30	90
678	31	40
678	32	50
678	33	50
678	34	20
678	35	70
678	36	0
678	37	20
678	38	50
678	39	110
678	40	70
679	1	70
679	2	20
679	3	10
679	4	60
679	5	20
679	6	30
679	7	100
679	8	70
679	9	80
679	10	100
679	11	70
679	12	70
679	13	80
679	14	70
679	15	60
679	16	30
679	17	80
679	18	80
679	19	80
679	20	70
679	21	30
679	22	80
679	23	80
679	24	80
679	25	80
679	26	70
679	27	60
679	28	20
679	29	80
679	30	80
679	31	20
679	32	50
679	33	80
679	34	40
679	35	80
679	36	10
679	37	20
679	38	60
679	39	80
679	40	60
680	1	50
680	2	70
680	3	60
680	4	0
680	5	50
680	6	60
680	7	80
680	8	20
680	9	70
680	10	20
680	11	20
680	12	20
680	13	80
680	14	70
680	15	50
680	16	100
680	17	60
680	18	20
680	19	60
680	20	50
680	21	80
680	22	30
680	23	60
680	24	100
680	25	60
680	26	20
680	27	30
680	28	90
680	29	20
680	30	80
680	31	90
680	32	50
680	33	50
680	34	90
680	35	40
680	36	50
680	37	90
680	38	60
680	39	70
680	40	80
681	1	110
681	2	90
681	3	70
681	4	0
681	5	110
681	6	90
681	7	70
681	8	20
681	9	110
681	10	20
681	11	40
681	12	20
681	13	90
681	14	90
681	15	110
681	16	70
681	17	90
681	18	20
681	19	90
681	20	90
681	21	50
681	22	0
681	23	130
681	24	90
681	25	70
681	26	0
681	27	0
681	28	90
681	29	20
681	30	90
681	31	70
681	32	70
681	33	70
681	34	110
681	35	20
681	36	50
681	37	50
681	38	50
681	39	90
681	40	110
682	1	110
682	2	70
682	3	80
682	4	10
682	5	110
682	6	100
682	7	80
682	8	0
682	9	120
682	10	30
682	11	40
682	12	20
682	13	120
682	14	110
682	15	100
682	16	80
682	17	100
682	18	50
682	19	100
682	20	70
682	21	60
682	22	10
682	23	140
682	24	100
682	25	80
682	26	0
682	27	30
682	28	110
682	29	30
682	30	100
682	31	90
682	32	70
682	33	80
682	34	110
682	35	30
682	36	60
682	37	70
682	38	60
682	39	100
682	40	120
683	1	70
683	2	0
683	3	50
683	4	50
683	5	20
683	6	10
683	7	60
683	8	50
683	9	90
683	10	70
683	11	90
683	12	70
683	13	120
683	14	90
683	15	70
683	16	30
683	17	80
683	18	90
683	19	60
683	20	50
683	21	30
683	22	80
683	23	80
683	24	80
683	25	60
683	26	50
683	27	100
683	28	40
683	29	70
683	30	100
683	31	40
683	32	50
683	33	70
683	34	40
683	35	70
683	36	0
683	37	40
683	38	60
683	39	70
683	40	80
684	1	110
684	2	20
684	3	30
684	4	50
684	5	40
684	6	30
684	7	80
684	8	70
684	9	90
684	10	70
684	11	90
684	12	70
684	13	120
684	14	90
684	15	90
684	16	50
684	17	100
684	18	90
684	19	100
684	20	90
684	21	10
684	22	60
684	23	120
684	24	100
684	25	80
684	26	50
684	27	80
684	28	40
684	29	50
684	30	100
684	31	20
684	32	70
684	33	70
684	34	80
684	35	90
684	36	0
684	37	20
684	38	60
684	39	70
684	40	120
685	1	70
685	2	70
685	3	80
685	4	0
685	5	50
685	6	60
685	7	80
685	8	20
685	9	50
685	10	20
685	11	0
685	12	0
685	13	80
685	14	70
685	15	50
685	16	80
685	17	60
685	18	20
685	19	80
685	20	50
685	21	80
685	22	30
685	23	80
685	24	80
685	25	60
685	26	20
685	27	30
685	28	70
685	29	20
685	30	60
685	31	70
685	32	70
685	33	70
685	34	50
685	35	20
685	36	50
685	37	70
685	38	60
685	39	70
685	40	80
686	1	70
686	2	70
686	3	80
686	4	10
686	5	70
686	6	80
686	7	60
686	8	0
686	9	80
686	10	10
686	11	0
686	12	0
686	13	80
686	14	90
686	15	80
686	16	60
686	17	60
686	18	30
686	19	80
686	20	50
686	21	60
686	22	10
686	23	100
686	24	80
686	25	60
686	26	0
686	27	30
686	28	70
686	29	30
686	30	60
686	31	70
686	32	70
686	33	80
686	34	50
686	35	10
686	36	60
686	37	50
686	38	60
686	39	80
686	40	100
687	1	70
687	2	40
687	3	40
687	4	50
687	5	40
687	6	20
687	7	50
687	8	70
687	9	90
687	10	50
687	11	70
687	12	50
687	13	110
687	14	110
687	15	110
687	16	40
687	17	70
687	18	90
687	19	50
687	20	70
687	21	0
687	22	50
687	23	90
687	24	110
687	25	50
687	26	50
687	27	90
687	28	60
687	29	70
687	30	70
687	31	40
687	32	50
687	33	70
687	34	40
687	35	90
687	36	0
687	37	20
687	38	50
687	39	90
687	40	110
688	1	90
688	2	20
688	3	10
688	4	60
688	5	40
688	6	50
688	7	80
688	8	50
688	9	100
688	10	80
688	11	70
688	12	70
688	13	100
688	14	110
688	15	80
688	16	30
688	17	80
688	18	100
688	19	100
688	20	70
688	21	10
688	22	60
688	23	120
688	24	100
688	25	80
688	26	50
688	27	80
688	28	40
688	29	80
688	30	80
688	31	40
688	32	70
688	33	80
688	34	60
688	35	80
688	36	10
688	37	20
688	38	60
688	39	80
688	40	120
689	1	70
689	2	40
689	3	20
689	4	50
689	5	0
689	6	0
689	7	70
689	8	90
689	9	50
689	10	70
689	11	50
689	12	50
689	13	90
689	14	90
689	15	70
689	16	60
689	17	50
689	18	90
689	19	70
689	20	70
689	21	20
689	22	70
689	23	70
689	24	110
689	25	50
689	26	70
689	27	90
689	28	40
689	29	70
689	30	50
689	31	40
689	32	70
689	33	70
689	34	40
689	35	110
689	36	0
689	37	40
689	38	50
689	39	70
689	40	110
690	1	70
690	2	50
690	3	80
690	4	0
690	5	70
690	6	80
690	7	80
690	8	0
690	9	50
690	10	20
690	11	0
690	12	0
690	13	100
690	14	90
690	15	50
690	16	60
690	17	80
690	18	40
690	19	80
690	20	70
690	21	60
690	22	10
690	23	80
690	24	60
690	25	80
690	26	0
690	27	30
690	28	50
690	29	0
690	30	60
690	31	50
690	32	50
690	33	90
690	34	70
690	35	0
690	36	50
690	37	50
690	38	60
690	39	50
690	40	60
691	1	70
691	2	70
691	3	100
691	4	10
691	5	90
691	6	80
691	7	60
691	8	0
691	9	100
691	10	10
691	11	20
691	12	0
691	13	120
691	14	110
691	15	100
691	16	80
691	17	80
691	18	50
691	19	60
691	20	50
691	21	60
691	22	10
691	23	100
691	24	100
691	25	60
691	26	0
691	27	50
691	28	110
691	29	30
691	30	80
691	31	90
691	32	50
691	33	80
691	34	70
691	35	30
691	36	60
691	37	70
691	38	60
691	39	100
691	40	100
692	1	70
692	2	70
692	3	80
692	4	10
692	5	80
692	6	60
692	7	80
692	8	30
692	9	100
692	10	30
692	11	50
692	12	20
692	13	100
692	14	70
692	15	80
692	16	100
692	17	80
692	18	30
692	19	60
692	20	60
692	21	80
692	22	30
692	23	80
692	24	100
692	25	60
692	26	30
692	27	30
692	28	120
692	29	30
692	30	100
692	31	100
692	32	50
692	33	60
692	34	100
692	35	50
692	36	60
692	37	90
692	38	60
692	39	100
692	40	80
693	1	90
693	2	90
693	3	90
693	4	0
693	5	90
693	6	70
693	7	90
693	8	40
693	9	70
693	10	20
693	11	20
693	12	0
693	13	130
693	14	110
693	15	90
693	16	110
693	17	90
693	18	60
693	19	70
693	20	90
693	21	50
693	22	0
693	23	90
693	24	110
693	25	70
693	26	20
693	27	40
693	28	110
693	29	0
693	30	70
693	31	70
693	32	50
693	33	90
693	34	110
693	35	60
693	36	50
693	37	70
693	38	50
693	39	90
693	40	90
694	1	90
694	2	40
694	3	30
694	4	60
694	5	50
694	6	30
694	7	100
694	8	100
694	9	100
694	10	100
694	11	100
694	12	70
694	13	120
694	14	90
694	15	100
694	16	70
694	17	100
694	18	100
694	19	80
694	20	100
694	21	30
694	22	80
694	23	100
694	24	120
694	25	80
694	26	80
694	27	80
694	28	70
694	29	80
694	30	100
694	31	50
694	32	50
694	33	80
694	34	90
694	35	120
694	36	10
694	37	40
694	38	60
694	39	100
694	40	100
695	1	90
695	2	40
695	3	50
695	4	60
695	5	60
695	6	50
695	7	80
695	8	70
695	9	120
695	10	100
695	11	90
695	12	70
695	13	140
695	14	130
695	15	120
695	16	50
695	17	100
695	18	120
695	19	80
695	20	90
695	21	30
695	22	80
695	23	120
695	24	120
695	25	80
695	26	50
695	27	100
695	28	60
695	29	100
695	30	100
695	31	60
695	32	50
695	33	100
695	34	80
695	35	100
695	36	10
695	37	40
695	38	60
695	39	100
695	40	120
696	1	90
696	2	90
696	3	100
696	4	10
696	5	110
696	6	100
696	7	80
696	8	20
696	9	120
696	10	50
696	11	40
696	12	20
696	13	120
696	14	110
696	15	120
696	16	80
696	17	100
696	18	50
696	19	80
696	20	90
696	21	80
696	22	30
696	23	120
696	24	100
696	25	80
696	26	0
696	27	30
696	28	90
696	29	50
696	30	100
696	31	90
696	32	50
696	33	100
696	34	110
696	35	30
696	36	60
696	37	70
696	38	60
696	39	100
696	40	100
697	1	70
697	2	90
697	3	80
697	4	10
697	5	60
697	6	60
697	7	80
697	8	50
697	9	60
697	10	30
697	11	10
697	12	0
697	13	80
697	14	70
697	15	80
697	16	100
697	17	60
697	18	30
697	19	80
697	20	80
697	21	80
697	22	30
697	23	80
697	24	100
697	25	60
697	26	30
697	27	30
697	28	80
697	29	30
697	30	60
697	31	80
697	32	70
697	33	80
697	34	80
697	35	50
697	36	60
697	37	70
697	38	60
697	39	80
697	40	100
698	1	110
698	2	0
698	3	50
698	4	60
698	5	40
698	6	30
698	7	80
698	8	50
698	9	80
698	10	80
698	11	70
698	12	50
698	13	140
698	14	110
698	15	80
698	16	30
698	17	100
698	18	120
698	19	100
698	20	70
698	21	10
698	22	60
698	23	120
698	24	80
698	25	80
698	26	50
698	27	100
698	28	40
698	29	60
698	30	80
698	31	20
698	32	70
698	33	100
698	34	40
698	35	80
698	36	10
698	37	20
698	38	60
698	39	80
698	40	100
699	1	90
699	2	0
699	3	10
699	4	50
699	5	20
699	6	30
699	7	80
699	8	50
699	9	70
699	10	70
699	11	70
699	12	70
699	13	80
699	14	70
699	15	50
699	16	10
699	17	80
699	18	70
699	19	100
699	20	70
699	21	10
699	22	60
699	23	100
699	24	60
699	25	80
699	26	50
699	27	60
699	28	0
699	29	50
699	30	80
699	31	0
699	32	70
699	33	70
699	34	40
699	35	50
699	36	0
699	37	0
699	38	60
699	39	50
699	40	80
700	1	50
700	2	50
700	3	80
700	4	10
700	5	60
700	6	60
700	7	60
700	8	10
700	9	60
700	10	10
700	11	10
700	12	0
700	13	80
700	14	70
700	15	60
700	16	60
700	17	60
700	18	30
700	19	60
700	20	60
700	21	60
700	22	10
700	23	60
700	24	60
700	25	60
700	26	10
700	27	30
700	28	60
700	29	10
700	30	60
700	31	60
700	32	50
700	33	80
700	34	60
700	35	10
700	36	60
700	37	50
700	38	60
700	39	60
700	40	60
701	1	90
701	2	40
701	3	10
701	4	50
701	5	40
701	6	50
701	7	80
701	8	70
701	9	90
701	10	70
701	11	70
701	12	70
701	13	100
701	14	110
701	15	90
701	16	50
701	17	80
701	18	90
701	19	100
701	20	90
701	21	10
701	22	60
701	23	120
701	24	120
701	25	80
701	26	50
701	27	80
701	28	40
701	29	70
701	30	80
701	31	40
701	32	70
701	33	70
701	34	80
701	35	90
701	36	0
701	37	20
701	38	60
701	39	70
701	40	140
702	1	90
702	2	90
702	3	60
702	4	0
702	5	90
702	6	100
702	7	80
702	8	20
702	9	90
702	10	20
702	11	20
702	12	20
702	13	100
702	14	110
702	15	90
702	16	100
702	17	80
702	18	40
702	19	100
702	20	90
702	21	60
702	22	10
702	23	120
702	24	120
702	25	80
702	26	0
702	27	30
702	28	90
702	29	20
702	30	80
702	31	90
702	32	70
702	33	70
702	34	130
702	35	40
702	36	50
702	37	70
702	38	60
702	39	70
702	40	140
703	1	90
703	2	60
703	3	50
703	4	60
703	5	70
703	6	50
703	7	100
703	8	100
703	9	100
703	10	80
703	11	80
703	12	50
703	13	140
703	14	130
703	15	120
703	16	70
703	17	100
703	18	120
703	19	80
703	20	100
703	21	10
703	22	60
703	23	120
703	24	140
703	25	80
703	26	80
703	27	100
703	28	90
703	29	80
703	30	80
703	31	50
703	32	50
703	33	100
703	34	70
703	35	120
703	36	10
703	37	20
703	38	60
703	39	120
703	40	120
704	1	90
704	2	40
704	3	50
704	4	50
704	5	40
704	6	30
704	7	100
704	8	90
704	9	70
704	10	70
704	11	70
704	12	50
704	13	140
704	14	110
704	15	90
704	16	70
704	17	100
704	18	110
704	19	80
704	20	90
704	21	10
704	22	60
704	23	100
704	24	120
704	25	80
704	26	70
704	27	100
704	28	60
704	29	50
704	30	80
704	31	20
704	32	50
704	33	90
704	34	60
704	35	110
704	36	0
704	37	20
704	38	60
704	39	90
704	40	100
705	1	70
705	2	70
705	3	80
705	4	10
705	5	100
705	6	100
705	7	80
705	8	10
705	9	80
705	10	30
705	11	10
705	12	0
705	13	100
705	14	110
705	15	80
705	16	60
705	17	80
705	18	50
705	19	80
705	20	80
705	21	60
705	22	10
705	23	100
705	24	80
705	25	80
705	26	10
705	27	30
705	28	80
705	29	30
705	30	60
705	31	80
705	32	50
705	33	100
705	34	80
705	35	10
705	36	60
705	37	50
705	38	60
705	39	80
705	40	80
706	1	90
706	2	20
706	3	20
706	4	50
706	5	20
706	6	20
706	7	70
706	8	70
706	9	50
706	10	70
706	11	50
706	12	50
706	13	110
706	14	110
706	15	70
706	16	40
706	17	70
706	18	110
706	19	90
706	20	90
706	21	0
706	22	50
706	23	90
706	24	90
706	25	70
706	26	50
706	27	90
706	28	20
706	29	50
706	30	50
706	31	20
706	32	70
706	33	90
706	34	60
706	35	90
706	36	0
706	37	20
706	38	50
706	39	50
706	40	110
707	1	70
707	2	20
707	3	30
707	4	70
707	5	20
707	6	30
707	7	80
707	8	70
707	9	50
707	10	50
707	11	50
707	12	50
707	13	80
707	14	70
707	15	70
707	16	30
707	17	80
707	18	70
707	19	80
707	20	70
707	21	10
707	22	60
707	23	80
707	24	80
707	25	80
707	26	70
707	27	80
707	28	20
707	29	50
707	30	60
707	31	0
707	32	70
707	33	70
707	34	0
707	35	70
707	36	20
707	37	0
707	38	80
707	39	70
707	40	80
708	1	70
708	2	40
708	3	50
708	4	50
708	5	20
708	6	10
708	7	80
708	8	90
708	9	70
708	10	50
708	11	70
708	12	50
708	13	120
708	14	90
708	15	90
708	16	70
708	17	80
708	18	90
708	19	60
708	20	70
708	21	10
708	22	60
708	23	80
708	24	120
708	25	60
708	26	70
708	27	100
708	28	60
708	29	50
708	30	80
708	31	20
708	32	50
708	33	70
708	34	40
708	35	110
708	36	0
708	37	20
708	38	60
708	39	90
708	40	100
709	1	50
709	2	90
709	3	50
709	4	0
709	5	70
709	6	70
709	7	70
709	8	20
709	9	90
709	10	20
709	11	20
709	12	20
709	13	70
709	14	90
709	15	70
709	16	90
709	17	50
709	18	20
709	19	50
709	20	50
709	21	70
709	22	20
709	23	70
709	24	110
709	25	50
709	26	20
709	27	20
709	28	110
709	29	40
709	30	70
709	31	110
709	32	50
709	33	50
709	34	90
709	35	40
709	36	50
709	37	90
709	38	50
709	39	90
709	40	90
710	1	90
710	2	40
710	3	50
710	4	60
710	5	60
710	6	50
710	7	80
710	8	70
710	9	120
710	10	100
710	11	90
710	12	70
710	13	140
710	14	130
710	15	120
710	16	50
710	17	100
710	18	120
710	19	80
710	20	90
710	21	30
710	22	80
710	23	120
710	24	120
710	25	80
710	26	50
710	27	100
710	28	60
710	29	100
710	30	100
710	31	60
710	32	50
710	33	100
710	34	80
710	35	100
710	36	10
710	37	40
710	38	60
710	39	100
710	40	120
711	1	90
711	2	40
711	3	30
711	4	60
711	5	40
711	6	30
711	7	100
711	8	90
711	9	100
711	10	100
711	11	90
711	12	70
711	13	120
711	14	90
711	15	100
711	16	70
711	17	100
711	18	100
711	19	80
711	20	90
711	21	30
711	22	80
711	23	100
711	24	120
711	25	80
711	26	70
711	27	80
711	28	60
711	29	80
711	30	100
711	31	40
711	32	50
711	33	80
711	34	80
711	35	120
711	36	10
711	37	40
711	38	60
711	39	100
711	40	100
712	1	110
712	2	50
712	3	80
712	4	10
712	5	90
712	6	80
712	7	80
712	8	0
712	9	100
712	10	30
712	11	40
712	12	20
712	13	120
712	14	90
712	15	80
712	16	80
712	17	100
712	18	50
712	19	100
712	20	70
712	21	60
712	22	10
712	23	120
712	24	80
712	25	80
712	26	0
712	27	30
712	28	90
712	29	10
712	30	100
712	31	70
712	32	70
712	33	80
712	34	110
712	35	30
712	36	60
712	37	70
712	38	60
712	39	80
712	40	100
713	1	50
713	2	40
713	3	0
713	4	50
713	5	0
713	6	0
713	7	70
713	8	90
713	9	70
713	10	70
713	11	70
713	12	70
713	13	50
713	14	50
713	15	70
713	16	40
713	17	50
713	18	50
713	19	50
713	20	70
713	21	20
713	22	70
713	23	50
713	24	90
713	25	50
713	26	70
713	27	50
713	28	20
713	29	70
713	30	70
713	31	20
713	32	50
713	33	50
713	34	40
713	35	90
713	36	0
713	37	20
713	38	50
713	39	70
713	40	70
714	1	50
714	2	60
714	3	20
714	4	50
714	5	20
714	6	20
714	7	70
714	8	90
714	9	70
714	10	50
714	11	50
714	12	50
714	13	70
714	14	90
714	15	90
714	16	40
714	17	50
714	18	70
714	19	50
714	20	70
714	21	0
714	22	50
714	23	70
714	24	110
714	25	50
714	26	70
714	27	70
714	28	40
714	29	70
714	30	50
714	31	20
714	32	50
714	33	70
714	34	20
714	35	90
714	36	0
714	37	0
714	38	50
714	39	90
714	40	90
715	1	70
715	2	60
715	3	30
715	4	50
715	5	40
715	6	30
715	7	80
715	8	90
715	9	110
715	10	70
715	11	90
715	12	70
715	13	80
715	14	70
715	15	110
715	16	50
715	17	80
715	18	50
715	19	60
715	20	70
715	21	30
715	22	80
715	23	100
715	24	120
715	25	60
715	26	70
715	27	60
715	28	60
715	29	90
715	30	100
715	31	40
715	32	50
715	33	50
715	34	40
715	35	90
715	36	0
715	37	20
715	38	60
715	39	110
715	40	100
716	1	70
716	2	110
716	3	100
716	4	10
716	5	90
716	6	80
716	7	80
716	8	40
716	9	100
716	10	10
716	11	20
716	12	0
716	13	120
716	14	110
716	15	120
716	16	120
716	17	80
716	18	50
716	19	60
716	20	70
716	21	60
716	22	10
716	23	100
716	24	140
716	25	60
716	26	20
716	27	50
716	28	130
716	29	30
716	30	80
716	31	90
716	32	50
716	33	80
716	34	90
716	35	70
716	36	60
716	37	70
716	38	60
716	39	120
716	40	120
717	1	50
717	2	40
717	3	30
717	4	60
717	5	10
717	6	10
717	7	80
717	8	100
717	9	60
717	10	60
717	11	60
717	12	50
717	13	100
717	14	90
717	15	80
717	16	70
717	17	60
717	18	100
717	19	60
717	20	80
717	21	10
717	22	60
717	23	60
717	24	120
717	25	60
717	26	80
717	27	100
717	28	50
717	29	60
717	30	60
717	31	30
717	32	50
717	33	80
717	34	50
717	35	120
717	36	10
717	37	20
717	38	60
717	39	80
717	40	100
718	1	70
718	2	20
718	3	20
718	4	50
718	5	0
718	6	0
718	7	50
718	8	70
718	9	50
718	10	50
718	11	50
718	12	50
718	13	90
718	14	90
718	15	70
718	16	40
718	17	50
718	18	90
718	19	70
718	20	70
718	21	0
718	22	50
718	23	70
718	24	90
718	25	50
718	26	50
718	27	90
718	28	20
718	29	50
718	30	50
718	31	20
718	32	70
718	33	70
718	34	40
718	35	90
718	36	0
718	37	20
718	38	50
718	39	50
718	40	110
719	1	50
719	2	20
719	3	20
719	4	50
719	5	0
719	6	0
719	7	70
719	8	70
719	9	50
719	10	50
719	11	50
719	12	50
719	13	70
719	14	70
719	15	50
719	16	20
719	17	50
719	18	70
719	19	50
719	20	50
719	21	0
719	22	50
719	23	50
719	24	70
719	25	50
719	26	70
719	27	70
719	28	20
719	29	50
719	30	50
719	31	0
719	32	50
719	33	70
719	34	0
719	35	70
719	36	0
719	37	0
719	38	50
719	39	70
719	40	50
720	1	110
720	2	20
720	3	30
720	4	50
720	5	40
720	6	30
720	7	80
720	8	70
720	9	90
720	10	70
720	11	90
720	12	70
720	13	120
720	14	90
720	15	90
720	16	50
720	17	100
720	18	90
720	19	100
720	20	90
720	21	10
720	22	60
720	23	120
720	24	100
720	25	80
720	26	50
720	27	80
720	28	40
720	29	50
720	30	100
720	31	20
720	32	70
720	33	70
720	34	80
720	35	90
720	36	0
720	37	20
720	38	60
720	39	70
720	40	120
721	1	50
721	2	90
721	3	50
721	4	0
721	5	70
721	6	70
721	7	70
721	8	20
721	9	90
721	10	20
721	11	20
721	12	20
721	13	70
721	14	90
721	15	70
721	16	90
721	17	50
721	18	20
721	19	50
721	20	50
721	21	70
721	22	20
721	23	70
721	24	110
721	25	50
721	26	20
721	27	20
721	28	110
721	29	40
721	30	70
721	31	110
721	32	50
721	33	50
721	34	90
721	35	40
721	36	50
721	37	90
721	38	50
721	39	90
721	40	90
722	1	90
722	2	0
722	3	20
722	4	50
722	5	20
722	6	20
722	7	70
722	8	50
722	9	50
722	10	70
722	11	50
722	12	50
722	13	110
722	14	110
722	15	50
722	16	20
722	17	70
722	18	110
722	19	90
722	20	70
722	21	0
722	22	50
722	23	90
722	24	70
722	25	70
722	26	50
722	27	90
722	28	20
722	29	50
722	30	50
722	31	20
722	32	70
722	33	90
722	34	40
722	35	70
722	36	0
722	37	20
722	38	50
722	39	50
722	40	90
723	1	90
723	2	40
723	3	30
723	4	50
723	5	40
723	6	50
723	7	80
723	8	70
723	9	70
723	10	70
723	11	50
723	12	50
723	13	100
723	14	110
723	15	90
723	16	30
723	17	80
723	18	90
723	19	100
723	20	90
723	21	10
723	22	60
723	23	120
723	24	100
723	25	80
723	26	50
723	27	80
723	28	20
723	29	70
723	30	60
723	31	20
723	32	70
723	33	90
723	34	40
723	35	70
723	36	0
723	37	0
723	38	60
723	39	70
723	40	120
724	1	110
724	2	90
724	3	100
724	4	0
724	5	90
724	6	80
724	7	100
724	8	40
724	9	70
724	10	40
724	11	20
724	12	0
724	13	120
724	14	90
724	15	90
724	16	100
724	17	100
724	18	40
724	19	100
724	20	90
724	21	80
724	22	30
724	23	120
724	24	100
724	25	80
724	26	20
724	27	30
724	28	90
724	29	20
724	30	80
724	31	70
724	32	70
724	33	90
724	34	90
724	35	40
724	36	50
724	37	70
724	38	60
724	39	90
724	40	100
725	1	110
725	2	20
725	3	50
725	4	50
725	5	40
725	6	30
725	7	80
725	8	70
725	9	70
725	10	70
725	11	70
725	12	50
725	13	140
725	14	110
725	15	90
725	16	50
725	17	100
725	18	110
725	19	100
725	20	90
725	21	10
725	22	60
725	23	120
725	24	100
725	25	80
725	26	50
725	27	100
725	28	40
725	29	50
725	30	80
725	31	20
725	32	70
725	33	90
725	34	60
725	35	90
725	36	0
725	37	20
725	38	60
725	39	70
725	40	120
726	1	90
726	2	90
726	3	100
726	4	10
726	5	100
726	6	80
726	7	100
726	8	50
726	9	80
726	10	30
726	11	30
726	12	0
726	13	140
726	14	110
726	15	100
726	16	120
726	17	100
726	18	70
726	19	80
726	20	100
726	21	60
726	22	10
726	23	100
726	24	120
726	25	80
726	26	30
726	27	50
726	28	120
726	29	10
726	30	80
726	31	80
726	32	50
726	33	100
726	34	120
726	35	70
726	36	60
726	37	70
726	38	60
726	39	100
726	40	100
727	1	70
727	2	60
727	3	50
727	4	60
727	5	50
727	6	30
727	7	80
727	8	100
727	9	100
727	10	60
727	11	80
727	12	50
727	13	120
727	14	110
727	15	120
727	16	70
727	17	80
727	18	100
727	19	60
727	20	80
727	21	10
727	22	60
727	23	100
727	24	140
727	25	60
727	26	80
727	27	100
727	28	90
727	29	80
727	30	80
727	31	50
727	32	50
727	33	80
727	34	50
727	35	120
727	36	10
727	37	20
727	38	60
727	39	120
727	40	120
728	1	70
728	2	70
728	3	100
728	4	10
728	5	70
728	6	60
728	7	60
728	8	20
728	9	100
728	10	30
728	11	40
728	12	20
728	13	120
728	14	90
728	15	100
728	16	100
728	17	80
728	18	50
728	19	60
728	20	70
728	21	80
728	22	30
728	23	80
728	24	100
728	25	60
728	26	0
728	27	50
728	28	90
728	29	30
728	30	100
728	31	90
728	32	50
728	33	80
728	34	110
728	35	50
728	36	60
728	37	90
728	38	60
728	39	80
728	40	100
729	1	50
729	2	60
729	3	30
729	4	60
729	5	20
729	6	30
729	7	80
729	8	90
729	9	80
729	10	60
729	11	50
729	12	50
729	13	80
729	14	90
729	15	100
729	16	50
729	17	60
729	18	80
729	19	60
729	20	70
729	21	10
729	22	60
729	23	80
729	24	120
729	25	60
729	26	70
729	27	80
729	28	40
729	29	80
729	30	60
729	31	20
729	32	50
729	33	80
729	34	20
729	35	100
729	36	10
729	37	0
729	38	60
729	39	100
729	40	100
730	1	90
730	2	40
730	3	40
730	4	70
730	5	60
730	6	40
730	7	70
730	8	70
730	9	90
730	10	50
730	11	70
730	12	50
730	13	90
730	14	90
730	15	110
730	16	20
730	17	90
730	18	70
730	19	70
730	20	70
730	21	0
730	22	50
730	23	110
730	24	90
730	25	70
730	26	70
730	27	70
730	28	60
730	29	70
730	30	70
730	31	20
730	32	70
730	33	70
730	34	0
730	35	70
730	36	20
730	37	0
730	38	70
730	39	110
730	40	90
731	1	90
731	2	70
731	3	80
731	4	10
731	5	80
731	6	80
731	7	80
731	8	30
731	9	60
731	10	30
731	11	10
731	12	0
731	13	100
731	14	90
731	15	80
731	16	80
731	17	80
731	18	50
731	19	100
731	20	100
731	21	60
731	22	10
731	23	100
731	24	80
731	25	80
731	26	10
731	27	30
731	28	60
731	29	10
731	30	60
731	31	60
731	32	70
731	33	100
731	34	100
731	35	30
731	36	60
731	37	50
731	38	60
731	39	60
731	40	100
732	1	110
732	2	0
732	3	40
732	4	50
732	5	40
732	6	20
732	7	70
732	8	50
732	9	70
732	10	70
732	11	70
732	12	50
732	13	130
732	14	110
732	15	70
732	16	20
732	17	90
732	18	110
732	19	90
732	20	70
732	21	0
732	22	50
732	23	110
732	24	70
732	25	70
732	26	50
732	27	90
732	28	40
732	29	50
732	30	70
732	31	20
732	32	70
732	33	90
732	34	40
732	35	70
732	36	0
732	37	20
732	38	50
732	39	70
732	40	90
733	1	90
733	2	60
733	3	50
733	4	70
733	5	60
733	6	50
733	7	80
733	8	90
733	9	90
733	10	50
733	11	70
733	12	50
733	13	120
733	14	110
733	15	130
733	16	70
733	17	100
733	18	90
733	19	80
733	20	90
733	21	10
733	22	60
733	23	120
733	24	140
733	25	80
733	26	70
733	27	100
733	28	80
733	29	70
733	30	80
733	31	40
733	32	70
733	33	70
733	34	40
733	35	110
733	36	20
733	37	20
733	38	80
733	39	110
733	40	140
734	1	50
734	2	70
734	3	80
734	4	0
734	5	50
734	6	60
734	7	80
734	8	20
734	9	50
734	10	0
734	11	0
734	12	0
734	13	80
734	14	70
734	15	50
734	16	80
734	17	60
734	18	20
734	19	60
734	20	50
734	21	60
734	22	10
734	23	60
734	24	80
734	25	60
734	26	20
734	27	30
734	28	70
734	29	0
734	30	60
734	31	50
734	32	50
734	33	70
734	34	50
734	35	20
734	36	50
734	37	50
734	38	60
734	39	70
734	40	60
735	1	70
735	2	40
735	3	30
735	4	50
735	5	40
735	6	30
735	7	80
735	8	70
735	9	110
735	10	70
735	11	90
735	12	70
735	13	100
735	14	90
735	15	90
735	16	50
735	17	80
735	18	70
735	19	60
735	20	50
735	21	30
735	22	80
735	23	100
735	24	120
735	25	60
735	26	70
735	27	80
735	28	80
735	29	90
735	30	100
735	31	60
735	32	50
735	33	50
735	34	40
735	35	90
735	36	0
735	37	40
735	38	60
735	39	110
735	40	100
736	1	110
736	2	50
736	3	80
736	4	10
736	5	100
736	6	80
736	7	80
736	8	10
736	9	100
736	10	30
736	11	50
736	12	20
736	13	120
736	14	90
736	15	80
736	16	80
736	17	100
736	18	50
736	19	100
736	20	80
736	21	60
736	22	10
736	23	120
736	24	80
736	25	80
736	26	10
736	27	30
736	28	100
736	29	10
736	30	100
736	31	80
736	32	70
736	33	80
736	34	120
736	35	30
736	36	60
736	37	70
736	38	60
736	39	80
736	40	100
737	1	70
737	2	50
737	3	80
737	4	10
737	5	70
737	6	80
737	7	80
737	8	0
737	9	80
737	10	50
737	11	20
737	12	20
737	13	100
737	14	90
737	15	60
737	16	60
737	17	80
737	18	50
737	19	80
737	20	70
737	21	80
737	22	30
737	23	80
737	24	60
737	25	80
737	26	0
737	27	30
737	28	50
737	29	30
737	30	80
737	31	70
737	32	50
737	33	100
737	34	90
737	35	10
737	36	60
737	37	70
737	38	60
737	39	60
737	40	60
738	1	70
738	2	40
738	3	20
738	4	70
738	5	40
738	6	40
738	7	70
738	8	70
738	9	70
738	10	50
738	11	50
738	12	50
738	13	70
738	14	90
738	15	90
738	16	20
738	17	70
738	18	70
738	19	70
738	20	70
738	21	0
738	22	50
738	23	90
738	24	90
738	25	70
738	26	70
738	27	70
738	28	40
738	29	70
738	30	50
738	31	20
738	32	70
738	33	70
738	34	0
738	35	70
738	36	20
738	37	0
738	38	70
738	39	90
738	40	90
739	1	70
739	2	90
739	3	80
739	4	10
739	5	100
739	6	100
739	7	100
739	8	30
739	9	80
739	10	30
739	11	10
739	12	0
739	13	100
739	14	110
739	15	80
739	16	80
739	17	80
739	18	50
739	19	80
739	20	80
739	21	60
739	22	10
739	23	100
739	24	100
739	25	80
739	26	30
739	27	30
739	28	100
739	29	30
739	30	60
739	31	80
739	32	50
739	33	100
739	34	80
739	35	30
739	36	60
739	37	50
739	38	60
739	39	100
739	40	80
740	1	90
740	2	0
740	3	30
740	4	60
740	5	30
740	6	10
740	7	60
740	8	60
740	9	100
740	10	60
740	11	100
740	12	70
740	13	80
740	14	50
740	15	80
740	16	10
740	17	80
740	18	60
740	19	80
740	20	60
740	21	10
740	22	60
740	23	100
740	24	60
740	25	60
740	26	60
740	27	60
740	28	30
740	29	60
740	30	100
740	31	10
740	32	70
740	33	60
740	34	30
740	35	60
740	36	10
740	37	0
740	38	60
740	39	80
740	40	80
741	1	70
741	2	70
741	3	60
741	4	10
741	5	70
741	6	80
741	7	100
741	8	20
741	9	80
741	10	50
741	11	20
741	12	20
741	13	100
741	14	90
741	15	60
741	16	100
741	17	80
741	18	50
741	19	80
741	20	70
741	21	80
741	22	30
741	23	80
741	24	100
741	25	80
741	26	20
741	27	30
741	28	90
741	29	30
741	30	80
741	31	90
741	32	50
741	33	80
741	34	110
741	35	50
741	36	60
741	37	90
741	38	60
741	39	80
741	40	80
742	1	50
742	2	110
742	3	60
742	4	0
742	5	70
742	6	80
742	7	80
742	8	40
742	9	90
742	10	20
742	11	20
742	12	20
742	13	60
742	14	70
742	15	90
742	16	100
742	17	60
742	18	0
742	19	60
742	20	70
742	21	80
742	22	30
742	23	80
742	24	120
742	25	60
742	26	20
742	27	10
742	28	90
742	29	40
742	30	80
742	31	90
742	32	50
742	33	50
742	34	90
742	35	40
742	36	50
742	37	70
742	38	60
742	39	90
742	40	100
743	1	70
743	2	40
743	3	30
743	4	50
743	5	20
743	6	10
743	7	80
743	8	90
743	9	90
743	10	70
743	11	90
743	12	70
743	13	80
743	14	50
743	15	90
743	16	50
743	17	80
743	18	50
743	19	60
743	20	70
743	21	30
743	22	80
743	23	80
743	24	100
743	25	60
743	26	70
743	27	60
743	28	40
743	29	70
743	30	100
743	31	20
743	32	50
743	33	50
743	34	40
743	35	90
743	36	0
743	37	20
743	38	60
743	39	90
743	40	80
744	1	70
744	2	20
744	3	50
744	4	50
744	5	20
744	6	10
744	7	80
744	8	70
744	9	70
744	10	50
744	11	70
744	12	50
744	13	100
744	14	70
744	15	70
744	16	30
744	17	80
744	18	70
744	19	60
744	20	50
744	21	10
744	22	60
744	23	80
744	24	80
744	25	60
744	26	70
744	27	80
744	28	40
744	29	50
744	30	80
744	31	0
744	32	50
744	33	70
744	34	0
744	35	70
744	36	0
744	37	0
744	38	60
744	39	90
744	40	60
745	1	90
745	2	60
745	3	50
745	4	50
745	5	60
745	6	50
745	7	100
745	8	90
745	9	90
745	10	70
745	11	70
745	12	50
745	13	120
745	14	110
745	15	110
745	16	50
745	17	100
745	18	90
745	19	80
745	20	90
745	21	10
745	22	60
745	23	120
745	24	120
745	25	80
745	26	70
745	27	80
745	28	60
745	29	70
745	30	80
745	31	20
745	32	50
745	33	90
745	34	40
745	35	90
745	36	0
745	37	0
745	38	60
745	39	110
745	40	100
746	1	90
746	2	40
746	3	50
746	4	60
746	5	40
746	6	30
746	7	60
746	8	70
746	9	100
746	10	60
746	11	70
746	12	50
746	13	120
746	14	110
746	15	120
746	16	50
746	17	80
746	18	100
746	19	80
746	20	70
746	21	10
746	22	60
746	23	120
746	24	120
746	25	60
746	26	50
746	27	100
746	28	60
746	29	80
746	30	80
746	31	40
746	32	70
746	33	80
746	34	40
746	35	100
746	36	10
746	37	20
746	38	60
746	39	100
746	40	140
747	1	50
747	2	70
747	3	50
747	4	0
747	5	50
747	6	50
747	7	70
747	8	20
747	9	70
747	10	20
747	11	20
747	12	20
747	13	50
747	14	50
747	15	50
747	16	70
747	17	50
747	18	0
747	19	50
747	20	50
747	21	70
747	22	20
747	23	50
747	24	70
747	25	50
747	26	20
747	27	0
747	28	70
747	29	20
747	30	70
747	31	70
747	32	50
747	33	50
747	34	70
747	35	20
747	36	50
747	37	70
747	38	50
747	39	70
747	40	50
748	1	110
748	2	40
748	3	50
748	4	60
748	5	70
748	6	50
748	7	100
748	8	80
748	9	100
748	10	100
748	11	80
748	12	50
748	13	140
748	14	130
748	15	100
748	16	50
748	17	100
748	18	120
748	19	100
748	20	80
748	21	30
748	22	80
748	23	140
748	24	120
748	25	80
748	26	80
748	27	100
748	28	90
748	29	100
748	30	80
748	31	70
748	32	70
748	33	100
748	34	50
748	35	100
748	36	10
748	37	40
748	38	60
748	39	120
748	40	120
749	1	90
749	2	60
749	3	30
749	4	50
749	5	40
749	6	50
749	7	100
749	8	90
749	9	70
749	10	90
749	11	50
749	12	50
749	13	120
749	14	130
749	15	90
749	16	70
749	17	80
749	18	110
749	19	100
749	20	90
749	21	30
749	22	80
749	23	120
749	24	140
749	25	80
749	26	70
749	27	100
749	28	60
749	29	90
749	30	60
749	31	60
749	32	70
749	33	90
749	34	60
749	35	110
749	36	0
749	37	40
749	38	60
749	39	90
749	40	140
750	1	50
750	2	90
750	3	70
750	4	0
750	5	70
750	6	70
750	7	50
750	8	20
750	9	70
750	10	0
750	11	0
750	12	0
750	13	90
750	14	110
750	15	90
750	16	90
750	17	50
750	18	40
750	19	50
750	20	70
750	21	50
750	22	0
750	23	70
750	24	110
750	25	50
750	26	0
750	27	40
750	28	90
750	29	20
750	30	50
750	31	90
750	32	50
750	33	70
750	34	90
750	35	40
750	36	50
750	37	70
750	38	50
750	39	70
750	40	110
751	1	110
751	2	60
751	3	50
751	4	60
751	5	70
751	6	50
751	7	100
751	8	100
751	9	100
751	10	100
751	11	80
751	12	50
751	13	120
751	14	110
751	15	120
751	16	50
751	17	100
751	18	100
751	19	100
751	20	100
751	21	30
751	22	80
751	23	140
751	24	120
751	25	80
751	26	80
751	27	80
751	28	70
751	29	100
751	30	80
751	31	50
751	32	70
751	33	100
751	34	50
751	35	100
751	36	10
751	37	20
751	38	60
751	39	120
751	40	120
752	1	50
752	2	60
752	3	10
752	4	60
752	5	30
752	6	30
752	7	80
752	8	100
752	9	100
752	10	80
752	11	80
752	12	70
752	13	80
752	14	90
752	15	100
752	16	70
752	17	60
752	18	80
752	19	60
752	20	80
752	21	30
752	22	80
752	23	80
752	24	140
752	25	60
752	26	80
752	27	80
752	28	70
752	29	100
752	30	80
752	31	70
752	32	50
752	33	60
752	34	70
752	35	120
752	36	10
752	37	40
752	38	60
752	39	100
752	40	120
753	1	90
753	2	20
753	3	30
753	4	60
753	5	30
753	6	30
753	7	80
753	8	80
753	9	60
753	10	80
753	11	60
753	12	50
753	13	120
753	14	110
753	15	80
753	16	50
753	17	80
753	18	120
753	19	100
753	20	100
753	21	10
753	22	60
753	23	100
753	24	100
753	25	80
753	26	60
753	27	100
753	28	30
753	29	60
753	30	60
753	31	30
753	32	70
753	33	100
753	34	70
753	35	100
753	36	10
753	37	20
753	38	60
753	39	60
753	40	120
754	1	90
754	2	70
754	3	100
754	4	10
754	5	90
754	6	80
754	7	80
754	8	20
754	9	80
754	10	30
754	11	20
754	12	0
754	13	140
754	14	110
754	15	100
754	16	100
754	17	100
754	18	70
754	19	80
754	20	90
754	21	60
754	22	10
754	23	100
754	24	100
754	25	80
754	26	0
754	27	50
754	28	90
754	29	10
754	30	80
754	31	70
754	32	50
754	33	100
754	34	110
754	35	50
754	36	60
754	37	70
754	38	60
754	39	80
754	40	100
755	1	70
755	2	90
755	3	80
755	4	10
755	5	100
755	6	100
755	7	80
755	8	30
755	9	80
755	10	30
755	11	10
755	12	0
755	13	120
755	14	130
755	15	100
755	16	100
755	17	80
755	18	70
755	19	80
755	20	100
755	21	60
755	22	10
755	23	100
755	24	120
755	25	80
755	26	10
755	27	50
755	28	100
755	29	30
755	30	60
755	31	100
755	32	50
755	33	100
755	34	120
755	35	50
755	36	60
755	37	70
755	38	60
755	39	80
755	40	120
756	1	70
756	2	110
756	3	50
756	4	0
756	5	90
756	6	90
756	7	90
756	8	40
756	9	90
756	10	40
756	11	20
756	12	20
756	13	70
756	14	90
756	15	90
756	16	90
756	17	70
756	18	20
756	19	70
756	20	90
756	21	70
756	22	20
756	23	90
756	24	110
756	25	70
756	26	20
756	27	0
756	28	90
756	29	40
756	30	70
756	31	90
756	32	50
756	33	70
756	34	110
756	35	40
756	36	50
756	37	70
756	38	50
756	39	90
756	40	90
757	1	90
757	2	90
757	3	70
757	4	0
757	5	90
757	6	70
757	7	90
757	8	40
757	9	90
757	10	40
757	11	40
757	12	20
757	13	90
757	14	70
757	15	90
757	16	90
757	17	90
757	18	20
757	19	70
757	20	90
757	21	70
757	22	20
757	23	90
757	24	90
757	25	70
757	26	20
757	27	0
757	28	90
757	29	20
757	30	90
757	31	70
757	32	50
757	33	70
757	34	110
757	35	40
757	36	50
757	37	70
757	38	50
757	39	90
757	40	70
758	1	90
758	2	20
758	3	40
758	4	50
758	5	40
758	6	20
758	7	50
758	8	50
758	9	90
758	10	50
758	11	70
758	12	50
758	13	90
758	14	90
758	15	90
758	16	0
758	17	70
758	18	70
758	19	70
758	20	50
758	21	0
758	22	50
758	23	110
758	24	70
758	25	50
758	26	50
758	27	70
758	28	40
758	29	70
758	30	70
758	31	20
758	32	70
758	33	70
758	34	0
758	35	50
758	36	0
758	37	0
758	38	50
758	39	90
758	40	90
759	1	70
759	2	40
759	3	30
759	4	60
759	5	20
759	6	30
759	7	100
759	8	90
759	9	60
759	10	80
759	11	50
759	12	50
759	13	120
759	14	110
759	15	80
759	16	70
759	17	80
759	18	120
759	19	80
759	20	90
759	21	10
759	22	60
759	23	80
759	24	120
759	25	80
759	26	70
759	27	100
759	28	40
759	29	60
759	30	60
759	31	20
759	32	50
759	33	100
759	34	60
759	35	120
759	36	10
759	37	20
759	38	60
759	39	80
759	40	100
760	1	90
760	2	40
760	3	30
760	4	60
760	5	40
760	6	30
760	7	100
760	8	90
760	9	100
760	10	100
760	11	90
760	12	70
760	13	120
760	14	90
760	15	100
760	16	70
760	17	100
760	18	100
760	19	80
760	20	90
760	21	30
760	22	80
760	23	100
760	24	120
760	25	80
760	26	70
760	27	80
760	28	60
760	29	80
760	30	100
760	31	40
760	32	50
760	33	80
760	34	80
760	35	120
760	36	10
760	37	40
760	38	60
760	39	100
760	40	100
761	1	90
761	2	40
761	3	30
761	4	80
761	5	60
761	6	70
761	7	100
761	8	70
761	9	80
761	10	80
761	11	50
761	12	50
761	13	100
761	14	110
761	15	100
761	16	30
761	17	100
761	18	100
761	19	100
761	20	90
761	21	10
761	22	60
761	23	120
761	24	100
761	25	100
761	26	70
761	27	80
761	28	40
761	29	80
761	30	60
761	31	20
761	32	70
761	33	100
761	34	20
761	35	80
761	36	30
761	37	0
761	38	80
761	39	100
761	40	100
762	1	90
762	2	50
762	3	100
762	4	10
762	5	90
762	6	80
762	7	80
762	8	0
762	9	100
762	10	50
762	11	40
762	12	20
762	13	120
762	14	90
762	15	80
762	16	60
762	17	100
762	18	50
762	19	80
762	20	70
762	21	80
762	22	30
762	23	100
762	24	60
762	25	80
762	26	0
762	27	30
762	28	70
762	29	30
762	30	100
762	31	70
762	32	50
762	33	100
762	34	90
762	35	10
762	36	60
762	37	70
762	38	60
762	39	80
762	40	60
763	1	90
763	2	60
763	3	50
763	4	60
763	5	60
763	6	50
763	7	100
763	8	90
763	9	100
763	10	80
763	11	70
763	12	50
763	13	120
763	14	110
763	15	120
763	16	50
763	17	100
763	18	100
763	19	80
763	20	90
763	21	10
763	22	60
763	23	120
763	24	120
763	25	80
763	26	70
763	27	80
763	28	60
763	29	80
763	30	80
763	31	20
763	32	50
763	33	100
763	34	40
763	35	100
763	36	10
763	37	0
763	38	60
763	39	120
763	40	100
764	1	70
764	2	40
764	3	30
764	4	60
764	5	20
764	6	10
764	7	80
764	8	90
764	9	100
764	10	80
764	11	90
764	12	70
764	13	100
764	14	70
764	15	100
764	16	70
764	17	80
764	18	80
764	19	60
764	20	70
764	21	30
764	22	80
764	23	80
764	24	120
764	25	60
764	26	70
764	27	80
764	28	60
764	29	80
764	30	100
764	31	40
764	32	50
764	33	60
764	34	60
764	35	120
764	36	10
764	37	40
764	38	60
764	39	100
764	40	100
765	1	110
765	2	20
765	3	50
765	4	50
765	5	40
765	6	30
765	7	80
765	8	70
765	9	70
765	10	70
765	11	70
765	12	50
765	13	120
765	14	90
765	15	90
765	16	30
765	17	100
765	18	90
765	19	100
765	20	90
765	21	10
765	22	60
765	23	120
765	24	80
765	25	80
765	26	50
765	27	80
765	28	20
765	29	50
765	30	80
765	31	0
765	32	70
765	33	90
765	34	40
765	35	70
765	36	0
765	37	0
765	38	60
765	39	70
765	40	100
766	1	90
766	2	20
766	3	10
766	4	60
766	5	50
766	6	50
766	7	80
766	8	60
766	9	100
766	10	80
766	11	80
766	12	70
766	13	80
766	14	90
766	15	80
766	16	10
766	17	80
766	18	80
766	19	100
766	20	80
766	21	10
766	22	60
766	23	120
766	24	80
766	25	80
766	26	60
766	27	60
766	28	30
766	29	80
766	30	80
766	31	30
766	32	70
766	33	80
766	34	50
766	35	60
766	36	10
766	37	0
766	38	60
766	39	80
766	40	100
767	1	70
767	2	0
767	3	50
767	4	60
767	5	30
767	6	10
767	7	60
767	8	60
767	9	100
767	10	80
767	11	100
767	12	70
767	13	120
767	14	90
767	15	80
767	16	30
767	17	80
767	18	100
767	19	60
767	20	60
767	21	30
767	22	80
767	23	80
767	24	80
767	25	60
767	26	60
767	27	100
767	28	50
767	29	80
767	30	100
767	31	50
767	32	50
767	33	80
767	34	50
767	35	80
767	36	10
767	37	40
767	38	60
767	39	80
767	40	80
768	1	90
768	2	110
768	3	100
768	4	0
768	5	90
768	6	80
768	7	80
768	8	40
768	9	90
768	10	20
768	11	20
768	12	0
768	13	120
768	14	110
768	15	110
768	16	120
768	17	80
768	18	40
768	19	80
768	20	70
768	21	80
768	22	30
768	23	120
768	24	140
768	25	60
768	26	20
768	27	50
768	28	130
768	29	40
768	30	80
768	31	110
768	32	70
768	33	70
768	34	90
768	35	60
768	36	50
768	37	90
768	38	60
768	39	110
768	40	140
769	1	70
769	2	110
769	3	80
769	4	0
769	5	90
769	6	80
769	7	80
769	8	40
769	9	110
769	10	20
769	11	40
769	12	20
769	13	80
769	14	70
769	15	110
769	16	100
769	17	80
769	18	0
769	19	60
769	20	70
769	21	80
769	22	30
769	23	100
769	24	120
769	25	60
769	26	20
769	27	10
769	28	110
769	29	40
769	30	100
769	31	90
769	32	50
769	33	50
769	34	90
769	35	40
769	36	50
769	37	70
769	38	60
769	39	110
769	40	100
770	1	70
770	2	70
770	3	70
770	4	0
770	5	70
770	6	70
770	7	70
770	8	20
770	9	50
770	10	20
770	11	0
770	12	0
770	13	110
770	14	110
770	15	70
770	16	90
770	17	70
770	18	60
770	19	70
770	20	90
770	21	50
770	22	0
770	23	70
770	24	90
770	25	70
770	26	0
770	27	40
770	28	70
770	29	0
770	30	50
770	31	70
770	32	50
770	33	90
770	34	110
770	35	40
770	36	50
770	37	70
770	38	50
770	39	50
770	40	90
771	1	70
771	2	70
771	3	80
771	4	0
771	5	70
771	6	60
771	7	80
771	8	20
771	9	90
771	10	20
771	11	40
771	12	20
771	13	100
771	14	70
771	15	70
771	16	100
771	17	80
771	18	20
771	19	60
771	20	50
771	21	80
771	22	30
771	23	80
771	24	100
771	25	60
771	26	20
771	27	30
771	28	110
771	29	20
771	30	100
771	31	90
771	32	50
771	33	50
771	34	90
771	35	40
771	36	50
771	37	90
771	38	60
771	39	90
771	40	80
772	1	70
772	2	0
772	3	50
772	4	50
772	5	20
772	6	10
772	7	60
772	8	50
772	9	70
772	10	50
772	11	70
772	12	50
772	13	100
772	14	70
772	15	70
772	16	10
772	17	80
772	18	70
772	19	60
772	20	50
772	21	10
772	22	60
772	23	80
772	24	60
772	25	60
772	26	50
772	27	80
772	28	20
772	29	50
772	30	80
772	31	0
772	32	50
772	33	70
772	34	0
772	35	50
772	36	0
772	37	0
772	38	60
772	39	70
772	40	60
773	1	70
773	2	110
773	3	80
773	4	10
773	5	100
773	6	80
773	7	80
773	8	50
773	9	120
773	10	30
773	11	50
773	12	20
773	13	100
773	14	90
773	15	120
773	16	120
773	17	80
773	18	30
773	19	60
773	20	80
773	21	80
773	22	30
773	23	100
773	24	140
773	25	60
773	26	30
773	27	30
773	28	140
773	29	50
773	30	100
773	31	120
773	32	50
773	33	60
773	34	120
773	35	70
773	36	60
773	37	90
773	38	60
773	39	120
773	40	120
774	1	70
774	2	20
774	3	30
774	4	60
774	5	0
774	6	10
774	7	60
774	8	70
774	9	60
774	10	60
774	11	50
774	12	50
774	13	80
774	14	70
774	15	80
774	16	30
774	17	60
774	18	80
774	19	80
774	20	70
774	21	10
774	22	60
774	23	80
774	24	80
774	25	60
774	26	50
774	27	80
774	28	0
774	29	60
774	30	60
774	31	0
774	32	70
774	33	80
774	34	20
774	35	80
774	36	10
774	37	0
774	38	60
774	39	60
774	40	100
775	1	70
775	2	90
775	3	80
775	4	10
775	5	70
775	6	60
775	7	80
775	8	40
775	9	100
775	10	30
775	11	40
775	12	20
775	13	100
775	14	70
775	15	100
775	16	120
775	17	80
775	18	30
775	19	60
775	20	70
775	21	80
775	22	30
775	23	80
775	24	120
775	25	60
775	26	20
775	27	30
775	28	110
775	29	30
775	30	100
775	31	90
775	32	50
775	33	60
775	34	110
775	35	70
775	36	60
775	37	90
775	38	60
775	39	100
775	40	100
776	1	50
776	2	20
776	3	30
776	4	60
776	5	20
776	6	30
776	7	60
776	8	50
776	9	80
776	10	60
776	11	50
776	12	50
776	13	100
776	14	110
776	15	80
776	16	30
776	17	60
776	18	100
776	19	60
776	20	50
776	21	10
776	22	60
776	23	80
776	24	100
776	25	60
776	26	50
776	27	100
776	28	40
776	29	80
776	30	60
776	31	40
776	32	50
776	33	80
776	34	20
776	35	80
776	36	10
776	37	20
776	38	60
776	39	80
776	40	100
777	1	50
777	2	20
777	3	20
777	4	50
777	5	0
777	6	0
777	7	70
777	8	70
777	9	50
777	10	50
777	11	50
777	12	50
777	13	70
777	14	70
777	15	50
777	16	20
777	17	50
777	18	70
777	19	50
777	20	50
777	21	0
777	22	50
777	23	50
777	24	70
777	25	50
777	26	70
777	27	70
777	28	20
777	29	50
777	30	50
777	31	0
777	32	50
777	33	70
777	34	0
777	35	70
777	36	0
777	37	0
777	38	50
777	39	70
777	40	50
778	1	50
778	2	60
778	3	10
778	4	60
778	5	20
778	6	30
778	7	80
778	8	90
778	9	100
778	10	80
778	11	70
778	12	70
778	13	60
778	14	70
778	15	100
778	16	50
778	17	60
778	18	60
778	19	60
778	20	70
778	21	30
778	22	80
778	23	80
778	24	120
778	25	60
778	26	70
778	27	60
778	28	40
778	29	100
778	30	80
778	31	40
778	32	50
778	33	60
778	34	40
778	35	100
778	36	10
778	37	20
778	38	60
778	39	100
778	40	100
779	1	90
779	2	70
779	3	100
779	4	10
779	5	110
779	6	100
779	7	80
779	8	0
779	9	120
779	10	50
779	11	40
779	12	20
779	13	140
779	14	130
779	15	100
779	16	80
779	17	100
779	18	70
779	19	80
779	20	70
779	21	80
779	22	30
779	23	120
779	24	100
779	25	80
779	26	0
779	27	50
779	28	110
779	29	50
779	30	100
779	31	110
779	32	50
779	33	100
779	34	110
779	35	30
779	36	60
779	37	90
779	38	60
779	39	100
779	40	100
780	1	70
780	2	110
780	3	80
780	4	30
780	5	100
780	6	100
780	7	80
780	8	50
780	9	80
780	10	10
780	11	10
780	12	0
780	13	100
780	14	110
780	15	120
780	16	120
780	17	80
780	18	50
780	19	80
780	20	100
780	21	60
780	22	10
780	23	100
780	24	140
780	25	80
780	26	30
780	27	50
780	28	120
780	29	30
780	30	60
780	31	100
780	32	70
780	33	80
780	34	100
780	35	70
780	36	80
780	37	70
780	38	80
780	39	100
780	40	140
781	1	110
781	2	70
781	3	90
781	4	0
781	5	90
781	6	70
781	7	70
781	8	20
781	9	70
781	10	20
781	11	20
781	12	0
781	13	130
781	14	110
781	15	90
781	16	90
781	17	90
781	18	60
781	19	90
781	20	90
781	21	50
781	22	0
781	23	110
781	24	90
781	25	70
781	26	0
781	27	40
781	28	90
781	29	0
781	30	70
781	31	70
781	32	70
781	33	90
781	34	110
781	35	40
781	36	50
781	37	70
781	38	50
781	39	70
781	40	110
782	1	70
782	2	60
782	3	30
782	4	60
782	5	50
782	6	50
782	7	100
782	8	100
782	9	80
782	10	80
782	11	60
782	12	50
782	13	120
782	14	130
782	15	100
782	16	70
782	17	80
782	18	120
782	19	80
782	20	100
782	21	10
782	22	60
782	23	100
782	24	140
782	25	80
782	26	80
782	27	100
782	28	70
782	29	80
782	30	60
782	31	50
782	32	50
782	33	100
782	34	70
782	35	120
782	36	10
782	37	20
782	38	60
782	39	100
782	40	120
783	1	90
783	2	90
783	3	80
783	4	30
783	5	100
783	6	100
783	7	100
783	8	50
783	9	60
783	10	30
783	11	10
783	12	0
783	13	120
783	14	110
783	15	100
783	16	120
783	17	100
783	18	70
783	19	100
783	20	120
783	21	60
783	22	10
783	23	100
783	24	120
783	25	100
783	26	30
783	27	50
783	28	100
783	29	10
783	30	60
783	31	80
783	32	70
783	33	100
783	34	120
783	35	70
783	36	80
783	37	70
783	38	80
783	39	80
783	40	120
784	1	50
784	2	20
784	3	30
784	4	60
784	5	10
784	6	10
784	7	60
784	8	80
784	9	60
784	10	60
784	11	60
784	12	50
784	13	80
784	14	70
784	15	80
784	16	30
784	17	60
784	18	80
784	19	60
784	20	80
784	21	10
784	22	60
784	23	60
784	24	80
784	25	60
784	26	60
784	27	80
784	28	10
784	29	60
784	30	60
784	31	10
784	32	50
784	33	80
784	34	30
784	35	80
784	36	10
784	37	0
784	38	60
784	39	60
784	40	80
785	1	70
785	2	20
785	3	30
785	4	50
785	5	20
785	6	30
785	7	100
785	8	70
785	9	50
785	10	70
785	11	50
785	12	50
785	13	120
785	14	110
785	15	50
785	16	50
785	17	80
785	18	110
785	19	80
785	20	70
785	21	10
785	22	60
785	23	80
785	24	100
785	25	80
785	26	70
785	27	100
785	28	40
785	29	50
785	30	60
785	31	20
785	32	50
785	33	90
785	34	40
785	35	90
785	36	0
785	37	20
785	38	60
785	39	70
785	40	80
786	1	70
786	2	60
786	3	30
786	4	60
786	5	40
786	6	50
786	7	100
786	8	90
786	9	80
786	10	80
786	11	50
786	12	50
786	13	120
786	14	130
786	15	100
786	16	70
786	17	80
786	18	120
786	19	80
786	20	90
786	21	10
786	22	60
786	23	100
786	24	140
786	25	80
786	26	70
786	27	100
786	28	60
786	29	80
786	30	60
786	31	40
786	32	50
786	33	100
786	34	60
786	35	120
786	36	10
786	37	20
786	38	60
786	39	100
786	40	120
787	1	50
787	2	60
787	3	0
787	4	50
787	5	20
787	6	20
787	7	70
787	8	90
787	9	90
787	10	70
787	11	70
787	12	70
787	13	50
787	14	70
787	15	90
787	16	40
787	17	50
787	18	50
787	19	50
787	20	70
787	21	20
787	22	70
787	23	70
787	24	110
787	25	50
787	26	70
787	27	50
787	28	40
787	29	90
787	30	70
787	31	40
787	32	50
787	33	50
787	34	40
787	35	90
787	36	0
787	37	20
787	38	50
787	39	90
787	40	90
788	1	50
788	2	20
788	3	30
788	4	60
788	5	10
788	6	10
788	7	80
788	8	80
788	9	60
788	10	60
788	11	60
788	12	50
788	13	80
788	14	70
788	15	60
788	16	30
788	17	60
788	18	80
788	19	60
788	20	60
788	21	10
788	22	60
788	23	60
788	24	80
788	25	60
788	26	80
788	27	80
788	28	30
788	29	60
788	30	60
788	31	10
788	32	50
788	33	80
788	34	10
788	35	80
788	36	10
788	37	0
788	38	60
788	39	80
788	40	60
789	1	70
789	2	20
789	3	30
789	4	50
789	5	0
789	6	10
789	7	80
789	8	70
789	9	50
789	10	70
789	11	50
789	12	50
789	13	80
789	14	70
789	15	50
789	16	30
789	17	60
789	18	70
789	19	80
789	20	50
789	21	30
789	22	80
789	23	80
789	24	80
789	25	60
789	26	70
789	27	80
789	28	20
789	29	70
789	30	60
789	31	20
789	32	70
789	33	70
789	34	0
789	35	70
789	36	0
789	37	20
789	38	60
789	39	70
789	40	80
790	1	90
790	2	70
790	3	100
790	4	10
790	5	100
790	6	80
790	7	60
790	8	10
790	9	100
790	10	10
790	11	30
790	12	0
790	13	100
790	14	90
790	15	100
790	16	60
790	17	80
790	18	30
790	19	80
790	20	60
790	21	60
790	22	10
790	23	120
790	24	80
790	25	60
790	26	10
790	27	30
790	28	100
790	29	30
790	30	80
790	31	80
790	32	70
790	33	80
790	34	60
790	35	10
790	36	60
790	37	50
790	38	60
790	39	100
790	40	100
791	1	70
791	2	20
791	3	30
791	4	60
791	5	10
791	6	10
791	7	80
791	8	80
791	9	60
791	10	80
791	11	60
791	12	50
791	13	80
791	14	70
791	15	60
791	16	30
791	17	60
791	18	80
791	19	80
791	20	60
791	21	30
791	22	80
791	23	80
791	24	80
791	25	60
791	26	80
791	27	80
791	28	30
791	29	80
791	30	60
791	31	30
791	32	70
791	33	80
791	34	10
791	35	80
791	36	10
791	37	20
791	38	60
791	39	80
791	40	80
792	1	50
792	2	110
792	3	70
792	4	0
792	5	70
792	6	70
792	7	70
792	8	40
792	9	70
792	10	0
792	11	0
792	12	0
792	13	90
792	14	110
792	15	90
792	16	110
792	17	50
792	18	40
792	19	50
792	20	70
792	21	50
792	22	0
792	23	70
792	24	130
792	25	50
792	26	20
792	27	40
792	28	110
792	29	20
792	30	50
792	31	90
792	32	50
792	33	70
792	34	90
792	35	60
792	36	50
792	37	70
792	38	50
792	39	90
792	40	110
793	1	70
793	2	90
793	3	60
793	4	10
793	5	80
793	6	80
793	7	100
793	8	50
793	9	80
793	10	50
793	11	30
793	12	20
793	13	80
793	14	70
793	15	80
793	16	100
793	17	80
793	18	30
793	19	80
793	20	100
793	21	80
793	22	30
793	23	80
793	24	100
793	25	80
793	26	30
793	27	10
793	28	80
793	29	30
793	30	80
793	31	80
793	32	50
793	33	80
793	34	120
793	35	50
793	36	60
793	37	70
793	38	60
793	39	80
793	40	80
794	1	90
794	2	70
794	3	80
794	4	10
794	5	100
794	6	80
794	7	100
794	8	30
794	9	100
794	10	50
794	11	50
794	12	20
794	13	120
794	14	90
794	15	80
794	16	100
794	17	100
794	18	50
794	19	80
794	20	80
794	21	80
794	22	30
794	23	100
794	24	100
794	25	80
794	26	30
794	27	30
794	28	120
794	29	30
794	30	100
794	31	100
794	32	50
794	33	80
794	34	120
794	35	50
794	36	60
794	37	90
794	38	60
794	39	100
794	40	80
795	1	70
795	2	60
795	3	30
795	4	60
795	5	50
795	6	30
795	7	80
795	8	100
795	9	120
795	10	80
795	11	100
795	12	70
795	13	100
795	14	90
795	15	120
795	16	70
795	17	80
795	18	80
795	19	60
795	20	80
795	21	30
795	22	80
795	23	100
795	24	140
795	25	60
795	26	80
795	27	80
795	28	90
795	29	100
795	30	100
795	31	70
795	32	50
795	33	60
795	34	70
795	35	120
795	36	10
795	37	40
795	38	60
795	39	120
795	40	120
796	1	90
796	2	20
796	3	50
796	4	50
796	5	40
796	6	30
796	7	100
796	8	70
796	9	70
796	10	70
796	11	70
796	12	50
796	13	140
796	14	110
796	15	70
796	16	50
796	17	100
796	18	110
796	19	80
796	20	70
796	21	10
796	22	60
796	23	100
796	24	100
796	25	80
796	26	70
796	27	100
796	28	60
796	29	50
796	30	80
796	31	20
796	32	50
796	33	90
796	34	40
796	35	90
796	36	0
796	37	20
796	38	60
796	39	90
796	40	80
797	1	50
797	2	70
797	3	80
797	4	10
797	5	50
797	6	60
797	7	80
797	8	20
797	9	60
797	10	10
797	11	0
797	12	0
797	13	100
797	14	90
797	15	60
797	16	100
797	17	60
797	18	50
797	19	60
797	20	50
797	21	60
797	22	10
797	23	60
797	24	100
797	25	60
797	26	20
797	27	50
797	28	90
797	29	10
797	30	60
797	31	70
797	32	50
797	33	80
797	34	70
797	35	50
797	36	60
797	37	70
797	38	60
797	39	80
797	40	80
798	1	110
798	2	90
798	3	100
798	4	20
798	5	110
798	6	100
798	7	100
798	8	40
798	9	70
798	10	20
798	11	20
798	12	0
798	13	140
798	14	110
798	15	110
798	16	120
798	17	120
798	18	60
798	19	100
798	20	110
798	21	60
798	22	10
798	23	120
798	24	120
798	25	100
798	26	20
798	27	50
798	28	110
798	29	0
798	30	80
798	31	70
798	32	70
798	33	90
798	34	110
798	35	60
798	36	70
798	37	70
798	38	80
798	39	90
798	40	120
799	1	70
799	2	20
799	3	50
799	4	60
799	5	40
799	6	30
799	7	60
799	8	50
799	9	120
799	10	80
799	11	90
799	12	70
799	13	120
799	14	110
799	15	100
799	16	30
799	17	80
799	18	100
799	19	60
799	20	50
799	21	30
799	22	80
799	23	100
799	24	100
799	25	60
799	26	50
799	27	100
799	28	60
799	29	100
799	30	100
799	31	60
799	32	50
799	33	80
799	34	40
799	35	80
799	36	10
799	37	40
799	38	60
799	39	100
799	40	100
800	1	70
800	2	0
800	3	20
800	4	50
800	5	20
800	6	20
800	7	70
800	8	50
800	9	50
800	10	70
800	11	50
800	12	50
800	13	110
800	14	110
800	15	50
800	16	20
800	17	70
800	18	110
800	19	70
800	20	70
800	21	0
800	22	50
800	23	70
800	24	70
800	25	70
800	26	50
800	27	90
800	28	20
800	29	50
800	30	50
800	31	20
800	32	50
800	33	90
800	34	40
800	35	70
800	36	0
800	37	20
800	38	50
800	39	50
800	40	70
801	1	70
801	2	0
801	3	20
801	4	50
801	5	20
801	6	20
801	7	70
801	8	50
801	9	50
801	10	70
801	11	50
801	12	50
801	13	110
801	14	110
801	15	50
801	16	20
801	17	70
801	18	110
801	19	70
801	20	70
801	21	0
801	22	50
801	23	70
801	24	70
801	25	70
801	26	50
801	27	90
801	28	20
801	29	50
801	30	50
801	31	20
801	32	50
801	33	90
801	34	40
801	35	70
801	36	0
801	37	20
801	38	50
801	39	50
801	40	70
802	1	90
802	2	90
802	3	100
802	4	10
802	5	100
802	6	80
802	7	100
802	8	50
802	9	80
802	10	30
802	11	30
802	12	0
802	13	140
802	14	110
802	15	100
802	16	120
802	17	100
802	18	70
802	19	80
802	20	100
802	21	60
802	22	10
802	23	100
802	24	120
802	25	80
802	26	30
802	27	50
802	28	120
802	29	10
802	30	80
802	31	80
802	32	50
802	33	100
802	34	120
802	35	70
802	36	60
802	37	70
802	38	60
802	39	100
802	40	100
803	1	90
803	2	70
803	3	100
803	4	10
803	5	70
803	6	60
803	7	60
803	8	20
803	9	80
803	10	10
803	11	20
803	12	0
803	13	120
803	14	90
803	15	100
803	16	100
803	17	80
803	18	50
803	19	80
803	20	70
803	21	60
803	22	10
803	23	100
803	24	100
803	25	60
803	26	0
803	27	50
803	28	90
803	29	10
803	30	80
803	31	70
803	32	70
803	33	80
803	34	90
803	35	50
803	36	60
803	37	70
803	38	60
803	39	80
803	40	120
804	1	70
804	2	70
804	3	100
804	4	10
804	5	80
804	6	60
804	7	60
804	8	30
804	9	100
804	10	30
804	11	50
804	12	20
804	13	120
804	14	90
804	15	100
804	16	100
804	17	80
804	18	50
804	19	60
804	20	80
804	21	80
804	22	30
804	23	80
804	24	100
804	25	60
804	26	10
804	27	50
804	28	100
804	29	30
804	30	100
804	31	100
804	32	50
804	33	80
804	34	120
804	35	50
804	36	60
804	37	90
804	38	60
804	39	80
804	40	100
805	1	50
805	2	70
805	3	80
805	4	0
805	5	70
805	6	80
805	7	60
805	8	0
805	9	90
805	10	20
805	11	20
805	12	20
805	13	80
805	14	90
805	15	70
805	16	60
805	17	60
805	18	20
805	19	60
805	20	50
805	21	80
805	22	30
805	23	80
805	24	80
805	25	60
805	26	0
805	27	30
805	28	70
805	29	40
805	30	80
805	31	90
805	32	50
805	33	70
805	34	70
805	35	0
805	36	50
805	37	70
805	38	60
805	39	70
805	40	80
806	1	70
806	2	90
806	3	80
806	4	0
806	5	50
806	6	60
806	7	80
806	8	40
806	9	50
806	10	20
806	11	0
806	12	0
806	13	80
806	14	70
806	15	70
806	16	100
806	17	60
806	18	20
806	19	80
806	20	70
806	21	80
806	22	30
806	23	80
806	24	100
806	25	60
806	26	20
806	27	30
806	28	70
806	29	20
806	30	60
806	31	70
806	32	70
806	33	70
806	34	70
806	35	40
806	36	50
806	37	70
806	38	60
806	39	70
806	40	100
807	1	50
807	2	110
807	3	70
807	4	0
807	5	70
807	6	70
807	7	70
807	8	40
807	9	70
807	10	0
807	11	0
807	12	0
807	13	70
807	14	90
807	15	90
807	16	90
807	17	50
807	18	20
807	19	50
807	20	70
807	21	50
807	22	0
807	23	70
807	24	110
807	25	50
807	26	20
807	27	20
807	28	90
807	29	20
807	30	50
807	31	70
807	32	50
807	33	70
807	34	70
807	35	40
807	36	50
807	37	50
807	38	50
807	39	90
807	40	90
808	1	90
808	2	110
808	3	80
808	4	20
808	5	110
808	6	120
808	7	100
808	8	40
808	9	70
808	10	20
808	11	0
808	12	0
808	13	120
808	14	130
808	15	110
808	16	120
808	17	100
808	18	60
808	19	100
808	20	110
808	21	60
808	22	10
808	23	120
808	24	140
808	25	100
808	26	20
808	27	50
808	28	110
808	29	20
808	30	60
808	31	90
808	32	70
808	33	90
808	34	110
808	35	60
808	36	70
808	37	70
808	38	80
808	39	90
808	40	140
809	1	70
809	2	20
809	3	50
809	4	50
809	5	20
809	6	10
809	7	60
809	8	70
809	9	70
809	10	50
809	11	70
809	12	50
809	13	120
809	14	90
809	15	90
809	16	50
809	17	80
809	18	90
809	19	60
809	20	70
809	21	10
809	22	60
809	23	80
809	24	100
809	25	60
809	26	50
809	27	100
809	28	40
809	29	50
809	30	80
809	31	20
809	32	50
809	33	70
809	34	40
809	35	90
809	36	0
809	37	20
809	38	60
809	39	70
809	40	100
810	1	90
810	2	90
810	3	100
810	4	0
810	5	110
810	6	100
810	7	80
810	8	20
810	9	90
810	10	20
810	11	20
810	12	0
810	13	140
810	14	130
810	15	110
810	16	100
810	17	100
810	18	60
810	19	80
810	20	90
810	21	60
810	22	10
810	23	120
810	24	120
810	25	80
810	26	0
810	27	50
810	28	110
810	29	20
810	30	80
810	31	90
810	32	50
810	33	90
810	34	110
810	35	40
810	36	50
810	37	70
810	38	60
810	39	90
810	40	120
811	1	90
811	2	20
811	3	30
811	4	50
811	5	20
811	6	10
811	7	60
811	8	70
811	9	90
811	10	50
811	11	90
811	12	70
811	13	100
811	14	70
811	15	90
811	16	50
811	17	80
811	18	70
811	19	80
811	20	70
811	21	10
811	22	60
811	23	100
811	24	100
811	25	60
811	26	50
811	27	80
811	28	40
811	29	50
811	30	100
811	31	20
811	32	70
811	33	50
811	34	60
811	35	90
811	36	0
811	37	20
811	38	60
811	39	70
811	40	120
812	1	70
812	2	90
812	3	100
812	4	10
812	5	90
812	6	80
812	7	60
812	8	20
812	9	120
812	10	30
812	11	40
812	12	20
812	13	120
812	14	110
812	15	120
812	16	100
812	17	80
812	18	50
812	19	60
812	20	70
812	21	80
812	22	30
812	23	100
812	24	120
812	25	60
812	26	0
812	27	50
812	28	110
812	29	50
812	30	100
812	31	110
812	32	50
812	33	80
812	34	110
812	35	50
812	36	60
812	37	90
812	38	60
812	39	100
812	40	120
813	1	90
813	2	60
813	3	20
813	4	50
813	5	40
813	6	40
813	7	90
813	8	90
813	9	70
813	10	90
813	11	50
813	12	50
813	13	110
813	14	130
813	15	90
813	16	60
813	17	70
813	18	110
813	19	90
813	20	90
813	21	20
813	22	70
813	23	110
813	24	130
813	25	70
813	26	70
813	27	90
813	28	60
813	29	90
813	30	50
813	31	60
813	32	70
813	33	90
813	34	60
813	35	110
813	36	0
813	37	40
813	38	50
813	39	90
813	40	130
814	1	90
814	2	70
814	3	100
814	4	10
814	5	90
814	6	80
814	7	80
814	8	20
814	9	100
814	10	50
814	11	40
814	12	20
814	13	140
814	14	110
814	15	100
814	16	100
814	17	100
814	18	70
814	19	80
814	20	90
814	21	80
814	22	30
814	23	100
814	24	100
814	25	80
814	26	0
814	27	50
814	28	90
814	29	30
814	30	100
814	31	90
814	32	50
814	33	100
814	34	130
814	35	50
814	36	60
814	37	90
814	38	60
814	39	80
814	40	100
815	1	50
815	2	90
815	3	80
815	4	0
815	5	70
815	6	80
815	7	80
815	8	20
815	9	70
815	10	0
815	11	0
815	12	0
815	13	100
815	14	110
815	15	70
815	16	100
815	17	60
815	18	40
815	19	60
815	20	50
815	21	60
815	22	10
815	23	80
815	24	120
815	25	60
815	26	20
815	27	50
815	28	110
815	29	20
815	30	60
815	31	90
815	32	50
815	33	70
815	34	70
815	35	40
815	36	50
815	37	70
815	38	60
815	39	90
815	40	100
816	1	50
816	2	40
816	3	20
816	4	50
816	5	20
816	6	20
816	7	70
816	8	70
816	9	70
816	10	50
816	11	50
816	12	50
816	13	90
816	14	110
816	15	70
816	16	40
816	17	50
816	18	90
816	19	50
816	20	50
816	21	0
816	22	50
816	23	70
816	24	110
816	25	50
816	26	70
816	27	90
816	28	60
816	29	70
816	30	50
816	31	40
816	32	50
816	33	70
816	34	20
816	35	90
816	36	0
816	37	20
816	38	50
816	39	90
816	40	90
817	1	70
817	2	110
817	3	80
817	4	10
817	5	90
817	6	80
817	7	80
817	8	40
817	9	120
817	10	30
817	11	40
817	12	20
817	13	80
817	14	70
817	15	120
817	16	100
817	17	80
817	18	10
817	19	60
817	20	70
817	21	80
817	22	30
817	23	100
817	24	120
817	25	60
817	26	20
817	27	10
817	28	110
817	29	50
817	30	100
817	31	90
817	32	50
817	33	60
817	34	90
817	35	50
817	36	60
817	37	70
817	38	60
817	39	120
817	40	100
818	1	70
818	2	50
818	3	80
818	4	10
818	5	70
818	6	80
818	7	80
818	8	0
818	9	60
818	10	30
818	11	0
818	12	0
818	13	100
818	14	90
818	15	60
818	16	60
818	17	80
818	18	50
818	19	80
818	20	70
818	21	60
818	22	10
818	23	80
818	24	60
818	25	80
818	26	0
818	27	30
818	28	50
818	29	10
818	30	60
818	31	50
818	32	50
818	33	100
818	34	70
818	35	10
818	36	60
818	37	50
818	38	60
818	39	60
818	40	60
819	1	110
819	2	50
819	3	80
819	4	10
819	5	100
819	6	80
819	7	80
819	8	10
819	9	100
819	10	30
819	11	50
819	12	20
819	13	120
819	14	90
819	15	80
819	16	80
819	17	100
819	18	50
819	19	100
819	20	80
819	21	60
819	22	10
819	23	120
819	24	80
819	25	80
819	26	10
819	27	30
819	28	100
819	29	10
819	30	100
819	31	80
819	32	70
819	33	80
819	34	120
819	35	30
819	36	60
819	37	70
819	38	60
819	39	80
819	40	100
820	1	70
820	2	70
820	3	100
820	4	10
820	5	100
820	6	80
820	7	60
820	8	10
820	9	120
820	10	30
820	11	50
820	12	20
820	13	100
820	14	90
820	15	100
820	16	60
820	17	80
820	18	30
820	19	60
820	20	60
820	21	80
820	22	30
820	23	100
820	24	80
820	25	60
820	26	10
820	27	30
820	28	100
820	29	50
820	30	100
820	31	100
820	32	50
820	33	80
820	34	80
820	35	10
820	36	60
820	37	70
820	38	60
820	39	100
820	40	80
821	1	90
821	2	40
821	3	30
821	4	50
821	5	20
821	6	30
821	7	100
821	8	90
821	9	50
821	10	90
821	11	50
821	12	50
821	13	120
821	14	110
821	15	70
821	16	70
821	17	80
821	18	110
821	19	100
821	20	90
821	21	30
821	22	80
821	23	100
821	24	120
821	25	80
821	26	70
821	27	100
821	28	40
821	29	70
821	30	60
821	31	40
821	32	70
821	33	90
821	34	60
821	35	110
821	36	0
821	37	40
821	38	60
821	39	70
821	40	120
822	1	70
822	2	70
822	3	70
822	4	0
822	5	70
822	6	70
822	7	50
822	8	0
822	9	70
822	10	0
822	11	0
822	12	0
822	13	70
822	14	90
822	15	70
822	16	50
822	17	50
822	18	20
822	19	70
822	20	50
822	21	50
822	22	0
822	23	90
822	24	70
822	25	50
822	26	0
822	27	20
822	28	70
822	29	20
822	30	50
822	31	70
822	32	70
822	33	70
822	34	50
822	35	0
822	36	50
822	37	50
822	38	50
822	39	70
822	40	90
823	1	110
823	2	40
823	3	50
823	4	70
823	5	60
823	6	50
823	7	100
823	8	90
823	9	70
823	10	70
823	11	70
823	12	50
823	13	140
823	14	110
823	15	110
823	16	70
823	17	120
823	18	110
823	19	100
823	20	110
823	21	10
823	22	60
823	23	120
823	24	120
823	25	100
823	26	70
823	27	100
823	28	60
823	29	50
823	30	80
823	31	20
823	32	70
823	33	90
823	34	60
823	35	110
823	36	20
823	37	20
823	38	80
823	39	90
823	40	120
824	1	90
824	2	40
824	3	30
824	4	50
824	5	60
824	6	50
824	7	100
824	8	70
824	9	110
824	10	90
824	11	90
824	12	70
824	13	100
824	14	90
824	15	90
824	16	30
824	17	100
824	18	70
824	19	80
824	20	70
824	21	30
824	22	80
824	23	120
824	24	100
824	25	80
824	26	70
824	27	60
824	28	60
824	29	90
824	30	100
824	31	40
824	32	50
824	33	70
824	34	40
824	35	70
824	36	0
824	37	20
824	38	60
824	39	110
824	40	80
825	1	70
825	2	90
825	3	60
825	4	10
825	5	70
825	6	80
825	7	100
825	8	40
825	9	80
825	10	50
825	11	20
825	12	20
825	13	100
825	14	90
825	15	80
825	16	120
825	17	80
825	18	50
825	19	80
825	20	90
825	21	80
825	22	30
825	23	80
825	24	120
825	25	80
825	26	20
825	27	30
825	28	90
825	29	30
825	30	80
825	31	90
825	32	50
825	33	80
825	34	130
825	35	70
825	36	60
825	37	90
825	38	60
825	39	80
825	40	100
826	1	50
826	2	0
826	3	30
826	4	60
826	5	10
826	6	10
826	7	60
826	8	60
826	9	80
826	10	80
826	11	80
826	12	70
826	13	100
826	14	90
826	15	60
826	16	30
826	17	60
826	18	100
826	19	60
826	20	60
826	21	30
826	22	80
826	23	60
826	24	80
826	25	60
826	26	60
826	27	100
826	28	30
826	29	80
826	30	80
826	31	50
826	32	50
826	33	80
826	34	50
826	35	80
826	36	10
826	37	40
826	38	60
826	39	60
826	40	80
827	1	70
827	2	20
827	3	30
827	4	60
827	5	20
827	6	10
827	7	80
827	8	70
827	9	100
827	10	80
827	11	90
827	12	70
827	13	80
827	14	50
827	15	80
827	16	30
827	17	80
827	18	60
827	19	60
827	20	50
827	21	30
827	22	80
827	23	80
827	24	80
827	25	60
827	26	70
827	27	60
827	28	40
827	29	80
827	30	100
827	31	20
827	32	50
827	33	60
827	34	20
827	35	80
827	36	10
827	37	20
827	38	60
827	39	100
827	40	60
828	1	70
828	2	20
828	3	20
828	4	50
828	5	0
828	6	0
828	7	70
828	8	70
828	9	50
828	10	70
828	11	50
828	12	50
828	13	90
828	14	90
828	15	50
828	16	40
828	17	50
828	18	90
828	19	70
828	20	50
828	21	20
828	22	70
828	23	70
828	24	90
828	25	50
828	26	70
828	27	90
828	28	40
828	29	70
828	30	50
828	31	40
828	32	70
828	33	70
828	34	20
828	35	90
828	36	0
828	37	40
828	38	50
828	39	70
828	40	90
829	1	70
829	2	70
829	3	80
829	4	10
829	5	70
829	6	80
829	7	80
829	8	20
829	9	60
829	10	30
829	11	0
829	12	0
829	13	100
829	14	90
829	15	80
829	16	80
829	17	80
829	18	50
829	19	80
829	20	90
829	21	60
829	22	10
829	23	80
829	24	80
829	25	80
829	26	0
829	27	30
829	28	50
829	29	10
829	30	60
829	31	50
829	32	50
829	33	100
829	34	90
829	35	30
829	36	60
829	37	50
829	38	60
829	39	60
829	40	80
830	1	70
830	2	20
830	3	50
830	4	60
830	5	40
830	6	30
830	7	60
830	8	50
830	9	120
830	10	80
830	11	90
830	12	70
830	13	120
830	14	110
830	15	100
830	16	30
830	17	80
830	18	100
830	19	60
830	20	50
830	21	30
830	22	80
830	23	100
830	24	100
830	25	60
830	26	50
830	27	100
830	28	60
830	29	100
830	30	100
830	31	60
830	32	50
830	33	80
830	34	40
830	35	80
830	36	10
830	37	40
830	38	60
830	39	100
830	40	100
831	1	90
831	2	90
831	3	100
831	4	30
831	5	120
831	6	100
831	7	80
831	8	30
831	9	100
831	10	10
831	11	30
831	12	0
831	13	120
831	14	110
831	15	120
831	16	100
831	17	100
831	18	50
831	19	80
831	20	80
831	21	60
831	22	10
831	23	120
831	24	120
831	25	80
831	26	30
831	27	50
831	28	140
831	29	30
831	30	80
831	31	100
831	32	70
831	33	80
831	34	80
831	35	50
831	36	80
831	37	70
831	38	80
831	39	120
831	40	120
832	1	90
832	2	60
832	3	50
832	4	60
832	5	60
832	6	50
832	7	100
832	8	90
832	9	100
832	10	80
832	11	70
832	12	50
832	13	140
832	14	130
832	15	120
832	16	70
832	17	100
832	18	120
832	19	80
832	20	90
832	21	10
832	22	60
832	23	120
832	24	140
832	25	80
832	26	70
832	27	100
832	28	80
832	29	80
832	30	80
832	31	40
832	32	50
832	33	100
832	34	60
832	35	120
832	36	10
832	37	20
832	38	60
832	39	120
832	40	120
833	1	110
833	2	90
833	3	80
833	4	0
833	5	110
833	6	100
833	7	80
833	8	20
833	9	110
833	10	20
833	11	40
833	12	20
833	13	100
833	14	90
833	15	110
833	16	80
833	17	100
833	18	20
833	19	100
833	20	90
833	21	60
833	22	10
833	23	140
833	24	100
833	25	80
833	26	0
833	27	10
833	28	90
833	29	20
833	30	100
833	31	70
833	32	70
833	33	70
833	34	110
833	35	20
833	36	50
833	37	50
833	38	60
833	39	90
833	40	120
834	1	90
834	2	70
834	3	70
834	4	20
834	5	90
834	6	90
834	7	90
834	8	20
834	9	50
834	10	20
834	11	0
834	12	0
834	13	90
834	14	90
834	15	70
834	16	70
834	17	90
834	18	40
834	19	90
834	20	90
834	21	50
834	22	0
834	23	90
834	24	70
834	25	90
834	26	20
834	27	20
834	28	70
834	29	0
834	30	50
834	31	50
834	32	70
834	33	90
834	34	70
834	35	20
834	36	70
834	37	50
834	38	70
834	39	70
834	40	70
835	1	70
835	2	20
835	3	40
835	4	50
835	5	20
835	6	0
835	7	70
835	8	70
835	9	70
835	10	50
835	11	70
835	12	50
835	13	90
835	14	70
835	15	70
835	16	20
835	17	70
835	18	70
835	19	50
835	20	50
835	21	0
835	22	50
835	23	70
835	24	70
835	25	50
835	26	70
835	27	70
835	28	40
835	29	50
835	30	70
835	31	0
835	32	50
835	33	70
835	34	0
835	35	70
835	36	0
835	37	0
835	38	50
835	39	90
835	40	50
836	1	70
836	2	40
836	3	20
836	4	50
836	5	40
836	6	20
836	7	70
836	8	70
836	9	110
836	10	70
836	11	90
836	12	70
836	13	70
836	14	70
836	15	90
836	16	20
836	17	70
836	18	50
836	19	50
836	20	50
836	21	20
836	22	70
836	23	90
836	24	90
836	25	50
836	26	70
836	27	50
836	28	60
836	29	90
836	30	90
836	31	40
836	32	50
836	33	50
836	34	20
836	35	70
836	36	0
836	37	20
836	38	50
836	39	110
836	40	70
837	1	110
837	2	40
837	3	40
837	4	50
837	5	60
837	6	40
837	7	90
837	8	70
837	9	90
837	10	90
837	11	70
837	12	50
837	13	110
837	14	110
837	15	90
837	16	20
837	17	90
837	18	90
837	19	90
837	20	70
837	21	20
837	22	70
837	23	130
837	24	90
837	25	70
837	26	70
837	27	70
837	28	60
837	29	90
837	30	70
837	31	40
837	32	70
837	33	90
837	34	20
837	35	70
837	36	0
837	37	20
837	38	50
837	39	110
837	40	90
838	1	90
838	2	40
838	3	10
838	4	50
838	5	40
838	6	50
838	7	80
838	8	70
838	9	90
838	10	70
838	11	70
838	12	70
838	13	80
838	14	90
838	15	90
838	16	30
838	17	80
838	18	70
838	19	100
838	20	90
838	21	10
838	22	60
838	23	120
838	24	100
838	25	80
838	26	50
838	27	60
838	28	20
838	29	70
838	30	80
838	31	20
838	32	70
838	33	70
838	34	60
838	35	70
838	36	0
838	37	0
838	38	60
838	39	70
838	40	120
839	1	70
839	2	20
839	3	10
839	4	50
839	5	20
839	6	30
839	7	100
839	8	70
839	9	70
839	10	90
839	11	70
839	12	70
839	13	80
839	14	70
839	15	50
839	16	30
839	17	80
839	18	70
839	19	80
839	20	70
839	21	30
839	22	80
839	23	80
839	24	80
839	25	80
839	26	70
839	27	60
839	28	20
839	29	70
839	30	80
839	31	20
839	32	50
839	33	70
839	34	40
839	35	70
839	36	0
839	37	20
839	38	60
839	39	70
839	40	60
840	1	90
840	2	70
840	3	90
840	4	0
840	5	90
840	6	70
840	7	90
840	8	20
840	9	70
840	10	20
840	11	20
840	12	0
840	13	130
840	14	110
840	15	70
840	16	90
840	17	90
840	18	60
840	19	70
840	20	70
840	21	50
840	22	0
840	23	90
840	24	90
840	25	70
840	26	20
840	27	40
840	28	110
840	29	0
840	30	70
840	31	70
840	32	50
840	33	90
840	34	90
840	35	40
840	36	50
840	37	70
840	38	50
840	39	90
840	40	70
841	1	70
841	2	0
841	3	20
841	4	50
841	5	0
841	6	0
841	7	50
841	8	50
841	9	50
841	10	50
841	11	50
841	12	50
841	13	90
841	14	90
841	15	50
841	16	20
841	17	50
841	18	90
841	19	70
841	20	50
841	21	0
841	22	50
841	23	70
841	24	70
841	25	50
841	26	50
841	27	90
841	28	20
841	29	50
841	30	50
841	31	20
841	32	70
841	33	70
841	34	20
841	35	70
841	36	0
841	37	20
841	38	50
841	39	50
841	40	90
842	1	70
842	2	20
842	3	30
842	4	60
842	5	20
842	6	10
842	7	80
842	8	70
842	9	100
842	10	80
842	11	90
842	12	70
842	13	100
842	14	70
842	15	80
842	16	50
842	17	80
842	18	80
842	19	60
842	20	50
842	21	30
842	22	80
842	23	80
842	24	100
842	25	60
842	26	70
842	27	80
842	28	60
842	29	80
842	30	100
842	31	40
842	32	50
842	33	60
842	34	40
842	35	100
842	36	10
842	37	40
842	38	60
842	39	100
842	40	80
843	1	70
843	2	110
843	3	90
843	4	0
843	5	90
843	6	70
843	7	70
843	8	40
843	9	90
843	10	0
843	11	20
843	12	0
843	13	90
843	14	90
843	15	110
843	16	90
843	17	70
843	18	20
843	19	50
843	20	70
843	21	50
843	22	0
843	23	90
843	24	110
843	25	50
843	26	20
843	27	20
843	28	110
843	29	20
843	30	70
843	31	70
843	32	50
843	33	70
843	34	70
843	35	40
843	36	50
843	37	50
843	38	50
843	39	110
843	40	90
844	1	70
844	2	70
844	3	80
844	4	10
844	5	100
844	6	100
844	7	80
844	8	10
844	9	100
844	10	50
844	11	30
844	12	20
844	13	120
844	14	130
844	15	80
844	16	80
844	17	80
844	18	70
844	19	80
844	20	80
844	21	80
844	22	30
844	23	100
844	24	100
844	25	80
844	26	10
844	27	50
844	28	100
844	29	50
844	30	80
844	31	120
844	32	50
844	33	100
844	34	120
844	35	30
844	36	60
844	37	90
844	38	60
844	39	80
844	40	100
845	1	50
845	2	20
845	3	20
845	4	50
845	5	0
845	6	0
845	7	70
845	8	70
845	9	50
845	10	50
845	11	50
845	12	50
845	13	90
845	14	90
845	15	50
845	16	40
845	17	50
845	18	90
845	19	50
845	20	50
845	21	0
845	22	50
845	23	50
845	24	90
845	25	50
845	26	70
845	27	90
845	28	40
845	29	50
845	30	50
845	31	20
845	32	50
845	33	70
845	34	20
845	35	90
845	36	0
845	37	20
845	38	50
845	39	70
845	40	70
846	1	90
846	2	90
846	3	100
846	4	20
846	5	110
846	6	100
846	7	80
846	8	20
846	9	90
846	10	0
846	11	20
846	12	0
846	13	120
846	14	110
846	15	110
846	16	100
846	17	100
846	18	40
846	19	80
846	20	70
846	21	60
846	22	10
846	23	120
846	24	120
846	25	80
846	26	20
846	27	50
846	28	130
846	29	20
846	30	80
846	31	90
846	32	70
846	33	70
846	34	70
846	35	40
846	36	70
846	37	70
846	38	80
846	39	110
846	40	120
847	1	90
847	2	40
847	3	50
847	4	60
847	5	50
847	6	30
847	7	60
847	8	80
847	9	100
847	10	60
847	11	80
847	12	50
847	13	120
847	14	110
847	15	120
847	16	50
847	17	80
847	18	100
847	19	80
847	20	80
847	21	10
847	22	60
847	23	120
847	24	120
847	25	60
847	26	60
847	27	100
847	28	70
847	29	80
847	30	80
847	31	50
847	32	70
847	33	80
847	34	50
847	35	100
847	36	10
847	37	20
847	38	60
847	39	100
847	40	140
848	1	70
848	2	20
848	3	0
848	4	50
848	5	0
848	6	0
848	7	50
848	8	70
848	9	70
848	10	50
848	11	70
848	12	70
848	13	70
848	14	70
848	15	70
848	16	40
848	17	50
848	18	70
848	19	70
848	20	70
848	21	0
848	22	50
848	23	70
848	24	90
848	25	50
848	26	50
848	27	70
848	28	20
848	29	50
848	30	70
848	31	20
848	32	70
848	33	50
848	34	60
848	35	90
848	36	0
848	37	20
848	38	50
848	39	50
848	40	110
849	1	70
849	2	0
849	3	50
849	4	50
849	5	20
849	6	10
849	7	60
849	8	50
849	9	70
849	10	50
849	11	70
849	12	50
849	13	100
849	14	70
849	15	70
849	16	10
849	17	80
849	18	70
849	19	60
849	20	50
849	21	10
849	22	60
849	23	80
849	24	60
849	25	60
849	26	50
849	27	80
849	28	20
849	29	50
849	30	80
849	31	0
849	32	50
849	33	70
849	34	0
849	35	50
849	36	0
849	37	0
849	38	60
849	39	70
849	40	60
850	1	90
850	2	50
850	3	100
850	4	0
850	5	90
850	6	80
850	7	80
850	8	0
850	9	90
850	10	40
850	11	40
850	12	20
850	13	120
850	14	90
850	15	70
850	16	60
850	17	100
850	18	40
850	19	80
850	20	70
850	21	80
850	22	30
850	23	100
850	24	60
850	25	80
850	26	0
850	27	30
850	28	70
850	29	20
850	30	100
850	31	70
850	32	50
850	33	90
850	34	90
850	35	0
850	36	50
850	37	70
850	38	60
850	39	70
850	40	60
851	1	70
851	2	90
851	3	60
851	4	10
851	5	90
851	6	100
851	7	100
851	8	20
851	9	100
851	10	50
851	11	20
851	12	20
851	13	80
851	14	90
851	15	80
851	16	80
851	17	80
851	18	30
851	19	80
851	20	70
851	21	80
851	22	30
851	23	100
851	24	100
851	25	80
851	26	20
851	27	10
851	28	90
851	29	50
851	30	80
851	31	90
851	32	50
851	33	80
851	34	90
851	35	30
851	36	60
851	37	70
851	38	60
851	39	100
851	40	80
852	1	70
852	2	40
852	3	30
852	4	50
852	5	40
852	6	50
852	7	80
852	8	70
852	9	90
852	10	90
852	11	70
852	12	70
852	13	120
852	14	130
852	15	90
852	16	50
852	17	80
852	18	110
852	19	80
852	20	90
852	21	30
852	22	80
852	23	100
852	24	120
852	25	80
852	26	50
852	27	100
852	28	40
852	29	90
852	30	80
852	31	60
852	32	50
852	33	90
852	34	80
852	35	90
852	36	0
852	37	40
852	38	60
852	39	70
852	40	120
853	1	90
853	2	110
853	3	100
853	4	0
853	5	110
853	6	100
853	7	100
853	8	40
853	9	90
853	10	20
853	11	20
853	12	0
853	13	140
853	14	130
853	15	110
853	16	120
853	17	100
853	18	60
853	19	80
853	20	90
853	21	60
853	22	10
853	23	120
853	24	140
853	25	80
853	26	20
853	27	50
853	28	130
853	29	20
853	30	80
853	31	90
853	32	50
853	33	90
853	34	110
853	35	60
853	36	50
853	37	70
853	38	60
853	39	110
853	40	120
854	1	90
854	2	40
854	3	20
854	4	50
854	5	40
854	6	20
854	7	50
854	8	70
854	9	110
854	10	50
854	11	90
854	12	70
854	13	70
854	14	70
854	15	110
854	16	20
854	17	70
854	18	50
854	19	70
854	20	70
854	21	0
854	22	50
854	23	110
854	24	90
854	25	50
854	26	50
854	27	50
854	28	40
854	29	70
854	30	90
854	31	20
854	32	70
854	33	50
854	34	40
854	35	70
854	36	0
854	37	0
854	38	50
854	39	90
854	40	110
855	1	70
855	2	50
855	3	80
855	4	10
855	5	60
855	6	60
855	7	60
855	8	10
855	9	60
855	10	10
855	11	10
855	12	0
855	13	80
855	14	70
855	15	60
855	16	60
855	17	60
855	18	30
855	19	80
855	20	60
855	21	60
855	22	10
855	23	80
855	24	60
855	25	60
855	26	10
855	27	30
855	28	60
855	29	10
855	30	60
855	31	60
855	32	70
855	33	80
855	34	60
855	35	10
855	36	60
855	37	50
855	38	60
855	39	60
855	40	80
856	1	70
856	2	20
856	3	30
856	4	50
856	5	20
856	6	10
856	7	80
856	8	70
856	9	90
856	10	70
856	11	90
856	12	70
856	13	80
856	14	50
856	15	70
856	16	30
856	17	80
856	18	50
856	19	60
856	20	50
856	21	30
856	22	80
856	23	80
856	24	80
856	25	60
856	26	70
856	27	60
856	28	40
856	29	70
856	30	100
856	31	20
856	32	50
856	33	50
856	34	20
856	35	70
856	36	0
856	37	20
856	38	60
856	39	90
856	40	60
857	1	90
857	2	70
857	3	100
857	4	10
857	5	90
857	6	80
857	7	100
857	8	20
857	9	80
857	10	30
857	11	20
857	12	0
857	13	140
857	14	110
857	15	80
857	16	100
857	17	100
857	18	70
857	19	80
857	20	70
857	21	60
857	22	10
857	23	100
857	24	100
857	25	80
857	26	20
857	27	50
857	28	110
857	29	10
857	30	80
857	31	70
857	32	50
857	33	100
857	34	90
857	35	50
857	36	60
857	37	70
857	38	60
857	39	100
857	40	80
858	1	90
858	2	20
858	3	30
858	4	60
858	5	50
858	6	30
858	7	100
858	8	80
858	9	100
858	10	100
858	11	100
858	12	70
858	13	100
858	14	70
858	15	80
858	16	30
858	17	100
858	18	80
858	19	80
858	20	80
858	21	30
858	22	80
858	23	100
858	24	80
858	25	80
858	26	80
858	27	60
858	28	50
858	29	80
858	30	100
858	31	30
858	32	50
858	33	80
858	34	50
858	35	80
858	36	10
858	37	20
858	38	60
858	39	100
858	40	60
859	1	70
859	2	70
859	3	100
859	4	10
859	5	70
859	6	60
859	7	60
859	8	20
859	9	80
859	10	10
859	11	20
859	12	0
859	13	100
859	14	70
859	15	100
859	16	80
859	17	80
859	18	30
859	19	60
859	20	70
859	21	60
859	22	10
859	23	80
859	24	80
859	25	60
859	26	0
859	27	30
859	28	70
859	29	10
859	30	80
859	31	50
859	32	50
859	33	80
859	34	70
859	35	30
859	36	60
859	37	50
859	38	60
859	39	80
859	40	80
860	1	90
860	2	60
860	3	50
860	4	60
860	5	60
860	6	50
860	7	100
860	8	90
860	9	100
860	10	80
860	11	70
860	12	50
860	13	140
860	14	130
860	15	120
860	16	70
860	17	100
860	18	120
860	19	80
860	20	90
860	21	10
860	22	60
860	23	120
860	24	140
860	25	80
860	26	70
860	27	100
860	28	80
860	29	80
860	30	80
860	31	40
860	32	50
860	33	100
860	34	60
860	35	120
860	36	10
860	37	20
860	38	60
860	39	120
860	40	120
861	1	90
861	2	60
861	3	50
861	4	60
861	5	70
861	6	50
861	7	100
861	8	100
861	9	100
861	10	80
861	11	80
861	12	50
861	13	120
861	14	110
861	15	120
861	16	50
861	17	100
861	18	100
861	19	80
861	20	100
861	21	10
861	22	60
861	23	120
861	24	120
861	25	80
861	26	80
861	27	80
861	28	70
861	29	80
861	30	80
861	31	30
861	32	50
861	33	100
861	34	50
861	35	100
861	36	10
861	37	0
861	38	60
861	39	120
861	40	100
862	1	70
862	2	60
862	3	50
862	4	60
862	5	50
862	6	30
862	7	80
862	8	100
862	9	100
862	10	60
862	11	80
862	12	50
862	13	120
862	14	110
862	15	120
862	16	70
862	17	80
862	18	100
862	19	60
862	20	80
862	21	10
862	22	60
862	23	100
862	24	140
862	25	60
862	26	80
862	27	100
862	28	90
862	29	80
862	30	80
862	31	50
862	32	50
862	33	80
862	34	50
862	35	120
862	36	10
862	37	20
862	38	60
862	39	120
862	40	120
863	1	90
863	2	0
863	3	10
863	4	60
863	5	20
863	6	30
863	7	80
863	8	50
863	9	80
863	10	80
863	11	70
863	12	70
863	13	100
863	14	90
863	15	60
863	16	30
863	17	80
863	18	100
863	19	100
863	20	70
863	21	10
863	22	60
863	23	100
863	24	80
863	25	80
863	26	50
863	27	80
863	28	20
863	29	60
863	30	80
863	31	20
863	32	70
863	33	80
863	34	60
863	35	80
863	36	10
863	37	20
863	38	60
863	39	60
863	40	100
864	1	50
864	2	50
864	3	80
864	4	10
864	5	50
864	6	60
864	7	60
864	8	0
864	9	60
864	10	10
864	11	0
864	12	0
864	13	80
864	14	70
864	15	60
864	16	60
864	17	60
864	18	30
864	19	60
864	20	50
864	21	60
864	22	10
864	23	60
864	24	60
864	25	60
864	26	0
864	27	30
864	28	50
864	29	10
864	30	60
864	31	50
864	32	50
864	33	80
864	34	50
864	35	10
864	36	60
864	37	50
864	38	60
864	39	60
864	40	60
865	1	50
865	2	20
865	3	30
865	4	60
865	5	20
865	6	30
865	7	60
865	8	50
865	9	80
865	10	60
865	11	50
865	12	50
865	13	100
865	14	110
865	15	80
865	16	30
865	17	60
865	18	100
865	19	60
865	20	50
865	21	10
865	22	60
865	23	80
865	24	100
865	25	60
865	26	50
865	27	100
865	28	40
865	29	80
865	30	60
865	31	40
865	32	50
865	33	80
865	34	20
865	35	80
865	36	10
865	37	20
865	38	60
865	39	80
865	40	100
866	1	70
866	2	20
866	3	30
866	4	60
866	5	40
866	6	50
866	7	80
866	8	50
866	9	80
866	10	80
866	11	50
866	12	50
866	13	100
866	14	110
866	15	80
866	16	10
866	17	80
866	18	100
866	19	80
866	20	70
866	21	10
866	22	60
866	23	100
866	24	80
866	25	80
866	26	50
866	27	80
866	28	20
866	29	80
866	30	60
866	31	20
866	32	50
866	33	100
866	34	20
866	35	60
866	36	10
866	37	0
866	38	60
866	39	80
866	40	80
867	1	70
867	2	110
867	3	80
867	4	0
867	5	90
867	6	80
867	7	80
867	8	40
867	9	110
867	10	20
867	11	40
867	12	20
867	13	80
867	14	70
867	15	110
867	16	100
867	17	80
867	18	0
867	19	60
867	20	70
867	21	80
867	22	30
867	23	100
867	24	120
867	25	60
867	26	20
867	27	10
867	28	110
867	29	40
867	30	100
867	31	90
867	32	50
867	33	50
867	34	90
867	35	40
867	36	50
867	37	70
867	38	60
867	39	110
867	40	100
868	1	90
868	2	40
868	3	30
868	4	60
868	5	60
868	6	50
868	7	100
868	8	70
868	9	120
868	10	100
868	11	90
868	12	70
868	13	120
868	14	110
868	15	100
868	16	50
868	17	100
868	18	100
868	19	80
868	20	70
868	21	30
868	22	80
868	23	120
868	24	120
868	25	80
868	26	70
868	27	80
868	28	80
868	29	100
868	30	100
868	31	60
868	32	50
868	33	80
868	34	60
868	35	100
868	36	10
868	37	40
868	38	60
868	39	120
868	40	100
869	1	70
869	2	90
869	3	60
869	4	10
869	5	100
869	6	100
869	7	100
869	8	30
869	9	100
869	10	50
869	11	30
869	12	20
869	13	80
869	14	90
869	15	80
869	16	80
869	17	80
869	18	30
869	19	80
869	20	80
869	21	80
869	22	30
869	23	100
869	24	100
869	25	80
869	26	30
869	27	10
869	28	100
869	29	50
869	30	80
869	31	100
869	32	50
869	33	80
869	34	100
869	35	30
869	36	60
869	37	70
869	38	60
869	39	100
869	40	80
870	1	110
870	2	70
870	3	100
870	4	10
870	5	90
870	6	80
870	7	100
870	8	20
870	9	80
870	10	50
870	11	20
870	12	0
870	13	120
870	14	90
870	15	80
870	16	80
870	17	100
870	18	50
870	19	100
870	20	70
870	21	80
870	22	30
870	23	120
870	24	80
870	25	80
870	26	20
870	27	30
870	28	90
870	29	30
870	30	80
870	31	70
870	32	70
870	33	100
870	34	70
870	35	30
870	36	60
870	37	70
870	38	60
870	39	100
870	40	80
871	1	70
871	2	60
871	3	10
871	4	50
871	5	40
871	6	50
871	7	100
871	8	90
871	9	90
871	10	90
871	11	70
871	12	70
871	13	100
871	14	110
871	15	90
871	16	70
871	17	80
871	18	90
871	19	80
871	20	90
871	21	30
871	22	80
871	23	100
871	24	140
871	25	80
871	26	70
871	27	80
871	28	60
871	29	90
871	30	80
871	31	60
871	32	50
871	33	70
871	34	80
871	35	110
871	36	0
871	37	40
871	38	60
871	39	90
871	40	120
872	1	70
872	2	40
872	3	50
872	4	50
872	5	40
872	6	30
872	7	80
872	8	70
872	9	90
872	10	50
872	11	70
872	12	50
872	13	120
872	14	110
872	15	90
872	16	50
872	17	80
872	18	90
872	19	60
872	20	50
872	21	10
872	22	60
872	23	100
872	24	120
872	25	60
872	26	70
872	27	100
872	28	80
872	29	70
872	30	80
872	31	40
872	32	50
872	33	70
872	34	20
872	35	90
872	36	0
872	37	20
872	38	60
872	39	110
872	40	100
873	1	50
873	2	60
873	3	30
873	4	50
873	5	20
873	6	30
873	7	80
873	8	90
873	9	70
873	10	50
873	11	50
873	12	50
873	13	100
873	14	110
873	15	90
873	16	70
873	17	60
873	18	90
873	19	60
873	20	70
873	21	10
873	22	60
873	23	80
873	24	140
873	25	60
873	26	70
873	27	100
873	28	60
873	29	70
873	30	60
873	31	40
873	32	50
873	33	70
873	34	40
873	35	110
873	36	0
873	37	20
873	38	60
873	39	90
873	40	120
874	1	110
874	2	20
874	3	40
874	4	50
874	5	60
874	6	40
874	7	70
874	8	50
874	9	90
874	10	70
874	11	70
874	12	50
874	13	130
874	14	130
874	15	90
874	16	20
874	17	90
874	18	110
874	19	90
874	20	70
874	21	0
874	22	50
874	23	130
874	24	90
874	25	70
874	26	50
874	27	90
874	28	60
874	29	70
874	30	70
874	31	40
874	32	70
874	33	90
874	34	40
874	35	70
874	36	0
874	37	20
874	38	50
874	39	90
874	40	110
875	1	70
875	2	50
875	3	100
875	4	0
875	5	70
875	6	60
875	7	60
875	8	0
875	9	90
875	10	20
875	11	40
875	12	20
875	13	120
875	14	90
875	15	70
875	16	80
875	17	80
875	18	40
875	19	60
875	20	50
875	21	80
875	22	30
875	23	80
875	24	80
875	25	60
875	26	0
875	27	50
875	28	90
875	29	20
875	30	100
875	31	90
875	32	50
875	33	70
875	34	90
875	35	20
875	36	50
875	37	90
875	38	60
875	39	70
875	40	80
876	1	50
876	2	40
876	3	30
876	4	50
876	5	0
876	6	10
876	7	80
876	8	90
876	9	50
876	10	50
876	11	50
876	12	50
876	13	80
876	14	70
876	15	70
876	16	50
876	17	60
876	18	70
876	19	60
876	20	70
876	21	10
876	22	60
876	23	60
876	24	100
876	25	60
876	26	70
876	27	80
876	28	20
876	29	50
876	30	60
876	31	0
876	32	50
876	33	70
876	34	20
876	35	90
876	36	0
876	37	0
876	38	60
876	39	70
876	40	80
877	1	90
877	2	40
877	3	20
877	4	50
877	5	40
877	6	20
877	7	50
877	8	70
877	9	110
877	10	50
877	11	90
877	12	70
877	13	90
877	14	90
877	15	110
877	16	40
877	17	70
877	18	70
877	19	70
877	20	70
877	21	0
877	22	50
877	23	110
877	24	110
877	25	50
877	26	50
877	27	70
877	28	60
877	29	70
877	30	90
877	31	40
877	32	70
877	33	50
877	34	60
877	35	90
877	36	0
877	37	20
877	38	50
877	39	90
877	40	130
878	1	70
878	2	70
878	3	90
878	4	0
878	5	90
878	6	70
878	7	50
878	8	0
878	9	110
878	10	20
878	11	40
878	12	20
878	13	110
878	14	110
878	15	90
878	16	70
878	17	70
878	18	40
878	19	50
878	20	50
878	21	70
878	22	20
878	23	90
878	24	90
878	25	50
878	26	0
878	27	40
878	28	110
878	29	40
878	30	90
878	31	110
878	32	50
878	33	70
878	34	90
878	35	20
878	36	50
878	37	90
878	38	50
878	39	90
878	40	90
879	1	90
879	2	90
879	3	100
879	4	0
879	5	110
879	6	100
879	7	100
879	8	20
879	9	90
879	10	20
879	11	20
879	12	0
879	13	120
879	14	110
879	15	90
879	16	80
879	17	100
879	18	40
879	19	80
879	20	70
879	21	60
879	22	10
879	23	120
879	24	100
879	25	80
879	26	20
879	27	30
879	28	110
879	29	20
879	30	80
879	31	70
879	32	50
879	33	90
879	34	70
879	35	20
879	36	50
879	37	50
879	38	60
879	39	110
879	40	80
880	1	70
880	2	20
880	3	50
880	4	50
880	5	40
880	6	30
880	7	60
880	8	50
880	9	90
880	10	50
880	11	70
880	12	50
880	13	100
880	14	90
880	15	90
880	16	10
880	17	80
880	18	70
880	19	60
880	20	50
880	21	10
880	22	60
880	23	100
880	24	80
880	25	60
880	26	50
880	27	80
880	28	40
880	29	70
880	30	80
880	31	20
880	32	50
880	33	70
880	34	0
880	35	50
880	36	0
880	37	0
880	38	60
880	39	90
880	40	80
881	1	50
881	2	70
881	3	80
881	4	0
881	5	50
881	6	60
881	7	80
881	8	20
881	9	50
881	10	0
881	11	0
881	12	0
881	13	80
881	14	70
881	15	50
881	16	80
881	17	60
881	18	20
881	19	60
881	20	50
881	21	60
881	22	10
881	23	60
881	24	80
881	25	60
881	26	20
881	27	30
881	28	70
881	29	0
881	30	60
881	31	50
881	32	50
881	33	70
881	34	50
881	35	20
881	36	50
881	37	50
881	38	60
881	39	70
881	40	60
882	1	70
882	2	70
882	3	80
882	4	10
882	5	50
882	6	60
882	7	60
882	8	20
882	9	60
882	10	10
882	11	0
882	12	0
882	13	100
882	14	90
882	15	80
882	16	100
882	17	60
882	18	50
882	19	80
882	20	70
882	21	60
882	22	10
882	23	80
882	24	100
882	25	60
882	26	0
882	27	50
882	28	70
882	29	10
882	30	60
882	31	70
882	32	70
882	33	80
882	34	90
882	35	50
882	36	60
882	37	70
882	38	60
882	39	60
882	40	120
883	1	70
883	2	90
883	3	70
883	4	0
883	5	90
883	6	90
883	7	70
883	8	20
883	9	70
883	10	20
883	11	0
883	12	0
883	13	90
883	14	110
883	15	90
883	16	70
883	17	70
883	18	40
883	19	70
883	20	90
883	21	50
883	22	0
883	23	90
883	24	90
883	25	70
883	26	0
883	27	20
883	28	70
883	29	20
883	30	50
883	31	70
883	32	50
883	33	90
883	34	90
883	35	20
883	36	50
883	37	50
883	38	50
883	39	70
883	40	90
884	1	90
884	2	20
884	3	50
884	4	50
884	5	40
884	6	30
884	7	80
884	8	70
884	9	70
884	10	70
884	11	70
884	12	50
884	13	140
884	14	110
884	15	90
884	16	50
884	17	100
884	18	110
884	19	80
884	20	90
884	21	10
884	22	60
884	23	100
884	24	100
884	25	80
884	26	50
884	27	100
884	28	40
884	29	50
884	30	80
884	31	20
884	32	50
884	33	90
884	34	60
884	35	90
884	36	0
884	37	20
884	38	60
884	39	70
884	40	100
885	1	50
885	2	20
885	3	10
885	4	60
885	5	10
885	6	10
885	7	80
885	8	80
885	9	80
885	10	80
885	11	80
885	12	70
885	13	80
885	14	70
885	15	60
885	16	50
885	17	60
885	18	80
885	19	60
885	20	60
885	21	30
885	22	80
885	23	60
885	24	100
885	25	60
885	26	80
885	27	80
885	28	50
885	29	80
885	30	80
885	31	50
885	32	50
885	33	60
885	34	50
885	35	100
885	36	10
885	37	40
885	38	60
885	39	80
885	40	80
886	1	90
886	2	40
886	3	30
886	4	60
886	5	40
886	6	30
886	7	100
886	8	90
886	9	100
886	10	100
886	11	90
886	12	70
886	13	100
886	14	70
886	15	100
886	16	50
886	17	100
886	18	80
886	19	80
886	20	90
886	21	30
886	22	80
886	23	100
886	24	100
886	25	80
886	26	70
886	27	60
886	28	40
886	29	80
886	30	100
886	31	20
886	32	50
886	33	80
886	34	60
886	35	100
886	36	10
886	37	20
886	38	60
886	39	100
886	40	80
887	1	50
887	2	90
887	3	70
887	4	0
887	5	50
887	6	50
887	7	70
887	8	40
887	9	50
887	10	0
887	11	0
887	12	0
887	13	90
887	14	90
887	15	70
887	16	110
887	17	50
887	18	40
887	19	50
887	20	70
887	21	50
887	22	0
887	23	50
887	24	110
887	25	50
887	26	20
887	27	40
887	28	90
887	29	0
887	30	50
887	31	70
887	32	50
887	33	70
887	34	90
887	35	60
887	36	50
887	37	70
887	38	50
887	39	70
887	40	90
888	1	90
888	2	70
888	3	70
888	4	0
888	5	90
888	6	70
888	7	50
888	8	0
888	9	110
888	10	0
888	11	40
888	12	20
888	13	90
888	14	90
888	15	90
888	16	70
888	17	70
888	18	20
888	19	70
888	20	50
888	21	50
888	22	0
888	23	110
888	24	90
888	25	50
888	26	0
888	27	20
888	28	110
888	29	20
888	30	90
888	31	90
888	32	70
888	33	50
888	34	90
888	35	20
888	36	50
888	37	70
888	38	50
888	39	90
888	40	110
889	1	90
889	2	20
889	3	10
889	4	60
889	5	30
889	6	30
889	7	80
889	8	80
889	9	80
889	10	80
889	11	80
889	12	70
889	13	100
889	14	90
889	15	80
889	16	50
889	17	80
889	18	100
889	19	100
889	20	100
889	21	10
889	22	60
889	23	100
889	24	100
889	25	80
889	26	60
889	27	80
889	28	30
889	29	60
889	30	80
889	31	30
889	32	70
889	33	80
889	34	90
889	35	100
889	36	10
889	37	20
889	38	60
889	39	60
889	40	120
890	1	70
890	2	110
890	3	70
890	4	0
890	5	90
890	6	90
890	7	90
890	8	40
890	9	70
890	10	20
890	11	0
890	12	0
890	13	110
890	14	130
890	15	90
890	16	110
890	17	70
890	18	60
890	19	70
890	20	90
890	21	50
890	22	0
890	23	90
890	24	130
890	25	70
890	26	20
890	27	40
890	28	110
890	29	20
890	30	50
890	31	90
890	32	50
890	33	90
890	34	110
890	35	60
890	36	50
890	37	70
890	38	50
890	39	90
890	40	110
891	1	70
891	2	90
891	3	80
891	4	10
891	5	80
891	6	80
891	7	80
891	8	30
891	9	80
891	10	30
891	11	10
891	12	0
891	13	100
891	14	110
891	15	80
891	16	100
891	17	60
891	18	50
891	19	80
891	20	60
891	21	80
891	22	30
891	23	100
891	24	120
891	25	60
891	26	30
891	27	50
891	28	120
891	29	50
891	30	60
891	31	120
891	32	70
891	33	80
891	34	80
891	35	50
891	36	60
891	37	90
891	38	60
891	39	100
891	40	120
892	1	90
892	2	50
892	3	100
892	4	0
892	5	70
892	6	60
892	7	60
892	8	0
892	9	70
892	10	0
892	11	20
892	12	0
892	13	100
892	14	70
892	15	70
892	16	60
892	17	80
892	18	20
892	19	80
892	20	50
892	21	60
892	22	10
892	23	100
892	24	60
892	25	60
892	26	0
892	27	30
892	28	70
892	29	0
892	30	80
892	31	50
892	32	70
892	33	70
892	34	50
892	35	0
892	36	50
892	37	50
892	38	60
892	39	70
892	40	80
893	1	70
893	2	40
893	3	30
893	4	80
893	5	20
893	6	30
893	7	80
893	8	90
893	9	60
893	10	60
893	11	50
893	12	50
893	13	80
893	14	70
893	15	100
893	16	50
893	17	80
893	18	80
893	19	80
893	20	90
893	21	10
893	22	60
893	23	80
893	24	100
893	25	80
893	26	70
893	27	80
893	28	20
893	29	60
893	30	60
893	31	0
893	32	70
893	33	80
893	34	20
893	35	100
893	36	30
893	37	0
893	38	80
893	39	80
893	40	100
894	1	70
894	2	90
894	3	100
894	4	10
894	5	90
894	6	80
894	7	60
894	8	20
894	9	100
894	10	10
894	11	20
894	12	0
894	13	100
894	14	90
894	15	120
894	16	80
894	17	80
894	18	30
894	19	60
894	20	70
894	21	60
894	22	10
894	23	100
894	24	100
894	25	60
894	26	0
894	27	30
894	28	90
894	29	30
894	30	80
894	31	70
894	32	50
894	33	80
894	34	70
894	35	30
894	36	60
894	37	50
894	38	60
894	39	100
894	40	100
895	1	90
895	2	40
895	3	10
895	4	60
895	5	50
895	6	50
895	7	80
895	8	80
895	9	100
895	10	80
895	11	80
895	12	70
895	13	100
895	14	110
895	15	100
895	16	50
895	17	80
895	18	100
895	19	100
895	20	100
895	21	10
895	22	60
895	23	120
895	24	120
895	25	80
895	26	60
895	27	80
895	28	50
895	29	80
895	30	80
895	31	50
895	32	70
895	33	80
895	34	90
895	35	100
895	36	10
895	37	20
895	38	60
895	39	80
895	40	140
896	1	70
896	2	40
896	3	30
896	4	60
896	5	50
896	6	30
896	7	80
896	8	80
896	9	120
896	10	80
896	11	100
896	12	70
896	13	100
896	14	90
896	15	100
896	16	50
896	17	80
896	18	80
896	19	60
896	20	60
896	21	30
896	22	80
896	23	100
896	24	120
896	25	60
896	26	80
896	27	80
896	28	90
896	29	100
896	30	100
896	31	70
896	32	50
896	33	60
896	34	50
896	35	100
896	36	10
896	37	40
896	38	60
896	39	120
896	40	100
897	1	90
897	2	110
897	3	100
897	4	10
897	5	120
897	6	100
897	7	100
897	8	50
897	9	100
897	10	30
897	11	30
897	12	0
897	13	140
897	14	130
897	15	120
897	16	120
897	17	100
897	18	70
897	19	80
897	20	100
897	21	60
897	22	10
897	23	120
897	24	140
897	25	80
897	26	30
897	27	50
897	28	140
897	29	30
897	30	80
897	31	100
897	32	50
897	33	100
897	34	120
897	35	70
897	36	60
897	37	70
897	38	60
897	39	120
897	40	120
898	1	90
898	2	40
898	3	50
898	4	60
898	5	60
898	6	50
898	7	100
898	8	70
898	9	100
898	10	80
898	11	70
898	12	50
898	13	140
898	14	130
898	15	100
898	16	50
898	17	100
898	18	120
898	19	80
898	20	70
898	21	10
898	22	60
898	23	120
898	24	120
898	25	80
898	26	70
898	27	100
898	28	80
898	29	80
898	30	80
898	31	40
898	32	50
898	33	100
898	34	40
898	35	100
898	36	10
898	37	20
898	38	60
898	39	120
898	40	100
899	1	70
899	2	90
899	3	60
899	4	10
899	5	100
899	6	100
899	7	100
899	8	30
899	9	100
899	10	50
899	11	30
899	12	20
899	13	100
899	14	110
899	15	80
899	16	100
899	17	80
899	18	50
899	19	80
899	20	80
899	21	80
899	22	30
899	23	100
899	24	120
899	25	80
899	26	30
899	27	30
899	28	120
899	29	50
899	30	80
899	31	120
899	32	50
899	33	80
899	34	120
899	35	50
899	36	60
899	37	90
899	38	60
899	39	100
899	40	100
900	1	90
900	2	70
900	3	80
900	4	10
900	5	80
900	6	60
900	7	60
900	8	30
900	9	100
900	10	10
900	11	50
900	12	20
900	13	100
900	14	70
900	15	100
900	16	100
900	17	80
900	18	30
900	19	80
900	20	80
900	21	60
900	22	10
900	23	100
900	24	100
900	25	60
900	26	10
900	27	30
900	28	100
900	29	10
900	30	100
900	31	80
900	32	70
900	33	60
900	34	120
900	35	50
900	36	60
900	37	70
900	38	60
900	39	80
900	40	120
901	1	70
901	2	60
901	3	10
901	4	60
901	5	50
901	6	50
901	7	100
901	8	100
901	9	100
901	10	100
901	11	80
901	12	70
901	13	100
901	14	110
901	15	100
901	16	70
901	17	80
901	18	100
901	19	80
901	20	100
901	21	30
901	22	80
901	23	100
901	24	140
901	25	80
901	26	80
901	27	80
901	28	70
901	29	100
901	30	80
901	31	70
901	32	50
901	33	80
901	34	90
901	35	120
901	36	10
901	37	40
901	38	60
901	39	100
901	40	120
902	1	90
902	2	90
902	3	80
902	4	30
902	5	100
902	6	100
902	7	100
902	8	50
902	9	60
902	10	30
902	11	10
902	12	0
902	13	100
902	14	90
902	15	100
902	16	100
902	17	100
902	18	50
902	19	100
902	20	120
902	21	60
902	22	10
902	23	100
902	24	100
902	25	100
902	26	30
902	27	30
902	28	80
902	29	10
902	30	60
902	31	60
902	32	70
902	33	100
902	34	100
902	35	50
902	36	80
902	37	50
902	38	80
902	39	80
902	40	100
903	1	70
903	2	90
903	3	90
903	4	0
903	5	90
903	6	70
903	7	50
903	8	20
903	9	90
903	10	0
903	11	20
903	12	0
903	13	110
903	14	110
903	15	110
903	16	90
903	17	70
903	18	40
903	19	50
903	20	70
903	21	50
903	22	0
903	23	90
903	24	110
903	25	50
903	26	0
903	27	40
903	28	110
903	29	20
903	30	70
903	31	90
903	32	50
903	33	70
903	34	90
903	35	40
903	36	50
903	37	70
903	38	50
903	39	90
903	40	110
904	1	70
904	2	70
904	3	80
904	4	10
904	5	100
904	6	100
904	7	80
904	8	10
904	9	80
904	10	30
904	11	10
904	12	0
904	13	120
904	14	130
904	15	80
904	16	80
904	17	80
904	18	70
904	19	80
904	20	80
904	21	60
904	22	10
904	23	100
904	24	100
904	25	80
904	26	10
904	27	50
904	28	100
904	29	30
904	30	60
904	31	100
904	32	50
904	33	100
904	34	100
904	35	30
904	36	60
904	37	70
904	38	60
904	39	80
904	40	100
905	1	70
905	2	60
905	3	10
905	4	60
905	5	50
905	6	50
905	7	100
905	8	100
905	9	100
905	10	100
905	11	80
905	12	70
905	13	100
905	14	110
905	15	100
905	16	70
905	17	80
905	18	100
905	19	80
905	20	100
905	21	30
905	22	80
905	23	100
905	24	140
905	25	80
905	26	80
905	27	80
905	28	70
905	29	100
905	30	80
905	31	70
905	32	50
905	33	80
905	34	90
905	35	120
905	36	10
905	37	40
905	38	60
905	39	100
905	40	120
906	1	70
906	2	40
906	3	10
906	4	60
906	5	40
906	6	50
906	7	100
906	8	70
906	9	100
906	10	100
906	11	70
906	12	70
906	13	100
906	14	110
906	15	80
906	16	50
906	17	80
906	18	100
906	19	80
906	20	70
906	21	30
906	22	80
906	23	100
906	24	120
906	25	80
906	26	70
906	27	80
906	28	60
906	29	100
906	30	80
906	31	60
906	32	50
906	33	80
906	34	60
906	35	100
906	36	10
906	37	40
906	38	60
906	39	100
906	40	100
907	1	50
907	2	40
907	3	30
907	4	60
907	5	30
907	6	30
907	7	60
907	8	80
907	9	80
907	10	60
907	11	60
907	12	50
907	13	100
907	14	110
907	15	100
907	16	50
907	17	60
907	18	100
907	19	60
907	20	80
907	21	10
907	22	60
907	23	80
907	24	120
907	25	60
907	26	60
907	27	100
907	28	50
907	29	80
907	30	60
907	31	50
907	32	50
907	33	80
907	34	50
907	35	100
907	36	10
907	37	20
907	38	60
907	39	80
907	40	120
908	1	70
908	2	20
908	3	30
908	4	50
908	5	40
908	6	50
908	7	80
908	8	50
908	9	90
908	10	90
908	11	70
908	12	70
908	13	120
908	14	130
908	15	70
908	16	30
908	17	80
908	18	110
908	19	80
908	20	70
908	21	30
908	22	80
908	23	100
908	24	100
908	25	80
908	26	50
908	27	100
908	28	40
908	29	90
908	30	80
908	31	60
908	32	50
908	33	90
908	34	60
908	35	70
908	36	0
908	37	40
908	38	60
908	39	70
908	40	100
909	1	90
909	2	70
909	3	100
909	4	10
909	5	90
909	6	80
909	7	60
909	8	0
909	9	100
909	10	10
909	11	20
909	12	0
909	13	100
909	14	90
909	15	100
909	16	60
909	17	80
909	18	30
909	19	80
909	20	50
909	21	60
909	22	10
909	23	120
909	24	80
909	25	60
909	26	0
909	27	30
909	28	90
909	29	30
909	30	80
909	31	70
909	32	70
909	33	80
909	34	50
909	35	10
909	36	60
909	37	50
909	38	60
909	39	100
909	40	100
910	1	90
910	2	90
910	3	80
910	4	30
910	5	100
910	6	100
910	7	100
910	8	50
910	9	60
910	10	30
910	11	10
910	12	0
910	13	120
910	14	110
910	15	100
910	16	120
910	17	100
910	18	70
910	19	100
910	20	120
910	21	60
910	22	10
910	23	100
910	24	120
910	25	100
910	26	30
910	27	50
910	28	100
910	29	10
910	30	60
910	31	80
910	32	70
910	33	100
910	34	120
910	35	70
910	36	80
910	37	70
910	38	80
910	39	80
910	40	120
911	1	70
911	2	90
911	3	80
911	4	10
911	5	100
911	6	100
911	7	100
911	8	30
911	9	80
911	10	30
911	11	10
911	12	0
911	13	100
911	14	110
911	15	80
911	16	80
911	17	80
911	18	50
911	19	80
911	20	80
911	21	60
911	22	10
911	23	100
911	24	100
911	25	80
911	26	30
911	27	30
911	28	100
911	29	30
911	30	60
911	31	80
911	32	50
911	33	100
911	34	80
911	35	30
911	36	60
911	37	50
911	38	60
911	39	100
911	40	80
912	1	70
912	2	110
912	3	70
912	4	0
912	5	90
912	6	70
912	7	70
912	8	40
912	9	110
912	10	20
912	11	40
912	12	20
912	13	90
912	14	90
912	15	110
912	16	110
912	17	70
912	18	20
912	19	50
912	20	70
912	21	70
912	22	20
912	23	90
912	24	130
912	25	50
912	26	20
912	27	20
912	28	130
912	29	40
912	30	90
912	31	110
912	32	50
912	33	50
912	34	110
912	35	60
912	36	50
912	37	90
912	38	50
912	39	110
912	40	110
913	1	90
913	2	90
913	3	100
913	4	10
913	5	90
913	6	80
913	7	80
913	8	20
913	9	100
913	10	30
913	11	20
913	12	0
913	13	100
913	14	90
913	15	100
913	16	80
913	17	80
913	18	30
913	19	80
913	20	50
913	21	80
913	22	30
913	23	120
913	24	100
913	25	60
913	26	20
913	27	30
913	28	110
913	29	50
913	30	80
913	31	90
913	32	70
913	33	80
913	34	50
913	35	30
913	36	60
913	37	70
913	38	60
913	39	120
913	40	100
914	1	90
914	2	20
914	3	50
914	4	60
914	5	60
914	6	50
914	7	80
914	8	50
914	9	100
914	10	80
914	11	70
914	12	50
914	13	120
914	14	110
914	15	100
914	16	10
914	17	100
914	18	100
914	19	80
914	20	70
914	21	10
914	22	60
914	23	120
914	24	80
914	25	80
914	26	50
914	27	80
914	28	40
914	29	80
914	30	80
914	31	20
914	32	50
914	33	100
914	34	20
914	35	60
914	36	10
914	37	0
914	38	60
914	39	100
914	40	80
915	1	50
915	2	70
915	3	60
915	4	10
915	5	50
915	6	60
915	7	80
915	8	20
915	9	80
915	10	30
915	11	20
915	12	20
915	13	60
915	14	50
915	15	60
915	16	80
915	17	60
915	18	10
915	19	60
915	20	50
915	21	80
915	22	30
915	23	60
915	24	80
915	25	60
915	26	20
915	27	10
915	28	70
915	29	30
915	30	80
915	31	70
915	32	50
915	33	60
915	34	70
915	35	30
915	36	60
915	37	70
915	38	60
915	39	80
915	40	60
916	1	50
916	2	0
916	3	20
916	4	50
916	5	0
916	6	0
916	7	50
916	8	50
916	9	50
916	10	50
916	11	50
916	12	50
916	13	90
916	14	90
916	15	50
916	16	20
916	17	50
916	18	90
916	19	50
916	20	50
916	21	0
916	22	50
916	23	50
916	24	70
916	25	50
916	26	50
916	27	90
916	28	20
916	29	50
916	30	50
916	31	20
916	32	50
916	33	70
916	34	20
916	35	70
916	36	0
916	37	20
916	38	50
916	39	50
916	40	70
917	1	90
917	2	40
917	3	30
917	4	50
917	5	60
917	6	50
917	7	100
917	8	70
917	9	110
917	10	90
917	11	90
917	12	70
917	13	120
917	14	110
917	15	90
917	16	50
917	17	100
917	18	90
917	19	80
917	20	70
917	21	30
917	22	80
917	23	120
917	24	120
917	25	80
917	26	70
917	27	80
917	28	80
917	29	90
917	30	100
917	31	60
917	32	50
917	33	70
917	34	60
917	35	90
917	36	0
917	37	40
917	38	60
917	39	110
917	40	100
918	1	110
918	2	70
918	3	80
918	4	10
918	5	110
918	6	100
918	7	80
918	8	0
918	9	120
918	10	30
918	11	40
918	12	20
918	13	120
918	14	110
918	15	100
918	16	80
918	17	100
918	18	50
918	19	100
918	20	70
918	21	60
918	22	10
918	23	140
918	24	100
918	25	80
918	26	0
918	27	30
918	28	110
918	29	30
918	30	100
918	31	90
918	32	70
918	33	80
918	34	110
918	35	30
918	36	60
918	37	70
918	38	60
918	39	100
918	40	120
919	1	90
919	2	90
919	3	80
919	4	0
919	5	90
919	6	100
919	7	100
919	8	20
919	9	70
919	10	40
919	11	0
919	12	0
919	13	120
919	14	130
919	15	70
919	16	100
919	17	80
919	18	60
919	19	100
919	20	70
919	21	80
919	22	30
919	23	120
919	24	120
919	25	80
919	26	20
919	27	50
919	28	110
919	29	40
919	30	60
919	31	110
919	32	70
919	33	90
919	34	90
919	35	40
919	36	50
919	37	90
919	38	60
919	39	90
919	40	120
920	1	70
920	2	90
920	3	50
920	4	0
920	5	70
920	6	70
920	7	90
920	8	40
920	9	70
920	10	40
920	11	20
920	12	20
920	13	90
920	14	90
920	15	70
920	16	110
920	17	70
920	18	40
920	19	70
920	20	90
920	21	70
920	22	20
920	23	70
920	24	110
920	25	70
920	26	20
920	27	20
920	28	90
920	29	20
920	30	70
920	31	90
920	32	50
920	33	70
920	34	130
920	35	60
920	36	50
920	37	90
920	38	50
920	39	70
920	40	90
921	1	70
921	2	0
921	3	0
921	4	50
921	5	0
921	6	0
921	7	50
921	8	50
921	9	70
921	10	50
921	11	70
921	12	70
921	13	70
921	14	70
921	15	50
921	16	20
921	17	50
921	18	70
921	19	70
921	20	50
921	21	0
921	22	50
921	23	70
921	24	70
921	25	50
921	26	50
921	27	70
921	28	20
921	29	50
921	30	70
921	31	20
921	32	70
921	33	50
921	34	40
921	35	70
921	36	0
921	37	20
921	38	50
921	39	50
921	40	90
922	1	70
922	2	70
922	3	70
922	4	0
922	5	70
922	6	70
922	7	70
922	8	20
922	9	50
922	10	20
922	11	0
922	12	0
922	13	110
922	14	110
922	15	70
922	16	90
922	17	70
922	18	60
922	19	70
922	20	90
922	21	50
922	22	0
922	23	70
922	24	90
922	25	70
922	26	0
922	27	40
922	28	70
922	29	0
922	30	50
922	31	70
922	32	50
922	33	90
922	34	110
922	35	40
922	36	50
922	37	70
922	38	50
922	39	50
922	40	90
923	1	50
923	2	70
923	3	80
923	4	10
923	5	60
923	6	60
923	7	80
923	8	30
923	9	60
923	10	10
923	11	10
923	12	0
923	13	80
923	14	70
923	15	60
923	16	80
923	17	60
923	18	30
923	19	60
923	20	60
923	21	60
923	22	10
923	23	60
923	24	80
923	25	60
923	26	30
923	27	30
923	28	80
923	29	10
923	30	60
923	31	60
923	32	50
923	33	80
923	34	60
923	35	30
923	36	60
923	37	50
923	38	60
923	39	80
923	40	60
924	1	50
924	2	20
924	3	30
924	4	50
924	5	0
924	6	10
924	7	80
924	8	70
924	9	50
924	10	50
924	11	50
924	12	50
924	13	80
924	14	70
924	15	50
924	16	30
924	17	60
924	18	70
924	19	60
924	20	50
924	21	10
924	22	60
924	23	60
924	24	80
924	25	60
924	26	70
924	27	80
924	28	20
924	29	50
924	30	60
924	31	0
924	32	50
924	33	70
924	34	0
924	35	70
924	36	0
924	37	0
924	38	60
924	39	70
924	40	60
925	1	70
925	2	40
925	3	50
925	4	60
925	5	30
925	6	10
925	7	80
925	8	100
925	9	80
925	10	60
925	11	80
925	12	50
925	13	120
925	14	90
925	15	100
925	16	70
925	17	80
925	18	100
925	19	60
925	20	80
925	21	10
925	22	60
925	23	80
925	24	120
925	25	60
925	26	80
925	27	100
925	28	70
925	29	60
925	30	80
925	31	30
925	32	50
925	33	80
925	34	50
925	35	120
925	36	10
925	37	20
925	38	60
925	39	100
925	40	100
926	1	90
926	2	20
926	3	50
926	4	60
926	5	50
926	6	30
926	7	100
926	8	80
926	9	80
926	10	80
926	11	80
926	12	50
926	13	140
926	14	110
926	15	80
926	16	50
926	17	100
926	18	120
926	19	80
926	20	80
926	21	10
926	22	60
926	23	100
926	24	100
926	25	80
926	26	80
926	27	100
926	28	70
926	29	60
926	30	80
926	31	30
926	32	50
926	33	100
926	34	50
926	35	100
926	36	10
926	37	20
926	38	60
926	39	100
926	40	80
927	1	70
927	2	20
927	3	20
927	4	50
927	5	20
927	6	20
927	7	70
927	8	70
927	9	70
927	10	90
927	11	70
927	12	70
927	13	110
927	14	110
927	15	70
927	16	40
927	17	70
927	18	110
927	19	70
927	20	90
927	21	20
927	22	70
927	23	70
927	24	90
927	25	70
927	26	50
927	27	90
927	28	20
927	29	70
927	30	70
927	31	40
927	32	50
927	33	90
927	34	80
927	35	90
927	36	0
927	37	40
927	38	50
927	39	50
927	40	90
928	1	70
928	2	20
928	3	0
928	4	50
928	5	20
928	6	20
928	7	50
928	8	50
928	9	90
928	10	50
928	11	70
928	12	70
928	13	50
928	14	70
928	15	70
928	16	0
928	17	50
928	18	50
928	19	70
928	20	50
928	21	0
928	22	50
928	23	90
928	24	70
928	25	50
928	26	50
928	27	50
928	28	20
928	29	70
928	30	70
928	31	20
928	32	70
928	33	50
928	34	20
928	35	50
928	36	0
928	37	0
928	38	50
928	39	70
928	40	90
929	1	90
929	2	90
929	3	100
929	4	10
929	5	100
929	6	80
929	7	100
929	8	50
929	9	80
929	10	30
929	11	30
929	12	0
929	13	120
929	14	90
929	15	100
929	16	100
929	17	100
929	18	50
929	19	80
929	20	100
929	21	60
929	22	10
929	23	100
929	24	100
929	25	80
929	26	30
929	27	30
929	28	100
929	29	10
929	30	80
929	31	60
929	32	50
929	33	100
929	34	100
929	35	50
929	36	60
929	37	50
929	38	60
929	39	100
929	40	80
930	1	90
930	2	20
930	3	50
930	4	60
930	5	40
930	6	30
930	7	100
930	8	70
930	9	80
930	10	80
930	11	70
930	12	50
930	13	120
930	14	90
930	15	80
930	16	30
930	17	100
930	18	100
930	19	80
930	20	70
930	21	10
930	22	60
930	23	100
930	24	80
930	25	80
930	26	70
930	27	80
930	28	40
930	29	60
930	30	80
930	31	0
930	32	50
930	33	100
930	34	20
930	35	80
930	36	10
930	37	0
930	38	60
930	39	100
930	40	60
931	1	90
931	2	40
931	3	30
931	4	60
931	5	50
931	6	30
931	7	100
931	8	100
931	9	100
931	10	100
931	11	100
931	12	70
931	13	120
931	14	90
931	15	100
931	16	70
931	17	100
931	18	100
931	19	80
931	20	100
931	21	30
931	22	80
931	23	100
931	24	120
931	25	80
931	26	80
931	27	80
931	28	70
931	29	80
931	30	100
931	31	50
931	32	50
931	33	80
931	34	90
931	35	120
931	36	10
931	37	40
931	38	60
931	39	100
931	40	100
932	1	90
932	2	90
932	3	80
932	4	10
932	5	100
932	6	100
932	7	100
932	8	30
932	9	80
932	10	50
932	11	10
932	12	0
932	13	100
932	14	110
932	15	80
932	16	80
932	17	80
932	18	50
932	19	100
932	20	80
932	21	80
932	22	30
932	23	120
932	24	100
932	25	80
932	26	30
932	27	30
932	28	100
932	29	50
932	30	60
932	31	100
932	32	70
932	33	100
932	34	80
932	35	30
932	36	60
932	37	70
932	38	60
932	39	100
932	40	100
933	1	110
933	2	90
933	3	100
933	4	30
933	5	130
933	6	120
933	7	100
933	8	20
933	9	100
933	10	30
933	11	20
933	12	0
933	13	140
933	14	130
933	15	120
933	16	100
933	17	120
933	18	70
933	19	100
933	20	90
933	21	60
933	22	10
933	23	140
933	24	120
933	25	100
933	26	20
933	27	50
933	28	130
933	29	30
933	30	80
933	31	90
933	32	70
933	33	100
933	34	90
933	35	50
933	36	80
933	37	70
933	38	80
933	39	120
933	40	120
934	1	70
934	2	110
934	3	70
934	4	0
934	5	90
934	6	90
934	7	90
934	8	40
934	9	70
934	10	20
934	11	0
934	12	0
934	13	90
934	14	110
934	15	90
934	16	90
934	17	70
934	18	40
934	19	70
934	20	90
934	21	50
934	22	0
934	23	90
934	24	110
934	25	70
934	26	20
934	27	20
934	28	90
934	29	20
934	30	50
934	31	70
934	32	50
934	33	90
934	34	90
934	35	40
934	36	50
934	37	50
934	38	50
934	39	90
934	40	90
935	1	70
935	2	90
935	3	90
935	4	0
935	5	90
935	6	70
935	7	70
935	8	20
935	9	90
935	10	0
935	11	20
935	12	0
935	13	110
935	14	110
935	15	90
935	16	90
935	17	70
935	18	40
935	19	50
935	20	50
935	21	50
935	22	0
935	23	90
935	24	110
935	25	50
935	26	20
935	27	40
935	28	130
935	29	20
935	30	70
935	31	90
935	32	50
935	33	70
935	34	70
935	35	40
935	36	50
935	37	70
935	38	50
935	39	110
935	40	90
936	1	50
936	2	20
936	3	30
936	4	60
936	5	20
936	6	30
936	7	60
936	8	50
936	9	100
936	10	80
936	11	70
936	12	70
936	13	80
936	14	90
936	15	80
936	16	10
936	17	60
936	18	80
936	19	60
936	20	50
936	21	30
936	22	80
936	23	80
936	24	80
936	25	60
936	26	50
936	27	80
936	28	20
936	29	100
936	30	80
936	31	40
936	32	50
936	33	80
936	34	20
936	35	60
936	36	10
936	37	20
936	38	60
936	39	80
936	40	80
937	1	90
937	2	40
937	3	50
937	4	60
937	5	40
937	6	30
937	7	100
937	8	90
937	9	80
937	10	80
937	11	70
937	12	50
937	13	140
937	14	110
937	15	100
937	16	70
937	17	100
937	18	120
937	19	80
937	20	90
937	21	10
937	22	60
937	23	100
937	24	120
937	25	80
937	26	70
937	27	100
937	28	60
937	29	60
937	30	80
937	31	20
937	32	50
937	33	100
937	34	60
937	35	120
937	36	10
937	37	20
937	38	60
937	39	100
937	40	100
938	1	90
938	2	90
938	3	80
938	4	0
938	5	110
938	6	100
938	7	100
938	8	20
938	9	110
938	10	40
938	11	40
938	12	20
938	13	120
938	14	110
938	15	90
938	16	100
938	17	100
938	18	40
938	19	80
938	20	70
938	21	80
938	22	30
938	23	120
938	24	120
938	25	80
938	26	20
938	27	30
938	28	130
938	29	40
938	30	100
938	31	110
938	32	50
938	33	70
938	34	110
938	35	40
938	36	50
938	37	90
938	38	60
938	39	110
938	40	100
939	1	70
939	2	110
939	3	80
939	4	10
939	5	100
939	6	80
939	7	80
939	8	50
939	9	120
939	10	30
939	11	50
939	12	20
939	13	100
939	14	90
939	15	120
939	16	120
939	17	80
939	18	30
939	19	60
939	20	80
939	21	80
939	22	30
939	23	100
939	24	140
939	25	60
939	26	30
939	27	30
939	28	140
939	29	50
939	30	100
939	31	120
939	32	50
939	33	60
939	34	120
939	35	70
939	36	60
939	37	90
939	38	60
939	39	120
939	40	120
940	1	70
940	2	110
940	3	60
940	4	10
940	5	100
940	6	100
940	7	100
940	8	50
940	9	100
940	10	50
940	11	30
940	12	20
940	13	100
940	14	110
940	15	100
940	16	120
940	17	80
940	18	50
940	19	80
940	20	100
940	21	80
940	22	30
940	23	100
940	24	140
940	25	80
940	26	30
940	27	30
940	28	120
940	29	50
940	30	80
940	31	120
940	32	50
940	33	80
940	34	140
940	35	70
940	36	60
940	37	90
940	38	60
940	39	100
940	40	120
941	1	70
941	2	40
941	3	50
941	4	60
941	5	50
941	6	30
941	7	60
941	8	80
941	9	100
941	10	60
941	11	80
941	12	50
941	13	100
941	14	90
941	15	120
941	16	30
941	17	80
941	18	80
941	19	60
941	20	80
941	21	10
941	22	60
941	23	100
941	24	100
941	25	60
941	26	60
941	27	80
941	28	50
941	29	80
941	30	80
941	31	30
941	32	50
941	33	80
941	34	30
941	35	80
941	36	10
941	37	0
941	38	60
941	39	100
941	40	100
942	1	70
942	2	0
942	3	10
942	4	60
942	5	10
942	6	10
942	7	60
942	8	60
942	9	80
942	10	60
942	11	80
942	12	70
942	13	60
942	14	50
942	15	60
942	16	10
942	17	60
942	18	60
942	19	80
942	20	60
942	21	10
942	22	60
942	23	80
942	24	60
942	25	60
942	26	60
942	27	60
942	28	10
942	29	60
942	30	80
942	31	10
942	32	70
942	33	60
942	34	30
942	35	60
942	36	10
942	37	0
942	38	60
942	39	60
942	40	80
943	1	90
943	2	60
943	3	30
943	4	60
943	5	60
943	6	50
943	7	100
943	8	90
943	9	120
943	10	100
943	11	90
943	12	70
943	13	100
943	14	90
943	15	120
943	16	50
943	17	100
943	18	80
943	19	80
943	20	90
943	21	30
943	22	80
943	23	120
943	24	120
943	25	80
943	26	70
943	27	60
943	28	60
943	29	100
943	30	100
943	31	40
943	32	50
943	33	80
943	34	60
943	35	100
943	36	10
943	37	20
943	38	60
943	39	120
943	40	100
944	1	90
944	2	40
944	3	30
944	4	60
944	5	40
944	6	30
944	7	100
944	8	90
944	9	100
944	10	100
944	11	90
944	12	70
944	13	120
944	14	90
944	15	100
944	16	70
944	17	100
944	18	100
944	19	80
944	20	90
944	21	30
944	22	80
944	23	100
944	24	120
944	25	80
944	26	70
944	27	80
944	28	60
944	29	80
944	30	100
944	31	40
944	32	50
944	33	80
944	34	80
944	35	120
944	36	10
944	37	40
944	38	60
944	39	100
944	40	100
945	1	70
945	2	70
945	3	100
945	4	10
945	5	90
945	6	80
945	7	60
945	8	0
945	9	100
945	10	10
945	11	20
945	12	0
945	13	100
945	14	90
945	15	100
945	16	60
945	17	80
945	18	30
945	19	60
945	20	50
945	21	60
945	22	10
945	23	100
945	24	80
945	25	60
945	26	0
945	27	30
945	28	90
945	29	30
945	30	80
945	31	70
945	32	50
945	33	80
945	34	50
945	35	10
945	36	60
945	37	50
945	38	60
945	39	100
945	40	80
946	1	70
946	2	50
946	3	100
946	4	10
946	5	70
946	6	60
946	7	60
946	8	0
946	9	80
946	10	10
946	11	20
946	12	0
946	13	120
946	14	90
946	15	80
946	16	80
946	17	80
946	18	50
946	19	60
946	20	50
946	21	60
946	22	10
946	23	80
946	24	80
946	25	60
946	26	0
946	27	50
946	28	90
946	29	10
946	30	80
946	31	70
946	32	50
946	33	80
946	34	70
946	35	30
946	36	60
946	37	70
946	38	60
946	39	80
946	40	80
947	1	90
947	2	50
947	3	100
947	4	10
947	5	70
947	6	60
947	7	60
947	8	0
947	9	80
947	10	10
947	11	20
947	12	0
947	13	100
947	14	70
947	15	80
947	16	60
947	17	80
947	18	30
947	19	80
947	20	50
947	21	60
947	22	10
947	23	100
947	24	60
947	25	60
947	26	0
947	27	30
947	28	70
947	29	10
947	30	80
947	31	50
947	32	70
947	33	80
947	34	50
947	35	10
947	36	60
947	37	50
947	38	60
947	39	80
947	40	80
948	1	70
948	2	90
948	3	80
948	4	0
948	5	90
948	6	100
948	7	100
948	8	20
948	9	70
948	10	20
948	11	0
948	12	0
948	13	100
948	14	110
948	15	70
948	16	80
948	17	80
948	18	40
948	19	80
948	20	70
948	21	60
948	22	10
948	23	100
948	24	100
948	25	80
948	26	20
948	27	30
948	28	90
948	29	20
948	30	60
948	31	70
948	32	50
948	33	90
948	34	70
948	35	20
948	36	50
948	37	50
948	38	60
948	39	90
948	40	80
949	1	90
949	2	20
949	3	50
949	4	60
949	5	40
949	6	30
949	7	80
949	8	70
949	9	80
949	10	80
949	11	70
949	12	50
949	13	120
949	14	90
949	15	100
949	16	30
949	17	100
949	18	100
949	19	80
949	20	90
949	21	10
949	22	60
949	23	100
949	24	80
949	25	80
949	26	50
949	27	80
949	28	20
949	29	60
949	30	80
949	31	0
949	32	50
949	33	100
949	34	40
949	35	80
949	36	10
949	37	0
949	38	60
949	39	80
949	40	80
950	1	70
950	2	110
950	3	60
950	4	10
950	5	100
950	6	100
950	7	100
950	8	50
950	9	100
950	10	50
950	11	30
950	12	20
950	13	100
950	14	110
950	15	100
950	16	120
950	17	80
950	18	50
950	19	80
950	20	100
950	21	80
950	22	30
950	23	100
950	24	140
950	25	80
950	26	30
950	27	30
950	28	120
950	29	50
950	30	80
950	31	120
950	32	50
950	33	80
950	34	140
950	35	70
950	36	60
950	37	90
950	38	60
950	39	100
950	40	120
951	1	110
951	2	90
951	3	90
951	4	0
951	5	110
951	6	90
951	7	70
951	8	20
951	9	90
951	10	20
951	11	20
951	12	0
951	13	110
951	14	110
951	15	110
951	16	70
951	17	90
951	18	40
951	19	90
951	20	90
951	21	50
951	22	0
951	23	130
951	24	90
951	25	70
951	26	0
951	27	20
951	28	90
951	29	20
951	30	70
951	31	70
951	32	70
951	33	90
951	34	90
951	35	20
951	36	50
951	37	50
951	38	50
951	39	90
951	40	110
952	1	90
952	2	70
952	3	100
952	4	0
952	5	90
952	6	80
952	7	80
952	8	20
952	9	90
952	10	40
952	11	40
952	12	20
952	13	140
952	14	110
952	15	90
952	16	100
952	17	100
952	18	60
952	19	80
952	20	90
952	21	80
952	22	30
952	23	100
952	24	100
952	25	80
952	26	0
952	27	50
952	28	90
952	29	20
952	30	100
952	31	90
952	32	50
952	33	90
952	34	130
952	35	40
952	36	50
952	37	90
952	38	60
952	39	70
952	40	100
953	1	90
953	2	20
953	3	30
953	4	50
953	5	40
953	6	30
953	7	60
953	8	50
953	9	110
953	10	50
953	11	90
953	12	70
953	13	100
953	14	90
953	15	90
953	16	30
953	17	80
953	18	70
953	19	80
953	20	50
953	21	10
953	22	60
953	23	120
953	24	100
953	25	60
953	26	50
953	27	80
953	28	60
953	29	70
953	30	100
953	31	40
953	32	70
953	33	50
953	34	40
953	35	70
953	36	0
953	37	20
953	38	60
953	39	90
953	40	120
954	1	70
954	2	90
954	3	70
954	4	0
954	5	90
954	6	90
954	7	70
954	8	20
954	9	70
954	10	20
954	11	0
954	12	0
954	13	90
954	14	110
954	15	90
954	16	70
954	17	70
954	18	40
954	19	70
954	20	90
954	21	50
954	22	0
954	23	90
954	24	90
954	25	70
954	26	0
954	27	20
954	28	70
954	29	20
954	30	50
954	31	70
954	32	50
954	33	90
954	34	90
954	35	20
954	36	50
954	37	50
954	38	50
954	39	70
954	40	90
955	1	90
955	2	20
955	3	50
955	4	50
955	5	40
955	6	30
955	7	80
955	8	70
955	9	70
955	10	70
955	11	70
955	12	50
955	13	140
955	14	110
955	15	90
955	16	50
955	17	100
955	18	110
955	19	80
955	20	90
955	21	10
955	22	60
955	23	100
955	24	100
955	25	80
955	26	50
955	27	100
955	28	40
955	29	50
955	30	80
955	31	20
955	32	50
955	33	90
955	34	60
955	35	90
955	36	0
955	37	20
955	38	60
955	39	70
955	40	100
956	1	110
956	2	40
956	3	50
956	4	60
956	5	60
956	6	50
956	7	80
956	8	70
956	9	100
956	10	80
956	11	70
956	12	50
956	13	140
956	14	130
956	15	120
956	16	50
956	17	100
956	18	120
956	19	100
956	20	90
956	21	10
956	22	60
956	23	140
956	24	120
956	25	80
956	26	50
956	27	100
956	28	60
956	29	80
956	30	80
956	31	40
956	32	70
956	33	100
956	34	60
956	35	100
956	36	10
956	37	20
956	38	60
956	39	100
956	40	140
957	1	70
957	2	60
957	3	30
957	4	60
957	5	50
957	6	30
957	7	80
957	8	100
957	9	120
957	10	80
957	11	100
957	12	70
957	13	100
957	14	90
957	15	120
957	16	70
957	17	80
957	18	80
957	19	60
957	20	80
957	21	30
957	22	80
957	23	100
957	24	140
957	25	60
957	26	80
957	27	80
957	28	90
957	29	100
957	30	100
957	31	70
957	32	50
957	33	60
957	34	70
957	35	120
957	36	10
957	37	40
957	38	60
957	39	120
957	40	120
958	1	90
958	2	70
958	3	80
958	4	10
958	5	80
958	6	80
958	7	100
958	8	30
958	9	60
958	10	50
958	11	10
958	12	0
958	13	100
958	14	90
958	15	60
958	16	80
958	17	80
958	18	50
958	19	100
958	20	80
958	21	80
958	22	30
958	23	100
958	24	80
958	25	80
958	26	30
958	27	30
958	28	80
958	29	30
958	30	60
958	31	80
958	32	70
958	33	100
958	34	80
958	35	30
958	36	60
958	37	70
958	38	60
958	39	80
958	40	80
959	1	70
959	2	60
959	3	30
959	4	60
959	5	50
959	6	30
959	7	80
959	8	100
959	9	120
959	10	80
959	11	100
959	12	70
959	13	100
959	14	90
959	15	120
959	16	70
959	17	80
959	18	80
959	19	60
959	20	80
959	21	30
959	22	80
959	23	100
959	24	140
959	25	60
959	26	80
959	27	80
959	28	90
959	29	100
959	30	100
959	31	70
959	32	50
959	33	60
959	34	70
959	35	120
959	36	10
959	37	40
959	38	60
959	39	120
959	40	120
960	1	50
960	2	40
960	3	30
960	4	60
960	5	10
960	6	10
960	7	80
960	8	100
960	9	60
960	10	60
960	11	60
960	12	50
960	13	80
960	14	70
960	15	80
960	16	50
960	17	60
960	18	80
960	19	60
960	20	80
960	21	10
960	22	60
960	23	60
960	24	100
960	25	60
960	26	80
960	27	80
960	28	30
960	29	60
960	30	60
960	31	10
960	32	50
960	33	80
960	34	30
960	35	100
960	36	10
960	37	0
960	38	60
960	39	80
960	40	80
961	1	70
961	2	20
961	3	50
961	4	60
961	5	30
961	6	10
961	7	60
961	8	80
961	9	80
961	10	60
961	11	80
961	12	50
961	13	120
961	14	90
961	15	100
961	16	50
961	17	80
961	18	100
961	19	60
961	20	80
961	21	10
961	22	60
961	23	80
961	24	100
961	25	60
961	26	60
961	27	100
961	28	50
961	29	60
961	30	80
961	31	30
961	32	50
961	33	80
961	34	50
961	35	100
961	36	10
961	37	20
961	38	60
961	39	80
961	40	100
962	1	70
962	2	90
962	3	90
962	4	0
962	5	90
962	6	70
962	7	50
962	8	20
962	9	110
962	10	20
962	11	40
962	12	20
962	13	90
962	14	90
962	15	110
962	16	70
962	17	70
962	18	20
962	19	50
962	20	70
962	21	70
962	22	20
962	23	90
962	24	90
962	25	50
962	26	0
962	27	20
962	28	90
962	29	40
962	30	90
962	31	90
962	32	50
962	33	70
962	34	90
962	35	20
962	36	50
962	37	70
962	38	50
962	39	90
962	40	90
963	1	70
963	2	40
963	3	40
963	4	50
963	5	40
963	6	20
963	7	50
963	8	70
963	9	110
963	10	70
963	11	90
963	12	70
963	13	90
963	14	90
963	15	110
963	16	20
963	17	70
963	18	70
963	19	50
963	20	70
963	21	20
963	22	70
963	23	90
963	24	90
963	25	50
963	26	50
963	27	70
963	28	40
963	29	90
963	30	90
963	31	40
963	32	50
963	33	70
963	34	40
963	35	70
963	36	0
963	37	20
963	38	50
963	39	90
963	40	90
964	1	90
964	2	40
964	3	50
964	4	50
964	5	60
964	6	50
964	7	80
964	8	70
964	9	110
964	10	90
964	11	90
964	12	70
964	13	120
964	14	110
964	15	110
964	16	30
964	17	100
964	18	90
964	19	80
964	20	90
964	21	30
964	22	80
964	23	120
964	24	100
964	25	80
964	26	50
964	27	80
964	28	40
964	29	90
964	30	100
964	31	40
964	32	50
964	33	90
964	34	60
964	35	70
964	36	0
964	37	20
964	38	60
964	39	90
964	40	100
965	1	90
965	2	0
965	3	0
965	4	50
965	5	20
965	6	20
965	7	70
965	8	50
965	9	70
965	10	70
965	11	70
965	12	70
965	13	70
965	14	70
965	15	50
965	16	0
965	17	70
965	18	70
965	19	90
965	20	70
965	21	0
965	22	50
965	23	90
965	24	50
965	25	70
965	26	50
965	27	50
965	28	0
965	29	50
965	30	70
965	31	0
965	32	70
965	33	70
965	34	40
965	35	50
965	36	0
965	37	0
965	38	50
965	39	50
965	40	70
966	1	70
966	2	20
966	3	30
966	4	80
966	5	30
966	6	30
966	7	80
966	8	80
966	9	60
966	10	60
966	11	60
966	12	50
966	13	100
966	14	90
966	15	80
966	16	50
966	17	80
966	18	100
966	19	80
966	20	80
966	21	10
966	22	60
966	23	80
966	24	100
966	25	80
966	26	80
966	27	100
966	28	50
966	29	60
966	30	60
966	31	30
966	32	70
966	33	80
966	34	30
966	35	100
966	36	30
966	37	20
966	38	80
966	39	80
966	40	100
967	1	110
967	2	40
967	3	40
967	4	50
967	5	40
967	6	20
967	7	90
967	8	90
967	9	70
967	10	90
967	11	70
967	12	50
967	13	130
967	14	110
967	15	90
967	16	60
967	17	90
967	18	110
967	19	90
967	20	90
967	21	20
967	22	70
967	23	110
967	24	110
967	25	70
967	26	70
967	27	90
967	28	60
967	29	70
967	30	70
967	31	40
967	32	70
967	33	90
967	34	60
967	35	110
967	36	0
967	37	40
967	38	50
967	39	90
967	40	110
968	1	70
968	2	70
968	3	90
968	4	0
968	5	70
968	6	50
968	7	70
968	8	20
968	9	70
968	10	0
968	11	20
968	12	0
968	13	90
968	14	70
968	15	70
968	16	70
968	17	70
968	18	20
968	19	50
968	20	50
968	21	50
968	22	0
968	23	70
968	24	70
968	25	50
968	26	20
968	27	20
968	28	90
968	29	0
968	30	70
968	31	50
968	32	50
968	33	70
968	34	50
968	35	20
968	36	50
968	37	50
968	38	50
968	39	90
968	40	50
969	1	90
969	2	110
969	3	100
969	4	30
969	5	120
969	6	100
969	7	80
969	8	50
969	9	100
969	10	10
969	11	30
969	12	0
969	13	120
969	14	110
969	15	140
969	16	120
969	17	100
969	18	50
969	19	80
969	20	100
969	21	60
969	22	10
969	23	120
969	24	140
969	25	80
969	26	30
969	27	50
969	28	140
969	29	30
969	30	80
969	31	100
969	32	70
969	33	80
969	34	100
969	35	70
969	36	80
969	37	70
969	38	80
969	39	120
969	40	140
970	1	70
970	2	40
970	3	50
970	4	60
970	5	40
970	6	30
970	7	60
970	8	70
970	9	120
970	10	80
970	11	90
970	12	70
970	13	100
970	14	90
970	15	120
970	16	30
970	17	80
970	18	80
970	19	60
970	20	70
970	21	30
970	22	80
970	23	100
970	24	100
970	25	60
970	26	50
970	27	80
970	28	40
970	29	100
970	30	100
970	31	40
970	32	50
970	33	80
970	34	40
970	35	80
970	36	10
970	37	20
970	38	60
970	39	100
970	40	100
971	1	90
971	2	40
971	3	40
971	4	50
971	5	40
971	6	20
971	7	50
971	8	70
971	9	90
971	10	50
971	11	70
971	12	50
971	13	90
971	14	90
971	15	110
971	16	20
971	17	70
971	18	70
971	19	70
971	20	70
971	21	0
971	22	50
971	23	110
971	24	90
971	25	50
971	26	50
971	27	70
971	28	40
971	29	70
971	30	70
971	31	20
971	32	70
971	33	70
971	34	20
971	35	70
971	36	0
971	37	0
971	38	50
971	39	90
971	40	110
972	1	110
972	2	70
972	3	100
972	4	10
972	5	100
972	6	80
972	7	100
972	8	30
972	9	80
972	10	50
972	11	30
972	12	0
972	13	120
972	14	90
972	15	80
972	16	80
972	17	100
972	18	50
972	19	100
972	20	80
972	21	80
972	22	30
972	23	120
972	24	80
972	25	80
972	26	30
972	27	30
972	28	100
972	29	30
972	30	80
972	31	80
972	32	70
972	33	100
972	34	80
972	35	30
972	36	60
972	37	70
972	38	60
972	39	100
972	40	80
973	1	70
973	2	90
973	3	100
973	4	10
973	5	90
973	6	80
973	7	80
973	8	20
973	9	100
973	10	10
973	11	20
973	12	0
973	13	120
973	14	110
973	15	100
973	16	100
973	17	80
973	18	50
973	19	60
973	20	50
973	21	60
973	22	10
973	23	100
973	24	120
973	25	60
973	26	20
973	27	50
973	28	130
973	29	30
973	30	80
973	31	90
973	32	50
973	33	80
973	34	70
973	35	50
973	36	60
973	37	70
973	38	60
973	39	120
973	40	100
974	1	90
974	2	20
974	3	50
974	4	60
974	5	40
974	6	30
974	7	80
974	8	70
974	9	100
974	10	100
974	11	90
974	12	70
974	13	140
974	14	110
974	15	100
974	16	50
974	17	100
974	18	120
974	19	80
974	20	90
974	21	30
974	22	80
974	23	100
974	24	100
974	25	80
974	26	50
974	27	100
974	28	40
974	29	80
974	30	100
974	31	40
974	32	50
974	33	100
974	34	80
974	35	100
974	36	10
974	37	40
974	38	60
974	39	80
974	40	100
975	1	50
975	2	20
975	3	10
975	4	60
975	5	10
975	6	10
975	7	80
975	8	80
975	9	80
975	10	80
975	11	80
975	12	70
975	13	80
975	14	70
975	15	60
975	16	50
975	17	60
975	18	80
975	19	60
975	20	60
975	21	30
975	22	80
975	23	60
975	24	100
975	25	60
975	26	80
975	27	80
975	28	50
975	29	80
975	30	80
975	31	50
975	32	50
975	33	60
975	34	50
975	35	100
975	36	10
975	37	40
975	38	60
975	39	80
975	40	80
976	1	50
976	2	90
976	3	80
976	4	0
976	5	50
976	6	60
976	7	80
976	8	40
976	9	50
976	10	0
976	11	0
976	12	0
976	13	100
976	14	90
976	15	70
976	16	120
976	17	60
976	18	40
976	19	60
976	20	70
976	21	60
976	22	10
976	23	60
976	24	120
976	25	60
976	26	20
976	27	50
976	28	90
976	29	0
976	30	60
976	31	70
976	32	50
976	33	70
976	34	90
976	35	60
976	36	50
976	37	70
976	38	60
976	39	70
976	40	100
977	1	90
977	2	20
977	3	50
977	4	50
977	5	40
977	6	30
977	7	80
977	8	70
977	9	90
977	10	90
977	11	90
977	12	70
977	13	120
977	14	90
977	15	90
977	16	30
977	17	100
977	18	90
977	19	80
977	20	90
977	21	30
977	22	80
977	23	100
977	24	80
977	25	80
977	26	50
977	27	80
977	28	20
977	29	70
977	30	100
977	31	20
977	32	50
977	33	90
977	34	60
977	35	70
977	36	0
977	37	20
977	38	60
977	39	70
977	40	80
978	1	90
978	2	20
978	3	40
978	4	50
978	5	40
978	6	20
978	7	50
978	8	50
978	9	90
978	10	50
978	11	70
978	12	50
978	13	90
978	14	90
978	15	90
978	16	0
978	17	70
978	18	70
978	19	70
978	20	50
978	21	0
978	22	50
978	23	110
978	24	70
978	25	50
978	26	50
978	27	70
978	28	40
978	29	70
978	30	70
978	31	20
978	32	70
978	33	70
978	34	0
978	35	50
978	36	0
978	37	0
978	38	50
978	39	90
978	40	90
979	1	70
979	2	90
979	3	60
979	4	10
979	5	80
979	6	80
979	7	100
979	8	50
979	9	80
979	10	50
979	11	30
979	12	20
979	13	100
979	14	90
979	15	80
979	16	120
979	17	80
979	18	50
979	19	80
979	20	100
979	21	80
979	22	30
979	23	80
979	24	120
979	25	80
979	26	30
979	27	30
979	28	100
979	29	30
979	30	80
979	31	100
979	32	50
979	33	80
979	34	140
979	35	70
979	36	60
979	37	90
979	38	60
979	39	80
979	40	100
980	1	70
980	2	60
980	3	30
980	4	60
980	5	40
980	6	30
980	7	80
980	8	90
980	9	120
980	10	80
980	11	90
980	12	70
980	13	100
980	14	90
980	15	120
980	16	70
980	17	80
980	18	80
980	19	60
980	20	70
980	21	30
980	22	80
980	23	100
980	24	140
980	25	60
980	26	70
980	27	80
980	28	80
980	29	100
980	30	100
980	31	60
980	32	50
980	33	60
980	34	60
980	35	120
980	36	10
980	37	40
980	38	60
980	39	120
980	40	120
981	1	50
981	2	110
981	3	80
981	4	0
981	5	70
981	6	80
981	7	80
981	8	40
981	9	70
981	10	0
981	11	0
981	12	0
981	13	100
981	14	110
981	15	90
981	16	120
981	17	60
981	18	40
981	19	60
981	20	70
981	21	60
981	22	10
981	23	80
981	24	140
981	25	60
981	26	20
981	27	50
981	28	110
981	29	20
981	30	60
981	31	90
981	32	50
981	33	70
981	34	90
981	35	60
981	36	50
981	37	70
981	38	60
981	39	90
981	40	120
982	1	70
982	2	20
982	3	30
982	4	60
982	5	50
982	6	50
982	7	80
982	8	60
982	9	100
982	10	100
982	11	80
982	12	70
982	13	120
982	14	130
982	15	80
982	16	30
982	17	80
982	18	120
982	19	80
982	20	80
982	21	30
982	22	80
982	23	100
982	24	100
982	25	80
982	26	60
982	27	100
982	28	50
982	29	100
982	30	80
982	31	70
982	32	50
982	33	100
982	34	70
982	35	80
982	36	10
982	37	40
982	38	60
982	39	80
982	40	100
983	1	50
983	2	70
983	3	60
983	4	0
983	5	50
983	6	60
983	7	80
983	8	20
983	9	70
983	10	20
983	11	20
983	12	20
983	13	80
983	14	70
983	15	50
983	16	100
983	17	60
983	18	20
983	19	60
983	20	50
983	21	80
983	22	30
983	23	60
983	24	100
983	25	60
983	26	20
983	27	30
983	28	90
983	29	20
983	30	80
983	31	90
983	32	50
983	33	50
983	34	90
983	35	40
983	36	50
983	37	90
983	38	60
983	39	70
983	40	80
984	1	70
984	2	90
984	3	70
984	4	0
984	5	70
984	6	70
984	7	90
984	8	40
984	9	50
984	10	20
984	11	0
984	12	0
984	13	90
984	14	90
984	15	70
984	16	90
984	17	70
984	18	40
984	19	70
984	20	90
984	21	50
984	22	0
984	23	70
984	24	90
984	25	70
984	26	20
984	27	20
984	28	70
984	29	0
984	30	50
984	31	50
984	32	50
984	33	90
984	34	90
984	35	40
984	36	50
984	37	50
984	38	50
984	39	70
984	40	70
985	1	90
985	2	90
985	3	90
985	4	0
985	5	90
985	6	70
985	7	70
985	8	20
985	9	90
985	10	20
985	11	20
985	12	0
985	13	110
985	14	110
985	15	90
985	16	90
985	17	70
985	18	40
985	19	70
985	20	50
985	21	70
985	22	20
985	23	110
985	24	110
985	25	50
985	26	20
985	27	40
985	28	130
985	29	40
985	30	70
985	31	110
985	32	70
985	33	70
985	34	70
985	35	40
985	36	50
985	37	90
985	38	50
985	39	110
985	40	110
986	1	50
986	2	110
986	3	60
986	4	0
986	5	70
986	6	80
986	7	80
986	8	40
986	9	90
986	10	20
986	11	20
986	12	20
986	13	80
986	14	90
986	15	90
986	16	120
986	17	60
986	18	20
986	19	60
986	20	70
986	21	80
986	22	30
986	23	80
986	24	140
986	25	60
986	26	20
986	27	30
986	28	110
986	29	40
986	30	80
986	31	110
986	32	50
986	33	50
986	34	110
986	35	60
986	36	50
986	37	90
986	38	60
986	39	90
986	40	120
987	1	110
987	2	70
987	3	70
987	4	0
987	5	110
987	6	90
987	7	70
987	8	0
987	9	110
987	10	20
987	11	40
987	12	20
987	13	90
987	14	90
987	15	90
987	16	50
987	17	90
987	18	20
987	19	90
987	20	70
987	21	50
987	22	0
987	23	130
987	24	70
987	25	70
987	26	0
987	27	0
987	28	90
987	29	20
987	30	90
987	31	70
987	32	70
987	33	70
987	34	90
987	35	0
987	36	50
987	37	50
987	38	50
987	39	90
987	40	90
988	1	50
988	2	20
988	3	30
988	4	60
988	5	10
988	6	10
988	7	60
988	8	80
988	9	80
988	10	80
988	11	80
988	12	70
988	13	100
988	14	90
988	15	80
988	16	50
988	17	60
988	18	100
988	19	60
988	20	80
988	21	30
988	22	80
988	23	60
988	24	100
988	25	60
988	26	60
988	27	100
988	28	30
988	29	80
988	30	80
988	31	50
988	32	50
988	33	80
988	34	70
988	35	100
988	36	10
988	37	40
988	38	60
988	39	60
988	40	100
989	1	70
989	2	0
989	3	30
989	4	60
989	5	20
989	6	30
989	7	80
989	8	50
989	9	80
989	10	100
989	11	70
989	12	70
989	13	120
989	14	110
989	15	60
989	16	30
989	17	80
989	18	120
989	19	80
989	20	70
989	21	30
989	22	80
989	23	80
989	24	80
989	25	80
989	26	50
989	27	100
989	28	20
989	29	80
989	30	80
989	31	40
989	32	50
989	33	100
989	34	60
989	35	80
989	36	10
989	37	40
989	38	60
989	39	60
989	40	80
990	1	50
990	2	90
990	3	60
990	4	10
990	5	60
990	6	60
990	7	80
990	8	50
990	9	80
990	10	30
990	11	30
990	12	20
990	13	80
990	14	70
990	15	80
990	16	120
990	17	60
990	18	30
990	19	60
990	20	80
990	21	80
990	22	30
990	23	60
990	24	120
990	25	60
990	26	30
990	27	30
990	28	100
990	29	30
990	30	80
990	31	100
990	32	50
990	33	60
990	34	120
990	35	70
990	36	60
990	37	90
990	38	60
990	39	80
990	40	100
991	1	70
991	2	90
991	3	80
991	4	10
991	5	90
991	6	80
991	7	80
991	8	20
991	9	120
991	10	30
991	11	40
991	12	20
991	13	80
991	14	70
991	15	100
991	16	80
991	17	80
991	18	10
991	19	60
991	20	50
991	21	80
991	22	30
991	23	100
991	24	100
991	25	60
991	26	20
991	27	10
991	28	110
991	29	50
991	30	100
991	31	90
991	32	50
991	33	60
991	34	70
991	35	30
991	36	60
991	37	70
991	38	60
991	39	120
991	40	80
992	1	70
992	2	40
992	3	30
992	4	50
992	5	40
992	6	30
992	7	80
992	8	70
992	9	110
992	10	70
992	11	90
992	12	70
992	13	80
992	14	70
992	15	90
992	16	30
992	17	80
992	18	50
992	19	60
992	20	50
992	21	30
992	22	80
992	23	100
992	24	100
992	25	60
992	26	70
992	27	60
992	28	60
992	29	90
992	30	100
992	31	40
992	32	50
992	33	50
992	34	20
992	35	70
992	36	0
992	37	20
992	38	60
992	39	110
992	40	80
993	1	70
993	2	40
993	3	30
993	4	80
993	5	40
993	6	50
993	7	80
993	8	70
993	9	80
993	10	60
993	11	50
993	12	50
993	13	100
993	14	110
993	15	100
993	16	50
993	17	80
993	18	100
993	19	80
993	20	70
993	21	10
993	22	60
993	23	100
993	24	120
993	25	80
993	26	70
993	27	100
993	28	60
993	29	80
993	30	60
993	31	40
993	32	70
993	33	80
993	34	20
993	35	100
993	36	30
993	37	20
993	38	80
993	39	100
993	40	120
994	1	70
994	2	110
994	3	80
994	4	10
994	5	100
994	6	100
994	7	100
994	8	50
994	9	80
994	10	30
994	11	10
994	12	0
994	13	100
994	14	110
994	15	100
994	16	100
994	17	80
994	18	50
994	19	80
994	20	100
994	21	60
994	22	10
994	23	100
994	24	120
994	25	80
994	26	30
994	27	30
994	28	100
994	29	30
994	30	60
994	31	80
994	32	50
994	33	100
994	34	100
994	35	50
994	36	60
994	37	50
994	38	60
994	39	100
994	40	100
995	1	90
995	2	20
995	3	0
995	4	50
995	5	20
995	6	20
995	7	70
995	8	70
995	9	70
995	10	70
995	11	70
995	12	70
995	13	90
995	14	90
995	15	70
995	16	40
995	17	70
995	18	90
995	19	90
995	20	90
995	21	0
995	22	50
995	23	90
995	24	90
995	25	70
995	26	50
995	27	70
995	28	20
995	29	50
995	30	70
995	31	20
995	32	70
995	33	70
995	34	80
995	35	90
995	36	0
995	37	20
995	38	50
995	39	50
995	40	110
996	1	70
996	2	50
996	3	60
996	4	10
996	5	50
996	6	60
996	7	60
996	8	0
996	9	80
996	10	10
996	11	20
996	12	20
996	13	60
996	14	50
996	15	60
996	16	60
996	17	60
996	18	10
996	19	80
996	20	50
996	21	60
996	22	10
996	23	80
996	24	60
996	25	60
996	26	0
996	27	10
996	28	50
996	29	10
996	30	80
996	31	50
996	32	70
996	33	60
996	34	70
996	35	10
996	36	60
996	37	50
996	38	60
996	39	60
996	40	80
997	1	110
997	2	40
997	3	40
997	4	50
997	5	60
997	6	40
997	7	70
997	8	70
997	9	90
997	10	70
997	11	70
997	12	50
997	13	110
997	14	110
997	15	110
997	16	20
997	17	90
997	18	90
997	19	90
997	20	90
997	21	0
997	22	50
997	23	130
997	24	90
997	25	70
997	26	50
997	27	70
997	28	40
997	29	70
997	30	70
997	31	20
997	32	70
997	33	90
997	34	40
997	35	70
997	36	0
997	37	0
997	38	50
997	39	90
997	40	110
998	1	70
998	2	90
998	3	70
998	4	20
998	5	90
998	6	90
998	7	70
998	8	20
998	9	70
998	10	0
998	11	0
998	12	0
998	13	70
998	14	90
998	15	90
998	16	70
998	17	70
998	18	20
998	19	70
998	20	70
998	21	50
998	22	0
998	23	90
998	24	90
998	25	70
998	26	20
998	27	20
998	28	90
998	29	20
998	30	50
998	31	70
998	32	70
998	33	70
998	34	50
998	35	20
998	36	70
998	37	50
998	38	70
998	39	90
998	40	90
999	1	70
999	2	20
999	3	20
999	4	50
999	5	20
999	6	20
999	7	90
999	8	70
999	9	50
999	10	70
999	11	50
999	12	50
999	13	90
999	14	90
999	15	50
999	16	20
999	17	70
999	18	90
999	19	70
999	20	70
999	21	0
999	22	50
999	23	70
999	24	70
999	25	70
999	26	70
999	27	70
999	28	20
999	29	50
999	30	50
999	31	0
999	32	50
999	33	90
999	34	20
999	35	70
999	36	0
999	37	0
999	38	50
999	39	70
999	40	50
1000	1	70
1000	2	60
1000	3	30
1000	4	60
1000	5	50
1000	6	30
1000	7	80
1000	8	100
1000	9	120
1000	10	80
1000	11	100
1000	12	70
1000	13	80
1000	14	70
1000	15	120
1000	16	50
1000	17	80
1000	18	60
1000	19	60
1000	20	80
1000	21	30
1000	22	80
1000	23	100
1000	24	120
1000	25	60
1000	26	80
1000	27	60
1000	28	70
1000	29	100
1000	30	100
1000	31	50
1000	32	50
1000	33	60
1000	34	50
1000	35	100
1000	36	10
1000	37	20
1000	38	60
1000	39	120
1000	40	100
