p	r	R_p
1	1	1
1	2	1
1	3	1
1	4	1
1	5	1
1	6	1
1	7	1
1	8	1
1	9	1
1	10	0
1	11	1
1	12	1
1	13	1
1	14	1
1	15	1
1	16	1
1	17	1
1	18	1
1	19	1
1	20	1
1	21	0
1	22	0
1	23	1
1	24	1
1	25	1
1	26	1
1	27	1
1	28	1
1	29	0
1	30	1
1	31	0
1	32	1
1	33	1
1	34	1
1	35	1
1	36	1
1	37	0
1	38	1
1	39	1
1	40	1
2	1	1
2	2	1
2	3	1
2	4	0
2	5	0
2	6	0
2	7	1
2	8	1
2	9	1
2	10	1
2	11	1
2	12	1
2	13	1
2	14	1
2	15	0
2	16	1
2	17	0
2	18	1
2	19	1
2	20	0
2	21	1
2	22	1
2	23	1
2	24	1
2	25	0
2	26	1
2	27	1
2	28	1
2	29	1
2	30	1
2	31	1
2	32	1
2	33	1
2	34	1
2	35	1
2	36	0
2	37	1
2	38	0
2	39	1
2	40	1
3	1	1
3	2	1
3	3	0
3	4	0
3	5	0
3	6	0
3	7	1
3	8	1
3	9	1
3	10	1
3	11	1
3	12	1
3	13	0
3	14	0
3	15	0
3	16	1
3	17	0
3	18	0
3	19	1
3	20	0
3	21	1
3	22	1
3	23	1
3	24	1
3	25	0
3	26	1
3	27	0
3	28	1
3	29	1
3	30	1
3	31	1
3	32	1
3	33	0
3	34	1
3	35	1
3	36	0
3	37	1
3	38	0
3	39	1
3	40	1
4	1	0
4	2	1
4	3	0
4	4	0
4	5	0
4	6	0
4	7	1
4	8	1
4	9	1
4	10	1
4	11	1
4	12	1
4	13	0
4	14	0
4	15	0
4	16	1
4	17	0
4	18	0
4	19	0
4	20	0
4	21	1
4	22	1
4	23	0
4	24	1
4	25	0
4	26	1
4	27	0
4	28	1
4	29	1
4	30	1
4	31	1
4	32	0
4	33	0
4	34	1
4	35	1
4	36	0
4	37	1
4	38	0
4	39	1
4	40	0
5	1	1
5	2	0
5	3	1
5	4	0
5	5	0
5	6	0
5	7	0
5	8	0
5	9	0
5	10	1
5	11	0
5	12	0
5	13	1
5	14	1
5	15	0
5	16	0
5	17	0
5	18	1
5	19	1
5	20	0
5	21	1
5	22	1
5	23	1
5	24	0
5	25	0
5	26	0
5	27	1
5	28	0
5	29	1
5	30	0
5	31	1
5	32	1
5	33	1
5	34	0
5	35	0
5	36	0
5	37	1
5	38	0
5	39	0
5	40	1
6	1	1
6	2	1
6	3	1
6	4	0
6	5	0
6	6	0
6	7	1
6	8	1
6	9	1
6	10	1
6	11	1
6	12	1
6	13	1
6	14	1
6	15	0
6	16	1
6	17	0
6	18	1
6	19	1
6	20	0
6	21	1
6	22	1
6	23	1
6	24	1
6	25	0
6	26	1
6	27	1
6	28	1
6	29	1
6	30	1
6	31	1
6	32	1
6	33	1
6	34	1
6	35	1
6	36	0
6	37	1
6	38	0
6	39	1
6	40	1
7	1	0
7	2	0
7	3	1
7	4	1
7	5	0
7	6	0
7	7	0
7	8	0
7	9	1
7	10	0
7	11	1
7	12	1
7	13	0
7	14	0
7	15	0
7	16	0
7	17	0
7	18	0
7	19	0
7	20	0
7	21	0
7	22	0
7	23	0
7	24	0
7	25	0
7	26	1
7	27	1
7	28	1
7	29	0
7	30	1
7	31	0
7	32	1
7	33	0
7	34	0
7	35	0
7	36	1
7	37	0
7	38	1
7	39	1
7	40	0
8	1	1
8	2	1
8	3	1
8	4	1
8	5	1
8	6	1
8	7	1
8	8	1
8	9	0
8	10	1
8	11	0
8	12	0
8	13	1
8	14	1
8	15	1
8	16	1
8	17	1
8	18	1
8	19	1
8	20	1
8	21	1
8	22	1
8	23	1
8	24	1
8	25	1
8	26	1
8	27	1
8	28	1
8	29	1
8	30	0
8	31	1
8	32	1
8	33	1
8	34	0
8	35	1
8	36	1
8	37	1
8	38	1
8	39	1
8	40	1
9	1	1
9	2	1
9	3	1
9	4	0
9	5	0
9	6	0
9	7	1
9	8	1
9	9	1
9	10	1
9	11	1
9	12	1
9	13	1
9	14	1
9	15	0
9	16	1
9	17	0
9	18	1
9	19	1
9	20	0
9	21	1
9	22	1
9	23	1
9	24	1
9	25	0
9	26	1
9	27	1
9	28	1
9	29	1
9	30	1
9	31	1
9	32	1
9	33	1
9	34	1
9	35	1
9	36	0
9	37	1
9	38	0
9	39	1
9	40	1
10	1	1
10	2	1
10	3	1
10	4	0
10	5	0
10	6	0
10	7	1
10	8	1
10	9	1
10	10	1
10	11	1
10	12	1
10	13	1
10	14	1
10	15	0
10	16	1
10	17	0
10	18	1
10	19	1
10	20	0
10	21	1
10	22	1
10	23	1
10	24	1
10	25	0
10	26	1
10	27	1
10	28	1
10	29	1
10	30	1
10	31	1
10	32	1
10	33	1
10	34	1
10	35	1
10	36	0
10	37	1
10	38	0
10	39	1
10	40	1
11	1	1
11	2	1
11	3	1
11	4	1
11	5	1
11	6	1
11	7	1
11	8	1
11	9	1
11	10	0
11	11	1
11	12	1
11	13	1
11	14	1
11	15	1
11	16	1
11	17	1
11	18	1
11	19	1
11	20	1
11	21	0
11	22	0
11	23	1
11	24	1
11	25	1
11	26	1
11	27	1
11	28	1
11	29	0
11	30	1
11	31	0
11	32	1
11	33	1
11	34	1
11	35	1
11	36	1
11	37	0
11	38	1
11	39	1
11	40	1
12	1	1
12	2	0
12	3	1
12	4	0
12	5	0
12	6	0
12	7	0
12	8	0
12	9	0
12	10	1
12	11	0
12	12	0
12	13	1
12	14	0
12	15	0
12	16	0
12	17	0
12	18	1
12	19	1
12	20	0
12	21	1
12	22	1
12	23	0
12	24	0
12	25	0
12	26	0
12	27	1
12	28	0
12	29	0
12	30	0
12	31	0
12	32	1
12	33	1
12	34	0
12	35	0
12	36	0
12	37	1
12	38	0
12	39	0
12	40	0
13	1	1
13	2	1
13	3	1
13	4	0
13	5	0
13	6	0
13	7	1
13	8	1
13	9	1
13	10	1
13	11	1
13	12	1
13	13	1
13	14	1
13	15	0
13	16	1
13	17	0
13	18	1
13	19	1
13	20	0
13	21	1
13	22	1
13	23	1
13	24	1
13	25	0
13	26	1
13	27	1
13	28	1
13	29	1
13	30	1
13	31	1
13	32	1
13	33	1
13	34	1
13	35	1
13	36	0
13	37	1
13	38	0
13	39	1
13	40	1
14	1	1
14	2	1
14	3	1
14	4	0
14	5	0
14	6	0
14	7	1
14	8	1
14	9	1
14	10	1
14	11	1
14	12	1
14	13	1
14	14	1
14	15	0
14	16	1
14	17	0
14	18	1
14	19	1
14	20	0
14	21	1
14	22	1
14	23	1
14	24	1
14	25	0
14	26	1
14	27	1
14	28	1
14	29	1
14	30	1
14	31	1
14	32	1
14	33	1
14	34	1
14	35	1
14	36	0
14	37	1
14	38	0
14	39	1
14	40	1
15	1	1
15	2	1
15	3	0
15	4	0
15	5	0
15	6	0
15	7	1
15	8	1
15	9	1
15	10	1
15	11	1
15	12	1
15	13	0
15	14	0
15	15	0
15	16	1
15	17	0
15	18	0
15	19	1
15	20	0
15	21	1
15	22	1
15	23	1
15	24	1
15	25	0
15	26	1
15	27	0
15	28	1
15	29	1
15	30	1
15	31	1
15	32	1
15	33	0
15	34	1
15	35	1
15	36	0
15	37	1
15	38	0
15	39	1
15	40	1
16	1	0
16	2	1
16	3	1
16	4	1
16	5	0
16	6	0
16	7	0
16	8	1
16	9	0
16	10	0
16	11	0
16	12	0
16	13	0
16	14	0
16	15	1
16	16	1
16	17	0
16	18	0
16	19	0
16	20	0
16	21	1
16	22	1
16	23	0
16	24	1
16	25	0
16	26	1
16	27	1
16	28	1
16	29	1
16	30	0
16	31	1
16	32	1
16	33	0
16	34	0
16	35	1
16	36	1
16	37	1
16	38	1
16	39	1
16	40	1
17	1	1
17	2	1
17	3	1
17	4	1
17	5	1
17	6	1
17	7	1
17	8	1
17	9	0
17	10	1
17	11	0
17	12	0
17	13	1
17	14	1
17	15	1
17	16	1
17	17	1
17	18	1
17	19	1
17	20	1
17	21	1
17	22	1
17	23	1
17	24	1
17	25	1
17	26	1
17	27	1
17	28	1
17	29	1
17	30	0
17	31	1
17	32	1
17	33	1
17	34	0
17	35	1
17	36	1
17	37	1
17	38	1
17	39	1
17	40	1
18	1	1
18	2	0
18	3	1
18	4	0
18	5	0
18	6	0
18	7	0
18	8	0
18	9	0
18	10	1
18	11	0
18	12	0
18	13	1
18	14	1
18	15	0
18	16	0
18	17	0
18	18	1
18	19	1
18	20	0
18	21	1
18	22	1
18	23	1
18	24	0
18	25	0
18	26	0
18	27	1
18	28	0
18	29	1
18	30	0
18	31	1
18	32	1
18	33	1
18	34	0
18	35	0
18	36	0
18	37	1
18	38	0
18	39	0
18	40	1
19	1	0
19	2	1
19	3	0
19	4	1
19	5	0
19	6	1
19	7	1
19	8	1
19	9	0
19	10	0
19	11	0
19	12	1
19	13	0
19	14	1
19	15	0
19	16	1
19	17	0
19	18	1
19	19	1
19	20	1
19	21	0
19	22	0
19	23	0
19	24	1
19	25	1
19	26	1
19	27	1
19	28	0
19	29	0
19	30	0
19	31	0
19	32	1
19	33	1
19	34	1
19	35	1
19	36	1
19	37	0
19	38	1
19	39	0
19	40	1
20	1	0
20	2	1
20	3	0
20	4	0
20	5	0
20	6	0
20	7	1
20	8	1
20	9	1
20	10	1
20	11	1
20	12	1
20	13	0
20	14	0
20	15	0
20	16	0
20	17	0
20	18	0
20	19	0
20	20	0
20	21	1
20	22	1
20	23	0
20	24	0
20	25	0
20	26	1
20	27	0
20	28	0
20	29	1
20	30	1
20	31	0
20	32	0
20	33	0
20	34	0
20	35	0
20	36	0
20	37	0
20	38	0
20	39	1
20	40	0
21	1	1
21	2	0
21	3	1
21	4	0
21	5	0
21	6	0
21	7	0
21	8	0
21	9	0
21	10	1
21	11	0
21	12	0
21	13	1
21	14	1
21	15	0
21	16	0
21	17	0
21	18	1
21	19	1
21	20	0
21	21	1
21	22	1
21	23	1
21	24	0
21	25	0
21	26	0
21	27	1
21	28	0
21	29	1
21	30	0
21	31	1
21	32	1
21	33	1
21	34	0
21	35	0
21	36	0
21	37	1
21	38	0
21	39	0
21	40	1
22	1	0
22	2	1
22	3	0
22	4	0
22	5	0
22	6	0
22	7	1
22	8	1
22	9	1
22	10	1
22	11	1
22	12	1
22	13	0
22	14	0
22	15	0
22	16	1
22	17	0
22	18	0
22	19	0
22	20	0
22	21	1
22	22	1
22	23	0
22	24	1
22	25	0
22	26	1
22	27	0
22	28	1
22	29	1
22	30	1
22	31	1
22	32	0
22	33	0
22	34	1
22	35	1
22	36	0
22	37	1
22	38	0
22	39	1
22	40	0
23	1	1
23	2	1
23	3	1
23	4	1
23	5	1
23	6	1
23	7	1
23	8	1
23	9	0
23	10	1
23	11	0
23	12	0
23	13	0
23	14	0
23	15	1
23	16	0
23	17	1
23	18	0
23	19	1
23	20	1
23	21	1
23	22	1
23	23	1
23	24	0
23	25	1
23	26	1
23	27	0
23	28	0
23	29	1
23	30	0
23	31	0
23	32	1
23	33	1
23	34	0
23	35	0
23	36	1
23	37	0
23	38	1
23	39	1
23	40	0
24	1	1
24	2	1
24	3	1
24	4	1
24	5	1
24	6	1
24	7	1
24	8	1
24	9	0
24	10	1
24	11	0
24	12	0
24	13	1
24	14	1
24	15	1
24	16	1
24	17	1
24	18	1
24	19	1
24	20	1
24	21	1
24	22	1
24	23	1
24	24	1
24	25	1
24	26	1
24	27	1
24	28	1
24	29	1
24	30	0
24	31	1
24	32	1
24	33	1
24	34	0
24	35	1
24	36	1
24	37	1
24	38	1
24	39	1
24	40	1
25	1	0
25	2	1
25	3	1
25	4	0
25	5	0
25	6	0
25	7	1
25	8	1
25	9	0
25	10	1
25	11	0
25	12	0
25	13	1
25	14	1
25	15	0
25	16	1
25	17	0
25	18	1
25	19	0
25	20	0
25	21	1
25	22	1
25	23	0
25	24	1
25	25	0
25	26	1
25	27	1
25	28	1
25	29	1
25	30	0
25	31	1
25	32	0
25	33	1
25	34	0
25	35	1
25	36	0
25	37	1
25	38	0
25	39	1
25	40	0
26	1	1
26	2	1
26	3	1
26	4	0
26	5	0
26	6	0
26	7	1
26	8	1
26	9	1
26	10	1
26	11	1
26	12	1
26	13	0
26	14	0
26	15	0
26	16	0
26	17	0
26	18	0
26	19	1
26	20	0
26	21	1
26	22	1
26	23	1
26	24	0
26	25	0
26	26	1
26	27	0
26	28	0
26	29	1
26	30	1
26	31	0
26	32	1
26	33	1
26	34	0
26	35	0
26	36	0
26	37	0
26	38	0
26	39	1
26	40	0
27	1	0
27	2	1
27	3	1
27	4	0
27	5	0
27	6	0
27	7	1
27	8	1
27	9	0
27	10	1
27	11	0
27	12	0
27	13	1
27	14	1
27	15	0
27	16	1
27	17	0
27	18	1
27	19	0
27	20	0
27	21	1
27	22	1
27	23	0
27	24	1
27	25	0
27	26	1
27	27	1
27	28	1
27	29	1
27	30	0
27	31	1
27	32	0
27	33	1
27	34	0
27	35	1
27	36	0
27	37	1
27	38	0
27	39	1
27	40	0
28	1	0
28	2	1
28	3	1
28	4	0
28	5	0
28	6	0
28	7	1
28	8	1
28	9	0
28	10	1
28	11	0
28	12	0
28	13	1
28	14	1
28	15	0
28	16	1
28	17	0
28	18	1
28	19	0
28	20	0
28	21	1
28	22	1
28	23	0
28	24	1
28	25	0
28	26	1
28	27	1
28	28	1
28	29	1
28	30	0
28	31	1
28	32	0
28	33	1
28	34	0
28	35	1
28	36	0
28	37	1
28	38	0
28	39	1
28	40	0
29	1	1
29	2	1
29	3	1
29	4	1
29	5	1
29	6	1
29	7	1
29	8	1
29	9	0
29	10	1
29	11	0
29	12	0
29	13	1
29	14	1
29	15	1
29	16	1
29	17	1
29	18	1
29	19	1
29	20	1
29	21	1
29	22	1
29	23	1
29	24	1
29	25	1
29	26	1
29	27	1
29	28	1
29	29	1
29	30	0
29	31	1
29	32	1
29	33	1
29	34	0
29	35	1
29	36	1
29	37	1
29	38	1
29	39	1
29	40	1
30	1	1
30	2	1
30	3	1
30	4	1
30	5	1
30	6	1
30	7	1
30	8	1
30	9	0
30	10	1
30	11	0
30	12	0
30	13	1
30	14	1
30	15	1
30	16	1
30	17	1
30	18	1
30	19	1
30	20	1
30	21	1
30	22	1
30	23	1
30	24	1
30	25	1
30	26	1
30	27	1
30	28	1
30	29	1
30	30	0
30	31	1
30	32	1
30	33	1
30	34	0
30	35	1
30	36	1
30	37	1
30	38	1
30	39	1
30	40	1
31	1	1
31	2	1
31	3	1
31	4	0
31	5	0
31	6	0
31	7	1
31	8	1
31	9	1
31	10	1
31	11	1
31	12	1
31	13	1
31	14	1
31	15	0
31	16	1
31	17	0
31	18	1
31	19	1
31	20	0
31	21	1
31	22	1
31	23	1
31	24	1
31	25	0
31	26	1
31	27	1
31	28	1
31	29	1
31	30	1
31	31	1
31	32	1
31	33	1
31	34	1
31	35	1
31	36	0
31	37	1
31	38	0
31	39	1
31	40	1
32	1	1
32	2	1
32	3	1
32	4	0
32	5	0
32	6	0
32	7	1
32	8	1
32	9	1
32	10	1
32	11	1
32	12	1
32	13	1
32	14	1
32	15	0
32	16	1
32	17	0
32	18	1
32	19	1
32	20	0
32	21	1
32	22	1
32	23	1
32	24	1
32	25	0
32	26	1
32	27	1
32	28	1
32	29	1
32	30	1
32	31	1
32	32	1
32	33	1
32	34	1
32	35	1
32	36	0
32	37	1
32	38	0
32	39	1
32	40	1
33	1	1
33	2	1
33	3	1
33	4	1
33	5	1
33	6	1
33	7	1
33	8	1
33	9	0
33	10	1
33	11	0
33	12	0
33	13	1
33	14	1
33	15	1
33	16	1
33	17	1
33	18	1
33	19	1
33	20	1
33	21	1
33	22	1
33	23	1
33	24	1
33	25	1
33	26	1
33	27	1
33	28	1
33	29	1
33	30	0
33	31	1
33	32	1
33	33	1
33	34	0
33	35	1
33	36	1
33	37	1
33	38	1
33	39	1
33	40	1
34	1	1
34	2	1
34	3	1
34	4	0
34	5	0
34	6	0
34	7	1
34	8	1
34	9	1
34	10	1
34	11	1
34	12	1
34	13	1
34	14	1
34	15	0
34	16	1
34	17	0
34	18	1
34	19	1
34	20	0
34	21	1
34	22	1
34	23	1
34	24	1
34	25	0
34	26	1
34	27	1
34	28	1
34	29	1
34	30	1
34	31	1
34	32	1
34	33	1
34	34	1
34	35	1
34	36	0
34	37	1
34	38	0
34	39	1
34	40	1
35	1	0
35	2	1
35	3	1
35	4	0
35	5	0
35	6	0
35	7	1
35	8	1
35	9	0
35	10	1
35	11	0
35	12	0
35	13	1
35	14	1
35	15	0
35	16	1
35	17	0
35	18	1
35	19	0
35	20	0
35	21	1
35	22	1
35	23	0
35	24	1
35	25	0
35	26	1
35	27	1
35	28	1
35	29	1
35	30	0
35	31	1
35	32	0
35	33	1
35	34	0
35	35	1
35	36	0
35	37	1
35	38	0
35	39	1
35	40	0
36	1	1
36	2	1
36	3	0
36	4	0
36	5	0
36	6	0
36	7	1
36	8	1
36	9	1
36	10	1
36	11	1
36	12	1
36	13	0
36	14	0
36	15	0
36	16	1
36	17	0
36	18	0
36	19	1
36	20	0
36	21	1
36	22	1
36	23	1
36	24	1
36	25	0
36	26	1
36	27	0
36	28	1
36	29	1
36	30	1
36	31	1
36	32	1
36	33	0
36	34	1
36	35	1
36	36	0
36	37	1
36	38	0
36	39	1
36	40	1
37	1	0
37	2	1
37	3	0
37	4	0
37	5	0
37	6	0
37	7	1
37	8	1
37	9	0
37	10	1
37	11	0
37	12	1
37	13	0
37	14	1
37	15	0
37	16	1
37	17	0
37	18	1
37	19	1
37	20	0
37	21	1
37	22	1
37	23	0
37	24	1
37	25	0
37	26	1
37	27	1
37	28	0
37	29	1
37	30	0
37	31	1
37	32	1
37	33	1
37	34	1
37	35	1
37	36	0
37	37	1
37	38	0
37	39	0
37	40	1
38	1	1
38	2	1
38	3	0
38	4	0
38	5	0
38	6	0
38	7	1
38	8	1
38	9	1
38	10	1
38	11	1
38	12	1
38	13	0
38	14	0
38	15	0
38	16	1
38	17	0
38	18	0
38	19	1
38	20	0
38	21	1
38	22	1
38	23	1
38	24	1
38	25	0
38	26	1
38	27	0
38	28	1
38	29	1
38	30	1
38	31	1
38	32	1
38	33	0
38	34	1
38	35	1
38	36	0
38	37	1
38	38	0
38	39	1
38	40	1
39	1	1
39	2	1
39	3	0
39	4	0
39	5	0
39	6	0
39	7	1
39	8	1
39	9	1
39	10	1
39	11	1
39	12	1
39	13	0
39	14	0
39	15	0
39	16	1
39	17	0
39	18	0
39	19	1
39	20	0
39	21	1
39	22	1
39	23	1
39	24	1
39	25	0
39	26	1
39	27	0
39	28	1
39	29	1
39	30	1
39	31	1
39	32	1
39	33	0
39	34	1
39	35	1
39	36	0
39	37	1
39	38	0
39	39	1
39	40	1
40	1	1
40	2	1
40	3	1
40	4	0
40	5	0
40	6	0
40	7	1
40	8	1
40	9	1
40	10	1
40	11	1
40	12	1
40	13	0
40	14	0
40	15	0
40	16	0
40	17	0
40	18	0
40	19	1
40	20	0
40	21	1
40	22	1
40	23	1
40	24	0
40	25	0
40	26	1
40	27	0
40	28	0
40	29	1
40	30	1
40	31	0
40	32	1
40	33	1
40	34	0
40	35	0
40	36	0
40	37	0
40	38	0
40	39	1
40	40	0
41	1	1
41	2	1
41	3	1
41	4	1
41	5	1
41	6	1
41	7	1
41	8	1
41	9	0
41	10	1
41	11	0
41	12	0
41	13	1
41	14	1
41	15	1
41	16	1
41	17	1
41	18	1
41	19	1
41	20	1
41	21	1
41	22	1
41	23	1
41	24	1
41	25	1
41	26	1
41	27	1
41	28	1
41	29	1
41	30	0
41	31	1
41	32	1
41	33	1
41	34	0
41	35	1
41	36	1
41	37	1
41	38	1
41	39	1
41	40	1
42	1	1
42	2	1
42	3	1
42	4	0
42	5	0
42	6	0
42	7	1
42	8	1
42	9	1
42	10	1
42	11	1
42	12	1
42	13	1
42	14	1
42	15	0
42	16	1
42	17	0
42	18	1
42	19	1
42	20	0
42	21	1
42	22	1
42	23	1
42	24	1
42	25	0
42	26	1
42	27	1
42	28	1
42	29	1
42	30	1
42	31	1
42	32	1
42	33	1
42	34	1
42	35	1
42	36	0
42	37	1
42	38	0
42	39	1
42	40	1
43	1	0
43	2	0
43	3	1
43	4	0
43	5	0
43	6	0
43	7	0
43	8	1
43	9	0
43	10	0
43	11	1
43	12	1
43	13	0
43	14	0
43	15	0
43	16	0
43	17	0
43	18	0
43	19	0
43	20	0
43	21	1
43	22	1
43	23	0
43	24	0
43	25	0
43	26	1
43	27	0
43	28	0
43	29	0
43	30	1
43	31	0
43	32	1
43	33	0
43	34	0
43	35	0
43	36	0
43	37	0
43	38	0
43	39	0
43	40	0
44	1	1
44	2	1
44	3	1
44	4	0
44	5	0
44	6	0
44	7	1
44	8	1
44	9	1
44	10	1
44	11	1
44	12	1
44	13	1
44	14	1
44	15	0
44	16	1
44	17	0
44	18	1
44	19	1
44	20	0
44	21	1
44	22	1
44	23	1
44	24	1
44	25	0
44	26	1
44	27	1
44	28	1
44	29	1
44	30	1
44	31	1
44	32	1
44	33	1
44	34	1
44	35	1
44	36	0
44	37	1
44	38	0
44	39	1
44	40	1
45	1	1
45	2	0
45	3	1
45	4	0
45	5	0
45	6	0
45	7	0
45	8	0
45	9	0
45	10	1
45	11	0
45	12	0
45	13	1
45	14	1
45	15	0
45	16	0
45	17	0
45	18	1
45	19	1
45	20	0
45	21	1
45	22	1
45	23	1
45	24	0
45	25	0
45	26	0
45	27	1
45	28	0
45	29	1
45	30	0
45	31	1
45	32	1
45	33	1
45	34	0
45	35	0
45	36	0
45	37	1
45	38	0
45	39	0
45	40	1
46	1	1
46	2	0
46	3	1
46	4	1
46	5	1
46	6	1
46	7	1
46	8	0
46	9	0
46	10	1
46	11	0
46	12	0
46	13	1
46	14	1
46	15	0
46	16	0
46	17	1
46	18	1
46	19	1
46	20	0
46	21	1
46	22	1
46	23	1
46	24	0
46	25	1
46	26	1
46	27	1
46	28	1
46	29	1
46	30	0
46	31	1
46	32	1
46	33	1
46	34	0
46	35	0
46	36	1
46	37	1
46	38	1
46	39	1
46	40	0
47	1	1
47	2	1
47	3	0
47	4	0
47	5	0
47	6	0
47	7	1
47	8	1
47	9	1
47	10	1
47	11	1
47	12	1
47	13	0
47	14	0
47	15	0
47	16	1
47	17	0
47	18	0
47	19	1
47	20	0
47	21	1
47	22	1
47	23	1
47	24	1
47	25	0
47	26	1
47	27	0
47	28	1
47	29	1
47	30	1
47	31	1
47	32	1
47	33	0
47	34	1
47	35	1
47	36	0
47	37	1
47	38	0
47	39	1
47	40	1
48	1	0
48	2	1
48	3	1
48	4	0
48	5	0
48	6	0
48	7	0
48	8	1
48	9	0
48	10	0
48	11	0
48	12	0
48	13	0
48	14	0
48	15	0
48	16	1
48	17	0
48	18	0
48	19	0
48	20	0
48	21	1
48	22	1
48	23	0
48	24	1
48	25	0
48	26	1
48	27	1
48	28	1
48	29	1
48	30	0
48	31	1
48	32	0
48	33	0
48	34	0
48	35	1
48	36	0
48	37	1
48	38	0
48	39	1
48	40	0
49	1	0
49	2	1
49	3	0
49	4	0
49	5	0
49	6	0
49	7	1
49	8	1
49	9	0
49	10	1
49	11	0
49	12	1
49	13	0
49	14	1
49	15	0
49	16	1
49	17	0
49	18	1
49	19	1
49	20	0
49	21	1
49	22	1
49	23	0
49	24	1
49	25	0
49	26	1
49	27	1
49	28	0
49	29	1
49	30	0
49	31	1
49	32	1
49	33	1
49	34	1
49	35	1
49	36	0
49	37	1
49	38	0
49	39	0
49	40	1
50	1	1
50	2	0
50	3	1
50	4	0
50	5	0
50	6	0
50	7	0
50	8	0
50	9	0
50	10	1
50	11	0
50	12	0
50	13	0
50	14	0
50	15	0
50	16	0
50	17	0
50	18	0
50	19	1
50	20	0
50	21	1
50	22	1
50	23	1
50	24	0
50	25	0
50	26	0
50	27	0
50	28	0
50	29	1
50	30	0
50	31	0
50	32	1
50	33	1
50	34	0
50	35	0
50	36	0
50	37	0
50	38	0
50	39	0
50	40	0
51	1	1
51	2	1
51	3	0
51	4	0
51	5	0
51	6	0
51	7	1
51	8	1
51	9	1
51	10	1
51	11	1
51	12	1
51	13	0
51	14	0
51	15	0
51	16	1
51	17	0
51	18	0
51	19	1
51	20	0
51	21	1
51	22	1
51	23	1
51	24	1
51	25	0
51	26	1
51	27	0
51	28	1
51	29	1
51	30	1
51	31	1
51	32	1
51	33	0
51	34	1
51	35	1
51	36	0
51	37	1
51	38	0
51	39	1
51	40	1
52	1	0
52	2	1
52	3	0
52	4	0
52	5	0
52	6	0
52	7	1
52	8	1
52	9	0
52	10	1
52	11	0
52	12	1
52	13	0
52	14	1
52	15	0
52	16	1
52	17	0
52	18	1
52	19	1
52	20	0
52	21	1
52	22	1
52	23	0
52	24	1
52	25	0
52	26	1
52	27	1
52	28	0
52	29	1
52	30	0
52	31	1
52	32	1
52	33	1
52	34	1
52	35	1
52	36	0
52	37	1
52	38	0
52	39	0
52	40	1
53	1	0
53	2	1
53	3	0
53	4	0
53	5	0
53	6	0
53	7	1
53	8	1
53	9	1
53	10	1
53	11	1
53	12	1
53	13	0
53	14	0
53	15	0
53	16	1
53	17	0
53	18	0
53	19	0
53	20	0
53	21	1
53	22	1
53	23	0
53	24	1
53	25	0
53	26	1
53	27	0
53	28	1
53	29	1
53	30	1
53	31	1
53	32	0
53	33	0
53	34	1
53	35	1
53	36	0
53	37	1
53	38	0
53	39	1
53	40	0
54	1	0
54	2	1
54	3	1
54	4	0
54	5	0
54	6	0
54	7	1
54	8	1
54	9	0
54	10	1
54	11	0
54	12	0
54	13	1
54	14	1
54	15	0
54	16	1
54	17	0
54	18	1
54	19	0
54	20	0
54	21	1
54	22	1
54	23	0
54	24	1
54	25	0
54	26	1
54	27	1
54	28	1
54	29	1
54	30	0
54	31	1
54	32	0
54	33	1
54	34	0
54	35	1
54	36	0
54	37	1
54	38	0
54	39	1
54	40	0
55	1	0
55	2	1
55	3	0
55	4	0
55	5	0
55	6	0
55	7	0
55	8	1
55	9	1
55	10	0
55	11	1
55	12	1
55	13	0
55	14	0
55	15	0
55	16	1
55	17	0
55	18	0
55	19	0
55	20	0
55	21	1
55	22	1
55	23	0
55	24	1
55	25	0
55	26	1
55	27	0
55	28	1
55	29	1
55	30	1
55	31	1
55	32	1
55	33	0
55	34	0
55	35	1
55	36	0
55	37	1
55	38	0
55	39	1
55	40	1
56	1	1
56	2	1
56	3	1
56	4	0
56	5	0
56	6	0
56	7	1
56	8	1
56	9	1
56	10	1
56	11	1
56	12	1
56	13	0
56	14	0
56	15	0
56	16	0
56	17	0
56	18	0
56	19	1
56	20	0
56	21	1
56	22	1
56	23	1
56	24	0
56	25	0
56	26	1
56	27	0
56	28	0
56	29	1
56	30	1
56	31	0
56	32	1
56	33	1
56	34	0
56	35	0
56	36	0
56	37	0
56	38	0
56	39	1
56	40	0
57	1	0
57	2	1
57	3	1
57	4	0
57	5	0
57	6	0
57	7	1
57	8	1
57	9	0
57	10	1
57	11	0
57	12	0
57	13	1
57	14	1
57	15	0
57	16	1
57	17	0
57	18	1
57	19	0
57	20	0
57	21	1
57	22	1
57	23	0
57	24	1
57	25	0
57	26	1
57	27	1
57	28	1
57	29	1
57	30	0
57	31	1
57	32	0
57	33	1
57	34	0
57	35	1
57	36	0
57	37	1
57	38	0
57	39	1
57	40	0
58	1	1
58	2	1
58	3	1
58	4	0
58	5	0
58	6	0
58	7	1
58	8	1
58	9	1
58	10	1
58	11	1
58	12	1
58	13	1
58	14	1
58	15	0
58	16	1
58	17	0
58	18	1
58	19	1
58	20	0
58	21	1
58	22	1
58	23	1
58	24	1
58	25	0
58	26	1
58	27	1
58	28	1
58	29	1
58	30	1
58	31	1
58	32	1
58	33	1
58	34	1
58	35	1
58	36	0
58	37	1
58	38	0
58	39	1
58	40	1
59	1	1
59	2	1
59	3	1
59	4	1
59	5	1
59	6	1
59	7	1
59	8	1
59	9	0
59	10	1
59	11	0
59	12	0
59	13	1
59	14	1
59	15	1
59	16	1
59	17	1
59	18	1
59	19	1
59	20	1
59	21	1
59	22	1
59	23	1
59	24	1
59	25	1
59	26	1
59	27	1
59	28	1
59	29	1
59	30	0
59	31	1
59	32	1
59	33	1
59	34	0
59	35	1
59	36	1
59	37	1
59	38	1
59	39	1
59	40	1
60	1	0
60	2	1
60	3	1
60	4	0
60	5	0
60	6	0
60	7	1
60	8	1
60	9	0
60	10	1
60	11	0
60	12	0
60	13	1
60	14	1
60	15	0
60	16	1
60	17	0
60	18	1
60	19	0
60	20	0
60	21	1
60	22	1
60	23	0
60	24	1
60	25	0
60	26	1
60	27	1
60	28	1
60	29	1
60	30	0
60	31	1
60	32	0
60	33	1
60	34	0
60	35	1
60	36	0
60	37	1
60	38	0
60	39	1
60	40	0
61	1	1
61	2	1
61	3	0
61	4	0
61	5	0
61	6	0
61	7	1
61	8	1
61	9	1
61	10	1
61	11	1
61	12	1
61	13	0
61	14	0
61	15	0
61	16	1
61	17	0
61	18	0
61	19	1
61	20	0
61	21	1
61	22	1
61	23	1
61	24	1
61	25	0
61	26	1
61	27	0
61	28	1
61	29	1
61	30	1
61	31	1
61	32	1
61	33	0
61	34	1
61	35	1
61	36	0
61	37	1
61	38	0
61	39	1
61	40	1
62	1	1
62	2	1
62	3	1
62	4	1
62	5	1
62	6	1
62	7	1
62	8	1
62	9	1
62	10	0
62	11	1
62	12	1
62	13	1
62	14	1
62	15	1
62	16	1
62	17	1
62	18	1
62	19	1
62	20	1
62	21	0
62	22	0
62	23	1
62	24	1
62	25	1
62	26	1
62	27	1
62	28	1
62	29	0
62	30	1
62	31	0
62	32	1
62	33	1
62	34	1
62	35	1
62	36	1
62	37	0
62	38	1
62	39	1
62	40	1
63	1	1
63	2	1
63	3	1
63	4	1
63	5	1
63	6	1
63	7	1
63	8	1
63	9	0
63	10	1
63	11	0
63	12	0
63	13	1
63	14	1
63	15	1
63	16	1
63	17	1
63	18	1
63	19	1
63	20	1
63	21	1
63	22	1
63	23	1
63	24	1
63	25	1
63	26	1
63	27	1
63	28	1
63	29	1
63	30	0
63	31	1
63	32	1
63	33	1
63	34	0
63	35	1
63	36	1
63	37	1
63	38	1
63	39	1
63	40	1
64	1	0
64	2	1
64	3	0
64	4	0
64	5	0
64	6	0
64	7	1
64	8	1
64	9	1
64	10	1
64	11	1
64	12	1
64	13	0
64	14	0
64	15	0
64	16	1
64	17	0
64	18	0
64	19	0
64	20	0
64	21	1
64	22	1
64	23	0
64	24	1
64	25	0
64	26	1
64	27	0
64	28	1
64	29	1
64	30	1
64	31	1
64	32	0
64	33	0
64	34	1
64	35	1
64	36	0
64	37	1
64	38	0
64	39	1
64	40	0
65	1	1
65	2	1
65	3	1
65	4	1
65	5	1
65	6	1
65	7	1
65	8	1
65	9	0
65	10	1
65	11	0
65	12	0
65	13	1
65	14	1
65	15	1
65	16	1
65	17	1
65	18	1
65	19	1
65	20	1
65	21	1
65	22	1
65	23	1
65	24	1
65	25	1
65	26	1
65	27	1
65	28	1
65	29	1
65	30	0
65	31	1
65	32	1
65	33	1
65	34	0
65	35	1
65	36	1
65	37	1
65	38	1
65	39	1
65	40	1
66	1	1
66	2	1
66	3	1
66	4	1
66	5	1
66	6	1
66	7	1
66	8	1
66	9	0
66	10	1
66	11	0
66	12	0
66	13	1
66	14	1
66	15	1
66	16	1
66	17	1
66	18	1
66	19	1
66	20	1
66	21	1
66	22	1
66	23	1
66	24	1
66	25	1
66	26	1
66	27	1
66	28	1
66	29	1
66	30	0
66	31	1
66	32	1
66	33	1
66	34	0
66	35	1
66	36	1
66	37	1
66	38	1
66	39	1
66	40	1
67	1	1
67	2	1
67	3	1
67	4	1
67	5	1
67	6	1
67	7	1
67	8	1
67	9	1
67	10	0
67	11	1
67	12	1
67	13	1
67	14	1
67	15	1
67	16	1
67	17	1
67	18	1
67	19	1
67	20	1
67	21	0
67	22	0
67	23	1
67	24	1
67	25	1
67	26	1
67	27	1
67	28	1
67	29	0
67	30	1
67	31	0
67	32	1
67	33	1
67	34	1
67	35	1
67	36	1
67	37	0
67	38	1
67	39	1
67	40	1
68	1	1
68	2	1
68	3	1
68	4	1
68	5	1
68	6	1
68	7	1
68	8	1
68	9	1
68	10	0
68	11	1
68	12	1
68	13	1
68	14	1
68	15	1
68	16	1
68	17	1
68	18	1
68	19	1
68	20	1
68	21	0
68	22	0
68	23	1
68	24	1
68	25	1
68	26	1
68	27	1
68	28	1
68	29	0
68	30	1
68	31	0
68	32	1
68	33	1
68	34	1
68	35	1
68	36	1
68	37	0
68	38	1
68	39	1
68	40	1
69	1	1
69	2	0
69	3	1
69	4	0
69	5	0
69	6	0
69	7	1
69	8	1
69	9	0
69	10	1
69	11	1
69	12	1
69	13	1
69	14	0
69	15	0
69	16	1
69	17	0
69	18	1
69	19	1
69	20	0
69	21	1
69	22	1
69	23	0
69	24	0
69	25	0
69	26	1
69	27	1
69	28	0
69	29	0
69	30	1
69	31	0
69	32	1
69	33	1
69	34	1
69	35	1
69	36	0
69	37	1
69	38	0
69	39	0
69	40	0
70	1	1
70	2	1
70	3	1
70	4	0
70	5	0
70	6	0
70	7	1
70	8	1
70	9	1
70	10	1
70	11	1
70	12	1
70	13	1
70	14	1
70	15	0
70	16	1
70	17	0
70	18	1
70	19	1
70	20	0
70	21	1
70	22	1
70	23	1
70	24	1
70	25	0
70	26	1
70	27	1
70	28	1
70	29	1
70	30	1
70	31	1
70	32	1
70	33	1
70	34	1
70	35	1
70	36	0
70	37	1
70	38	0
70	39	1
70	40	1
71	1	0
71	2	1
71	3	1
71	4	0
71	5	0
71	6	0
71	7	1
71	8	1
71	9	0
71	10	1
71	11	0
71	12	0
71	13	1
71	14	1
71	15	0
71	16	1
71	17	0
71	18	1
71	19	0
71	20	0
71	21	1
71	22	1
71	23	0
71	24	1
71	25	0
71	26	1
71	27	1
71	28	1
71	29	1
71	30	0
71	31	1
71	32	0
71	33	1
71	34	0
71	35	1
71	36	0
71	37	1
71	38	0
71	39	1
71	40	0
72	1	0
72	2	1
72	3	1
72	4	0
72	5	0
72	6	0
72	7	1
72	8	1
72	9	0
72	10	1
72	11	0
72	12	0
72	13	1
72	14	1
72	15	0
72	16	1
72	17	0
72	18	1
72	19	0
72	20	0
72	21	1
72	22	1
72	23	0
72	24	1
72	25	0
72	26	1
72	27	1
72	28	1
72	29	1
72	30	0
72	31	1
72	32	0
72	33	1
72	34	0
72	35	1
72	36	0
72	37	1
72	38	0
72	39	1
72	40	0
73	1	1
73	2	0
73	3	1
73	4	1
73	5	1
73	6	1
73	7	1
73	8	0
73	9	0
73	10	1
73	11	0
73	12	0
73	13	1
73	14	1
73	15	0
73	16	0
73	17	1
73	18	1
73	19	1
73	20	0
73	21	1
73	22	1
73	23	1
73	24	0
73	25	1
73	26	1
73	27	1
73	28	1
73	29	1
73	30	0
73	31	1
73	32	1
73	33	1
73	34	0
73	35	0
73	36	1
73	37	1
73	38	1
73	39	1
73	40	0
74	1	0
74	2	1
74	3	0
74	4	0
74	5	0
74	6	0
74	7	1
74	8	1
74	9	0
74	10	1
74	11	0
74	12	1
74	13	0
74	14	0
74	15	0
74	16	0
74	17	0
74	18	0
74	19	1
74	20	0
74	21	1
74	22	1
74	23	0
74	24	0
74	25	0
74	26	1
74	27	0
74	28	0
74	29	1
74	30	0
74	31	0
74	32	1
74	33	1
74	34	0
74	35	0
74	36	0
74	37	0
74	38	0
74	39	0
74	40	0
75	1	0
75	2	1
75	3	1
75	4	0
75	5	0
75	6	0
75	7	1
75	8	1
75	9	0
75	10	1
75	11	0
75	12	0
75	13	1
75	14	1
75	15	0
75	16	1
75	17	0
75	18	1
75	19	0
75	20	0
75	21	1
75	22	1
75	23	0
75	24	1
75	25	0
75	26	1
75	27	1
75	28	1
75	29	1
75	30	0
75	31	1
75	32	0
75	33	1
75	34	0
75	35	1
75	36	0
75	37	1
75	38	0
75	39	1
75	40	0
76	1	1
76	2	1
76	3	1
76	4	0
76	5	0
76	6	0
76	7	1
76	8	1
76	9	1
76	10	1
76	11	1
76	12	1
76	13	1
76	14	1
76	15	0
76	16	1
76	17	0
76	18	1
76	19	1
76	20	0
76	21	1
76	22	1
76	23	1
76	24	1
76	25	0
76	26	1
76	27	1
76	28	1
76	29	1
76	30	1
76	31	1
76	32	1
76	33	1
76	34	1
76	35	1
76	36	0
76	37	1
76	38	0
76	39	1
76	40	1
77	1	1
77	2	0
77	3	1
77	4	0
77	5	0
77	6	0
77	7	0
77	8	0
77	9	0
77	10	1
77	11	0
77	12	0
77	13	1
77	14	1
77	15	0
77	16	0
77	17	0
77	18	1
77	19	1
77	20	0
77	21	1
77	22	1
77	23	1
77	24	0
77	25	0
77	26	0
77	27	1
77	28	0
77	29	1
77	30	0
77	31	1
77	32	1
77	33	1
77	34	0
77	35	0
77	36	0
77	37	1
77	38	0
77	39	0
77	40	1
78	1	1
78	2	0
78	3	1
78	4	0
78	5	0
78	6	0
78	7	0
78	8	0
78	9	0
78	10	1
78	11	0
78	12	0
78	13	1
78	14	1
78	15	0
78	16	0
78	17	0
78	18	1
78	19	1
78	20	0
78	21	1
78	22	1
78	23	1
78	24	0
78	25	0
78	26	0
78	27	1
78	28	0
78	29	1
78	30	0
78	31	1
78	32	1
78	33	1
78	34	0
78	35	0
78	36	0
78	37	1
78	38	0
78	39	0
78	40	1
79	1	0
79	2	1
79	3	1
79	4	0
79	5	0
79	6	0
79	7	1
79	8	1
79	9	0
79	10	1
79	11	0
79	12	0
79	13	1
79	14	1
79	15	0
79	16	1
79	17	0
79	18	1
79	19	0
79	20	0
79	21	1
79	22	1
79	23	0
79	24	1
79	25	0
79	26	1
79	27	1
79	28	1
79	29	1
79	30	0
79	31	1
79	32	0
79	33	1
79	34	0
79	35	1
79	36	0
79	37	1
79	38	0
79	39	1
79	40	0
80	1	0
80	2	1
80	3	0
80	4	0
80	5	0
80	6	0
80	7	1
80	8	1
80	9	1
80	10	1
80	11	1
80	12	1
80	13	0
80	14	0
80	15	0
80	16	1
80	17	0
80	18	0
80	19	0
80	20	0
80	21	1
80	22	1
80	23	0
80	24	1
80	25	0
80	26	1
80	27	0
80	28	1
80	29	1
80	30	1
80	31	1
80	32	0
80	33	0
80	34	1
80	35	1
80	36	0
80	37	1
80	38	0
80	39	1
80	40	0
81	1	1
81	2	1
81	3	1
81	4	0
81	5	0
81	6	0
81	7	1
81	8	1
81	9	1
81	10	1
81	11	1
81	12	1
81	13	1
81	14	1
81	15	0
81	16	1
81	17	0
81	18	1
81	19	1
81	20	0
81	21	1
81	22	1
81	23	1
81	24	1
81	25	0
81	26	1
81	27	1
81	28	1
81	29	1
81	30	1
81	31	1
81	32	1
81	33	1
81	34	1
81	35	1
81	36	0
81	37	1
81	38	0
81	39	1
81	40	1
82	1	1
82	2	1
82	3	0
82	4	0
82	5	0
82	6	0
82	7	1
82	8	1
82	9	1
82	10	1
82	11	1
82	12	1
82	13	0
82	14	0
82	15	0
82	16	0
82	17	0
82	18	0
82	19	1
82	20	0
82	21	1
82	22	1
82	23	1
82	24	0
82	25	0
82	26	1
82	27	0
82	28	0
82	29	1
82	30	1
82	31	0
82	32	1
82	33	0
82	34	0
82	35	0
82	36	0
82	37	0
82	38	0
82	39	1
82	40	0
83	1	0
83	2	1
83	3	0
83	4	0
83	5	0
83	6	0
83	7	1
83	8	1
83	9	0
83	10	1
83	11	0
83	12	1
83	13	0
83	14	0
83	15	0
83	16	1
83	17	0
83	18	0
83	19	1
83	20	0
83	21	1
83	22	1
83	23	0
83	24	1
83	25	0
83	26	1
83	27	0
83	28	0
83	29	1
83	30	0
83	31	1
83	32	1
83	33	0
83	34	1
83	35	1
83	36	0
83	37	1
83	38	0
83	39	0
83	40	1
84	1	0
84	2	1
84	3	1
84	4	0
84	5	0
84	6	0
84	7	1
84	8	1
84	9	0
84	10	1
84	11	0
84	12	0
84	13	1
84	14	1
84	15	0
84	16	1
84	17	0
84	18	1
84	19	0
84	20	0
84	21	1
84	22	1
84	23	0
84	24	1
84	25	0
84	26	1
84	27	1
84	28	1
84	29	1
84	30	0
84	31	1
84	32	0
84	33	1
84	34	0
84	35	1
84	36	0
84	37	1
84	38	0
84	39	1
84	40	0
85	1	1
85	2	1
85	3	1
85	4	1
85	5	1
85	6	1
85	7	1
85	8	1
85	9	0
85	10	1
85	11	0
85	12	0
85	13	1
85	14	1
85	15	1
85	16	1
85	17	1
85	18	1
85	19	1
85	20	1
85	21	1
85	22	1
85	23	1
85	24	1
85	25	1
85	26	1
85	27	1
85	28	1
85	29	1
85	30	0
85	31	1
85	32	1
85	33	1
85	34	0
85	35	1
85	36	1
85	37	1
85	38	1
85	39	1
85	40	1
86	1	1
86	2	1
86	3	0
86	4	0
86	5	0
86	6	0
86	7	1
86	8	1
86	9	1
86	10	1
86	11	1
86	12	1
86	13	0
86	14	0
86	15	0
86	16	1
86	17	0
86	18	0
86	19	1
86	20	0
86	21	1
86	22	1
86	23	1
86	24	1
86	25	0
86	26	1
86	27	0
86	28	1
86	29	1
86	30	1
86	31	1
86	32	1
86	33	0
86	34	1
86	35	1
86	36	0
86	37	1
86	38	0
86	39	1
86	40	1
87	1	0
87	2	0
87	3	1
87	4	1
87	5	0
87	6	0
87	7	0
87	8	0
87	9	0
87	10	0
87	11	0
87	12	0
87	13	0
87	14	0
87	15	0
87	16	0
87	17	0
87	18	0
87	19	0
87	20	0
87	21	1
87	22	1
87	23	0
87	24	0
87	25	0
87	26	1
87	27	1
87	28	1
87	29	1
87	30	0
87	31	1
87	32	1
87	33	0
87	34	0
87	35	0
87	36	1
87	37	1
87	38	1
87	39	1
87	40	0
88	1	0
88	2	1
88	3	0
88	4	1
88	5	0
88	6	1
88	7	1
88	8	1
88	9	0
88	10	1
88	11	0
88	12	0
88	13	0
88	14	1
88	15	0
88	16	1
88	17	0
88	18	1
88	19	1
88	20	1
88	21	1
88	22	1
88	23	0
88	24	1
88	25	1
88	26	1
88	27	1
88	28	0
88	29	1
88	30	0
88	31	1
88	32	1
88	33	1
88	34	0
88	35	1
88	36	1
88	37	1
88	38	1
88	39	0
88	40	1
89	1	1
89	2	1
89	3	0
89	4	0
89	5	0
89	6	0
89	7	1
89	8	1
89	9	1
89	10	1
89	11	1
89	12	1
89	13	0
89	14	0
89	15	0
89	16	1
89	17	0
89	18	0
89	19	1
89	20	0
89	21	1
89	22	1
89	23	1
89	24	1
89	25	0
89	26	1
89	27	0
89	28	1
89	29	1
89	30	1
89	31	1
89	32	1
89	33	0
89	34	1
89	35	1
89	36	0
89	37	1
89	38	0
89	39	1
89	40	1
90	1	0
90	2	1
90	3	0
90	4	1
90	5	0
90	6	1
90	7	1
90	8	1
90	9	0
90	10	1
90	11	0
90	12	0
90	13	0
90	14	1
90	15	0
90	16	1
90	17	0
90	18	1
90	19	1
90	20	1
90	21	1
90	22	1
90	23	0
90	24	1
90	25	1
90	26	1
90	27	1
90	28	0
90	29	1
90	30	0
90	31	1
90	32	1
90	33	1
90	34	0
90	35	1
90	36	1
90	37	1
90	38	1
90	39	0
90	40	1
91	1	0
91	2	1
91	3	0
91	4	0
91	5	0
91	6	0
91	7	1
91	8	1
91	9	0
91	10	1
91	11	0
91	12	1
91	13	0
91	14	1
91	15	0
91	16	1
91	17	0
91	18	1
91	19	1
91	20	0
91	21	1
91	22	1
91	23	0
91	24	1
91	25	0
91	26	1
91	27	1
91	28	0
91	29	1
91	30	0
91	31	1
91	32	1
91	33	1
91	34	1
91	35	1
91	36	0
91	37	1
91	38	0
91	39	0
91	40	1
92	1	0
92	2	1
92	3	0
92	4	0
92	5	0
92	6	0
92	7	1
92	8	1
92	9	1
92	10	1
92	11	1
92	12	1
92	13	0
92	14	0
92	15	0
92	16	1
92	17	0
92	18	0
92	19	0
92	20	0
92	21	1
92	22	1
92	23	0
92	24	1
92	25	0
92	26	1
92	27	0
92	28	1
92	29	1
92	30	1
92	31	1
92	32	0
92	33	0
92	34	1
92	35	1
92	36	0
92	37	1
92	38	0
92	39	1
92	40	0
93	1	1
93	2	1
93	3	1
93	4	1
93	5	1
93	6	1
93	7	1
93	8	1
93	9	1
93	10	0
93	11	1
93	12	1
93	13	1
93	14	1
93	15	1
93	16	1
93	17	1
93	18	1
93	19	1
93	20	1
93	21	0
93	22	0
93	23	1
93	24	1
93	25	1
93	26	1
93	27	1
93	28	1
93	29	0
93	30	1
93	31	0
93	32	1
93	33	1
93	34	1
93	35	1
93	36	1
93	37	0
93	38	1
93	39	1
93	40	1
94	1	0
94	2	1
94	3	0
94	4	0
94	5	0
94	6	0
94	7	1
94	8	1
94	9	1
94	10	1
94	11	1
94	12	1
94	13	0
94	14	0
94	15	0
94	16	1
94	17	0
94	18	0
94	19	0
94	20	0
94	21	1
94	22	1
94	23	0
94	24	1
94	25	0
94	26	1
94	27	0
94	28	1
94	29	1
94	30	1
94	31	1
94	32	0
94	33	0
94	34	1
94	35	1
94	36	0
94	37	1
94	38	0
94	39	1
94	40	0
95	1	1
95	2	0
95	3	1
95	4	0
95	5	0
95	6	0
95	7	0
95	8	0
95	9	0
95	10	1
95	11	0
95	12	0
95	13	1
95	14	1
95	15	0
95	16	0
95	17	0
95	18	1
95	19	1
95	20	0
95	21	1
95	22	1
95	23	1
95	24	0
95	25	0
95	26	0
95	27	1
95	28	0
95	29	1
95	30	0
95	31	1
95	32	1
95	33	1
95	34	0
95	35	0
95	36	0
95	37	1
95	38	0
95	39	0
95	40	1
96	1	1
96	2	0
96	3	1
96	4	1
96	5	1
96	6	1
96	7	1
96	8	0
96	9	1
96	10	0
96	11	1
96	12	1
96	13	1
96	14	1
96	15	0
96	16	0
96	17	1
96	18	1
96	19	1
96	20	0
96	21	0
96	22	0
96	23	1
96	24	0
96	25	1
96	26	1
96	27	1
96	28	1
96	29	0
96	30	1
96	31	0
96	32	1
96	33	1
96	34	0
96	35	0
96	36	1
96	37	0
96	38	1
96	39	1
96	40	0
97	1	1
97	2	1
97	3	1
97	4	0
97	5	0
97	6	0
97	7	1
97	8	1
97	9	1
97	10	1
97	11	1
97	12	1
97	13	1
97	14	1
97	15	0
97	16	1
97	17	0
97	18	1
97	19	1
97	20	0
97	21	1
97	22	1
97	23	1
97	24	1
97	25	0
97	26	1
97	27	1
97	28	1
97	29	1
97	30	1
97	31	1
97	32	1
97	33	1
97	34	1
97	35	1
97	36	0
97	37	1
97	38	0
97	39	1
97	40	1
98	1	0
98	2	1
98	3	1
98	4	0
98	5	0
98	6	0
98	7	1
98	8	1
98	9	0
98	10	1
98	11	0
98	12	0
98	13	1
98	14	1
98	15	0
98	16	1
98	17	0
98	18	1
98	19	0
98	20	0
98	21	1
98	22	1
98	23	0
98	24	1
98	25	0
98	26	1
98	27	1
98	28	1
98	29	1
98	30	0
98	31	1
98	32	0
98	33	1
98	34	0
98	35	1
98	36	0
98	37	1
98	38	0
98	39	1
98	40	0
99	1	1
99	2	1
99	3	1
99	4	0
99	5	0
99	6	0
99	7	1
99	8	1
99	9	1
99	10	1
99	11	1
99	12	1
99	13	1
99	14	1
99	15	0
99	16	1
99	17	0
99	18	1
99	19	1
99	20	0
99	21	1
99	22	1
99	23	1
99	24	1
99	25	0
99	26	1
99	27	1
99	28	1
99	29	1
99	30	1
99	31	1
99	32	1
99	33	1
99	34	1
99	35	1
99	36	0
99	37	1
99	38	0
99	39	1
99	40	1
100	1	1
100	2	1
100	3	1
100	4	1
100	5	1
100	6	1
100	7	1
100	8	1
100	9	1
100	10	0
100	11	1
100	12	1
100	13	1
100	14	1
100	15	1
100	16	1
100	17	1
100	18	1
100	19	1
100	20	1
100	21	0
100	22	0
100	23	1
100	24	1
100	25	1
100	26	1
100	27	1
100	28	1
100	29	0
100	30	1
100	31	0
100	32	1
100	33	1
100	34	1
100	35	1
100	36	1
100	37	0
100	38	1
100	39	1
100	40	1
101	1	1
101	2	1
101	3	1
101	4	1
101	5	1
101	6	1
101	7	1
101	8	1
101	9	0
101	10	1
101	11	0
101	12	0
101	13	0
101	14	0
101	15	1
101	16	0
101	17	1
101	18	0
101	19	1
101	20	1
101	21	1
101	22	1
101	23	1
101	24	0
101	25	1
101	26	1
101	27	0
101	28	0
101	29	1
101	30	0
101	31	0
101	32	1
101	33	1
101	34	0
101	35	0
101	36	1
101	37	0
101	38	1
101	39	1
101	40	0
102	1	0
102	2	1
102	3	1
102	4	0
102	5	0
102	6	0
102	7	1
102	8	1
102	9	0
102	10	1
102	11	0
102	12	0
102	13	1
102	14	1
102	15	0
102	16	1
102	17	0
102	18	1
102	19	0
102	20	0
102	21	1
102	22	1
102	23	0
102	24	1
102	25	0
102	26	1
102	27	1
102	28	1
102	29	1
102	30	0
102	31	1
102	32	0
102	33	1
102	34	0
102	35	1
102	36	0
102	37	1
102	38	0
102	39	1
102	40	0
103	1	1
103	2	0
103	3	1
103	4	0
103	5	0
103	6	0
103	7	1
103	8	1
103	9	0
103	10	1
103	11	1
103	12	1
103	13	1
103	14	0
103	15	0
103	16	1
103	17	0
103	18	1
103	19	1
103	20	0
103	21	1
103	22	1
103	23	0
103	24	0
103	25	0
103	26	1
103	27	1
103	28	0
103	29	0
103	30	1
103	31	0
103	32	1
103	33	1
103	34	1
103	35	1
103	36	0
103	37	1
103	38	0
103	39	0
103	40	0
104	1	1
104	2	1
104	3	1
104	4	1
104	5	1
104	6	1
104	7	1
104	8	1
104	9	0
104	10	1
104	11	0
104	12	0
104	13	1
104	14	1
104	15	1
104	16	1
104	17	1
104	18	1
104	19	1
104	20	1
104	21	1
104	22	1
104	23	1
104	24	1
104	25	1
104	26	1
104	27	1
104	28	1
104	29	1
104	30	0
104	31	1
104	32	1
104	33	1
104	34	0
104	35	1
104	36	1
104	37	1
104	38	1
104	39	1
104	40	1
105	1	0
105	2	1
105	3	1
105	4	0
105	5	0
105	6	0
105	7	1
105	8	1
105	9	0
105	10	1
105	11	0
105	12	0
105	13	1
105	14	1
105	15	0
105	16	1
105	17	0
105	18	1
105	19	0
105	20	0
105	21	1
105	22	1
105	23	0
105	24	1
105	25	0
105	26	1
105	27	1
105	28	1
105	29	1
105	30	0
105	31	1
105	32	0
105	33	1
105	34	0
105	35	1
105	36	0
105	37	1
105	38	0
105	39	1
105	40	0
106	1	1
106	2	1
106	3	1
106	4	1
106	5	1
106	6	1
106	7	1
106	8	1
106	9	1
106	10	0
106	11	1
106	12	1
106	13	1
106	14	1
106	15	1
106	16	1
106	17	1
106	18	1
106	19	1
106	20	1
106	21	0
106	22	0
106	23	1
106	24	1
106	25	1
106	26	1
106	27	1
106	28	1
106	29	0
106	30	1
106	31	0
106	32	1
106	33	1
106	34	1
106	35	1
106	36	1
106	37	0
106	38	1
106	39	1
106	40	1
107	1	0
107	2	1
107	3	1
107	4	0
107	5	0
107	6	0
107	7	1
107	8	1
107	9	0
107	10	1
107	11	0
107	12	0
107	13	1
107	14	1
107	15	0
107	16	1
107	17	0
107	18	1
107	19	0
107	20	0
107	21	1
107	22	1
107	23	0
107	24	1
107	25	0
107	26	1
107	27	1
107	28	1
107	29	1
107	30	0
107	31	1
107	32	0
107	33	1
107	34	0
107	35	1
107	36	0
107	37	1
107	38	0
107	39	1
107	40	0
108	1	1
108	2	1
108	3	1
108	4	1
108	5	1
108	6	1
108	7	1
108	8	1
108	9	0
108	10	1
108	11	0
108	12	0
108	13	1
108	14	1
108	15	1
108	16	1
108	17	1
108	18	1
108	19	1
108	20	1
108	21	1
108	22	1
108	23	1
108	24	1
108	25	1
108	26	1
108	27	1
108	28	1
108	29	1
108	30	0
108	31	1
108	32	1
108	33	1
108	34	0
108	35	1
108	36	1
108	37	1
108	38	1
108	39	1
108	40	1
109	1	1
109	2	1
109	3	1
109	4	1
109	5	1
109	6	1
109	7	1
109	8	1
109	9	1
109	10	0
109	11	1
109	12	1
109	13	1
109	14	1
109	15	1
109	16	1
109	17	1
109	18	1
109	19	1
109	20	1
109	21	0
109	22	0
109	23	1
109	24	1
109	25	1
109	26	1
109	27	1
109	28	1
109	29	0
109	30	1
109	31	0
109	32	1
109	33	1
109	34	1
109	35	1
109	36	1
109	37	0
109	38	1
109	39	1
109	40	1
110	1	0
110	2	1
110	3	0
110	4	0
110	5	0
110	6	0
110	7	1
110	8	1
110	9	1
110	10	1
110	11	1
110	12	1
110	13	0
110	14	0
110	15	0
110	16	0
110	17	0
110	18	0
110	19	0
110	20	0
110	21	1
110	22	1
110	23	0
110	24	0
110	25	0
110	26	1
110	27	0
110	28	0
110	29	1
110	30	1
110	31	0
110	32	0
110	33	0
110	34	0
110	35	0
110	36	0
110	37	0
110	38	0
110	39	1
110	40	0
111	1	0
111	2	1
111	3	1
111	4	0
111	5	0
111	6	0
111	7	1
111	8	1
111	9	0
111	10	1
111	11	0
111	12	0
111	13	1
111	14	1
111	15	0
111	16	1
111	17	0
111	18	1
111	19	0
111	20	0
111	21	1
111	22	1
111	23	0
111	24	1
111	25	0
111	26	1
111	27	1
111	28	1
111	29	1
111	30	0
111	31	1
111	32	0
111	33	1
111	34	0
111	35	1
111	36	0
111	37	1
111	38	0
111	39	1
111	40	0
112	1	1
112	2	1
112	3	1
112	4	1
112	5	1
112	6	1
112	7	1
112	8	1
112	9	0
112	10	1
112	11	0
112	12	0
112	13	0
112	14	0
112	15	1
112	16	0
112	17	1
112	18	0
112	19	1
112	20	1
112	21	1
112	22	1
112	23	1
112	24	0
112	25	1
112	26	1
112	27	0
112	28	0
112	29	1
112	30	0
112	31	0
112	32	1
112	33	1
112	34	0
112	35	0
112	36	1
112	37	0
112	38	1
112	39	1
112	40	0
113	1	1
113	2	0
113	3	0
113	4	0
113	5	0
113	6	0
113	7	1
113	8	1
113	9	0
113	10	1
113	11	1
113	12	1
113	13	0
113	14	0
113	15	0
113	16	1
113	17	0
113	18	0
113	19	1
113	20	0
113	21	1
113	22	1
113	23	0
113	24	0
113	25	0
113	26	1
113	27	0
113	28	0
113	29	0
113	30	1
113	31	0
113	32	1
113	33	0
113	34	1
113	35	1
113	36	0
113	37	1
113	38	0
113	39	0
113	40	0
114	1	0
114	2	1
114	3	1
114	4	0
114	5	0
114	6	0
114	7	1
114	8	1
114	9	0
114	10	1
114	11	0
114	12	0
114	13	1
114	14	1
114	15	0
114	16	1
114	17	0
114	18	1
114	19	0
114	20	0
114	21	1
114	22	1
114	23	0
114	24	1
114	25	0
114	26	1
114	27	1
114	28	1
114	29	1
114	30	0
114	31	1
114	32	0
114	33	1
114	34	0
114	35	1
114	36	0
114	37	1
114	38	0
114	39	1
114	40	0
115	1	0
115	2	1
115	3	0
115	4	0
115	5	0
115	6	0
115	7	1
115	8	1
115	9	1
115	10	1
115	11	1
115	12	1
115	13	0
115	14	0
115	15	0
115	16	1
115	17	0
115	18	0
115	19	0
115	20	0
115	21	1
115	22	1
115	23	0
115	24	1
115	25	0
115	26	1
115	27	0
115	28	1
115	29	1
115	30	1
115	31	1
115	32	0
115	33	0
115	34	1
115	35	1
115	36	0
115	37	1
115	38	0
115	39	1
115	40	0
116	1	1
116	2	1
116	3	1
116	4	0
116	5	0
116	6	0
116	7	1
116	8	1
116	9	1
116	10	1
116	11	1
116	12	1
116	13	1
116	14	1
116	15	0
116	16	1
116	17	0
116	18	1
116	19	1
116	20	0
116	21	1
116	22	1
116	23	1
116	24	1
116	25	0
116	26	1
116	27	1
116	28	1
116	29	1
116	30	1
116	31	1
116	32	1
116	33	1
116	34	1
116	35	1
116	36	0
116	37	1
116	38	0
116	39	1
116	40	1
117	1	1
117	2	1
117	3	1
117	4	1
117	5	1
117	6	1
117	7	1
117	8	1
117	9	0
117	10	1
117	11	0
117	12	0
117	13	1
117	14	1
117	15	1
117	16	1
117	17	1
117	18	1
117	19	1
117	20	1
117	21	1
117	22	1
117	23	1
117	24	1
117	25	1
117	26	1
117	27	1
117	28	1
117	29	1
117	30	0
117	31	1
117	32	1
117	33	1
117	34	0
117	35	1
117	36	1
117	37	1
117	38	1
117	39	1
117	40	1
118	1	1
118	2	1
118	3	1
118	4	0
118	5	0
118	6	0
118	7	1
118	8	1
118	9	1
118	10	1
118	11	1
118	12	1
118	13	1
118	14	1
118	15	0
118	16	1
118	17	0
118	18	1
118	19	1
118	20	0
118	21	1
118	22	1
118	23	1
118	24	1
118	25	0
118	26	1
118	27	1
118	28	1
118	29	1
118	30	1
118	31	1
118	32	1
118	33	1
118	34	1
118	35	1
118	36	0
118	37	1
118	38	0
118	39	1
118	40	1
119	1	1
119	2	1
119	3	1
119	4	0
119	5	0
119	6	0
119	7	1
119	8	1
119	9	1
119	10	1
119	11	1
119	12	1
119	13	1
119	14	1
119	15	0
119	16	1
119	17	0
119	18	1
119	19	1
119	20	0
119	21	1
119	22	1
119	23	1
119	24	1
119	25	0
119	26	1
119	27	1
119	28	1
119	29	1
119	30	1
119	31	1
119	32	1
119	33	1
119	34	1
119	35	1
119	36	0
119	37	1
119	38	0
119	39	1
119	40	1
120	1	1
120	2	1
120	3	1
120	4	0
120	5	0
120	6	0
120	7	1
120	8	1
120	9	1
120	10	1
120	11	1
120	12	1
120	13	1
120	14	1
120	15	0
120	16	1
120	17	0
120	18	1
120	19	1
120	20	0
120	21	1
120	22	1
120	23	1
120	24	1
120	25	0
120	26	1
120	27	1
120	28	1
120	29	1
120	30	1
120	31	1
120	32	1
120	33	1
120	34	1
120	35	1
120	36	0
120	37	1
120	38	0
120	39	1
120	40	1
121	1	1
121	2	1
121	3	1
121	4	0
121	5	0
121	6	0
121	7	1
121	8	1
121	9	1
121	10	1
121	11	1
121	12	1
121	13	1
121	14	1
121	15	0
121	16	1
121	17	0
121	18	1
121	19	1
121	20	0
121	21	1
121	22	1
121	23	1
121	24	1
121	25	0
121	26	1
121	27	1
121	28	1
121	29	1
121	30	1
121	31	1
121	32	1
121	33	1
121	34	1
121	35	1
121	36	0
121	37	1
121	38	0
121	39	1
121	40	1
122	1	1
122	2	1
122	3	0
122	4	0
122	5	0
122	6	0
122	7	1
122	8	1
122	9	1
122	10	1
122	11	1
122	12	1
122	13	0
122	14	0
122	15	0
122	16	1
122	17	0
122	18	0
122	19	1
122	20	0
122	21	1
122	22	1
122	23	1
122	24	1
122	25	0
122	26	1
122	27	0
122	28	1
122	29	1
122	30	1
122	31	1
122	32	1
122	33	0
122	34	1
122	35	1
122	36	0
122	37	1
122	38	0
122	39	1
122	40	1
123	1	1
123	2	1
123	3	1
123	4	0
123	5	0
123	6	0
123	7	1
123	8	1
123	9	1
123	10	1
123	11	1
123	12	1
123	13	1
123	14	1
123	15	0
123	16	1
123	17	0
123	18	1
123	19	1
123	20	0
123	21	1
123	22	1
123	23	1
123	24	1
123	25	0
123	26	1
123	27	1
123	28	1
123	29	1
123	30	1
123	31	1
123	32	1
123	33	1
123	34	1
123	35	1
123	36	0
123	37	1
123	38	0
123	39	1
123	40	1
124	1	1
124	2	1
124	3	1
124	4	0
124	5	0
124	6	0
124	7	1
124	8	1
124	9	1
124	10	1
124	11	1
124	12	1
124	13	1
124	14	1
124	15	0
124	16	1
124	17	0
124	18	1
124	19	1
124	20	0
124	21	1
124	22	1
124	23	1
124	24	1
124	25	0
124	26	1
124	27	1
124	28	1
124	29	1
124	30	1
124	31	1
124	32	1
124	33	1
124	34	1
124	35	1
124	36	0
124	37	1
124	38	0
124	39	1
124	40	1
125	1	1
125	2	1
125	3	1
125	4	1
125	5	1
125	6	1
125	7	1
125	8	1
125	9	1
125	10	0
125	11	1
125	12	1
125	13	1
125	14	1
125	15	1
125	16	1
125	17	1
125	18	1
125	19	1
125	20	1
125	21	0
125	22	0
125	23	1
125	24	1
125	25	1
125	26	1
125	27	1
125	28	1
125	29	0
125	30	1
125	31	0
125	32	1
125	33	1
125	34	1
125	35	1
125	36	1
125	37	0
125	38	1
125	39	1
125	40	1
126	1	0
126	2	1
126	3	0
126	4	0
126	5	0
126	6	0
126	7	1
126	8	1
126	9	1
126	10	1
126	11	1
126	12	1
126	13	0
126	14	0
126	15	0
126	16	1
126	17	0
126	18	0
126	19	0
126	20	0
126	21	1
126	22	1
126	23	0
126	24	1
126	25	0
126	26	1
126	27	0
126	28	1
126	29	1
126	30	1
126	31	1
126	32	0
126	33	0
126	34	1
126	35	1
126	36	0
126	37	1
126	38	0
126	39	1
126	40	0
127	1	1
127	2	1
127	3	1
127	4	0
127	5	0
127	6	0
127	7	1
127	8	1
127	9	1
127	10	1
127	11	1
127	12	1
127	13	1
127	14	1
127	15	0
127	16	1
127	17	0
127	18	1
127	19	1
127	20	0
127	21	1
127	22	1
127	23	1
127	24	1
127	25	0
127	26	1
127	27	1
127	28	1
127	29	1
127	30	1
127	31	1
127	32	1
127	33	1
127	34	1
127	35	1
127	36	0
127	37	1
127	38	0
127	39	1
127	40	1
128	1	1
128	2	0
128	3	1
128	4	0
128	5	0
128	6	0
128	7	0
128	8	0
128	9	0
128	10	1
128	11	0
128	12	0
128	13	1
128	14	1
128	15	0
128	16	0
128	17	0
128	18	1
128	19	1
128	20	0
128	21	1
128	22	1
128	23	1
128	24	0
128	25	0
128	26	0
128	27	1
128	28	0
128	29	1
128	30	0
128	31	1
128	32	1
128	33	1
128	34	0
128	35	0
128	36	0
128	37	1
128	38	0
128	39	0
128	40	1
129	1	1
129	2	1
129	3	1
129	4	0
129	5	0
129	6	0
129	7	1
129	8	1
129	9	1
129	10	1
129	11	1
129	12	1
129	13	1
129	14	1
129	15	0
129	16	1
129	17	0
129	18	1
129	19	1
129	20	0
129	21	1
129	22	1
129	23	1
129	24	1
129	25	0
129	26	1
129	27	1
129	28	1
129	29	1
129	30	1
129	31	1
129	32	1
129	33	1
129	34	1
129	35	1
129	36	0
129	37	1
129	38	0
129	39	1
129	40	1
130	1	1
130	2	1
130	3	1
130	4	0
130	5	0
130	6	0
130	7	1
130	8	1
130	9	1
130	10	1
130	11	1
130	12	1
130	13	0
130	14	0
130	15	0
130	16	0
130	17	0
130	18	0
130	19	1
130	20	0
130	21	1
130	22	1
130	23	1
130	24	0
130	25	0
130	26	1
130	27	0
130	28	0
130	29	1
130	30	1
130	31	0
130	32	1
130	33	1
130	34	0
130	35	0
130	36	0
130	37	0
130	38	0
130	39	1
130	40	0
131	1	1
131	2	1
131	3	1
131	4	0
131	5	0
131	6	0
131	7	1
131	8	1
131	9	1
131	10	1
131	11	1
131	12	1
131	13	1
131	14	1
131	15	0
131	16	1
131	17	0
131	18	1
131	19	1
131	20	0
131	21	1
131	22	1
131	23	1
131	24	1
131	25	0
131	26	1
131	27	1
131	28	1
131	29	1
131	30	1
131	31	1
131	32	1
131	33	1
131	34	1
131	35	1
131	36	0
131	37	1
131	38	0
131	39	1
131	40	1
132	1	1
132	2	0
132	3	1
132	4	0
132	5	0
132	6	0
132	7	0
132	8	0
132	9	0
132	10	1
132	11	0
132	12	0
132	13	1
132	14	1
132	15	0
132	16	0
132	17	0
132	18	1
132	19	1
132	20	0
132	21	1
132	22	1
132	23	1
132	24	0
132	25	0
132	26	0
132	27	1
132	28	0
132	29	1
132	30	0
132	31	1
132	32	1
132	33	1
132	34	0
132	35	0
132	36	0
132	37	1
132	38	0
132	39	0
132	40	1
133	1	1
133	2	1
133	3	1
133	4	0
133	5	0
133	6	0
133	7	1
133	8	1
133	9	1
133	10	1
133	11	1
133	12	1
133	13	1
133	14	1
133	15	0
133	16	1
133	17	0
133	18	1
133	19	1
133	20	0
133	21	1
133	22	1
133	23	1
133	24	1
133	25	0
133	26	1
133	27	1
133	28	1
133	29	1
133	30	1
133	31	1
133	32	1
133	33	1
133	34	1
133	35	1
133	36	0
133	37	1
133	38	0
133	39	1
133	40	1
134	1	0
134	2	1
134	3	1
134	4	1
134	5	0
134	6	0
134	7	0
134	8	1
134	9	1
134	10	0
134	11	1
134	12	1
134	13	0
134	14	0
134	15	1
134	16	1
134	17	0
134	18	0
134	19	0
134	20	0
134	21	0
134	22	0
134	23	0
134	24	1
134	25	0
134	26	1
134	27	1
134	28	1
134	29	0
134	30	1
134	31	0
134	32	1
134	33	0
134	34	0
134	35	1
134	36	1
134	37	0
134	38	1
134	39	1
134	40	1
135	1	1
135	2	1
135	3	1
135	4	1
135	5	1
135	6	1
135	7	1
135	8	1
135	9	0
135	10	1
135	11	0
135	12	0
135	13	1
135	14	1
135	15	1
135	16	1
135	17	1
135	18	1
135	19	1
135	20	1
135	21	1
135	22	1
135	23	1
135	24	1
135	25	1
135	26	1
135	27	1
135	28	1
135	29	1
135	30	0
135	31	1
135	32	1
135	33	1
135	34	0
135	35	1
135	36	1
135	37	1
135	38	1
135	39	1
135	40	1
136	1	0
136	2	0
136	3	0
136	4	0
136	5	0
136	6	0
136	7	0
136	8	0
136	9	0
136	10	1
136	11	0
136	12	0
136	13	0
136	14	1
136	15	0
136	16	0
136	17	0
136	18	1
136	19	1
136	20	0
136	21	1
136	22	1
136	23	0
136	24	0
136	25	0
136	26	0
136	27	1
136	28	0
136	29	1
136	30	0
136	31	1
136	32	1
136	33	1
136	34	0
136	35	0
136	36	0
136	37	1
136	38	0
136	39	0
136	40	1
137	1	0
137	2	1
137	3	0
137	4	0
137	5	0
137	6	0
137	7	1
137	8	1
137	9	1
137	10	1
137	11	1
137	12	1
137	13	0
137	14	0
137	15	0
137	16	1
137	17	0
137	18	0
137	19	0
137	20	0
137	21	1
137	22	1
137	23	0
137	24	1
137	25	0
137	26	1
137	27	0
137	28	1
137	29	1
137	30	1
137	31	1
137	32	0
137	33	0
137	34	1
137	35	1
137	36	0
137	37	1
137	38	0
137	39	1
137	40	0
138	1	1
138	2	0
138	3	1
138	4	0
138	5	0
138	6	0
138	7	0
138	8	0
138	9	0
138	10	1
138	11	0
138	12	0
138	13	1
138	14	1
138	15	0
138	16	0
138	17	0
138	18	1
138	19	1
138	20	0
138	21	1
138	22	1
138	23	1
138	24	0
138	25	0
138	26	0
138	27	1
138	28	0
138	29	1
138	30	0
138	31	1
138	32	1
138	33	1
138	34	0
138	35	0
138	36	0
138	37	1
138	38	0
138	39	0
138	40	1
139	1	1
139	2	1
139	3	1
139	4	1
139	5	1
139	6	1
139	7	1
139	8	1
139	9	0
139	10	1
139	11	0
139	12	0
139	13	1
139	14	1
139	15	1
139	16	1
139	17	1
139	18	1
139	19	1
139	20	1
139	21	1
139	22	1
139	23	1
139	24	1
139	25	1
139	26	1
139	27	1
139	28	1
139	29	1
139	30	0
139	31	1
139	32	1
139	33	1
139	34	0
139	35	1
139	36	1
139	37	1
139	38	1
139	39	1
139	40	1
140	1	0
140	2	1
140	3	0
140	4	0
140	5	0
140	6	0
140	7	1
140	8	1
140	9	0
140	10	1
140	11	0
140	12	1
140	13	0
140	14	0
140	15	0
140	16	1
140	17	0
140	18	0
140	19	1
140	20	0
140	21	1
140	22	1
140	23	0
140	24	1
140	25	0
140	26	1
140	27	0
140	28	0
140	29	1
140	30	0
140	31	1
140	32	1
140	33	0
140	34	1
140	35	1
140	36	0
140	37	1
140	38	0
140	39	0
140	40	1
141	1	1
141	2	0
141	3	1
141	4	0
141	5	0
141	6	0
141	7	0
141	8	0
141	9	0
141	10	1
141	11	0
141	12	0
141	13	1
141	14	1
141	15	0
141	16	0
141	17	0
141	18	1
141	19	1
141	20	0
141	21	1
141	22	1
141	23	1
141	24	0
141	25	0
141	26	0
141	27	1
141	28	0
141	29	1
141	30	0
141	31	1
141	32	1
141	33	1
141	34	0
141	35	0
141	36	0
141	37	1
141	38	0
141	39	0
141	40	0
142	1	1
142	2	1
142	3	0
142	4	0
142	5	0
142	6	0
142	7	1
142	8	1
142	9	1
142	10	1
142	11	1
142	12	1
142	13	0
142	14	0
142	15	0
142	16	1
142	17	0
142	18	0
142	19	1
142	20	0
142	21	1
142	22	1
142	23	1
142	24	1
142	25	0
142	26	1
142	27	0
142	28	1
142	29	1
142	30	1
142	31	1
142	32	1
142	33	0
142	34	1
142	35	1
142	36	0
142	37	1
142	38	0
142	39	1
142	40	1
143	1	1
143	2	1
143	3	0
143	4	0
143	5	0
143	6	0
143	7	1
143	8	1
143	9	1
143	10	1
143	11	1
143	12	1
143	13	0
143	14	0
143	15	0
143	16	1
143	17	0
143	18	0
143	19	1
143	20	0
143	21	1
143	22	1
143	23	1
143	24	1
143	25	0
143	26	1
143	27	0
143	28	1
143	29	1
143	30	1
143	31	1
143	32	1
143	33	0
143	34	1
143	35	1
143	36	0
143	37	1
143	38	0
143	39	1
143	40	1
144	1	1
144	2	1
144	3	1
144	4	1
144	5	1
144	6	1
144	7	1
144	8	1
144	9	1
144	10	0
144	11	1
144	12	1
144	13	0
144	14	0
144	15	1
144	16	0
144	17	1
144	18	0
144	19	1
144	20	1
144	21	0
144	22	0
144	23	1
144	24	0
144	25	1
144	26	1
144	27	0
144	28	0
144	29	0
144	30	1
144	31	0
144	32	1
144	33	1
144	34	0
144	35	0
144	36	1
144	37	0
144	38	1
144	39	1
144	40	0
145	1	1
145	2	1
145	3	1
145	4	1
145	5	1
145	6	1
145	7	1
145	8	1
145	9	0
145	10	1
145	11	0
145	12	0
145	13	1
145	14	1
145	15	1
145	16	1
145	17	1
145	18	1
145	19	1
145	20	1
145	21	1
145	22	1
145	23	1
145	24	1
145	25	1
145	26	1
145	27	1
145	28	1
145	29	1
145	30	0
145	31	1
145	32	1
145	33	1
145	34	0
145	35	1
145	36	1
145	37	1
145	38	1
145	39	1
145	40	1
146	1	0
146	2	1
146	3	0
146	4	0
146	5	0
146	6	0
146	7	1
146	8	1
146	9	1
146	10	1
146	11	1
146	12	1
146	13	0
146	14	0
146	15	0
146	16	0
146	17	0
146	18	0
146	19	0
146	20	0
146	21	1
146	22	1
146	23	0
146	24	0
146	25	0
146	26	1
146	27	0
146	28	0
146	29	1
146	30	1
146	31	0
146	32	0
146	33	0
146	34	0
146	35	0
146	36	0
146	37	0
146	38	0
146	39	1
146	40	0
147	1	1
147	2	0
147	3	1
147	4	0
147	5	0
147	6	0
147	7	0
147	8	0
147	9	0
147	10	1
147	11	0
147	12	0
147	13	1
147	14	1
147	15	0
147	16	0
147	17	0
147	18	1
147	19	1
147	20	0
147	21	1
147	22	1
147	23	1
147	24	0
147	25	0
147	26	0
147	27	1
147	28	0
147	29	1
147	30	0
147	31	1
147	32	1
147	33	1
147	34	0
147	35	0
147	36	0
147	37	1
147	38	0
147	39	0
147	40	1
148	1	1
148	2	1
148	3	1
148	4	0
148	5	0
148	6	0
148	7	1
148	8	1
148	9	1
148	10	1
148	11	1
148	12	1
148	13	1
148	14	1
148	15	0
148	16	1
148	17	0
148	18	1
148	19	1
148	20	0
148	21	1
148	22	1
148	23	1
148	24	1
148	25	0
148	26	1
148	27	1
148	28	1
148	29	1
148	30	1
148	31	1
148	32	1
148	33	1
148	34	1
148	35	1
148	36	0
148	37	1
148	38	0
148	39	1
148	40	1
149	1	0
149	2	1
149	3	0
149	4	0
149	5	0
149	6	0
149	7	1
149	8	1
149	9	0
149	10	1
149	11	0
149	12	1
149	13	0
149	14	0
149	15	0
149	16	1
149	17	0
149	18	0
149	19	1
149	20	0
149	21	1
149	22	1
149	23	0
149	24	1
149	25	0
149	26	1
149	27	0
149	28	0
149	29	1
149	30	0
149	31	1
149	32	1
149	33	0
149	34	1
149	35	1
149	36	0
149	37	1
149	38	0
149	39	0
149	40	1
150	1	0
150	2	1
150	3	1
150	4	0
150	5	0
150	6	0
150	7	1
150	8	1
150	9	0
150	10	1
150	11	0
150	12	0
150	13	1
150	14	1
150	15	0
150	16	1
150	17	0
150	18	1
150	19	0
150	20	0
150	21	1
150	22	1
150	23	0
150	24	1
150	25	0
150	26	1
150	27	1
150	28	1
150	29	1
150	30	0
150	31	1
150	32	0
150	33	1
150	34	0
150	35	1
150	36	0
150	37	1
150	38	0
150	39	1
150	40	0
151	1	1
151	2	1
151	3	1
151	4	1
151	5	1
151	6	1
151	7	1
151	8	1
151	9	1
151	10	0
151	11	1
151	12	1
151	13	0
151	14	0
151	15	1
151	16	0
151	17	1
151	18	0
151	19	1
151	20	1
151	21	0
151	22	0
151	23	1
151	24	0
151	25	1
151	26	1
151	27	0
151	28	0
151	29	0
151	30	1
151	31	0
151	32	1
151	33	1
151	34	0
151	35	0
151	36	1
151	37	0
151	38	1
151	39	1
151	40	0
152	1	0
152	2	1
152	3	0
152	4	0
152	5	0
152	6	0
152	7	1
152	8	1
152	9	1
152	10	1
152	11	1
152	12	1
152	13	0
152	14	0
152	15	0
152	16	1
152	17	0
152	18	0
152	19	0
152	20	0
152	21	1
152	22	1
152	23	0
152	24	1
152	25	0
152	26	1
152	27	0
152	28	1
152	29	1
152	30	1
152	31	1
152	32	0
152	33	0
152	34	1
152	35	1
152	36	0
152	37	1
152	38	0
152	39	1
152	40	0
153	1	1
153	2	0
153	3	0
153	4	0
153	5	0
153	6	0
153	7	1
153	8	0
153	9	1
153	10	1
153	11	1
153	12	1
153	13	0
153	14	0
153	15	0
153	16	0
153	17	0
153	18	0
153	19	1
153	20	0
153	21	1
153	22	1
153	23	1
153	24	0
153	25	0
153	26	1
153	27	0
153	28	1
153	29	1
153	30	1
153	31	1
153	32	1
153	33	0
153	34	0
153	35	0
153	36	0
153	37	1
153	38	0
153	39	1
153	40	0
154	1	1
154	2	1
154	3	1
154	4	1
154	5	1
154	6	1
154	7	1
154	8	1
154	9	1
154	10	0
154	11	1
154	12	1
154	13	1
154	14	1
154	15	1
154	16	1
154	17	1
154	18	1
154	19	1
154	20	1
154	21	0
154	22	0
154	23	1
154	24	1
154	25	1
154	26	1
154	27	1
154	28	1
154	29	0
154	30	1
154	31	0
154	32	1
154	33	1
154	34	1
154	35	1
154	36	1
154	37	0
154	38	1
154	39	1
154	40	1
155	1	1
155	2	1
155	3	1
155	4	0
155	5	0
155	6	0
155	7	1
155	8	1
155	9	1
155	10	1
155	11	1
155	12	1
155	13	1
155	14	1
155	15	0
155	16	1
155	17	0
155	18	1
155	19	1
155	20	0
155	21	1
155	22	1
155	23	1
155	24	1
155	25	0
155	26	1
155	27	1
155	28	1
155	29	1
155	30	1
155	31	1
155	32	1
155	33	1
155	34	1
155	35	1
155	36	0
155	37	1
155	38	0
155	39	1
155	40	1
156	1	1
156	2	1
156	3	1
156	4	0
156	5	0
156	6	0
156	7	1
156	8	1
156	9	1
156	10	1
156	11	1
156	12	1
156	13	1
156	14	1
156	15	0
156	16	1
156	17	0
156	18	1
156	19	1
156	20	0
156	21	1
156	22	1
156	23	1
156	24	1
156	25	0
156	26	1
156	27	1
156	28	1
156	29	1
156	30	1
156	31	1
156	32	1
156	33	1
156	34	1
156	35	1
156	36	0
156	37	1
156	38	0
156	39	1
156	40	1
157	1	1
157	2	1
157	3	1
157	4	1
157	5	1
157	6	1
157	7	1
157	8	1
157	9	0
157	10	1
157	11	0
157	12	0
157	13	1
157	14	1
157	15	1
157	16	1
157	17	1
157	18	1
157	19	1
157	20	1
157	21	1
157	22	1
157	23	1
157	24	1
157	25	1
157	26	1
157	27	1
157	28	1
157	29	1
157	30	0
157	31	1
157	32	1
157	33	1
157	34	0
157	35	1
157	36	1
157	37	1
157	38	1
157	39	1
157	40	1
158	1	0
158	2	1
158	3	0
158	4	1
158	5	0
158	6	1
158	7	1
158	8	1
158	9	0
158	10	0
158	11	0
158	12	1
158	13	0
158	14	1
158	15	0
158	16	1
158	17	0
158	18	1
158	19	1
158	20	1
158	21	0
158	22	0
158	23	0
158	24	1
158	25	1
158	26	1
158	27	1
158	28	0
158	29	0
158	30	0
158	31	0
158	32	1
158	33	1
158	34	1
158	35	1
158	36	1
158	37	0
158	38	1
158	39	0
158	40	1
159	1	1
159	2	1
159	3	1
159	4	0
159	5	0
159	6	0
159	7	1
159	8	1
159	9	1
159	10	1
159	11	1
159	12	1
159	13	1
159	14	1
159	15	0
159	16	1
159	17	0
159	18	1
159	19	1
159	20	0
159	21	1
159	22	1
159	23	1
159	24	1
159	25	0
159	26	1
159	27	1
159	28	1
159	29	1
159	30	1
159	31	1
159	32	1
159	33	1
159	34	1
159	35	1
159	36	0
159	37	1
159	38	0
159	39	1
159	40	1
160	1	0
160	2	1
160	3	1
160	4	0
160	5	0
160	6	0
160	7	1
160	8	1
160	9	0
160	10	1
160	11	0
160	12	0
160	13	1
160	14	1
160	15	0
160	16	1
160	17	0
160	18	1
160	19	0
160	20	0
160	21	1
160	22	1
160	23	0
160	24	1
160	25	0
160	26	1
160	27	1
160	28	1
160	29	1
160	30	0
160	31	1
160	32	0
160	33	1
160	34	0
160	35	1
160	36	0
160	37	1
160	38	0
160	39	1
160	40	0
161	1	1
161	2	1
161	3	1
161	4	1
161	5	1
161	6	1
161	7	1
161	8	1
161	9	0
161	10	1
161	11	0
161	12	0
161	13	1
161	14	1
161	15	1
161	16	1
161	17	1
161	18	1
161	19	1
161	20	1
161	21	1
161	22	1
161	23	1
161	24	1
161	25	1
161	26	1
161	27	1
161	28	1
161	29	1
161	30	0
161	31	1
161	32	1
161	33	1
161	34	0
161	35	1
161	36	1
161	37	1
161	38	1
161	39	1
161	40	1
162	1	1
162	2	1
162	3	1
162	4	1
162	5	1
162	6	1
162	7	1
162	8	1
162	9	1
162	10	0
162	11	1
162	12	1
162	13	1
162	14	1
162	15	1
162	16	1
162	17	1
162	18	1
162	19	1
162	20	1
162	21	0
162	22	0
162	23	1
162	24	1
162	25	1
162	26	1
162	27	1
162	28	1
162	29	0
162	30	1
162	31	0
162	32	1
162	33	1
162	34	1
162	35	1
162	36	1
162	37	0
162	38	1
162	39	1
162	40	1
163	1	1
163	2	0
163	3	1
163	4	0
163	5	0
163	6	0
163	7	0
163	8	0
163	9	0
163	10	1
163	11	0
163	12	0
163	13	1
163	14	1
163	15	0
163	16	0
163	17	0
163	18	1
163	19	1
163	20	0
163	21	1
163	22	1
163	23	1
163	24	0
163	25	0
163	26	0
163	27	1
163	28	0
163	29	1
163	30	0
163	31	1
163	32	1
163	33	1
163	34	0
163	35	0
163	36	0
163	37	1
163	38	0
163	39	0
163	40	1
164	1	1
164	2	0
164	3	1
164	4	0
164	5	0
164	6	0
164	7	0
164	8	0
164	9	0
164	10	1
164	11	0
164	12	0
164	13	1
164	14	1
164	15	0
164	16	0
164	17	0
164	18	1
164	19	1
164	20	0
164	21	1
164	22	1
164	23	1
164	24	0
164	25	0
164	26	0
164	27	1
164	28	0
164	29	1
164	30	0
164	31	1
164	32	1
164	33	1
164	34	0
164	35	0
164	36	0
164	37	1
164	38	0
164	39	0
164	40	1
165	1	1
165	2	0
165	3	1
165	4	1
165	5	0
165	6	0
165	7	1
165	8	1
165	9	0
165	10	1
165	11	0
165	12	0
165	13	1
165	14	0
165	15	0
165	16	1
165	17	1
165	18	1
165	19	1
165	20	1
165	21	1
165	22	1
165	23	0
165	24	0
165	25	1
165	26	1
165	27	1
165	28	0
165	29	0
165	30	0
165	31	0
165	32	1
165	33	1
165	34	0
165	35	1
165	36	1
165	37	1
165	38	1
165	39	0
165	40	0
166	1	1
166	2	1
166	3	1
166	4	1
166	5	1
166	6	1
166	7	1
166	8	1
166	9	0
166	10	1
166	11	0
166	12	0
166	13	1
166	14	1
166	15	1
166	16	1
166	17	1
166	18	1
166	19	1
166	20	1
166	21	1
166	22	1
166	23	1
166	24	1
166	25	1
166	26	1
166	27	1
166	28	1
166	29	1
166	30	0
166	31	1
166	32	1
166	33	1
166	34	0
166	35	1
166	36	1
166	37	1
166	38	1
166	39	1
166	40	1
167	1	1
167	2	0
167	3	1
167	4	1
167	5	1
167	6	1
167	7	1
167	8	0
167	9	0
167	10	1
167	11	0
167	12	0
167	13	0
167	14	0
167	15	0
167	16	0
167	17	1
167	18	0
167	19	1
167	20	0
167	21	1
167	22	1
167	23	1
167	24	0
167	25	1
167	26	1
167	27	0
167	28	0
167	29	1
167	30	0
167	31	0
167	32	1
167	33	1
167	34	0
167	35	0
167	36	1
167	37	0
167	38	1
167	39	1
167	40	0
168	1	1
168	2	0
168	3	1
168	4	0
168	5	0
168	6	0
168	7	0
168	8	0
168	9	0
168	10	1
168	11	0
168	12	0
168	13	1
168	14	0
168	15	0
168	16	0
168	17	0
168	18	1
168	19	1
168	20	0
168	21	1
168	22	1
168	23	0
168	24	0
168	25	0
168	26	0
168	27	1
168	28	0
168	29	0
168	30	0
168	31	0
168	32	1
168	33	1
168	34	0
168	35	0
168	36	0
168	37	1
168	38	0
168	39	0
168	40	0
169	1	1
169	2	1
169	3	0
169	4	0
169	5	0
169	6	0
169	7	1
169	8	1
169	9	1
169	10	1
169	11	1
169	12	1
169	13	0
169	14	0
169	15	0
169	16	1
169	17	0
169	18	0
169	19	1
169	20	0
169	21	1
169	22	1
169	23	1
169	24	1
169	25	0
169	26	1
169	27	0
169	28	1
169	29	1
169	30	1
169	31	1
169	32	1
169	33	0
169	34	1
169	35	1
169	36	0
169	37	1
169	38	0
169	39	1
169	40	1
170	1	1
170	2	1
170	3	1
170	4	0
170	5	0
170	6	0
170	7	1
170	8	1
170	9	1
170	10	1
170	11	1
170	12	1
170	13	1
170	14	1
170	15	0
170	16	1
170	17	0
170	18	1
170	19	1
170	20	0
170	21	1
170	22	1
170	23	1
170	24	1
170	25	0
170	26	1
170	27	1
170	28	1
170	29	1
170	30	1
170	31	1
170	32	1
170	33	1
170	34	1
170	35	1
170	36	0
170	37	1
170	38	0
170	39	1
170	40	1
171	1	1
171	2	1
171	3	1
171	4	0
171	5	0
171	6	0
171	7	1
171	8	1
171	9	1
171	10	1
171	11	1
171	12	1
171	13	1
171	14	1
171	15	0
171	16	1
171	17	0
171	18	1
171	19	1
171	20	0
171	21	1
171	22	1
171	23	1
171	24	1
171	25	0
171	26	1
171	27	1
171	28	1
171	29	1
171	30	1
171	31	1
171	32	1
171	33	1
171	34	1
171	35	1
171	36	0
171	37	1
171	38	0
171	39	1
171	40	1
172	1	0
172	2	1
172	3	1
172	4	0
172	5	0
172	6	0
172	7	1
172	8	1
172	9	0
172	10	1
172	11	0
172	12	0
172	13	1
172	14	1
172	15	0
172	16	1
172	17	0
172	18	1
172	19	0
172	20	0
172	21	1
172	22	1
172	23	0
172	24	1
172	25	0
172	26	1
172	27	1
172	28	1
172	29	1
172	30	0
172	31	1
172	32	0
172	33	1
172	34	0
172	35	1
172	36	0
172	37	1
172	38	0
172	39	1
172	40	0
173	1	1
173	2	1
173	3	1
173	4	1
173	5	1
173	6	1
173	7	1
173	8	1
173	9	0
173	10	1
173	11	0
173	12	0
173	13	1
173	14	1
173	15	1
173	16	1
173	17	1
173	18	1
173	19	1
173	20	1
173	21	1
173	22	1
173	23	1
173	24	1
173	25	1
173	26	1
173	27	1
173	28	1
173	29	1
173	30	0
173	31	1
173	32	1
173	33	1
173	34	0
173	35	1
173	36	1
173	37	1
173	38	1
173	39	1
173	40	1
174	1	1
174	2	1
174	3	1
174	4	1
174	5	1
174	6	1
174	7	1
174	8	1
174	9	0
174	10	1
174	11	0
174	12	0
174	13	1
174	14	1
174	15	1
174	16	1
174	17	1
174	18	1
174	19	1
174	20	1
174	21	1
174	22	1
174	23	1
174	24	1
174	25	1
174	26	1
174	27	1
174	28	1
174	29	1
174	30	0
174	31	1
174	32	1
174	33	1
174	34	0
174	35	1
174	36	1
174	37	1
174	38	1
174	39	1
174	40	1
175	1	0
175	2	1
175	3	1
175	4	0
175	5	0
175	6	0
175	7	0
175	8	1
175	9	1
175	10	0
175	11	1
175	12	1
175	13	0
175	14	0
175	15	0
175	16	0
175	17	0
175	18	0
175	19	0
175	20	0
175	21	1
175	22	1
175	23	0
175	24	0
175	25	0
175	26	1
175	27	0
175	28	0
175	29	1
175	30	1
175	31	0
175	32	1
175	33	0
175	34	0
175	35	0
175	36	0
175	37	0
175	38	0
175	39	1
175	40	0
176	1	1
176	2	1
176	3	1
176	4	0
176	5	0
176	6	0
176	7	1
176	8	1
176	9	1
176	10	1
176	11	1
176	12	1
176	13	1
176	14	1
176	15	0
176	16	1
176	17	0
176	18	1
176	19	1
176	20	0
176	21	1
176	22	1
176	23	1
176	24	1
176	25	0
176	26	1
176	27	1
176	28	1
176	29	1
176	30	1
176	31	1
176	32	1
176	33	1
176	34	1
176	35	1
176	36	0
176	37	1
176	38	0
176	39	1
176	40	1
177	1	1
177	2	1
177	3	1
177	4	1
177	5	1
177	6	1
177	7	1
177	8	1
177	9	0
177	10	1
177	11	0
177	12	0
177	13	1
177	14	1
177	15	1
177	16	1
177	17	1
177	18	1
177	19	1
177	20	1
177	21	1
177	22	1
177	23	1
177	24	1
177	25	1
177	26	1
177	27	1
177	28	1
177	29	1
177	30	0
177	31	1
177	32	1
177	33	1
177	34	0
177	35	1
177	36	1
177	37	1
177	38	1
177	39	1
177	40	1
178	1	1
178	2	1
178	3	1
178	4	1
178	5	1
178	6	1
178	7	1
178	8	1
178	9	1
178	10	0
178	11	1
178	12	1
178	13	1
178	14	1
178	15	1
178	16	1
178	17	1
178	18	1
178	19	1
178	20	1
178	21	0
178	22	0
178	23	1
178	24	1
178	25	1
178	26	1
178	27	1
178	28	1
178	29	0
178	30	1
178	31	0
178	32	1
178	33	1
178	34	1
178	35	1
178	36	1
178	37	0
178	38	1
178	39	1
178	40	1
179	1	1
179	2	0
179	3	1
179	4	0
179	5	0
179	6	0
179	7	0
179	8	0
179	9	0
179	10	1
179	11	0
179	12	0
179	13	1
179	14	1
179	15	0
179	16	0
179	17	0
179	18	1
179	19	1
179	20	0
179	21	1
179	22	1
179	23	1
179	24	0
179	25	0
179	26	0
179	27	1
179	28	0
179	29	1
179	30	0
179	31	1
179	32	1
179	33	1
179	34	0
179	35	0
179	36	0
179	37	1
179	38	0
179	39	0
179	40	1
180	1	1
180	2	1
180	3	1
180	4	1
180	5	1
180	6	1
180	7	1
180	8	1
180	9	0
180	10	1
180	11	0
180	12	0
180	13	1
180	14	1
180	15	1
180	16	1
180	17	1
180	18	1
180	19	1
180	20	1
180	21	1
180	22	1
180	23	1
180	24	1
180	25	1
180	26	1
180	27	1
180	28	1
180	29	1
180	30	0
180	31	1
180	32	1
180	33	1
180	34	0
180	35	1
180	36	1
180	37	1
180	38	1
180	39	1
180	40	1
181	1	1
181	2	1
181	3	1
181	4	0
181	5	0
181	6	0
181	7	1
181	8	1
181	9	1
181	10	1
181	11	1
181	12	1
181	13	1
181	14	1
181	15	0
181	16	1
181	17	0
181	18	1
181	19	1
181	20	0
181	21	1
181	22	1
181	23	1
181	24	1
181	25	0
181	26	1
181	27	1
181	28	1
181	29	1
181	30	1
181	31	1
181	32	1
181	33	1
181	34	1
181	35	1
181	36	0
181	37	1
181	38	0
181	39	1
181	40	1
182	1	0
182	2	0
182	3	0
182	4	0
182	5	0
182	6	0
182	7	1
182	8	0
182	9	1
182	10	1
182	11	1
182	12	1
182	13	0
182	14	0
182	15	0
182	16	0
182	17	0
182	18	0
182	19	0
182	20	0
182	21	1
182	22	1
182	23	0
182	24	0
182	25	0
182	26	1
182	27	0
182	28	1
182	29	1
182	30	1
182	31	1
182	32	0
182	33	0
182	34	0
182	35	0
182	36	0
182	37	1
182	38	0
182	39	1
182	40	0
183	1	0
183	2	1
183	3	1
183	4	0
183	5	0
183	6	0
183	7	1
183	8	1
183	9	0
183	10	1
183	11	0
183	12	0
183	13	1
183	14	1
183	15	0
183	16	1
183	17	0
183	18	1
183	19	0
183	20	0
183	21	1
183	22	1
183	23	0
183	24	1
183	25	0
183	26	1
183	27	1
183	28	1
183	29	1
183	30	0
183	31	1
183	32	0
183	33	1
183	34	0
183	35	1
183	36	0
183	37	1
183	38	0
183	39	1
183	40	0
184	1	1
184	2	0
184	3	1
184	4	1
184	5	0
184	6	0
184	7	1
184	8	1
184	9	0
184	10	1
184	11	0
184	12	0
184	13	1
184	14	0
184	15	0
184	16	1
184	17	1
184	18	1
184	19	1
184	20	1
184	21	1
184	22	1
184	23	0
184	24	0
184	25	1
184	26	1
184	27	1
184	28	0
184	29	0
184	30	0
184	31	0
184	32	1
184	33	1
184	34	0
184	35	1
184	36	1
184	37	1
184	38	1
184	39	0
184	40	0
185	1	1
185	2	0
185	3	1
185	4	0
185	5	0
185	6	0
185	7	0
185	8	0
185	9	0
185	10	1
185	11	0
185	12	0
185	13	1
185	14	1
185	15	0
185	16	0
185	17	0
185	18	1
185	19	1
185	20	0
185	21	1
185	22	1
185	23	1
185	24	0
185	25	0
185	26	0
185	27	1
185	28	0
185	29	1
185	30	0
185	31	1
185	32	1
185	33	1
185	34	0
185	35	0
185	36	0
185	37	1
185	38	0
185	39	0
185	40	1
186	1	0
186	2	1
186	3	0
186	4	1
186	5	0
186	6	1
186	7	1
186	8	1
186	9	0
186	10	0
186	11	0
186	12	1
186	13	0
186	14	1
186	15	0
186	16	1
186	17	0
186	18	1
186	19	1
186	20	1
186	21	0
186	22	0
186	23	0
186	24	1
186	25	1
186	26	1
186	27	1
186	28	0
186	29	0
186	30	0
186	31	0
186	32	1
186	33	1
186	34	1
186	35	1
186	36	1
186	37	0
186	38	1
186	39	0
186	40	1
187	1	1
187	2	0
187	3	1
187	4	1
187	5	0
187	6	0
187	7	1
187	8	1
187	9	0
187	10	1
187	11	0
187	12	0
187	13	1
187	14	0
187	15	0
187	16	1
187	17	1
187	18	1
187	19	1
187	20	1
187	21	1
187	22	1
187	23	0
187	24	0
187	25	1
187	26	1
187	27	1
187	28	0
187	29	0
187	30	0
187	31	0
187	32	1
187	33	1
187	34	0
187	35	1
187	36	1
187	37	1
187	38	1
187	39	0
187	40	0
188	1	0
188	2	1
188	3	1
188	4	0
188	5	0
188	6	0
188	7	0
188	8	1
188	9	0
188	10	0
188	11	0
188	12	0
188	13	0
188	14	0
188	15	0
188	16	1
188	17	0
188	18	0
188	19	0
188	20	0
188	21	1
188	22	1
188	23	0
188	24	1
188	25	0
188	26	1
188	27	1
188	28	1
188	29	1
188	30	0
188	31	1
188	32	0
188	33	0
188	34	0
188	35	1
188	36	0
188	37	1
188	38	0
188	39	1
188	40	0
189	1	1
189	2	1
189	3	1
189	4	0
189	5	0
189	6	0
189	7	1
189	8	1
189	9	1
189	10	1
189	11	1
189	12	1
189	13	1
189	14	1
189	15	0
189	16	1
189	17	0
189	18	1
189	19	1
189	20	0
189	21	1
189	22	1
189	23	1
189	24	1
189	25	0
189	26	1
189	27	1
189	28	1
189	29	1
189	30	1
189	31	1
189	32	1
189	33	1
189	34	1
189	35	1
189	36	0
189	37	1
189	38	0
189	39	1
189	40	1
190	1	1
190	2	1
190	3	1
190	4	1
190	5	1
190	6	1
190	7	1
190	8	1
190	9	0
190	10	1
190	11	0
190	12	0
190	13	1
190	14	1
190	15	1
190	16	1
190	17	1
190	18	1
190	19	1
190	20	1
190	21	1
190	22	1
190	23	1
190	24	1
190	25	1
190	26	1
190	27	1
190	28	1
190	29	1
190	30	0
190	31	1
190	32	1
190	33	1
190	34	0
190	35	1
190	36	1
190	37	1
190	38	1
190	39	1
190	40	1
191	1	0
191	2	0
191	3	0
191	4	0
191	5	0
191	6	0
191	7	0
191	8	0
191	9	0
191	10	1
191	11	0
191	12	0
191	13	0
191	14	0
191	15	0
191	16	0
191	17	0
191	18	1
191	19	1
191	20	0
191	21	1
191	22	1
191	23	0
191	24	0
191	25	0
191	26	0
191	27	1
191	28	0
191	29	0
191	30	0
191	31	0
191	32	1
191	33	1
191	34	0
191	35	0
191	36	0
191	37	1
191	38	0
191	39	0
191	40	0
192	1	0
192	2	1
192	3	0
192	4	0
192	5	0
192	6	0
192	7	1
192	8	1
192	9	1
192	10	1
192	11	1
192	12	1
192	13	0
192	14	0
192	15	0
192	16	1
192	17	0
192	18	0
192	19	0
192	20	0
192	21	1
192	22	1
192	23	0
192	24	1
192	25	0
192	26	1
192	27	0
192	28	1
192	29	1
192	30	1
192	31	1
192	32	0
192	33	0
192	34	1
192	35	1
192	36	0
192	37	1
192	38	0
192	39	1
192	40	0
193	1	1
193	2	0
193	3	1
193	4	0
193	5	0
193	6	0
193	7	0
193	8	0
193	9	0
193	10	1
193	11	0
193	12	0
193	13	1
193	14	1
193	15	0
193	16	0
193	17	0
193	18	1
193	19	1
193	20	0
193	21	1
193	22	1
193	23	1
193	24	0
193	25	0
193	26	0
193	27	1
193	28	0
193	29	1
193	30	0
193	31	1
193	32	1
193	33	1
193	34	0
193	35	0
193	36	0
193	37	1
193	38	0
193	39	0
193	40	1
194	1	1
194	2	0
194	3	1
194	4	0
194	5	0
194	6	0
194	7	0
194	8	0
194	9	0
194	10	1
194	11	0
194	12	0
194	13	1
194	14	1
194	15	0
194	16	0
194	17	0
194	18	1
194	19	1
194	20	0
194	21	1
194	22	1
194	23	1
194	24	0
194	25	0
194	26	0
194	27	1
194	28	0
194	29	1
194	30	0
194	31	1
194	32	1
194	33	1
194	34	0
194	35	0
194	36	0
194	37	1
194	38	0
194	39	0
194	40	1
195	1	1
195	2	1
195	3	1
195	4	1
195	5	1
195	6	1
195	7	1
195	8	1
195	9	1
195	10	0
195	11	1
195	12	1
195	13	1
195	14	1
195	15	1
195	16	1
195	17	1
195	18	1
195	19	1
195	20	1
195	21	0
195	22	0
195	23	1
195	24	1
195	25	1
195	26	1
195	27	1
195	28	1
195	29	0
195	30	1
195	31	0
195	32	1
195	33	1
195	34	1
195	35	1
195	36	1
195	37	0
195	38	1
195	39	1
195	40	1
196	1	1
196	2	1
196	3	1
196	4	0
196	5	0
196	6	0
196	7	1
196	8	1
196	9	1
196	10	1
196	11	1
196	12	1
196	13	1
196	14	1
196	15	0
196	16	1
196	17	0
196	18	1
196	19	1
196	20	0
196	21	1
196	22	1
196	23	1
196	24	1
196	25	0
196	26	1
196	27	1
196	28	1
196	29	1
196	30	1
196	31	1
196	32	1
196	33	1
196	34	1
196	35	1
196	36	0
196	37	1
196	38	0
196	39	1
196	40	1
197	1	1
197	2	1
197	3	1
197	4	0
197	5	0
197	6	0
197	7	1
197	8	1
197	9	1
197	10	1
197	11	1
197	12	1
197	13	1
197	14	1
197	15	0
197	16	1
197	17	0
197	18	1
197	19	1
197	20	0
197	21	1
197	22	1
197	23	1
197	24	1
197	25	0
197	26	1
197	27	1
197	28	1
197	29	1
197	30	1
197	31	1
197	32	1
197	33	1
197	34	1
197	35	1
197	36	0
197	37	1
197	38	0
197	39	1
197	40	1
198	1	1
198	2	0
198	3	1
198	4	0
198	5	0
198	6	0
198	7	0
198	8	0
198	9	0
198	10	1
198	11	0
198	12	0
198	13	0
198	14	0
198	15	0
198	16	0
198	17	0
198	18	0
198	19	1
198	20	0
198	21	1
198	22	1
198	23	1
198	24	0
198	25	0
198	26	0
198	27	0
198	28	0
198	29	1
198	30	0
198	31	0
198	32	1
198	33	1
198	34	0
198	35	0
198	36	0
198	37	0
198	38	0
198	39	0
198	40	0
199	1	1
199	2	0
199	3	1
199	4	0
199	5	0
199	6	0
199	7	0
199	8	0
199	9	0
199	10	1
199	11	0
199	12	0
199	13	1
199	14	1
199	15	0
199	16	0
199	17	0
199	18	1
199	19	1
199	20	0
199	21	1
199	22	1
199	23	1
199	24	0
199	25	0
199	26	0
199	27	1
199	28	0
199	29	1
199	30	0
199	31	1
199	32	1
199	33	1
199	34	0
199	35	0
199	36	0
199	37	1
199	38	0
199	39	0
199	40	1
200	1	1
200	2	1
200	3	1
200	4	1
200	5	1
200	6	1
200	7	1
200	8	1
200	9	1
200	10	0
200	11	1
200	12	1
200	13	1
200	14	1
200	15	1
200	16	1
200	17	1
200	18	1
200	19	1
200	20	1
200	21	0
200	22	0
200	23	1
200	24	1
200	25	1
200	26	1
200	27	1
200	28	1
200	29	0
200	30	1
200	31	0
200	32	1
200	33	1
200	34	1
200	35	1
200	36	1
200	37	0
200	38	1
200	39	1
200	40	1
201	1	1
201	2	1
201	3	1
201	4	1
201	5	1
201	6	1
201	7	1
201	8	1
201	9	0
201	10	1
201	11	0
201	12	0
201	13	1
201	14	1
201	15	1
201	16	1
201	17	1
201	18	1
201	19	1
201	20	1
201	21	1
201	22	1
201	23	1
201	24	1
201	25	1
201	26	1
201	27	1
201	28	1
201	29	1
201	30	0
201	31	1
201	32	1
201	33	1
201	34	0
201	35	1
201	36	1
201	37	1
201	38	1
201	39	1
201	40	1
202	1	0
202	2	0
202	3	1
202	4	0
202	5	0
202	6	0
202	7	0
202	8	0
202	9	1
202	10	0
202	11	1
202	12	1
202	13	0
202	14	0
202	15	0
202	16	0
202	17	0
202	18	0
202	19	0
202	20	0
202	21	1
202	22	1
202	23	0
202	24	0
202	25	0
202	26	1
202	27	1
202	28	1
202	29	1
202	30	1
202	31	1
202	32	1
202	33	0
202	34	0
202	35	0
202	36	0
202	37	1
202	38	0
202	39	1
202	40	0
203	1	1
203	2	1
203	3	1
203	4	1
203	5	1
203	6	1
203	7	1
203	8	1
203	9	0
203	10	1
203	11	0
203	12	0
203	13	1
203	14	1
203	15	1
203	16	1
203	17	1
203	18	1
203	19	1
203	20	1
203	21	1
203	22	1
203	23	1
203	24	1
203	25	1
203	26	1
203	27	1
203	28	1
203	29	1
203	30	0
203	31	1
203	32	1
203	33	1
203	34	0
203	35	1
203	36	1
203	37	1
203	38	1
203	39	1
203	40	1
204	1	1
204	2	1
204	3	1
204	4	1
204	5	1
204	6	1
204	7	1
204	8	1
204	9	0
204	10	1
204	11	0
204	12	0
204	13	1
204	14	1
204	15	1
204	16	1
204	17	1
204	18	1
204	19	1
204	20	1
204	21	1
204	22	1
204	23	1
204	24	1
204	25	1
204	26	1
204	27	1
204	28	1
204	29	1
204	30	0
204	31	1
204	32	1
204	33	1
204	34	0
204	35	1
204	36	1
204	37	1
204	38	1
204	39	1
204	40	1
205	1	1
205	2	0
205	3	1
205	4	0
205	5	0
205	6	0
205	7	0
205	8	0
205	9	0
205	10	1
205	11	0
205	12	0
205	13	1
205	14	1
205	15	0
205	16	0
205	17	0
205	18	1
205	19	1
205	20	0
205	21	1
205	22	1
205	23	1
205	24	0
205	25	0
205	26	0
205	27	1
205	28	0
205	29	1
205	30	0
205	31	1
205	32	1
205	33	1
205	34	0
205	35	0
205	36	0
205	37	1
205	38	0
205	39	0
205	40	1
206	1	1
206	2	1
206	3	1
206	4	1
206	5	1
206	6	1
206	7	1
206	8	1
206	9	0
206	10	1
206	11	0
206	12	0
206	13	1
206	14	1
206	15	1
206	16	1
206	17	1
206	18	1
206	19	1
206	20	1
206	21	1
206	22	1
206	23	1
206	24	1
206	25	1
206	26	1
206	27	1
206	28	1
206	29	1
206	30	0
206	31	1
206	32	1
206	33	1
206	34	0
206	35	1
206	36	1
206	37	1
206	38	1
206	39	1
206	40	1
207	1	1
207	2	1
207	3	0
207	4	0
207	5	0
207	6	0
207	7	1
207	8	1
207	9	1
207	10	1
207	11	1
207	12	1
207	13	0
207	14	0
207	15	0
207	16	1
207	17	0
207	18	0
207	19	1
207	20	0
207	21	1
207	22	1
207	23	1
207	24	1
207	25	0
207	26	1
207	27	0
207	28	1
207	29	1
207	30	1
207	31	1
207	32	1
207	33	0
207	34	1
207	35	1
207	36	0
207	37	1
207	38	0
207	39	1
207	40	1
208	1	1
208	2	1
208	3	1
208	4	1
208	5	1
208	6	1
208	7	1
208	8	1
208	9	1
208	10	0
208	11	1
208	12	1
208	13	1
208	14	1
208	15	1
208	16	1
208	17	1
208	18	1
208	19	1
208	20	1
208	21	0
208	22	0
208	23	1
208	24	1
208	25	1
208	26	1
208	27	1
208	28	1
208	29	0
208	30	1
208	31	0
208	32	1
208	33	1
208	34	1
208	35	1
208	36	1
208	37	0
208	38	1
208	39	1
208	40	1
209	1	1
209	2	1
209	3	1
209	4	0
209	5	0
209	6	0
209	7	1
209	8	1
209	9	1
209	10	1
209	11	1
209	12	1
209	13	1
209	14	1
209	15	0
209	16	1
209	17	0
209	18	1
209	19	1
209	20	0
209	21	1
209	22	1
209	23	1
209	24	1
209	25	0
209	26	1
209	27	1
209	28	1
209	29	1
209	30	1
209	31	1
209	32	1
209	33	1
209	34	1
209	35	1
209	36	0
209	37	1
209	38	0
209	39	1
209	40	1
210	1	1
210	2	1
210	3	1
210	4	0
210	5	0
210	6	0
210	7	1
210	8	1
210	9	1
210	10	1
210	11	1
210	12	1
210	13	1
210	14	1
210	15	0
210	16	1
210	17	0
210	18	1
210	19	1
210	20	0
210	21	1
210	22	1
210	23	1
210	24	1
210	25	0
210	26	1
210	27	1
210	28	1
210	29	1
210	30	1
210	31	1
210	32	1
210	33	1
210	34	1
210	35	1
210	36	0
210	37	1
210	38	0
210	39	1
210	40	1
211	1	1
211	2	1
211	3	1
211	4	1
211	5	1
211	6	1
211	7	1
211	8	1
211	9	0
211	10	1
211	11	0
211	12	0
211	13	1
211	14	1
211	15	1
211	16	1
211	17	1
211	18	1
211	19	1
211	20	1
211	21	1
211	22	1
211	23	1
211	24	1
211	25	1
211	26	1
211	27	1
211	28	1
211	29	1
211	30	0
211	31	1
211	32	1
211	33	1
211	34	0
211	35	1
211	36	1
211	37	1
211	38	1
211	39	1
211	40	1
212	1	1
212	2	1
212	3	1
212	4	0
212	5	0
212	6	0
212	7	1
212	8	1
212	9	1
212	10	1
212	11	1
212	12	1
212	13	1
212	14	1
212	15	0
212	16	1
212	17	0
212	18	1
212	19	1
212	20	0
212	21	1
212	22	1
212	23	1
212	24	1
212	25	0
212	26	1
212	27	1
212	28	1
212	29	1
212	30	1
212	31	1
212	32	1
212	33	1
212	34	1
212	35	1
212	36	0
212	37	1
212	38	0
212	39	1
212	40	1
213	1	1
213	2	0
213	3	1
213	4	0
213	5	0
213	6	0
213	7	0
213	8	0
213	9	0
213	10	1
213	11	0
213	12	0
213	13	1
213	14	1
213	15	0
213	16	0
213	17	0
213	18	1
213	19	1
213	20	0
213	21	1
213	22	1
213	23	1
213	24	0
213	25	0
213	26	0
213	27	1
213	28	0
213	29	1
213	30	0
213	31	1
213	32	1
213	33	1
213	34	0
213	35	0
213	36	0
213	37	1
213	38	0
213	39	0
213	40	1
214	1	0
214	2	1
214	3	1
214	4	0
214	5	0
214	6	0
214	7	1
214	8	1
214	9	0
214	10	1
214	11	0
214	12	0
214	13	1
214	14	1
214	15	0
214	16	1
214	17	0
214	18	1
214	19	0
214	20	0
214	21	1
214	22	1
214	23	0
214	24	1
214	25	0
214	26	1
214	27	1
214	28	1
214	29	1
214	30	0
214	31	1
214	32	0
214	33	1
214	34	0
214	35	1
214	36	0
214	37	1
214	38	0
214	39	1
214	40	0
215	1	1
215	2	0
215	3	1
215	4	1
215	5	1
215	6	1
215	7	1
215	8	0
215	9	0
215	10	1
215	11	0
215	12	0
215	13	1
215	14	1
215	15	0
215	16	0
215	17	1
215	18	1
215	19	1
215	20	0
215	21	1
215	22	1
215	23	1
215	24	0
215	25	1
215	26	1
215	27	1
215	28	1
215	29	1
215	30	0
215	31	1
215	32	1
215	33	1
215	34	0
215	35	0
215	36	1
215	37	1
215	38	1
215	39	1
215	40	0
216	1	0
216	2	1
216	3	0
216	4	1
216	5	0
216	6	1
216	7	1
216	8	1
216	9	0
216	10	0
216	11	0
216	12	1
216	13	0
216	14	1
216	15	0
216	16	1
216	17	0
216	18	1
216	19	1
216	20	1
216	21	0
216	22	0
216	23	0
216	24	1
216	25	1
216	26	1
216	27	1
216	28	0
216	29	0
216	30	0
216	31	0
216	32	1
216	33	1
216	34	1
216	35	1
216	36	1
216	37	0
216	38	1
216	39	0
216	40	1
217	1	1
217	2	0
217	3	1
217	4	0
217	5	0
217	6	0
217	7	1
217	8	1
217	9	0
217	10	1
217	11	1
217	12	1
217	13	1
217	14	0
217	15	0
217	16	1
217	17	0
217	18	1
217	19	1
217	20	0
217	21	1
217	22	1
217	23	0
217	24	0
217	25	0
217	26	1
217	27	1
217	28	0
217	29	0
217	30	1
217	31	0
217	32	1
217	33	1
217	34	1
217	35	1
217	36	0
217	37	1
217	38	0
217	39	0
217	40	0
218	1	0
218	2	1
218	3	0
218	4	0
218	5	0
218	6	0
218	7	1
218	8	1
218	9	1
218	10	1
218	11	1
218	12	1
218	13	0
218	14	0
218	15	0
218	16	1
218	17	0
218	18	0
218	19	0
218	20	0
218	21	1
218	22	1
218	23	0
218	24	1
218	25	0
218	26	1
218	27	0
218	28	1
218	29	1
218	30	1
218	31	1
218	32	0
218	33	0
218	34	1
218	35	1
218	36	0
218	37	1
218	38	0
218	39	1
218	40	0
219	1	1
219	2	1
219	3	1
219	4	1
219	5	1
219	6	1
219	7	1
219	8	1
219	9	1
219	10	0
219	11	1
219	12	1
219	13	1
219	14	1
219	15	1
219	16	1
219	17	1
219	18	1
219	19	1
219	20	1
219	21	0
219	22	0
219	23	1
219	24	1
219	25	1
219	26	1
219	27	1
219	28	1
219	29	0
219	30	1
219	31	0
219	32	1
219	33	1
219	34	1
219	35	1
219	36	1
219	37	0
219	38	1
219	39	1
219	40	1
220	1	0
220	2	1
220	3	0
220	4	0
220	5	0
220	6	0
220	7	1
220	8	1
220	9	0
220	10	1
220	11	0
220	12	1
220	13	0
220	14	1
220	15	0
220	16	1
220	17	0
220	18	1
220	19	1
220	20	0
220	21	1
220	22	1
220	23	0
220	24	1
220	25	0
220	26	1
220	27	1
220	28	0
220	29	1
220	30	0
220	31	1
220	32	1
220	33	1
220	34	1
220	35	1
220	36	0
220	37	1
220	38	0
220	39	0
220	40	1
221	1	1
221	2	1
221	3	1
221	4	1
221	5	1
221	6	1
221	7	1
221	8	1
221	9	0
221	10	1
221	11	0
221	12	0
221	13	1
221	14	1
221	15	1
221	16	1
221	17	1
221	18	1
221	19	1
221	20	1
221	21	1
221	22	1
221	23	1
221	24	1
221	25	1
221	26	1
221	27	1
221	28	1
221	29	1
221	30	0
221	31	1
221	32	1
221	33	1
221	34	0
221	35	1
221	36	1
221	37	1
221	38	1
221	39	1
221	40	1
222	1	1
222	2	1
222	3	1
222	4	0
222	5	0
222	6	0
222	7	1
222	8	1
222	9	1
222	10	1
222	11	1
222	12	1
222	13	1
222	14	1
222	15	0
222	16	1
222	17	0
222	18	1
222	19	1
222	20	0
222	21	1
222	22	1
222	23	1
222	24	1
222	25	0
222	26	1
222	27	1
222	28	1
222	29	1
222	30	1
222	31	1
222	32	1
222	33	1
222	34	1
222	35	1
222	36	0
222	37	1
222	38	0
222	39	1
222	40	1
223	1	1
223	2	1
223	3	1
223	4	1
223	5	1
223	6	1
223	7	1
223	8	1
223	9	0
223	10	1
223	11	0
223	12	0
223	13	1
223	14	1
223	15	1
223	16	1
223	17	1
223	18	1
223	19	1
223	20	1
223	21	1
223	22	1
223	23	1
223	24	1
223	25	1
223	26	1
223	27	1
223	28	1
223	29	1
223	30	0
223	31	1
223	32	1
223	33	1
223	34	0
223	35	1
223	36	1
223	37	1
223	38	1
223	39	1
223	40	1
224	1	1
224	2	1
224	3	1
224	4	1
224	5	1
224	6	1
224	7	1
224	8	1
224	9	0
224	10	1
224	11	0
224	12	0
224	13	1
224	14	1
224	15	1
224	16	1
224	17	1
224	18	1
224	19	1
224	20	1
224	21	1
224	22	1
224	23	1
224	24	1
224	25	1
224	26	1
224	27	1
224	28	1
224	29	1
224	30	0
224	31	1
224	32	1
224	33	1
224	34	0
224	35	1
224	36	1
224	37	1
224	38	1
224	39	1
224	40	1
225	1	1
225	2	1
225	3	1
225	4	1
225	5	1
225	6	1
225	7	1
225	8	1
225	9	1
225	10	0
225	11	1
225	12	1
225	13	1
225	14	1
225	15	1
225	16	1
225	17	1
225	18	1
225	19	1
225	20	1
225	21	0
225	22	0
225	23	1
225	24	1
225	25	1
225	26	1
225	27	1
225	28	1
225	29	0
225	30	1
225	31	0
225	32	1
225	33	1
225	34	1
225	35	1
225	36	1
225	37	0
225	38	1
225	39	1
225	40	1
226	1	1
226	2	0
226	3	1
226	4	0
226	5	0
226	6	0
226	7	1
226	8	0
226	9	1
226	10	1
226	11	1
226	12	1
226	13	1
226	14	1
226	15	0
226	16	0
226	17	0
226	18	1
226	19	1
226	20	0
226	21	1
226	22	1
226	23	1
226	24	0
226	25	0
226	26	1
226	27	1
226	28	1
226	29	1
226	30	1
226	31	1
226	32	1
226	33	1
226	34	0
226	35	0
226	36	0
226	37	1
226	38	0
226	39	1
226	40	0
227	1	0
227	2	1
227	3	0
227	4	0
227	5	0
227	6	0
227	7	1
227	8	1
227	9	1
227	10	1
227	11	1
227	12	1
227	13	0
227	14	0
227	15	0
227	16	1
227	17	0
227	18	0
227	19	0
227	20	0
227	21	1
227	22	1
227	23	0
227	24	1
227	25	0
227	26	1
227	27	0
227	28	1
227	29	1
227	30	1
227	31	1
227	32	0
227	33	0
227	34	1
227	35	1
227	36	0
227	37	1
227	38	0
227	39	1
227	40	0
228	1	1
228	2	0
228	3	1
228	4	0
228	5	0
228	6	0
228	7	0
228	8	0
228	9	0
228	10	1
228	11	0
228	12	0
228	13	1
228	14	1
228	15	0
228	16	0
228	17	0
228	18	1
228	19	1
228	20	0
228	21	1
228	22	1
228	23	1
228	24	0
228	25	0
228	26	0
228	27	1
228	28	0
228	29	1
228	30	0
228	31	1
228	32	1
228	33	1
228	34	0
228	35	0
228	36	0
228	37	1
228	38	0
228	39	0
228	40	1
229	1	1
229	2	1
229	3	1
229	4	0
229	5	0
229	6	0
229	7	1
229	8	1
229	9	1
229	10	1
229	11	1
229	12	1
229	13	1
229	14	1
229	15	0
229	16	1
229	17	0
229	18	1
229	19	1
229	20	0
229	21	1
229	22	1
229	23	1
229	24	1
229	25	0
229	26	1
229	27	1
229	28	1
229	29	1
229	30	1
229	31	1
229	32	1
229	33	1
229	34	1
229	35	1
229	36	0
229	37	1
229	38	0
229	39	1
229	40	1
230	1	1
230	2	1
230	3	1
230	4	0
230	5	0
230	6	0
230	7	1
230	8	1
230	9	1
230	10	1
230	11	1
230	12	1
230	13	1
230	14	1
230	15	0
230	16	1
230	17	0
230	18	1
230	19	1
230	20	0
230	21	1
230	22	1
230	23	1
230	24	1
230	25	0
230	26	1
230	27	1
230	28	1
230	29	1
230	30	1
230	31	1
230	32	1
230	33	1
230	34	1
230	35	1
230	36	0
230	37	1
230	38	0
230	39	1
230	40	1
231	1	1
231	2	1
231	3	1
231	4	0
231	5	0
231	6	0
231	7	1
231	8	1
231	9	1
231	10	1
231	11	1
231	12	1
231	13	1
231	14	1
231	15	0
231	16	1
231	17	0
231	18	1
231	19	1
231	20	0
231	21	1
231	22	1
231	23	1
231	24	1
231	25	0
231	26	1
231	27	1
231	28	1
231	29	1
231	30	1
231	31	1
231	32	1
231	33	1
231	34	1
231	35	1
231	36	0
231	37	1
231	38	0
231	39	1
231	40	1
232	1	1
232	2	0
232	3	1
232	4	0
232	5	0
232	6	0
232	7	0
232	8	0
232	9	0
232	10	1
232	11	0
232	12	0
232	13	1
232	14	1
232	15	0
232	16	0
232	17	0
232	18	1
232	19	1
232	20	0
232	21	1
232	22	1
232	23	1
232	24	0
232	25	0
232	26	0
232	27	1
232	28	0
232	29	1
232	30	0
232	31	1
232	32	1
232	33	1
232	34	0
232	35	0
232	36	0
232	37	1
232	38	0
232	39	0
232	40	1
233	1	1
233	2	0
233	3	1
233	4	1
233	5	0
233	6	0
233	7	1
233	8	1
233	9	0
233	10	1
233	11	0
233	12	0
233	13	1
233	14	0
233	15	0
233	16	1
233	17	1
233	18	1
233	19	1
233	20	1
233	21	1
233	22	1
233	23	0
233	24	0
233	25	1
233	26	1
233	27	1
233	28	0
233	29	0
233	30	0
233	31	0
233	32	1
233	33	1
233	34	0
233	35	1
233	36	1
233	37	1
233	38	1
233	39	0
233	40	0
234	1	1
234	2	1
234	3	1
234	4	0
234	5	0
234	6	0
234	7	1
234	8	1
234	9	1
234	10	1
234	11	1
234	12	1
234	13	1
234	14	1
234	15	0
234	16	1
234	17	0
234	18	1
234	19	1
234	20	0
234	21	1
234	22	1
234	23	1
234	24	1
234	25	0
234	26	1
234	27	1
234	28	1
234	29	1
234	30	1
234	31	1
234	32	1
234	33	1
234	34	1
234	35	1
234	36	0
234	37	1
234	38	0
234	39	1
234	40	1
235	1	1
235	2	1
235	3	1
235	4	1
235	5	1
235	6	1
235	7	1
235	8	1
235	9	0
235	10	1
235	11	0
235	12	0
235	13	1
235	14	1
235	15	1
235	16	1
235	17	1
235	18	1
235	19	1
235	20	1
235	21	1
235	22	1
235	23	1
235	24	1
235	25	1
235	26	1
235	27	1
235	28	1
235	29	1
235	30	0
235	31	1
235	32	1
235	33	1
235	34	0
235	35	1
235	36	1
235	37	1
235	38	1
235	39	1
235	40	1
236	1	1
236	2	1
236	3	1
236	4	0
236	5	0
236	6	0
236	7	1
236	8	1
236	9	1
236	10	1
236	11	1
236	12	1
236	13	1
236	14	1
236	15	0
236	16	1
236	17	0
236	18	1
236	19	1
236	20	0
236	21	1
236	22	1
236	23	1
236	24	1
236	25	0
236	26	1
236	27	1
236	28	1
236	29	1
236	30	1
236	31	1
236	32	1
236	33	1
236	34	1
236	35	1
236	36	0
236	37	1
236	38	0
236	39	1
236	40	1
237	1	1
237	2	1
237	3	1
237	4	0
237	5	0
237	6	0
237	7	1
237	8	1
237	9	1
237	10	1
237	11	1
237	12	1
237	13	0
237	14	0
237	15	0
237	16	0
237	17	0
237	18	0
237	19	1
237	20	0
237	21	1
237	22	1
237	23	1
237	24	0
237	25	0
237	26	1
237	27	0
237	28	0
237	29	1
237	30	1
237	31	0
237	32	1
237	33	1
237	34	0
237	35	0
237	36	0
237	37	0
237	38	0
237	39	1
237	40	0
238	1	1
238	2	0
238	3	1
238	4	1
238	5	1
238	6	1
238	7	1
238	8	0
238	9	0
238	10	1
238	11	0
238	12	0
238	13	1
238	14	1
238	15	0
238	16	0
238	17	1
238	18	1
238	19	1
238	20	0
238	21	1
238	22	1
238	23	1
238	24	0
238	25	1
238	26	1
238	27	1
238	28	1
238	29	1
238	30	0
238	31	1
238	32	1
238	33	1
238	34	0
238	35	0
238	36	1
238	37	1
238	38	1
238	39	1
238	40	0
239	1	1
239	2	1
239	3	1
239	4	0
239	5	0
239	6	0
239	7	1
239	8	1
239	9	1
239	10	1
239	11	1
239	12	1
239	13	0
239	14	0
239	15	0
239	16	0
239	17	0
239	18	0
239	19	1
239	20	0
239	21	1
239	22	1
239	23	1
239	24	0
239	25	0
239	26	1
239	27	0
239	28	0
239	29	1
239	30	1
239	31	0
239	32	1
239	33	1
239	34	0
239	35	0
239	36	0
239	37	0
239	38	0
239	39	1
239	40	0
240	1	0
240	2	1
240	3	0
240	4	0
240	5	0
240	6	0
240	7	1
240	8	1
240	9	1
240	10	1
240	11	1
240	12	1
240	13	0
240	14	0
240	15	0
240	16	1
240	17	0
240	18	0
240	19	0
240	20	0
240	21	1
240	22	1
240	23	0
240	24	1
240	25	0
240	26	1
240	27	0
240	28	1
240	29	1
240	30	1
240	31	1
240	32	0
240	33	0
240	34	1
240	35	1
240	36	0
240	37	1
240	38	0
240	39	1
240	40	0
241	1	1
241	2	0
241	3	1
241	4	0
241	5	0
241	6	0
241	7	0
241	8	0
241	9	0
241	10	1
241	11	0
241	12	0
241	13	1
241	14	1
241	15	0
241	16	0
241	17	0
241	18	1
241	19	1
241	20	0
241	21	1
241	22	1
241	23	1
241	24	0
241	25	0
241	26	0
241	27	1
241	28	0
241	29	1
241	30	0
241	31	1
241	32	1
241	33	1
241	34	0
241	35	0
241	36	0
241	37	1
241	38	0
241	39	0
241	40	1
242	1	1
242	2	1
242	3	1
242	4	0
242	5	0
242	6	0
242	7	1
242	8	1
242	9	1
242	10	1
242	11	1
242	12	1
242	13	1
242	14	1
242	15	0
242	16	1
242	17	0
242	18	1
242	19	1
242	20	0
242	21	1
242	22	1
242	23	1
242	24	1
242	25	0
242	26	1
242	27	1
242	28	1
242	29	1
242	30	1
242	31	1
242	32	1
242	33	1
242	34	1
242	35	1
242	36	0
242	37	1
242	38	0
242	39	1
242	40	1
243	1	1
243	2	0
243	3	1
243	4	0
243	5	0
243	6	0
243	7	0
243	8	0
243	9	0
243	10	1
243	11	0
243	12	0
243	13	1
243	14	1
243	15	0
243	16	0
243	17	0
243	18	1
243	19	1
243	20	0
243	21	1
243	22	1
243	23	1
243	24	0
243	25	0
243	26	0
243	27	1
243	28	0
243	29	1
243	30	0
243	31	1
243	32	1
243	33	1
243	34	0
243	35	0
243	36	0
243	37	1
243	38	0
243	39	0
243	40	1
244	1	1
244	2	1
244	3	1
244	4	1
244	5	1
244	6	1
244	7	1
244	8	1
244	9	1
244	10	0
244	11	1
244	12	1
244	13	1
244	14	1
244	15	1
244	16	1
244	17	1
244	18	1
244	19	1
244	20	1
244	21	0
244	22	0
244	23	1
244	24	1
244	25	1
244	26	1
244	27	1
244	28	1
244	29	0
244	30	1
244	31	0
244	32	1
244	33	1
244	34	1
244	35	1
244	36	1
244	37	0
244	38	1
244	39	1
244	40	1
245	1	1
245	2	1
245	3	1
245	4	1
245	5	1
245	6	1
245	7	1
245	8	1
245	9	0
245	10	1
245	11	0
245	12	0
245	13	1
245	14	1
245	15	1
245	16	1
245	17	1
245	18	1
245	19	1
245	20	1
245	21	1
245	22	1
245	23	1
245	24	1
245	25	1
245	26	1
245	27	1
245	28	1
245	29	1
245	30	0
245	31	1
245	32	1
245	33	1
245	34	0
245	35	1
245	36	1
245	37	1
245	38	1
245	39	1
245	40	1
246	1	1
246	2	1
246	3	1
246	4	0
246	5	0
246	6	0
246	7	1
246	8	1
246	9	1
246	10	1
246	11	1
246	12	1
246	13	1
246	14	1
246	15	0
246	16	1
246	17	0
246	18	1
246	19	1
246	20	0
246	21	1
246	22	1
246	23	1
246	24	1
246	25	0
246	26	1
246	27	1
246	28	1
246	29	1
246	30	1
246	31	1
246	32	1
246	33	1
246	34	1
246	35	1
246	36	0
246	37	1
246	38	0
246	39	1
246	40	1
247	1	1
247	2	0
247	3	1
247	4	0
247	5	0
247	6	0
247	7	0
247	8	0
247	9	0
247	10	1
247	11	0
247	12	0
247	13	1
247	14	1
247	15	0
247	16	0
247	17	0
247	18	1
247	19	1
247	20	0
247	21	1
247	22	1
247	23	1
247	24	0
247	25	0
247	26	0
247	27	1
247	28	0
247	29	1
247	30	0
247	31	1
247	32	1
247	33	1
247	34	0
247	35	0
247	36	0
247	37	1
247	38	0
247	39	0
247	40	1
248	1	1
248	2	1
248	3	1
248	4	1
248	5	1
248	6	1
248	7	1
248	8	1
248	9	1
248	10	0
248	11	1
248	12	1
248	13	1
248	14	1
248	15	1
248	16	1
248	17	1
248	18	1
248	19	1
248	20	1
248	21	0
248	22	0
248	23	1
248	24	1
248	25	1
248	26	1
248	27	1
248	28	1
248	29	0
248	30	1
248	31	0
248	32	1
248	33	1
248	34	1
248	35	1
248	36	1
248	37	0
248	38	1
248	39	1
248	40	1
249	1	1
249	2	1
249	3	1
249	4	0
249	5	0
249	6	0
249	7	1
249	8	1
249	9	1
249	10	1
249	11	1
249	12	1
249	13	1
249	14	1
249	15	0
249	16	1
249	17	0
249	18	1
249	19	1
249	20	0
249	21	1
249	22	1
249	23	1
249	24	1
249	25	0
249	26	1
249	27	1
249	28	1
249	29	1
249	30	1
249	31	1
249	32	1
249	33	1
249	34	1
249	35	1
249	36	0
249	37	1
249	38	0
249	39	1
249	40	1
250	1	1
250	2	1
250	3	1
250	4	0
250	5	0
250	6	0
250	7	1
250	8	1
250	9	1
250	10	1
250	11	1
250	12	1
250	13	1
250	14	1
250	15	0
250	16	1
250	17	0
250	18	1
250	19	1
250	20	0
250	21	1
250	22	1
250	23	1
250	24	1
250	25	0
250	26	1
250	27	1
250	28	1
250	29	1
250	30	1
250	31	1
250	32	1
250	33	1
250	34	1
250	35	1
250	36	0
250	37	1
250	38	0
250	39	1
250	40	1
251	1	0
251	2	0
251	3	1
251	4	0
251	5	0
251	6	0
251	7	0
251	8	0
251	9	0
251	10	0
251	11	0
251	12	0
251	13	0
251	14	0
251	15	0
251	16	0
251	17	0
251	18	0
251	19	0
251	20	0
251	21	1
251	22	1
251	23	0
251	24	0
251	25	0
251	26	0
251	27	1
251	28	0
251	29	1
251	30	0
251	31	1
251	32	1
251	33	0
251	34	0
251	35	0
251	36	0
251	37	1
251	38	0
251	39	0
251	40	1
252	1	1
252	2	1
252	3	1
252	4	1
252	5	1
252	6	1
252	7	1
252	8	1
252	9	0
252	10	1
252	11	0
252	12	0
252	13	1
252	14	1
252	15	1
252	16	1
252	17	1
252	18	1
252	19	1
252	20	1
252	21	1
252	22	1
252	23	1
252	24	1
252	25	1
252	26	1
252	27	1
252	28	1
252	29	1
252	30	0
252	31	1
252	32	1
252	33	1
252	34	0
252	35	1
252	36	1
252	37	1
252	38	1
252	39	1
252	40	1
253	1	0
253	2	1
253	3	1
253	4	0
253	5	0
253	6	0
253	7	0
253	8	1
253	9	1
253	10	0
253	11	1
253	12	1
253	13	0
253	14	0
253	15	0
253	16	1
253	17	0
253	18	0
253	19	0
253	20	0
253	21	1
253	22	1
253	23	0
253	24	1
253	25	0
253	26	1
253	27	1
253	28	1
253	29	1
253	30	1
253	31	1
253	32	1
253	33	0
253	34	0
253	35	1
253	36	0
253	37	1
253	38	0
253	39	1
253	40	1
254	1	1
254	2	1
254	3	1
254	4	1
254	5	1
254	6	1
254	7	1
254	8	1
254	9	1
254	10	0
254	11	1
254	12	1
254	13	1
254	14	1
254	15	1
254	16	1
254	17	1
254	18	1
254	19	1
254	20	1
254	21	0
254	22	0
254	23	1
254	24	1
254	25	1
254	26	1
254	27	1
254	28	1
254	29	0
254	30	1
254	31	0
254	32	1
254	33	1
254	34	1
254	35	1
254	36	1
254	37	0
254	38	1
254	39	1
254	40	1
255	1	0
255	2	1
255	3	1
255	4	0
255	5	0
255	6	0
255	7	1
255	8	1
255	9	0
255	10	1
255	11	0
255	12	0
255	13	1
255	14	1
255	15	0
255	16	1
255	17	0
255	18	1
255	19	0
255	20	0
255	21	1
255	22	1
255	23	0
255	24	1
255	25	0
255	26	1
255	27	1
255	28	1
255	29	1
255	30	0
255	31	1
255	32	0
255	33	1
255	34	0
255	35	1
255	36	0
255	37	1
255	38	0
255	39	1
255	40	0
256	1	1
256	2	0
256	3	1
256	4	0
256	5	0
256	6	0
256	7	0
256	8	0
256	9	0
256	10	1
256	11	0
256	12	0
256	13	1
256	14	1
256	15	0
256	16	0
256	17	0
256	18	1
256	19	1
256	20	0
256	21	1
256	22	1
256	23	1
256	24	0
256	25	0
256	26	0
256	27	1
256	28	0
256	29	1
256	30	0
256	31	1
256	32	1
256	33	1
256	34	0
256	35	0
256	36	0
256	37	1
256	38	0
256	39	0
256	40	1
257	1	0
257	2	1
257	3	1
257	4	1
257	5	0
257	6	0
257	7	0
257	8	1
257	9	1
257	10	0
257	11	1
257	12	1
257	13	0
257	14	0
257	15	1
257	16	1
257	17	0
257	18	0
257	19	0
257	20	0
257	21	0
257	22	0
257	23	0
257	24	1
257	25	0
257	26	1
257	27	1
257	28	1
257	29	0
257	30	1
257	31	0
257	32	1
257	33	0
257	34	0
257	35	1
257	36	1
257	37	0
257	38	1
257	39	1
257	40	1
258	1	1
258	2	0
258	3	1
258	4	1
258	5	1
258	6	1
258	7	1
258	8	0
258	9	0
258	10	1
258	11	0
258	12	0
258	13	1
258	14	1
258	15	0
258	16	0
258	17	1
258	18	1
258	19	1
258	20	0
258	21	1
258	22	1
258	23	1
258	24	0
258	25	1
258	26	1
258	27	1
258	28	1
258	29	1
258	30	0
258	31	1
258	32	1
258	33	1
258	34	0
258	35	0
258	36	1
258	37	1
258	38	1
258	39	1
258	40	0
259	1	0
259	2	1
259	3	1
259	4	0
259	5	0
259	6	0
259	7	1
259	8	1
259	9	0
259	10	1
259	11	0
259	12	0
259	13	1
259	14	1
259	15	0
259	16	1
259	17	0
259	18	1
259	19	0
259	20	0
259	21	1
259	22	1
259	23	0
259	24	1
259	25	0
259	26	1
259	27	1
259	28	1
259	29	1
259	30	0
259	31	1
259	32	0
259	33	1
259	34	0
259	35	1
259	36	0
259	37	1
259	38	0
259	39	1
259	40	0
260	1	1
260	2	1
260	3	1
260	4	0
260	5	0
260	6	0
260	7	1
260	8	1
260	9	1
260	10	1
260	11	1
260	12	1
260	13	1
260	14	1
260	15	0
260	16	1
260	17	0
260	18	1
260	19	1
260	20	0
260	21	1
260	22	1
260	23	1
260	24	1
260	25	0
260	26	1
260	27	1
260	28	1
260	29	1
260	30	1
260	31	1
260	32	1
260	33	1
260	34	1
260	35	1
260	36	0
260	37	1
260	38	0
260	39	1
260	40	1
261	1	1
261	2	0
261	3	1
261	4	0
261	5	0
261	6	0
261	7	1
261	8	0
261	9	1
261	10	1
261	11	1
261	12	1
261	13	1
261	14	1
261	15	0
261	16	0
261	17	0
261	18	1
261	19	1
261	20	0
261	21	1
261	22	1
261	23	1
261	24	0
261	25	0
261	26	1
261	27	1
261	28	1
261	29	1
261	30	1
261	31	1
261	32	1
261	33	1
261	34	0
261	35	0
261	36	0
261	37	1
261	38	0
261	39	1
261	40	0
262	1	1
262	2	1
262	3	1
262	4	0
262	5	0
262	6	0
262	7	1
262	8	1
262	9	1
262	10	1
262	11	1
262	12	1
262	13	1
262	14	1
262	15	0
262	16	1
262	17	0
262	18	1
262	19	1
262	20	0
262	21	1
262	22	1
262	23	1
262	24	1
262	25	0
262	26	1
262	27	1
262	28	1
262	29	1
262	30	1
262	31	1
262	32	1
262	33	1
262	34	1
262	35	1
262	36	0
262	37	1
262	38	0
262	39	1
262	40	1
263	1	1
263	2	1
263	3	1
263	4	1
263	5	1
263	6	1
263	7	1
263	8	1
263	9	0
263	10	1
263	11	0
263	12	0
263	13	1
263	14	1
263	15	1
263	16	1
263	17	1
263	18	1
263	19	1
263	20	1
263	21	1
263	22	1
263	23	1
263	24	1
263	25	1
263	26	1
263	27	1
263	28	1
263	29	1
263	30	0
263	31	1
263	32	1
263	33	1
263	34	0
263	35	1
263	36	1
263	37	1
263	38	1
263	39	1
263	40	1
264	1	1
264	2	1
264	3	0
264	4	0
264	5	0
264	6	0
264	7	1
264	8	1
264	9	1
264	10	1
264	11	1
264	12	1
264	13	0
264	14	0
264	15	0
264	16	1
264	17	0
264	18	0
264	19	1
264	20	0
264	21	1
264	22	1
264	23	1
264	24	1
264	25	0
264	26	1
264	27	0
264	28	1
264	29	1
264	30	1
264	31	1
264	32	1
264	33	0
264	34	1
264	35	1
264	36	0
264	37	1
264	38	0
264	39	1
264	40	1
265	1	1
265	2	1
265	3	1
265	4	1
265	5	1
265	6	1
265	7	1
265	8	1
265	9	0
265	10	1
265	11	0
265	12	0
265	13	1
265	14	1
265	15	1
265	16	1
265	17	1
265	18	1
265	19	1
265	20	1
265	21	1
265	22	1
265	23	1
265	24	1
265	25	1
265	26	1
265	27	1
265	28	1
265	29	1
265	30	0
265	31	1
265	32	1
265	33	1
265	34	0
265	35	1
265	36	1
265	37	1
265	38	1
265	39	1
265	40	1
266	1	1
266	2	1
266	3	1
266	4	0
266	5	0
266	6	0
266	7	1
266	8	1
266	9	1
266	10	1
266	11	1
266	12	1
266	13	1
266	14	1
266	15	0
266	16	1
266	17	0
266	18	1
266	19	1
266	20	0
266	21	1
266	22	1
266	23	1
266	24	1
266	25	0
266	26	1
266	27	1
266	28	1
266	29	1
266	30	1
266	31	1
266	32	1
266	33	1
266	34	1
266	35	1
266	36	0
266	37	1
266	38	0
266	39	1
266	40	1
267	1	1
267	2	1
267	3	0
267	4	0
267	5	0
267	6	0
267	7	1
267	8	1
267	9	1
267	10	1
267	11	1
267	12	1
267	13	0
267	14	0
267	15	0
267	16	1
267	17	0
267	18	0
267	19	1
267	20	0
267	21	1
267	22	1
267	23	1
267	24	1
267	25	0
267	26	1
267	27	0
267	28	1
267	29	1
267	30	1
267	31	1
267	32	1
267	33	0
267	34	1
267	35	1
267	36	0
267	37	1
267	38	0
267	39	1
267	40	1
268	1	0
268	2	1
268	3	1
268	4	0
268	5	0
268	6	0
268	7	0
268	8	1
268	9	0
268	10	0
268	11	0
268	12	0
268	13	0
268	14	0
268	15	0
268	16	1
268	17	0
268	18	0
268	19	0
268	20	0
268	21	1
268	22	1
268	23	0
268	24	1
268	25	0
268	26	1
268	27	1
268	28	1
268	29	1
268	30	0
268	31	1
268	32	0
268	33	0
268	34	0
268	35	1
268	36	0
268	37	1
268	38	0
268	39	1
268	40	0
269	1	0
269	2	0
269	3	1
269	4	0
269	5	0
269	6	0
269	7	1
269	8	0
269	9	0
269	10	1
269	11	0
269	12	0
269	13	1
269	14	1
269	15	0
269	16	0
269	17	0
269	18	1
269	19	0
269	20	0
269	21	1
269	22	1
269	23	0
269	24	0
269	25	0
269	26	1
269	27	1
269	28	1
269	29	1
269	30	0
269	31	1
269	32	0
269	33	1
269	34	0
269	35	0
269	36	0
269	37	1
269	38	0
269	39	1
269	40	0
270	1	1
270	2	1
270	3	0
270	4	0
270	5	0
270	6	0
270	7	1
270	8	1
270	9	1
270	10	1
270	11	1
270	12	1
270	13	0
270	14	0
270	15	0
270	16	1
270	17	0
270	18	0
270	19	1
270	20	0
270	21	1
270	22	1
270	23	1
270	24	1
270	25	0
270	26	1
270	27	0
270	28	1
270	29	1
270	30	1
270	31	1
270	32	1
270	33	0
270	34	1
270	35	1
270	36	0
270	37	1
270	38	0
270	39	1
270	40	1
271	1	1
271	2	1
271	3	1
271	4	0
271	5	0
271	6	0
271	7	1
271	8	1
271	9	1
271	10	1
271	11	1
271	12	1
271	13	1
271	14	1
271	15	0
271	16	1
271	17	0
271	18	1
271	19	1
271	20	0
271	21	1
271	22	1
271	23	1
271	24	1
271	25	0
271	26	1
271	27	1
271	28	1
271	29	1
271	30	1
271	31	1
271	32	1
271	33	1
271	34	1
271	35	1
271	36	0
271	37	1
271	38	0
271	39	1
271	40	1
272	1	1
272	2	0
272	3	1
272	4	0
272	5	0
272	6	0
272	7	1
272	8	1
272	9	0
272	10	1
272	11	1
272	12	1
272	13	0
272	14	0
272	15	0
272	16	0
272	17	0
272	18	0
272	19	1
272	20	0
272	21	1
272	22	1
272	23	0
272	24	0
272	25	0
272	26	1
272	27	0
272	28	0
272	29	0
272	30	1
272	31	0
272	32	1
272	33	1
272	34	0
272	35	0
272	36	0
272	37	0
272	38	0
272	39	0
272	40	0
273	1	1
273	2	1
273	3	1
273	4	1
273	5	1
273	6	1
273	7	1
273	8	1
273	9	1
273	10	0
273	11	1
273	12	1
273	13	1
273	14	1
273	15	1
273	16	1
273	17	1
273	18	1
273	19	1
273	20	1
273	21	0
273	22	0
273	23	1
273	24	1
273	25	1
273	26	1
273	27	1
273	28	1
273	29	0
273	30	1
273	31	0
273	32	1
273	33	1
273	34	1
273	35	1
273	36	1
273	37	0
273	38	1
273	39	1
273	40	1
274	1	1
274	2	1
274	3	1
274	4	1
274	5	1
274	6	1
274	7	1
274	8	1
274	9	1
274	10	0
274	11	1
274	12	1
274	13	1
274	14	1
274	15	1
274	16	1
274	17	1
274	18	1
274	19	1
274	20	1
274	21	0
274	22	0
274	23	1
274	24	1
274	25	1
274	26	1
274	27	1
274	28	1
274	29	0
274	30	1
274	31	0
274	32	1
274	33	1
274	34	1
274	35	1
274	36	1
274	37	0
274	38	1
274	39	1
274	40	1
275	1	0
275	2	1
275	3	1
275	4	0
275	5	0
275	6	0
275	7	1
275	8	1
275	9	0
275	10	1
275	11	0
275	12	0
275	13	1
275	14	1
275	15	0
275	16	1
275	17	0
275	18	1
275	19	0
275	20	0
275	21	1
275	22	1
275	23	0
275	24	1
275	25	0
275	26	1
275	27	1
275	28	1
275	29	1
275	30	0
275	31	1
275	32	0
275	33	1
275	34	0
275	35	1
275	36	0
275	37	1
275	38	0
275	39	1
275	40	0
276	1	1
276	2	1
276	3	1
276	4	0
276	5	0
276	6	0
276	7	1
276	8	1
276	9	1
276	10	1
276	11	1
276	12	1
276	13	1
276	14	1
276	15	0
276	16	1
276	17	0
276	18	1
276	19	1
276	20	0
276	21	1
276	22	1
276	23	1
276	24	1
276	25	0
276	26	1
276	27	1
276	28	1
276	29	1
276	30	1
276	31	1
276	32	1
276	33	1
276	34	1
276	35	1
276	36	0
276	37	1
276	38	0
276	39	1
276	40	1
277	1	0
277	2	1
277	3	1
277	4	0
277	5	0
277	6	0
277	7	1
277	8	1
277	9	0
277	10	1
277	11	0
277	12	0
277	13	1
277	14	1
277	15	0
277	16	1
277	17	0
277	18	1
277	19	0
277	20	0
277	21	1
277	22	1
277	23	0
277	24	1
277	25	0
277	26	1
277	27	1
277	28	1
277	29	1
277	30	0
277	31	1
277	32	0
277	33	1
277	34	0
277	35	1
277	36	0
277	37	1
277	38	0
277	39	1
277	40	0
278	1	1
278	2	0
278	3	1
278	4	0
278	5	0
278	6	0
278	7	0
278	8	0
278	9	0
278	10	1
278	11	0
278	12	0
278	13	1
278	14	1
278	15	0
278	16	0
278	17	0
278	18	1
278	19	1
278	20	0
278	21	1
278	22	1
278	23	1
278	24	0
278	25	0
278	26	0
278	27	1
278	28	0
278	29	1
278	30	0
278	31	1
278	32	1
278	33	1
278	34	0
278	35	0
278	36	0
278	37	1
278	38	0
278	39	0
278	40	1
279	1	1
279	2	0
279	3	1
279	4	0
279	5	0
279	6	0
279	7	0
279	8	0
279	9	0
279	10	1
279	11	0
279	12	0
279	13	0
279	14	0
279	15	0
279	16	0
279	17	0
279	18	0
279	19	1
279	20	0
279	21	1
279	22	1
279	23	1
279	24	0
279	25	0
279	26	0
279	27	0
279	28	0
279	29	1
279	30	0
279	31	0
279	32	1
279	33	1
279	34	0
279	35	0
279	36	0
279	37	0
279	38	0
279	39	0
279	40	0
280	1	1
280	2	0
280	3	1
280	4	0
280	5	0
280	6	0
280	7	0
280	8	0
280	9	0
280	10	1
280	11	0
280	12	0
280	13	1
280	14	1
280	15	0
280	16	0
280	17	0
280	18	1
280	19	1
280	20	0
280	21	1
280	22	1
280	23	1
280	24	0
280	25	0
280	26	0
280	27	1
280	28	0
280	29	1
280	30	0
280	31	1
280	32	1
280	33	1
280	34	0
280	35	0
280	36	0
280	37	1
280	38	0
280	39	0
280	40	1
281	1	1
281	2	1
281	3	1
281	4	1
281	5	1
281	6	1
281	7	1
281	8	1
281	9	0
281	10	1
281	11	0
281	12	0
281	13	1
281	14	1
281	15	1
281	16	1
281	17	1
281	18	1
281	19	1
281	20	1
281	21	1
281	22	1
281	23	1
281	24	1
281	25	1
281	26	1
281	27	1
281	28	1
281	29	1
281	30	0
281	31	1
281	32	1
281	33	1
281	34	0
281	35	1
281	36	1
281	37	1
281	38	1
281	39	1
281	40	1
282	1	0
282	2	0
282	3	0
282	4	0
282	5	0
282	6	0
282	7	1
282	8	1
282	9	0
282	10	1
282	11	0
282	12	1
282	13	0
282	14	0
282	15	0
282	16	1
282	17	0
282	18	0
282	19	1
282	20	0
282	21	1
282	22	1
282	23	0
282	24	0
282	25	0
282	26	1
282	27	0
282	28	0
282	29	0
282	30	0
282	31	0
282	32	1
282	33	0
282	34	1
282	35	1
282	36	0
282	37	1
282	38	0
282	39	0
282	40	0
283	1	1
283	2	1
283	3	1
283	4	0
283	5	0
283	6	0
283	7	1
283	8	1
283	9	1
283	10	1
283	11	1
283	12	1
283	13	1
283	14	1
283	15	0
283	16	1
283	17	0
283	18	1
283	19	1
283	20	0
283	21	1
283	22	1
283	23	1
283	24	1
283	25	0
283	26	1
283	27	1
283	28	1
283	29	1
283	30	1
283	31	1
283	32	1
283	33	1
283	34	1
283	35	1
283	36	0
283	37	1
283	38	0
283	39	1
283	40	1
284	1	0
284	2	1
284	3	0
284	4	0
284	5	0
284	6	0
284	7	1
284	8	1
284	9	0
284	10	1
284	11	0
284	12	1
284	13	0
284	14	1
284	15	0
284	16	1
284	17	0
284	18	1
284	19	1
284	20	0
284	21	1
284	22	1
284	23	0
284	24	1
284	25	0
284	26	1
284	27	1
284	28	0
284	29	1
284	30	0
284	31	1
284	32	1
284	33	1
284	34	1
284	35	1
284	36	0
284	37	1
284	38	0
284	39	0
284	40	1
285	1	0
285	2	1
285	3	1
285	4	0
285	5	0
285	6	0
285	7	1
285	8	1
285	9	0
285	10	1
285	11	0
285	12	0
285	13	1
285	14	1
285	15	0
285	16	1
285	17	0
285	18	1
285	19	0
285	20	0
285	21	1
285	22	1
285	23	0
285	24	1
285	25	0
285	26	1
285	27	1
285	28	1
285	29	1
285	30	0
285	31	1
285	32	0
285	33	1
285	34	0
285	35	1
285	36	0
285	37	1
285	38	0
285	39	1
285	40	0
286	1	1
286	2	1
286	3	1
286	4	1
286	5	1
286	6	1
286	7	1
286	8	1
286	9	1
286	10	0
286	11	1
286	12	1
286	13	1
286	14	1
286	15	1
286	16	1
286	17	1
286	18	1
286	19	1
286	20	1
286	21	0
286	22	0
286	23	1
286	24	1
286	25	1
286	26	1
286	27	1
286	28	1
286	29	0
286	30	1
286	31	0
286	32	1
286	33	1
286	34	1
286	35	1
286	36	1
286	37	0
286	38	1
286	39	1
286	40	1
287	1	1
287	2	1
287	3	1
287	4	0
287	5	0
287	6	0
287	7	1
287	8	1
287	9	1
287	10	1
287	11	1
287	12	1
287	13	1
287	14	1
287	15	0
287	16	1
287	17	0
287	18	1
287	19	1
287	20	0
287	21	1
287	22	1
287	23	1
287	24	1
287	25	0
287	26	1
287	27	1
287	28	1
287	29	1
287	30	1
287	31	1
287	32	1
287	33	1
287	34	1
287	35	1
287	36	0
287	37	1
287	38	0
287	39	1
287	40	1
288	1	1
288	2	1
288	3	1
288	4	1
288	5	1
288	6	1
288	7	1
288	8	1
288	9	1
288	10	0
288	11	1
288	12	1
288	13	1
288	14	1
288	15	1
288	16	1
288	17	1
288	18	1
288	19	1
288	20	1
288	21	0
288	22	0
288	23	1
288	24	1
288	25	1
288	26	1
288	27	1
288	28	1
288	29	0
288	30	1
288	31	0
288	32	1
288	33	1
288	34	1
288	35	1
288	36	1
288	37	0
288	38	1
288	39	1
288	40	1
289	1	1
289	2	0
289	3	0
289	4	0
289	5	0
289	6	0
289	7	1
289	8	0
289	9	1
289	10	1
289	11	1
289	12	1
289	13	0
289	14	0
289	15	0
289	16	0
289	17	0
289	18	0
289	19	1
289	20	0
289	21	1
289	22	1
289	23	1
289	24	0
289	25	0
289	26	1
289	27	0
289	28	1
289	29	1
289	30	1
289	31	1
289	32	1
289	33	0
289	34	0
289	35	0
289	36	0
289	37	1
289	38	0
289	39	1
289	40	0
290	1	1
290	2	0
290	3	1
290	4	0
290	5	0
290	6	0
290	7	0
290	8	0
290	9	0
290	10	1
290	11	0
290	12	0
290	13	1
290	14	1
290	15	0
290	16	0
290	17	0
290	18	1
290	19	1
290	20	0
290	21	1
290	22	1
290	23	1
290	24	0
290	25	0
290	26	0
290	27	1
290	28	0
290	29	1
290	30	0
290	31	1
290	32	1
290	33	1
290	34	0
290	35	0
290	36	0
290	37	1
290	38	0
290	39	0
290	40	1
291	1	1
291	2	1
291	3	1
291	4	1
291	5	1
291	6	1
291	7	1
291	8	1
291	9	0
291	10	1
291	11	0
291	12	0
291	13	0
291	14	0
291	15	1
291	16	0
291	17	1
291	18	0
291	19	1
291	20	1
291	21	1
291	22	1
291	23	1
291	24	0
291	25	1
291	26	1
291	27	0
291	28	0
291	29	1
291	30	0
291	31	0
291	32	1
291	33	1
291	34	0
291	35	0
291	36	1
291	37	0
291	38	1
291	39	1
291	40	0
292	1	1
292	2	1
292	3	1
292	4	0
292	5	0
292	6	0
292	7	1
292	8	1
292	9	1
292	10	1
292	11	1
292	12	1
292	13	1
292	14	1
292	15	0
292	16	1
292	17	0
292	18	1
292	19	1
292	20	0
292	21	1
292	22	1
292	23	1
292	24	1
292	25	0
292	26	1
292	27	1
292	28	1
292	29	1
292	30	1
292	31	1
292	32	1
292	33	1
292	34	1
292	35	1
292	36	0
292	37	1
292	38	0
292	39	1
292	40	1
293	1	1
293	2	1
293	3	1
293	4	1
293	5	1
293	6	1
293	7	1
293	8	1
293	9	1
293	10	0
293	11	1
293	12	1
293	13	1
293	14	1
293	15	1
293	16	1
293	17	1
293	18	1
293	19	1
293	20	1
293	21	0
293	22	0
293	23	1
293	24	1
293	25	1
293	26	1
293	27	1
293	28	1
293	29	0
293	30	1
293	31	0
293	32	1
293	33	1
293	34	1
293	35	1
293	36	1
293	37	0
293	38	1
293	39	1
293	40	1
294	1	1
294	2	1
294	3	1
294	4	0
294	5	0
294	6	0
294	7	1
294	8	1
294	9	1
294	10	1
294	11	1
294	12	1
294	13	1
294	14	1
294	15	0
294	16	1
294	17	0
294	18	1
294	19	1
294	20	0
294	21	1
294	22	1
294	23	1
294	24	1
294	25	0
294	26	1
294	27	1
294	28	1
294	29	1
294	30	1
294	31	1
294	32	1
294	33	1
294	34	1
294	35	1
294	36	0
294	37	1
294	38	0
294	39	1
294	40	1
295	1	0
295	2	1
295	3	1
295	4	0
295	5	0
295	6	0
295	7	0
295	8	1
295	9	1
295	10	0
295	11	1
295	12	1
295	13	0
295	14	0
295	15	0
295	16	1
295	17	0
295	18	0
295	19	0
295	20	0
295	21	1
295	22	1
295	23	0
295	24	1
295	25	0
295	26	1
295	27	1
295	28	1
295	29	1
295	30	1
295	31	1
295	32	1
295	33	0
295	34	0
295	35	1
295	36	0
295	37	1
295	38	0
295	39	1
295	40	1
296	1	1
296	2	0
296	3	1
296	4	1
296	5	1
296	6	1
296	7	1
296	8	0
296	9	0
296	10	1
296	11	0
296	12	0
296	13	1
296	14	1
296	15	0
296	16	0
296	17	1
296	18	1
296	19	1
296	20	0
296	21	1
296	22	1
296	23	1
296	24	0
296	25	1
296	26	1
296	27	1
296	28	1
296	29	1
296	30	0
296	31	1
296	32	1
296	33	1
296	34	0
296	35	0
296	36	1
296	37	1
296	38	1
296	39	1
296	40	0
297	1	1
297	2	1
297	3	0
297	4	0
297	5	0
297	6	0
297	7	1
297	8	1
297	9	1
297	10	1
297	11	1
297	12	1
297	13	0
297	14	0
297	15	0
297	16	1
297	17	0
297	18	0
297	19	1
297	20	0
297	21	1
297	22	1
297	23	1
297	24	1
297	25	0
297	26	1
297	27	0
297	28	1
297	29	1
297	30	1
297	31	1
297	32	1
297	33	0
297	34	1
297	35	1
297	36	0
297	37	1
297	38	0
297	39	1
297	40	1
298	1	1
298	2	1
298	3	1
298	4	1
298	5	1
298	6	1
298	7	1
298	8	1
298	9	0
298	10	1
298	11	0
298	12	0
298	13	1
298	14	1
298	15	1
298	16	1
298	17	1
298	18	1
298	19	1
298	20	1
298	21	1
298	22	1
298	23	1
298	24	1
298	25	1
298	26	1
298	27	1
298	28	1
298	29	1
298	30	0
298	31	1
298	32	1
298	33	1
298	34	0
298	35	1
298	36	1
298	37	1
298	38	1
298	39	1
298	40	1
299	1	1
299	2	1
299	3	1
299	4	1
299	5	1
299	6	1
299	7	1
299	8	1
299	9	0
299	10	1
299	11	0
299	12	0
299	13	1
299	14	1
299	15	1
299	16	1
299	17	1
299	18	1
299	19	1
299	20	1
299	21	1
299	22	1
299	23	1
299	24	1
299	25	1
299	26	1
299	27	1
299	28	1
299	29	1
299	30	0
299	31	1
299	32	1
299	33	1
299	34	0
299	35	1
299	36	1
299	37	1
299	38	1
299	39	1
299	40	1
300	1	1
300	2	1
300	3	0
300	4	0
300	5	0
300	6	0
300	7	1
300	8	1
300	9	1
300	10	1
300	11	1
300	12	1
300	13	0
300	14	0
300	15	0
300	16	1
300	17	0
300	18	0
300	19	1
300	20	0
300	21	1
300	22	1
300	23	1
300	24	1
300	25	0
300	26	1
300	27	0
300	28	1
300	29	1
300	30	1
300	31	1
300	32	1
300	33	0
300	34	1
300	35	1
300	36	0
300	37	1
300	38	0
300	39	1
300	40	1
301	1	1
301	2	1
301	3	1
301	4	0
301	5	0
301	6	0
301	7	1
301	8	1
301	9	1
301	10	1
301	11	1
301	12	1
301	13	1
301	14	1
301	15	0
301	16	1
301	17	0
301	18	1
301	19	1
301	20	0
301	21	1
301	22	1
301	23	1
301	24	1
301	25	0
301	26	1
301	27	1
301	28	1
301	29	1
301	30	1
301	31	1
301	32	1
301	33	1
301	34	1
301	35	1
301	36	0
301	37	1
301	38	0
301	39	1
301	40	1
302	1	1
302	2	1
302	3	1
302	4	1
302	5	1
302	6	1
302	7	1
302	8	1
302	9	0
302	10	1
302	11	0
302	12	0
302	13	1
302	14	1
302	15	1
302	16	1
302	17	1
302	18	1
302	19	1
302	20	1
302	21	1
302	22	1
302	23	1
302	24	1
302	25	1
302	26	1
302	27	1
302	28	1
302	29	1
302	30	0
302	31	1
302	32	1
302	33	1
302	34	0
302	35	1
302	36	1
302	37	1
302	38	1
302	39	1
302	40	1
303	1	1
303	2	1
303	3	1
303	4	1
303	5	1
303	6	1
303	7	1
303	8	1
303	9	0
303	10	1
303	11	0
303	12	0
303	13	1
303	14	1
303	15	1
303	16	1
303	17	1
303	18	1
303	19	1
303	20	1
303	21	1
303	22	1
303	23	1
303	24	1
303	25	1
303	26	1
303	27	1
303	28	1
303	29	1
303	30	0
303	31	1
303	32	1
303	33	1
303	34	0
303	35	1
303	36	1
303	37	1
303	38	1
303	39	1
303	40	1
304	1	0
304	2	1
304	3	0
304	4	0
304	5	0
304	6	0
304	7	1
304	8	1
304	9	1
304	10	1
304	11	1
304	12	1
304	13	0
304	14	0
304	15	0
304	16	1
304	17	0
304	18	0
304	19	0
304	20	0
304	21	1
304	22	1
304	23	0
304	24	1
304	25	0
304	26	1
304	27	0
304	28	1
304	29	1
304	30	1
304	31	1
304	32	0
304	33	0
304	34	1
304	35	1
304	36	0
304	37	1
304	38	0
304	39	1
304	40	0
305	1	1
305	2	1
305	3	1
305	4	0
305	5	0
305	6	0
305	7	1
305	8	1
305	9	1
305	10	1
305	11	1
305	12	1
305	13	0
305	14	0
305	15	0
305	16	0
305	17	0
305	18	0
305	19	1
305	20	0
305	21	1
305	22	1
305	23	1
305	24	0
305	25	0
305	26	1
305	27	0
305	28	0
305	29	1
305	30	1
305	31	0
305	32	1
305	33	1
305	34	0
305	35	0
305	36	0
305	37	0
305	38	0
305	39	1
305	40	0
306	1	1
306	2	1
306	3	1
306	4	1
306	5	1
306	6	1
306	7	1
306	8	1
306	9	0
306	10	1
306	11	0
306	12	0
306	13	1
306	14	1
306	15	1
306	16	1
306	17	1
306	18	1
306	19	1
306	20	1
306	21	1
306	22	1
306	23	1
306	24	1
306	25	1
306	26	1
306	27	1
306	28	1
306	29	1
306	30	0
306	31	1
306	32	1
306	33	1
306	34	0
306	35	1
306	36	1
306	37	1
306	38	1
306	39	1
306	40	1
307	1	1
307	2	1
307	3	1
307	4	0
307	5	0
307	6	0
307	7	1
307	8	1
307	9	1
307	10	1
307	11	1
307	12	1
307	13	1
307	14	1
307	15	0
307	16	1
307	17	0
307	18	1
307	19	1
307	20	0
307	21	1
307	22	1
307	23	1
307	24	1
307	25	0
307	26	1
307	27	1
307	28	1
307	29	1
307	30	1
307	31	1
307	32	1
307	33	1
307	34	1
307	35	1
307	36	0
307	37	1
307	38	0
307	39	1
307	40	1
308	1	1
308	2	1
308	3	1
308	4	1
308	5	1
308	6	1
308	7	1
308	8	1
308	9	0
308	10	1
308	11	0
308	12	0
308	13	1
308	14	1
308	15	1
308	16	1
308	17	1
308	18	1
308	19	1
308	20	1
308	21	1
308	22	1
308	23	1
308	24	1
308	25	1
308	26	1
308	27	1
308	28	1
308	29	1
308	30	0
308	31	1
308	32	1
308	33	1
308	34	0
308	35	1
308	36	1
308	37	1
308	38	1
308	39	1
308	40	1
309	1	0
309	2	1
309	3	0
309	4	1
309	5	0
309	6	0
309	7	0
309	8	1
309	9	0
309	10	0
309	11	0
309	12	0
309	13	0
309	14	0
309	15	0
309	16	1
309	17	0
309	18	0
309	19	0
309	20	0
309	21	1
309	22	1
309	23	0
309	24	1
309	25	0
309	26	1
309	27	1
309	28	0
309	29	1
309	30	0
309	31	1
309	32	1
309	33	0
309	34	0
309	35	1
309	36	1
309	37	1
309	38	1
309	39	0
309	40	1
310	1	1
310	2	1
310	3	1
310	4	1
310	5	1
310	6	1
310	7	1
310	8	1
310	9	0
310	10	1
310	11	0
310	12	0
310	13	1
310	14	1
310	15	1
310	16	1
310	17	1
310	18	1
310	19	1
310	20	1
310	21	1
310	22	1
310	23	1
310	24	1
310	25	1
310	26	1
310	27	1
310	28	1
310	29	1
310	30	0
310	31	1
310	32	1
310	33	1
310	34	0
310	35	1
310	36	1
310	37	1
310	38	1
310	39	1
310	40	1
311	1	1
311	2	1
311	3	1
311	4	1
311	5	1
311	6	1
311	7	1
311	8	1
311	9	1
311	10	0
311	11	1
311	12	1
311	13	1
311	14	1
311	15	1
311	16	1
311	17	1
311	18	1
311	19	1
311	20	1
311	21	0
311	22	0
311	23	1
311	24	1
311	25	1
311	26	1
311	27	1
311	28	1
311	29	0
311	30	1
311	31	0
311	32	1
311	33	1
311	34	1
311	35	1
311	36	1
311	37	0
311	38	1
311	39	1
311	40	1
312	1	0
312	2	1
312	3	0
312	4	0
312	5	0
312	6	0
312	7	1
312	8	1
312	9	0
312	10	1
312	11	0
312	12	1
312	13	0
312	14	1
312	15	0
312	16	1
312	17	0
312	18	1
312	19	1
312	20	0
312	21	1
312	22	1
312	23	0
312	24	1
312	25	0
312	26	1
312	27	1
312	28	0
312	29	1
312	30	0
312	31	1
312	32	1
312	33	1
312	34	1
312	35	1
312	36	0
312	37	1
312	38	0
312	39	0
312	40	1
313	1	1
313	2	1
313	3	1
313	4	0
313	5	0
313	6	0
313	7	1
313	8	1
313	9	1
313	10	1
313	11	1
313	12	1
313	13	1
313	14	1
313	15	0
313	16	1
313	17	0
313	18	1
313	19	1
313	20	0
313	21	1
313	22	1
313	23	1
313	24	1
313	25	0
313	26	1
313	27	1
313	28	1
313	29	1
313	30	1
313	31	1
313	32	1
313	33	1
313	34	1
313	35	1
313	36	0
313	37	1
313	38	0
313	39	1
313	40	1
314	1	1
314	2	1
314	3	1
314	4	1
314	5	1
314	6	1
314	7	1
314	8	1
314	9	1
314	10	0
314	11	1
314	12	1
314	13	1
314	14	1
314	15	1
314	16	1
314	17	1
314	18	1
314	19	1
314	20	1
314	21	0
314	22	0
314	23	1
314	24	1
314	25	1
314	26	1
314	27	1
314	28	1
314	29	0
314	30	1
314	31	0
314	32	1
314	33	1
314	34	1
314	35	1
314	36	1
314	37	0
314	38	1
314	39	1
314	40	1
315	1	1
315	2	1
315	3	1
315	4	1
315	5	1
315	6	1
315	7	1
315	8	1
315	9	0
315	10	1
315	11	0
315	12	0
315	13	1
315	14	1
315	15	1
315	16	1
315	17	1
315	18	1
315	19	1
315	20	1
315	21	1
315	22	1
315	23	1
315	24	1
315	25	1
315	26	1
315	27	1
315	28	1
315	29	1
315	30	0
315	31	1
315	32	1
315	33	1
315	34	0
315	35	1
315	36	1
315	37	1
315	38	1
315	39	1
315	40	1
316	1	0
316	2	1
316	3	1
316	4	0
316	5	0
316	6	0
316	7	1
316	8	1
316	9	0
316	10	1
316	11	0
316	12	0
316	13	1
316	14	1
316	15	0
316	16	1
316	17	0
316	18	1
316	19	0
316	20	0
316	21	1
316	22	1
316	23	0
316	24	1
316	25	0
316	26	1
316	27	1
316	28	1
316	29	1
316	30	0
316	31	1
316	32	0
316	33	1
316	34	0
316	35	1
316	36	0
316	37	1
316	38	0
316	39	1
316	40	0
317	1	0
317	2	1
317	3	1
317	4	0
317	5	0
317	6	0
317	7	1
317	8	1
317	9	0
317	10	1
317	11	0
317	12	0
317	13	1
317	14	1
317	15	0
317	16	1
317	17	0
317	18	1
317	19	0
317	20	0
317	21	1
317	22	1
317	23	0
317	24	1
317	25	0
317	26	1
317	27	1
317	28	1
317	29	1
317	30	0
317	31	1
317	32	0
317	33	1
317	34	0
317	35	1
317	36	0
317	37	1
317	38	0
317	39	1
317	40	0
318	1	1
318	2	1
318	3	1
318	4	0
318	5	0
318	6	0
318	7	1
318	8	1
318	9	1
318	10	1
318	11	1
318	12	1
318	13	1
318	14	1
318	15	0
318	16	1
318	17	0
318	18	1
318	19	1
318	20	0
318	21	1
318	22	1
318	23	1
318	24	1
318	25	0
318	26	1
318	27	1
318	28	1
318	29	1
318	30	1
318	31	1
318	32	1
318	33	1
318	34	1
318	35	1
318	36	0
318	37	1
318	38	0
318	39	1
318	40	1
319	1	1
319	2	1
319	3	1
319	4	0
319	5	0
319	6	0
319	7	1
319	8	1
319	9	1
319	10	1
319	11	1
319	12	1
319	13	1
319	14	1
319	15	0
319	16	1
319	17	0
319	18	1
319	19	1
319	20	0
319	21	1
319	22	1
319	23	1
319	24	1
319	25	0
319	26	1
319	27	1
319	28	1
319	29	1
319	30	1
319	31	1
319	32	1
319	33	1
319	34	1
319	35	1
319	36	0
319	37	1
319	38	0
319	39	1
319	40	1
320	1	1
320	2	1
320	3	0
320	4	0
320	5	0
320	6	0
320	7	1
320	8	1
320	9	1
320	10	1
320	11	1
320	12	1
320	13	0
320	14	0
320	15	0
320	16	1
320	17	0
320	18	0
320	19	1
320	20	0
320	21	1
320	22	1
320	23	1
320	24	1
320	25	0
320	26	1
320	27	0
320	28	1
320	29	1
320	30	1
320	31	1
320	32	1
320	33	0
320	34	1
320	35	1
320	36	0
320	37	1
320	38	0
320	39	1
320	40	1
321	1	1
321	2	1
321	3	1
321	4	0
321	5	0
321	6	0
321	7	1
321	8	1
321	9	1
321	10	1
321	11	1
321	12	1
321	13	1
321	14	1
321	15	0
321	16	1
321	17	0
321	18	1
321	19	1
321	20	0
321	21	1
321	22	1
321	23	1
321	24	1
321	25	0
321	26	1
321	27	1
321	28	1
321	29	1
321	30	1
321	31	1
321	32	1
321	33	1
321	34	1
321	35	1
321	36	0
321	37	1
321	38	0
321	39	1
321	40	1
322	1	0
322	2	1
322	3	1
322	4	1
322	5	0
322	6	0
322	7	0
322	8	1
322	9	0
322	10	0
322	11	0
322	12	0
322	13	0
322	14	0
322	15	1
322	16	1
322	17	0
322	18	0
322	19	0
322	20	0
322	21	1
322	22	1
322	23	0
322	24	1
322	25	0
322	26	1
322	27	1
322	28	1
322	29	1
322	30	0
322	31	1
322	32	1
322	33	0
322	34	0
322	35	1
322	36	1
322	37	1
322	38	1
322	39	1
322	40	1
323	1	1
323	2	1
323	3	1
323	4	1
323	5	1
323	6	1
323	7	1
323	8	1
323	9	1
323	10	0
323	11	1
323	12	1
323	13	1
323	14	1
323	15	1
323	16	1
323	17	1
323	18	1
323	19	1
323	20	1
323	21	0
323	22	0
323	23	1
323	24	1
323	25	1
323	26	1
323	27	1
323	28	1
323	29	0
323	30	1
323	31	0
323	32	1
323	33	1
323	34	1
323	35	1
323	36	1
323	37	0
323	38	1
323	39	1
323	40	1
324	1	1
324	2	1
324	3	1
324	4	0
324	5	0
324	6	0
324	7	1
324	8	1
324	9	1
324	10	1
324	11	1
324	12	1
324	13	1
324	14	1
324	15	0
324	16	1
324	17	0
324	18	1
324	19	1
324	20	0
324	21	1
324	22	1
324	23	1
324	24	1
324	25	0
324	26	1
324	27	1
324	28	1
324	29	1
324	30	1
324	31	1
324	32	1
324	33	1
324	34	1
324	35	1
324	36	0
324	37	1
324	38	0
324	39	1
324	40	1
325	1	1
325	2	1
325	3	1
325	4	0
325	5	0
325	6	0
325	7	1
325	8	1
325	9	1
325	10	1
325	11	1
325	12	1
325	13	1
325	14	1
325	15	0
325	16	1
325	17	0
325	18	1
325	19	1
325	20	0
325	21	1
325	22	1
325	23	1
325	24	1
325	25	0
325	26	1
325	27	1
325	28	1
325	29	1
325	30	1
325	31	1
325	32	1
325	33	1
325	34	1
325	35	1
325	36	0
325	37	1
325	38	0
325	39	1
325	40	1
326	1	1
326	2	0
326	3	0
326	4	0
326	5	0
326	6	0
326	7	1
326	8	1
326	9	0
326	10	1
326	11	1
326	12	1
326	13	0
326	14	0
326	15	0
326	16	1
326	17	0
326	18	0
326	19	1
326	20	0
326	21	1
326	22	1
326	23	0
326	24	0
326	25	0
326	26	1
326	27	0
326	28	0
326	29	0
326	30	1
326	31	0
326	32	1
326	33	0
326	34	1
326	35	1
326	36	0
326	37	1
326	38	0
326	39	0
326	40	0
327	1	1
327	2	1
327	3	1
327	4	1
327	5	1
327	6	1
327	7	1
327	8	1
327	9	1
327	10	0
327	11	1
327	12	1
327	13	1
327	14	1
327	15	1
327	16	1
327	17	1
327	18	1
327	19	1
327	20	1
327	21	0
327	22	0
327	23	1
327	24	1
327	25	1
327	26	1
327	27	1
327	28	1
327	29	0
327	30	1
327	31	0
327	32	1
327	33	1
327	34	1
327	35	1
327	36	1
327	37	0
327	38	1
327	39	1
327	40	1
328	1	1
328	2	0
328	3	1
328	4	1
328	5	0
328	6	0
328	7	1
328	8	1
328	9	0
328	10	0
328	11	1
328	12	1
328	13	1
328	14	0
328	15	0
328	16	1
328	17	1
328	18	1
328	19	1
328	20	1
328	21	0
328	22	0
328	23	0
328	24	0
328	25	1
328	26	1
328	27	1
328	28	0
328	29	0
328	30	1
328	31	0
328	32	1
328	33	1
328	34	1
328	35	1
328	36	1
328	37	0
328	38	1
328	39	0
328	40	0
329	1	1
329	2	0
329	3	0
329	4	0
329	5	0
329	6	0
329	7	1
329	8	0
329	9	1
329	10	1
329	11	1
329	12	1
329	13	0
329	14	0
329	15	0
329	16	0
329	17	0
329	18	0
329	19	1
329	20	0
329	21	1
329	22	1
329	23	1
329	24	0
329	25	0
329	26	1
329	27	0
329	28	1
329	29	1
329	30	1
329	31	1
329	32	1
329	33	0
329	34	0
329	35	0
329	36	0
329	37	1
329	38	0
329	39	1
329	40	0
330	1	1
330	2	1
330	3	0
330	4	0
330	5	0
330	6	0
330	7	1
330	8	1
330	9	1
330	10	1
330	11	1
330	12	1
330	13	0
330	14	0
330	15	0
330	16	0
330	17	0
330	18	0
330	19	1
330	20	0
330	21	1
330	22	1
330	23	1
330	24	0
330	25	0
330	26	1
330	27	0
330	28	0
330	29	1
330	30	1
330	31	0
330	32	1
330	33	0
330	34	0
330	35	0
330	36	0
330	37	0
330	38	0
330	39	1
330	40	0
331	1	1
331	2	0
331	3	1
331	4	0
331	5	0
331	6	0
331	7	0
331	8	0
331	9	0
331	10	1
331	11	0
331	12	0
331	13	1
331	14	1
331	15	0
331	16	0
331	17	0
331	18	1
331	19	1
331	20	0
331	21	1
331	22	1
331	23	1
331	24	0
331	25	0
331	26	0
331	27	1
331	28	0
331	29	1
331	30	0
331	31	1
331	32	1
331	33	1
331	34	0
331	35	0
331	36	0
331	37	1
331	38	0
331	39	0
331	40	1
332	1	1
332	2	1
332	3	1
332	4	1
332	5	1
332	6	1
332	7	1
332	8	1
332	9	0
332	10	1
332	11	0
332	12	0
332	13	1
332	14	1
332	15	1
332	16	1
332	17	1
332	18	1
332	19	1
332	20	1
332	21	1
332	22	1
332	23	1
332	24	1
332	25	1
332	26	1
332	27	1
332	28	1
332	29	1
332	30	0
332	31	1
332	32	1
332	33	1
332	34	0
332	35	1
332	36	1
332	37	1
332	38	1
332	39	1
332	40	1
333	1	0
333	2	1
333	3	1
333	4	1
333	5	0
333	6	0
333	7	0
333	8	1
333	9	0
333	10	0
333	11	0
333	12	0
333	13	0
333	14	0
333	15	1
333	16	1
333	17	0
333	18	0
333	19	0
333	20	0
333	21	1
333	22	1
333	23	0
333	24	1
333	25	0
333	26	1
333	27	1
333	28	1
333	29	1
333	30	0
333	31	1
333	32	1
333	33	0
333	34	0
333	35	1
333	36	1
333	37	1
333	38	1
333	39	1
333	40	1
334	1	1
334	2	1
334	3	1
334	4	1
334	5	1
334	6	1
334	7	1
334	8	1
334	9	0
334	10	1
334	11	0
334	12	0
334	13	1
334	14	1
334	15	1
334	16	1
334	17	1
334	18	1
334	19	1
334	20	1
334	21	1
334	22	1
334	23	1
334	24	1
334	25	1
334	26	1
334	27	1
334	28	1
334	29	1
334	30	0
334	31	1
334	32	1
334	33	1
334	34	0
334	35	1
334	36	1
334	37	1
334	38	1
334	39	1
334	40	1
335	1	1
335	2	0
335	3	1
335	4	1
335	5	1
335	6	1
335	7	1
335	8	0
335	9	1
335	10	0
335	11	1
335	12	1
335	13	1
335	14	1
335	15	0
335	16	0
335	17	1
335	18	1
335	19	1
335	20	0
335	21	0
335	22	0
335	23	1
335	24	0
335	25	1
335	26	1
335	27	1
335	28	1
335	29	0
335	30	1
335	31	0
335	32	1
335	33	1
335	34	0
335	35	0
335	36	1
335	37	0
335	38	1
335	39	1
335	40	0
336	1	0
336	2	1
336	3	0
336	4	0
336	5	0
336	6	0
336	7	1
336	8	1
336	9	1
336	10	1
336	11	1
336	12	1
336	13	0
336	14	0
336	15	0
336	16	1
336	17	0
336	18	0
336	19	0
336	20	0
336	21	1
336	22	1
336	23	0
336	24	1
336	25	0
336	26	1
336	27	0
336	28	1
336	29	1
336	30	1
336	31	1
336	32	0
336	33	0
336	34	1
336	35	1
336	36	0
336	37	1
336	38	0
336	39	1
336	40	0
337	1	1
337	2	1
337	3	1
337	4	0
337	5	0
337	6	0
337	7	1
337	8	1
337	9	1
337	10	1
337	11	1
337	12	1
337	13	1
337	14	1
337	15	0
337	16	1
337	17	0
337	18	1
337	19	1
337	20	0
337	21	1
337	22	1
337	23	1
337	24	1
337	25	0
337	26	1
337	27	1
337	28	1
337	29	1
337	30	1
337	31	1
337	32	1
337	33	1
337	34	1
337	35	1
337	36	0
337	37	1
337	38	0
337	39	1
337	40	1
338	1	1
338	2	0
338	3	1
338	4	0
338	5	0
338	6	0
338	7	0
338	8	0
338	9	0
338	10	1
338	11	0
338	12	0
338	13	1
338	14	1
338	15	0
338	16	0
338	17	0
338	18	1
338	19	1
338	20	0
338	21	1
338	22	1
338	23	1
338	24	0
338	25	0
338	26	0
338	27	1
338	28	0
338	29	1
338	30	0
338	31	1
338	32	1
338	33	1
338	34	0
338	35	0
338	36	0
338	37	1
338	38	0
338	39	0
338	40	1
339	1	1
339	2	1
339	3	1
339	4	0
339	5	0
339	6	0
339	7	1
339	8	1
339	9	1
339	10	1
339	11	1
339	12	1
339	13	1
339	14	1
339	15	0
339	16	1
339	17	0
339	18	1
339	19	1
339	20	0
339	21	1
339	22	1
339	23	1
339	24	1
339	25	0
339	26	1
339	27	1
339	28	1
339	29	1
339	30	1
339	31	1
339	32	1
339	33	1
339	34	1
339	35	1
339	36	0
339	37	1
339	38	0
339	39	1
339	40	1
340	1	0
340	2	1
340	3	0
340	4	0
340	5	0
340	6	0
340	7	1
340	8	1
340	9	1
340	10	1
340	11	1
340	12	1
340	13	0
340	14	0
340	15	0
340	16	1
340	17	0
340	18	0
340	19	0
340	20	0
340	21	1
340	22	1
340	23	0
340	24	1
340	25	0
340	26	1
340	27	0
340	28	1
340	29	1
340	30	1
340	31	1
340	32	0
340	33	0
340	34	1
340	35	1
340	36	0
340	37	1
340	38	0
340	39	1
340	40	0
341	1	1
341	2	0
341	3	1
341	4	0
341	5	0
341	6	0
341	7	0
341	8	0
341	9	0
341	10	1
341	11	0
341	12	0
341	13	1
341	14	1
341	15	0
341	16	0
341	17	0
341	18	1
341	19	1
341	20	0
341	21	1
341	22	1
341	23	1
341	24	0
341	25	0
341	26	0
341	27	1
341	28	0
341	29	1
341	30	0
341	31	1
341	32	1
341	33	1
341	34	0
341	35	0
341	36	0
341	37	1
341	38	0
341	39	0
341	40	1
342	1	1
342	2	1
342	3	1
342	4	1
342	5	1
342	6	1
342	7	1
342	8	1
342	9	1
342	10	0
342	11	1
342	12	1
342	13	1
342	14	1
342	15	1
342	16	1
342	17	1
342	18	1
342	19	1
342	20	1
342	21	0
342	22	0
342	23	1
342	24	1
342	25	1
342	26	1
342	27	1
342	28	1
342	29	0
342	30	1
342	31	0
342	32	1
342	33	1
342	34	1
342	35	1
342	36	1
342	37	0
342	38	1
342	39	1
342	40	1
343	1	1
343	2	1
343	3	1
343	4	1
343	5	1
343	6	1
343	7	1
343	8	1
343	9	0
343	10	1
343	11	0
343	12	0
343	13	1
343	14	1
343	15	1
343	16	1
343	17	1
343	18	1
343	19	1
343	20	1
343	21	1
343	22	1
343	23	1
343	24	1
343	25	1
343	26	1
343	27	1
343	28	1
343	29	1
343	30	0
343	31	1
343	32	1
343	33	1
343	34	0
343	35	1
343	36	1
343	37	1
343	38	1
343	39	1
343	40	1
344	1	1
344	2	1
344	3	1
344	4	0
344	5	0
344	6	0
344	7	1
344	8	1
344	9	1
344	10	1
344	11	1
344	12	1
344	13	1
344	14	1
344	15	0
344	16	1
344	17	0
344	18	1
344	19	1
344	20	0
344	21	1
344	22	1
344	23	1
344	24	1
344	25	0
344	26	1
344	27	1
344	28	1
344	29	1
344	30	1
344	31	1
344	32	1
344	33	1
344	34	1
344	35	1
344	36	0
344	37	1
344	38	0
344	39	1
344	40	1
345	1	1
345	2	1
345	3	1
345	4	1
345	5	1
345	6	1
345	7	1
345	8	1
345	9	1
345	10	0
345	11	1
345	12	1
345	13	1
345	14	1
345	15	1
345	16	1
345	17	1
345	18	1
345	19	1
345	20	1
345	21	0
345	22	0
345	23	1
345	24	1
345	25	1
345	26	1
345	27	1
345	28	1
345	29	0
345	30	1
345	31	0
345	32	1
345	33	1
345	34	1
345	35	1
345	36	1
345	37	0
345	38	1
345	39	1
345	40	1
346	1	1
346	2	0
346	3	1
346	4	0
346	5	0
346	6	0
346	7	0
346	8	0
346	9	0
346	10	1
346	11	0
346	12	0
346	13	1
346	14	1
346	15	0
346	16	0
346	17	0
346	18	1
346	19	1
346	20	0
346	21	1
346	22	1
346	23	1
346	24	0
346	25	0
346	26	0
346	27	1
346	28	0
346	29	1
346	30	0
346	31	1
346	32	1
346	33	1
346	34	0
346	35	0
346	36	0
346	37	1
346	38	0
346	39	0
346	40	1
347	1	1
347	2	1
347	3	1
347	4	1
347	5	1
347	6	1
347	7	1
347	8	1
347	9	0
347	10	1
347	11	0
347	12	0
347	13	0
347	14	0
347	15	1
347	16	0
347	17	1
347	18	0
347	19	1
347	20	1
347	21	1
347	22	1
347	23	1
347	24	0
347	25	1
347	26	1
347	27	0
347	28	0
347	29	1
347	30	0
347	31	0
347	32	1
347	33	1
347	34	0
347	35	0
347	36	1
347	37	0
347	38	1
347	39	1
347	40	0
348	1	1
348	2	1
348	3	1
348	4	1
348	5	1
348	6	1
348	7	1
348	8	1
348	9	1
348	10	0
348	11	1
348	12	1
348	13	1
348	14	1
348	15	1
348	16	1
348	17	1
348	18	1
348	19	1
348	20	1
348	21	0
348	22	0
348	23	1
348	24	1
348	25	1
348	26	1
348	27	1
348	28	1
348	29	0
348	30	1
348	31	0
348	32	1
348	33	1
348	34	1
348	35	1
348	36	1
348	37	0
348	38	1
348	39	1
348	40	1
349	1	0
349	2	0
349	3	1
349	4	0
349	5	0
349	6	0
349	7	1
349	8	0
349	9	0
349	10	1
349	11	0
349	12	0
349	13	1
349	14	1
349	15	0
349	16	0
349	17	0
349	18	1
349	19	0
349	20	0
349	21	1
349	22	1
349	23	0
349	24	0
349	25	0
349	26	1
349	27	1
349	28	1
349	29	1
349	30	0
349	31	1
349	32	0
349	33	1
349	34	0
349	35	0
349	36	0
349	37	1
349	38	0
349	39	1
349	40	0
350	1	1
350	2	1
350	3	0
350	4	0
350	5	0
350	6	0
350	7	1
350	8	1
350	9	1
350	10	1
350	11	1
350	12	1
350	13	0
350	14	0
350	15	0
350	16	1
350	17	0
350	18	0
350	19	1
350	20	0
350	21	1
350	22	1
350	23	1
350	24	1
350	25	0
350	26	1
350	27	0
350	28	1
350	29	1
350	30	1
350	31	1
350	32	1
350	33	0
350	34	1
350	35	1
350	36	0
350	37	1
350	38	0
350	39	1
350	40	1
351	1	1
351	2	1
351	3	1
351	4	1
351	5	1
351	6	1
351	7	1
351	8	1
351	9	0
351	10	1
351	11	0
351	12	0
351	13	1
351	14	1
351	15	1
351	16	1
351	17	1
351	18	1
351	19	1
351	20	1
351	21	1
351	22	1
351	23	1
351	24	1
351	25	1
351	26	1
351	27	1
351	28	1
351	29	1
351	30	0
351	31	1
351	32	1
351	33	1
351	34	0
351	35	1
351	36	1
351	37	1
351	38	1
351	39	1
351	40	1
352	1	1
352	2	0
352	3	1
352	4	0
352	5	0
352	6	0
352	7	0
352	8	0
352	9	0
352	10	1
352	11	0
352	12	0
352	13	1
352	14	1
352	15	0
352	16	0
352	17	0
352	18	1
352	19	1
352	20	0
352	21	1
352	22	1
352	23	1
352	24	0
352	25	0
352	26	0
352	27	1
352	28	0
352	29	1
352	30	0
352	31	1
352	32	1
352	33	1
352	34	0
352	35	0
352	36	0
352	37	1
352	38	0
352	39	0
352	40	1
353	1	0
353	2	1
353	3	1
353	4	0
353	5	0
353	6	0
353	7	0
353	8	1
353	9	1
353	10	0
353	11	1
353	12	1
353	13	0
353	14	0
353	15	0
353	16	1
353	17	0
353	18	0
353	19	0
353	20	0
353	21	1
353	22	1
353	23	0
353	24	1
353	25	0
353	26	1
353	27	1
353	28	1
353	29	1
353	30	1
353	31	1
353	32	1
353	33	0
353	34	0
353	35	1
353	36	0
353	37	1
353	38	0
353	39	1
353	40	1
354	1	1
354	2	1
354	3	0
354	4	0
354	5	0
354	6	0
354	7	1
354	8	1
354	9	1
354	10	1
354	11	1
354	12	1
354	13	0
354	14	0
354	15	0
354	16	1
354	17	0
354	18	0
354	19	1
354	20	0
354	21	1
354	22	1
354	23	1
354	24	1
354	25	0
354	26	1
354	27	0
354	28	1
354	29	1
354	30	1
354	31	1
354	32	1
354	33	0
354	34	1
354	35	1
354	36	0
354	37	1
354	38	0
354	39	1
354	40	1
355	1	0
355	2	1
355	3	0
355	4	0
355	5	0
355	6	0
355	7	1
355	8	1
355	9	1
355	10	1
355	11	1
355	12	1
355	13	0
355	14	0
355	15	0
355	16	1
355	17	0
355	18	0
355	19	0
355	20	0
355	21	1
355	22	1
355	23	0
355	24	1
355	25	0
355	26	1
355	27	0
355	28	1
355	29	1
355	30	1
355	31	1
355	32	0
355	33	0
355	34	1
355	35	1
355	36	0
355	37	1
355	38	0
355	39	1
355	40	0
356	1	1
356	2	1
356	3	1
356	4	1
356	5	1
356	6	1
356	7	1
356	8	1
356	9	0
356	10	1
356	11	0
356	12	0
356	13	1
356	14	1
356	15	1
356	16	1
356	17	1
356	18	1
356	19	1
356	20	1
356	21	1
356	22	1
356	23	1
356	24	1
356	25	1
356	26	1
356	27	1
356	28	1
356	29	1
356	30	0
356	31	1
356	32	1
356	33	1
356	34	0
356	35	1
356	36	1
356	37	1
356	38	1
356	39	1
356	40	1
357	1	1
357	2	1
357	3	1
357	4	0
357	5	0
357	6	0
357	7	1
357	8	1
357	9	1
357	10	1
357	11	1
357	12	1
357	13	1
357	14	1
357	15	0
357	16	1
357	17	0
357	18	1
357	19	1
357	20	0
357	21	1
357	22	1
357	23	1
357	24	1
357	25	0
357	26	1
357	27	1
357	28	1
357	29	1
357	30	1
357	31	1
357	32	1
357	33	1
357	34	1
357	35	1
357	36	0
357	37	1
357	38	0
357	39	1
357	40	1
358	1	1
358	2	1
358	3	1
358	4	0
358	5	0
358	6	0
358	7	1
358	8	1
358	9	1
358	10	1
358	11	1
358	12	1
358	13	1
358	14	1
358	15	0
358	16	1
358	17	0
358	18	1
358	19	1
358	20	0
358	21	1
358	22	1
358	23	1
358	24	1
358	25	0
358	26	1
358	27	1
358	28	1
358	29	1
358	30	1
358	31	1
358	32	1
358	33	1
358	34	1
358	35	1
358	36	0
358	37	1
358	38	0
358	39	1
358	40	1
359	1	1
359	2	0
359	3	1
359	4	0
359	5	0
359	6	0
359	7	1
359	8	0
359	9	1
359	10	1
359	11	1
359	12	1
359	13	1
359	14	1
359	15	0
359	16	0
359	17	0
359	18	1
359	19	1
359	20	0
359	21	1
359	22	1
359	23	1
359	24	0
359	25	0
359	26	1
359	27	1
359	28	1
359	29	1
359	30	1
359	31	1
359	32	1
359	33	1
359	34	0
359	35	0
359	36	0
359	37	1
359	38	0
359	39	1
359	40	0
360	1	0
360	2	0
360	3	0
360	4	0
360	5	0
360	6	0
360	7	1
360	8	1
360	9	0
360	10	1
360	11	1
360	12	1
360	13	0
360	14	0
360	15	0
360	16	1
360	17	0
360	18	0
360	19	0
360	20	0
360	21	1
360	22	1
360	23	0
360	24	0
360	25	0
360	26	1
360	27	0
360	28	0
360	29	0
360	30	1
360	31	0
360	32	0
360	33	0
360	34	1
360	35	1
360	36	0
360	37	1
360	38	0
360	39	0
360	40	0
361	1	1
361	2	1
361	3	0
361	4	0
361	5	0
361	6	0
361	7	1
361	8	1
361	9	1
361	10	1
361	11	1
361	12	1
361	13	0
361	14	0
361	15	0
361	16	1
361	17	0
361	18	0
361	19	1
361	20	0
361	21	1
361	22	1
361	23	1
361	24	1
361	25	0
361	26	1
361	27	0
361	28	1
361	29	1
361	30	1
361	31	1
361	32	1
361	33	0
361	34	1
361	35	1
361	36	0
361	37	1
361	38	0
361	39	1
361	40	1
362	1	0
362	2	1
362	3	1
362	4	1
362	5	0
362	6	0
362	7	0
362	8	1
362	9	0
362	10	0
362	11	0
362	12	0
362	13	0
362	14	0
362	15	1
362	16	1
362	17	0
362	18	0
362	19	0
362	20	0
362	21	1
362	22	1
362	23	0
362	24	1
362	25	0
362	26	1
362	27	1
362	28	1
362	29	1
362	30	0
362	31	1
362	32	1
362	33	0
362	34	0
362	35	1
362	36	1
362	37	1
362	38	1
362	39	1
362	40	1
363	1	0
363	2	1
363	3	1
363	4	0
363	5	0
363	6	0
363	7	1
363	8	1
363	9	0
363	10	1
363	11	0
363	12	0
363	13	1
363	14	1
363	15	0
363	16	1
363	17	0
363	18	1
363	19	0
363	20	0
363	21	1
363	22	1
363	23	0
363	24	1
363	25	0
363	26	1
363	27	1
363	28	1
363	29	1
363	30	0
363	31	1
363	32	0
363	33	1
363	34	0
363	35	1
363	36	0
363	37	1
363	38	0
363	39	1
363	40	0
364	1	1
364	2	0
364	3	1
364	4	0
364	5	0
364	6	0
364	7	1
364	8	1
364	9	0
364	10	1
364	11	1
364	12	1
364	13	1
364	14	0
364	15	0
364	16	1
364	17	0
364	18	1
364	19	1
364	20	0
364	21	1
364	22	1
364	23	0
364	24	0
364	25	0
364	26	1
364	27	1
364	28	0
364	29	0
364	30	1
364	31	0
364	32	1
364	33	1
364	34	1
364	35	1
364	36	0
364	37	1
364	38	0
364	39	0
364	40	0
365	1	0
365	2	1
365	3	0
365	4	0
365	5	0
365	6	0
365	7	1
365	8	1
365	9	0
365	10	1
365	11	0
365	12	1
365	13	0
365	14	1
365	15	0
365	16	1
365	17	0
365	18	1
365	19	1
365	20	0
365	21	1
365	22	1
365	23	0
365	24	1
365	25	0
365	26	1
365	27	1
365	28	0
365	29	1
365	30	0
365	31	1
365	32	1
365	33	1
365	34	1
365	35	1
365	36	0
365	37	1
365	38	0
365	39	0
365	40	1
366	1	0
366	2	1
366	3	1
366	4	0
366	5	0
366	6	0
366	7	1
366	8	1
366	9	0
366	10	1
366	11	0
366	12	0
366	13	1
366	14	1
366	15	0
366	16	1
366	17	0
366	18	1
366	19	0
366	20	0
366	21	1
366	22	1
366	23	0
366	24	1
366	25	0
366	26	1
366	27	1
366	28	1
366	29	1
366	30	0
366	31	1
366	32	0
366	33	1
366	34	0
366	35	1
366	36	0
366	37	1
366	38	0
366	39	1
366	40	0
367	1	0
367	2	1
367	3	1
367	4	0
367	5	0
367	6	0
367	7	1
367	8	1
367	9	0
367	10	1
367	11	0
367	12	0
367	13	1
367	14	1
367	15	0
367	16	1
367	17	0
367	18	1
367	19	0
367	20	0
367	21	1
367	22	1
367	23	0
367	24	1
367	25	0
367	26	1
367	27	1
367	28	1
367	29	1
367	30	0
367	31	1
367	32	0
367	33	1
367	34	0
367	35	1
367	36	0
367	37	1
367	38	0
367	39	1
367	40	0
368	1	1
368	2	1
368	3	1
368	4	1
368	5	1
368	6	1
368	7	1
368	8	1
368	9	0
368	10	1
368	11	0
368	12	0
368	13	1
368	14	1
368	15	1
368	16	1
368	17	1
368	18	1
368	19	1
368	20	1
368	21	1
368	22	1
368	23	1
368	24	1
368	25	1
368	26	1
368	27	1
368	28	1
368	29	1
368	30	0
368	31	1
368	32	1
368	33	1
368	34	0
368	35	1
368	36	1
368	37	1
368	38	1
368	39	1
368	40	1
369	1	1
369	2	1
369	3	1
369	4	1
369	5	1
369	6	1
369	7	1
369	8	1
369	9	0
369	10	1
369	11	0
369	12	0
369	13	1
369	14	1
369	15	1
369	16	1
369	17	1
369	18	1
369	19	1
369	20	1
369	21	1
369	22	1
369	23	1
369	24	1
369	25	1
369	26	1
369	27	1
369	28	1
369	29	1
369	30	0
369	31	1
369	32	1
369	33	1
369	34	0
369	35	1
369	36	1
369	37	1
369	38	1
369	39	1
369	40	1
370	1	1
370	2	0
370	3	1
370	4	1
370	5	1
370	6	1
370	7	1
370	8	0
370	9	0
370	10	1
370	11	0
370	12	0
370	13	1
370	14	1
370	15	0
370	16	0
370	17	1
370	18	1
370	19	1
370	20	0
370	21	1
370	22	1
370	23	1
370	24	0
370	25	1
370	26	1
370	27	1
370	28	1
370	29	1
370	30	0
370	31	1
370	32	1
370	33	1
370	34	0
370	35	0
370	36	1
370	37	1
370	38	1
370	39	1
370	40	0
371	1	1
371	2	1
371	3	1
371	4	1
371	5	1
371	6	1
371	7	1
371	8	1
371	9	1
371	10	0
371	11	1
371	12	1
371	13	1
371	14	1
371	15	1
371	16	1
371	17	1
371	18	1
371	19	1
371	20	1
371	21	0
371	22	0
371	23	1
371	24	1
371	25	1
371	26	1
371	27	1
371	28	1
371	29	0
371	30	1
371	31	0
371	32	1
371	33	1
371	34	1
371	35	1
371	36	1
371	37	0
371	38	1
371	39	1
371	40	1
372	1	1
372	2	1
372	3	1
372	4	1
372	5	1
372	6	1
372	7	1
372	8	1
372	9	1
372	10	0
372	11	1
372	12	1
372	13	1
372	14	1
372	15	1
372	16	1
372	17	1
372	18	1
372	19	1
372	20	1
372	21	0
372	22	0
372	23	1
372	24	1
372	25	1
372	26	1
372	27	1
372	28	1
372	29	0
372	30	1
372	31	0
372	32	1
372	33	1
372	34	1
372	35	1
372	36	1
372	37	0
372	38	1
372	39	1
372	40	1
373	1	1
373	2	1
373	3	0
373	4	0
373	5	0
373	6	0
373	7	1
373	8	1
373	9	1
373	10	1
373	11	1
373	12	1
373	13	0
373	14	0
373	15	0
373	16	1
373	17	0
373	18	0
373	19	1
373	20	0
373	21	1
373	22	1
373	23	1
373	24	1
373	25	0
373	26	1
373	27	0
373	28	1
373	29	1
373	30	1
373	31	1
373	32	1
373	33	0
373	34	1
373	35	1
373	36	0
373	37	1
373	38	0
373	39	1
373	40	1
374	1	1
374	2	1
374	3	1
374	4	1
374	5	1
374	6	1
374	7	1
374	8	1
374	9	1
374	10	0
374	11	1
374	12	1
374	13	1
374	14	1
374	15	1
374	16	1
374	17	1
374	18	1
374	19	1
374	20	1
374	21	0
374	22	0
374	23	1
374	24	1
374	25	1
374	26	1
374	27	1
374	28	1
374	29	0
374	30	1
374	31	0
374	32	1
374	33	1
374	34	1
374	35	1
374	36	1
374	37	0
374	38	1
374	39	1
374	40	1
375	1	0
375	2	1
375	3	0
375	4	0
375	5	0
375	6	0
375	7	1
375	8	1
375	9	0
375	10	1
375	11	0
375	12	1
375	13	0
375	14	0
375	15	0
375	16	1
375	17	0
375	18	0
375	19	1
375	20	0
375	21	1
375	22	1
375	23	0
375	24	1
375	25	0
375	26	1
375	27	0
375	28	0
375	29	1
375	30	0
375	31	1
375	32	1
375	33	0
375	34	1
375	35	1
375	36	0
375	37	1
375	38	0
375	39	0
375	40	1
376	1	1
376	2	0
376	3	1
376	4	0
376	5	0
376	6	0
376	7	0
376	8	0
376	9	0
376	10	1
376	11	0
376	12	0
376	13	1
376	14	1
376	15	0
376	16	0
376	17	0
376	18	1
376	19	1
376	20	0
376	21	1
376	22	1
376	23	1
376	24	0
376	25	0
376	26	0
376	27	1
376	28	0
376	29	1
376	30	0
376	31	1
376	32	1
376	33	1
376	34	0
376	35	0
376	36	0
376	37	1
376	38	0
376	39	0
376	40	1
377	1	1
377	2	1
377	3	1
377	4	1
377	5	1
377	6	1
377	7	1
377	8	1
377	9	1
377	10	0
377	11	1
377	12	1
377	13	1
377	14	1
377	15	1
377	16	1
377	17	1
377	18	1
377	19	1
377	20	1
377	21	0
377	22	0
377	23	1
377	24	1
377	25	1
377	26	1
377	27	1
377	28	1
377	29	0
377	30	1
377	31	0
377	32	1
377	33	1
377	34	1
377	35	1
377	36	1
377	37	0
377	38	1
377	39	1
377	40	1
378	1	1
378	2	0
378	3	1
378	4	0
378	5	0
378	6	0
378	7	0
378	8	0
378	9	0
378	10	1
378	11	0
378	12	0
378	13	1
378	14	1
378	15	0
378	16	0
378	17	0
378	18	1
378	19	1
378	20	0
378	21	1
378	22	1
378	23	1
378	24	0
378	25	0
378	26	0
378	27	1
378	28	0
378	29	1
378	30	0
378	31	1
378	32	1
378	33	1
378	34	0
378	35	0
378	36	0
378	37	1
378	38	0
378	39	0
378	40	1
379	1	1
379	2	1
379	3	0
379	4	0
379	5	0
379	6	0
379	7	1
379	8	1
379	9	1
379	10	1
379	11	1
379	12	1
379	13	0
379	14	0
379	15	0
379	16	1
379	17	0
379	18	0
379	19	1
379	20	0
379	21	1
379	22	1
379	23	1
379	24	1
379	25	0
379	26	1
379	27	0
379	28	1
379	29	1
379	30	1
379	31	1
379	32	1
379	33	0
379	34	1
379	35	1
379	36	0
379	37	1
379	38	0
379	39	1
379	40	1
380	1	0
380	2	1
380	3	0
380	4	0
380	5	0
380	6	0
380	7	1
380	8	1
380	9	1
380	10	1
380	11	1
380	12	1
380	13	0
380	14	0
380	15	0
380	16	1
380	17	0
380	18	0
380	19	0
380	20	0
380	21	1
380	22	1
380	23	0
380	24	1
380	25	0
380	26	1
380	27	0
380	28	1
380	29	1
380	30	1
380	31	1
380	32	0
380	33	0
380	34	1
380	35	1
380	36	0
380	37	1
380	38	0
380	39	1
380	40	0
381	1	1
381	2	1
381	3	1
381	4	0
381	5	0
381	6	0
381	7	1
381	8	1
381	9	1
381	10	1
381	11	1
381	12	1
381	13	1
381	14	1
381	15	0
381	16	1
381	17	0
381	18	1
381	19	1
381	20	0
381	21	1
381	22	1
381	23	1
381	24	1
381	25	0
381	26	1
381	27	1
381	28	1
381	29	1
381	30	1
381	31	1
381	32	1
381	33	1
381	34	1
381	35	1
381	36	0
381	37	1
381	38	0
381	39	1
381	40	1
382	1	1
382	2	1
382	3	0
382	4	0
382	5	0
382	6	0
382	7	1
382	8	1
382	9	1
382	10	1
382	11	1
382	12	1
382	13	0
382	14	0
382	15	0
382	16	1
382	17	0
382	18	0
382	19	1
382	20	0
382	21	1
382	22	1
382	23	1
382	24	1
382	25	0
382	26	1
382	27	0
382	28	1
382	29	1
382	30	1
382	31	1
382	32	1
382	33	0
382	34	1
382	35	1
382	36	0
382	37	1
382	38	0
382	39	1
382	40	1
383	1	1
383	2	0
383	3	1
383	4	0
383	5	0
383	6	0
383	7	0
383	8	0
383	9	0
383	10	1
383	11	0
383	12	0
383	13	1
383	14	1
383	15	0
383	16	0
383	17	0
383	18	1
383	19	1
383	20	0
383	21	1
383	22	1
383	23	1
383	24	0
383	25	0
383	26	0
383	27	1
383	28	0
383	29	1
383	30	0
383	31	1
383	32	1
383	33	1
383	34	0
383	35	0
383	36	0
383	37	1
383	38	0
383	39	0
383	40	0
384	1	0
384	2	0
384	3	0
384	4	0
384	5	0
384	6	0
384	7	0
384	8	0
384	9	0
384	10	1
384	11	0
384	12	0
384	13	0
384	14	1
384	15	0
384	16	0
384	17	0
384	18	1
384	19	1
384	20	0
384	21	1
384	22	1
384	23	0
384	24	0
384	25	0
384	26	0
384	27	1
384	28	0
384	29	1
384	30	0
384	31	1
384	32	1
384	33	1
384	34	0
384	35	0
384	36	0
384	37	1
384	38	0
384	39	0
384	40	1
385	1	1
385	2	0
385	3	1
385	4	0
385	5	0
385	6	0
385	7	1
385	8	0
385	9	1
385	10	1
385	11	1
385	12	1
385	13	1
385	14	1
385	15	0
385	16	0
385	17	0
385	18	1
385	19	1
385	20	0
385	21	1
385	22	1
385	23	1
385	24	0
385	25	0
385	26	1
385	27	1
385	28	1
385	29	1
385	30	1
385	31	1
385	32	1
385	33	1
385	34	0
385	35	0
385	36	0
385	37	1
385	38	0
385	39	1
385	40	0
386	1	0
386	2	0
386	3	0
386	4	0
386	5	0
386	6	0
386	7	1
386	8	1
386	9	0
386	10	1
386	11	0
386	12	0
386	13	0
386	14	0
386	15	0
386	16	1
386	17	0
386	18	1
386	19	0
386	20	0
386	21	1
386	22	1
386	23	0
386	24	0
386	25	0
386	26	1
386	27	1
386	28	0
386	29	0
386	30	0
386	31	0
386	32	0
386	33	1
386	34	0
386	35	1
386	36	0
386	37	1
386	38	0
386	39	0
386	40	0
387	1	0
387	2	1
387	3	1
387	4	0
387	5	0
387	6	0
387	7	1
387	8	1
387	9	0
387	10	1
387	11	0
387	12	0
387	13	1
387	14	1
387	15	0
387	16	1
387	17	0
387	18	1
387	19	0
387	20	0
387	21	1
387	22	1
387	23	0
387	24	1
387	25	0
387	26	1
387	27	1
387	28	1
387	29	1
387	30	0
387	31	1
387	32	0
387	33	1
387	34	0
387	35	1
387	36	0
387	37	1
387	38	0
387	39	1
387	40	0
388	1	1
388	2	1
388	3	1
388	4	1
388	5	1
388	6	1
388	7	1
388	8	1
388	9	0
388	10	1
388	11	0
388	12	0
388	13	1
388	14	1
388	15	1
388	16	1
388	17	1
388	18	1
388	19	1
388	20	1
388	21	1
388	22	1
388	23	1
388	24	1
388	25	1
388	26	1
388	27	1
388	28	1
388	29	1
388	30	0
388	31	1
388	32	1
388	33	1
388	34	0
388	35	1
388	36	1
388	37	1
388	38	1
388	39	1
388	40	1
389	1	1
389	2	1
389	3	1
389	4	0
389	5	0
389	6	0
389	7	1
389	8	1
389	9	1
389	10	1
389	11	1
389	12	1
389	13	1
389	14	1
389	15	0
389	16	1
389	17	0
389	18	1
389	19	1
389	20	0
389	21	1
389	22	1
389	23	1
389	24	1
389	25	0
389	26	1
389	27	1
389	28	1
389	29	1
389	30	1
389	31	1
389	32	1
389	33	1
389	34	1
389	35	1
389	36	0
389	37	1
389	38	0
389	39	1
389	40	1
390	1	0
390	2	1
390	3	1
390	4	0
390	5	0
390	6	0
390	7	1
390	8	1
390	9	0
390	10	1
390	11	0
390	12	0
390	13	1
390	14	1
390	15	0
390	16	1
390	17	0
390	18	1
390	19	0
390	20	0
390	21	1
390	22	1
390	23	0
390	24	1
390	25	0
390	26	1
390	27	1
390	28	1
390	29	1
390	30	0
390	31	1
390	32	0
390	33	1
390	34	0
390	35	1
390	36	0
390	37	1
390	38	0
390	39	1
390	40	0
391	1	0
391	2	0
391	3	0
391	4	0
391	5	0
391	6	0
391	7	0
391	8	0
391	9	0
391	10	1
391	11	0
391	12	0
391	13	0
391	14	0
391	15	0
391	16	0
391	17	0
391	18	1
391	19	1
391	20	0
391	21	1
391	22	1
391	23	0
391	24	0
391	25	0
391	26	0
391	27	1
391	28	0
391	29	0
391	30	0
391	31	0
391	32	1
391	33	1
391	34	0
391	35	0
391	36	0
391	37	1
391	38	0
391	39	0
391	40	0
392	1	1
392	2	1
392	3	1
392	4	1
392	5	1
392	6	1
392	7	1
392	8	1
392	9	0
392	10	1
392	11	0
392	12	0
392	13	1
392	14	1
392	15	1
392	16	1
392	17	1
392	18	1
392	19	1
392	20	1
392	21	1
392	22	1
392	23	1
392	24	1
392	25	1
392	26	1
392	27	1
392	28	1
392	29	1
392	30	0
392	31	1
392	32	1
392	33	1
392	34	0
392	35	1
392	36	1
392	37	1
392	38	1
392	39	1
392	40	1
393	1	1
393	2	1
393	3	1
393	4	1
393	5	1
393	6	1
393	7	1
393	8	1
393	9	0
393	10	1
393	11	0
393	12	0
393	13	1
393	14	1
393	15	1
393	16	1
393	17	1
393	18	1
393	19	1
393	20	1
393	21	1
393	22	1
393	23	1
393	24	1
393	25	1
393	26	1
393	27	1
393	28	1
393	29	1
393	30	0
393	31	1
393	32	1
393	33	1
393	34	0
393	35	1
393	36	1
393	37	1
393	38	1
393	39	1
393	40	1
394	1	1
394	2	1
394	3	1
394	4	1
394	5	1
394	6	1
394	7	1
394	8	1
394	9	0
394	10	1
394	11	0
394	12	0
394	13	1
394	14	1
394	15	1
394	16	1
394	17	1
394	18	1
394	19	1
394	20	1
394	21	1
394	22	1
394	23	1
394	24	1
394	25	1
394	26	1
394	27	1
394	28	1
394	29	1
394	30	0
394	31	1
394	32	1
394	33	1
394	34	0
394	35	1
394	36	1
394	37	1
394	38	1
394	39	1
394	40	1
395	1	1
395	2	1
395	3	1
395	4	0
395	5	0
395	6	0
395	7	1
395	8	1
395	9	1
395	10	1
395	11	1
395	12	1
395	13	1
395	14	1
395	15	0
395	16	1
395	17	0
395	18	1
395	19	1
395	20	0
395	21	1
395	22	1
395	23	1
395	24	1
395	25	0
395	26	1
395	27	1
395	28	1
395	29	1
395	30	1
395	31	1
395	32	1
395	33	1
395	34	1
395	35	1
395	36	0
395	37	1
395	38	0
395	39	1
395	40	1
396	1	1
396	2	0
396	3	1
396	4	0
396	5	0
396	6	0
396	7	1
396	8	0
396	9	1
396	10	1
396	11	1
396	12	1
396	13	1
396	14	1
396	15	0
396	16	0
396	17	0
396	18	1
396	19	1
396	20	0
396	21	1
396	22	1
396	23	1
396	24	0
396	25	0
396	26	1
396	27	1
396	28	1
396	29	1
396	30	1
396	31	1
396	32	1
396	33	1
396	34	0
396	35	0
396	36	0
396	37	1
396	38	0
396	39	1
396	40	0
397	1	0
397	2	0
397	3	0
397	4	0
397	5	0
397	6	0
397	7	0
397	8	0
397	9	0
397	10	1
397	11	0
397	12	0
397	13	0
397	14	1
397	15	0
397	16	0
397	17	0
397	18	1
397	19	1
397	20	0
397	21	1
397	22	1
397	23	0
397	24	0
397	25	0
397	26	0
397	27	1
397	28	0
397	29	1
397	30	0
397	31	1
397	32	1
397	33	1
397	34	0
397	35	0
397	36	0
397	37	1
397	38	0
397	39	0
397	40	1
398	1	1
398	2	1
398	3	1
398	4	0
398	5	0
398	6	0
398	7	1
398	8	1
398	9	1
398	10	1
398	11	1
398	12	1
398	13	1
398	14	1
398	15	0
398	16	1
398	17	0
398	18	1
398	19	1
398	20	0
398	21	1
398	22	1
398	23	1
398	24	1
398	25	0
398	26	1
398	27	1
398	28	1
398	29	1
398	30	1
398	31	1
398	32	1
398	33	1
398	34	1
398	35	1
398	36	0
398	37	1
398	38	0
398	39	1
398	40	1
399	1	1
399	2	1
399	3	1
399	4	1
399	5	1
399	6	1
399	7	1
399	8	1
399	9	1
399	10	0
399	11	1
399	12	1
399	13	1
399	14	1
399	15	1
399	16	1
399	17	1
399	18	1
399	19	1
399	20	1
399	21	0
399	22	0
399	23	1
399	24	1
399	25	1
399	26	1
399	27	1
399	28	1
399	29	0
399	30	1
399	31	0
399	32	1
399	33	1
399	34	1
399	35	1
399	36	1
399	37	0
399	38	1
399	39	1
399	40	1
400	1	0
400	2	1
400	3	1
400	4	0
400	5	0
400	6	0
400	7	1
400	8	1
400	9	0
400	10	1
400	11	0
400	12	0
400	13	1
400	14	1
400	15	0
400	16	1
400	17	0
400	18	1
400	19	0
400	20	0
400	21	1
400	22	1
400	23	0
400	24	1
400	25	0
400	26	1
400	27	1
400	28	1
400	29	1
400	30	0
400	31	1
400	32	0
400	33	1
400	34	0
400	35	1
400	36	0
400	37	1
400	38	0
400	39	1
400	40	0
401	1	0
401	2	1
401	3	0
401	4	0
401	5	0
401	6	0
401	7	1
401	8	1
401	9	0
401	10	1
401	11	0
401	12	1
401	13	0
401	14	0
401	15	0
401	16	1
401	17	0
401	18	0
401	19	1
401	20	0
401	21	1
401	22	1
401	23	0
401	24	1
401	25	0
401	26	1
401	27	0
401	28	0
401	29	1
401	30	0
401	31	1
401	32	1
401	33	0
401	34	1
401	35	1
401	36	0
401	37	1
401	38	0
401	39	0
401	40	1
402	1	0
402	2	1
402	3	1
402	4	0
402	5	0
402	6	0
402	7	1
402	8	1
402	9	0
402	10	1
402	11	0
402	12	0
402	13	1
402	14	1
402	15	0
402	16	1
402	17	0
402	18	1
402	19	0
402	20	0
402	21	1
402	22	1
402	23	0
402	24	1
402	25	0
402	26	1
402	27	1
402	28	1
402	29	1
402	30	0
402	31	1
402	32	0
402	33	1
402	34	0
402	35	1
402	36	0
402	37	1
402	38	0
402	39	1
402	40	0
403	1	1
403	2	0
403	3	1
403	4	0
403	5	0
403	6	0
403	7	0
403	8	0
403	9	0
403	10	1
403	11	0
403	12	0
403	13	1
403	14	1
403	15	0
403	16	0
403	17	0
403	18	1
403	19	1
403	20	0
403	21	1
403	22	1
403	23	1
403	24	0
403	25	0
403	26	0
403	27	1
403	28	0
403	29	1
403	30	0
403	31	1
403	32	1
403	33	1
403	34	0
403	35	0
403	36	0
403	37	1
403	38	0
403	39	0
403	40	1
404	1	0
404	2	1
404	3	0
404	4	0
404	5	0
404	6	0
404	7	1
404	8	1
404	9	1
404	10	1
404	11	1
404	12	1
404	13	0
404	14	0
404	15	0
404	16	1
404	17	0
404	18	0
404	19	0
404	20	0
404	21	1
404	22	1
404	23	0
404	24	1
404	25	0
404	26	1
404	27	0
404	28	1
404	29	1
404	30	1
404	31	1
404	32	0
404	33	0
404	34	1
404	35	1
404	36	0
404	37	1
404	38	0
404	39	1
404	40	0
405	1	0
405	2	1
405	3	0
405	4	0
405	5	0
405	6	0
405	7	1
405	8	1
405	9	1
405	10	1
405	11	1
405	12	1
405	13	0
405	14	0
405	15	0
405	16	1
405	17	0
405	18	0
405	19	0
405	20	0
405	21	1
405	22	1
405	23	0
405	24	1
405	25	0
405	26	1
405	27	0
405	28	1
405	29	1
405	30	1
405	31	1
405	32	0
405	33	0
405	34	1
405	35	1
405	36	0
405	37	1
405	38	0
405	39	1
405	40	0
406	1	1
406	2	1
406	3	1
406	4	0
406	5	0
406	6	0
406	7	1
406	8	1
406	9	1
406	10	1
406	11	1
406	12	1
406	13	1
406	14	1
406	15	0
406	16	1
406	17	0
406	18	1
406	19	1
406	20	0
406	21	1
406	22	1
406	23	1
406	24	1
406	25	0
406	26	1
406	27	1
406	28	1
406	29	1
406	30	1
406	31	1
406	32	1
406	33	1
406	34	1
406	35	1
406	36	0
406	37	1
406	38	0
406	39	1
406	40	1
407	1	1
407	2	1
407	3	1
407	4	0
407	5	0
407	6	0
407	7	1
407	8	1
407	9	1
407	10	1
407	11	1
407	12	1
407	13	1
407	14	1
407	15	0
407	16	1
407	17	0
407	18	1
407	19	1
407	20	0
407	21	1
407	22	1
407	23	1
407	24	1
407	25	0
407	26	1
407	27	1
407	28	1
407	29	1
407	30	1
407	31	1
407	32	1
407	33	1
407	34	1
407	35	1
407	36	0
407	37	1
407	38	0
407	39	1
407	40	1
408	1	0
408	2	1
408	3	0
408	4	1
408	5	0
408	6	1
408	7	1
408	8	1
408	9	0
408	10	1
408	11	0
408	12	0
408	13	0
408	14	1
408	15	0
408	16	1
408	17	0
408	18	1
408	19	1
408	20	1
408	21	1
408	22	1
408	23	0
408	24	1
408	25	1
408	26	1
408	27	1
408	28	0
408	29	1
408	30	0
408	31	1
408	32	1
408	33	1
408	34	0
408	35	1
408	36	1
408	37	1
408	38	1
408	39	0
408	40	1
409	1	1
409	2	1
409	3	1
409	4	0
409	5	0
409	6	0
409	7	1
409	8	1
409	9	1
409	10	1
409	11	1
409	12	1
409	13	1
409	14	1
409	15	0
409	16	1
409	17	0
409	18	1
409	19	1
409	20	0
409	21	1
409	22	1
409	23	1
409	24	1
409	25	0
409	26	1
409	27	1
409	28	1
409	29	1
409	30	1
409	31	1
409	32	1
409	33	1
409	34	1
409	35	1
409	36	0
409	37	1
409	38	0
409	39	1
409	40	1
410	1	1
410	2	0
410	3	1
410	4	0
410	5	0
410	6	0
410	7	0
410	8	0
410	9	0
410	10	1
410	11	0
410	12	0
410	13	1
410	14	1
410	15	0
410	16	0
410	17	0
410	18	1
410	19	1
410	20	0
410	21	1
410	22	1
410	23	1
410	24	0
410	25	0
410	26	0
410	27	1
410	28	0
410	29	1
410	30	0
410	31	1
410	32	1
410	33	1
410	34	0
410	35	0
410	36	0
410	37	1
410	38	0
410	39	0
410	40	1
411	1	0
411	2	1
411	3	1
411	4	0
411	5	0
411	6	0
411	7	1
411	8	1
411	9	0
411	10	1
411	11	0
411	12	0
411	13	1
411	14	1
411	15	0
411	16	1
411	17	0
411	18	1
411	19	0
411	20	0
411	21	1
411	22	1
411	23	0
411	24	1
411	25	0
411	26	1
411	27	1
411	28	1
411	29	1
411	30	0
411	31	1
411	32	0
411	33	1
411	34	0
411	35	1
411	36	0
411	37	1
411	38	0
411	39	1
411	40	0
412	1	1
412	2	0
412	3	1
412	4	0
412	5	0
412	6	0
412	7	0
412	8	0
412	9	0
412	10	1
412	11	0
412	12	0
412	13	1
412	14	1
412	15	0
412	16	0
412	17	0
412	18	1
412	19	1
412	20	0
412	21	1
412	22	1
412	23	1
412	24	0
412	25	0
412	26	0
412	27	1
412	28	0
412	29	1
412	30	0
412	31	1
412	32	1
412	33	1
412	34	0
412	35	0
412	36	0
412	37	1
412	38	0
412	39	0
412	40	1
413	1	0
413	2	0
413	3	0
413	4	0
413	5	0
413	6	0
413	7	0
413	8	0
413	9	0
413	10	1
413	11	0
413	12	0
413	13	0
413	14	1
413	15	0
413	16	0
413	17	0
413	18	1
413	19	1
413	20	0
413	21	1
413	22	1
413	23	0
413	24	0
413	25	0
413	26	0
413	27	1
413	28	0
413	29	1
413	30	0
413	31	1
413	32	1
413	33	1
413	34	0
413	35	0
413	36	0
413	37	1
413	38	0
413	39	0
413	40	1
414	1	0
414	2	1
414	3	0
414	4	0
414	5	0
414	6	0
414	7	0
414	8	1
414	9	1
414	10	0
414	11	1
414	12	1
414	13	0
414	14	0
414	15	0
414	16	1
414	17	0
414	18	0
414	19	0
414	20	0
414	21	1
414	22	1
414	23	0
414	24	1
414	25	0
414	26	1
414	27	0
414	28	1
414	29	1
414	30	1
414	31	1
414	32	0
414	33	0
414	34	0
414	35	1
414	36	0
414	37	1
414	38	0
414	39	1
414	40	0
415	1	1
415	2	0
415	3	1
415	4	0
415	5	0
415	6	0
415	7	1
415	8	0
415	9	1
415	10	1
415	11	1
415	12	1
415	13	1
415	14	1
415	15	0
415	16	0
415	17	0
415	18	1
415	19	1
415	20	0
415	21	1
415	22	1
415	23	1
415	24	0
415	25	0
415	26	1
415	27	1
415	28	1
415	29	1
415	30	1
415	31	1
415	32	1
415	33	1
415	34	0
415	35	0
415	36	0
415	37	1
415	38	0
415	39	1
415	40	0
416	1	0
416	2	1
416	3	1
416	4	0
416	5	0
416	6	0
416	7	1
416	8	1
416	9	0
416	10	1
416	11	0
416	12	0
416	13	1
416	14	1
416	15	0
416	16	1
416	17	0
416	18	1
416	19	0
416	20	0
416	21	1
416	22	1
416	23	0
416	24	1
416	25	0
416	26	1
416	27	1
416	28	1
416	29	1
416	30	0
416	31	1
416	32	0
416	33	1
416	34	0
416	35	1
416	36	0
416	37	1
416	38	0
416	39	1
416	40	0
417	1	0
417	2	1
417	3	0
417	4	0
417	5	0
417	6	0
417	7	1
417	8	1
417	9	0
417	10	1
417	11	0
417	12	1
417	13	0
417	14	0
417	15	0
417	16	1
417	17	0
417	18	0
417	19	1
417	20	0
417	21	1
417	22	1
417	23	0
417	24	1
417	25	0
417	26	1
417	27	0
417	28	0
417	29	1
417	30	0
417	31	1
417	32	1
417	33	0
417	34	1
417	35	1
417	36	0
417	37	1
417	38	0
417	39	0
417	40	1
418	1	0
418	2	1
418	3	1
418	4	0
418	5	0
418	6	0
418	7	1
418	8	1
418	9	0
418	10	1
418	11	0
418	12	0
418	13	1
418	14	1
418	15	0
418	16	1
418	17	0
418	18	1
418	19	0
418	20	0
418	21	1
418	22	1
418	23	0
418	24	1
418	25	0
418	26	1
418	27	1
418	28	1
418	29	1
418	30	0
418	31	1
418	32	0
418	33	1
418	34	0
418	35	1
418	36	0
418	37	1
418	38	0
418	39	1
418	40	0
419	1	1
419	2	1
419	3	0
419	4	0
419	5	0
419	6	0
419	7	1
419	8	1
419	9	1
419	10	1
419	11	1
419	12	1
419	13	0
419	14	0
419	15	0
419	16	1
419	17	0
419	18	0
419	19	1
419	20	0
419	21	1
419	22	1
419	23	1
419	24	1
419	25	0
419	26	1
419	27	0
419	28	1
419	29	1
419	30	1
419	31	1
419	32	1
419	33	0
419	34	1
419	35	1
419	36	0
419	37	1
419	38	0
419	39	1
419	40	1
420	1	0
420	2	1
420	3	1
420	4	1
420	5	0
420	6	0
420	7	0
420	8	1
420	9	0
420	10	0
420	11	0
420	12	0
420	13	0
420	14	0
420	15	1
420	16	1
420	17	0
420	18	0
420	19	0
420	20	0
420	21	1
420	22	1
420	23	0
420	24	1
420	25	0
420	26	1
420	27	1
420	28	1
420	29	1
420	30	0
420	31	1
420	32	1
420	33	0
420	34	0
420	35	1
420	36	1
420	37	1
420	38	1
420	39	1
420	40	1
421	1	1
421	2	1
421	3	1
421	4	0
421	5	0
421	6	0
421	7	1
421	8	1
421	9	1
421	10	1
421	11	1
421	12	1
421	13	1
421	14	1
421	15	0
421	16	1
421	17	0
421	18	1
421	19	1
421	20	0
421	21	1
421	22	1
421	23	1
421	24	1
421	25	0
421	26	1
421	27	1
421	28	1
421	29	1
421	30	1
421	31	1
421	32	1
421	33	1
421	34	1
421	35	1
421	36	0
421	37	1
421	38	0
421	39	1
421	40	1
422	1	1
422	2	0
422	3	1
422	4	0
422	5	0
422	6	0
422	7	0
422	8	0
422	9	0
422	10	1
422	11	0
422	12	0
422	13	1
422	14	1
422	15	0
422	16	0
422	17	0
422	18	1
422	19	1
422	20	0
422	21	1
422	22	1
422	23	1
422	24	0
422	25	0
422	26	0
422	27	1
422	28	0
422	29	1
422	30	0
422	31	1
422	32	1
422	33	1
422	34	0
422	35	0
422	36	0
422	37	1
422	38	0
422	39	0
422	40	1
423	1	1
423	2	1
423	3	1
423	4	1
423	5	1
423	6	1
423	7	1
423	8	1
423	9	0
423	10	1
423	11	0
423	12	0
423	13	1
423	14	1
423	15	1
423	16	1
423	17	1
423	18	1
423	19	1
423	20	1
423	21	1
423	22	1
423	23	1
423	24	1
423	25	1
423	26	1
423	27	1
423	28	1
423	29	1
423	30	0
423	31	1
423	32	1
423	33	1
423	34	0
423	35	1
423	36	1
423	37	1
423	38	1
423	39	1
423	40	1
424	1	1
424	2	1
424	3	1
424	4	0
424	5	0
424	6	0
424	7	1
424	8	1
424	9	1
424	10	1
424	11	1
424	12	1
424	13	1
424	14	1
424	15	0
424	16	1
424	17	0
424	18	1
424	19	1
424	20	0
424	21	1
424	22	1
424	23	1
424	24	1
424	25	0
424	26	1
424	27	1
424	28	1
424	29	1
424	30	1
424	31	1
424	32	1
424	33	1
424	34	1
424	35	1
424	36	0
424	37	1
424	38	0
424	39	1
424	40	1
425	1	1
425	2	1
425	3	1
425	4	1
425	5	1
425	6	1
425	7	1
425	8	1
425	9	0
425	10	1
425	11	0
425	12	0
425	13	1
425	14	1
425	15	1
425	16	1
425	17	1
425	18	1
425	19	1
425	20	1
425	21	1
425	22	1
425	23	1
425	24	1
425	25	1
425	26	1
425	27	1
425	28	1
425	29	1
425	30	0
425	31	1
425	32	1
425	33	1
425	34	0
425	35	1
425	36	1
425	37	1
425	38	1
425	39	1
425	40	1
426	1	1
426	2	1
426	3	1
426	4	1
426	5	1
426	6	1
426	7	1
426	8	1
426	9	0
426	10	1
426	11	0
426	12	0
426	13	1
426	14	1
426	15	1
426	16	1
426	17	1
426	18	1
426	19	1
426	20	1
426	21	1
426	22	1
426	23	1
426	24	1
426	25	1
426	26	1
426	27	1
426	28	1
426	29	1
426	30	0
426	31	1
426	32	1
426	33	1
426	34	0
426	35	1
426	36	1
426	37	1
426	38	1
426	39	1
426	40	1
427	1	1
427	2	0
427	3	1
427	4	0
427	5	0
427	6	0
427	7	0
427	8	0
427	9	0
427	10	1
427	11	0
427	12	0
427	13	1
427	14	1
427	15	0
427	16	0
427	17	0
427	18	1
427	19	1
427	20	0
427	21	1
427	22	1
427	23	1
427	24	0
427	25	0
427	26	0
427	27	1
427	28	0
427	29	1
427	30	0
427	31	1
427	32	1
427	33	1
427	34	0
427	35	0
427	36	0
427	37	1
427	38	0
427	39	0
427	40	1
428	1	1
428	2	1
428	3	1
428	4	1
428	5	1
428	6	1
428	7	1
428	8	1
428	9	0
428	10	1
428	11	0
428	12	0
428	13	1
428	14	1
428	15	1
428	16	1
428	17	1
428	18	1
428	19	1
428	20	1
428	21	1
428	22	1
428	23	1
428	24	1
428	25	1
428	26	1
428	27	1
428	28	1
428	29	1
428	30	0
428	31	1
428	32	1
428	33	1
428	34	0
428	35	1
428	36	1
428	37	1
428	38	1
428	39	1
428	40	1
429	1	1
429	2	1
429	3	1
429	4	0
429	5	0
429	6	0
429	7	1
429	8	1
429	9	1
429	10	1
429	11	1
429	12	1
429	13	1
429	14	1
429	15	0
429	16	1
429	17	0
429	18	1
429	19	1
429	20	0
429	21	1
429	22	1
429	23	1
429	24	1
429	25	0
429	26	1
429	27	1
429	28	1
429	29	1
429	30	1
429	31	1
429	32	1
429	33	1
429	34	1
429	35	1
429	36	0
429	37	1
429	38	0
429	39	1
429	40	1
430	1	1
430	2	0
430	3	1
430	4	0
430	5	0
430	6	0
430	7	1
430	8	0
430	9	1
430	10	1
430	11	1
430	12	1
430	13	1
430	14	1
430	15	0
430	16	0
430	17	0
430	18	1
430	19	1
430	20	0
430	21	1
430	22	1
430	23	1
430	24	0
430	25	0
430	26	1
430	27	1
430	28	1
430	29	1
430	30	1
430	31	1
430	32	1
430	33	1
430	34	0
430	35	0
430	36	0
430	37	1
430	38	0
430	39	1
430	40	0
431	1	1
431	2	0
431	3	1
431	4	1
431	5	0
431	6	0
431	7	1
431	8	1
431	9	0
431	10	1
431	11	0
431	12	0
431	13	1
431	14	0
431	15	0
431	16	1
431	17	1
431	18	1
431	19	1
431	20	1
431	21	1
431	22	1
431	23	0
431	24	0
431	25	1
431	26	1
431	27	1
431	28	0
431	29	0
431	30	0
431	31	0
431	32	1
431	33	1
431	34	0
431	35	1
431	36	1
431	37	1
431	38	1
431	39	0
431	40	0
432	1	1
432	2	1
432	3	1
432	4	0
432	5	0
432	6	0
432	7	1
432	8	1
432	9	1
432	10	1
432	11	1
432	12	1
432	13	1
432	14	1
432	15	0
432	16	1
432	17	0
432	18	1
432	19	1
432	20	0
432	21	1
432	22	1
432	23	1
432	24	1
432	25	0
432	26	1
432	27	1
432	28	1
432	29	1
432	30	1
432	31	1
432	32	1
432	33	1
432	34	1
432	35	1
432	36	0
432	37	1
432	38	0
432	39	1
432	40	1
433	1	0
433	2	1
433	3	1
433	4	0
433	5	0
433	6	0
433	7	1
433	8	1
433	9	0
433	10	1
433	11	0
433	12	0
433	13	1
433	14	1
433	15	0
433	16	1
433	17	0
433	18	1
433	19	0
433	20	0
433	21	1
433	22	1
433	23	0
433	24	1
433	25	0
433	26	1
433	27	1
433	28	1
433	29	1
433	30	0
433	31	1
433	32	0
433	33	1
433	34	0
433	35	1
433	36	0
433	37	1
433	38	0
433	39	1
433	40	0
434	1	1
434	2	1
434	3	1
434	4	0
434	5	0
434	6	0
434	7	1
434	8	1
434	9	1
434	10	1
434	11	1
434	12	1
434	13	1
434	14	1
434	15	0
434	16	1
434	17	0
434	18	1
434	19	1
434	20	0
434	21	1
434	22	1
434	23	1
434	24	1
434	25	0
434	26	1
434	27	1
434	28	1
434	29	1
434	30	1
434	31	1
434	32	1
434	33	1
434	34	1
434	35	1
434	36	0
434	37	1
434	38	0
434	39	1
434	40	1
435	1	1
435	2	1
435	3	0
435	4	0
435	5	0
435	6	0
435	7	1
435	8	1
435	9	1
435	10	1
435	11	1
435	12	1
435	13	0
435	14	0
435	15	0
435	16	1
435	17	0
435	18	0
435	19	1
435	20	0
435	21	1
435	22	1
435	23	1
435	24	1
435	25	0
435	26	1
435	27	0
435	28	1
435	29	1
435	30	1
435	31	1
435	32	1
435	33	0
435	34	1
435	35	1
435	36	0
435	37	1
435	38	0
435	39	1
435	40	1
436	1	1
436	2	1
436	3	1
436	4	0
436	5	0
436	6	0
436	7	1
436	8	1
436	9	1
436	10	1
436	11	1
436	12	1
436	13	1
436	14	1
436	15	0
436	16	1
436	17	0
436	18	1
436	19	1
436	20	0
436	21	1
436	22	1
436	23	1
436	24	1
436	25	0
436	26	1
436	27	1
436	28	1
436	29	1
436	30	1
436	31	1
436	32	1
436	33	1
436	34	1
436	35	1
436	36	0
436	37	1
436	38	0
436	39	1
436	40	1
437	1	1
437	2	0
437	3	1
437	4	0
437	5	0
437	6	0
437	7	1
437	8	1
437	9	0
437	10	1
437	11	1
437	12	1
437	13	1
437	14	0
437	15	0
437	16	1
437	17	0
437	18	1
437	19	1
437	20	0
437	21	1
437	22	1
437	23	0
437	24	0
437	25	0
437	26	1
437	27	1
437	28	0
437	29	0
437	30	1
437	31	0
437	32	1
437	33	1
437	34	1
437	35	1
437	36	0
437	37	1
437	38	0
437	39	0
437	40	0
438	1	0
438	2	0
438	3	0
438	4	1
438	5	0
438	6	1
438	7	1
438	8	0
438	9	0
438	10	0
438	11	0
438	12	1
438	13	0
438	14	1
438	15	0
438	16	0
438	17	0
438	18	1
438	19	1
438	20	0
438	21	0
438	22	0
438	23	0
438	24	0
438	25	1
438	26	1
438	27	1
438	28	0
438	29	0
438	30	0
438	31	0
438	32	1
438	33	1
438	34	0
438	35	0
438	36	1
438	37	0
438	38	1
438	39	0
438	40	0
439	1	1
439	2	1
439	3	1
439	4	0
439	5	0
439	6	0
439	7	1
439	8	1
439	9	1
439	10	1
439	11	1
439	12	1
439	13	1
439	14	1
439	15	0
439	16	1
439	17	0
439	18	1
439	19	1
439	20	0
439	21	1
439	22	1
439	23	1
439	24	1
439	25	0
439	26	1
439	27	1
439	28	1
439	29	1
439	30	1
439	31	1
439	32	1
439	33	1
439	34	1
439	35	1
439	36	0
439	37	1
439	38	0
439	39	1
439	40	1
440	1	1
440	2	1
440	3	1
440	4	1
440	5	1
440	6	1
440	7	1
440	8	1
440	9	0
440	10	1
440	11	0
440	12	0
440	13	0
440	14	0
440	15	1
440	16	0
440	17	1
440	18	0
440	19	1
440	20	1
440	21	1
440	22	1
440	23	1
440	24	0
440	25	1
440	26	1
440	27	0
440	28	0
440	29	1
440	30	0
440	31	0
440	32	1
440	33	1
440	34	0
440	35	0
440	36	1
440	37	0
440	38	1
440	39	1
440	40	0
441	1	0
441	2	1
441	3	1
441	4	0
441	5	0
441	6	0
441	7	0
441	8	1
441	9	1
441	10	0
441	11	1
441	12	1
441	13	0
441	14	0
441	15	0
441	16	1
441	17	0
441	18	0
441	19	0
441	20	0
441	21	1
441	22	1
441	23	0
441	24	1
441	25	0
441	26	1
441	27	1
441	28	1
441	29	1
441	30	1
441	31	1
441	32	1
441	33	0
441	34	0
441	35	1
441	36	0
441	37	1
441	38	0
441	39	1
441	40	1
442	1	0
442	2	0
442	3	0
442	4	0
442	5	0
442	6	0
442	7	1
442	8	1
442	9	0
442	10	1
442	11	1
442	12	1
442	13	0
442	14	0
442	15	0
442	16	1
442	17	0
442	18	0
442	19	0
442	20	0
442	21	1
442	22	1
442	23	0
442	24	0
442	25	0
442	26	1
442	27	0
442	28	0
442	29	0
442	30	1
442	31	0
442	32	0
442	33	0
442	34	1
442	35	1
442	36	0
442	37	1
442	38	0
442	39	0
442	40	0
443	1	1
443	2	1
443	3	1
443	4	0
443	5	0
443	6	0
443	7	1
443	8	1
443	9	1
443	10	1
443	11	1
443	12	1
443	13	1
443	14	1
443	15	0
443	16	1
443	17	0
443	18	1
443	19	1
443	20	0
443	21	1
443	22	1
443	23	1
443	24	1
443	25	0
443	26	1
443	27	1
443	28	1
443	29	1
443	30	1
443	31	1
443	32	1
443	33	1
443	34	1
443	35	1
443	36	0
443	37	1
443	38	0
443	39	1
443	40	1
444	1	1
444	2	1
444	3	1
444	4	0
444	5	0
444	6	0
444	7	1
444	8	1
444	9	1
444	10	1
444	11	1
444	12	1
444	13	1
444	14	1
444	15	0
444	16	1
444	17	0
444	18	1
444	19	1
444	20	0
444	21	1
444	22	1
444	23	1
444	24	1
444	25	0
444	26	1
444	27	1
444	28	1
444	29	1
444	30	1
444	31	1
444	32	1
444	33	1
444	34	1
444	35	1
444	36	0
444	37	1
444	38	0
444	39	1
444	40	1
445	1	0
445	2	1
445	3	0
445	4	0
445	5	0
445	6	0
445	7	1
445	8	1
445	9	0
445	10	1
445	11	0
445	12	0
445	13	0
445	14	1
445	15	0
445	16	1
445	17	0
445	18	1
445	19	0
445	20	0
445	21	1
445	22	1
445	23	0
445	24	1
445	25	0
445	26	1
445	27	1
445	28	0
445	29	1
445	30	0
445	31	1
445	32	0
445	33	1
445	34	0
445	35	1
445	36	0
445	37	1
445	38	0
445	39	0
445	40	0
446	1	0
446	2	1
446	3	0
446	4	0
446	5	0
446	6	0
446	7	1
446	8	1
446	9	0
446	10	1
446	11	0
446	12	0
446	13	0
446	14	1
446	15	0
446	16	1
446	17	0
446	18	1
446	19	0
446	20	0
446	21	1
446	22	1
446	23	0
446	24	1
446	25	0
446	26	1
446	27	1
446	28	0
446	29	1
446	30	0
446	31	1
446	32	0
446	33	1
446	34	0
446	35	1
446	36	0
446	37	1
446	38	0
446	39	0
446	40	0
447	1	1
447	2	0
447	3	1
447	4	0
447	5	0
447	6	0
447	7	0
447	8	0
447	9	0
447	10	1
447	11	0
447	12	0
447	13	1
447	14	1
447	15	0
447	16	0
447	17	0
447	18	1
447	19	1
447	20	0
447	21	1
447	22	1
447	23	1
447	24	0
447	25	0
447	26	0
447	27	1
447	28	0
447	29	1
447	30	0
447	31	1
447	32	1
447	33	1
447	34	0
447	35	0
447	36	0
447	37	1
447	38	0
447	39	0
447	40	1
448	1	1
448	2	1
448	3	1
448	4	1
448	5	1
448	6	1
448	7	1
448	8	1
448	9	0
448	10	1
448	11	0
448	12	0
448	13	1
448	14	1
448	15	1
448	16	1
448	17	1
448	18	1
448	19	1
448	20	1
448	21	1
448	22	1
448	23	1
448	24	1
448	25	1
448	26	1
448	27	1
448	28	1
448	29	1
448	30	0
448	31	1
448	32	1
448	33	1
448	34	0
448	35	1
448	36	1
448	37	1
448	38	1
448	39	1
448	40	1
449	1	0
449	2	1
449	3	1
449	4	0
449	5	0
449	6	0
449	7	1
449	8	1
449	9	0
449	10	1
449	11	0
449	12	0
449	13	1
449	14	1
449	15	0
449	16	1
449	17	0
449	18	1
449	19	0
449	20	0
449	21	1
449	22	1
449	23	0
449	24	1
449	25	0
449	26	1
449	27	1
449	28	1
449	29	1
449	30	0
449	31	1
449	32	0
449	33	1
449	34	0
449	35	1
449	36	0
449	37	1
449	38	0
449	39	1
449	40	0
450	1	1
450	2	1
450	3	1
450	4	1
450	5	1
450	6	1
450	7	1
450	8	1
450	9	0
450	10	1
450	11	0
450	12	0
450	13	1
450	14	1
450	15	1
450	16	1
450	17	1
450	18	1
450	19	1
450	20	1
450	21	1
450	22	1
450	23	1
450	24	1
450	25	1
450	26	1
450	27	1
450	28	1
450	29	1
450	30	0
450	31	1
450	32	1
450	33	1
450	34	0
450	35	1
450	36	1
450	37	1
450	38	1
450	39	1
450	40	1
451	1	1
451	2	1
451	3	1
451	4	1
451	5	1
451	6	1
451	7	1
451	8	1
451	9	0
451	10	1
451	11	0
451	12	0
451	13	1
451	14	1
451	15	1
451	16	1
451	17	1
451	18	1
451	19	1
451	20	1
451	21	1
451	22	1
451	23	1
451	24	1
451	25	1
451	26	1
451	27	1
451	28	1
451	29	1
451	30	0
451	31	1
451	32	1
451	33	1
451	34	0
451	35	1
451	36	1
451	37	1
451	38	1
451	39	1
451	40	1
452	1	1
452	2	0
452	3	1
452	4	0
452	5	0
452	6	0
452	7	0
452	8	0
452	9	0
452	10	1
452	11	0
452	12	0
452	13	1
452	14	1
452	15	0
452	16	0
452	17	0
452	18	1
452	19	1
452	20	0
452	21	1
452	22	1
452	23	1
452	24	0
452	25	0
452	26	0
452	27	1
452	28	0
452	29	1
452	30	0
452	31	1
452	32	1
452	33	1
452	34	0
452	35	0
452	36	0
452	37	1
452	38	0
452	39	0
452	40	1
453	1	1
453	2	1
453	3	1
453	4	0
453	5	0
453	6	0
453	7	1
453	8	1
453	9	1
453	10	1
453	11	1
453	12	1
453	13	1
453	14	1
453	15	0
453	16	1
453	17	0
453	18	1
453	19	1
453	20	0
453	21	1
453	22	1
453	23	1
453	24	1
453	25	0
453	26	1
453	27	1
453	28	1
453	29	1
453	30	1
453	31	1
453	32	1
453	33	1
453	34	1
453	35	1
453	36	0
453	37	1
453	38	0
453	39	1
453	40	1
454	1	1
454	2	1
454	3	1
454	4	0
454	5	0
454	6	0
454	7	1
454	8	1
454	9	1
454	10	1
454	11	1
454	12	1
454	13	1
454	14	1
454	15	0
454	16	1
454	17	0
454	18	1
454	19	1
454	20	0
454	21	1
454	22	1
454	23	1
454	24	1
454	25	0
454	26	1
454	27	1
454	28	1
454	29	1
454	30	1
454	31	1
454	32	1
454	33	1
454	34	1
454	35	1
454	36	0
454	37	1
454	38	0
454	39	1
454	40	1
455	1	1
455	2	0
455	3	1
455	4	0
455	5	0
455	6	0
455	7	0
455	8	0
455	9	0
455	10	1
455	11	0
455	12	0
455	13	1
455	14	1
455	15	0
455	16	0
455	17	0
455	18	1
455	19	1
455	20	0
455	21	1
455	22	1
455	23	1
455	24	0
455	25	0
455	26	0
455	27	1
455	28	0
455	29	1
455	30	0
455	31	1
455	32	1
455	33	1
455	34	0
455	35	0
455	36	0
455	37	1
455	38	0
455	39	0
455	40	1
456	1	1
456	2	1
456	3	1
456	4	1
456	5	1
456	6	1
456	7	1
456	8	1
456	9	1
456	10	0
456	11	1
456	12	1
456	13	0
456	14	0
456	15	1
456	16	0
456	17	1
456	18	0
456	19	1
456	20	1
456	21	0
456	22	0
456	23	1
456	24	0
456	25	1
456	26	1
456	27	0
456	28	0
456	29	0
456	30	1
456	31	0
456	32	1
456	33	1
456	34	0
456	35	0
456	36	1
456	37	0
456	38	1
456	39	1
456	40	0
457	1	1
457	2	0
457	3	1
457	4	1
457	5	0
457	6	0
457	7	1
457	8	1
457	9	0
457	10	0
457	11	1
457	12	1
457	13	1
457	14	0
457	15	0
457	16	1
457	17	1
457	18	1
457	19	1
457	20	1
457	21	0
457	22	0
457	23	0
457	24	0
457	25	1
457	26	1
457	27	1
457	28	0
457	29	0
457	30	1
457	31	0
457	32	1
457	33	1
457	34	1
457	35	1
457	36	1
457	37	0
457	38	1
457	39	0
457	40	0
458	1	0
458	2	1
458	3	0
458	4	0
458	5	0
458	6	0
458	7	1
458	8	1
458	9	1
458	10	1
458	11	1
458	12	1
458	13	0
458	14	0
458	15	0
458	16	1
458	17	0
458	18	0
458	19	0
458	20	0
458	21	1
458	22	1
458	23	0
458	24	1
458	25	0
458	26	1
458	27	0
458	28	1
458	29	1
458	30	1
458	31	1
458	32	0
458	33	0
458	34	1
458	35	1
458	36	0
458	37	1
458	38	0
458	39	1
458	40	0
459	1	0
459	2	0
459	3	0
459	4	0
459	5	0
459	6	0
459	7	1
459	8	1
459	9	0
459	10	1
459	11	1
459	12	1
459	13	0
459	14	0
459	15	0
459	16	1
459	17	0
459	18	0
459	19	0
459	20	0
459	21	1
459	22	1
459	23	0
459	24	0
459	25	0
459	26	1
459	27	0
459	28	0
459	29	0
459	30	1
459	31	0
459	32	0
459	33	0
459	34	1
459	35	1
459	36	0
459	37	1
459	38	0
459	39	0
459	40	0
460	1	0
460	2	1
460	3	0
460	4	0
460	5	0
460	6	0
460	7	1
460	8	1
460	9	1
460	10	1
460	11	1
460	12	1
460	13	0
460	14	0
460	15	0
460	16	1
460	17	0
460	18	0
460	19	0
460	20	0
460	21	1
460	22	1
460	23	0
460	24	1
460	25	0
460	26	1
460	27	0
460	28	1
460	29	1
460	30	1
460	31	1
460	32	0
460	33	0
460	34	1
460	35	1
460	36	0
460	37	1
460	38	0
460	39	1
460	40	0
461	1	0
461	2	1
461	3	1
461	4	0
461	5	0
461	6	0
461	7	1
461	8	1
461	9	0
461	10	1
461	11	0
461	12	0
461	13	1
461	14	1
461	15	0
461	16	1
461	17	0
461	18	1
461	19	0
461	20	0
461	21	1
461	22	1
461	23	0
461	24	1
461	25	0
461	26	1
461	27	1
461	28	1
461	29	1
461	30	0
461	31	1
461	32	0
461	33	1
461	34	0
461	35	1
461	36	0
461	37	1
461	38	0
461	39	1
461	40	0
462	1	0
462	2	1
462	3	0
462	4	0
462	5	0
462	6	0
462	7	1
462	8	1
462	9	1
462	10	1
462	11	1
462	12	1
462	13	0
462	14	0
462	15	0
462	16	1
462	17	0
462	18	0
462	19	0
462	20	0
462	21	1
462	22	1
462	23	0
462	24	1
462	25	0
462	26	1
462	27	0
462	28	1
462	29	1
462	30	1
462	31	1
462	32	0
462	33	0
462	34	1
462	35	1
462	36	0
462	37	1
462	38	0
462	39	1
462	40	0
463	1	1
463	2	1
463	3	1
463	4	0
463	5	0
463	6	0
463	7	1
463	8	1
463	9	1
463	10	1
463	11	1
463	12	1
463	13	1
463	14	1
463	15	0
463	16	1
463	17	0
463	18	1
463	19	1
463	20	0
463	21	1
463	22	1
463	23	1
463	24	1
463	25	0
463	26	1
463	27	1
463	28	1
463	29	1
463	30	1
463	31	1
463	32	1
463	33	1
463	34	1
463	35	1
463	36	0
463	37	1
463	38	0
463	39	1
463	40	1
464	1	0
464	2	1
464	3	0
464	4	1
464	5	0
464	6	1
464	7	1
464	8	1
464	9	0
464	10	1
464	11	0
464	12	0
464	13	0
464	14	1
464	15	0
464	16	1
464	17	0
464	18	1
464	19	1
464	20	1
464	21	1
464	22	1
464	23	0
464	24	1
464	25	1
464	26	1
464	27	1
464	28	0
464	29	1
464	30	0
464	31	1
464	32	1
464	33	1
464	34	0
464	35	1
464	36	1
464	37	1
464	38	1
464	39	0
464	40	1
465	1	0
465	2	1
465	3	0
465	4	1
465	5	0
465	6	1
465	7	1
465	8	1
465	9	0
465	10	1
465	11	0
465	12	0
465	13	0
465	14	1
465	15	0
465	16	1
465	17	0
465	18	1
465	19	1
465	20	1
465	21	1
465	22	1
465	23	0
465	24	1
465	25	1
465	26	1
465	27	1
465	28	0
465	29	1
465	30	0
465	31	1
465	32	1
465	33	1
465	34	0
465	35	1
465	36	1
465	37	1
465	38	1
465	39	0
465	40	1
466	1	0
466	2	1
466	3	0
466	4	0
466	5	0
466	6	0
466	7	0
466	8	1
466	9	1
466	10	0
466	11	1
466	12	1
466	13	0
466	14	0
466	15	0
466	16	1
466	17	0
466	18	0
466	19	0
466	20	0
466	21	1
466	22	1
466	23	0
466	24	1
466	25	0
466	26	1
466	27	0
466	28	1
466	29	1
466	30	1
466	31	1
466	32	1
466	33	0
466	34	0
466	35	1
466	36	0
466	37	1
466	38	0
466	39	1
466	40	1
467	1	1
467	2	1
467	3	0
467	4	0
467	5	0
467	6	0
467	7	1
467	8	1
467	9	1
467	10	1
467	11	1
467	12	1
467	13	0
467	14	0
467	15	0
467	16	1
467	17	0
467	18	0
467	19	1
467	20	0
467	21	1
467	22	1
467	23	1
467	24	1
467	25	0
467	26	1
467	27	0
467	28	1
467	29	1
467	30	1
467	31	1
467	32	1
467	33	0
467	34	1
467	35	1
467	36	0
467	37	1
467	38	0
467	39	1
467	40	1
468	1	1
468	2	1
468	3	1
468	4	0
468	5	0
468	6	0
468	7	1
468	8	1
468	9	1
468	10	1
468	11	1
468	12	1
468	13	1
468	14	1
468	15	0
468	16	1
468	17	0
468	18	1
468	19	1
468	20	0
468	21	1
468	22	1
468	23	1
468	24	1
468	25	0
468	26	1
468	27	1
468	28	1
468	29	1
468	30	1
468	31	1
468	32	1
468	33	1
468	34	1
468	35	1
468	36	0
468	37	1
468	38	0
468	39	1
468	40	1
469	1	0
469	2	1
469	3	1
469	4	0
469	5	0
469	6	0
469	7	0
469	8	1
469	9	0
469	10	0
469	11	0
469	12	0
469	13	0
469	14	0
469	15	0
469	16	1
469	17	0
469	18	0
469	19	0
469	20	0
469	21	1
469	22	1
469	23	0
469	24	1
469	25	0
469	26	1
469	27	1
469	28	1
469	29	1
469	30	0
469	31	1
469	32	0
469	33	0
469	34	0
469	35	1
469	36	0
469	37	1
469	38	0
469	39	1
469	40	0
470	1	1
470	2	1
470	3	1
470	4	0
470	5	0
470	6	0
470	7	1
470	8	1
470	9	1
470	10	1
470	11	1
470	12	1
470	13	1
470	14	1
470	15	0
470	16	1
470	17	0
470	18	1
470	19	1
470	20	0
470	21	1
470	22	1
470	23	1
470	24	1
470	25	0
470	26	1
470	27	1
470	28	1
470	29	1
470	30	1
470	31	1
470	32	1
470	33	1
470	34	1
470	35	1
470	36	0
470	37	1
470	38	0
470	39	1
470	40	1
471	1	1
471	2	1
471	3	1
471	4	0
471	5	0
471	6	0
471	7	1
471	8	1
471	9	1
471	10	1
471	11	1
471	12	1
471	13	1
471	14	1
471	15	0
471	16	1
471	17	0
471	18	1
471	19	1
471	20	0
471	21	1
471	22	1
471	23	1
471	24	1
471	25	0
471	26	1
471	27	1
471	28	1
471	29	1
471	30	1
471	31	1
471	32	1
471	33	1
471	34	1
471	35	1
471	36	0
471	37	1
471	38	0
471	39	1
471	40	1
472	1	1
472	2	0
472	3	0
472	4	0
472	5	0
472	6	0
472	7	1
472	8	1
472	9	0
472	10	1
472	11	1
472	12	1
472	13	0
472	14	0
472	15	0
472	16	1
472	17	0
472	18	0
472	19	1
472	20	0
472	21	1
472	22	1
472	23	0
472	24	0
472	25	0
472	26	1
472	27	0
472	28	0
472	29	0
472	30	1
472	31	0
472	32	1
472	33	0
472	34	1
472	35	1
472	36	0
472	37	1
472	38	0
472	39	0
472	40	0
473	1	1
473	2	1
473	3	1
473	4	1
473	5	1
473	6	1
473	7	1
473	8	1
473	9	0
473	10	1
473	11	0
473	12	0
473	13	1
473	14	1
473	15	1
473	16	1
473	17	1
473	18	1
473	19	1
473	20	1
473	21	1
473	22	1
473	23	1
473	24	1
473	25	1
473	26	1
473	27	1
473	28	1
473	29	1
473	30	0
473	31	1
473	32	1
473	33	1
473	34	0
473	35	1
473	36	1
473	37	1
473	38	1
473	39	1
473	40	1
474	1	0
474	2	1
474	3	1
474	4	0
474	5	0
474	6	0
474	7	1
474	8	1
474	9	0
474	10	1
474	11	0
474	12	0
474	13	1
474	14	1
474	15	0
474	16	1
474	17	0
474	18	1
474	19	0
474	20	0
474	21	1
474	22	1
474	23	0
474	24	1
474	25	0
474	26	1
474	27	1
474	28	1
474	29	1
474	30	0
474	31	1
474	32	0
474	33	1
474	34	0
474	35	1
474	36	0
474	37	1
474	38	0
474	39	1
474	40	0
475	1	1
475	2	1
475	3	0
475	4	0
475	5	0
475	6	0
475	7	1
475	8	1
475	9	1
475	10	1
475	11	1
475	12	1
475	13	0
475	14	0
475	15	0
475	16	1
475	17	0
475	18	0
475	19	1
475	20	0
475	21	1
475	22	1
475	23	1
475	24	1
475	25	0
475	26	1
475	27	0
475	28	1
475	29	1
475	30	1
475	31	1
475	32	1
475	33	0
475	34	1
475	35	1
475	36	0
475	37	1
475	38	0
475	39	1
475	40	1
476	1	1
476	2	1
476	3	1
476	4	0
476	5	0
476	6	0
476	7	1
476	8	1
476	9	1
476	10	1
476	11	1
476	12	1
476	13	1
476	14	1
476	15	0
476	16	1
476	17	0
476	18	1
476	19	1
476	20	0
476	21	1
476	22	1
476	23	1
476	24	1
476	25	0
476	26	1
476	27	1
476	28	1
476	29	1
476	30	1
476	31	1
476	32	1
476	33	1
476	34	1
476	35	1
476	36	0
476	37	1
476	38	0
476	39	1
476	40	1
477	1	1
477	2	1
477	3	1
477	4	0
477	5	0
477	6	0
477	7	1
477	8	1
477	9	1
477	10	1
477	11	1
477	12	1
477	13	1
477	14	1
477	15	0
477	16	1
477	17	0
477	18	1
477	19	1
477	20	0
477	21	1
477	22	1
477	23	1
477	24	1
477	25	0
477	26	1
477	27	1
477	28	1
477	29	1
477	30	1
477	31	1
477	32	1
477	33	1
477	34	1
477	35	1
477	36	0
477	37	1
477	38	0
477	39	1
477	40	1
478	1	1
478	2	0
478	3	1
478	4	0
478	5	0
478	6	0
478	7	0
478	8	0
478	9	0
478	10	1
478	11	0
478	12	0
478	13	1
478	14	1
478	15	0
478	16	0
478	17	0
478	18	1
478	19	1
478	20	0
478	21	1
478	22	1
478	23	1
478	24	0
478	25	0
478	26	0
478	27	1
478	28	0
478	29	1
478	30	0
478	31	1
478	32	1
478	33	1
478	34	0
478	35	0
478	36	0
478	37	1
478	38	0
478	39	0
478	40	1
479	1	1
479	2	0
479	3	1
479	4	0
479	5	0
479	6	0
479	7	0
479	8	0
479	9	0
479	10	1
479	11	0
479	12	0
479	13	1
479	14	1
479	15	0
479	16	0
479	17	0
479	18	1
479	19	1
479	20	0
479	21	1
479	22	1
479	23	1
479	24	0
479	25	0
479	26	0
479	27	1
479	28	0
479	29	1
479	30	0
479	31	1
479	32	1
479	33	1
479	34	0
479	35	0
479	36	0
479	37	1
479	38	0
479	39	0
479	40	1
480	1	1
480	2	0
480	3	1
480	4	0
480	5	0
480	6	0
480	7	0
480	8	0
480	9	0
480	10	1
480	11	0
480	12	0
480	13	1
480	14	1
480	15	0
480	16	0
480	17	0
480	18	1
480	19	1
480	20	0
480	21	1
480	22	1
480	23	1
480	24	0
480	25	0
480	26	0
480	27	1
480	28	0
480	29	1
480	30	0
480	31	1
480	32	1
480	33	1
480	34	0
480	35	0
480	36	0
480	37	1
480	38	0
480	39	0
480	40	1
481	1	1
481	2	1
481	3	1
481	4	1
481	5	1
481	6	1
481	7	1
481	8	1
481	9	1
481	10	0
481	11	1
481	12	1
481	13	1
481	14	1
481	15	1
481	16	1
481	17	1
481	18	1
481	19	1
481	20	1
481	21	0
481	22	0
481	23	1
481	24	1
481	25	1
481	26	1
481	27	1
481	28	1
481	29	0
481	30	1
481	31	0
481	32	1
481	33	1
481	34	1
481	35	1
481	36	1
481	37	0
481	38	1
481	39	1
481	40	1
482	1	1
482	2	1
482	3	1
482	4	1
482	5	1
482	6	1
482	7	1
482	8	1
482	9	1
482	10	0
482	11	1
482	12	1
482	13	1
482	14	1
482	15	1
482	16	1
482	17	1
482	18	1
482	19	1
482	20	1
482	21	0
482	22	0
482	23	1
482	24	1
482	25	1
482	26	1
482	27	1
482	28	1
482	29	0
482	30	1
482	31	0
482	32	1
482	33	1
482	34	1
482	35	1
482	36	1
482	37	0
482	38	1
482	39	1
482	40	1
483	1	1
483	2	1
483	3	1
483	4	0
483	5	0
483	6	0
483	7	1
483	8	1
483	9	1
483	10	1
483	11	1
483	12	1
483	13	1
483	14	1
483	15	0
483	16	1
483	17	0
483	18	1
483	19	1
483	20	0
483	21	1
483	22	1
483	23	1
483	24	1
483	25	0
483	26	1
483	27	1
483	28	1
483	29	1
483	30	1
483	31	1
483	32	1
483	33	1
483	34	1
483	35	1
483	36	0
483	37	1
483	38	0
483	39	1
483	40	1
484	1	0
484	2	1
484	3	0
484	4	0
484	5	0
484	6	0
484	7	1
484	8	1
484	9	1
484	10	1
484	11	1
484	12	1
484	13	0
484	14	0
484	15	0
484	16	1
484	17	0
484	18	0
484	19	0
484	20	0
484	21	1
484	22	1
484	23	0
484	24	1
484	25	0
484	26	1
484	27	0
484	28	1
484	29	1
484	30	1
484	31	1
484	32	0
484	33	0
484	34	1
484	35	1
484	36	0
484	37	1
484	38	0
484	39	1
484	40	0
485	1	0
485	2	1
485	3	1
485	4	0
485	5	0
485	6	0
485	7	1
485	8	1
485	9	0
485	10	1
485	11	0
485	12	0
485	13	1
485	14	1
485	15	0
485	16	1
485	17	0
485	18	1
485	19	0
485	20	0
485	21	1
485	22	1
485	23	0
485	24	1
485	25	0
485	26	1
485	27	1
485	28	1
485	29	1
485	30	0
485	31	1
485	32	0
485	33	1
485	34	0
485	35	1
485	36	0
485	37	1
485	38	0
485	39	1
485	40	0
486	1	1
486	2	1
486	3	1
486	4	1
486	5	1
486	6	1
486	7	1
486	8	1
486	9	1
486	10	0
486	11	1
486	12	1
486	13	1
486	14	1
486	15	1
486	16	1
486	17	1
486	18	1
486	19	1
486	20	1
486	21	0
486	22	0
486	23	1
486	24	1
486	25	1
486	26	1
486	27	1
486	28	1
486	29	0
486	30	1
486	31	0
486	32	1
486	33	1
486	34	1
486	35	1
486	36	1
486	37	0
486	38	1
486	39	1
486	40	1
487	1	1
487	2	1
487	3	1
487	4	1
487	5	1
487	6	1
487	7	1
487	8	1
487	9	1
487	10	0
487	11	1
487	12	1
487	13	1
487	14	1
487	15	1
487	16	1
487	17	1
487	18	1
487	19	1
487	20	1
487	21	0
487	22	0
487	23	1
487	24	1
487	25	1
487	26	1
487	27	1
487	28	1
487	29	0
487	30	1
487	31	0
487	32	1
487	33	1
487	34	1
487	35	1
487	36	1
487	37	0
487	38	1
487	39	1
487	40	1
488	1	1
488	2	1
488	3	1
488	4	0
488	5	0
488	6	0
488	7	1
488	8	1
488	9	1
488	10	1
488	11	1
488	12	1
488	13	1
488	14	1
488	15	0
488	16	1
488	17	0
488	18	1
488	19	1
488	20	0
488	21	1
488	22	1
488	23	1
488	24	1
488	25	0
488	26	1
488	27	1
488	28	1
488	29	1
488	30	1
488	31	1
488	32	1
488	33	1
488	34	1
488	35	1
488	36	0
488	37	1
488	38	0
488	39	1
488	40	1
489	1	0
489	2	1
489	3	1
489	4	1
489	5	0
489	6	0
489	7	0
489	8	1
489	9	0
489	10	0
489	11	0
489	12	0
489	13	0
489	14	0
489	15	1
489	16	1
489	17	0
489	18	0
489	19	0
489	20	0
489	21	1
489	22	1
489	23	0
489	24	1
489	25	0
489	26	1
489	27	1
489	28	1
489	29	1
489	30	0
489	31	1
489	32	1
489	33	0
489	34	0
489	35	1
489	36	1
489	37	1
489	38	1
489	39	1
489	40	1
490	1	1
490	2	1
490	3	1
490	4	0
490	5	0
490	6	0
490	7	1
490	8	1
490	9	1
490	10	1
490	11	1
490	12	1
490	13	1
490	14	1
490	15	0
490	16	1
490	17	0
490	18	1
490	19	1
490	20	0
490	21	1
490	22	1
490	23	1
490	24	1
490	25	0
490	26	1
490	27	1
490	28	1
490	29	1
490	30	1
490	31	1
490	32	1
490	33	1
490	34	1
490	35	1
490	36	0
490	37	1
490	38	0
490	39	1
490	40	1
491	1	1
491	2	1
491	3	1
491	4	1
491	5	1
491	6	1
491	7	1
491	8	1
491	9	1
491	10	0
491	11	1
491	12	1
491	13	1
491	14	1
491	15	1
491	16	1
491	17	1
491	18	1
491	19	1
491	20	1
491	21	0
491	22	0
491	23	1
491	24	1
491	25	1
491	26	1
491	27	1
491	28	1
491	29	0
491	30	1
491	31	0
491	32	1
491	33	1
491	34	1
491	35	1
491	36	1
491	37	0
491	38	1
491	39	1
491	40	1
492	1	1
492	2	0
492	3	1
492	4	0
492	5	0
492	6	0
492	7	0
492	8	0
492	9	0
492	10	1
492	11	0
492	12	0
492	13	1
492	14	1
492	15	0
492	16	0
492	17	0
492	18	1
492	19	1
492	20	0
492	21	1
492	22	1
492	23	1
492	24	0
492	25	0
492	26	0
492	27	1
492	28	0
492	29	1
492	30	0
492	31	1
492	32	1
492	33	1
492	34	0
492	35	0
492	36	0
492	37	1
492	38	0
492	39	0
492	40	1
493	1	0
493	2	1
493	3	1
493	4	0
493	5	0
493	6	0
493	7	1
493	8	1
493	9	0
493	10	1
493	11	0
493	12	0
493	13	1
493	14	1
493	15	0
493	16	1
493	17	0
493	18	1
493	19	0
493	20	0
493	21	1
493	22	1
493	23	0
493	24	1
493	25	0
493	26	1
493	27	1
493	28	1
493	29	1
493	30	0
493	31	1
493	32	0
493	33	1
493	34	0
493	35	1
493	36	0
493	37	1
493	38	0
493	39	1
493	40	0
494	1	0
494	2	1
494	3	0
494	4	0
494	5	0
494	6	0
494	7	1
494	8	1
494	9	0
494	10	1
494	11	0
494	12	1
494	13	0
494	14	0
494	15	0
494	16	1
494	17	0
494	18	0
494	19	0
494	20	0
494	21	1
494	22	1
494	23	0
494	24	1
494	25	0
494	26	1
494	27	0
494	28	0
494	29	1
494	30	0
494	31	1
494	32	0
494	33	0
494	34	1
494	35	1
494	36	0
494	37	1
494	38	0
494	39	0
494	40	0
495	1	0
495	2	1
495	3	1
495	4	0
495	5	0
495	6	0
495	7	1
495	8	1
495	9	0
495	10	1
495	11	0
495	12	0
495	13	1
495	14	1
495	15	0
495	16	1
495	17	0
495	18	1
495	19	0
495	20	0
495	21	1
495	22	1
495	23	0
495	24	1
495	25	0
495	26	1
495	27	1
495	28	1
495	29	1
495	30	0
495	31	1
495	32	0
495	33	1
495	34	0
495	35	1
495	36	0
495	37	1
495	38	0
495	39	1
495	40	0
496	1	1
496	2	0
496	3	1
496	4	1
496	5	0
496	6	0
496	7	1
496	8	1
496	9	0
496	10	0
496	11	1
496	12	1
496	13	1
496	14	0
496	15	0
496	16	1
496	17	1
496	18	1
496	19	1
496	20	1
496	21	0
496	22	0
496	23	0
496	24	0
496	25	1
496	26	1
496	27	1
496	28	0
496	29	0
496	30	1
496	31	0
496	32	1
496	33	1
496	34	1
496	35	1
496	36	1
496	37	0
496	38	1
496	39	0
496	40	0
497	1	0
497	2	1
497	3	1
497	4	0
497	5	0
497	6	0
497	7	1
497	8	1
497	9	0
497	10	1
497	11	0
497	12	0
497	13	1
497	14	1
497	15	0
497	16	1
497	17	0
497	18	1
497	19	0
497	20	0
497	21	1
497	22	1
497	23	0
497	24	1
497	25	0
497	26	1
497	27	1
497	28	1
497	29	1
497	30	0
497	31	1
497	32	0
497	33	1
497	34	0
497	35	1
497	36	0
497	37	1
497	38	0
497	39	1
497	40	0
498	1	0
498	2	1
498	3	0
498	4	0
498	5	0
498	6	0
498	7	1
498	8	1
498	9	1
498	10	1
498	11	1
498	12	1
498	13	0
498	14	0
498	15	0
498	16	1
498	17	0
498	18	0
498	19	0
498	20	0
498	21	1
498	22	1
498	23	0
498	24	1
498	25	0
498	26	1
498	27	0
498	28	1
498	29	1
498	30	1
498	31	1
498	32	0
498	33	0
498	34	1
498	35	1
498	36	0
498	37	1
498	38	0
498	39	1
498	40	0
499	1	0
499	2	1
499	3	0
499	4	0
499	5	0
499	6	0
499	7	1
499	8	1
499	9	1
499	10	1
499	11	1
499	12	1
499	13	0
499	14	0
499	15	0
499	16	1
499	17	0
499	18	0
499	19	0
499	20	0
499	21	1
499	22	1
499	23	0
499	24	1
499	25	0
499	26	1
499	27	0
499	28	1
499	29	1
499	30	1
499	31	1
499	32	0
499	33	0
499	34	1
499	35	1
499	36	0
499	37	1
499	38	0
499	39	1
499	40	0
500	1	1
500	2	1
500	3	1
500	4	1
500	5	1
500	6	1
500	7	1
500	8	1
500	9	0
500	10	1
500	11	0
500	12	0
500	13	1
500	14	1
500	15	1
500	16	1
500	17	1
500	18	1
500	19	1
500	20	1
500	21	1
500	22	1
500	23	1
500	24	1
500	25	1
500	26	1
500	27	1
500	28	1
500	29	1
500	30	0
500	31	1
500	32	1
500	33	1
500	34	0
500	35	1
500	36	1
500	37	1
500	38	1
500	39	1
500	40	1
501	1	1
501	2	1
501	3	1
501	4	1
501	5	1
501	6	1
501	7	1
501	8	1
501	9	1
501	10	0
501	11	1
501	12	1
501	13	1
501	14	1
501	15	1
501	16	1
501	17	1
501	18	1
501	19	1
501	20	1
501	21	0
501	22	0
501	23	1
501	24	1
501	25	1
501	26	1
501	27	1
501	28	1
501	29	0
501	30	1
501	31	0
501	32	1
501	33	1
501	34	1
501	35	1
501	36	1
501	37	0
501	38	1
501	39	1
501	40	1
502	1	1
502	2	0
502	3	1
502	4	0
502	5	0
502	6	0
502	7	0
502	8	0
502	9	0
502	10	1
502	11	0
502	12	0
502	13	1
502	14	1
502	15	0
502	16	0
502	17	0
502	18	1
502	19	1
502	20	0
502	21	1
502	22	1
502	23	1
502	24	0
502	25	0
502	26	0
502	27	1
502	28	0
502	29	1
502	30	0
502	31	1
502	32	1
502	33	1
502	34	0
502	35	0
502	36	0
502	37	1
502	38	0
502	39	0
502	40	1
503	1	1
503	2	1
503	3	1
503	4	1
503	5	1
503	6	1
503	7	1
503	8	1
503	9	1
503	10	0
503	11	1
503	12	1
503	13	1
503	14	1
503	15	1
503	16	1
503	17	1
503	18	1
503	19	1
503	20	1
503	21	0
503	22	0
503	23	1
503	24	1
503	25	1
503	26	1
503	27	1
503	28	1
503	29	0
503	30	1
503	31	0
503	32	1
503	33	1
503	34	1
503	35	1
503	36	1
503	37	0
503	38	1
503	39	1
503	40	1
504	1	0
504	2	1
504	3	1
504	4	0
504	5	0
504	6	0
504	7	1
504	8	1
504	9	0
504	10	1
504	11	0
504	12	0
504	13	1
504	14	1
504	15	0
504	16	1
504	17	0
504	18	1
504	19	0
504	20	0
504	21	1
504	22	1
504	23	0
504	24	1
504	25	0
504	26	1
504	27	1
504	28	1
504	29	1
504	30	0
504	31	1
504	32	0
504	33	1
504	34	0
504	35	1
504	36	0
504	37	1
504	38	0
504	39	1
504	40	0
505	1	0
505	2	1
505	3	0
505	4	0
505	5	0
505	6	0
505	7	1
505	8	1
505	9	1
505	10	1
505	11	1
505	12	1
505	13	0
505	14	0
505	15	0
505	16	1
505	17	0
505	18	0
505	19	0
505	20	0
505	21	1
505	22	1
505	23	0
505	24	1
505	25	0
505	26	1
505	27	0
505	28	1
505	29	1
505	30	1
505	31	1
505	32	0
505	33	0
505	34	1
505	35	1
505	36	0
505	37	1
505	38	0
505	39	1
505	40	0
506	1	1
506	2	1
506	3	1
506	4	0
506	5	0
506	6	0
506	7	1
506	8	1
506	9	1
506	10	1
506	11	1
506	12	1
506	13	1
506	14	1
506	15	0
506	16	1
506	17	0
506	18	1
506	19	1
506	20	0
506	21	1
506	22	1
506	23	1
506	24	1
506	25	0
506	26	1
506	27	1
506	28	1
506	29	1
506	30	1
506	31	1
506	32	1
506	33	1
506	34	1
506	35	1
506	36	0
506	37	1
506	38	0
506	39	1
506	40	1
507	1	1
507	2	1
507	3	1
507	4	1
507	5	1
507	6	1
507	7	1
507	8	1
507	9	0
507	10	1
507	11	0
507	12	0
507	13	1
507	14	1
507	15	1
507	16	1
507	17	1
507	18	1
507	19	1
507	20	1
507	21	1
507	22	1
507	23	1
507	24	1
507	25	1
507	26	1
507	27	1
507	28	1
507	29	1
507	30	0
507	31	1
507	32	1
507	33	1
507	34	0
507	35	1
507	36	1
507	37	1
507	38	1
507	39	1
507	40	1
508	1	1
508	2	0
508	3	1
508	4	0
508	5	0
508	6	0
508	7	0
508	8	0
508	9	0
508	10	1
508	11	0
508	12	0
508	13	1
508	14	1
508	15	0
508	16	0
508	17	0
508	18	1
508	19	1
508	20	0
508	21	1
508	22	1
508	23	1
508	24	0
508	25	0
508	26	0
508	27	1
508	28	0
508	29	1
508	30	0
508	31	1
508	32	1
508	33	1
508	34	0
508	35	0
508	36	0
508	37	1
508	38	0
508	39	0
508	40	1
509	1	1
509	2	1
509	3	0
509	4	0
509	5	0
509	6	0
509	7	1
509	8	1
509	9	1
509	10	1
509	11	1
509	12	1
509	13	0
509	14	0
509	15	0
509	16	1
509	17	0
509	18	0
509	19	1
509	20	0
509	21	1
509	22	1
509	23	1
509	24	1
509	25	0
509	26	1
509	27	0
509	28	1
509	29	1
509	30	1
509	31	1
509	32	1
509	33	0
509	34	1
509	35	1
509	36	0
509	37	1
509	38	0
509	39	1
509	40	1
510	1	1
510	2	1
510	3	1
510	4	1
510	5	1
510	6	1
510	7	1
510	8	1
510	9	1
510	10	0
510	11	1
510	12	1
510	13	1
510	14	1
510	15	1
510	16	1
510	17	1
510	18	1
510	19	1
510	20	1
510	21	0
510	22	0
510	23	1
510	24	1
510	25	1
510	26	1
510	27	1
510	28	1
510	29	0
510	30	1
510	31	0
510	32	1
510	33	1
510	34	1
510	35	1
510	36	1
510	37	0
510	38	1
510	39	1
510	40	1
511	1	1
511	2	1
511	3	1
511	4	0
511	5	0
511	6	0
511	7	1
511	8	1
511	9	1
511	10	1
511	11	1
511	12	1
511	13	1
511	14	1
511	15	0
511	16	1
511	17	0
511	18	1
511	19	1
511	20	0
511	21	1
511	22	1
511	23	1
511	24	1
511	25	0
511	26	1
511	27	1
511	28	1
511	29	1
511	30	1
511	31	1
511	32	1
511	33	1
511	34	1
511	35	1
511	36	0
511	37	1
511	38	0
511	39	1
511	40	1
512	1	0
512	2	1
512	3	0
512	4	0
512	5	0
512	6	0
512	7	1
512	8	1
512	9	1
512	10	1
512	11	1
512	12	1
512	13	0
512	14	0
512	15	0
512	16	0
512	17	0
512	18	0
512	19	0
512	20	0
512	21	1
512	22	1
512	23	0
512	24	0
512	25	0
512	26	1
512	27	0
512	28	0
512	29	1
512	30	1
512	31	0
512	32	0
512	33	0
512	34	0
512	35	0
512	36	0
512	37	0
512	38	0
512	39	1
512	40	0
513	1	1
513	2	1
513	3	1
513	4	0
513	5	0
513	6	0
513	7	1
513	8	1
513	9	1
513	10	1
513	11	1
513	12	1
513	13	1
513	14	1
513	15	0
513	16	1
513	17	0
513	18	1
513	19	1
513	20	0
513	21	1
513	22	1
513	23	1
513	24	1
513	25	0
513	26	1
513	27	1
513	28	1
513	29	1
513	30	1
513	31	1
513	32	1
513	33	1
513	34	1
513	35	1
513	36	0
513	37	1
513	38	0
513	39	1
513	40	1
514	1	1
514	2	1
514	3	1
514	4	1
514	5	1
514	6	1
514	7	1
514	8	1
514	9	1
514	10	0
514	11	1
514	12	1
514	13	1
514	14	1
514	15	1
514	16	1
514	17	1
514	18	1
514	19	1
514	20	1
514	21	0
514	22	0
514	23	1
514	24	1
514	25	1
514	26	1
514	27	1
514	28	1
514	29	0
514	30	1
514	31	0
514	32	1
514	33	1
514	34	1
514	35	1
514	36	1
514	37	0
514	38	1
514	39	1
514	40	1
515	1	1
515	2	1
515	3	1
515	4	1
515	5	1
515	6	1
515	7	1
515	8	1
515	9	0
515	10	1
515	11	0
515	12	0
515	13	1
515	14	1
515	15	1
515	16	1
515	17	1
515	18	1
515	19	1
515	20	1
515	21	1
515	22	1
515	23	1
515	24	1
515	25	1
515	26	1
515	27	1
515	28	1
515	29	1
515	30	0
515	31	1
515	32	1
515	33	1
515	34	0
515	35	1
515	36	1
515	37	1
515	38	1
515	39	1
515	40	1
516	1	0
516	2	1
516	3	1
516	4	0
516	5	0
516	6	0
516	7	0
516	8	1
516	9	1
516	10	0
516	11	1
516	12	1
516	13	0
516	14	0
516	15	0
516	16	1
516	17	0
516	18	0
516	19	0
516	20	0
516	21	1
516	22	1
516	23	0
516	24	1
516	25	0
516	26	1
516	27	1
516	28	1
516	29	1
516	30	1
516	31	1
516	32	1
516	33	0
516	34	0
516	35	1
516	36	0
516	37	1
516	38	0
516	39	1
516	40	1
517	1	1
517	2	1
517	3	0
517	4	0
517	5	0
517	6	0
517	7	1
517	8	1
517	9	1
517	10	1
517	11	1
517	12	1
517	13	0
517	14	0
517	15	0
517	16	1
517	17	0
517	18	0
517	19	1
517	20	0
517	21	1
517	22	1
517	23	1
517	24	1
517	25	0
517	26	1
517	27	0
517	28	1
517	29	1
517	30	1
517	31	1
517	32	1
517	33	0
517	34	1
517	35	1
517	36	0
517	37	1
517	38	0
517	39	1
517	40	1
518	1	0
518	2	1
518	3	0
518	4	1
518	5	0
518	6	1
518	7	1
518	8	1
518	9	0
518	10	1
518	11	0
518	12	0
518	13	0
518	14	0
518	15	0
518	16	0
518	17	0
518	18	0
518	19	1
518	20	1
518	21	1
518	22	1
518	23	0
518	24	0
518	25	1
518	26	1
518	27	0
518	28	0
518	29	1
518	30	0
518	31	0
518	32	1
518	33	1
518	34	0
518	35	0
518	36	1
518	37	0
518	38	1
518	39	0
518	40	0
519	1	1
519	2	0
519	3	1
519	4	0
519	5	0
519	6	0
519	7	0
519	8	0
519	9	0
519	10	1
519	11	0
519	12	0
519	13	1
519	14	1
519	15	0
519	16	0
519	17	0
519	18	1
519	19	1
519	20	0
519	21	1
519	22	1
519	23	1
519	24	0
519	25	0
519	26	0
519	27	1
519	28	0
519	29	1
519	30	0
519	31	1
519	32	1
519	33	1
519	34	0
519	35	0
519	36	0
519	37	1
519	38	0
519	39	0
519	40	1
520	1	0
520	2	0
520	3	0
520	4	0
520	5	0
520	6	0
520	7	1
520	8	0
520	9	0
520	10	1
520	11	0
520	12	0
520	13	0
520	14	1
520	15	0
520	16	0
520	17	0
520	18	1
520	19	0
520	20	0
520	21	1
520	22	1
520	23	0
520	24	0
520	25	0
520	26	1
520	27	1
520	28	0
520	29	1
520	30	0
520	31	1
520	32	0
520	33	1
520	34	0
520	35	0
520	36	0
520	37	1
520	38	0
520	39	0
520	40	0
521	1	1
521	2	0
521	3	1
521	4	0
521	5	0
521	6	0
521	7	0
521	8	0
521	9	0
521	10	1
521	11	0
521	12	0
521	13	1
521	14	1
521	15	0
521	16	0
521	17	0
521	18	1
521	19	1
521	20	0
521	21	1
521	22	1
521	23	1
521	24	0
521	25	0
521	26	0
521	27	1
521	28	0
521	29	1
521	30	0
521	31	1
521	32	1
521	33	1
521	34	0
521	35	0
521	36	0
521	37	1
521	38	0
521	39	0
521	40	1
522	1	0
522	2	1
522	3	0
522	4	0
522	5	0
522	6	0
522	7	1
522	8	1
522	9	1
522	10	1
522	11	1
522	12	1
522	13	0
522	14	0
522	15	0
522	16	1
522	17	0
522	18	0
522	19	0
522	20	0
522	21	1
522	22	1
522	23	0
522	24	1
522	25	0
522	26	1
522	27	0
522	28	1
522	29	1
522	30	1
522	31	1
522	32	0
522	33	0
522	34	1
522	35	1
522	36	0
522	37	1
522	38	0
522	39	1
522	40	0
523	1	1
523	2	1
523	3	1
523	4	1
523	5	1
523	6	1
523	7	1
523	8	1
523	9	0
523	10	1
523	11	0
523	12	0
523	13	1
523	14	1
523	15	1
523	16	1
523	17	1
523	18	1
523	19	1
523	20	1
523	21	1
523	22	1
523	23	1
523	24	1
523	25	1
523	26	1
523	27	1
523	28	1
523	29	1
523	30	0
523	31	1
523	32	1
523	33	1
523	34	0
523	35	1
523	36	1
523	37	1
523	38	1
523	39	1
523	40	1
524	1	1
524	2	1
524	3	1
524	4	1
524	5	1
524	6	1
524	7	1
524	8	1
524	9	0
524	10	1
524	11	0
524	12	0
524	13	1
524	14	1
524	15	1
524	16	1
524	17	1
524	18	1
524	19	1
524	20	1
524	21	1
524	22	1
524	23	1
524	24	1
524	25	1
524	26	1
524	27	1
524	28	1
524	29	1
524	30	0
524	31	1
524	32	1
524	33	1
524	34	0
524	35	1
524	36	1
524	37	1
524	38	1
524	39	1
524	40	1
525	1	0
525	2	1
525	3	1
525	4	0
525	5	0
525	6	0
525	7	1
525	8	1
525	9	0
525	10	1
525	11	0
525	12	0
525	13	1
525	14	1
525	15	0
525	16	1
525	17	0
525	18	1
525	19	0
525	20	0
525	21	1
525	22	1
525	23	0
525	24	1
525	25	0
525	26	1
525	27	1
525	28	1
525	29	1
525	30	0
525	31	1
525	32	0
525	33	1
525	34	0
525	35	1
525	36	0
525	37	1
525	38	0
525	39	1
525	40	0
526	1	1
526	2	1
526	3	1
526	4	1
526	5	1
526	6	1
526	7	1
526	8	1
526	9	0
526	10	1
526	11	0
526	12	0
526	13	1
526	14	1
526	15	1
526	16	1
526	17	1
526	18	1
526	19	1
526	20	1
526	21	1
526	22	1
526	23	1
526	24	1
526	25	1
526	26	1
526	27	1
526	28	1
526	29	1
526	30	0
526	31	1
526	32	1
526	33	1
526	34	0
526	35	1
526	36	1
526	37	1
526	38	1
526	39	1
526	40	1
527	1	0
527	2	1
527	3	0
527	4	0
527	5	0
527	6	0
527	7	1
527	8	1
527	9	0
527	10	1
527	11	0
527	12	1
527	13	0
527	14	1
527	15	0
527	16	1
527	17	0
527	18	1
527	19	1
527	20	0
527	21	1
527	22	1
527	23	0
527	24	1
527	25	0
527	26	1
527	27	1
527	28	0
527	29	1
527	30	0
527	31	1
527	32	1
527	33	1
527	34	1
527	35	1
527	36	0
527	37	1
527	38	0
527	39	0
527	40	1
528	1	1
528	2	1
528	3	1
528	4	0
528	5	0
528	6	0
528	7	1
528	8	1
528	9	1
528	10	1
528	11	1
528	12	1
528	13	1
528	14	1
528	15	0
528	16	1
528	17	0
528	18	1
528	19	1
528	20	0
528	21	1
528	22	1
528	23	1
528	24	1
528	25	0
528	26	1
528	27	1
528	28	1
528	29	1
528	30	1
528	31	1
528	32	1
528	33	1
528	34	1
528	35	1
528	36	0
528	37	1
528	38	0
528	39	1
528	40	1
529	1	1
529	2	0
529	3	1
529	4	0
529	5	0
529	6	0
529	7	0
529	8	0
529	9	0
529	10	1
529	11	0
529	12	0
529	13	1
529	14	1
529	15	0
529	16	0
529	17	0
529	18	1
529	19	1
529	20	0
529	21	1
529	22	1
529	23	1
529	24	0
529	25	0
529	26	0
529	27	1
529	28	0
529	29	1
529	30	0
529	31	1
529	32	1
529	33	1
529	34	0
529	35	0
529	36	0
529	37	1
529	38	0
529	39	0
529	40	1
530	1	1
530	2	1
530	3	1
530	4	0
530	5	0
530	6	0
530	7	1
530	8	1
530	9	1
530	10	1
530	11	1
530	12	1
530	13	1
530	14	1
530	15	0
530	16	1
530	17	0
530	18	1
530	19	1
530	20	0
530	21	1
530	22	1
530	23	1
530	24	1
530	25	0
530	26	1
530	27	1
530	28	1
530	29	1
530	30	1
530	31	1
530	32	1
530	33	1
530	34	1
530	35	1
530	36	0
530	37	1
530	38	0
530	39	1
530	40	1
531	1	1
531	2	1
531	3	1
531	4	0
531	5	0
531	6	0
531	7	1
531	8	1
531	9	1
531	10	1
531	11	1
531	12	1
531	13	1
531	14	1
531	15	0
531	16	1
531	17	0
531	18	1
531	19	1
531	20	0
531	21	1
531	22	1
531	23	1
531	24	1
531	25	0
531	26	1
531	27	1
531	28	1
531	29	1
531	30	1
531	31	1
531	32	1
531	33	1
531	34	1
531	35	1
531	36	0
531	37	1
531	38	0
531	39	1
531	40	1
532	1	1
532	2	1
532	3	1
532	4	0
532	5	0
532	6	0
532	7	1
532	8	1
532	9	1
532	10	1
532	11	1
532	12	1
532	13	1
532	14	1
532	15	0
532	16	1
532	17	0
532	18	1
532	19	1
532	20	0
532	21	1
532	22	1
532	23	1
532	24	1
532	25	0
532	26	1
532	27	1
532	28	1
532	29	1
532	30	1
532	31	1
532	32	1
532	33	1
532	34	1
532	35	1
532	36	0
532	37	1
532	38	0
532	39	1
532	40	1
533	1	1
533	2	1
533	3	1
533	4	0
533	5	0
533	6	0
533	7	1
533	8	1
533	9	1
533	10	1
533	11	1
533	12	1
533	13	1
533	14	1
533	15	0
533	16	1
533	17	0
533	18	1
533	19	1
533	20	0
533	21	1
533	22	1
533	23	1
533	24	1
533	25	0
533	26	1
533	27	1
533	28	1
533	29	1
533	30	1
533	31	1
533	32	1
533	33	1
533	34	1
533	35	1
533	36	0
533	37	1
533	38	0
533	39	1
533	40	1
534	1	0
534	2	1
534	3	0
534	4	0
534	5	0
534	6	0
534	7	1
534	8	1
534	9	1
534	10	1
534	11	1
534	12	1
534	13	0
534	14	0
534	15	0
534	16	1
534	17	0
534	18	0
534	19	0
534	20	0
534	21	1
534	22	1
534	23	0
534	24	1
534	25	0
534	26	1
534	27	0
534	28	1
534	29	1
534	30	1
534	31	1
534	32	0
534	33	0
534	34	1
534	35	1
534	36	0
534	37	1
534	38	0
534	39	1
534	40	0
535	1	1
535	2	0
535	3	1
535	4	0
535	5	0
535	6	0
535	7	0
535	8	0
535	9	0
535	10	1
535	11	0
535	12	0
535	13	1
535	14	1
535	15	0
535	16	0
535	17	0
535	18	1
535	19	1
535	20	0
535	21	1
535	22	1
535	23	1
535	24	0
535	25	0
535	26	0
535	27	1
535	28	0
535	29	1
535	30	0
535	31	1
535	32	1
535	33	1
535	34	0
535	35	0
535	36	0
535	37	1
535	38	0
535	39	0
535	40	0
536	1	1
536	2	1
536	3	1
536	4	0
536	5	0
536	6	0
536	7	1
536	8	1
536	9	1
536	10	1
536	11	1
536	12	1
536	13	1
536	14	1
536	15	0
536	16	1
536	17	0
536	18	1
536	19	1
536	20	0
536	21	1
536	22	1
536	23	1
536	24	1
536	25	0
536	26	1
536	27	1
536	28	1
536	29	1
536	30	1
536	31	1
536	32	1
536	33	1
536	34	1
536	35	1
536	36	0
536	37	1
536	38	0
536	39	1
536	40	1
537	1	1
537	2	1
537	3	1
537	4	1
537	5	1
537	6	1
537	7	1
537	8	1
537	9	1
537	10	0
537	11	1
537	12	1
537	13	1
537	14	1
537	15	1
537	16	1
537	17	1
537	18	1
537	19	1
537	20	1
537	21	0
537	22	0
537	23	1
537	24	1
537	25	1
537	26	1
537	27	1
537	28	1
537	29	0
537	30	1
537	31	0
537	32	1
537	33	1
537	34	1
537	35	1
537	36	1
537	37	0
537	38	1
537	39	1
537	40	1
538	1	1
538	2	0
538	3	1
538	4	0
538	5	0
538	6	0
538	7	0
538	8	0
538	9	0
538	10	1
538	11	0
538	12	0
538	13	1
538	14	1
538	15	0
538	16	0
538	17	0
538	18	1
538	19	1
538	20	0
538	21	1
538	22	1
538	23	1
538	24	0
538	25	0
538	26	0
538	27	1
538	28	0
538	29	1
538	30	0
538	31	1
538	32	1
538	33	1
538	34	0
538	35	0
538	36	0
538	37	1
538	38	0
538	39	0
538	40	1
539	1	1
539	2	1
539	3	1
539	4	1
539	5	1
539	6	1
539	7	1
539	8	1
539	9	0
539	10	1
539	11	0
539	12	0
539	13	1
539	14	1
539	15	1
539	16	1
539	17	1
539	18	1
539	19	1
539	20	1
539	21	1
539	22	1
539	23	1
539	24	1
539	25	1
539	26	1
539	27	1
539	28	1
539	29	1
539	30	0
539	31	1
539	32	1
539	33	1
539	34	0
539	35	1
539	36	1
539	37	1
539	38	1
539	39	1
539	40	1
540	1	1
540	2	1
540	3	0
540	4	0
540	5	0
540	6	0
540	7	1
540	8	1
540	9	1
540	10	1
540	11	1
540	12	1
540	13	0
540	14	0
540	15	0
540	16	1
540	17	0
540	18	0
540	19	1
540	20	0
540	21	1
540	22	1
540	23	1
540	24	1
540	25	0
540	26	1
540	27	0
540	28	1
540	29	1
540	30	1
540	31	1
540	32	1
540	33	0
540	34	1
540	35	1
540	36	0
540	37	1
540	38	0
540	39	1
540	40	1
541	1	0
541	2	1
541	3	1
541	4	0
541	5	0
541	6	0
541	7	1
541	8	1
541	9	0
541	10	1
541	11	0
541	12	0
541	13	1
541	14	1
541	15	0
541	16	1
541	17	0
541	18	1
541	19	0
541	20	0
541	21	1
541	22	1
541	23	0
541	24	1
541	25	0
541	26	1
541	27	1
541	28	1
541	29	1
541	30	0
541	31	1
541	32	0
541	33	1
541	34	0
541	35	1
541	36	0
541	37	1
541	38	0
541	39	1
541	40	0
542	1	1
542	2	1
542	3	1
542	4	0
542	5	0
542	6	0
542	7	1
542	8	1
542	9	1
542	10	1
542	11	1
542	12	1
542	13	1
542	14	1
542	15	0
542	16	1
542	17	0
542	18	1
542	19	1
542	20	0
542	21	1
542	22	1
542	23	1
542	24	1
542	25	0
542	26	1
542	27	1
542	28	1
542	29	1
542	30	1
542	31	1
542	32	1
542	33	1
542	34	1
542	35	1
542	36	0
542	37	1
542	38	0
542	39	1
542	40	1
543	1	1
543	2	1
543	3	1
543	4	1
543	5	1
543	6	1
543	7	1
543	8	1
543	9	0
543	10	1
543	11	0
543	12	0
543	13	1
543	14	1
543	15	1
543	16	1
543	17	1
543	18	1
543	19	1
543	20	1
543	21	1
543	22	1
543	23	1
543	24	1
543	25	1
543	26	1
543	27	1
543	28	1
543	29	1
543	30	0
543	31	1
543	32	1
543	33	1
543	34	0
543	35	1
543	36	1
543	37	1
543	38	1
543	39	1
543	40	1
544	1	1
544	2	0
544	3	1
544	4	0
544	5	0
544	6	0
544	7	1
544	8	1
544	9	0
544	10	1
544	11	1
544	12	1
544	13	1
544	14	0
544	15	0
544	16	1
544	17	0
544	18	1
544	19	1
544	20	0
544	21	1
544	22	1
544	23	0
544	24	0
544	25	0
544	26	1
544	27	1
544	28	0
544	29	0
544	30	1
544	31	0
544	32	1
544	33	1
544	34	1
544	35	1
544	36	0
544	37	1
544	38	0
544	39	0
544	40	0
545	1	0
545	2	1
545	3	0
545	4	0
545	5	0
545	6	0
545	7	1
545	8	1
545	9	1
545	10	1
545	11	1
545	12	1
545	13	0
545	14	0
545	15	0
545	16	1
545	17	0
545	18	0
545	19	0
545	20	0
545	21	1
545	22	1
545	23	0
545	24	1
545	25	0
545	26	1
545	27	0
545	28	1
545	29	1
545	30	1
545	31	1
545	32	0
545	33	0
545	34	1
545	35	1
545	36	0
545	37	1
545	38	0
545	39	1
545	40	0
546	1	0
546	2	1
546	3	0
546	4	0
546	5	0
546	6	0
546	7	1
546	8	1
546	9	1
546	10	1
546	11	1
546	12	1
546	13	0
546	14	0
546	15	0
546	16	1
546	17	0
546	18	0
546	19	0
546	20	0
546	21	1
546	22	1
546	23	0
546	24	1
546	25	0
546	26	1
546	27	0
546	28	1
546	29	1
546	30	1
546	31	1
546	32	0
546	33	0
546	34	1
546	35	1
546	36	0
546	37	1
546	38	0
546	39	1
546	40	0
547	1	1
547	2	1
547	3	1
547	4	0
547	5	0
547	6	0
547	7	1
547	8	1
547	9	1
547	10	1
547	11	1
547	12	1
547	13	0
547	14	0
547	15	0
547	16	0
547	17	0
547	18	0
547	19	1
547	20	0
547	21	1
547	22	1
547	23	1
547	24	0
547	25	0
547	26	1
547	27	0
547	28	0
547	29	1
547	30	1
547	31	0
547	32	1
547	33	1
547	34	0
547	35	0
547	36	0
547	37	0
547	38	0
547	39	1
547	40	0
548	1	1
548	2	1
548	3	0
548	4	0
548	5	0
548	6	0
548	7	1
548	8	1
548	9	1
548	10	1
548	11	1
548	12	1
548	13	0
548	14	0
548	15	0
548	16	1
548	17	0
548	18	0
548	19	1
548	20	0
548	21	1
548	22	1
548	23	1
548	24	1
548	25	0
548	26	1
548	27	0
548	28	1
548	29	1
548	30	1
548	31	1
548	32	1
548	33	0
548	34	1
548	35	1
548	36	0
548	37	1
548	38	0
548	39	1
548	40	1
549	1	0
549	2	1
549	3	0
549	4	1
549	5	0
549	6	1
549	7	1
549	8	1
549	9	0
549	10	1
549	11	0
549	12	0
549	13	0
549	14	1
549	15	0
549	16	1
549	17	0
549	18	1
549	19	1
549	20	1
549	21	1
549	22	1
549	23	0
549	24	1
549	25	1
549	26	1
549	27	1
549	28	0
549	29	1
549	30	0
549	31	1
549	32	1
549	33	1
549	34	0
549	35	1
549	36	1
549	37	1
549	38	1
549	39	0
549	40	1
550	1	1
550	2	1
550	3	1
550	4	1
550	5	1
550	6	1
550	7	1
550	8	1
550	9	0
550	10	1
550	11	0
550	12	0
550	13	1
550	14	1
550	15	1
550	16	1
550	17	1
550	18	1
550	19	1
550	20	1
550	21	1
550	22	1
550	23	1
550	24	1
550	25	1
550	26	1
550	27	1
550	28	1
550	29	1
550	30	0
550	31	1
550	32	1
550	33	1
550	34	0
550	35	1
550	36	1
550	37	1
550	38	1
550	39	1
550	40	1
551	1	0
551	2	1
551	3	1
551	4	0
551	5	0
551	6	0
551	7	1
551	8	1
551	9	0
551	10	1
551	11	0
551	12	0
551	13	0
551	14	0
551	15	0
551	16	0
551	17	0
551	18	0
551	19	0
551	20	0
551	21	1
551	22	1
551	23	0
551	24	0
551	25	0
551	26	1
551	27	0
551	28	0
551	29	1
551	30	0
551	31	0
551	32	0
551	33	1
551	34	0
551	35	0
551	36	0
551	37	0
551	38	0
551	39	1
551	40	0
552	1	1
552	2	1
552	3	0
552	4	0
552	5	0
552	6	0
552	7	1
552	8	1
552	9	1
552	10	1
552	11	1
552	12	1
552	13	0
552	14	0
552	15	0
552	16	1
552	17	0
552	18	0
552	19	1
552	20	0
552	21	1
552	22	1
552	23	1
552	24	1
552	25	0
552	26	1
552	27	0
552	28	1
552	29	1
552	30	1
552	31	1
552	32	1
552	33	0
552	34	1
552	35	1
552	36	0
552	37	1
552	38	0
552	39	1
552	40	1
553	1	1
553	2	1
553	3	1
553	4	1
553	5	1
553	6	1
553	7	1
553	8	1
553	9	1
553	10	0
553	11	1
553	12	1
553	13	1
553	14	1
553	15	1
553	16	1
553	17	1
553	18	1
553	19	1
553	20	1
553	21	0
553	22	0
553	23	1
553	24	1
553	25	1
553	26	1
553	27	1
553	28	1
553	29	0
553	30	1
553	31	0
553	32	1
553	33	1
553	34	1
553	35	1
553	36	1
553	37	0
553	38	1
553	39	1
553	40	1
554	1	1
554	2	0
554	3	1
554	4	0
554	5	0
554	6	0
554	7	0
554	8	0
554	9	0
554	10	1
554	11	0
554	12	0
554	13	1
554	14	1
554	15	0
554	16	0
554	17	0
554	18	1
554	19	1
554	20	0
554	21	1
554	22	1
554	23	1
554	24	0
554	25	0
554	26	0
554	27	1
554	28	0
554	29	1
554	30	0
554	31	1
554	32	1
554	33	1
554	34	0
554	35	0
554	36	0
554	37	1
554	38	0
554	39	0
554	40	1
555	1	1
555	2	1
555	3	0
555	4	0
555	5	0
555	6	0
555	7	1
555	8	1
555	9	1
555	10	1
555	11	1
555	12	1
555	13	0
555	14	0
555	15	0
555	16	1
555	17	0
555	18	0
555	19	1
555	20	0
555	21	1
555	22	1
555	23	1
555	24	1
555	25	0
555	26	1
555	27	0
555	28	1
555	29	1
555	30	1
555	31	1
555	32	1
555	33	0
555	34	1
555	35	1
555	36	0
555	37	1
555	38	0
555	39	1
555	40	1
556	1	1
556	2	0
556	3	1
556	4	0
556	5	0
556	6	0
556	7	0
556	8	0
556	9	0
556	10	1
556	11	0
556	12	0
556	13	1
556	14	1
556	15	0
556	16	0
556	17	0
556	18	1
556	19	1
556	20	0
556	21	1
556	22	1
556	23	1
556	24	0
556	25	0
556	26	0
556	27	1
556	28	0
556	29	1
556	30	0
556	31	1
556	32	1
556	33	1
556	34	0
556	35	0
556	36	0
556	37	1
556	38	0
556	39	0
556	40	1
557	1	1
557	2	1
557	3	1
557	4	1
557	5	1
557	6	1
557	7	1
557	8	1
557	9	0
557	10	1
557	11	0
557	12	0
557	13	1
557	14	1
557	15	1
557	16	1
557	17	1
557	18	1
557	19	1
557	20	1
557	21	1
557	22	1
557	23	1
557	24	1
557	25	1
557	26	1
557	27	1
557	28	1
557	29	1
557	30	0
557	31	1
557	32	1
557	33	1
557	34	0
557	35	1
557	36	1
557	37	1
557	38	1
557	39	1
557	40	1
558	1	1
558	2	1
558	3	1
558	4	0
558	5	0
558	6	0
558	7	1
558	8	1
558	9	1
558	10	1
558	11	1
558	12	1
558	13	1
558	14	1
558	15	0
558	16	1
558	17	0
558	18	1
558	19	1
558	20	0
558	21	1
558	22	1
558	23	1
558	24	1
558	25	0
558	26	1
558	27	1
558	28	1
558	29	1
558	30	1
558	31	1
558	32	1
558	33	1
558	34	1
558	35	1
558	36	0
558	37	1
558	38	0
558	39	1
558	40	1
559	1	1
559	2	1
559	3	0
559	4	0
559	5	0
559	6	0
559	7	1
559	8	1
559	9	1
559	10	1
559	11	1
559	12	1
559	13	0
559	14	0
559	15	0
559	16	1
559	17	0
559	18	0
559	19	1
559	20	0
559	21	1
559	22	1
559	23	1
559	24	1
559	25	0
559	26	1
559	27	0
559	28	1
559	29	1
559	30	1
559	31	1
559	32	1
559	33	0
559	34	1
559	35	1
559	36	0
559	37	1
559	38	0
559	39	1
559	40	1
560	1	0
560	2	1
560	3	1
560	4	1
560	5	0
560	6	0
560	7	0
560	8	1
560	9	0
560	10	0
560	11	0
560	12	0
560	13	0
560	14	0
560	15	1
560	16	1
560	17	0
560	18	0
560	19	0
560	20	0
560	21	1
560	22	1
560	23	0
560	24	1
560	25	0
560	26	1
560	27	1
560	28	1
560	29	1
560	30	0
560	31	1
560	32	1
560	33	0
560	34	0
560	35	1
560	36	1
560	37	1
560	38	1
560	39	1
560	40	1
561	1	1
561	2	1
561	3	1
561	4	0
561	5	0
561	6	0
561	7	1
561	8	1
561	9	1
561	10	1
561	11	1
561	12	1
561	13	1
561	14	1
561	15	0
561	16	1
561	17	0
561	18	1
561	19	1
561	20	0
561	21	1
561	22	1
561	23	1
561	24	1
561	25	0
561	26	1
561	27	1
561	28	1
561	29	1
561	30	1
561	31	1
561	32	1
561	33	1
561	34	1
561	35	1
561	36	0
561	37	1
561	38	0
561	39	1
561	40	1
562	1	1
562	2	0
562	3	1
562	4	0
562	5	0
562	6	0
562	7	1
562	8	0
562	9	1
562	10	1
562	11	1
562	12	1
562	13	1
562	14	1
562	15	0
562	16	0
562	17	0
562	18	1
562	19	1
562	20	0
562	21	1
562	22	1
562	23	1
562	24	0
562	25	0
562	26	1
562	27	1
562	28	1
562	29	1
562	30	1
562	31	1
562	32	1
562	33	1
562	34	0
562	35	0
562	36	0
562	37	1
562	38	0
562	39	1
562	40	0
563	1	1
563	2	1
563	3	1
563	4	0
563	5	0
563	6	0
563	7	1
563	8	1
563	9	1
563	10	1
563	11	1
563	12	1
563	13	1
563	14	1
563	15	0
563	16	1
563	17	0
563	18	1
563	19	1
563	20	0
563	21	1
563	22	1
563	23	1
563	24	1
563	25	0
563	26	1
563	27	1
563	28	1
563	29	1
563	30	1
563	31	1
563	32	1
563	33	1
563	34	1
563	35	1
563	36	0
563	37	1
563	38	0
563	39	1
563	40	1
564	1	1
564	2	1
564	3	1
564	4	0
564	5	0
564	6	0
564	7	1
564	8	1
564	9	1
564	10	1
564	11	1
564	12	1
564	13	1
564	14	1
564	15	0
564	16	1
564	17	0
564	18	1
564	19	1
564	20	0
564	21	1
564	22	1
564	23	1
564	24	1
564	25	0
564	26	1
564	27	1
564	28	1
564	29	1
564	30	1
564	31	1
564	32	1
564	33	1
564	34	1
564	35	1
564	36	0
564	37	1
564	38	0
564	39	1
564	40	1
565	1	0
565	2	1
565	3	1
565	4	1
565	5	0
565	6	0
565	7	0
565	8	1
565	9	1
565	10	0
565	11	1
565	12	1
565	13	0
565	14	0
565	15	1
565	16	1
565	17	0
565	18	0
565	19	0
565	20	0
565	21	0
565	22	0
565	23	0
565	24	1
565	25	0
565	26	1
565	27	1
565	28	1
565	29	0
565	30	1
565	31	0
565	32	1
565	33	0
565	34	0
565	35	1
565	36	1
565	37	0
565	38	1
565	39	1
565	40	1
566	1	0
566	2	1
566	3	1
566	4	0
566	5	0
566	6	0
566	7	0
566	8	1
566	9	1
566	10	0
566	11	1
566	12	1
566	13	0
566	14	0
566	15	0
566	16	1
566	17	0
566	18	0
566	19	0
566	20	0
566	21	1
566	22	1
566	23	0
566	24	1
566	25	0
566	26	1
566	27	1
566	28	1
566	29	1
566	30	1
566	31	1
566	32	1
566	33	0
566	34	0
566	35	1
566	36	0
566	37	1
566	38	0
566	39	1
566	40	1
567	1	1
567	2	1
567	3	1
567	4	0
567	5	0
567	6	0
567	7	1
567	8	1
567	9	1
567	10	1
567	11	1
567	12	1
567	13	1
567	14	1
567	15	0
567	16	1
567	17	0
567	18	1
567	19	1
567	20	0
567	21	1
567	22	1
567	23	1
567	24	1
567	25	0
567	26	1
567	27	1
567	28	1
567	29	1
567	30	1
567	31	1
567	32	1
567	33	1
567	34	1
567	35	1
567	36	0
567	37	1
567	38	0
567	39	1
567	40	1
568	1	1
568	2	1
568	3	1
568	4	1
568	5	1
568	6	1
568	7	1
568	8	1
568	9	1
568	10	0
568	11	1
568	12	1
568	13	1
568	14	1
568	15	1
568	16	1
568	17	1
568	18	1
568	19	1
568	20	1
568	21	0
568	22	0
568	23	1
568	24	1
568	25	1
568	26	1
568	27	1
568	28	1
568	29	0
568	30	1
568	31	0
568	32	1
568	33	1
568	34	1
568	35	1
568	36	1
568	37	0
568	38	1
568	39	1
568	40	1
569	1	1
569	2	0
569	3	1
569	4	1
569	5	0
569	6	0
569	7	1
569	8	1
569	9	0
569	10	1
569	11	0
569	12	0
569	13	1
569	14	0
569	15	0
569	16	1
569	17	1
569	18	1
569	19	1
569	20	1
569	21	1
569	22	1
569	23	0
569	24	0
569	25	1
569	26	1
569	27	1
569	28	0
569	29	0
569	30	0
569	31	0
569	32	1
569	33	1
569	34	0
569	35	1
569	36	1
569	37	1
569	38	1
569	39	0
569	40	0
570	1	1
570	2	0
570	3	1
570	4	0
570	5	0
570	6	0
570	7	0
570	8	0
570	9	0
570	10	1
570	11	0
570	12	0
570	13	1
570	14	1
570	15	0
570	16	0
570	17	0
570	18	1
570	19	1
570	20	0
570	21	1
570	22	1
570	23	1
570	24	0
570	25	0
570	26	0
570	27	1
570	28	0
570	29	1
570	30	0
570	31	1
570	32	1
570	33	1
570	34	0
570	35	0
570	36	0
570	37	1
570	38	0
570	39	0
570	40	1
571	1	0
571	2	1
571	3	0
571	4	0
571	5	0
571	6	0
571	7	1
571	8	1
571	9	1
571	10	1
571	11	1
571	12	1
571	13	0
571	14	0
571	15	0
571	16	1
571	17	0
571	18	0
571	19	0
571	20	0
571	21	1
571	22	1
571	23	0
571	24	1
571	25	0
571	26	1
571	27	0
571	28	1
571	29	1
571	30	1
571	31	1
571	32	0
571	33	0
571	34	1
571	35	1
571	36	0
571	37	1
571	38	0
571	39	1
571	40	0
572	1	1
572	2	1
572	3	1
572	4	0
572	5	0
572	6	0
572	7	1
572	8	1
572	9	1
572	10	1
572	11	1
572	12	1
572	13	1
572	14	1
572	15	0
572	16	1
572	17	0
572	18	1
572	19	1
572	20	0
572	21	1
572	22	1
572	23	1
572	24	1
572	25	0
572	26	1
572	27	1
572	28	1
572	29	1
572	30	1
572	31	1
572	32	1
572	33	1
572	34	1
572	35	1
572	36	0
572	37	1
572	38	0
572	39	1
572	40	1
573	1	1
573	2	0
573	3	1
573	4	0
573	5	0
573	6	0
573	7	0
573	8	0
573	9	0
573	10	1
573	11	0
573	12	0
573	13	1
573	14	1
573	15	0
573	16	0
573	17	0
573	18	1
573	19	1
573	20	0
573	21	1
573	22	1
573	23	1
573	24	0
573	25	0
573	26	0
573	27	1
573	28	0
573	29	1
573	30	0
573	31	1
573	32	1
573	33	1
573	34	0
573	35	0
573	36	0
573	37	1
573	38	0
573	39	0
573	40	1
574	1	1
574	2	0
574	3	1
574	4	0
574	5	0
574	6	0
574	7	0
574	8	0
574	9	0
574	10	1
574	11	0
574	12	0
574	13	1
574	14	1
574	15	0
574	16	0
574	17	0
574	18	1
574	19	1
574	20	0
574	21	1
574	22	1
574	23	1
574	24	0
574	25	0
574	26	0
574	27	1
574	28	0
574	29	1
574	30	0
574	31	1
574	32	1
574	33	1
574	34	0
574	35	0
574	36	0
574	37	1
574	38	0
574	39	0
574	40	1
575	1	1
575	2	0
575	3	1
575	4	0
575	5	0
575	6	0
575	7	0
575	8	0
575	9	0
575	10	1
575	11	0
575	12	0
575	13	1
575	14	1
575	15	0
575	16	0
575	17	0
575	18	1
575	19	1
575	20	0
575	21	1
575	22	1
575	23	1
575	24	0
575	25	0
575	26	0
575	27	1
575	28	0
575	29	1
575	30	0
575	31	1
575	32	1
575	33	1
575	34	0
575	35	0
575	36	0
575	37	1
575	38	0
575	39	0
575	40	1
576	1	0
576	2	1
576	3	1
576	4	0
576	5	0
576	6	0
576	7	1
576	8	1
576	9	0
576	10	1
576	11	0
576	12	0
576	13	1
576	14	1
576	15	0
576	16	1
576	17	0
576	18	1
576	19	0
576	20	0
576	21	1
576	22	1
576	23	0
576	24	1
576	25	0
576	26	1
576	27	1
576	28	1
576	29	1
576	30	0
576	31	1
576	32	0
576	33	1
576	34	0
576	35	1
576	36	0
576	37	1
576	38	0
576	39	1
576	40	0
577	1	0
577	2	1
577	3	0
577	4	0
577	5	0
577	6	0
577	7	1
577	8	1
577	9	1
577	10	1
577	11	1
577	12	1
577	13	0
577	14	0
577	15	0
577	16	1
577	17	0
577	18	0
577	19	0
577	20	0
577	21	1
577	22	1
577	23	0
577	24	1
577	25	0
577	26	1
577	27	0
577	28	1
577	29	1
577	30	1
577	31	1
577	32	0
577	33	0
577	34	1
577	35	1
577	36	0
577	37	1
577	38	0
577	39	1
577	40	0
578	1	1
578	2	1
578	3	1
578	4	1
578	5	1
578	6	1
578	7	1
578	8	1
578	9	0
578	10	1
578	11	0
578	12	0
578	13	0
578	14	0
578	15	1
578	16	0
578	17	1
578	18	0
578	19	1
578	20	1
578	21	1
578	22	1
578	23	1
578	24	0
578	25	1
578	26	1
578	27	0
578	28	0
578	29	1
578	30	0
578	31	0
578	32	1
578	33	1
578	34	0
578	35	0
578	36	1
578	37	0
578	38	1
578	39	1
578	40	0
579	1	1
579	2	1
579	3	1
579	4	0
579	5	0
579	6	0
579	7	1
579	8	1
579	9	1
579	10	1
579	11	1
579	12	1
579	13	1
579	14	1
579	15	0
579	16	1
579	17	0
579	18	1
579	19	1
579	20	0
579	21	1
579	22	1
579	23	1
579	24	1
579	25	0
579	26	1
579	27	1
579	28	1
579	29	1
579	30	1
579	31	1
579	32	1
579	33	1
579	34	1
579	35	1
579	36	0
579	37	1
579	38	0
579	39	1
579	40	1
580	1	1
580	2	1
580	3	1
580	4	1
580	5	1
580	6	1
580	7	1
580	8	1
580	9	0
580	10	1
580	11	0
580	12	0
580	13	0
580	14	0
580	15	1
580	16	0
580	17	1
580	18	0
580	19	1
580	20	1
580	21	1
580	22	1
580	23	1
580	24	0
580	25	1
580	26	1
580	27	0
580	28	0
580	29	1
580	30	0
580	31	0
580	32	1
580	33	1
580	34	0
580	35	0
580	36	1
580	37	0
580	38	1
580	39	1
580	40	0
581	1	1
581	2	1
581	3	1
581	4	1
581	5	1
581	6	1
581	7	1
581	8	1
581	9	0
581	10	1
581	11	0
581	12	0
581	13	1
581	14	1
581	15	1
581	16	1
581	17	1
581	18	1
581	19	1
581	20	1
581	21	1
581	22	1
581	23	1
581	24	1
581	25	1
581	26	1
581	27	1
581	28	1
581	29	1
581	30	0
581	31	1
581	32	1
581	33	1
581	34	0
581	35	1
581	36	1
581	37	1
581	38	1
581	39	1
581	40	1
582	1	0
582	2	1
582	3	0
582	4	0
582	5	0
582	6	0
582	7	1
582	8	1
582	9	1
582	10	1
582	11	1
582	12	1
582	13	0
582	14	0
582	15	0
582	16	1
582	17	0
582	18	0
582	19	0
582	20	0
582	21	1
582	22	1
582	23	0
582	24	1
582	25	0
582	26	1
582	27	0
582	28	1
582	29	1
582	30	1
582	31	1
582	32	0
582	33	0
582	34	1
582	35	1
582	36	0
582	37	1
582	38	0
582	39	1
582	40	0
583	1	1
583	2	1
583	3	1
583	4	0
583	5	0
583	6	0
583	7	1
583	8	1
583	9	1
583	10	1
583	11	1
583	12	1
583	13	1
583	14	1
583	15	0
583	16	1
583	17	0
583	18	1
583	19	1
583	20	0
583	21	1
583	22	1
583	23	1
583	24	1
583	25	0
583	26	1
583	27	1
583	28	1
583	29	1
583	30	1
583	31	1
583	32	1
583	33	1
583	34	1
583	35	1
583	36	0
583	37	1
583	38	0
583	39	1
583	40	1
584	1	1
584	2	1
584	3	1
584	4	1
584	5	1
584	6	1
584	7	1
584	8	1
584	9	1
584	10	0
584	11	1
584	12	1
584	13	1
584	14	1
584	15	1
584	16	1
584	17	1
584	18	1
584	19	1
584	20	1
584	21	0
584	22	0
584	23	1
584	24	1
584	25	1
584	26	1
584	27	1
584	28	1
584	29	0
584	30	1
584	31	0
584	32	1
584	33	1
584	34	1
584	35	1
584	36	1
584	37	0
584	38	1
584	39	1
584	40	1
585	1	1
585	2	1
585	3	1
585	4	1
585	5	1
585	6	1
585	7	1
585	8	1
585	9	1
585	10	0
585	11	1
585	12	1
585	13	1
585	14	1
585	15	1
585	16	1
585	17	1
585	18	1
585	19	1
585	20	1
585	21	0
585	22	0
585	23	1
585	24	1
585	25	1
585	26	1
585	27	1
585	28	1
585	29	0
585	30	1
585	31	0
585	32	1
585	33	1
585	34	1
585	35	1
585	36	1
585	37	0
585	38	1
585	39	1
585	40	1
586	1	1
586	2	1
586	3	1
586	4	1
586	5	1
586	6	1
586	7	1
586	8	1
586	9	0
586	10	1
586	11	0
586	12	0
586	13	1
586	14	1
586	15	1
586	16	1
586	17	1
586	18	1
586	19	1
586	20	1
586	21	1
586	22	1
586	23	1
586	24	1
586	25	1
586	26	1
586	27	1
586	28	1
586	29	1
586	30	0
586	31	1
586	32	1
586	33	1
586	34	0
586	35	1
586	36	1
586	37	1
586	38	1
586	39	1
586	40	1
587	1	1
587	2	0
587	3	1
587	4	0
587	5	0
587	6	0
587	7	0
587	8	0
587	9	0
587	10	1
587	11	0
587	12	0
587	13	1
587	14	1
587	15	0
587	16	0
587	17	0
587	18	1
587	19	1
587	20	0
587	21	1
587	22	1
587	23	1
587	24	0
587	25	0
587	26	0
587	27	1
587	28	0
587	29	1
587	30	0
587	31	1
587	32	1
587	33	1
587	34	0
587	35	0
587	36	0
587	37	1
587	38	0
587	39	0
587	40	1
588	1	0
588	2	1
588	3	1
588	4	0
588	5	0
588	6	0
588	7	0
588	8	1
588	9	1
588	10	0
588	11	1
588	12	1
588	13	0
588	14	0
588	15	0
588	16	1
588	17	0
588	18	0
588	19	0
588	20	0
588	21	1
588	22	1
588	23	0
588	24	1
588	25	0
588	26	1
588	27	1
588	28	1
588	29	1
588	30	1
588	31	1
588	32	1
588	33	0
588	34	0
588	35	1
588	36	0
588	37	1
588	38	0
588	39	1
588	40	1
589	1	1
589	2	1
589	3	0
589	4	0
589	5	0
589	6	0
589	7	1
589	8	1
589	9	1
589	10	1
589	11	1
589	12	1
589	13	0
589	14	0
589	15	0
589	16	1
589	17	0
589	18	0
589	19	1
589	20	0
589	21	1
589	22	1
589	23	1
589	24	1
589	25	0
589	26	1
589	27	0
589	28	1
589	29	1
589	30	1
589	31	1
589	32	1
589	33	0
589	34	1
589	35	1
589	36	0
589	37	1
589	38	0
589	39	1
589	40	1
590	1	1
590	2	1
590	3	0
590	4	0
590	5	0
590	6	0
590	7	1
590	8	1
590	9	1
590	10	1
590	11	1
590	12	1
590	13	0
590	14	0
590	15	0
590	16	1
590	17	0
590	18	0
590	19	1
590	20	0
590	21	1
590	22	1
590	23	1
590	24	1
590	25	0
590	26	1
590	27	0
590	28	1
590	29	1
590	30	1
590	31	1
590	32	1
590	33	0
590	34	1
590	35	1
590	36	0
590	37	1
590	38	0
590	39	1
590	40	1
591	1	1
591	2	1
591	3	1
591	4	0
591	5	0
591	6	0
591	7	1
591	8	1
591	9	1
591	10	1
591	11	1
591	12	1
591	13	1
591	14	1
591	15	0
591	16	1
591	17	0
591	18	1
591	19	1
591	20	0
591	21	1
591	22	1
591	23	1
591	24	1
591	25	0
591	26	1
591	27	1
591	28	1
591	29	1
591	30	1
591	31	1
591	32	1
591	33	1
591	34	1
591	35	1
591	36	0
591	37	1
591	38	0
591	39	1
591	40	1
592	1	0
592	2	1
592	3	0
592	4	0
592	5	0
592	6	0
592	7	1
592	8	1
592	9	1
592	10	1
592	11	1
592	12	1
592	13	0
592	14	0
592	15	0
592	16	1
592	17	0
592	18	0
592	19	0
592	20	0
592	21	1
592	22	1
592	23	0
592	24	1
592	25	0
592	26	1
592	27	0
592	28	1
592	29	1
592	30	1
592	31	1
592	32	0
592	33	0
592	34	1
592	35	1
592	36	0
592	37	1
592	38	0
592	39	1
592	40	0
593	1	1
593	2	1
593	3	1
593	4	1
593	5	1
593	6	1
593	7	1
593	8	1
593	9	1
593	10	0
593	11	1
593	12	1
593	13	1
593	14	1
593	15	1
593	16	1
593	17	1
593	18	1
593	19	1
593	20	1
593	21	0
593	22	0
593	23	1
593	24	1
593	25	1
593	26	1
593	27	1
593	28	1
593	29	0
593	30	1
593	31	0
593	32	1
593	33	1
593	34	1
593	35	1
593	36	1
593	37	0
593	38	1
593	39	1
593	40	1
594	1	1
594	2	0
594	3	1
594	4	0
594	5	0
594	6	0
594	7	1
594	8	1
594	9	0
594	10	1
594	11	1
594	12	1
594	13	1
594	14	0
594	15	0
594	16	1
594	17	0
594	18	1
594	19	1
594	20	0
594	21	1
594	22	1
594	23	0
594	24	0
594	25	0
594	26	1
594	27	1
594	28	0
594	29	0
594	30	1
594	31	0
594	32	1
594	33	1
594	34	1
594	35	1
594	36	0
594	37	1
594	38	0
594	39	0
594	40	0
595	1	1
595	2	1
595	3	1
595	4	1
595	5	1
595	6	1
595	7	1
595	8	1
595	9	0
595	10	1
595	11	0
595	12	0
595	13	1
595	14	1
595	15	1
595	16	1
595	17	1
595	18	1
595	19	1
595	20	1
595	21	1
595	22	1
595	23	1
595	24	1
595	25	1
595	26	1
595	27	1
595	28	1
595	29	1
595	30	0
595	31	1
595	32	1
595	33	1
595	34	0
595	35	1
595	36	1
595	37	1
595	38	1
595	39	1
595	40	1
596	1	1
596	2	1
596	3	1
596	4	0
596	5	0
596	6	0
596	7	1
596	8	1
596	9	1
596	10	1
596	11	1
596	12	1
596	13	1
596	14	1
596	15	0
596	16	1
596	17	0
596	18	1
596	19	1
596	20	0
596	21	1
596	22	1
596	23	1
596	24	1
596	25	0
596	26	1
596	27	1
596	28	1
596	29	1
596	30	1
596	31	1
596	32	1
596	33	1
596	34	1
596	35	1
596	36	0
596	37	1
596	38	0
596	39	1
596	40	1
597	1	1
597	2	1
597	3	1
597	4	0
597	5	0
597	6	0
597	7	1
597	8	1
597	9	1
597	10	1
597	11	1
597	12	1
597	13	1
597	14	1
597	15	0
597	16	1
597	17	0
597	18	1
597	19	1
597	20	0
597	21	1
597	22	1
597	23	1
597	24	1
597	25	0
597	26	1
597	27	1
597	28	1
597	29	1
597	30	1
597	31	1
597	32	1
597	33	1
597	34	1
597	35	1
597	36	0
597	37	1
597	38	0
597	39	1
597	40	1
598	1	1
598	2	1
598	3	1
598	4	1
598	5	1
598	6	1
598	7	1
598	8	1
598	9	0
598	10	1
598	11	0
598	12	0
598	13	1
598	14	1
598	15	1
598	16	1
598	17	1
598	18	1
598	19	1
598	20	1
598	21	1
598	22	1
598	23	1
598	24	1
598	25	1
598	26	1
598	27	1
598	28	1
598	29	1
598	30	0
598	31	1
598	32	1
598	33	1
598	34	0
598	35	1
598	36	1
598	37	1
598	38	1
598	39	1
598	40	1
599	1	1
599	2	1
599	3	1
599	4	1
599	5	1
599	6	1
599	7	1
599	8	1
599	9	0
599	10	1
599	11	0
599	12	0
599	13	1
599	14	1
599	15	1
599	16	1
599	17	1
599	18	1
599	19	1
599	20	1
599	21	1
599	22	1
599	23	1
599	24	1
599	25	1
599	26	1
599	27	1
599	28	1
599	29	1
599	30	0
599	31	1
599	32	1
599	33	1
599	34	0
599	35	1
599	36	1
599	37	1
599	38	1
599	39	1
599	40	1
600	1	1
600	2	0
600	3	1
600	4	0
600	5	0
600	6	0
600	7	1
600	8	1
600	9	0
600	10	1
600	11	1
600	12	1
600	13	1
600	14	0
600	15	0
600	16	1
600	17	0
600	18	1
600	19	1
600	20	0
600	21	1
600	22	1
600	23	0
600	24	0
600	25	0
600	26	1
600	27	1
600	28	0
600	29	0
600	30	1
600	31	0
600	32	1
600	33	1
600	34	1
600	35	1
600	36	0
600	37	1
600	38	0
600	39	0
600	40	0
601	1	0
601	2	1
601	3	0
601	4	0
601	5	0
601	6	0
601	7	1
601	8	1
601	9	1
601	10	1
601	11	1
601	12	1
601	13	0
601	14	0
601	15	0
601	16	1
601	17	0
601	18	0
601	19	0
601	20	0
601	21	1
601	22	1
601	23	0
601	24	1
601	25	0
601	26	1
601	27	0
601	28	1
601	29	1
601	30	1
601	31	1
601	32	0
601	33	0
601	34	1
601	35	1
601	36	0
601	37	1
601	38	0
601	39	1
601	40	0
602	1	1
602	2	1
602	3	0
602	4	0
602	5	0
602	6	0
602	7	1
602	8	1
602	9	1
602	10	1
602	11	1
602	12	1
602	13	0
602	14	0
602	15	0
602	16	1
602	17	0
602	18	0
602	19	1
602	20	0
602	21	1
602	22	1
602	23	1
602	24	1
602	25	0
602	26	1
602	27	0
602	28	1
602	29	1
602	30	1
602	31	1
602	32	1
602	33	0
602	34	1
602	35	1
602	36	0
602	37	1
602	38	0
602	39	1
602	40	1
603	1	1
603	2	1
603	3	1
603	4	0
603	5	0
603	6	0
603	7	1
603	8	1
603	9	1
603	10	1
603	11	1
603	12	1
603	13	1
603	14	1
603	15	0
603	16	1
603	17	0
603	18	1
603	19	1
603	20	0
603	21	1
603	22	1
603	23	1
603	24	1
603	25	0
603	26	1
603	27	1
603	28	1
603	29	1
603	30	1
603	31	1
603	32	1
603	33	1
603	34	1
603	35	1
603	36	0
603	37	1
603	38	0
603	39	1
603	40	1
604	1	0
604	2	1
604	3	1
604	4	0
604	5	0
604	6	0
604	7	1
604	8	1
604	9	0
604	10	1
604	11	0
604	12	0
604	13	0
604	14	0
604	15	0
604	16	0
604	17	0
604	18	0
604	19	0
604	20	0
604	21	1
604	22	1
604	23	0
604	24	0
604	25	0
604	26	1
604	27	0
604	28	0
604	29	1
604	30	0
604	31	0
604	32	0
604	33	1
604	34	0
604	35	0
604	36	0
604	37	0
604	38	0
604	39	1
604	40	0
605	1	1
605	2	1
605	3	1
605	4	0
605	5	0
605	6	0
605	7	1
605	8	1
605	9	1
605	10	1
605	11	1
605	12	1
605	13	1
605	14	1
605	15	0
605	16	1
605	17	0
605	18	1
605	19	1
605	20	0
605	21	1
605	22	1
605	23	1
605	24	1
605	25	0
605	26	1
605	27	1
605	28	1
605	29	1
605	30	1
605	31	1
605	32	1
605	33	1
605	34	1
605	35	1
605	36	0
605	37	1
605	38	0
605	39	1
605	40	1
606	1	1
606	2	1
606	3	1
606	4	1
606	5	1
606	6	1
606	7	1
606	8	1
606	9	1
606	10	0
606	11	1
606	12	1
606	13	1
606	14	1
606	15	1
606	16	1
606	17	1
606	18	1
606	19	1
606	20	1
606	21	0
606	22	0
606	23	1
606	24	1
606	25	1
606	26	1
606	27	1
606	28	1
606	29	0
606	30	1
606	31	0
606	32	1
606	33	1
606	34	1
606	35	1
606	36	1
606	37	0
606	38	1
606	39	1
606	40	1
607	1	1
607	2	1
607	3	0
607	4	0
607	5	0
607	6	0
607	7	1
607	8	1
607	9	1
607	10	1
607	11	1
607	12	1
607	13	0
607	14	0
607	15	0
607	16	1
607	17	0
607	18	0
607	19	1
607	20	0
607	21	1
607	22	1
607	23	1
607	24	1
607	25	0
607	26	1
607	27	0
607	28	1
607	29	1
607	30	1
607	31	1
607	32	1
607	33	0
607	34	1
607	35	1
607	36	0
607	37	1
607	38	0
607	39	1
607	40	1
608	1	1
608	2	1
608	3	1
608	4	1
608	5	1
608	6	1
608	7	1
608	8	1
608	9	0
608	10	1
608	11	0
608	12	0
608	13	1
608	14	1
608	15	1
608	16	1
608	17	1
608	18	1
608	19	1
608	20	1
608	21	1
608	22	1
608	23	1
608	24	1
608	25	1
608	26	1
608	27	1
608	28	1
608	29	1
608	30	0
608	31	1
608	32	1
608	33	1
608	34	0
608	35	1
608	36	1
608	37	1
608	38	1
608	39	1
608	40	1
609	1	1
609	2	1
609	3	1
609	4	0
609	5	0
609	6	0
609	7	1
609	8	1
609	9	1
609	10	1
609	11	1
609	12	1
609	13	1
609	14	1
609	15	0
609	16	1
609	17	0
609	18	1
609	19	1
609	20	0
609	21	1
609	22	1
609	23	1
609	24	1
609	25	0
609	26	1
609	27	1
609	28	1
609	29	1
609	30	1
609	31	1
609	32	1
609	33	1
609	34	1
609	35	1
609	36	0
609	37	1
609	38	0
609	39	1
609	40	1
610	1	1
610	2	1
610	3	1
610	4	0
610	5	0
610	6	0
610	7	1
610	8	1
610	9	1
610	10	1
610	11	1
610	12	1
610	13	1
610	14	1
610	15	0
610	16	1
610	17	0
610	18	1
610	19	1
610	20	0
610	21	1
610	22	1
610	23	1
610	24	1
610	25	0
610	26	1
610	27	1
610	28	1
610	29	1
610	30	1
610	31	1
610	32	1
610	33	1
610	34	1
610	35	1
610	36	0
610	37	1
610	38	0
610	39	1
610	40	1
611	1	1
611	2	0
611	3	1
611	4	0
611	5	0
611	6	0
611	7	0
611	8	0
611	9	0
611	10	1
611	11	0
611	12	0
611	13	1
611	14	1
611	15	0
611	16	0
611	17	0
611	18	1
611	19	1
611	20	0
611	21	1
611	22	1
611	23	1
611	24	0
611	25	0
611	26	0
611	27	1
611	28	0
611	29	1
611	30	0
611	31	1
611	32	1
611	33	1
611	34	0
611	35	0
611	36	0
611	37	1
611	38	0
611	39	0
611	40	1
612	1	1
612	2	1
612	3	1
612	4	1
612	5	1
612	6	1
612	7	1
612	8	1
612	9	0
612	10	1
612	11	0
612	12	0
612	13	1
612	14	1
612	15	1
612	16	1
612	17	1
612	18	1
612	19	1
612	20	1
612	21	1
612	22	1
612	23	1
612	24	1
612	25	1
612	26	1
612	27	1
612	28	1
612	29	1
612	30	0
612	31	1
612	32	1
612	33	1
612	34	0
612	35	1
612	36	1
612	37	1
612	38	1
612	39	1
612	40	1
613	1	1
613	2	1
613	3	1
613	4	0
613	5	0
613	6	0
613	7	1
613	8	1
613	9	1
613	10	1
613	11	1
613	12	1
613	13	1
613	14	1
613	15	0
613	16	1
613	17	0
613	18	1
613	19	1
613	20	0
613	21	1
613	22	1
613	23	1
613	24	1
613	25	0
613	26	1
613	27	1
613	28	1
613	29	1
613	30	1
613	31	1
613	32	1
613	33	1
613	34	1
613	35	1
613	36	0
613	37	1
613	38	0
613	39	1
613	40	1
614	1	0
614	2	1
614	3	1
614	4	0
614	5	0
614	6	0
614	7	1
614	8	1
614	9	0
614	10	1
614	11	0
614	12	0
614	13	1
614	14	1
614	15	0
614	16	1
614	17	0
614	18	1
614	19	0
614	20	0
614	21	1
614	22	1
614	23	0
614	24	1
614	25	0
614	26	1
614	27	1
614	28	1
614	29	1
614	30	0
614	31	1
614	32	0
614	33	1
614	34	0
614	35	1
614	36	0
614	37	1
614	38	0
614	39	1
614	40	0
615	1	1
615	2	1
615	3	1
615	4	0
615	5	0
615	6	0
615	7	1
615	8	1
615	9	1
615	10	1
615	11	1
615	12	1
615	13	1
615	14	1
615	15	0
615	16	1
615	17	0
615	18	1
615	19	1
615	20	0
615	21	1
615	22	1
615	23	1
615	24	1
615	25	0
615	26	1
615	27	1
615	28	1
615	29	1
615	30	1
615	31	1
615	32	1
615	33	1
615	34	1
615	35	1
615	36	0
615	37	1
615	38	0
615	39	1
615	40	1
616	1	1
616	2	1
616	3	1
616	4	0
616	5	0
616	6	0
616	7	1
616	8	1
616	9	1
616	10	1
616	11	1
616	12	1
616	13	1
616	14	1
616	15	0
616	16	1
616	17	0
616	18	1
616	19	1
616	20	0
616	21	1
616	22	1
616	23	1
616	24	1
616	25	0
616	26	1
616	27	1
616	28	1
616	29	1
616	30	1
616	31	1
616	32	1
616	33	1
616	34	1
616	35	1
616	36	0
616	37	1
616	38	0
616	39	1
616	40	1
617	1	0
617	2	1
617	3	1
617	4	0
617	5	0
617	6	0
617	7	1
617	8	1
617	9	0
617	10	1
617	11	0
617	12	0
617	13	1
617	14	1
617	15	0
617	16	1
617	17	0
617	18	1
617	19	0
617	20	0
617	21	1
617	22	1
617	23	0
617	24	1
617	25	0
617	26	1
617	27	1
617	28	1
617	29	1
617	30	0
617	31	1
617	32	0
617	33	1
617	34	0
617	35	1
617	36	0
617	37	1
617	38	0
617	39	1
617	40	0
618	1	1
618	2	1
618	3	1
618	4	1
618	5	1
618	6	1
618	7	1
618	8	1
618	9	1
618	10	0
618	11	1
618	12	1
618	13	1
618	14	1
618	15	1
618	16	1
618	17	1
618	18	1
618	19	1
618	20	1
618	21	0
618	22	0
618	23	1
618	24	1
618	25	1
618	26	1
618	27	1
618	28	1
618	29	0
618	30	1
618	31	0
618	32	1
618	33	1
618	34	1
618	35	1
618	36	1
618	37	0
618	38	1
618	39	1
618	40	1
619	1	0
619	2	1
619	3	1
619	4	0
619	5	0
619	6	0
619	7	1
619	8	1
619	9	0
619	10	1
619	11	0
619	12	0
619	13	1
619	14	1
619	15	0
619	16	1
619	17	0
619	18	1
619	19	0
619	20	0
619	21	1
619	22	1
619	23	0
619	24	1
619	25	0
619	26	1
619	27	1
619	28	1
619	29	1
619	30	0
619	31	1
619	32	0
619	33	1
619	34	0
619	35	1
619	36	0
619	37	1
619	38	0
619	39	1
619	40	0
620	1	1
620	2	1
620	3	1
620	4	1
620	5	1
620	6	1
620	7	1
620	8	1
620	9	0
620	10	1
620	11	0
620	12	0
620	13	1
620	14	1
620	15	1
620	16	1
620	17	1
620	18	1
620	19	1
620	20	1
620	21	1
620	22	1
620	23	1
620	24	1
620	25	1
620	26	1
620	27	1
620	28	1
620	29	1
620	30	0
620	31	1
620	32	1
620	33	1
620	34	0
620	35	1
620	36	1
620	37	1
620	38	1
620	39	1
620	40	1
621	1	1
621	2	1
621	3	1
621	4	0
621	5	0
621	6	0
621	7	1
621	8	1
621	9	1
621	10	1
621	11	1
621	12	1
621	13	1
621	14	1
621	15	0
621	16	1
621	17	0
621	18	1
621	19	1
621	20	0
621	21	1
621	22	1
621	23	1
621	24	1
621	25	0
621	26	1
621	27	1
621	28	1
621	29	1
621	30	1
621	31	1
621	32	1
621	33	1
621	34	1
621	35	1
621	36	0
621	37	1
621	38	0
621	39	1
621	40	1
622	1	1
622	2	1
622	3	0
622	4	0
622	5	0
622	6	0
622	7	1
622	8	1
622	9	1
622	10	1
622	11	1
622	12	1
622	13	0
622	14	0
622	15	0
622	16	1
622	17	0
622	18	0
622	19	1
622	20	0
622	21	1
622	22	1
622	23	1
622	24	1
622	25	0
622	26	1
622	27	0
622	28	1
622	29	1
622	30	1
622	31	1
622	32	1
622	33	0
622	34	1
622	35	1
622	36	0
622	37	1
622	38	0
622	39	1
622	40	1
623	1	0
623	2	0
623	3	1
623	4	0
623	5	0
623	6	0
623	7	0
623	8	1
623	9	0
623	10	0
623	11	0
623	12	0
623	13	0
623	14	0
623	15	0
623	16	1
623	17	0
623	18	0
623	19	0
623	20	0
623	21	1
623	22	1
623	23	0
623	24	0
623	25	0
623	26	1
623	27	1
623	28	0
623	29	0
623	30	0
623	31	0
623	32	0
623	33	0
623	34	0
623	35	1
623	36	0
623	37	1
623	38	0
623	39	0
623	40	0
624	1	1
624	2	0
624	3	1
624	4	0
624	5	0
624	6	0
624	7	0
624	8	0
624	9	0
624	10	1
624	11	0
624	12	0
624	13	1
624	14	0
624	15	0
624	16	0
624	17	0
624	18	1
624	19	1
624	20	0
624	21	1
624	22	1
624	23	0
624	24	0
624	25	0
624	26	0
624	27	1
624	28	0
624	29	0
624	30	0
624	31	0
624	32	1
624	33	1
624	34	0
624	35	0
624	36	0
624	37	1
624	38	0
624	39	0
624	40	0
625	1	1
625	2	0
625	3	1
625	4	0
625	5	0
625	6	0
625	7	0
625	8	0
625	9	0
625	10	1
625	11	0
625	12	0
625	13	1
625	14	1
625	15	0
625	16	0
625	17	0
625	18	1
625	19	1
625	20	0
625	21	1
625	22	1
625	23	1
625	24	0
625	25	0
625	26	0
625	27	1
625	28	0
625	29	1
625	30	0
625	31	1
625	32	1
625	33	1
625	34	0
625	35	0
625	36	0
625	37	1
625	38	0
625	39	0
625	40	1
626	1	1
626	2	1
626	3	1
626	4	0
626	5	0
626	6	0
626	7	1
626	8	1
626	9	1
626	10	1
626	11	1
626	12	1
626	13	1
626	14	1
626	15	0
626	16	1
626	17	0
626	18	1
626	19	1
626	20	0
626	21	1
626	22	1
626	23	1
626	24	1
626	25	0
626	26	1
626	27	1
626	28	1
626	29	1
626	30	1
626	31	1
626	32	1
626	33	1
626	34	1
626	35	1
626	36	0
626	37	1
626	38	0
626	39	1
626	40	1
627	1	0
627	2	1
627	3	0
627	4	0
627	5	0
627	6	0
627	7	1
627	8	1
627	9	1
627	10	1
627	11	1
627	12	1
627	13	0
627	14	0
627	15	0
627	16	1
627	17	0
627	18	0
627	19	0
627	20	0
627	21	1
627	22	1
627	23	0
627	24	1
627	25	0
627	26	1
627	27	0
627	28	1
627	29	1
627	30	1
627	31	1
627	32	0
627	33	0
627	34	1
627	35	1
627	36	0
627	37	1
627	38	0
627	39	1
627	40	0
628	1	1
628	2	1
628	3	1
628	4	0
628	5	0
628	6	0
628	7	1
628	8	1
628	9	1
628	10	1
628	11	1
628	12	1
628	13	1
628	14	1
628	15	0
628	16	1
628	17	0
628	18	1
628	19	1
628	20	0
628	21	1
628	22	1
628	23	1
628	24	1
628	25	0
628	26	1
628	27	1
628	28	1
628	29	1
628	30	1
628	31	1
628	32	1
628	33	1
628	34	1
628	35	1
628	36	0
628	37	1
628	38	0
628	39	1
628	40	1
629	1	1
629	2	1
629	3	1
629	4	1
629	5	1
629	6	1
629	7	1
629	8	1
629	9	0
629	10	1
629	11	0
629	12	0
629	13	1
629	14	1
629	15	1
629	16	1
629	17	1
629	18	1
629	19	1
629	20	1
629	21	1
629	22	1
629	23	1
629	24	1
629	25	1
629	26	1
629	27	1
629	28	1
629	29	1
629	30	0
629	31	1
629	32	1
629	33	1
629	34	0
629	35	1
629	36	1
629	37	1
629	38	1
629	39	1
629	40	1
630	1	1
630	2	0
630	3	1
630	4	1
630	5	0
630	6	0
630	7	1
630	8	1
630	9	0
630	10	1
630	11	0
630	12	0
630	13	1
630	14	0
630	15	0
630	16	1
630	17	1
630	18	1
630	19	1
630	20	1
630	21	1
630	22	1
630	23	0
630	24	0
630	25	1
630	26	1
630	27	1
630	28	0
630	29	0
630	30	0
630	31	0
630	32	1
630	33	1
630	34	0
630	35	1
630	36	1
630	37	1
630	38	1
630	39	0
630	40	0
631	1	1
631	2	1
631	3	1
631	4	0
631	5	0
631	6	0
631	7	1
631	8	1
631	9	1
631	10	1
631	11	1
631	12	1
631	13	1
631	14	1
631	15	0
631	16	1
631	17	0
631	18	1
631	19	1
631	20	0
631	21	1
631	22	1
631	23	1
631	24	1
631	25	0
631	26	1
631	27	1
631	28	1
631	29	1
631	30	1
631	31	1
631	32	1
631	33	1
631	34	1
631	35	1
631	36	0
631	37	1
631	38	0
631	39	1
631	40	1
632	1	1
632	2	1
632	3	1
632	4	0
632	5	0
632	6	0
632	7	1
632	8	1
632	9	1
632	10	1
632	11	1
632	12	1
632	13	1
632	14	1
632	15	0
632	16	1
632	17	0
632	18	1
632	19	1
632	20	0
632	21	1
632	22	1
632	23	1
632	24	1
632	25	0
632	26	1
632	27	1
632	28	1
632	29	1
632	30	1
632	31	1
632	32	1
632	33	1
632	34	1
632	35	1
632	36	0
632	37	1
632	38	0
632	39	1
632	40	1
633	1	1
633	2	0
633	3	1
633	4	0
633	5	0
633	6	0
633	7	0
633	8	0
633	9	0
633	10	1
633	11	0
633	12	0
633	13	1
633	14	1
633	15	0
633	16	0
633	17	0
633	18	1
633	19	1
633	20	0
633	21	1
633	22	1
633	23	1
633	24	0
633	25	0
633	26	0
633	27	1
633	28	0
633	29	1
633	30	0
633	31	1
633	32	1
633	33	1
633	34	0
633	35	0
633	36	0
633	37	1
633	38	0
633	39	0
633	40	1
634	1	1
634	2	1
634	3	1
634	4	0
634	5	0
634	6	0
634	7	1
634	8	1
634	9	1
634	10	1
634	11	1
634	12	1
634	13	1
634	14	1
634	15	0
634	16	1
634	17	0
634	18	1
634	19	1
634	20	0
634	21	1
634	22	1
634	23	1
634	24	1
634	25	0
634	26	1
634	27	1
634	28	1
634	29	1
634	30	1
634	31	1
634	32	1
634	33	1
634	34	1
634	35	1
634	36	0
634	37	1
634	38	0
634	39	1
634	40	1
635	1	0
635	2	1
635	3	0
635	4	0
635	5	0
635	6	0
635	7	1
635	8	1
635	9	0
635	10	1
635	11	0
635	12	1
635	13	0
635	14	1
635	15	0
635	16	1
635	17	0
635	18	1
635	19	1
635	20	0
635	21	1
635	22	1
635	23	0
635	24	1
635	25	0
635	26	1
635	27	1
635	28	0
635	29	1
635	30	0
635	31	1
635	32	1
635	33	1
635	34	1
635	35	1
635	36	0
635	37	1
635	38	0
635	39	0
635	40	1
636	1	1
636	2	1
636	3	1
636	4	0
636	5	0
636	6	0
636	7	1
636	8	1
636	9	1
636	10	1
636	11	1
636	12	1
636	13	1
636	14	1
636	15	0
636	16	1
636	17	0
636	18	1
636	19	1
636	20	0
636	21	1
636	22	1
636	23	1
636	24	1
636	25	0
636	26	1
636	27	1
636	28	1
636	29	1
636	30	1
636	31	1
636	32	1
636	33	1
636	34	1
636	35	1
636	36	0
636	37	1
636	38	0
636	39	1
636	40	1
637	1	0
637	2	1
637	3	0
637	4	0
637	5	0
637	6	0
637	7	1
637	8	1
637	9	1
637	10	1
637	11	1
637	12	1
637	13	0
637	14	0
637	15	0
637	16	1
637	17	0
637	18	0
637	19	0
637	20	0
637	21	1
637	22	1
637	23	0
637	24	1
637	25	0
637	26	1
637	27	0
637	28	1
637	29	1
637	30	1
637	31	1
637	32	0
637	33	0
637	34	1
637	35	1
637	36	0
637	37	1
637	38	0
637	39	1
637	40	0
638	1	0
638	2	0
638	3	0
638	4	0
638	5	0
638	6	0
638	7	1
638	8	0
638	9	1
638	10	1
638	11	1
638	12	1
638	13	0
638	14	0
638	15	0
638	16	0
638	17	0
638	18	0
638	19	0
638	20	0
638	21	1
638	22	1
638	23	0
638	24	0
638	25	0
638	26	1
638	27	0
638	28	1
638	29	1
638	30	1
638	31	1
638	32	0
638	33	0
638	34	0
638	35	0
638	36	0
638	37	1
638	38	0
638	39	1
638	40	0
639	1	1
639	2	1
639	3	1
639	4	0
639	5	0
639	6	0
639	7	1
639	8	1
639	9	1
639	10	1
639	11	1
639	12	1
639	13	1
639	14	1
639	15	0
639	16	1
639	17	0
639	18	1
639	19	1
639	20	0
639	21	1
639	22	1
639	23	1
639	24	1
639	25	0
639	26	1
639	27	1
639	28	1
639	29	1
639	30	1
639	31	1
639	32	1
639	33	1
639	34	1
639	35	1
639	36	0
639	37	1
639	38	0
639	39	1
639	40	1
640	1	1
640	2	1
640	3	1
640	4	0
640	5	0
640	6	0
640	7	1
640	8	1
640	9	1
640	10	1
640	11	1
640	12	1
640	13	1
640	14	1
640	15	0
640	16	1
640	17	0
640	18	1
640	19	1
640	20	0
640	21	1
640	22	1
640	23	1
640	24	1
640	25	0
640	26	1
640	27	1
640	28	1
640	29	1
640	30	1
640	31	1
640	32	1
640	33	1
640	34	1
640	35	1
640	36	0
640	37	1
640	38	0
640	39	1
640	40	1
641	1	0
641	2	1
641	3	1
641	4	0
641	5	0
641	6	0
641	7	1
641	8	1
641	9	0
641	10	1
641	11	0
641	12	0
641	13	1
641	14	1
641	15	0
641	16	1
641	17	0
641	18	1
641	19	0
641	20	0
641	21	1
641	22	1
641	23	0
641	24	1
641	25	0
641	26	1
641	27	1
641	28	1
641	29	1
641	30	0
641	31	1
641	32	0
641	33	1
641	34	0
641	35	1
641	36	0
641	37	1
641	38	0
641	39	1
641	40	0
642	1	0
642	2	1
642	3	0
642	4	0
642	5	0
642	6	0
642	7	1
642	8	1
642	9	0
642	10	1
642	11	0
642	12	1
642	13	0
642	14	1
642	15	0
642	16	1
642	17	0
642	18	1
642	19	1
642	20	0
642	21	1
642	22	1
642	23	0
642	24	1
642	25	0
642	26	1
642	27	1
642	28	0
642	29	1
642	30	0
642	31	1
642	32	1
642	33	1
642	34	1
642	35	1
642	36	0
642	37	1
642	38	0
642	39	0
642	40	1
643	1	1
643	2	0
643	3	1
643	4	0
643	5	0
643	6	0
643	7	0
643	8	0
643	9	0
643	10	1
643	11	0
643	12	0
643	13	0
643	14	0
643	15	0
643	16	0
643	17	0
643	18	0
643	19	1
643	20	0
643	21	1
643	22	1
643	23	0
643	24	0
643	25	0
643	26	0
643	27	0
643	28	0
643	29	0
643	30	0
643	31	0
643	32	1
643	33	1
643	34	0
643	35	0
643	36	0
643	37	0
643	38	0
643	39	0
643	40	0
644	1	0
644	2	1
644	3	0
644	4	0
644	5	0
644	6	0
644	7	1
644	8	1
644	9	1
644	10	1
644	11	1
644	12	1
644	13	0
644	14	0
644	15	0
644	16	1
644	17	0
644	18	0
644	19	0
644	20	0
644	21	1
644	22	1
644	23	0
644	24	1
644	25	0
644	26	1
644	27	0
644	28	1
644	29	1
644	30	1
644	31	1
644	32	0
644	33	0
644	34	1
644	35	1
644	36	0
644	37	1
644	38	0
644	39	1
644	40	0
645	1	1
645	2	1
645	3	1
645	4	1
645	5	1
645	6	1
645	7	1
645	8	1
645	9	1
645	10	0
645	11	1
645	12	1
645	13	1
645	14	1
645	15	1
645	16	1
645	17	1
645	18	1
645	19	1
645	20	1
645	21	0
645	22	0
645	23	1
645	24	1
645	25	1
645	26	1
645	27	1
645	28	1
645	29	0
645	30	1
645	31	0
645	32	1
645	33	1
645	34	1
645	35	1
645	36	1
645	37	0
645	38	1
645	39	1
645	40	1
646	1	0
646	2	1
646	3	1
646	4	1
646	5	0
646	6	0
646	7	0
646	8	1
646	9	0
646	10	0
646	11	0
646	12	0
646	13	0
646	14	0
646	15	1
646	16	1
646	17	0
646	18	0
646	19	0
646	20	0
646	21	1
646	22	1
646	23	0
646	24	1
646	25	0
646	26	1
646	27	1
646	28	1
646	29	1
646	30	0
646	31	1
646	32	1
646	33	0
646	34	0
646	35	1
646	36	1
646	37	1
646	38	1
646	39	1
646	40	1
647	1	0
647	2	1
647	3	0
647	4	0
647	5	0
647	6	0
647	7	1
647	8	1
647	9	1
647	10	1
647	11	1
647	12	1
647	13	0
647	14	0
647	15	0
647	16	1
647	17	0
647	18	0
647	19	0
647	20	0
647	21	1
647	22	1
647	23	0
647	24	1
647	25	0
647	26	1
647	27	0
647	28	1
647	29	1
647	30	1
647	31	1
647	32	0
647	33	0
647	34	1
647	35	1
647	36	0
647	37	1
647	38	0
647	39	1
647	40	0
648	1	1
648	2	1
648	3	1
648	4	1
648	5	1
648	6	1
648	7	1
648	8	1
648	9	0
648	10	1
648	11	0
648	12	0
648	13	1
648	14	1
648	15	1
648	16	1
648	17	1
648	18	1
648	19	1
648	20	1
648	21	1
648	22	1
648	23	1
648	24	1
648	25	1
648	26	1
648	27	1
648	28	1
648	29	1
648	30	0
648	31	1
648	32	1
648	33	1
648	34	0
648	35	1
648	36	1
648	37	1
648	38	1
648	39	1
648	40	1
649	1	0
649	2	1
649	3	0
649	4	0
649	5	0
649	6	0
649	7	1
649	8	1
649	9	1
649	10	1
649	11	1
649	12	1
649	13	0
649	14	0
649	15	0
649	16	1
649	17	0
649	18	0
649	19	0
649	20	0
649	21	1
649	22	1
649	23	0
649	24	1
649	25	0
649	26	1
649	27	0
649	28	1
649	29	1
649	30	1
649	31	1
649	32	0
649	33	0
649	34	1
649	35	1
649	36	0
649	37	1
649	38	0
649	39	1
649	40	0
650	1	1
650	2	1
650	3	1
650	4	0
650	5	0
650	6	0
650	7	1
650	8	1
650	9	1
650	10	1
650	11	1
650	12	1
650	13	1
650	14	1
650	15	0
650	16	1
650	17	0
650	18	1
650	19	1
650	20	0
650	21	1
650	22	1
650	23	1
650	24	1
650	25	0
650	26	1
650	27	1
650	28	1
650	29	1
650	30	1
650	31	1
650	32	1
650	33	1
650	34	1
650	35	1
650	36	0
650	37	1
650	38	0
650	39	1
650	40	1
651	1	1
651	2	1
651	3	1
651	4	1
651	5	1
651	6	1
651	7	1
651	8	1
651	9	1
651	10	0
651	11	1
651	12	1
651	13	1
651	14	1
651	15	1
651	16	1
651	17	1
651	18	1
651	19	1
651	20	1
651	21	0
651	22	0
651	23	1
651	24	1
651	25	1
651	26	1
651	27	1
651	28	1
651	29	0
651	30	1
651	31	0
651	32	1
651	33	1
651	34	1
651	35	1
651	36	1
651	37	0
651	38	1
651	39	1
651	40	1
652	1	0
652	2	1
652	3	1
652	4	1
652	5	0
652	6	0
652	7	0
652	8	1
652	9	1
652	10	0
652	11	1
652	12	1
652	13	0
652	14	0
652	15	1
652	16	1
652	17	0
652	18	0
652	19	0
652	20	0
652	21	0
652	22	0
652	23	0
652	24	1
652	25	0
652	26	1
652	27	1
652	28	1
652	29	0
652	30	1
652	31	0
652	32	1
652	33	0
652	34	0
652	35	1
652	36	1
652	37	0
652	38	1
652	39	1
652	40	1
653	1	0
653	2	1
653	3	0
653	4	1
653	5	0
653	6	1
653	7	1
653	8	1
653	9	0
653	10	1
653	11	0
653	12	0
653	13	0
653	14	0
653	15	0
653	16	0
653	17	0
653	18	0
653	19	1
653	20	1
653	21	1
653	22	1
653	23	0
653	24	0
653	25	1
653	26	1
653	27	0
653	28	0
653	29	1
653	30	0
653	31	0
653	32	1
653	33	1
653	34	0
653	35	0
653	36	1
653	37	0
653	38	1
653	39	0
653	40	0
654	1	1
654	2	1
654	3	0
654	4	0
654	5	0
654	6	0
654	7	1
654	8	1
654	9	1
654	10	1
654	11	1
654	12	1
654	13	0
654	14	0
654	15	0
654	16	1
654	17	0
654	18	0
654	19	1
654	20	0
654	21	1
654	22	1
654	23	1
654	24	1
654	25	0
654	26	1
654	27	0
654	28	1
654	29	1
654	30	1
654	31	1
654	32	1
654	33	0
654	34	1
654	35	1
654	36	0
654	37	1
654	38	0
654	39	1
654	40	1
655	1	1
655	2	1
655	3	1
655	4	0
655	5	0
655	6	0
655	7	1
655	8	1
655	9	1
655	10	1
655	11	1
655	12	1
655	13	1
655	14	1
655	15	0
655	16	1
655	17	0
655	18	1
655	19	1
655	20	0
655	21	1
655	22	1
655	23	1
655	24	1
655	25	0
655	26	1
655	27	1
655	28	1
655	29	1
655	30	1
655	31	1
655	32	1
655	33	1
655	34	1
655	35	1
655	36	0
655	37	1
655	38	0
655	39	1
655	40	1
656	1	0
656	2	1
656	3	0
656	4	0
656	5	0
656	6	0
656	7	1
656	8	1
656	9	1
656	10	1
656	11	1
656	12	1
656	13	0
656	14	0
656	15	0
656	16	1
656	17	0
656	18	0
656	19	0
656	20	0
656	21	1
656	22	1
656	23	0
656	24	1
656	25	0
656	26	1
656	27	0
656	28	1
656	29	1
656	30	1
656	31	1
656	32	0
656	33	0
656	34	1
656	35	1
656	36	0
656	37	1
656	38	0
656	39	1
656	40	0
657	1	1
657	2	1
657	3	1
657	4	0
657	5	0
657	6	0
657	7	1
657	8	1
657	9	1
657	10	1
657	11	1
657	12	1
657	13	1
657	14	1
657	15	0
657	16	1
657	17	0
657	18	1
657	19	1
657	20	0
657	21	1
657	22	1
657	23	1
657	24	1
657	25	0
657	26	1
657	27	1
657	28	1
657	29	1
657	30	1
657	31	1
657	32	1
657	33	1
657	34	1
657	35	1
657	36	0
657	37	1
657	38	0
657	39	1
657	40	1
658	1	1
658	2	1
658	3	1
658	4	1
658	5	1
658	6	1
658	7	1
658	8	1
658	9	0
658	10	1
658	11	0
658	12	0
658	13	0
658	14	0
658	15	1
658	16	0
658	17	1
658	18	0
658	19	1
658	20	1
658	21	1
658	22	1
658	23	1
658	24	0
658	25	1
658	26	1
658	27	0
658	28	0
658	29	1
658	30	0
658	31	0
658	32	1
658	33	1
658	34	0
658	35	0
658	36	1
658	37	0
658	38	1
658	39	1
658	40	0
659	1	1
659	2	0
659	3	1
659	4	0
659	5	0
659	6	0
659	7	0
659	8	0
659	9	0
659	10	1
659	11	0
659	12	0
659	13	1
659	14	1
659	15	0
659	16	0
659	17	0
659	18	1
659	19	1
659	20	0
659	21	1
659	22	1
659	23	1
659	24	0
659	25	0
659	26	0
659	27	1
659	28	0
659	29	1
659	30	0
659	31	1
659	32	1
659	33	1
659	34	0
659	35	0
659	36	0
659	37	1
659	38	0
659	39	0
659	40	1
660	1	0
660	2	1
660	3	0
660	4	1
660	5	0
660	6	1
660	7	1
660	8	1
660	9	0
660	10	1
660	11	0
660	12	0
660	13	0
660	14	1
660	15	0
660	16	1
660	17	0
660	18	1
660	19	1
660	20	1
660	21	1
660	22	1
660	23	0
660	24	1
660	25	1
660	26	1
660	27	1
660	28	0
660	29	1
660	30	0
660	31	1
660	32	1
660	33	1
660	34	0
660	35	1
660	36	1
660	37	1
660	38	1
660	39	0
660	40	1
661	1	1
661	2	1
661	3	1
661	4	0
661	5	0
661	6	0
661	7	1
661	8	1
661	9	1
661	10	1
661	11	1
661	12	1
661	13	1
661	14	1
661	15	0
661	16	1
661	17	0
661	18	1
661	19	1
661	20	0
661	21	1
661	22	1
661	23	1
661	24	1
661	25	0
661	26	1
661	27	1
661	28	1
661	29	1
661	30	1
661	31	1
661	32	1
661	33	1
661	34	1
661	35	1
661	36	0
661	37	1
661	38	0
661	39	1
661	40	1
662	1	1
662	2	0
662	3	1
662	4	0
662	5	0
662	6	0
662	7	0
662	8	0
662	9	0
662	10	1
662	11	0
662	12	0
662	13	1
662	14	1
662	15	0
662	16	0
662	17	0
662	18	1
662	19	1
662	20	0
662	21	1
662	22	1
662	23	1
662	24	0
662	25	0
662	26	0
662	27	1
662	28	0
662	29	1
662	30	0
662	31	1
662	32	1
662	33	1
662	34	0
662	35	0
662	36	0
662	37	1
662	38	0
662	39	0
662	40	1
663	1	1
663	2	1
663	3	1
663	4	1
663	5	1
663	6	1
663	7	1
663	8	1
663	9	1
663	10	0
663	11	1
663	12	1
663	13	1
663	14	1
663	15	1
663	16	1
663	17	1
663	18	1
663	19	1
663	20	1
663	21	0
663	22	0
663	23	1
663	24	1
663	25	1
663	26	1
663	27	1
663	28	1
663	29	0
663	30	1
663	31	0
663	32	1
663	33	1
663	34	1
663	35	1
663	36	1
663	37	0
663	38	1
663	39	1
663	40	1
664	1	0
664	2	1
664	3	1
664	4	1
664	5	0
664	6	0
664	7	0
664	8	1
664	9	0
664	10	0
664	11	0
664	12	0
664	13	0
664	14	0
664	15	1
664	16	1
664	17	0
664	18	0
664	19	0
664	20	0
664	21	1
664	22	1
664	23	0
664	24	1
664	25	0
664	26	1
664	27	1
664	28	1
664	29	1
664	30	0
664	31	1
664	32	1
664	33	0
664	34	0
664	35	1
664	36	1
664	37	1
664	38	1
664	39	1
664	40	1
665	1	1
665	2	1
665	3	1
665	4	0
665	5	0
665	6	0
665	7	1
665	8	1
665	9	1
665	10	1
665	11	1
665	12	1
665	13	1
665	14	1
665	15	0
665	16	1
665	17	0
665	18	1
665	19	1
665	20	0
665	21	1
665	22	1
665	23	1
665	24	1
665	25	0
665	26	1
665	27	1
665	28	1
665	29	1
665	30	1
665	31	1
665	32	1
665	33	1
665	34	1
665	35	1
665	36	0
665	37	1
665	38	0
665	39	1
665	40	1
666	1	1
666	2	1
666	3	1
666	4	1
666	5	1
666	6	1
666	7	1
666	8	1
666	9	1
666	10	0
666	11	1
666	12	1
666	13	1
666	14	1
666	15	1
666	16	1
666	17	1
666	18	1
666	19	1
666	20	1
666	21	0
666	22	0
666	23	1
666	24	1
666	25	1
666	26	1
666	27	1
666	28	1
666	29	0
666	30	1
666	31	0
666	32	1
666	33	1
666	34	1
666	35	1
666	36	1
666	37	0
666	38	1
666	39	1
666	40	1
667	1	1
667	2	1
667	3	1
667	4	1
667	5	1
667	6	1
667	7	1
667	8	1
667	9	1
667	10	0
667	11	1
667	12	1
667	13	1
667	14	1
667	15	1
667	16	1
667	17	1
667	18	1
667	19	1
667	20	1
667	21	0
667	22	0
667	23	1
667	24	1
667	25	1
667	26	1
667	27	1
667	28	1
667	29	0
667	30	1
667	31	0
667	32	1
667	33	1
667	34	1
667	35	1
667	36	1
667	37	0
667	38	1
667	39	1
667	40	1
668	1	1
668	2	1
668	3	0
668	4	0
668	5	0
668	6	0
668	7	1
668	8	1
668	9	1
668	10	1
668	11	1
668	12	1
668	13	0
668	14	0
668	15	0
668	16	1
668	17	0
668	18	0
668	19	1
668	20	0
668	21	1
668	22	1
668	23	1
668	24	1
668	25	0
668	26	1
668	27	0
668	28	1
668	29	1
668	30	1
668	31	1
668	32	1
668	33	0
668	34	1
668	35	1
668	36	0
668	37	1
668	38	0
668	39	1
668	40	1
669	1	0
669	2	1
669	3	0
669	4	1
669	5	0
669	6	1
669	7	1
669	8	1
669	9	0
669	10	1
669	11	0
669	12	0
669	13	0
669	14	1
669	15	0
669	16	1
669	17	0
669	18	1
669	19	1
669	20	1
669	21	1
669	22	1
669	23	0
669	24	1
669	25	1
669	26	1
669	27	1
669	28	0
669	29	1
669	30	0
669	31	1
669	32	1
669	33	1
669	34	0
669	35	1
669	36	1
669	37	1
669	38	1
669	39	0
669	40	1
670	1	1
670	2	0
670	3	1
670	4	1
670	5	0
670	6	0
670	7	1
670	8	1
670	9	0
670	10	0
670	11	1
670	12	1
670	13	1
670	14	0
670	15	0
670	16	1
670	17	1
670	18	1
670	19	1
670	20	1
670	21	0
670	22	0
670	23	0
670	24	0
670	25	1
670	26	1
670	27	1
670	28	0
670	29	0
670	30	1
670	31	0
670	32	1
670	33	1
670	34	1
670	35	1
670	36	1
670	37	0
670	38	1
670	39	0
670	40	0
671	1	1
671	2	1
671	3	1
671	4	1
671	5	1
671	6	1
671	7	1
671	8	1
671	9	0
671	10	1
671	11	0
671	12	0
671	13	1
671	14	1
671	15	1
671	16	1
671	17	1
671	18	1
671	19	1
671	20	1
671	21	1
671	22	1
671	23	1
671	24	1
671	25	1
671	26	1
671	27	1
671	28	1
671	29	1
671	30	0
671	31	1
671	32	1
671	33	1
671	34	0
671	35	1
671	36	1
671	37	1
671	38	1
671	39	1
671	40	1
672	1	0
672	2	0
672	3	0
672	4	1
672	5	0
672	6	0
672	7	1
672	8	1
672	9	0
672	10	1
672	11	0
672	12	0
672	13	0
672	14	0
672	15	0
672	16	1
672	17	0
672	18	1
672	19	1
672	20	1
672	21	1
672	22	1
672	23	0
672	24	0
672	25	1
672	26	1
672	27	1
672	28	0
672	29	0
672	30	0
672	31	0
672	32	1
672	33	1
672	34	0
672	35	1
672	36	1
672	37	1
672	38	1
672	39	0
672	40	0
673	1	0
673	2	1
673	3	0
673	4	0
673	5	0
673	6	0
673	7	1
673	8	1
673	9	1
673	10	1
673	11	1
673	12	1
673	13	0
673	14	0
673	15	0
673	16	0
673	17	0
673	18	0
673	19	0
673	20	0
673	21	1
673	22	1
673	23	0
673	24	0
673	25	0
673	26	1
673	27	0
673	28	0
673	29	1
673	30	1
673	31	0
673	32	0
673	33	0
673	34	0
673	35	0
673	36	0
673	37	0
673	38	0
673	39	1
673	40	0
674	1	0
674	2	1
674	3	0
674	4	1
674	5	0
674	6	1
674	7	1
674	8	1
674	9	0
674	10	0
674	11	0
674	12	1
674	13	0
674	14	1
674	15	0
674	16	1
674	17	0
674	18	1
674	19	1
674	20	1
674	21	0
674	22	0
674	23	0
674	24	1
674	25	1
674	26	1
674	27	1
674	28	0
674	29	0
674	30	0
674	31	0
674	32	1
674	33	1
674	34	1
674	35	1
674	36	1
674	37	0
674	38	1
674	39	0
674	40	1
675	1	1
675	2	1
675	3	1
675	4	0
675	5	0
675	6	0
675	7	1
675	8	1
675	9	1
675	10	1
675	11	1
675	12	1
675	13	1
675	14	1
675	15	0
675	16	1
675	17	0
675	18	1
675	19	1
675	20	0
675	21	1
675	22	1
675	23	1
675	24	1
675	25	0
675	26	1
675	27	1
675	28	1
675	29	1
675	30	1
675	31	1
675	32	1
675	33	1
675	34	1
675	35	1
675	36	0
675	37	1
675	38	0
675	39	1
675	40	1
676	1	1
676	2	0
676	3	1
676	4	1
676	5	1
676	6	1
676	7	1
676	8	0
676	9	1
676	10	0
676	11	1
676	12	1
676	13	1
676	14	1
676	15	0
676	16	0
676	17	1
676	18	1
676	19	1
676	20	0
676	21	0
676	22	0
676	23	1
676	24	0
676	25	1
676	26	1
676	27	1
676	28	1
676	29	0
676	30	1
676	31	0
676	32	1
676	33	1
676	34	0
676	35	0
676	36	1
676	37	0
676	38	1
676	39	1
676	40	0
677	1	1
677	2	1
677	3	1
677	4	0
677	5	0
677	6	0
677	7	1
677	8	1
677	9	1
677	10	1
677	11	1
677	12	1
677	13	1
677	14	1
677	15	0
677	16	1
677	17	0
677	18	1
677	19	1
677	20	0
677	21	1
677	22	1
677	23	1
677	24	1
677	25	0
677	26	1
677	27	1
677	28	1
677	29	1
677	30	1
677	31	1
677	32	1
677	33	1
677	34	1
677	35	1
677	36	0
677	37	1
677	38	0
677	39	1
677	40	1
678	1	0
678	2	0
678	3	0
678	4	0
678	5	0
678	6	0
678	7	1
678	8	0
678	9	1
678	10	1
678	11	1
678	12	1
678	13	0
678	14	0
678	15	0
678	16	0
678	17	0
678	18	0
678	19	0
678	20	0
678	21	1
678	22	1
678	23	0
678	24	0
678	25	0
678	26	1
678	27	0
678	28	1
678	29	1
678	30	1
678	31	1
678	32	0
678	33	0
678	34	0
678	35	0
678	36	0
678	37	1
678	38	0
678	39	1
678	40	0
679	1	0
679	2	1
679	3	0
679	4	0
679	5	0
679	6	0
679	7	1
679	8	1
679	9	1
679	10	1
679	11	1
679	12	1
679	13	0
679	14	0
679	15	0
679	16	1
679	17	0
679	18	0
679	19	0
679	20	0
679	21	1
679	22	1
679	23	0
679	24	1
679	25	0
679	26	1
679	27	0
679	28	1
679	29	1
679	30	1
679	31	1
679	32	0
679	33	0
679	34	1
679	35	1
679	36	0
679	37	1
679	38	0
679	39	1
679	40	0
680	1	0
680	2	1
680	3	0
680	4	0
680	5	0
680	6	0
680	7	1
680	8	1
680	9	1
680	10	1
680	11	1
680	12	1
680	13	0
680	14	0
680	15	0
680	16	1
680	17	0
680	18	0
680	19	0
680	20	0
680	21	1
680	22	1
680	23	0
680	24	1
680	25	0
680	26	1
680	27	0
680	28	1
680	29	1
680	30	1
680	31	1
680	32	0
680	33	0
680	34	1
680	35	1
680	36	0
680	37	1
680	38	0
680	39	1
680	40	0
681	1	1
681	2	1
681	3	1
681	4	0
681	5	0
681	6	0
681	7	1
681	8	1
681	9	1
681	10	1
681	11	1
681	12	1
681	13	1
681	14	1
681	15	0
681	16	1
681	17	0
681	18	1
681	19	1
681	20	0
681	21	1
681	22	1
681	23	1
681	24	1
681	25	0
681	26	1
681	27	1
681	28	1
681	29	1
681	30	1
681	31	1
681	32	1
681	33	1
681	34	1
681	35	1
681	36	0
681	37	1
681	38	0
681	39	1
681	40	1
682	1	1
682	2	1
682	3	1
682	4	0
682	5	0
682	6	0
682	7	1
682	8	1
682	9	1
682	10	1
682	11	1
682	12	1
682	13	1
682	14	1
682	15	0
682	16	1
682	17	0
682	18	1
682	19	1
682	20	0
682	21	1
682	22	1
682	23	1
682	24	1
682	25	0
682	26	1
682	27	1
682	28	1
682	29	1
682	30	1
682	31	1
682	32	1
682	33	1
682	34	1
682	35	1
682	36	0
682	37	1
682	38	0
682	39	1
682	40	1
683	1	1
683	2	1
683	3	1
683	4	0
683	5	0
683	6	0
683	7	1
683	8	1
683	9	1
683	10	1
683	11	1
683	12	1
683	13	1
683	14	1
683	15	0
683	16	1
683	17	0
683	18	1
683	19	1
683	20	0
683	21	1
683	22	1
683	23	1
683	24	1
683	25	0
683	26	1
683	27	1
683	28	1
683	29	1
683	30	1
683	31	1
683	32	1
683	33	1
683	34	1
683	35	1
683	36	0
683	37	1
683	38	0
683	39	1
683	40	1
684	1	1
684	2	1
684	3	1
684	4	0
684	5	0
684	6	0
684	7	1
684	8	1
684	9	1
684	10	1
684	11	1
684	12	1
684	13	1
684	14	1
684	15	0
684	16	1
684	17	0
684	18	1
684	19	1
684	20	0
684	21	1
684	22	1
684	23	1
684	24	1
684	25	0
684	26	1
684	27	1
684	28	1
684	29	1
684	30	1
684	31	1
684	32	1
684	33	1
684	34	1
684	35	1
684	36	0
684	37	1
684	38	0
684	39	1
684	40	1
685	1	0
685	2	1
685	3	1
685	4	0
685	5	0
685	6	0
685	7	0
685	8	1
685	9	1
685	10	0
685	11	1
685	12	1
685	13	0
685	14	0
685	15	0
685	16	1
685	17	0
685	18	0
685	19	0
685	20	0
685	21	1
685	22	1
685	23	0
685	24	1
685	25	0
685	26	1
685	27	1
685	28	1
685	29	1
685	30	1
685	31	1
685	32	1
685	33	0
685	34	0
685	35	1
685	36	0
685	37	1
685	38	0
685	39	1
685	40	1
686	1	0
686	2	0
686	3	0
686	4	0
686	5	0
686	6	0
686	7	0
686	8	0
686	9	0
686	10	1
686	11	0
686	12	0
686	13	0
686	14	1
686	15	0
686	16	0
686	17	0
686	18	1
686	19	1
686	20	0
686	21	1
686	22	1
686	23	0
686	24	0
686	25	0
686	26	0
686	27	1
686	28	0
686	29	1
686	30	0
686	31	1
686	32	1
686	33	1
686	34	0
686	35	0
686	36	0
686	37	1
686	38	0
686	39	0
686	40	1
687	1	1
687	2	1
687	3	1
687	4	1
687	5	1
687	6	1
687	7	1
687	8	1
687	9	0
687	10	1
687	11	0
687	12	0
687	13	1
687	14	1
687	15	1
687	16	1
687	17	1
687	18	1
687	19	1
687	20	1
687	21	1
687	22	1
687	23	1
687	24	1
687	25	1
687	26	1
687	27	1
687	28	1
687	29	1
687	30	0
687	31	1
687	32	1
687	33	1
687	34	0
687	35	1
687	36	1
687	37	1
687	38	1
687	39	1
687	40	1
688	1	1
688	2	1
688	3	1
688	4	0
688	5	0
688	6	0
688	7	1
688	8	1
688	9	1
688	10	1
688	11	1
688	12	1
688	13	1
688	14	1
688	15	0
688	16	1
688	17	0
688	18	1
688	19	1
688	20	0
688	21	1
688	22	1
688	23	1
688	24	1
688	25	0
688	26	1
688	27	1
688	28	1
688	29	1
688	30	1
688	31	1
688	32	1
688	33	1
688	34	1
688	35	1
688	36	0
688	37	1
688	38	0
688	39	1
688	40	1
689	1	1
689	2	1
689	3	1
689	4	0
689	5	0
689	6	0
689	7	1
689	8	1
689	9	1
689	10	1
689	11	1
689	12	1
689	13	1
689	14	1
689	15	0
689	16	1
689	17	0
689	18	1
689	19	1
689	20	0
689	21	1
689	22	1
689	23	1
689	24	1
689	25	0
689	26	1
689	27	1
689	28	1
689	29	1
689	30	1
689	31	1
689	32	1
689	33	1
689	34	1
689	35	1
689	36	0
689	37	1
689	38	0
689	39	1
689	40	1
690	1	1
690	2	1
690	3	1
690	4	1
690	5	1
690	6	1
690	7	1
690	8	1
690	9	0
690	10	1
690	11	0
690	12	0
690	13	1
690	14	1
690	15	1
690	16	1
690	17	1
690	18	1
690	19	1
690	20	1
690	21	1
690	22	1
690	23	1
690	24	1
690	25	1
690	26	1
690	27	1
690	28	1
690	29	1
690	30	0
690	31	1
690	32	1
690	33	1
690	34	0
690	35	1
690	36	1
690	37	1
690	38	1
690	39	1
690	40	1
691	1	1
691	2	1
691	3	1
691	4	1
691	5	1
691	6	1
691	7	1
691	8	1
691	9	0
691	10	1
691	11	0
691	12	0
691	13	1
691	14	1
691	15	1
691	16	1
691	17	1
691	18	1
691	19	1
691	20	1
691	21	1
691	22	1
691	23	1
691	24	1
691	25	1
691	26	1
691	27	1
691	28	1
691	29	1
691	30	0
691	31	1
691	32	1
691	33	1
691	34	0
691	35	1
691	36	1
691	37	1
691	38	1
691	39	1
691	40	1
692	1	0
692	2	1
692	3	0
692	4	0
692	5	0
692	6	0
692	7	1
692	8	1
692	9	1
692	10	1
692	11	1
692	12	1
692	13	0
692	14	0
692	15	0
692	16	1
692	17	0
692	18	0
692	19	0
692	20	0
692	21	1
692	22	1
692	23	0
692	24	1
692	25	0
692	26	1
692	27	0
692	28	1
692	29	1
692	30	1
692	31	1
692	32	0
692	33	0
692	34	1
692	35	1
692	36	0
692	37	1
692	38	0
692	39	1
692	40	0
693	1	1
693	2	1
693	3	1
693	4	1
693	5	1
693	6	1
693	7	1
693	8	1
693	9	0
693	10	1
693	11	0
693	12	0
693	13	1
693	14	1
693	15	1
693	16	1
693	17	1
693	18	1
693	19	1
693	20	1
693	21	1
693	22	1
693	23	1
693	24	1
693	25	1
693	26	1
693	27	1
693	28	1
693	29	1
693	30	0
693	31	1
693	32	1
693	33	1
693	34	0
693	35	1
693	36	1
693	37	1
693	38	1
693	39	1
693	40	1
694	1	0
694	2	1
694	3	0
694	4	0
694	5	0
694	6	0
694	7	1
694	8	1
694	9	1
694	10	1
694	11	1
694	12	1
694	13	0
694	14	0
694	15	0
694	16	1
694	17	0
694	18	0
694	19	0
694	20	0
694	21	1
694	22	1
694	23	0
694	24	1
694	25	0
694	26	1
694	27	0
694	28	1
694	29	1
694	30	1
694	31	1
694	32	0
694	33	0
694	34	1
694	35	1
694	36	0
694	37	1
694	38	0
694	39	1
694	40	0
695	1	1
695	2	1
695	3	1
695	4	0
695	5	0
695	6	0
695	7	1
695	8	1
695	9	1
695	10	1
695	11	1
695	12	1
695	13	1
695	14	1
695	15	0
695	16	1
695	17	0
695	18	1
695	19	1
695	20	0
695	21	1
695	22	1
695	23	1
695	24	1
695	25	0
695	26	1
695	27	1
695	28	1
695	29	1
695	30	1
695	31	1
695	32	1
695	33	1
695	34	1
695	35	1
695	36	0
695	37	1
695	38	0
695	39	1
695	40	1
696	1	1
696	2	1
696	3	1
696	4	0
696	5	0
696	6	0
696	7	1
696	8	1
696	9	1
696	10	1
696	11	1
696	12	1
696	13	1
696	14	1
696	15	0
696	16	1
696	17	0
696	18	1
696	19	1
696	20	0
696	21	1
696	22	1
696	23	1
696	24	1
696	25	0
696	26	1
696	27	1
696	28	1
696	29	1
696	30	1
696	31	1
696	32	1
696	33	1
696	34	1
696	35	1
696	36	0
696	37	1
696	38	0
696	39	1
696	40	1
697	1	1
697	2	1
697	3	1
697	4	0
697	5	0
697	6	0
697	7	1
697	8	1
697	9	1
697	10	1
697	11	1
697	12	1
697	13	0
697	14	0
697	15	0
697	16	0
697	17	0
697	18	0
697	19	1
697	20	0
697	21	1
697	22	1
697	23	1
697	24	0
697	25	0
697	26	1
697	27	0
697	28	0
697	29	1
697	30	1
697	31	0
697	32	1
697	33	1
697	34	0
697	35	0
697	36	0
697	37	0
697	38	0
697	39	1
697	40	0
698	1	1
698	2	0
698	3	1
698	4	0
698	5	0
698	6	0
698	7	0
698	8	0
698	9	0
698	10	1
698	11	0
698	12	0
698	13	1
698	14	1
698	15	0
698	16	0
698	17	0
698	18	1
698	19	1
698	20	0
698	21	1
698	22	1
698	23	1
698	24	0
698	25	0
698	26	0
698	27	1
698	28	0
698	29	1
698	30	0
698	31	1
698	32	1
698	33	1
698	34	0
698	35	0
698	36	0
698	37	1
698	38	0
698	39	0
698	40	1
699	1	1
699	2	1
699	3	1
699	4	0
699	5	0
699	6	0
699	7	1
699	8	1
699	9	1
699	10	1
699	11	1
699	12	1
699	13	1
699	14	1
699	15	0
699	16	1
699	17	0
699	18	1
699	19	1
699	20	0
699	21	1
699	22	1
699	23	1
699	24	1
699	25	0
699	26	1
699	27	1
699	28	1
699	29	1
699	30	1
699	31	1
699	32	1
699	33	1
699	34	1
699	35	1
699	36	0
699	37	1
699	38	0
699	39	1
699	40	1
700	1	1
700	2	1
700	3	1
700	4	1
700	5	1
700	6	1
700	7	1
700	8	1
700	9	0
700	10	1
700	11	0
700	12	0
700	13	1
700	14	1
700	15	1
700	16	1
700	17	1
700	18	1
700	19	1
700	20	1
700	21	1
700	22	1
700	23	1
700	24	1
700	25	1
700	26	1
700	27	1
700	28	1
700	29	1
700	30	0
700	31	1
700	32	1
700	33	1
700	34	0
700	35	1
700	36	1
700	37	1
700	38	1
700	39	1
700	40	1
701	1	1
701	2	1
701	3	1
701	4	0
701	5	0
701	6	0
701	7	1
701	8	1
701	9	1
701	10	1
701	11	1
701	12	1
701	13	1
701	14	1
701	15	0
701	16	1
701	17	0
701	18	1
701	19	1
701	20	0
701	21	1
701	22	1
701	23	1
701	24	1
701	25	0
701	26	1
701	27	1
701	28	1
701	29	1
701	30	1
701	31	1
701	32	1
701	33	1
701	34	1
701	35	1
701	36	0
701	37	1
701	38	0
701	39	1
701	40	1
702	1	1
702	2	1
702	3	1
702	4	0
702	5	0
702	6	0
702	7	1
702	8	1
702	9	1
702	10	1
702	11	1
702	12	1
702	13	1
702	14	1
702	15	0
702	16	1
702	17	0
702	18	1
702	19	1
702	20	0
702	21	1
702	22	1
702	23	1
702	24	1
702	25	0
702	26	1
702	27	1
702	28	1
702	29	1
702	30	1
702	31	1
702	32	1
702	33	1
702	34	1
702	35	1
702	36	0
702	37	1
702	38	0
702	39	1
702	40	1
703	1	0
703	2	1
703	3	1
703	4	0
703	5	0
703	6	0
703	7	1
703	8	1
703	9	0
703	10	1
703	11	0
703	12	0
703	13	1
703	14	1
703	15	0
703	16	1
703	17	0
703	18	1
703	19	0
703	20	0
703	21	1
703	22	1
703	23	0
703	24	1
703	25	0
703	26	1
703	27	1
703	28	1
703	29	1
703	30	0
703	31	1
703	32	0
703	33	1
703	34	0
703	35	1
703	36	0
703	37	1
703	38	0
703	39	1
703	40	0
704	1	1
704	2	1
704	3	1
704	4	1
704	5	1
704	6	1
704	7	1
704	8	1
704	9	0
704	10	1
704	11	0
704	12	0
704	13	1
704	14	1
704	15	1
704	16	1
704	17	1
704	18	1
704	19	1
704	20	1
704	21	1
704	22	1
704	23	1
704	24	1
704	25	1
704	26	1
704	27	1
704	28	1
704	29	1
704	30	0
704	31	1
704	32	1
704	33	1
704	34	0
704	35	1
704	36	1
704	37	1
704	38	1
704	39	1
704	40	1
705	1	1
705	2	1
705	3	1
705	4	1
705	5	1
705	6	1
705	7	1
705	8	1
705	9	0
705	10	1
705	11	0
705	12	0
705	13	1
705	14	1
705	15	1
705	16	1
705	17	1
705	18	1
705	19	1
705	20	1
705	21	1
705	22	1
705	23	1
705	24	1
705	25	1
705	26	1
705	27	1
705	28	1
705	29	1
705	30	0
705	31	1
705	32	1
705	33	1
705	34	0
705	35	1
705	36	1
705	37	1
705	38	1
705	39	1
705	40	1
706	1	0
706	2	0
706	3	0
706	4	0
706	5	0
706	6	0
706	7	0
706	8	0
706	9	0
706	10	1
706	11	0
706	12	0
706	13	0
706	14	1
706	15	0
706	16	0
706	17	0
706	18	1
706	19	1
706	20	0
706	21	1
706	22	1
706	23	0
706	24	0
706	25	0
706	26	0
706	27	1
706	28	0
706	29	1
706	30	0
706	31	1
706	32	1
706	33	1
706	34	0
706	35	0
706	36	0
706	37	1
706	38	0
706	39	0
706	40	1
707	1	1
707	2	1
707	3	1
707	4	1
707	5	1
707	6	1
707	7	1
707	8	1
707	9	1
707	10	0
707	11	1
707	12	1
707	13	1
707	14	1
707	15	1
707	16	1
707	17	1
707	18	1
707	19	1
707	20	1
707	21	0
707	22	0
707	23	1
707	24	1
707	25	1
707	26	1
707	27	1
707	28	1
707	29	0
707	30	1
707	31	0
707	32	1
707	33	1
707	34	1
707	35	1
707	36	1
707	37	0
707	38	1
707	39	1
707	40	1
708	1	0
708	2	1
708	3	1
708	4	0
708	5	0
708	6	0
708	7	1
708	8	1
708	9	0
708	10	1
708	11	0
708	12	0
708	13	1
708	14	1
708	15	0
708	16	1
708	17	0
708	18	1
708	19	0
708	20	0
708	21	1
708	22	1
708	23	0
708	24	1
708	25	0
708	26	1
708	27	1
708	28	1
708	29	1
708	30	0
708	31	1
708	32	0
708	33	1
708	34	0
708	35	1
708	36	0
708	37	1
708	38	0
708	39	1
708	40	0
709	1	0
709	2	1
709	3	0
709	4	0
709	5	0
709	6	0
709	7	1
709	8	1
709	9	1
709	10	1
709	11	1
709	12	1
709	13	0
709	14	0
709	15	0
709	16	1
709	17	0
709	18	0
709	19	0
709	20	0
709	21	1
709	22	1
709	23	0
709	24	1
709	25	0
709	26	1
709	27	0
709	28	1
709	29	1
709	30	1
709	31	1
709	32	0
709	33	0
709	34	1
709	35	1
709	36	0
709	37	1
709	38	0
709	39	1
709	40	0
710	1	1
710	2	1
710	3	1
710	4	0
710	5	0
710	6	0
710	7	1
710	8	1
710	9	1
710	10	1
710	11	1
710	12	1
710	13	1
710	14	1
710	15	0
710	16	1
710	17	0
710	18	1
710	19	1
710	20	0
710	21	1
710	22	1
710	23	1
710	24	1
710	25	0
710	26	1
710	27	1
710	28	1
710	29	1
710	30	1
710	31	1
710	32	1
710	33	1
710	34	1
710	35	1
710	36	0
710	37	1
710	38	0
710	39	1
710	40	1
711	1	0
711	2	1
711	3	0
711	4	0
711	5	0
711	6	0
711	7	1
711	8	1
711	9	1
711	10	1
711	11	1
711	12	1
711	13	0
711	14	0
711	15	0
711	16	1
711	17	0
711	18	0
711	19	0
711	20	0
711	21	1
711	22	1
711	23	0
711	24	1
711	25	0
711	26	1
711	27	0
711	28	1
711	29	1
711	30	1
711	31	1
711	32	0
711	33	0
711	34	1
711	35	1
711	36	0
711	37	1
711	38	0
711	39	1
711	40	0
712	1	1
712	2	0
712	3	1
712	4	0
712	5	0
712	6	0
712	7	1
712	8	1
712	9	0
712	10	1
712	11	1
712	12	1
712	13	1
712	14	0
712	15	0
712	16	1
712	17	0
712	18	1
712	19	1
712	20	0
712	21	1
712	22	1
712	23	0
712	24	0
712	25	0
712	26	1
712	27	1
712	28	0
712	29	0
712	30	1
712	31	0
712	32	1
712	33	1
712	34	1
712	35	1
712	36	0
712	37	1
712	38	0
712	39	0
712	40	0
713	1	0
713	2	1
713	3	0
713	4	0
713	5	0
713	6	0
713	7	1
713	8	1
713	9	1
713	10	1
713	11	1
713	12	1
713	13	0
713	14	0
713	15	0
713	16	1
713	17	0
713	18	0
713	19	0
713	20	0
713	21	1
713	22	1
713	23	0
713	24	1
713	25	0
713	26	1
713	27	0
713	28	1
713	29	1
713	30	1
713	31	1
713	32	0
713	33	0
713	34	1
713	35	1
713	36	0
713	37	1
713	38	0
713	39	1
713	40	0
714	1	0
714	2	1
714	3	1
714	4	1
714	5	0
714	6	0
714	7	0
714	8	1
714	9	0
714	10	0
714	11	0
714	12	0
714	13	0
714	14	0
714	15	1
714	16	1
714	17	0
714	18	0
714	19	0
714	20	0
714	21	1
714	22	1
714	23	0
714	24	1
714	25	0
714	26	1
714	27	1
714	28	1
714	29	1
714	30	0
714	31	1
714	32	1
714	33	0
714	34	0
714	35	1
714	36	1
714	37	1
714	38	1
714	39	1
714	40	1
715	1	0
715	2	1
715	3	0
715	4	0
715	5	0
715	6	0
715	7	0
715	8	1
715	9	1
715	10	0
715	11	1
715	12	1
715	13	0
715	14	0
715	15	0
715	16	1
715	17	0
715	18	0
715	19	0
715	20	0
715	21	1
715	22	1
715	23	0
715	24	1
715	25	0
715	26	1
715	27	0
715	28	1
715	29	1
715	30	1
715	31	1
715	32	0
715	33	0
715	34	0
715	35	1
715	36	0
715	37	1
715	38	0
715	39	1
715	40	0
716	1	1
716	2	1
716	3	1
716	4	1
716	5	1
716	6	1
716	7	1
716	8	1
716	9	0
716	10	1
716	11	0
716	12	0
716	13	1
716	14	1
716	15	1
716	16	1
716	17	1
716	18	1
716	19	1
716	20	1
716	21	1
716	22	1
716	23	1
716	24	1
716	25	1
716	26	1
716	27	1
716	28	1
716	29	1
716	30	0
716	31	1
716	32	1
716	33	1
716	34	0
716	35	1
716	36	1
716	37	1
716	38	1
716	39	1
716	40	1
717	1	0
717	2	1
717	3	1
717	4	0
717	5	0
717	6	0
717	7	1
717	8	1
717	9	0
717	10	1
717	11	0
717	12	0
717	13	1
717	14	1
717	15	0
717	16	1
717	17	0
717	18	1
717	19	0
717	20	0
717	21	1
717	22	1
717	23	0
717	24	1
717	25	0
717	26	1
717	27	1
717	28	1
717	29	1
717	30	0
717	31	1
717	32	0
717	33	1
717	34	0
717	35	1
717	36	0
717	37	1
717	38	0
717	39	1
717	40	0
718	1	0
718	2	0
718	3	0
718	4	0
718	5	0
718	6	0
718	7	0
718	8	0
718	9	0
718	10	1
718	11	0
718	12	0
718	13	0
718	14	1
718	15	0
718	16	0
718	17	0
718	18	1
718	19	1
718	20	0
718	21	1
718	22	1
718	23	0
718	24	0
718	25	0
718	26	0
718	27	1
718	28	0
718	29	1
718	30	0
718	31	1
718	32	1
718	33	1
718	34	0
718	35	0
718	36	0
718	37	1
718	38	0
718	39	0
718	40	1
719	1	1
719	2	1
719	3	1
719	4	1
719	5	1
719	6	1
719	7	1
719	8	1
719	9	0
719	10	1
719	11	0
719	12	0
719	13	1
719	14	1
719	15	1
719	16	1
719	17	1
719	18	1
719	19	1
719	20	1
719	21	1
719	22	1
719	23	1
719	24	1
719	25	1
719	26	1
719	27	1
719	28	1
719	29	1
719	30	0
719	31	1
719	32	1
719	33	1
719	34	0
719	35	1
719	36	1
719	37	1
719	38	1
719	39	1
719	40	1
720	1	1
720	2	1
720	3	1
720	4	0
720	5	0
720	6	0
720	7	1
720	8	1
720	9	1
720	10	1
720	11	1
720	12	1
720	13	1
720	14	1
720	15	0
720	16	1
720	17	0
720	18	1
720	19	1
720	20	0
720	21	1
720	22	1
720	23	1
720	24	1
720	25	0
720	26	1
720	27	1
720	28	1
720	29	1
720	30	1
720	31	1
720	32	1
720	33	1
720	34	1
720	35	1
720	36	0
720	37	1
720	38	0
720	39	1
720	40	1
721	1	1
721	2	1
721	3	0
721	4	0
721	5	0
721	6	0
721	7	1
721	8	1
721	9	1
721	10	1
721	11	1
721	12	1
721	13	0
721	14	0
721	15	0
721	16	1
721	17	0
721	18	0
721	19	1
721	20	0
721	21	1
721	22	1
721	23	1
721	24	1
721	25	0
721	26	1
721	27	0
721	28	1
721	29	1
721	30	1
721	31	1
721	32	1
721	33	0
721	34	1
721	35	1
721	36	0
721	37	1
721	38	0
721	39	1
721	40	1
722	1	1
722	2	0
722	3	1
722	4	0
722	5	0
722	6	0
722	7	0
722	8	0
722	9	0
722	10	1
722	11	0
722	12	0
722	13	1
722	14	1
722	15	0
722	16	0
722	17	0
722	18	1
722	19	1
722	20	0
722	21	1
722	22	1
722	23	1
722	24	0
722	25	0
722	26	0
722	27	1
722	28	0
722	29	1
722	30	0
722	31	1
722	32	1
722	33	1
722	34	0
722	35	0
722	36	0
722	37	1
722	38	0
722	39	0
722	40	1
723	1	0
723	2	0
723	3	0
723	4	0
723	5	0
723	6	0
723	7	0
723	8	0
723	9	0
723	10	1
723	11	0
723	12	0
723	13	0
723	14	1
723	15	0
723	16	0
723	17	0
723	18	1
723	19	1
723	20	0
723	21	1
723	22	1
723	23	0
723	24	0
723	25	0
723	26	0
723	27	1
723	28	0
723	29	1
723	30	0
723	31	1
723	32	1
723	33	1
723	34	0
723	35	0
723	36	0
723	37	1
723	38	0
723	39	0
723	40	1
724	1	1
724	2	1
724	3	1
724	4	0
724	5	0
724	6	0
724	7	1
724	8	1
724	9	1
724	10	1
724	11	1
724	12	1
724	13	0
724	14	0
724	15	0
724	16	0
724	17	0
724	18	0
724	19	1
724	20	0
724	21	1
724	22	1
724	23	1
724	24	0
724	25	0
724	26	1
724	27	0
724	28	0
724	29	1
724	30	1
724	31	0
724	32	1
724	33	1
724	34	0
724	35	0
724	36	0
724	37	0
724	38	0
724	39	1
724	40	0
725	1	1
725	2	0
725	3	1
725	4	0
725	5	0
725	6	0
725	7	0
725	8	0
725	9	0
725	10	1
725	11	0
725	12	0
725	13	1
725	14	0
725	15	0
725	16	0
725	17	0
725	18	1
725	19	1
725	20	0
725	21	1
725	22	1
725	23	0
725	24	0
725	25	0
725	26	0
725	27	1
725	28	0
725	29	0
725	30	0
725	31	0
725	32	1
725	33	1
725	34	0
725	35	0
725	36	0
725	37	1
725	38	0
725	39	0
725	40	0
726	1	1
726	2	1
726	3	1
726	4	1
726	5	1
726	6	1
726	7	1
726	8	1
726	9	0
726	10	1
726	11	0
726	12	0
726	13	1
726	14	1
726	15	1
726	16	1
726	17	1
726	18	1
726	19	1
726	20	1
726	21	1
726	22	1
726	23	1
726	24	1
726	25	1
726	26	1
726	27	1
726	28	1
726	29	1
726	30	0
726	31	1
726	32	1
726	33	1
726	34	0
726	35	1
726	36	1
726	37	1
726	38	1
726	39	1
726	40	1
727	1	1
727	2	1
727	3	1
727	4	1
727	5	1
727	6	1
727	7	1
727	8	1
727	9	0
727	10	1
727	11	0
727	12	0
727	13	1
727	14	1
727	15	1
727	16	1
727	17	1
727	18	1
727	19	1
727	20	1
727	21	1
727	22	1
727	23	1
727	24	1
727	25	1
727	26	1
727	27	1
727	28	1
727	29	1
727	30	0
727	31	1
727	32	1
727	33	1
727	34	0
727	35	1
727	36	1
727	37	1
727	38	1
727	39	1
727	40	1
728	1	0
728	2	1
728	3	1
728	4	0
728	5	0
728	6	0
728	7	0
728	8	1
728	9	1
728	10	0
728	11	1
728	12	1
728	13	0
728	14	0
728	15	0
728	16	1
728	17	0
728	18	0
728	19	0
728	20	0
728	21	1
728	22	1
728	23	0
728	24	1
728	25	0
728	26	1
728	27	1
728	28	1
728	29	1
728	30	1
728	31	1
728	32	1
728	33	0
728	34	0
728	35	1
728	36	0
728	37	1
728	38	0
728	39	1
728	40	1
729	1	0
729	2	1
729	3	1
729	4	0
729	5	0
729	6	0
729	7	1
729	8	1
729	9	0
729	10	1
729	11	0
729	12	0
729	13	0
729	14	0
729	15	0
729	16	0
729	17	0
729	18	0
729	19	0
729	20	0
729	21	1
729	22	1
729	23	0
729	24	0
729	25	0
729	26	1
729	27	0
729	28	0
729	29	1
729	30	0
729	31	0
729	32	0
729	33	1
729	34	0
729	35	0
729	36	0
729	37	0
729	38	0
729	39	1
729	40	0
730	1	1
730	2	1
730	3	1
730	4	1
730	5	1
730	6	1
730	7	1
730	8	1
730	9	1
730	10	0
730	11	1
730	12	1
730	13	1
730	14	1
730	15	1
730	16	1
730	17	1
730	18	1
730	19	1
730	20	1
730	21	0
730	22	0
730	23	1
730	24	1
730	25	1
730	26	1
730	27	1
730	28	1
730	29	0
730	30	1
730	31	0
730	32	1
730	33	1
730	34	1
730	35	1
730	36	1
730	37	0
730	38	1
730	39	1
730	40	1
731	1	1
731	2	0
731	3	1
731	4	0
731	5	0
731	6	0
731	7	0
731	8	0
731	9	0
731	10	1
731	11	0
731	12	0
731	13	1
731	14	1
731	15	0
731	16	0
731	17	0
731	18	1
731	19	1
731	20	0
731	21	1
731	22	1
731	23	1
731	24	0
731	25	0
731	26	0
731	27	1
731	28	0
731	29	1
731	30	0
731	31	1
731	32	1
731	33	1
731	34	0
731	35	0
731	36	0
731	37	1
731	38	0
731	39	0
731	40	1
732	1	1
732	2	0
732	3	1
732	4	0
732	5	0
732	6	0
732	7	0
732	8	0
732	9	0
732	10	1
732	11	0
732	12	0
732	13	1
732	14	1
732	15	0
732	16	0
732	17	0
732	18	1
732	19	1
732	20	0
732	21	1
732	22	1
732	23	1
732	24	0
732	25	0
732	26	0
732	27	1
732	28	0
732	29	1
732	30	0
732	31	1
732	32	1
732	33	1
732	34	0
732	35	0
732	36	0
732	37	1
732	38	0
732	39	0
732	40	1
733	1	0
733	2	1
733	3	1
733	4	1
733	5	0
733	6	0
733	7	0
733	8	1
733	9	1
733	10	0
733	11	1
733	12	1
733	13	0
733	14	0
733	15	1
733	16	1
733	17	0
733	18	0
733	19	0
733	20	0
733	21	0
733	22	0
733	23	0
733	24	1
733	25	0
733	26	1
733	27	1
733	28	1
733	29	0
733	30	1
733	31	0
733	32	1
733	33	0
733	34	0
733	35	1
733	36	1
733	37	0
733	38	1
733	39	1
733	40	1
734	1	0
734	2	1
734	3	0
734	4	0
734	5	0
734	6	0
734	7	1
734	8	1
734	9	0
734	10	1
734	11	0
734	12	0
734	13	0
734	14	1
734	15	0
734	16	1
734	17	0
734	18	1
734	19	0
734	20	0
734	21	1
734	22	1
734	23	0
734	24	1
734	25	0
734	26	1
734	27	1
734	28	0
734	29	1
734	30	0
734	31	1
734	32	0
734	33	1
734	34	0
734	35	1
734	36	0
734	37	1
734	38	0
734	39	0
734	40	0
735	1	0
735	2	1
735	3	0
735	4	0
735	5	0
735	6	0
735	7	1
735	8	1
735	9	1
735	10	1
735	11	1
735	12	1
735	13	0
735	14	0
735	15	0
735	16	1
735	17	0
735	18	0
735	19	0
735	20	0
735	21	1
735	22	1
735	23	0
735	24	1
735	25	0
735	26	1
735	27	0
735	28	1
735	29	1
735	30	1
735	31	1
735	32	0
735	33	0
735	34	1
735	35	1
735	36	0
735	37	1
735	38	0
735	39	1
735	40	0
736	1	1
736	2	1
736	3	1
736	4	0
736	5	0
736	6	0
736	7	1
736	8	1
736	9	1
736	10	1
736	11	1
736	12	1
736	13	1
736	14	1
736	15	0
736	16	1
736	17	0
736	18	1
736	19	1
736	20	0
736	21	1
736	22	1
736	23	1
736	24	1
736	25	0
736	26	1
736	27	1
736	28	1
736	29	1
736	30	1
736	31	1
736	32	1
736	33	1
736	34	1
736	35	1
736	36	0
736	37	1
736	38	0
736	39	1
736	40	1
737	1	1
737	2	1
737	3	1
737	4	0
737	5	0
737	6	0
737	7	1
737	8	1
737	9	1
737	10	1
737	11	1
737	12	1
737	13	1
737	14	1
737	15	0
737	16	1
737	17	0
737	18	1
737	19	1
737	20	0
737	21	1
737	22	1
737	23	1
737	24	1
737	25	0
737	26	1
737	27	1
737	28	1
737	29	1
737	30	1
737	31	1
737	32	1
737	33	1
737	34	1
737	35	1
737	36	0
737	37	1
737	38	0
737	39	1
737	40	1
738	1	1
738	2	1
738	3	1
738	4	1
738	5	1
738	6	1
738	7	1
738	8	1
738	9	1
738	10	0
738	11	1
738	12	1
738	13	1
738	14	1
738	15	1
738	16	1
738	17	1
738	18	1
738	19	1
738	20	1
738	21	0
738	22	0
738	23	1
738	24	1
738	25	1
738	26	1
738	27	1
738	28	1
738	29	0
738	30	1
738	31	0
738	32	1
738	33	1
738	34	1
738	35	1
738	36	1
738	37	0
738	38	1
738	39	1
738	40	1
739	1	1
739	2	1
739	3	1
739	4	1
739	5	1
739	6	1
739	7	1
739	8	1
739	9	0
739	10	1
739	11	0
739	12	0
739	13	1
739	14	1
739	15	1
739	16	1
739	17	1
739	18	1
739	19	1
739	20	1
739	21	1
739	22	1
739	23	1
739	24	1
739	25	1
739	26	1
739	27	1
739	28	1
739	29	1
739	30	0
739	31	1
739	32	1
739	33	1
739	34	0
739	35	1
739	36	1
739	37	1
739	38	1
739	39	1
739	40	1
740	1	1
740	2	1
740	3	1
740	4	0
740	5	0
740	6	0
740	7	1
740	8	1
740	9	1
740	10	1
740	11	1
740	12	1
740	13	1
740	14	1
740	15	0
740	16	1
740	17	0
740	18	1
740	19	1
740	20	0
740	21	1
740	22	1
740	23	1
740	24	1
740	25	0
740	26	1
740	27	1
740	28	1
740	29	1
740	30	1
740	31	1
740	32	1
740	33	1
740	34	1
740	35	1
740	36	0
740	37	1
740	38	0
740	39	1
740	40	1
741	1	1
741	2	1
741	3	0
741	4	0
741	5	0
741	6	0
741	7	1
741	8	1
741	9	1
741	10	1
741	11	1
741	12	1
741	13	0
741	14	0
741	15	0
741	16	1
741	17	0
741	18	0
741	19	1
741	20	0
741	21	1
741	22	1
741	23	1
741	24	1
741	25	0
741	26	1
741	27	0
741	28	1
741	29	1
741	30	1
741	31	1
741	32	1
741	33	0
741	34	1
741	35	1
741	36	0
741	37	1
741	38	0
741	39	1
741	40	1
742	1	0
742	2	1
742	3	0
742	4	0
742	5	0
742	6	0
742	7	1
742	8	1
742	9	1
742	10	1
742	11	1
742	12	1
742	13	0
742	14	0
742	15	0
742	16	1
742	17	0
742	18	0
742	19	0
742	20	0
742	21	1
742	22	1
742	23	0
742	24	1
742	25	0
742	26	1
742	27	0
742	28	1
742	29	1
742	30	1
742	31	1
742	32	0
742	33	0
742	34	1
742	35	1
742	36	0
742	37	1
742	38	0
742	39	1
742	40	0
743	1	1
743	2	0
743	3	0
743	4	0
743	5	0
743	6	0
743	7	1
743	8	1
743	9	0
743	10	1
743	11	1
743	12	1
743	13	0
743	14	0
743	15	0
743	16	1
743	17	0
743	18	0
743	19	1
743	20	0
743	21	1
743	22	1
743	23	0
743	24	0
743	25	0
743	26	1
743	27	0
743	28	0
743	29	0
743	30	1
743	31	0
743	32	1
743	33	0
743	34	1
743	35	1
743	36	0
743	37	1
743	38	0
743	39	0
743	40	0
744	1	1
744	2	1
744	3	1
744	4	1
744	5	1
744	6	1
744	7	1
744	8	1
744	9	0
744	10	1
744	11	0
744	12	0
744	13	1
744	14	1
744	15	1
744	16	1
744	17	1
744	18	1
744	19	1
744	20	1
744	21	1
744	22	1
744	23	1
744	24	1
744	25	1
744	26	1
744	27	1
744	28	1
744	29	1
744	30	0
744	31	1
744	32	1
744	33	1
744	34	0
744	35	1
744	36	1
744	37	1
744	38	1
744	39	1
744	40	1
745	1	1
745	2	1
745	3	1
745	4	1
745	5	1
745	6	1
745	7	1
745	8	1
745	9	0
745	10	1
745	11	0
745	12	0
745	13	1
745	14	1
745	15	1
745	16	1
745	17	1
745	18	1
745	19	1
745	20	1
745	21	1
745	22	1
745	23	1
745	24	1
745	25	1
745	26	1
745	27	1
745	28	1
745	29	1
745	30	0
745	31	1
745	32	1
745	33	1
745	34	0
745	35	1
745	36	1
745	37	1
745	38	1
745	39	1
745	40	1
746	1	1
746	2	0
746	3	1
746	4	0
746	5	0
746	6	0
746	7	0
746	8	0
746	9	0
746	10	1
746	11	0
746	12	0
746	13	1
746	14	1
746	15	0
746	16	0
746	17	0
746	18	1
746	19	1
746	20	0
746	21	1
746	22	1
746	23	1
746	24	0
746	25	0
746	26	0
746	27	1
746	28	0
746	29	1
746	30	0
746	31	1
746	32	1
746	33	1
746	34	0
746	35	0
746	36	0
746	37	1
746	38	0
746	39	0
746	40	1
747	1	1
747	2	1
747	3	0
747	4	0
747	5	0
747	6	0
747	7	1
747	8	1
747	9	1
747	10	1
747	11	1
747	12	1
747	13	0
747	14	0
747	15	0
747	16	1
747	17	0
747	18	0
747	19	1
747	20	0
747	21	1
747	22	1
747	23	1
747	24	1
747	25	0
747	26	1
747	27	0
747	28	1
747	29	1
747	30	1
747	31	1
747	32	1
747	33	0
747	34	1
747	35	1
747	36	0
747	37	1
747	38	0
747	39	1
747	40	1
748	1	1
748	2	0
748	3	1
748	4	0
748	5	0
748	6	0
748	7	1
748	8	0
748	9	1
748	10	1
748	11	1
748	12	1
748	13	1
748	14	1
748	15	0
748	16	0
748	17	0
748	18	1
748	19	1
748	20	0
748	21	1
748	22	1
748	23	1
748	24	0
748	25	0
748	26	1
748	27	1
748	28	1
748	29	1
748	30	1
748	31	1
748	32	1
748	33	1
748	34	0
748	35	0
748	36	0
748	37	1
748	38	0
748	39	1
748	40	0
749	1	1
749	2	1
749	3	1
749	4	0
749	5	0
749	6	0
749	7	1
749	8	1
749	9	1
749	10	1
749	11	1
749	12	1
749	13	1
749	14	1
749	15	0
749	16	1
749	17	0
749	18	1
749	19	1
749	20	0
749	21	1
749	22	1
749	23	1
749	24	1
749	25	0
749	26	1
749	27	1
749	28	1
749	29	1
749	30	1
749	31	1
749	32	1
749	33	1
749	34	1
749	35	1
749	36	0
749	37	1
749	38	0
749	39	1
749	40	1
750	1	1
750	2	1
750	3	1
750	4	1
750	5	1
750	6	1
750	7	1
750	8	1
750	9	0
750	10	1
750	11	0
750	12	0
750	13	1
750	14	1
750	15	1
750	16	1
750	17	1
750	18	1
750	19	1
750	20	1
750	21	1
750	22	1
750	23	1
750	24	1
750	25	1
750	26	1
750	27	1
750	28	1
750	29	1
750	30	0
750	31	1
750	32	1
750	33	1
750	34	0
750	35	1
750	36	1
750	37	1
750	38	1
750	39	1
750	40	1
751	1	1
751	2	1
751	3	1
751	4	0
751	5	0
751	6	0
751	7	1
751	8	1
751	9	1
751	10	1
751	11	1
751	12	1
751	13	1
751	14	1
751	15	0
751	16	1
751	17	0
751	18	1
751	19	1
751	20	0
751	21	1
751	22	1
751	23	1
751	24	1
751	25	0
751	26	1
751	27	1
751	28	1
751	29	1
751	30	1
751	31	1
751	32	1
751	33	1
751	34	1
751	35	1
751	36	0
751	37	1
751	38	0
751	39	1
751	40	1
752	1	0
752	2	1
752	3	0
752	4	0
752	5	0
752	6	0
752	7	1
752	8	1
752	9	1
752	10	1
752	11	1
752	12	1
752	13	0
752	14	0
752	15	0
752	16	1
752	17	0
752	18	0
752	19	0
752	20	0
752	21	1
752	22	1
752	23	0
752	24	1
752	25	0
752	26	1
752	27	0
752	28	1
752	29	1
752	30	1
752	31	1
752	32	0
752	33	0
752	34	1
752	35	1
752	36	0
752	37	1
752	38	0
752	39	1
752	40	0
753	1	1
753	2	0
753	3	1
753	4	0
753	5	0
753	6	0
753	7	0
753	8	0
753	9	0
753	10	1
753	11	0
753	12	0
753	13	1
753	14	1
753	15	0
753	16	0
753	17	0
753	18	1
753	19	1
753	20	0
753	21	1
753	22	1
753	23	1
753	24	0
753	25	0
753	26	0
753	27	1
753	28	0
753	29	1
753	30	0
753	31	1
753	32	1
753	33	1
753	34	0
753	35	0
753	36	0
753	37	1
753	38	0
753	39	0
753	40	1
754	1	1
754	2	1
754	3	1
754	4	1
754	5	1
754	6	1
754	7	1
754	8	1
754	9	0
754	10	1
754	11	0
754	12	0
754	13	1
754	14	1
754	15	1
754	16	1
754	17	1
754	18	1
754	19	1
754	20	1
754	21	1
754	22	1
754	23	1
754	24	1
754	25	1
754	26	1
754	27	1
754	28	1
754	29	1
754	30	0
754	31	1
754	32	1
754	33	1
754	34	0
754	35	1
754	36	1
754	37	1
754	38	1
754	39	1
754	40	1
755	1	1
755	2	1
755	3	1
755	4	1
755	5	1
755	6	1
755	7	1
755	8	1
755	9	0
755	10	1
755	11	0
755	12	0
755	13	1
755	14	1
755	15	1
755	16	1
755	17	1
755	18	1
755	19	1
755	20	1
755	21	1
755	22	1
755	23	1
755	24	1
755	25	1
755	26	1
755	27	1
755	28	1
755	29	1
755	30	0
755	31	1
755	32	1
755	33	1
755	34	0
755	35	1
755	36	1
755	37	1
755	38	1
755	39	1
755	40	1
756	1	1
756	2	1
756	3	0
756	4	0
756	5	0
756	6	0
756	7	1
756	8	1
756	9	1
756	10	1
756	11	1
756	12	1
756	13	0
756	14	0
756	15	0
756	16	1
756	17	0
756	18	0
756	19	1
756	20	0
756	21	1
756	22	1
756	23	1
756	24	1
756	25	0
756	26	1
756	27	0
756	28	1
756	29	1
756	30	1
756	31	1
756	32	1
756	33	0
756	34	1
756	35	1
756	36	0
756	37	1
756	38	0
756	39	1
756	40	1
757	1	1
757	2	1
757	3	0
757	4	0
757	5	0
757	6	0
757	7	1
757	8	1
757	9	1
757	10	1
757	11	1
757	12	1
757	13	0
757	14	0
757	15	0
757	16	1
757	17	0
757	18	0
757	19	1
757	20	0
757	21	1
757	22	1
757	23	1
757	24	1
757	25	0
757	26	1
757	27	0
757	28	1
757	29	1
757	30	1
757	31	1
757	32	1
757	33	0
757	34	1
757	35	1
757	36	0
757	37	1
757	38	0
757	39	1
757	40	1
758	1	1
758	2	0
758	3	1
758	4	0
758	5	0
758	6	0
758	7	0
758	8	0
758	9	0
758	10	1
758	11	0
758	12	0
758	13	1
758	14	1
758	15	0
758	16	0
758	17	0
758	18	1
758	19	1
758	20	0
758	21	1
758	22	1
758	23	1
758	24	0
758	25	0
758	26	0
758	27	1
758	28	0
758	29	1
758	30	0
758	31	1
758	32	1
758	33	1
758	34	0
758	35	0
758	36	0
758	37	1
758	38	0
758	39	0
758	40	1
759	1	1
759	2	0
759	3	1
759	4	1
759	5	0
759	6	0
759	7	1
759	8	1
759	9	0
759	10	1
759	11	0
759	12	0
759	13	1
759	14	0
759	15	0
759	16	1
759	17	1
759	18	1
759	19	1
759	20	1
759	21	1
759	22	1
759	23	0
759	24	0
759	25	1
759	26	1
759	27	1
759	28	0
759	29	0
759	30	0
759	31	0
759	32	1
759	33	1
759	34	0
759	35	1
759	36	1
759	37	1
759	38	1
759	39	0
759	40	0
760	1	0
760	2	1
760	3	0
760	4	0
760	5	0
760	6	0
760	7	1
760	8	1
760	9	1
760	10	1
760	11	1
760	12	1
760	13	0
760	14	0
760	15	0
760	16	1
760	17	0
760	18	0
760	19	0
760	20	0
760	21	1
760	22	1
760	23	0
760	24	1
760	25	0
760	26	1
760	27	0
760	28	1
760	29	1
760	30	1
760	31	1
760	32	0
760	33	0
760	34	1
760	35	1
760	36	0
760	37	1
760	38	0
760	39	1
760	40	0
761	1	1
761	2	1
761	3	1
761	4	1
761	5	1
761	6	1
761	7	1
761	8	1
761	9	1
761	10	0
761	11	1
761	12	1
761	13	1
761	14	1
761	15	1
761	16	1
761	17	1
761	18	1
761	19	1
761	20	1
761	21	0
761	22	0
761	23	1
761	24	1
761	25	1
761	26	1
761	27	1
761	28	1
761	29	0
761	30	1
761	31	0
761	32	1
761	33	1
761	34	1
761	35	1
761	36	1
761	37	0
761	38	1
761	39	1
761	40	1
762	1	1
762	2	0
762	3	1
762	4	0
762	5	0
762	6	0
762	7	1
762	8	1
762	9	0
762	10	1
762	11	1
762	12	1
762	13	0
762	14	0
762	15	0
762	16	0
762	17	0
762	18	0
762	19	1
762	20	0
762	21	1
762	22	1
762	23	0
762	24	0
762	25	0
762	26	1
762	27	0
762	28	0
762	29	0
762	30	1
762	31	0
762	32	1
762	33	1
762	34	0
762	35	0
762	36	0
762	37	0
762	38	0
762	39	0
762	40	0
763	1	1
763	2	1
763	3	1
763	4	1
763	5	1
763	6	1
763	7	1
763	8	1
763	9	0
763	10	1
763	11	0
763	12	0
763	13	1
763	14	1
763	15	1
763	16	1
763	17	1
763	18	1
763	19	1
763	20	1
763	21	1
763	22	1
763	23	1
763	24	1
763	25	1
763	26	1
763	27	1
763	28	1
763	29	1
763	30	0
763	31	1
763	32	1
763	33	1
763	34	0
763	35	1
763	36	1
763	37	1
763	38	1
763	39	1
763	40	1
764	1	0
764	2	1
764	3	0
764	4	0
764	5	0
764	6	0
764	7	0
764	8	1
764	9	1
764	10	0
764	11	1
764	12	1
764	13	0
764	14	0
764	15	0
764	16	1
764	17	0
764	18	0
764	19	0
764	20	0
764	21	1
764	22	1
764	23	0
764	24	1
764	25	0
764	26	1
764	27	0
764	28	1
764	29	1
764	30	1
764	31	1
764	32	1
764	33	0
764	34	0
764	35	1
764	36	0
764	37	1
764	38	0
764	39	1
764	40	1
765	1	1
765	2	0
765	3	1
765	4	0
765	5	0
765	6	0
765	7	0
765	8	0
765	9	0
765	10	1
765	11	0
765	12	0
765	13	1
765	14	1
765	15	0
765	16	0
765	17	0
765	18	1
765	19	1
765	20	0
765	21	1
765	22	1
765	23	1
765	24	0
765	25	0
765	26	0
765	27	1
765	28	0
765	29	1
765	30	0
765	31	1
765	32	1
765	33	1
765	34	0
765	35	0
765	36	0
765	37	1
765	38	0
765	39	0
765	40	1
766	1	1
766	2	1
766	3	1
766	4	0
766	5	0
766	6	0
766	7	1
766	8	1
766	9	1
766	10	1
766	11	1
766	12	1
766	13	1
766	14	1
766	15	0
766	16	1
766	17	0
766	18	1
766	19	1
766	20	0
766	21	1
766	22	1
766	23	1
766	24	1
766	25	0
766	26	1
766	27	1
766	28	1
766	29	1
766	30	1
766	31	1
766	32	1
766	33	1
766	34	1
766	35	1
766	36	0
766	37	1
766	38	0
766	39	1
766	40	1
767	1	1
767	2	1
767	3	1
767	4	0
767	5	0
767	6	0
767	7	1
767	8	1
767	9	1
767	10	1
767	11	1
767	12	1
767	13	1
767	14	1
767	15	0
767	16	1
767	17	0
767	18	1
767	19	1
767	20	0
767	21	1
767	22	1
767	23	1
767	24	1
767	25	0
767	26	1
767	27	1
767	28	1
767	29	1
767	30	1
767	31	1
767	32	1
767	33	1
767	34	1
767	35	1
767	36	0
767	37	1
767	38	0
767	39	1
767	40	1
768	1	1
768	2	1
768	3	1
768	4	0
768	5	0
768	6	0
768	7	1
768	8	1
768	9	1
768	10	1
768	11	1
768	12	1
768	13	1
768	14	1
768	15	0
768	16	1
768	17	0
768	18	1
768	19	1
768	20	0
768	21	1
768	22	1
768	23	1
768	24	1
768	25	0
768	26	1
768	27	1
768	28	1
768	29	1
768	30	1
768	31	1
768	32	1
768	33	1
768	34	1
768	35	1
768	36	0
768	37	1
768	38	0
768	39	1
768	40	1
769	1	1
769	2	1
769	3	0
769	4	0
769	5	0
769	6	0
769	7	1
769	8	1
769	9	1
769	10	1
769	11	1
769	12	1
769	13	0
769	14	0
769	15	0
769	16	1
769	17	0
769	18	0
769	19	1
769	20	0
769	21	1
769	22	1
769	23	1
769	24	1
769	25	0
769	26	1
769	27	0
769	28	1
769	29	1
769	30	1
769	31	1
769	32	1
769	33	0
769	34	1
769	35	1
769	36	0
769	37	1
769	38	0
769	39	1
769	40	1
770	1	1
770	2	0
770	3	1
770	4	1
770	5	0
770	6	0
770	7	1
770	8	1
770	9	0
770	10	1
770	11	0
770	12	0
770	13	1
770	14	0
770	15	0
770	16	1
770	17	1
770	18	1
770	19	1
770	20	1
770	21	1
770	22	1
770	23	0
770	24	0
770	25	1
770	26	1
770	27	1
770	28	0
770	29	0
770	30	0
770	31	0
770	32	1
770	33	1
770	34	0
770	35	1
770	36	1
770	37	1
770	38	1
770	39	0
770	40	0
771	1	0
771	2	1
771	3	0
771	4	0
771	5	0
771	6	0
771	7	0
771	8	1
771	9	1
771	10	0
771	11	1
771	12	1
771	13	0
771	14	0
771	15	0
771	16	1
771	17	0
771	18	0
771	19	0
771	20	0
771	21	1
771	22	1
771	23	0
771	24	1
771	25	0
771	26	1
771	27	0
771	28	1
771	29	1
771	30	1
771	31	1
771	32	0
771	33	0
771	34	0
771	35	1
771	36	0
771	37	1
771	38	0
771	39	1
771	40	0
772	1	1
772	2	1
772	3	1
772	4	1
772	5	1
772	6	1
772	7	1
772	8	1
772	9	0
772	10	1
772	11	0
772	12	0
772	13	1
772	14	1
772	15	1
772	16	1
772	17	1
772	18	1
772	19	1
772	20	1
772	21	1
772	22	1
772	23	1
772	24	1
772	25	1
772	26	1
772	27	1
772	28	1
772	29	1
772	30	0
772	31	1
772	32	1
772	33	1
772	34	0
772	35	1
772	36	1
772	37	1
772	38	1
772	39	1
772	40	1
773	1	1
773	2	1
773	3	0
773	4	0
773	5	0
773	6	0
773	7	1
773	8	1
773	9	1
773	10	1
773	11	1
773	12	1
773	13	0
773	14	0
773	15	0
773	16	1
773	17	0
773	18	0
773	19	1
773	20	0
773	21	1
773	22	1
773	23	1
773	24	1
773	25	0
773	26	1
773	27	0
773	28	1
773	29	1
773	30	1
773	31	1
773	32	1
773	33	0
773	34	1
773	35	1
773	36	0
773	37	1
773	38	0
773	39	1
773	40	1
774	1	1
774	2	0
774	3	1
774	4	0
774	5	0
774	6	0
774	7	0
774	8	0
774	9	0
774	10	1
774	11	0
774	12	0
774	13	1
774	14	1
774	15	0
774	16	0
774	17	0
774	18	1
774	19	1
774	20	0
774	21	1
774	22	1
774	23	1
774	24	0
774	25	0
774	26	0
774	27	1
774	28	0
774	29	1
774	30	0
774	31	1
774	32	1
774	33	1
774	34	0
774	35	0
774	36	0
774	37	1
774	38	0
774	39	0
774	40	1
775	1	0
775	2	1
775	3	0
775	4	0
775	5	0
775	6	0
775	7	0
775	8	1
775	9	1
775	10	0
775	11	1
775	12	1
775	13	0
775	14	0
775	15	0
775	16	1
775	17	0
775	18	0
775	19	0
775	20	0
775	21	1
775	22	1
775	23	0
775	24	1
775	25	0
775	26	1
775	27	0
775	28	1
775	29	1
775	30	1
775	31	1
775	32	0
775	33	0
775	34	0
775	35	1
775	36	0
775	37	1
775	38	0
775	39	1
775	40	0
776	1	1
776	2	1
776	3	1
776	4	1
776	5	1
776	6	1
776	7	1
776	8	1
776	9	0
776	10	1
776	11	0
776	12	0
776	13	1
776	14	1
776	15	1
776	16	1
776	17	1
776	18	1
776	19	1
776	20	1
776	21	1
776	22	1
776	23	1
776	24	1
776	25	1
776	26	1
776	27	1
776	28	1
776	29	1
776	30	0
776	31	1
776	32	1
776	33	1
776	34	0
776	35	1
776	36	1
776	37	1
776	38	1
776	39	1
776	40	1
777	1	1
777	2	0
777	3	1
777	4	1
777	5	0
777	6	0
777	7	1
777	8	1
777	9	0
777	10	1
777	11	0
777	12	0
777	13	1
777	14	0
777	15	0
777	16	1
777	17	1
777	18	1
777	19	1
777	20	1
777	21	1
777	22	1
777	23	0
777	24	0
777	25	1
777	26	1
777	27	1
777	28	0
777	29	0
777	30	0
777	31	0
777	32	1
777	33	1
777	34	0
777	35	1
777	36	1
777	37	1
777	38	1
777	39	0
777	40	0
778	1	0
778	2	1
778	3	0
778	4	0
778	5	0
778	6	0
778	7	1
778	8	1
778	9	1
778	10	1
778	11	1
778	12	1
778	13	0
778	14	0
778	15	0
778	16	1
778	17	0
778	18	0
778	19	0
778	20	0
778	21	1
778	22	1
778	23	0
778	24	1
778	25	0
778	26	1
778	27	0
778	28	1
778	29	1
778	30	1
778	31	1
778	32	0
778	33	0
778	34	1
778	35	1
778	36	0
778	37	1
778	38	0
778	39	1
778	40	0
779	1	1
779	2	1
779	3	1
779	4	0
779	5	0
779	6	0
779	7	1
779	8	1
779	9	1
779	10	1
779	11	1
779	12	1
779	13	1
779	14	1
779	15	0
779	16	1
779	17	0
779	18	1
779	19	1
779	20	0
779	21	1
779	22	1
779	23	1
779	24	1
779	25	0
779	26	1
779	27	1
779	28	1
779	29	1
779	30	1
779	31	1
779	32	1
779	33	1
779	34	1
779	35	1
779	36	0
779	37	1
779	38	0
779	39	1
779	40	1
780	1	0
780	2	1
780	3	0
780	4	1
780	5	0
780	6	1
780	7	1
780	8	1
780	9	0
780	10	0
780	11	0
780	12	1
780	13	0
780	14	1
780	15	0
780	16	1
780	17	0
780	18	1
780	19	1
780	20	1
780	21	0
780	22	0
780	23	0
780	24	1
780	25	1
780	26	1
780	27	1
780	28	0
780	29	0
780	30	0
780	31	0
780	32	1
780	33	1
780	34	1
780	35	1
780	36	1
780	37	0
780	38	1
780	39	0
780	40	1
781	1	1
781	2	0
781	3	1
781	4	0
781	5	0
781	6	0
781	7	0
781	8	0
781	9	0
781	10	1
781	11	0
781	12	0
781	13	1
781	14	1
781	15	0
781	16	0
781	17	0
781	18	1
781	19	1
781	20	0
781	21	1
781	22	1
781	23	1
781	24	0
781	25	0
781	26	0
781	27	1
781	28	0
781	29	1
781	30	0
781	31	1
781	32	1
781	33	1
781	34	0
781	35	0
781	36	0
781	37	1
781	38	0
781	39	0
781	40	1
782	1	0
782	2	1
782	3	1
782	4	0
782	5	0
782	6	0
782	7	1
782	8	1
782	9	0
782	10	1
782	11	0
782	12	0
782	13	1
782	14	1
782	15	0
782	16	1
782	17	0
782	18	1
782	19	0
782	20	0
782	21	1
782	22	1
782	23	0
782	24	1
782	25	0
782	26	1
782	27	1
782	28	1
782	29	1
782	30	0
782	31	1
782	32	0
782	33	1
782	34	0
782	35	1
782	36	0
782	37	1
782	38	0
782	39	1
782	40	0
783	1	1
783	2	1
783	3	1
783	4	1
783	5	1
783	6	1
783	7	1
783	8	1
783	9	1
783	10	0
783	11	1
783	12	1
783	13	1
783	14	1
783	15	1
783	16	1
783	17	1
783	18	1
783	19	1
783	20	1
783	21	0
783	22	0
783	23	1
783	24	1
783	25	1
783	26	1
783	27	1
783	28	1
783	29	0
783	30	1
783	31	0
783	32	1
783	33	1
783	34	1
783	35	1
783	36	1
783	37	0
783	38	1
783	39	1
783	40	1
784	1	0
784	2	1
784	3	0
784	4	1
784	5	0
784	6	1
784	7	1
784	8	1
784	9	0
784	10	1
784	11	0
784	12	0
784	13	0
784	14	1
784	15	0
784	16	1
784	17	0
784	18	1
784	19	1
784	20	1
784	21	1
784	22	1
784	23	0
784	24	1
784	25	1
784	26	1
784	27	1
784	28	0
784	29	1
784	30	0
784	31	1
784	32	1
784	33	1
784	34	0
784	35	1
784	36	1
784	37	1
784	38	1
784	39	0
784	40	1
785	1	0
785	2	1
785	3	1
785	4	0
785	5	0
785	6	0
785	7	1
785	8	1
785	9	0
785	10	1
785	11	0
785	12	0
785	13	1
785	14	1
785	15	0
785	16	1
785	17	0
785	18	1
785	19	0
785	20	0
785	21	1
785	22	1
785	23	0
785	24	1
785	25	0
785	26	1
785	27	1
785	28	1
785	29	1
785	30	0
785	31	1
785	32	0
785	33	1
785	34	0
785	35	1
785	36	0
785	37	1
785	38	0
785	39	1
785	40	0
786	1	1
786	2	1
786	3	1
786	4	1
786	5	1
786	6	1
786	7	1
786	8	1
786	9	0
786	10	1
786	11	0
786	12	0
786	13	1
786	14	1
786	15	1
786	16	1
786	17	1
786	18	1
786	19	1
786	20	1
786	21	1
786	22	1
786	23	1
786	24	1
786	25	1
786	26	1
786	27	1
786	28	1
786	29	1
786	30	0
786	31	1
786	32	1
786	33	1
786	34	0
786	35	1
786	36	1
786	37	1
786	38	1
786	39	1
786	40	1
787	1	0
787	2	1
787	3	0
787	4	0
787	5	0
787	6	0
787	7	1
787	8	1
787	9	1
787	10	1
787	11	1
787	12	1
787	13	0
787	14	0
787	15	0
787	16	1
787	17	0
787	18	0
787	19	0
787	20	0
787	21	1
787	22	1
787	23	0
787	24	1
787	25	0
787	26	1
787	27	0
787	28	1
787	29	1
787	30	1
787	31	1
787	32	0
787	33	0
787	34	1
787	35	1
787	36	0
787	37	1
787	38	0
787	39	1
787	40	0
788	1	0
788	2	1
788	3	1
788	4	0
788	5	0
788	6	0
788	7	1
788	8	1
788	9	0
788	10	1
788	11	0
788	12	0
788	13	0
788	14	0
788	15	0
788	16	0
788	17	0
788	18	0
788	19	0
788	20	0
788	21	1
788	22	1
788	23	0
788	24	0
788	25	0
788	26	1
788	27	0
788	28	0
788	29	1
788	30	0
788	31	0
788	32	0
788	33	1
788	34	0
788	35	0
788	36	0
788	37	0
788	38	0
788	39	1
788	40	0
789	1	1
789	2	1
789	3	1
789	4	0
789	5	0
789	6	0
789	7	1
789	8	1
789	9	1
789	10	1
789	11	1
789	12	1
789	13	1
789	14	1
789	15	0
789	16	1
789	17	0
789	18	1
789	19	1
789	20	0
789	21	1
789	22	1
789	23	1
789	24	1
789	25	0
789	26	1
789	27	1
789	28	1
789	29	1
789	30	1
789	31	1
789	32	1
789	33	1
789	34	1
789	35	1
789	36	0
789	37	1
789	38	0
789	39	1
789	40	1
790	1	1
790	2	0
790	3	1
790	4	0
790	5	0
790	6	0
790	7	0
790	8	0
790	9	0
790	10	1
790	11	0
790	12	0
790	13	0
790	14	0
790	15	0
790	16	0
790	17	0
790	18	0
790	19	1
790	20	0
790	21	1
790	22	1
790	23	1
790	24	0
790	25	0
790	26	0
790	27	0
790	28	0
790	29	1
790	30	0
790	31	0
790	32	1
790	33	1
790	34	0
790	35	0
790	36	0
790	37	0
790	38	0
790	39	0
790	40	0
791	1	1
791	2	1
791	3	1
791	4	0
791	5	0
791	6	0
791	7	1
791	8	1
791	9	1
791	10	1
791	11	1
791	12	1
791	13	1
791	14	1
791	15	0
791	16	1
791	17	0
791	18	1
791	19	1
791	20	0
791	21	1
791	22	1
791	23	1
791	24	1
791	25	0
791	26	1
791	27	1
791	28	1
791	29	1
791	30	1
791	31	1
791	32	1
791	33	1
791	34	1
791	35	1
791	36	0
791	37	1
791	38	0
791	39	1
791	40	1
792	1	0
792	2	1
792	3	1
792	4	0
792	5	0
792	6	0
792	7	1
792	8	1
792	9	0
792	10	1
792	11	0
792	12	0
792	13	1
792	14	1
792	15	0
792	16	1
792	17	0
792	18	1
792	19	0
792	20	0
792	21	1
792	22	1
792	23	0
792	24	1
792	25	0
792	26	1
792	27	1
792	28	1
792	29	1
792	30	0
792	31	1
792	32	0
792	33	1
792	34	0
792	35	1
792	36	0
792	37	1
792	38	0
792	39	1
792	40	0
793	1	1
793	2	1
793	3	0
793	4	0
793	5	0
793	6	0
793	7	1
793	8	1
793	9	1
793	10	1
793	11	1
793	12	1
793	13	0
793	14	0
793	15	0
793	16	1
793	17	0
793	18	0
793	19	1
793	20	0
793	21	1
793	22	1
793	23	1
793	24	1
793	25	0
793	26	1
793	27	0
793	28	1
793	29	1
793	30	1
793	31	1
793	32	1
793	33	0
793	34	1
793	35	1
793	36	0
793	37	1
793	38	0
793	39	1
793	40	1
794	1	1
794	2	0
794	3	0
794	4	0
794	5	0
794	6	0
794	7	1
794	8	0
794	9	1
794	10	1
794	11	1
794	12	1
794	13	0
794	14	0
794	15	0
794	16	0
794	17	0
794	18	0
794	19	1
794	20	0
794	21	1
794	22	1
794	23	1
794	24	0
794	25	0
794	26	1
794	27	0
794	28	1
794	29	1
794	30	1
794	31	1
794	32	1
794	33	0
794	34	0
794	35	0
794	36	0
794	37	1
794	38	0
794	39	1
794	40	0
795	1	0
795	2	1
795	3	0
795	4	0
795	5	0
795	6	0
795	7	1
795	8	1
795	9	1
795	10	1
795	11	1
795	12	1
795	13	0
795	14	0
795	15	0
795	16	1
795	17	0
795	18	0
795	19	0
795	20	0
795	21	1
795	22	1
795	23	0
795	24	1
795	25	0
795	26	1
795	27	0
795	28	1
795	29	1
795	30	1
795	31	1
795	32	0
795	33	0
795	34	1
795	35	1
795	36	0
795	37	1
795	38	0
795	39	1
795	40	0
796	1	1
796	2	0
796	3	1
796	4	1
796	5	0
796	6	0
796	7	1
796	8	1
796	9	0
796	10	1
796	11	0
796	12	0
796	13	1
796	14	0
796	15	0
796	16	1
796	17	1
796	18	1
796	19	1
796	20	1
796	21	1
796	22	1
796	23	0
796	24	0
796	25	1
796	26	1
796	27	1
796	28	0
796	29	0
796	30	0
796	31	0
796	32	1
796	33	1
796	34	0
796	35	1
796	36	1
796	37	1
796	38	1
796	39	0
796	40	0
797	1	0
797	2	0
797	3	1
797	4	0
797	5	0
797	6	0
797	7	1
797	8	1
797	9	0
797	10	1
797	11	0
797	12	0
797	13	1
797	14	0
797	15	0
797	16	1
797	17	0
797	18	1
797	19	0
797	20	0
797	21	1
797	22	1
797	23	0
797	24	0
797	25	0
797	26	1
797	27	1
797	28	0
797	29	0
797	30	0
797	31	0
797	32	0
797	33	1
797	34	0
797	35	1
797	36	0
797	37	1
797	38	0
797	39	0
797	40	0
798	1	1
798	2	1
798	3	1
798	4	1
798	5	1
798	6	1
798	7	1
798	8	1
798	9	1
798	10	0
798	11	1
798	12	1
798	13	1
798	14	1
798	15	1
798	16	1
798	17	1
798	18	1
798	19	1
798	20	1
798	21	0
798	22	0
798	23	1
798	24	1
798	25	1
798	26	1
798	27	1
798	28	1
798	29	0
798	30	1
798	31	0
798	32	1
798	33	1
798	34	1
798	35	1
798	36	1
798	37	0
798	38	1
798	39	1
798	40	1
799	1	1
799	2	1
799	3	1
799	4	0
799	5	0
799	6	0
799	7	1
799	8	1
799	9	1
799	10	1
799	11	1
799	12	1
799	13	1
799	14	1
799	15	0
799	16	1
799	17	0
799	18	1
799	19	1
799	20	0
799	21	1
799	22	1
799	23	1
799	24	1
799	25	0
799	26	1
799	27	1
799	28	1
799	29	1
799	30	1
799	31	1
799	32	1
799	33	1
799	34	1
799	35	1
799	36	0
799	37	1
799	38	0
799	39	1
799	40	1
800	1	0
800	2	1
800	3	0
800	4	1
800	5	0
800	6	1
800	7	1
800	8	1
800	9	0
800	10	1
800	11	0
800	12	0
800	13	0
800	14	1
800	15	0
800	16	1
800	17	0
800	18	1
800	19	1
800	20	1
800	21	1
800	22	1
800	23	0
800	24	1
800	25	1
800	26	1
800	27	1
800	28	0
800	29	1
800	30	0
800	31	1
800	32	1
800	33	1
800	34	0
800	35	1
800	36	1
800	37	1
800	38	1
800	39	0
800	40	1
801	1	1
801	2	1
801	3	1
801	4	1
801	5	1
801	6	1
801	7	1
801	8	1
801	9	0
801	10	1
801	11	0
801	12	0
801	13	1
801	14	1
801	15	1
801	16	1
801	17	1
801	18	1
801	19	1
801	20	1
801	21	1
801	22	1
801	23	1
801	24	1
801	25	1
801	26	1
801	27	1
801	28	1
801	29	1
801	30	0
801	31	1
801	32	1
801	33	1
801	34	0
801	35	1
801	36	1
801	37	1
801	38	1
801	39	1
801	40	1
802	1	1
802	2	0
802	3	1
802	4	1
802	5	0
802	6	0
802	7	1
802	8	1
802	9	0
802	10	1
802	11	0
802	12	0
802	13	1
802	14	0
802	15	0
802	16	1
802	17	1
802	18	1
802	19	1
802	20	1
802	21	1
802	22	1
802	23	0
802	24	0
802	25	1
802	26	1
802	27	1
802	28	0
802	29	0
802	30	0
802	31	0
802	32	1
802	33	1
802	34	0
802	35	1
802	36	1
802	37	1
802	38	1
802	39	0
802	40	0
803	1	1
803	2	0
803	3	1
803	4	0
803	5	0
803	6	0
803	7	0
803	8	0
803	9	0
803	10	1
803	11	0
803	12	0
803	13	1
803	14	1
803	15	0
803	16	0
803	17	0
803	18	1
803	19	1
803	20	0
803	21	1
803	22	1
803	23	1
803	24	0
803	25	0
803	26	0
803	27	1
803	28	0
803	29	1
803	30	0
803	31	1
803	32	1
803	33	1
803	34	0
803	35	0
803	36	0
803	37	1
803	38	0
803	39	0
803	40	1
804	1	0
804	2	1
804	3	1
804	4	0
804	5	0
804	6	0
804	7	0
804	8	1
804	9	1
804	10	0
804	11	1
804	12	1
804	13	0
804	14	0
804	15	0
804	16	1
804	17	0
804	18	0
804	19	0
804	20	0
804	21	1
804	22	1
804	23	0
804	24	1
804	25	0
804	26	1
804	27	1
804	28	1
804	29	1
804	30	1
804	31	1
804	32	1
804	33	0
804	34	0
804	35	1
804	36	0
804	37	1
804	38	0
804	39	1
804	40	1
805	1	1
805	2	1
805	3	1
805	4	0
805	5	0
805	6	0
805	7	1
805	8	1
805	9	1
805	10	1
805	11	1
805	12	1
805	13	1
805	14	1
805	15	0
805	16	1
805	17	0
805	18	1
805	19	1
805	20	0
805	21	1
805	22	1
805	23	1
805	24	1
805	25	0
805	26	1
805	27	1
805	28	1
805	29	1
805	30	1
805	31	1
805	32	1
805	33	1
805	34	1
805	35	1
805	36	0
805	37	1
805	38	0
805	39	1
805	40	1
806	1	1
806	2	1
806	3	1
806	4	0
806	5	0
806	6	0
806	7	1
806	8	1
806	9	1
806	10	1
806	11	1
806	12	1
806	13	1
806	14	1
806	15	0
806	16	1
806	17	0
806	18	1
806	19	1
806	20	0
806	21	1
806	22	1
806	23	1
806	24	1
806	25	0
806	26	1
806	27	1
806	28	1
806	29	1
806	30	1
806	31	1
806	32	1
806	33	1
806	34	1
806	35	1
806	36	0
806	37	1
806	38	0
806	39	1
806	40	1
807	1	1
807	2	1
807	3	1
807	4	1
807	5	1
807	6	1
807	7	1
807	8	1
807	9	0
807	10	1
807	11	0
807	12	0
807	13	1
807	14	1
807	15	1
807	16	1
807	17	1
807	18	1
807	19	1
807	20	1
807	21	1
807	22	1
807	23	1
807	24	1
807	25	1
807	26	1
807	27	1
807	28	1
807	29	1
807	30	0
807	31	1
807	32	1
807	33	1
807	34	0
807	35	1
807	36	1
807	37	1
807	38	1
807	39	1
807	40	1
808	1	1
808	2	1
808	3	1
808	4	1
808	5	1
808	6	1
808	7	1
808	8	1
808	9	1
808	10	0
808	11	1
808	12	1
808	13	1
808	14	1
808	15	1
808	16	1
808	17	1
808	18	1
808	19	1
808	20	1
808	21	0
808	22	0
808	23	1
808	24	1
808	25	1
808	26	1
808	27	1
808	28	1
808	29	0
808	30	1
808	31	0
808	32	1
808	33	1
808	34	1
808	35	1
808	36	1
808	37	0
808	38	1
808	39	1
808	40	1
809	1	1
809	2	1
809	3	1
809	4	1
809	5	1
809	6	1
809	7	1
809	8	1
809	9	0
809	10	1
809	11	0
809	12	0
809	13	1
809	14	1
809	15	1
809	16	1
809	17	1
809	18	1
809	19	1
809	20	1
809	21	1
809	22	1
809	23	1
809	24	1
809	25	1
809	26	1
809	27	1
809	28	1
809	29	1
809	30	0
809	31	1
809	32	1
809	33	1
809	34	0
809	35	1
809	36	1
809	37	1
809	38	1
809	39	1
809	40	1
810	1	1
810	2	1
810	3	1
810	4	1
810	5	1
810	6	1
810	7	1
810	8	1
810	9	0
810	10	1
810	11	0
810	12	0
810	13	1
810	14	1
810	15	1
810	16	1
810	17	1
810	18	1
810	19	1
810	20	1
810	21	1
810	22	1
810	23	1
810	24	1
810	25	1
810	26	1
810	27	1
810	28	1
810	29	1
810	30	0
810	31	1
810	32	1
810	33	1
810	34	0
810	35	1
810	36	1
810	37	1
810	38	1
810	39	1
810	40	1
811	1	0
811	2	1
811	3	1
811	4	0
811	5	0
811	6	0
811	7	0
811	8	1
811	9	1
811	10	0
811	11	1
811	12	1
811	13	0
811	14	0
811	15	0
811	16	1
811	17	0
811	18	0
811	19	0
811	20	0
811	21	1
811	22	1
811	23	0
811	24	1
811	25	0
811	26	1
811	27	1
811	28	1
811	29	1
811	30	1
811	31	1
811	32	1
811	33	0
811	34	0
811	35	1
811	36	0
811	37	1
811	38	0
811	39	1
811	40	1
812	1	1
812	2	1
812	3	1
812	4	0
812	5	0
812	6	0
812	7	1
812	8	1
812	9	1
812	10	1
812	11	1
812	12	1
812	13	1
812	14	1
812	15	0
812	16	1
812	17	0
812	18	1
812	19	1
812	20	0
812	21	1
812	22	1
812	23	1
812	24	1
812	25	0
812	26	1
812	27	1
812	28	1
812	29	1
812	30	1
812	31	1
812	32	1
812	33	1
812	34	1
812	35	1
812	36	0
812	37	1
812	38	0
812	39	1
812	40	1
813	1	1
813	2	1
813	3	1
813	4	0
813	5	0
813	6	0
813	7	1
813	8	1
813	9	1
813	10	1
813	11	1
813	12	1
813	13	1
813	14	1
813	15	0
813	16	1
813	17	0
813	18	1
813	19	1
813	20	0
813	21	1
813	22	1
813	23	1
813	24	1
813	25	0
813	26	1
813	27	1
813	28	1
813	29	1
813	30	1
813	31	1
813	32	1
813	33	1
813	34	1
813	35	1
813	36	0
813	37	1
813	38	0
813	39	1
813	40	1
814	1	1
814	2	1
814	3	1
814	4	0
814	5	0
814	6	0
814	7	1
814	8	1
814	9	1
814	10	1
814	11	1
814	12	1
814	13	1
814	14	1
814	15	0
814	16	1
814	17	0
814	18	1
814	19	1
814	20	0
814	21	1
814	22	1
814	23	1
814	24	1
814	25	0
814	26	1
814	27	1
814	28	1
814	29	1
814	30	1
814	31	1
814	32	1
814	33	1
814	34	1
814	35	1
814	36	0
814	37	1
814	38	0
814	39	1
814	40	1
815	1	0
815	2	1
815	3	1
815	4	0
815	5	0
815	6	0
815	7	0
815	8	1
815	9	0
815	10	0
815	11	0
815	12	0
815	13	0
815	14	0
815	15	0
815	16	1
815	17	0
815	18	0
815	19	0
815	20	0
815	21	1
815	22	1
815	23	0
815	24	1
815	25	0
815	26	1
815	27	1
815	28	1
815	29	1
815	30	0
815	31	1
815	32	0
815	33	0
815	34	0
815	35	1
815	36	0
815	37	1
815	38	0
815	39	1
815	40	0
816	1	1
816	2	1
816	3	1
816	4	1
816	5	1
816	6	1
816	7	1
816	8	1
816	9	0
816	10	1
816	11	0
816	12	0
816	13	1
816	14	1
816	15	1
816	16	1
816	17	1
816	18	1
816	19	1
816	20	1
816	21	1
816	22	1
816	23	1
816	24	1
816	25	1
816	26	1
816	27	1
816	28	1
816	29	1
816	30	0
816	31	1
816	32	1
816	33	1
816	34	0
816	35	1
816	36	1
816	37	1
816	38	1
816	39	1
816	40	1
817	1	1
817	2	1
817	3	0
817	4	0
817	5	0
817	6	0
817	7	1
817	8	1
817	9	1
817	10	1
817	11	1
817	12	1
817	13	0
817	14	0
817	15	0
817	16	1
817	17	0
817	18	0
817	19	1
817	20	0
817	21	1
817	22	1
817	23	1
817	24	1
817	25	0
817	26	1
817	27	0
817	28	1
817	29	1
817	30	1
817	31	1
817	32	1
817	33	0
817	34	1
817	35	1
817	36	0
817	37	1
817	38	0
817	39	1
817	40	1
818	1	1
818	2	1
818	3	1
818	4	1
818	5	1
818	6	1
818	7	1
818	8	1
818	9	0
818	10	1
818	11	0
818	12	0
818	13	1
818	14	1
818	15	1
818	16	1
818	17	1
818	18	1
818	19	1
818	20	1
818	21	1
818	22	1
818	23	1
818	24	1
818	25	1
818	26	1
818	27	1
818	28	1
818	29	1
818	30	0
818	31	1
818	32	1
818	33	1
818	34	0
818	35	1
818	36	1
818	37	1
818	38	1
818	39	1
818	40	1
819	1	1
819	2	1
819	3	1
819	4	0
819	5	0
819	6	0
819	7	1
819	8	1
819	9	1
819	10	1
819	11	1
819	12	1
819	13	1
819	14	1
819	15	0
819	16	1
819	17	0
819	18	1
819	19	1
819	20	0
819	21	1
819	22	1
819	23	1
819	24	1
819	25	0
819	26	1
819	27	1
819	28	1
819	29	1
819	30	1
819	31	1
819	32	1
819	33	1
819	34	1
819	35	1
819	36	0
819	37	1
819	38	0
819	39	1
819	40	1
820	1	1
820	2	1
820	3	1
820	4	0
820	5	0
820	6	0
820	7	1
820	8	1
820	9	1
820	10	1
820	11	1
820	12	1
820	13	0
820	14	0
820	15	0
820	16	0
820	17	0
820	18	0
820	19	1
820	20	0
820	21	1
820	22	1
820	23	1
820	24	0
820	25	0
820	26	1
820	27	0
820	28	0
820	29	1
820	30	1
820	31	0
820	32	1
820	33	1
820	34	0
820	35	0
820	36	0
820	37	0
820	38	0
820	39	1
820	40	0
821	1	1
821	2	1
821	3	1
821	4	0
821	5	0
821	6	0
821	7	1
821	8	1
821	9	1
821	10	1
821	11	1
821	12	1
821	13	1
821	14	1
821	15	0
821	16	1
821	17	0
821	18	1
821	19	1
821	20	0
821	21	1
821	22	1
821	23	1
821	24	1
821	25	0
821	26	1
821	27	1
821	28	1
821	29	1
821	30	1
821	31	1
821	32	1
821	33	1
821	34	1
821	35	1
821	36	0
821	37	1
821	38	0
821	39	1
821	40	1
822	1	1
822	2	0
822	3	1
822	4	0
822	5	0
822	6	0
822	7	0
822	8	0
822	9	0
822	10	1
822	11	0
822	12	0
822	13	1
822	14	1
822	15	0
822	16	0
822	17	0
822	18	1
822	19	1
822	20	0
822	21	1
822	22	1
822	23	1
822	24	0
822	25	0
822	26	0
822	27	1
822	28	0
822	29	1
822	30	0
822	31	1
822	32	1
822	33	1
822	34	0
822	35	0
822	36	0
822	37	1
822	38	0
822	39	0
822	40	0
823	1	1
823	2	1
823	3	1
823	4	1
823	5	1
823	6	1
823	7	1
823	8	1
823	9	1
823	10	0
823	11	1
823	12	1
823	13	1
823	14	1
823	15	1
823	16	1
823	17	1
823	18	1
823	19	1
823	20	1
823	21	0
823	22	0
823	23	1
823	24	1
823	25	1
823	26	1
823	27	1
823	28	1
823	29	0
823	30	1
823	31	0
823	32	1
823	33	1
823	34	1
823	35	1
823	36	1
823	37	0
823	38	1
823	39	1
823	40	1
824	1	0
824	2	1
824	3	0
824	4	0
824	5	0
824	6	0
824	7	1
824	8	1
824	9	1
824	10	1
824	11	1
824	12	1
824	13	0
824	14	0
824	15	0
824	16	1
824	17	0
824	18	0
824	19	0
824	20	0
824	21	1
824	22	1
824	23	0
824	24	1
824	25	0
824	26	1
824	27	0
824	28	1
824	29	1
824	30	1
824	31	1
824	32	0
824	33	0
824	34	1
824	35	1
824	36	0
824	37	1
824	38	0
824	39	1
824	40	0
825	1	1
825	2	1
825	3	0
825	4	0
825	5	0
825	6	0
825	7	1
825	8	1
825	9	1
825	10	1
825	11	1
825	12	1
825	13	0
825	14	0
825	15	0
825	16	1
825	17	0
825	18	0
825	19	1
825	20	0
825	21	1
825	22	1
825	23	1
825	24	1
825	25	0
825	26	1
825	27	0
825	28	1
825	29	1
825	30	1
825	31	1
825	32	1
825	33	0
825	34	1
825	35	1
825	36	0
825	37	1
825	38	0
825	39	1
825	40	1
826	1	1
826	2	1
826	3	1
826	4	0
826	5	0
826	6	0
826	7	1
826	8	1
826	9	1
826	10	1
826	11	1
826	12	1
826	13	1
826	14	1
826	15	0
826	16	1
826	17	0
826	18	1
826	19	1
826	20	0
826	21	1
826	22	1
826	23	1
826	24	1
826	25	0
826	26	1
826	27	1
826	28	1
826	29	1
826	30	1
826	31	1
826	32	1
826	33	1
826	34	1
826	35	1
826	36	0
826	37	1
826	38	0
826	39	1
826	40	1
827	1	0
827	2	1
827	3	0
827	4	0
827	5	0
827	6	0
827	7	1
827	8	1
827	9	1
827	10	1
827	11	1
827	12	1
827	13	0
827	14	0
827	15	0
827	16	1
827	17	0
827	18	0
827	19	0
827	20	0
827	21	1
827	22	1
827	23	0
827	24	1
827	25	0
827	26	1
827	27	0
827	28	1
827	29	1
827	30	1
827	31	1
827	32	0
827	33	0
827	34	1
827	35	1
827	36	0
827	37	1
827	38	0
827	39	1
827	40	0
828	1	1
828	2	1
828	3	1
828	4	0
828	5	0
828	6	0
828	7	1
828	8	1
828	9	1
828	10	1
828	11	1
828	12	1
828	13	1
828	14	1
828	15	0
828	16	1
828	17	0
828	18	1
828	19	1
828	20	0
828	21	1
828	22	1
828	23	1
828	24	1
828	25	0
828	26	1
828	27	1
828	28	1
828	29	1
828	30	1
828	31	1
828	32	1
828	33	1
828	34	1
828	35	1
828	36	0
828	37	1
828	38	0
828	39	1
828	40	1
829	1	1
829	2	1
829	3	1
829	4	1
829	5	1
829	6	1
829	7	1
829	8	1
829	9	0
829	10	1
829	11	0
829	12	0
829	13	1
829	14	1
829	15	1
829	16	1
829	17	1
829	18	1
829	19	1
829	20	1
829	21	1
829	22	1
829	23	1
829	24	1
829	25	1
829	26	1
829	27	1
829	28	1
829	29	1
829	30	0
829	31	1
829	32	1
829	33	1
829	34	0
829	35	1
829	36	1
829	37	1
829	38	1
829	39	1
829	40	1
830	1	1
830	2	0
830	3	1
830	4	0
830	5	0
830	6	0
830	7	1
830	8	0
830	9	1
830	10	1
830	11	1
830	12	1
830	13	1
830	14	1
830	15	0
830	16	0
830	17	0
830	18	1
830	19	1
830	20	0
830	21	1
830	22	1
830	23	1
830	24	0
830	25	0
830	26	1
830	27	1
830	28	1
830	29	1
830	30	1
830	31	1
830	32	1
830	33	1
830	34	0
830	35	0
830	36	0
830	37	1
830	38	0
830	39	1
830	40	0
831	1	0
831	2	1
831	3	1
831	4	1
831	5	0
831	6	0
831	7	0
831	8	1
831	9	1
831	10	0
831	11	1
831	12	1
831	13	0
831	14	0
831	15	1
831	16	1
831	17	0
831	18	0
831	19	0
831	20	0
831	21	0
831	22	0
831	23	0
831	24	1
831	25	0
831	26	1
831	27	1
831	28	1
831	29	0
831	30	1
831	31	0
831	32	1
831	33	0
831	34	0
831	35	1
831	36	1
831	37	0
831	38	1
831	39	1
831	40	1
832	1	1
832	2	1
832	3	1
832	4	1
832	5	1
832	6	1
832	7	1
832	8	1
832	9	0
832	10	1
832	11	0
832	12	0
832	13	1
832	14	1
832	15	1
832	16	1
832	17	1
832	18	1
832	19	1
832	20	1
832	21	1
832	22	1
832	23	1
832	24	1
832	25	1
832	26	1
832	27	1
832	28	1
832	29	1
832	30	0
832	31	1
832	32	1
832	33	1
832	34	0
832	35	1
832	36	1
832	37	1
832	38	1
832	39	1
832	40	1
833	1	1
833	2	1
833	3	1
833	4	0
833	5	0
833	6	0
833	7	1
833	8	1
833	9	1
833	10	1
833	11	1
833	12	1
833	13	1
833	14	1
833	15	0
833	16	1
833	17	0
833	18	1
833	19	1
833	20	0
833	21	1
833	22	1
833	23	1
833	24	1
833	25	0
833	26	1
833	27	1
833	28	1
833	29	1
833	30	1
833	31	1
833	32	1
833	33	1
833	34	1
833	35	1
833	36	0
833	37	1
833	38	0
833	39	1
833	40	1
834	1	1
834	2	1
834	3	1
834	4	1
834	5	1
834	6	1
834	7	1
834	8	1
834	9	1
834	10	0
834	11	1
834	12	1
834	13	1
834	14	1
834	15	1
834	16	1
834	17	1
834	18	1
834	19	1
834	20	1
834	21	0
834	22	0
834	23	1
834	24	1
834	25	1
834	26	1
834	27	1
834	28	1
834	29	0
834	30	1
834	31	0
834	32	1
834	33	1
834	34	1
834	35	1
834	36	1
834	37	0
834	38	1
834	39	1
834	40	1
835	1	0
835	2	1
835	3	1
835	4	0
835	5	0
835	6	0
835	7	1
835	8	1
835	9	0
835	10	1
835	11	0
835	12	0
835	13	1
835	14	1
835	15	0
835	16	1
835	17	0
835	18	1
835	19	0
835	20	0
835	21	1
835	22	1
835	23	0
835	24	1
835	25	0
835	26	1
835	27	1
835	28	1
835	29	1
835	30	0
835	31	1
835	32	0
835	33	1
835	34	0
835	35	1
835	36	0
835	37	1
835	38	0
835	39	1
835	40	0
836	1	0
836	2	1
836	3	0
836	4	0
836	5	0
836	6	0
836	7	1
836	8	1
836	9	1
836	10	1
836	11	1
836	12	1
836	13	0
836	14	0
836	15	0
836	16	1
836	17	0
836	18	0
836	19	0
836	20	0
836	21	1
836	22	1
836	23	0
836	24	1
836	25	0
836	26	1
836	27	0
836	28	1
836	29	1
836	30	1
836	31	1
836	32	0
836	33	0
836	34	1
836	35	1
836	36	0
836	37	1
836	38	0
836	39	1
836	40	0
837	1	1
837	2	1
837	3	1
837	4	0
837	5	0
837	6	0
837	7	1
837	8	1
837	9	1
837	10	1
837	11	1
837	12	1
837	13	1
837	14	1
837	15	0
837	16	1
837	17	0
837	18	1
837	19	1
837	20	0
837	21	1
837	22	1
837	23	1
837	24	1
837	25	0
837	26	1
837	27	1
837	28	1
837	29	1
837	30	1
837	31	1
837	32	1
837	33	1
837	34	1
837	35	1
837	36	0
837	37	1
837	38	0
837	39	1
837	40	1
838	1	1
838	2	1
838	3	1
838	4	0
838	5	0
838	6	0
838	7	1
838	8	1
838	9	1
838	10	1
838	11	1
838	12	1
838	13	0
838	14	0
838	15	0
838	16	0
838	17	0
838	18	0
838	19	1
838	20	0
838	21	1
838	22	1
838	23	1
838	24	0
838	25	0
838	26	1
838	27	0
838	28	0
838	29	1
838	30	1
838	31	0
838	32	1
838	33	1
838	34	0
838	35	0
838	36	0
838	37	0
838	38	0
838	39	1
838	40	0
839	1	1
839	2	1
839	3	0
839	4	0
839	5	0
839	6	0
839	7	1
839	8	1
839	9	1
839	10	1
839	11	1
839	12	1
839	13	0
839	14	0
839	15	0
839	16	1
839	17	0
839	18	0
839	19	1
839	20	0
839	21	1
839	22	1
839	23	1
839	24	1
839	25	0
839	26	1
839	27	0
839	28	1
839	29	1
839	30	1
839	31	1
839	32	1
839	33	0
839	34	1
839	35	1
839	36	0
839	37	1
839	38	0
839	39	1
839	40	1
840	1	0
840	2	1
840	3	1
840	4	0
840	5	0
840	6	0
840	7	1
840	8	1
840	9	0
840	10	1
840	11	0
840	12	0
840	13	1
840	14	1
840	15	0
840	16	1
840	17	0
840	18	1
840	19	0
840	20	0
840	21	1
840	22	1
840	23	0
840	24	1
840	25	0
840	26	1
840	27	1
840	28	1
840	29	1
840	30	0
840	31	1
840	32	0
840	33	1
840	34	0
840	35	1
840	36	0
840	37	1
840	38	0
840	39	1
840	40	0
841	1	1
841	2	0
841	3	1
841	4	0
841	5	0
841	6	0
841	7	0
841	8	0
841	9	0
841	10	1
841	11	0
841	12	0
841	13	1
841	14	1
841	15	0
841	16	0
841	17	0
841	18	1
841	19	1
841	20	0
841	21	1
841	22	1
841	23	1
841	24	0
841	25	0
841	26	0
841	27	1
841	28	0
841	29	1
841	30	0
841	31	1
841	32	1
841	33	1
841	34	0
841	35	0
841	36	0
841	37	1
841	38	0
841	39	0
841	40	1
842	1	1
842	2	1
842	3	0
842	4	0
842	5	0
842	6	0
842	7	1
842	8	1
842	9	1
842	10	1
842	11	1
842	12	1
842	13	0
842	14	0
842	15	0
842	16	1
842	17	0
842	18	0
842	19	1
842	20	0
842	21	1
842	22	1
842	23	1
842	24	1
842	25	0
842	26	1
842	27	0
842	28	1
842	29	1
842	30	1
842	31	1
842	32	1
842	33	0
842	34	1
842	35	1
842	36	0
842	37	1
842	38	0
842	39	1
842	40	1
843	1	0
843	2	1
843	3	1
843	4	0
843	5	0
843	6	0
843	7	1
843	8	1
843	9	0
843	10	1
843	11	0
843	12	0
843	13	1
843	14	1
843	15	0
843	16	1
843	17	0
843	18	1
843	19	0
843	20	0
843	21	1
843	22	1
843	23	0
843	24	1
843	25	0
843	26	1
843	27	1
843	28	1
843	29	1
843	30	0
843	31	1
843	32	0
843	33	1
843	34	0
843	35	1
843	36	0
843	37	1
843	38	0
843	39	1
843	40	0
844	1	1
844	2	1
844	3	1
844	4	0
844	5	0
844	6	0
844	7	1
844	8	1
844	9	1
844	10	1
844	11	1
844	12	1
844	13	1
844	14	1
844	15	0
844	16	1
844	17	0
844	18	1
844	19	1
844	20	0
844	21	1
844	22	1
844	23	1
844	24	1
844	25	0
844	26	1
844	27	1
844	28	1
844	29	1
844	30	1
844	31	1
844	32	1
844	33	1
844	34	1
844	35	1
844	36	0
844	37	1
844	38	0
844	39	1
844	40	1
845	1	0
845	2	1
845	3	1
845	4	0
845	5	0
845	6	0
845	7	1
845	8	1
845	9	0
845	10	1
845	11	0
845	12	0
845	13	1
845	14	1
845	15	0
845	16	1
845	17	0
845	18	1
845	19	0
845	20	0
845	21	1
845	22	1
845	23	0
845	24	1
845	25	0
845	26	1
845	27	1
845	28	1
845	29	1
845	30	0
845	31	1
845	32	0
845	33	1
845	34	0
845	35	1
845	36	0
845	37	1
845	38	0
845	39	1
845	40	0
846	1	1
846	2	1
846	3	1
846	4	1
846	5	1
846	6	1
846	7	1
846	8	1
846	9	1
846	10	0
846	11	1
846	12	1
846	13	1
846	14	1
846	15	1
846	16	1
846	17	1
846	18	1
846	19	1
846	20	1
846	21	0
846	22	0
846	23	1
846	24	1
846	25	1
846	26	1
846	27	1
846	28	1
846	29	0
846	30	1
846	31	0
846	32	1
846	33	1
846	34	1
846	35	1
846	36	1
846	37	0
846	38	1
846	39	1
846	40	1
847	1	1
847	2	0
847	3	1
847	4	0
847	5	0
847	6	0
847	7	0
847	8	0
847	9	0
847	10	1
847	11	0
847	12	0
847	13	1
847	14	1
847	15	0
847	16	0
847	17	0
847	18	1
847	19	1
847	20	0
847	21	1
847	22	1
847	23	1
847	24	0
847	25	0
847	26	0
847	27	1
847	28	0
847	29	1
847	30	0
847	31	1
847	32	1
847	33	1
847	34	0
847	35	0
847	36	0
847	37	1
847	38	0
847	39	0
847	40	1
848	1	1
848	2	1
848	3	1
848	4	0
848	5	0
848	6	0
848	7	1
848	8	1
848	9	1
848	10	1
848	11	1
848	12	1
848	13	1
848	14	1
848	15	0
848	16	1
848	17	0
848	18	1
848	19	1
848	20	0
848	21	1
848	22	1
848	23	1
848	24	1
848	25	0
848	26	1
848	27	1
848	28	1
848	29	1
848	30	1
848	31	1
848	32	1
848	33	1
848	34	1
848	35	1
848	36	0
848	37	1
848	38	0
848	39	1
848	40	1
849	1	1
849	2	1
849	3	1
849	4	1
849	5	1
849	6	1
849	7	1
849	8	1
849	9	0
849	10	1
849	11	0
849	12	0
849	13	1
849	14	1
849	15	1
849	16	1
849	17	1
849	18	1
849	19	1
849	20	1
849	21	1
849	22	1
849	23	1
849	24	1
849	25	1
849	26	1
849	27	1
849	28	1
849	29	1
849	30	0
849	31	1
849	32	1
849	33	1
849	34	0
849	35	1
849	36	1
849	37	1
849	38	1
849	39	1
849	40	1
850	1	1
850	2	1
850	3	1
850	4	0
850	5	0
850	6	0
850	7	1
850	8	1
850	9	1
850	10	1
850	11	1
850	12	1
850	13	1
850	14	1
850	15	0
850	16	1
850	17	0
850	18	1
850	19	1
850	20	0
850	21	1
850	22	1
850	23	1
850	24	1
850	25	0
850	26	1
850	27	1
850	28	1
850	29	1
850	30	1
850	31	1
850	32	1
850	33	1
850	34	1
850	35	1
850	36	0
850	37	1
850	38	0
850	39	1
850	40	1
851	1	0
851	2	1
851	3	0
851	4	0
851	5	0
851	6	0
851	7	1
851	8	1
851	9	1
851	10	1
851	11	1
851	12	1
851	13	0
851	14	0
851	15	0
851	16	0
851	17	0
851	18	0
851	19	0
851	20	0
851	21	1
851	22	1
851	23	0
851	24	0
851	25	0
851	26	1
851	27	0
851	28	0
851	29	1
851	30	1
851	31	0
851	32	0
851	33	0
851	34	0
851	35	0
851	36	0
851	37	0
851	38	0
851	39	1
851	40	0
852	1	1
852	2	1
852	3	1
852	4	0
852	5	0
852	6	0
852	7	1
852	8	1
852	9	1
852	10	1
852	11	1
852	12	1
852	13	1
852	14	1
852	15	0
852	16	1
852	17	0
852	18	1
852	19	1
852	20	0
852	21	1
852	22	1
852	23	1
852	24	1
852	25	0
852	26	1
852	27	1
852	28	1
852	29	1
852	30	1
852	31	1
852	32	1
852	33	1
852	34	1
852	35	1
852	36	0
852	37	1
852	38	0
852	39	1
852	40	1
853	1	1
853	2	1
853	3	1
853	4	1
853	5	1
853	6	1
853	7	1
853	8	1
853	9	0
853	10	1
853	11	0
853	12	0
853	13	1
853	14	1
853	15	1
853	16	1
853	17	1
853	18	1
853	19	1
853	20	1
853	21	1
853	22	1
853	23	1
853	24	1
853	25	1
853	26	1
853	27	1
853	28	1
853	29	1
853	30	0
853	31	1
853	32	1
853	33	1
853	34	0
853	35	1
853	36	1
853	37	1
853	38	1
853	39	1
853	40	1
854	1	1
854	2	1
854	3	1
854	4	0
854	5	0
854	6	0
854	7	1
854	8	1
854	9	1
854	10	1
854	11	1
854	12	1
854	13	1
854	14	1
854	15	0
854	16	1
854	17	0
854	18	1
854	19	1
854	20	0
854	21	1
854	22	1
854	23	1
854	24	1
854	25	0
854	26	1
854	27	1
854	28	1
854	29	1
854	30	1
854	31	1
854	32	1
854	33	1
854	34	1
854	35	1
854	36	0
854	37	1
854	38	0
854	39	1
854	40	1
855	1	1
855	2	0
855	3	1
855	4	0
855	5	0
855	6	0
855	7	0
855	8	0
855	9	0
855	10	1
855	11	0
855	12	0
855	13	1
855	14	1
855	15	0
855	16	0
855	17	0
855	18	1
855	19	1
855	20	0
855	21	1
855	22	1
855	23	1
855	24	0
855	25	0
855	26	0
855	27	1
855	28	0
855	29	1
855	30	0
855	31	1
855	32	1
855	33	1
855	34	0
855	35	0
855	36	0
855	37	1
855	38	0
855	39	0
855	40	1
856	1	1
856	2	1
856	3	0
856	4	0
856	5	0
856	6	0
856	7	1
856	8	1
856	9	1
856	10	1
856	11	1
856	12	1
856	13	0
856	14	0
856	15	0
856	16	1
856	17	0
856	18	0
856	19	1
856	20	0
856	21	1
856	22	1
856	23	1
856	24	1
856	25	0
856	26	1
856	27	0
856	28	1
856	29	1
856	30	1
856	31	1
856	32	1
856	33	0
856	34	1
856	35	1
856	36	0
856	37	1
856	38	0
856	39	1
856	40	1
857	1	1
857	2	1
857	3	1
857	4	1
857	5	1
857	6	1
857	7	1
857	8	1
857	9	0
857	10	1
857	11	0
857	12	0
857	13	1
857	14	1
857	15	1
857	16	1
857	17	1
857	18	1
857	19	1
857	20	1
857	21	1
857	22	1
857	23	1
857	24	1
857	25	1
857	26	1
857	27	1
857	28	1
857	29	1
857	30	0
857	31	1
857	32	1
857	33	1
857	34	0
857	35	1
857	36	1
857	37	1
857	38	1
857	39	1
857	40	1
858	1	1
858	2	1
858	3	0
858	4	0
858	5	0
858	6	0
858	7	1
858	8	1
858	9	1
858	10	1
858	11	1
858	12	1
858	13	0
858	14	0
858	15	0
858	16	1
858	17	0
858	18	0
858	19	1
858	20	0
858	21	1
858	22	1
858	23	1
858	24	1
858	25	0
858	26	1
858	27	0
858	28	1
858	29	1
858	30	1
858	31	1
858	32	1
858	33	0
858	34	1
858	35	1
858	36	0
858	37	1
858	38	0
858	39	1
858	40	1
859	1	1
859	2	1
859	3	1
859	4	1
859	5	1
859	6	1
859	7	1
859	8	1
859	9	0
859	10	1
859	11	0
859	12	0
859	13	1
859	14	1
859	15	1
859	16	1
859	17	1
859	18	1
859	19	1
859	20	1
859	21	1
859	22	1
859	23	1
859	24	1
859	25	1
859	26	1
859	27	1
859	28	1
859	29	1
859	30	0
859	31	1
859	32	1
859	33	1
859	34	0
859	35	1
859	36	1
859	37	1
859	38	1
859	39	1
859	40	1
860	1	1
860	2	1
860	3	1
860	4	1
860	5	1
860	6	1
860	7	1
860	8	1
860	9	0
860	10	1
860	11	0
860	12	0
860	13	1
860	14	1
860	15	1
860	16	1
860	17	1
860	18	1
860	19	1
860	20	1
860	21	1
860	22	1
860	23	1
860	24	1
860	25	1
860	26	1
860	27	1
860	28	1
860	29	1
860	30	0
860	31	1
860	32	1
860	33	1
860	34	0
860	35	1
860	36	1
860	37	1
860	38	1
860	39	1
860	40	1
861	1	0
861	2	1
861	3	1
861	4	0
861	5	0
861	6	0
861	7	1
861	8	1
861	9	0
861	10	1
861	11	0
861	12	0
861	13	1
861	14	1
861	15	0
861	16	1
861	17	0
861	18	1
861	19	0
861	20	0
861	21	1
861	22	1
861	23	0
861	24	1
861	25	0
861	26	1
861	27	1
861	28	1
861	29	1
861	30	0
861	31	1
861	32	0
861	33	1
861	34	0
861	35	1
861	36	0
861	37	1
861	38	0
861	39	1
861	40	0
862	1	0
862	2	1
862	3	1
862	4	0
862	5	0
862	6	0
862	7	1
862	8	1
862	9	0
862	10	1
862	11	0
862	12	0
862	13	1
862	14	1
862	15	0
862	16	1
862	17	0
862	18	1
862	19	0
862	20	0
862	21	1
862	22	1
862	23	0
862	24	1
862	25	0
862	26	1
862	27	1
862	28	1
862	29	1
862	30	0
862	31	1
862	32	0
862	33	1
862	34	0
862	35	1
862	36	0
862	37	1
862	38	0
862	39	1
862	40	0
863	1	1
863	2	0
863	3	1
863	4	0
863	5	0
863	6	0
863	7	1
863	8	1
863	9	0
863	10	1
863	11	1
863	12	1
863	13	1
863	14	0
863	15	0
863	16	1
863	17	0
863	18	1
863	19	1
863	20	0
863	21	1
863	22	1
863	23	0
863	24	0
863	25	0
863	26	1
863	27	1
863	28	0
863	29	0
863	30	1
863	31	0
863	32	1
863	33	1
863	34	1
863	35	1
863	36	0
863	37	1
863	38	0
863	39	0
863	40	0
864	1	1
864	2	1
864	3	1
864	4	1
864	5	1
864	6	1
864	7	1
864	8	1
864	9	0
864	10	1
864	11	0
864	12	0
864	13	1
864	14	1
864	15	1
864	16	1
864	17	1
864	18	1
864	19	1
864	20	1
864	21	1
864	22	1
864	23	1
864	24	1
864	25	1
864	26	1
864	27	1
864	28	1
864	29	1
864	30	0
864	31	1
864	32	1
864	33	1
864	34	0
864	35	1
864	36	1
864	37	1
864	38	1
864	39	1
864	40	1
865	1	1
865	2	1
865	3	1
865	4	1
865	5	1
865	6	1
865	7	1
865	8	1
865	9	0
865	10	1
865	11	0
865	12	0
865	13	1
865	14	1
865	15	1
865	16	1
865	17	1
865	18	1
865	19	1
865	20	1
865	21	1
865	22	1
865	23	1
865	24	1
865	25	1
865	26	1
865	27	1
865	28	1
865	29	1
865	30	0
865	31	1
865	32	1
865	33	1
865	34	0
865	35	1
865	36	1
865	37	1
865	38	1
865	39	1
865	40	1
866	1	1
866	2	1
866	3	1
866	4	1
866	5	1
866	6	1
866	7	1
866	8	1
866	9	0
866	10	1
866	11	0
866	12	0
866	13	1
866	14	1
866	15	1
866	16	1
866	17	1
866	18	1
866	19	1
866	20	1
866	21	1
866	22	1
866	23	1
866	24	1
866	25	1
866	26	1
866	27	1
866	28	1
866	29	1
866	30	0
866	31	1
866	32	1
866	33	1
866	34	0
866	35	1
866	36	1
866	37	1
866	38	1
866	39	1
866	40	1
867	1	0
867	2	1
867	3	0
867	4	0
867	5	0
867	6	0
867	7	1
867	8	1
867	9	1
867	10	1
867	11	1
867	12	1
867	13	0
867	14	0
867	15	0
867	16	1
867	17	0
867	18	0
867	19	0
867	20	0
867	21	1
867	22	1
867	23	0
867	24	1
867	25	0
867	26	1
867	27	0
867	28	1
867	29	1
867	30	1
867	31	1
867	32	0
867	33	0
867	34	1
867	35	1
867	36	0
867	37	1
867	38	0
867	39	1
867	40	0
868	1	1
868	2	1
868	3	0
868	4	0
868	5	0
868	6	0
868	7	1
868	8	1
868	9	1
868	10	1
868	11	1
868	12	1
868	13	0
868	14	0
868	15	0
868	16	1
868	17	0
868	18	0
868	19	1
868	20	0
868	21	1
868	22	1
868	23	1
868	24	1
868	25	0
868	26	1
868	27	0
868	28	1
868	29	1
868	30	1
868	31	1
868	32	1
868	33	0
868	34	1
868	35	1
868	36	0
868	37	1
868	38	0
868	39	1
868	40	1
869	1	1
869	2	1
869	3	0
869	4	0
869	5	0
869	6	0
869	7	1
869	8	1
869	9	1
869	10	1
869	11	1
869	12	1
869	13	0
869	14	0
869	15	0
869	16	1
869	17	0
869	18	0
869	19	1
869	20	0
869	21	1
869	22	1
869	23	1
869	24	1
869	25	0
869	26	1
869	27	0
869	28	1
869	29	1
869	30	1
869	31	1
869	32	1
869	33	0
869	34	1
869	35	1
869	36	0
869	37	1
869	38	0
869	39	1
869	40	1
870	1	1
870	2	1
870	3	1
870	4	0
870	5	0
870	6	0
870	7	1
870	8	1
870	9	1
870	10	1
870	11	1
870	12	1
870	13	1
870	14	1
870	15	0
870	16	1
870	17	0
870	18	1
870	19	1
870	20	0
870	21	1
870	22	1
870	23	1
870	24	1
870	25	0
870	26	1
870	27	1
870	28	1
870	29	1
870	30	1
870	31	1
870	32	1
870	33	1
870	34	1
870	35	1
870	36	0
870	37	1
870	38	0
870	39	1
870	40	1
871	1	1
871	2	1
871	3	0
871	4	0
871	5	0
871	6	0
871	7	1
871	8	1
871	9	1
871	10	1
871	11	1
871	12	1
871	13	0
871	14	0
871	15	0
871	16	1
871	17	0
871	18	0
871	19	1
871	20	0
871	21	1
871	22	1
871	23	1
871	24	1
871	25	0
871	26	1
871	27	0
871	28	1
871	29	1
871	30	1
871	31	1
871	32	1
871	33	0
871	34	1
871	35	1
871	36	0
871	37	1
871	38	0
871	39	1
871	40	1
872	1	1
872	2	1
872	3	1
872	4	1
872	5	1
872	6	1
872	7	1
872	8	1
872	9	0
872	10	1
872	11	0
872	12	0
872	13	1
872	14	1
872	15	1
872	16	1
872	17	1
872	18	1
872	19	1
872	20	1
872	21	1
872	22	1
872	23	1
872	24	1
872	25	1
872	26	1
872	27	1
872	28	1
872	29	1
872	30	0
872	31	1
872	32	1
872	33	1
872	34	0
872	35	1
872	36	1
872	37	1
872	38	1
872	39	1
872	40	1
873	1	0
873	2	1
873	3	1
873	4	0
873	5	0
873	6	0
873	7	1
873	8	1
873	9	0
873	10	1
873	11	0
873	12	0
873	13	1
873	14	1
873	15	0
873	16	1
873	17	0
873	18	1
873	19	0
873	20	0
873	21	1
873	22	1
873	23	0
873	24	1
873	25	0
873	26	1
873	27	1
873	28	1
873	29	1
873	30	0
873	31	1
873	32	0
873	33	1
873	34	0
873	35	1
873	36	0
873	37	1
873	38	0
873	39	1
873	40	0
874	1	1
874	2	0
874	3	1
874	4	0
874	5	0
874	6	0
874	7	0
874	8	0
874	9	0
874	10	1
874	11	0
874	12	0
874	13	1
874	14	1
874	15	0
874	16	0
874	17	0
874	18	1
874	19	1
874	20	0
874	21	1
874	22	1
874	23	1
874	24	0
874	25	0
874	26	0
874	27	1
874	28	0
874	29	1
874	30	0
874	31	1
874	32	1
874	33	1
874	34	0
874	35	0
874	36	0
874	37	1
874	38	0
874	39	0
874	40	1
875	1	0
875	2	0
875	3	1
875	4	0
875	5	0
875	6	0
875	7	0
875	8	0
875	9	1
875	10	0
875	11	1
875	12	1
875	13	0
875	14	0
875	15	0
875	16	0
875	17	0
875	18	0
875	19	0
875	20	0
875	21	1
875	22	1
875	23	0
875	24	0
875	25	0
875	26	1
875	27	1
875	28	1
875	29	1
875	30	1
875	31	1
875	32	1
875	33	0
875	34	0
875	35	0
875	36	0
875	37	1
875	38	0
875	39	1
875	40	0
876	1	0
876	2	1
876	3	1
876	4	1
876	5	0
876	6	0
876	7	0
876	8	1
876	9	0
876	10	0
876	11	0
876	12	0
876	13	0
876	14	0
876	15	1
876	16	1
876	17	0
876	18	0
876	19	0
876	20	0
876	21	1
876	22	1
876	23	0
876	24	1
876	25	0
876	26	1
876	27	1
876	28	1
876	29	1
876	30	0
876	31	1
876	32	1
876	33	0
876	34	0
876	35	1
876	36	1
876	37	1
876	38	1
876	39	1
876	40	1
877	1	1
877	2	1
877	3	1
877	4	0
877	5	0
877	6	0
877	7	1
877	8	1
877	9	1
877	10	1
877	11	1
877	12	1
877	13	1
877	14	1
877	15	0
877	16	1
877	17	0
877	18	1
877	19	1
877	20	0
877	21	1
877	22	1
877	23	1
877	24	1
877	25	0
877	26	1
877	27	1
877	28	1
877	29	1
877	30	1
877	31	1
877	32	1
877	33	1
877	34	1
877	35	1
877	36	0
877	37	1
877	38	0
877	39	1
877	40	1
878	1	1
878	2	1
878	3	1
878	4	0
878	5	0
878	6	0
878	7	1
878	8	1
878	9	1
878	10	1
878	11	1
878	12	1
878	13	1
878	14	1
878	15	0
878	16	1
878	17	0
878	18	1
878	19	1
878	20	0
878	21	1
878	22	1
878	23	1
878	24	1
878	25	0
878	26	1
878	27	1
878	28	1
878	29	1
878	30	1
878	31	1
878	32	1
878	33	1
878	34	1
878	35	1
878	36	0
878	37	1
878	38	0
878	39	1
878	40	1
879	1	1
879	2	1
879	3	1
879	4	1
879	5	1
879	6	1
879	7	1
879	8	1
879	9	0
879	10	1
879	11	0
879	12	0
879	13	0
879	14	0
879	15	1
879	16	0
879	17	1
879	18	0
879	19	1
879	20	1
879	21	1
879	22	1
879	23	1
879	24	0
879	25	1
879	26	1
879	27	0
879	28	0
879	29	1
879	30	0
879	31	0
879	32	1
879	33	1
879	34	0
879	35	0
879	36	1
879	37	0
879	38	1
879	39	1
879	40	0
880	1	1
880	2	1
880	3	1
880	4	1
880	5	1
880	6	1
880	7	1
880	8	1
880	9	0
880	10	1
880	11	0
880	12	0
880	13	1
880	14	1
880	15	1
880	16	1
880	17	1
880	18	1
880	19	1
880	20	1
880	21	1
880	22	1
880	23	1
880	24	1
880	25	1
880	26	1
880	27	1
880	28	1
880	29	1
880	30	0
880	31	1
880	32	1
880	33	1
880	34	0
880	35	1
880	36	1
880	37	1
880	38	1
880	39	1
880	40	1
881	1	0
881	2	1
881	3	1
881	4	0
881	5	0
881	6	0
881	7	1
881	8	1
881	9	0
881	10	1
881	11	0
881	12	0
881	13	1
881	14	1
881	15	0
881	16	1
881	17	0
881	18	1
881	19	0
881	20	0
881	21	1
881	22	1
881	23	0
881	24	1
881	25	0
881	26	1
881	27	1
881	28	1
881	29	1
881	30	0
881	31	1
881	32	0
881	33	1
881	34	0
881	35	1
881	36	0
881	37	1
881	38	0
881	39	1
881	40	0
882	1	0
882	2	0
882	3	1
882	4	0
882	5	0
882	6	0
882	7	0
882	8	0
882	9	0
882	10	0
882	11	0
882	12	0
882	13	0
882	14	0
882	15	0
882	16	0
882	17	0
882	18	0
882	19	0
882	20	0
882	21	1
882	22	1
882	23	0
882	24	0
882	25	0
882	26	0
882	27	1
882	28	0
882	29	1
882	30	0
882	31	1
882	32	1
882	33	0
882	34	0
882	35	0
882	36	0
882	37	1
882	38	0
882	39	0
882	40	1
883	1	1
883	2	1
883	3	1
883	4	1
883	5	1
883	6	1
883	7	1
883	8	1
883	9	0
883	10	1
883	11	0
883	12	0
883	13	1
883	14	1
883	15	1
883	16	1
883	17	1
883	18	1
883	19	1
883	20	1
883	21	1
883	22	1
883	23	1
883	24	1
883	25	1
883	26	1
883	27	1
883	28	1
883	29	1
883	30	0
883	31	1
883	32	1
883	33	1
883	34	0
883	35	1
883	36	1
883	37	1
883	38	1
883	39	1
883	40	1
884	1	1
884	2	1
884	3	1
884	4	1
884	5	1
884	6	1
884	7	1
884	8	1
884	9	0
884	10	1
884	11	0
884	12	0
884	13	1
884	14	1
884	15	1
884	16	1
884	17	1
884	18	1
884	19	1
884	20	1
884	21	1
884	22	1
884	23	1
884	24	1
884	25	1
884	26	1
884	27	1
884	28	1
884	29	1
884	30	0
884	31	1
884	32	1
884	33	1
884	34	0
884	35	1
884	36	1
884	37	1
884	38	1
884	39	1
884	40	1
885	1	1
885	2	1
885	3	0
885	4	0
885	5	0
885	6	0
885	7	1
885	8	1
885	9	1
885	10	1
885	11	1
885	12	1
885	13	0
885	14	0
885	15	0
885	16	1
885	17	0
885	18	0
885	19	1
885	20	0
885	21	1
885	22	1
885	23	1
885	24	1
885	25	0
885	26	1
885	27	0
885	28	1
885	29	1
885	30	1
885	31	1
885	32	1
885	33	0
885	34	1
885	35	1
885	36	0
885	37	1
885	38	0
885	39	1
885	40	1
886	1	0
886	2	1
886	3	0
886	4	0
886	5	0
886	6	0
886	7	1
886	8	1
886	9	1
886	10	1
886	11	1
886	12	1
886	13	0
886	14	0
886	15	0
886	16	1
886	17	0
886	18	0
886	19	0
886	20	0
886	21	1
886	22	1
886	23	0
886	24	1
886	25	0
886	26	1
886	27	0
886	28	1
886	29	1
886	30	1
886	31	1
886	32	0
886	33	0
886	34	1
886	35	1
886	36	0
886	37	1
886	38	0
886	39	1
886	40	0
887	1	0
887	2	0
887	3	1
887	4	0
887	5	0
887	6	0
887	7	1
887	8	1
887	9	0
887	10	1
887	11	0
887	12	0
887	13	1
887	14	0
887	15	0
887	16	1
887	17	0
887	18	1
887	19	0
887	20	0
887	21	1
887	22	1
887	23	0
887	24	0
887	25	0
887	26	1
887	27	1
887	28	0
887	29	0
887	30	0
887	31	0
887	32	0
887	33	1
887	34	0
887	35	1
887	36	0
887	37	1
887	38	0
887	39	0
887	40	0
888	1	1
888	2	1
888	3	1
888	4	0
888	5	0
888	6	0
888	7	1
888	8	1
888	9	1
888	10	1
888	11	1
888	12	1
888	13	1
888	14	1
888	15	0
888	16	1
888	17	0
888	18	1
888	19	1
888	20	0
888	21	1
888	22	1
888	23	1
888	24	1
888	25	0
888	26	1
888	27	1
888	28	1
888	29	1
888	30	1
888	31	1
888	32	1
888	33	1
888	34	1
888	35	1
888	36	0
888	37	1
888	38	0
888	39	1
888	40	1
889	1	1
889	2	1
889	3	1
889	4	0
889	5	0
889	6	0
889	7	1
889	8	1
889	9	1
889	10	1
889	11	1
889	12	1
889	13	1
889	14	1
889	15	0
889	16	1
889	17	0
889	18	1
889	19	1
889	20	0
889	21	1
889	22	1
889	23	1
889	24	1
889	25	0
889	26	1
889	27	1
889	28	1
889	29	1
889	30	1
889	31	1
889	32	1
889	33	1
889	34	1
889	35	1
889	36	0
889	37	1
889	38	0
889	39	1
889	40	1
890	1	0
890	2	1
890	3	1
890	4	0
890	5	0
890	6	0
890	7	1
890	8	1
890	9	0
890	10	1
890	11	0
890	12	0
890	13	1
890	14	1
890	15	0
890	16	1
890	17	0
890	18	1
890	19	0
890	20	0
890	21	1
890	22	1
890	23	0
890	24	1
890	25	0
890	26	1
890	27	1
890	28	1
890	29	1
890	30	0
890	31	1
890	32	0
890	33	1
890	34	0
890	35	1
890	36	0
890	37	1
890	38	0
890	39	1
890	40	0
891	1	1
891	2	1
891	3	1
891	4	0
891	5	0
891	6	0
891	7	1
891	8	1
891	9	1
891	10	1
891	11	1
891	12	1
891	13	1
891	14	1
891	15	0
891	16	1
891	17	0
891	18	1
891	19	1
891	20	0
891	21	1
891	22	1
891	23	1
891	24	1
891	25	0
891	26	1
891	27	1
891	28	1
891	29	1
891	30	1
891	31	1
891	32	1
891	33	1
891	34	1
891	35	1
891	36	0
891	37	1
891	38	0
891	39	1
891	40	1
892	1	1
892	2	0
892	3	1
892	4	0
892	5	0
892	6	0
892	7	0
892	8	0
892	9	0
892	10	1
892	11	0
892	12	0
892	13	1
892	14	1
892	15	0
892	16	0
892	17	0
892	18	1
892	19	1
892	20	0
892	21	1
892	22	1
892	23	1
892	24	0
892	25	0
892	26	0
892	27	1
892	28	0
892	29	1
892	30	0
892	31	1
892	32	1
892	33	1
892	34	0
892	35	0
892	36	0
892	37	1
892	38	0
892	39	0
892	40	1
893	1	1
893	2	1
893	3	1
893	4	1
893	5	1
893	6	1
893	7	1
893	8	1
893	9	1
893	10	0
893	11	1
893	12	1
893	13	1
893	14	1
893	15	1
893	16	1
893	17	1
893	18	1
893	19	1
893	20	1
893	21	0
893	22	0
893	23	1
893	24	1
893	25	1
893	26	1
893	27	1
893	28	1
893	29	0
893	30	1
893	31	0
893	32	1
893	33	1
893	34	1
893	35	1
893	36	1
893	37	0
893	38	1
893	39	1
893	40	1
894	1	1
894	2	1
894	3	1
894	4	1
894	5	1
894	6	1
894	7	1
894	8	1
894	9	0
894	10	1
894	11	0
894	12	0
894	13	1
894	14	1
894	15	1
894	16	1
894	17	1
894	18	1
894	19	1
894	20	1
894	21	1
894	22	1
894	23	1
894	24	1
894	25	1
894	26	1
894	27	1
894	28	1
894	29	1
894	30	0
894	31	1
894	32	1
894	33	1
894	34	0
894	35	1
894	36	1
894	37	1
894	38	1
894	39	1
894	40	1
895	1	1
895	2	1
895	3	1
895	4	0
895	5	0
895	6	0
895	7	1
895	8	1
895	9	1
895	10	1
895	11	1
895	12	1
895	13	1
895	14	1
895	15	0
895	16	1
895	17	0
895	18	1
895	19	1
895	20	0
895	21	1
895	22	1
895	23	1
895	24	1
895	25	0
895	26	1
895	27	1
895	28	1
895	29	1
895	30	1
895	31	1
895	32	1
895	33	1
895	34	1
895	35	1
895	36	0
895	37	1
895	38	0
895	39	1
895	40	1
896	1	0
896	2	1
896	3	0
896	4	0
896	5	0
896	6	0
896	7	1
896	8	1
896	9	1
896	10	1
896	11	1
896	12	1
896	13	0
896	14	0
896	15	0
896	16	1
896	17	0
896	18	0
896	19	0
896	20	0
896	21	1
896	22	1
896	23	0
896	24	1
896	25	0
896	26	1
896	27	0
896	28	1
896	29	1
896	30	1
896	31	1
896	32	0
896	33	0
896	34	1
896	35	1
896	36	0
896	37	1
896	38	0
896	39	1
896	40	0
897	1	0
897	2	1
897	3	1
897	4	0
897	5	0
897	6	0
897	7	1
897	8	1
897	9	0
897	10	1
897	11	0
897	12	0
897	13	1
897	14	1
897	15	0
897	16	1
897	17	0
897	18	1
897	19	0
897	20	0
897	21	1
897	22	1
897	23	0
897	24	1
897	25	0
897	26	1
897	27	1
897	28	1
897	29	1
897	30	0
897	31	1
897	32	0
897	33	1
897	34	0
897	35	1
897	36	0
897	37	1
897	38	0
897	39	1
897	40	0
898	1	1
898	2	1
898	3	1
898	4	1
898	5	1
898	6	1
898	7	1
898	8	1
898	9	0
898	10	1
898	11	0
898	12	0
898	13	1
898	14	1
898	15	1
898	16	1
898	17	1
898	18	1
898	19	1
898	20	1
898	21	1
898	22	1
898	23	1
898	24	1
898	25	1
898	26	1
898	27	1
898	28	1
898	29	1
898	30	0
898	31	1
898	32	1
898	33	1
898	34	0
898	35	1
898	36	1
898	37	1
898	38	1
898	39	1
898	40	1
899	1	1
899	2	1
899	3	0
899	4	0
899	5	0
899	6	0
899	7	1
899	8	1
899	9	1
899	10	1
899	11	1
899	12	1
899	13	0
899	14	0
899	15	0
899	16	1
899	17	0
899	18	0
899	19	1
899	20	0
899	21	1
899	22	1
899	23	1
899	24	1
899	25	0
899	26	1
899	27	0
899	28	1
899	29	1
899	30	1
899	31	1
899	32	1
899	33	0
899	34	1
899	35	1
899	36	0
899	37	1
899	38	0
899	39	1
899	40	1
900	1	1
900	2	1
900	3	1
900	4	0
900	5	0
900	6	0
900	7	1
900	8	1
900	9	1
900	10	1
900	11	1
900	12	1
900	13	1
900	14	1
900	15	0
900	16	1
900	17	0
900	18	1
900	19	1
900	20	0
900	21	1
900	22	1
900	23	1
900	24	1
900	25	0
900	26	1
900	27	1
900	28	1
900	29	1
900	30	1
900	31	1
900	32	1
900	33	1
900	34	1
900	35	1
900	36	0
900	37	1
900	38	0
900	39	1
900	40	1
901	1	1
901	2	1
901	3	0
901	4	0
901	5	0
901	6	0
901	7	1
901	8	1
901	9	1
901	10	1
901	11	1
901	12	1
901	13	0
901	14	0
901	15	0
901	16	1
901	17	0
901	18	0
901	19	1
901	20	0
901	21	1
901	22	1
901	23	1
901	24	1
901	25	0
901	26	1
901	27	0
901	28	1
901	29	1
901	30	1
901	31	1
901	32	1
901	33	0
901	34	1
901	35	1
901	36	0
901	37	1
901	38	0
901	39	1
901	40	1
902	1	1
902	2	1
902	3	1
902	4	1
902	5	1
902	6	1
902	7	1
902	8	1
902	9	1
902	10	0
902	11	1
902	12	1
902	13	1
902	14	1
902	15	1
902	16	1
902	17	1
902	18	1
902	19	1
902	20	1
902	21	0
902	22	0
902	23	1
902	24	1
902	25	1
902	26	1
902	27	1
902	28	1
902	29	0
902	30	1
902	31	0
902	32	1
902	33	1
902	34	1
902	35	1
902	36	1
902	37	0
902	38	1
902	39	1
902	40	1
903	1	1
903	2	1
903	3	1
903	4	1
903	5	1
903	6	1
903	7	1
903	8	1
903	9	0
903	10	1
903	11	0
903	12	0
903	13	1
903	14	1
903	15	1
903	16	1
903	17	1
903	18	1
903	19	1
903	20	1
903	21	1
903	22	1
903	23	1
903	24	1
903	25	1
903	26	1
903	27	1
903	28	1
903	29	1
903	30	0
903	31	1
903	32	1
903	33	1
903	34	0
903	35	1
903	36	1
903	37	1
903	38	1
903	39	1
903	40	1
904	1	1
904	2	1
904	3	1
904	4	1
904	5	1
904	6	1
904	7	1
904	8	1
904	9	0
904	10	1
904	11	0
904	12	0
904	13	1
904	14	1
904	15	1
904	16	1
904	17	1
904	18	1
904	19	1
904	20	1
904	21	1
904	22	1
904	23	1
904	24	1
904	25	1
904	26	1
904	27	1
904	28	1
904	29	1
904	30	0
904	31	1
904	32	1
904	33	1
904	34	0
904	35	1
904	36	1
904	37	1
904	38	1
904	39	1
904	40	1
905	1	1
905	2	1
905	3	0
905	4	0
905	5	0
905	6	0
905	7	1
905	8	1
905	9	1
905	10	1
905	11	1
905	12	1
905	13	0
905	14	0
905	15	0
905	16	1
905	17	0
905	18	0
905	19	1
905	20	0
905	21	1
905	22	1
905	23	1
905	24	1
905	25	0
905	26	1
905	27	0
905	28	1
905	29	1
905	30	1
905	31	1
905	32	1
905	33	0
905	34	1
905	35	1
905	36	0
905	37	1
905	38	0
905	39	1
905	40	1
906	1	1
906	2	1
906	3	0
906	4	0
906	5	0
906	6	0
906	7	1
906	8	1
906	9	1
906	10	1
906	11	1
906	12	1
906	13	0
906	14	0
906	15	0
906	16	1
906	17	0
906	18	0
906	19	1
906	20	0
906	21	1
906	22	1
906	23	1
906	24	1
906	25	0
906	26	1
906	27	0
906	28	1
906	29	1
906	30	1
906	31	1
906	32	1
906	33	0
906	34	1
906	35	1
906	36	0
906	37	1
906	38	0
906	39	1
906	40	1
907	1	1
907	2	1
907	3	1
907	4	1
907	5	1
907	6	1
907	7	1
907	8	1
907	9	0
907	10	1
907	11	0
907	12	0
907	13	1
907	14	1
907	15	1
907	16	1
907	17	1
907	18	1
907	19	1
907	20	1
907	21	1
907	22	1
907	23	1
907	24	1
907	25	1
907	26	1
907	27	1
907	28	1
907	29	1
907	30	0
907	31	1
907	32	1
907	33	1
907	34	0
907	35	1
907	36	1
907	37	1
907	38	1
907	39	1
907	40	1
908	1	1
908	2	1
908	3	1
908	4	0
908	5	0
908	6	0
908	7	1
908	8	1
908	9	1
908	10	1
908	11	1
908	12	1
908	13	1
908	14	1
908	15	0
908	16	1
908	17	0
908	18	1
908	19	1
908	20	0
908	21	1
908	22	1
908	23	1
908	24	1
908	25	0
908	26	1
908	27	1
908	28	1
908	29	1
908	30	1
908	31	1
908	32	1
908	33	1
908	34	1
908	35	1
908	36	0
908	37	1
908	38	0
908	39	1
908	40	1
909	1	1
909	2	0
909	3	1
909	4	0
909	5	0
909	6	0
909	7	0
909	8	0
909	9	0
909	10	1
909	11	0
909	12	0
909	13	0
909	14	0
909	15	0
909	16	0
909	17	0
909	18	0
909	19	1
909	20	0
909	21	1
909	22	1
909	23	1
909	24	0
909	25	0
909	26	0
909	27	0
909	28	0
909	29	1
909	30	0
909	31	0
909	32	1
909	33	1
909	34	0
909	35	0
909	36	0
909	37	0
909	38	0
909	39	0
909	40	0
910	1	1
910	2	1
910	3	1
910	4	1
910	5	1
910	6	1
910	7	1
910	8	1
910	9	1
910	10	0
910	11	1
910	12	1
910	13	1
910	14	1
910	15	1
910	16	1
910	17	1
910	18	1
910	19	1
910	20	1
910	21	0
910	22	0
910	23	1
910	24	1
910	25	1
910	26	1
910	27	1
910	28	1
910	29	0
910	30	1
910	31	0
910	32	1
910	33	1
910	34	1
910	35	1
910	36	1
910	37	0
910	38	1
910	39	1
910	40	1
911	1	0
911	2	1
911	3	1
911	4	0
911	5	0
911	6	0
911	7	1
911	8	1
911	9	0
911	10	1
911	11	0
911	12	0
911	13	1
911	14	1
911	15	0
911	16	1
911	17	0
911	18	1
911	19	0
911	20	0
911	21	1
911	22	1
911	23	0
911	24	1
911	25	0
911	26	1
911	27	1
911	28	1
911	29	1
911	30	0
911	31	1
911	32	0
911	33	1
911	34	0
911	35	1
911	36	0
911	37	1
911	38	0
911	39	1
911	40	0
912	1	1
912	2	1
912	3	0
912	4	0
912	5	0
912	6	0
912	7	1
912	8	1
912	9	1
912	10	1
912	11	1
912	12	1
912	13	0
912	14	0
912	15	0
912	16	1
912	17	0
912	18	0
912	19	1
912	20	0
912	21	1
912	22	1
912	23	1
912	24	1
912	25	0
912	26	1
912	27	0
912	28	1
912	29	1
912	30	1
912	31	1
912	32	1
912	33	0
912	34	1
912	35	1
912	36	0
912	37	1
912	38	0
912	39	1
912	40	1
913	1	1
913	2	1
913	3	1
913	4	0
913	5	0
913	6	0
913	7	1
913	8	1
913	9	1
913	10	1
913	11	1
913	12	1
913	13	1
913	14	1
913	15	0
913	16	1
913	17	0
913	18	1
913	19	1
913	20	0
913	21	1
913	22	1
913	23	1
913	24	1
913	25	0
913	26	1
913	27	1
913	28	1
913	29	1
913	30	1
913	31	1
913	32	1
913	33	1
913	34	1
913	35	1
913	36	0
913	37	1
913	38	0
913	39	1
913	40	1
914	1	1
914	2	1
914	3	1
914	4	1
914	5	1
914	6	1
914	7	1
914	8	1
914	9	0
914	10	1
914	11	0
914	12	0
914	13	0
914	14	0
914	15	1
914	16	0
914	17	1
914	18	0
914	19	1
914	20	1
914	21	1
914	22	1
914	23	1
914	24	0
914	25	1
914	26	1
914	27	0
914	28	0
914	29	1
914	30	0
914	31	0
914	32	1
914	33	1
914	34	0
914	35	0
914	36	1
914	37	0
914	38	1
914	39	1
914	40	0
915	1	1
915	2	1
915	3	0
915	4	0
915	5	0
915	6	0
915	7	1
915	8	1
915	9	1
915	10	1
915	11	1
915	12	1
915	13	0
915	14	0
915	15	0
915	16	1
915	17	0
915	18	0
915	19	1
915	20	0
915	21	1
915	22	1
915	23	1
915	24	1
915	25	0
915	26	1
915	27	0
915	28	1
915	29	1
915	30	1
915	31	1
915	32	1
915	33	0
915	34	1
915	35	1
915	36	0
915	37	1
915	38	0
915	39	1
915	40	1
916	1	0
916	2	1
916	3	0
916	4	1
916	5	0
916	6	1
916	7	1
916	8	1
916	9	0
916	10	1
916	11	0
916	12	0
916	13	0
916	14	1
916	15	0
916	16	1
916	17	0
916	18	1
916	19	1
916	20	1
916	21	1
916	22	1
916	23	0
916	24	1
916	25	1
916	26	1
916	27	1
916	28	0
916	29	1
916	30	0
916	31	1
916	32	1
916	33	1
916	34	0
916	35	1
916	36	1
916	37	1
916	38	1
916	39	0
916	40	1
917	1	1
917	2	1
917	3	0
917	4	0
917	5	0
917	6	0
917	7	1
917	8	1
917	9	1
917	10	1
917	11	1
917	12	1
917	13	0
917	14	0
917	15	0
917	16	1
917	17	0
917	18	0
917	19	1
917	20	0
917	21	1
917	22	1
917	23	1
917	24	1
917	25	0
917	26	1
917	27	0
917	28	1
917	29	1
917	30	1
917	31	1
917	32	1
917	33	0
917	34	1
917	35	1
917	36	0
917	37	1
917	38	0
917	39	1
917	40	1
918	1	1
918	2	1
918	3	1
918	4	0
918	5	0
918	6	0
918	7	1
918	8	1
918	9	1
918	10	1
918	11	1
918	12	1
918	13	1
918	14	1
918	15	0
918	16	1
918	17	0
918	18	1
918	19	1
918	20	0
918	21	1
918	22	1
918	23	1
918	24	1
918	25	0
918	26	1
918	27	1
918	28	1
918	29	1
918	30	1
918	31	1
918	32	1
918	33	1
918	34	1
918	35	1
918	36	0
918	37	1
918	38	0
918	39	1
918	40	1
919	1	1
919	2	0
919	3	1
919	4	0
919	5	0
919	6	0
919	7	1
919	8	0
919	9	1
919	10	1
919	11	1
919	12	1
919	13	1
919	14	1
919	15	0
919	16	0
919	17	0
919	18	1
919	19	1
919	20	0
919	21	1
919	22	1
919	23	1
919	24	0
919	25	0
919	26	1
919	27	1
919	28	1
919	29	1
919	30	1
919	31	1
919	32	1
919	33	1
919	34	0
919	35	0
919	36	0
919	37	1
919	38	0
919	39	1
919	40	0
920	1	0
920	2	1
920	3	0
920	4	0
920	5	0
920	6	0
920	7	1
920	8	1
920	9	1
920	10	1
920	11	1
920	12	1
920	13	0
920	14	0
920	15	0
920	16	1
920	17	0
920	18	0
920	19	0
920	20	0
920	21	1
920	22	1
920	23	0
920	24	1
920	25	0
920	26	1
920	27	0
920	28	1
920	29	1
920	30	1
920	31	1
920	32	0
920	33	0
920	34	1
920	35	1
920	36	0
920	37	1
920	38	0
920	39	1
920	40	0
921	1	1
921	2	1
921	3	1
921	4	0
921	5	0
921	6	0
921	7	1
921	8	1
921	9	1
921	10	1
921	11	1
921	12	1
921	13	1
921	14	1
921	15	0
921	16	1
921	17	0
921	18	1
921	19	1
921	20	0
921	21	1
921	22	1
921	23	1
921	24	1
921	25	0
921	26	1
921	27	1
921	28	1
921	29	1
921	30	1
921	31	1
921	32	1
921	33	1
921	34	1
921	35	1
921	36	0
921	37	1
921	38	0
921	39	1
921	40	1
922	1	1
922	2	1
922	3	1
922	4	1
922	5	1
922	6	1
922	7	1
922	8	1
922	9	0
922	10	1
922	11	0
922	12	0
922	13	1
922	14	1
922	15	1
922	16	1
922	17	1
922	18	1
922	19	1
922	20	1
922	21	1
922	22	1
922	23	1
922	24	1
922	25	1
922	26	1
922	27	1
922	28	1
922	29	1
922	30	0
922	31	1
922	32	1
922	33	1
922	34	0
922	35	1
922	36	1
922	37	1
922	38	1
922	39	1
922	40	1
923	1	0
923	2	1
923	3	1
923	4	1
923	5	0
923	6	0
923	7	0
923	8	1
923	9	0
923	10	0
923	11	0
923	12	0
923	13	0
923	14	0
923	15	1
923	16	1
923	17	0
923	18	0
923	19	0
923	20	0
923	21	1
923	22	1
923	23	0
923	24	1
923	25	0
923	26	1
923	27	1
923	28	1
923	29	1
923	30	0
923	31	1
923	32	1
923	33	0
923	34	0
923	35	1
923	36	1
923	37	1
923	38	1
923	39	1
923	40	1
924	1	1
924	2	0
924	3	1
924	4	1
924	5	0
924	6	0
924	7	1
924	8	1
924	9	0
924	10	1
924	11	0
924	12	0
924	13	1
924	14	0
924	15	0
924	16	1
924	17	1
924	18	1
924	19	1
924	20	1
924	21	1
924	22	1
924	23	0
924	24	0
924	25	1
924	26	1
924	27	1
924	28	0
924	29	0
924	30	0
924	31	0
924	32	1
924	33	1
924	34	0
924	35	1
924	36	1
924	37	1
924	38	1
924	39	0
924	40	0
925	1	1
925	2	1
925	3	1
925	4	1
925	5	1
925	6	1
925	7	1
925	8	1
925	9	0
925	10	1
925	11	0
925	12	0
925	13	1
925	14	1
925	15	1
925	16	1
925	17	1
925	18	1
925	19	1
925	20	1
925	21	1
925	22	1
925	23	1
925	24	1
925	25	1
925	26	1
925	27	1
925	28	1
925	29	1
925	30	0
925	31	1
925	32	1
925	33	1
925	34	0
925	35	1
925	36	1
925	37	1
925	38	1
925	39	1
925	40	1
926	1	1
926	2	1
926	3	1
926	4	1
926	5	1
926	6	1
926	7	1
926	8	1
926	9	0
926	10	1
926	11	0
926	12	0
926	13	1
926	14	1
926	15	1
926	16	1
926	17	1
926	18	1
926	19	1
926	20	1
926	21	1
926	22	1
926	23	1
926	24	1
926	25	1
926	26	1
926	27	1
926	28	1
926	29	1
926	30	0
926	31	1
926	32	1
926	33	1
926	34	0
926	35	1
926	36	1
926	37	1
926	38	1
926	39	1
926	40	1
927	1	1
927	2	0
927	3	1
927	4	0
927	5	0
927	6	0
927	7	1
927	8	1
927	9	0
927	10	1
927	11	1
927	12	1
927	13	1
927	14	0
927	15	0
927	16	1
927	17	0
927	18	1
927	19	1
927	20	0
927	21	1
927	22	1
927	23	0
927	24	0
927	25	0
927	26	1
927	27	1
927	28	0
927	29	0
927	30	1
927	31	0
927	32	1
927	33	1
927	34	1
927	35	1
927	36	0
927	37	1
927	38	0
927	39	0
927	40	0
928	1	1
928	2	0
928	3	1
928	4	0
928	5	0
928	6	0
928	7	1
928	8	0
928	9	1
928	10	1
928	11	1
928	12	1
928	13	1
928	14	1
928	15	0
928	16	0
928	17	0
928	18	1
928	19	1
928	20	0
928	21	1
928	22	1
928	23	1
928	24	0
928	25	0
928	26	1
928	27	1
928	28	1
928	29	1
928	30	1
928	31	1
928	32	1
928	33	1
928	34	0
928	35	0
928	36	0
928	37	1
928	38	0
928	39	1
928	40	0
929	1	1
929	2	1
929	3	1
929	4	1
929	5	1
929	6	1
929	7	1
929	8	1
929	9	0
929	10	1
929	11	0
929	12	0
929	13	1
929	14	1
929	15	1
929	16	1
929	17	1
929	18	1
929	19	1
929	20	1
929	21	1
929	22	1
929	23	1
929	24	1
929	25	1
929	26	1
929	27	1
929	28	1
929	29	1
929	30	0
929	31	1
929	32	1
929	33	1
929	34	0
929	35	1
929	36	1
929	37	1
929	38	1
929	39	1
929	40	1
930	1	0
930	2	1
930	3	1
930	4	0
930	5	0
930	6	0
930	7	1
930	8	1
930	9	0
930	10	1
930	11	0
930	12	0
930	13	1
930	14	1
930	15	0
930	16	1
930	17	0
930	18	1
930	19	0
930	20	0
930	21	1
930	22	1
930	23	0
930	24	1
930	25	0
930	26	1
930	27	1
930	28	1
930	29	1
930	30	0
930	31	1
930	32	0
930	33	1
930	34	0
930	35	1
930	36	0
930	37	1
930	38	0
930	39	1
930	40	0
931	1	1
931	2	1
931	3	0
931	4	0
931	5	0
931	6	0
931	7	1
931	8	1
931	9	1
931	10	1
931	11	1
931	12	1
931	13	0
931	14	0
931	15	0
931	16	1
931	17	0
931	18	0
931	19	1
931	20	0
931	21	1
931	22	1
931	23	1
931	24	1
931	25	0
931	26	1
931	27	0
931	28	1
931	29	1
931	30	1
931	31	1
931	32	1
931	33	0
931	34	1
931	35	1
931	36	0
931	37	1
931	38	0
931	39	1
931	40	1
932	1	1
932	2	1
932	3	1
932	4	0
932	5	0
932	6	0
932	7	1
932	8	1
932	9	1
932	10	1
932	11	1
932	12	1
932	13	1
932	14	1
932	15	0
932	16	1
932	17	0
932	18	1
932	19	1
932	20	0
932	21	1
932	22	1
932	23	1
932	24	1
932	25	0
932	26	1
932	27	1
932	28	1
932	29	1
932	30	1
932	31	1
932	32	1
932	33	1
932	34	1
932	35	1
932	36	0
932	37	1
932	38	0
932	39	1
932	40	1
933	1	1
933	2	1
933	3	1
933	4	1
933	5	1
933	6	1
933	7	1
933	8	1
933	9	1
933	10	0
933	11	1
933	12	1
933	13	1
933	14	1
933	15	1
933	16	1
933	17	1
933	18	1
933	19	1
933	20	1
933	21	0
933	22	0
933	23	1
933	24	1
933	25	1
933	26	1
933	27	1
933	28	1
933	29	0
933	30	1
933	31	0
933	32	1
933	33	1
933	34	1
933	35	1
933	36	1
933	37	0
933	38	1
933	39	1
933	40	1
934	1	0
934	2	1
934	3	1
934	4	0
934	5	0
934	6	0
934	7	1
934	8	1
934	9	0
934	10	1
934	11	0
934	12	0
934	13	1
934	14	1
934	15	0
934	16	1
934	17	0
934	18	1
934	19	0
934	20	0
934	21	1
934	22	1
934	23	0
934	24	1
934	25	0
934	26	1
934	27	1
934	28	1
934	29	1
934	30	0
934	31	1
934	32	0
934	33	1
934	34	0
934	35	1
934	36	0
934	37	1
934	38	0
934	39	1
934	40	0
935	1	0
935	2	0
935	3	1
935	4	0
935	5	0
935	6	0
935	7	1
935	8	0
935	9	0
935	10	1
935	11	0
935	12	0
935	13	1
935	14	1
935	15	0
935	16	0
935	17	0
935	18	1
935	19	0
935	20	0
935	21	1
935	22	1
935	23	0
935	24	0
935	25	0
935	26	1
935	27	1
935	28	1
935	29	1
935	30	0
935	31	1
935	32	0
935	33	1
935	34	0
935	35	0
935	36	0
935	37	1
935	38	0
935	39	1
935	40	0
936	1	0
936	2	0
936	3	0
936	4	0
936	5	0
936	6	0
936	7	1
936	8	0
936	9	0
936	10	1
936	11	0
936	12	1
936	13	0
936	14	0
936	15	0
936	16	0
936	17	0
936	18	0
936	19	1
936	20	0
936	21	1
936	22	1
936	23	0
936	24	0
936	25	0
936	26	1
936	27	0
936	28	0
936	29	1
936	30	0
936	31	0
936	32	1
936	33	1
936	34	0
936	35	0
936	36	0
936	37	0
936	38	0
936	39	0
936	40	0
937	1	1
937	2	1
937	3	1
937	4	1
937	5	1
937	6	1
937	7	1
937	8	1
937	9	0
937	10	1
937	11	0
937	12	0
937	13	1
937	14	1
937	15	1
937	16	1
937	17	1
937	18	1
937	19	1
937	20	1
937	21	1
937	22	1
937	23	1
937	24	1
937	25	1
937	26	1
937	27	1
937	28	1
937	29	1
937	30	0
937	31	1
937	32	1
937	33	1
937	34	0
937	35	1
937	36	1
937	37	1
937	38	1
937	39	1
937	40	1
938	1	1
938	2	1
938	3	0
938	4	0
938	5	0
938	6	0
938	7	1
938	8	1
938	9	1
938	10	1
938	11	1
938	12	1
938	13	0
938	14	0
938	15	0
938	16	1
938	17	0
938	18	0
938	19	1
938	20	0
938	21	1
938	22	1
938	23	1
938	24	1
938	25	0
938	26	1
938	27	0
938	28	1
938	29	1
938	30	1
938	31	1
938	32	1
938	33	0
938	34	1
938	35	1
938	36	0
938	37	1
938	38	0
938	39	1
938	40	1
939	1	1
939	2	1
939	3	0
939	4	0
939	5	0
939	6	0
939	7	1
939	8	1
939	9	1
939	10	1
939	11	1
939	12	1
939	13	0
939	14	0
939	15	0
939	16	1
939	17	0
939	18	0
939	19	1
939	20	0
939	21	1
939	22	1
939	23	1
939	24	1
939	25	0
939	26	1
939	27	0
939	28	1
939	29	1
939	30	1
939	31	1
939	32	1
939	33	0
939	34	1
939	35	1
939	36	0
939	37	1
939	38	0
939	39	1
939	40	1
940	1	1
940	2	1
940	3	0
940	4	0
940	5	0
940	6	0
940	7	1
940	8	1
940	9	1
940	10	1
940	11	1
940	12	1
940	13	0
940	14	0
940	15	0
940	16	1
940	17	0
940	18	0
940	19	1
940	20	0
940	21	1
940	22	1
940	23	1
940	24	1
940	25	0
940	26	1
940	27	0
940	28	1
940	29	1
940	30	1
940	31	1
940	32	1
940	33	0
940	34	1
940	35	1
940	36	0
940	37	1
940	38	0
940	39	1
940	40	1
941	1	1
941	2	1
941	3	1
941	4	1
941	5	1
941	6	1
941	7	1
941	8	1
941	9	0
941	10	1
941	11	0
941	12	0
941	13	1
941	14	1
941	15	1
941	16	1
941	17	1
941	18	1
941	19	1
941	20	1
941	21	1
941	22	1
941	23	1
941	24	1
941	25	1
941	26	1
941	27	1
941	28	1
941	29	1
941	30	0
941	31	1
941	32	1
941	33	1
941	34	0
941	35	1
941	36	1
941	37	1
941	38	1
941	39	1
941	40	1
942	1	1
942	2	1
942	3	1
942	4	0
942	5	0
942	6	0
942	7	1
942	8	1
942	9	1
942	10	1
942	11	1
942	12	1
942	13	1
942	14	1
942	15	0
942	16	1
942	17	0
942	18	1
942	19	1
942	20	0
942	21	1
942	22	1
942	23	1
942	24	1
942	25	0
942	26	1
942	27	1
942	28	1
942	29	1
942	30	1
942	31	1
942	32	1
942	33	1
942	34	1
942	35	1
942	36	0
942	37	1
942	38	0
942	39	1
942	40	1
943	1	0
943	2	1
943	3	0
943	4	0
943	5	0
943	6	0
943	7	1
943	8	1
943	9	1
943	10	1
943	11	1
943	12	1
943	13	0
943	14	0
943	15	0
943	16	1
943	17	0
943	18	0
943	19	0
943	20	0
943	21	1
943	22	1
943	23	0
943	24	1
943	25	0
943	26	1
943	27	0
943	28	1
943	29	1
943	30	1
943	31	1
943	32	0
943	33	0
943	34	1
943	35	1
943	36	0
943	37	1
943	38	0
943	39	1
943	40	0
944	1	1
944	2	1
944	3	0
944	4	0
944	5	0
944	6	0
944	7	1
944	8	1
944	9	1
944	10	1
944	11	1
944	12	1
944	13	0
944	14	0
944	15	0
944	16	1
944	17	0
944	18	0
944	19	1
944	20	0
944	21	1
944	22	1
944	23	1
944	24	1
944	25	0
944	26	1
944	27	0
944	28	1
944	29	1
944	30	1
944	31	1
944	32	1
944	33	0
944	34	1
944	35	1
944	36	0
944	37	1
944	38	0
944	39	1
944	40	1
945	1	1
945	2	1
945	3	1
945	4	1
945	5	1
945	6	1
945	7	1
945	8	1
945	9	0
945	10	1
945	11	0
945	12	0
945	13	0
945	14	0
945	15	1
945	16	0
945	17	1
945	18	0
945	19	1
945	20	1
945	21	1
945	22	1
945	23	1
945	24	0
945	25	1
945	26	1
945	27	0
945	28	0
945	29	1
945	30	0
945	31	0
945	32	1
945	33	1
945	34	0
945	35	0
945	36	1
945	37	0
945	38	1
945	39	1
945	40	0
946	1	1
946	2	0
946	3	1
946	4	1
946	5	0
946	6	0
946	7	1
946	8	1
946	9	0
946	10	1
946	11	0
946	12	0
946	13	1
946	14	0
946	15	0
946	16	1
946	17	1
946	18	1
946	19	1
946	20	1
946	21	1
946	22	1
946	23	0
946	24	0
946	25	1
946	26	1
946	27	1
946	28	0
946	29	0
946	30	0
946	31	0
946	32	1
946	33	1
946	34	0
946	35	1
946	36	1
946	37	1
946	38	1
946	39	0
946	40	0
947	1	1
947	2	0
947	3	1
947	4	0
947	5	0
947	6	0
947	7	0
947	8	0
947	9	0
947	10	1
947	11	0
947	12	0
947	13	1
947	14	1
947	15	0
947	16	0
947	17	0
947	18	1
947	19	1
947	20	0
947	21	1
947	22	1
947	23	1
947	24	0
947	25	0
947	26	0
947	27	1
947	28	0
947	29	1
947	30	0
947	31	1
947	32	1
947	33	1
947	34	0
947	35	0
947	36	0
947	37	1
947	38	0
947	39	0
947	40	1
948	1	0
948	2	1
948	3	1
948	4	0
948	5	0
948	6	0
948	7	1
948	8	1
948	9	0
948	10	1
948	11	0
948	12	0
948	13	1
948	14	1
948	15	0
948	16	1
948	17	0
948	18	1
948	19	0
948	20	0
948	21	1
948	22	1
948	23	0
948	24	1
948	25	0
948	26	1
948	27	1
948	28	1
948	29	1
948	30	0
948	31	1
948	32	0
948	33	1
948	34	0
948	35	1
948	36	0
948	37	1
948	38	0
948	39	1
948	40	0
949	1	1
949	2	1
949	3	1
949	4	1
949	5	1
949	6	1
949	7	1
949	8	1
949	9	0
949	10	1
949	11	0
949	12	0
949	13	1
949	14	1
949	15	1
949	16	1
949	17	1
949	18	1
949	19	1
949	20	1
949	21	1
949	22	1
949	23	1
949	24	1
949	25	1
949	26	1
949	27	1
949	28	1
949	29	1
949	30	0
949	31	1
949	32	1
949	33	1
949	34	0
949	35	1
949	36	1
949	37	1
949	38	1
949	39	1
949	40	1
950	1	1
950	2	1
950	3	0
950	4	0
950	5	0
950	6	0
950	7	1
950	8	1
950	9	1
950	10	1
950	11	1
950	12	1
950	13	0
950	14	0
950	15	0
950	16	1
950	17	0
950	18	0
950	19	1
950	20	0
950	21	1
950	22	1
950	23	1
950	24	1
950	25	0
950	26	1
950	27	0
950	28	1
950	29	1
950	30	1
950	31	1
950	32	1
950	33	0
950	34	1
950	35	1
950	36	0
950	37	1
950	38	0
950	39	1
950	40	1
951	1	1
951	2	0
951	3	1
951	4	0
951	5	0
951	6	0
951	7	0
951	8	0
951	9	0
951	10	1
951	11	0
951	12	0
951	13	1
951	14	1
951	15	0
951	16	0
951	17	0
951	18	1
951	19	1
951	20	0
951	21	1
951	22	1
951	23	1
951	24	0
951	25	0
951	26	0
951	27	1
951	28	0
951	29	1
951	30	0
951	31	1
951	32	1
951	33	1
951	34	0
951	35	0
951	36	0
951	37	1
951	38	0
951	39	0
951	40	1
952	1	1
952	2	0
952	3	1
952	4	0
952	5	0
952	6	0
952	7	1
952	8	1
952	9	0
952	10	1
952	11	1
952	12	1
952	13	1
952	14	0
952	15	0
952	16	1
952	17	0
952	18	1
952	19	1
952	20	0
952	21	1
952	22	1
952	23	0
952	24	0
952	25	0
952	26	1
952	27	1
952	28	0
952	29	0
952	30	1
952	31	0
952	32	1
952	33	1
952	34	1
952	35	1
952	36	0
952	37	1
952	38	0
952	39	0
952	40	0
953	1	0
953	2	1
953	3	1
953	4	0
953	5	0
953	6	0
953	7	0
953	8	1
953	9	1
953	10	0
953	11	1
953	12	1
953	13	0
953	14	0
953	15	0
953	16	1
953	17	0
953	18	0
953	19	0
953	20	0
953	21	1
953	22	1
953	23	0
953	24	1
953	25	0
953	26	1
953	27	1
953	28	1
953	29	1
953	30	1
953	31	1
953	32	1
953	33	0
953	34	0
953	35	1
953	36	0
953	37	1
953	38	0
953	39	1
953	40	1
954	1	1
954	2	1
954	3	1
954	4	1
954	5	1
954	6	1
954	7	1
954	8	1
954	9	0
954	10	1
954	11	0
954	12	0
954	13	1
954	14	1
954	15	1
954	16	1
954	17	1
954	18	1
954	19	1
954	20	1
954	21	1
954	22	1
954	23	1
954	24	1
954	25	1
954	26	1
954	27	1
954	28	1
954	29	1
954	30	0
954	31	1
954	32	1
954	33	1
954	34	0
954	35	1
954	36	1
954	37	1
954	38	1
954	39	1
954	40	1
955	1	1
955	2	1
955	3	1
955	4	1
955	5	1
955	6	1
955	7	1
955	8	1
955	9	0
955	10	1
955	11	0
955	12	0
955	13	1
955	14	1
955	15	1
955	16	1
955	17	1
955	18	1
955	19	1
955	20	1
955	21	1
955	22	1
955	23	1
955	24	1
955	25	1
955	26	1
955	27	1
955	28	1
955	29	1
955	30	0
955	31	1
955	32	1
955	33	1
955	34	0
955	35	1
955	36	1
955	37	1
955	38	1
955	39	1
955	40	1
956	1	1
956	2	0
956	3	1
956	4	0
956	5	0
956	6	0
956	7	0
956	8	0
956	9	0
956	10	1
956	11	0
956	12	0
956	13	1
956	14	1
956	15	0
956	16	0
956	17	0
956	18	1
956	19	1
956	20	0
956	21	1
956	22	1
956	23	1
956	24	0
956	25	0
956	26	0
956	27	1
956	28	0
956	29	1
956	30	0
956	31	1
956	32	1
956	33	1
956	34	0
956	35	0
956	36	0
956	37	1
956	38	0
956	39	0
956	40	1
957	1	1
957	2	1
957	3	0
957	4	0
957	5	0
957	6	0
957	7	1
957	8	1
957	9	1
957	10	1
957	11	1
957	12	1
957	13	0
957	14	0
957	15	0
957	16	1
957	17	0
957	18	0
957	19	1
957	20	0
957	21	1
957	22	1
957	23	1
957	24	1
957	25	0
957	26	1
957	27	0
957	28	1
957	29	1
957	30	1
957	31	1
957	32	1
957	33	0
957	34	1
957	35	1
957	36	0
957	37	1
957	38	0
957	39	1
957	40	1
958	1	1
958	2	1
958	3	1
958	4	0
958	5	0
958	6	0
958	7	1
958	8	1
958	9	1
958	10	1
958	11	1
958	12	1
958	13	1
958	14	1
958	15	0
958	16	1
958	17	0
958	18	1
958	19	1
958	20	0
958	21	1
958	22	1
958	23	1
958	24	1
958	25	0
958	26	1
958	27	1
958	28	1
958	29	1
958	30	1
958	31	1
958	32	1
958	33	1
958	34	1
958	35	1
958	36	0
958	37	1
958	38	0
958	39	1
958	40	1
959	1	0
959	2	1
959	3	0
959	4	0
959	5	0
959	6	0
959	7	1
959	8	1
959	9	1
959	10	1
959	11	1
959	12	1
959	13	0
959	14	0
959	15	0
959	16	1
959	17	0
959	18	0
959	19	0
959	20	0
959	21	1
959	22	1
959	23	0
959	24	1
959	25	0
959	26	1
959	27	0
959	28	1
959	29	1
959	30	1
959	31	1
959	32	0
959	33	0
959	34	1
959	35	1
959	36	0
959	37	1
959	38	0
959	39	1
959	40	0
960	1	0
960	2	1
960	3	1
960	4	0
960	5	0
960	6	0
960	7	1
960	8	1
960	9	0
960	10	1
960	11	0
960	12	0
960	13	1
960	14	1
960	15	0
960	16	1
960	17	0
960	18	1
960	19	0
960	20	0
960	21	1
960	22	1
960	23	0
960	24	1
960	25	0
960	26	1
960	27	1
960	28	1
960	29	1
960	30	0
960	31	1
960	32	0
960	33	1
960	34	0
960	35	1
960	36	0
960	37	1
960	38	0
960	39	1
960	40	0
961	1	1
961	2	1
961	3	1
961	4	1
961	5	1
961	6	1
961	7	1
961	8	1
961	9	0
961	10	1
961	11	0
961	12	0
961	13	1
961	14	1
961	15	1
961	16	1
961	17	1
961	18	1
961	19	1
961	20	1
961	21	1
961	22	1
961	23	1
961	24	1
961	25	1
961	26	1
961	27	1
961	28	1
961	29	1
961	30	0
961	31	1
961	32	1
961	33	1
961	34	0
961	35	1
961	36	1
961	37	1
961	38	1
961	39	1
961	40	1
962	1	1
962	2	1
962	3	1
962	4	0
962	5	0
962	6	0
962	7	1
962	8	1
962	9	1
962	10	1
962	11	1
962	12	1
962	13	1
962	14	1
962	15	0
962	16	1
962	17	0
962	18	1
962	19	1
962	20	0
962	21	1
962	22	1
962	23	1
962	24	1
962	25	0
962	26	1
962	27	1
962	28	1
962	29	1
962	30	1
962	31	1
962	32	1
962	33	1
962	34	1
962	35	1
962	36	0
962	37	1
962	38	0
962	39	1
962	40	1
963	1	1
963	2	1
963	3	1
963	4	0
963	5	0
963	6	0
963	7	1
963	8	1
963	9	1
963	10	1
963	11	1
963	12	1
963	13	1
963	14	1
963	15	0
963	16	1
963	17	0
963	18	1
963	19	1
963	20	0
963	21	1
963	22	1
963	23	1
963	24	1
963	25	0
963	26	1
963	27	1
963	28	1
963	29	1
963	30	1
963	31	1
963	32	1
963	33	1
963	34	1
963	35	1
963	36	0
963	37	1
963	38	0
963	39	1
963	40	1
964	1	1
964	2	1
964	3	1
964	4	0
964	5	0
964	6	0
964	7	1
964	8	1
964	9	1
964	10	1
964	11	1
964	12	1
964	13	1
964	14	1
964	15	0
964	16	1
964	17	0
964	18	1
964	19	1
964	20	0
964	21	1
964	22	1
964	23	1
964	24	1
964	25	0
964	26	1
964	27	1
964	28	1
964	29	1
964	30	1
964	31	1
964	32	1
964	33	1
964	34	1
964	35	1
964	36	0
964	37	1
964	38	0
964	39	1
964	40	1
965	1	1
965	2	0
965	3	1
965	4	0
965	5	0
965	6	0
965	7	1
965	8	0
965	9	0
965	10	1
965	11	1
965	12	1
965	13	1
965	14	0
965	15	0
965	16	0
965	17	0
965	18	1
965	19	1
965	20	0
965	21	1
965	22	1
965	23	0
965	24	0
965	25	0
965	26	1
965	27	1
965	28	0
965	29	0
965	30	1
965	31	0
965	32	1
965	33	1
965	34	0
965	35	0
965	36	0
965	37	1
965	38	0
965	39	0
965	40	0
966	1	1
966	2	1
966	3	1
966	4	1
966	5	1
966	6	1
966	7	1
966	8	1
966	9	1
966	10	0
966	11	1
966	12	1
966	13	1
966	14	1
966	15	1
966	16	1
966	17	1
966	18	1
966	19	1
966	20	1
966	21	0
966	22	0
966	23	1
966	24	1
966	25	1
966	26	1
966	27	1
966	28	1
966	29	0
966	30	1
966	31	0
966	32	1
966	33	1
966	34	1
966	35	1
966	36	1
966	37	0
966	38	1
966	39	1
966	40	1
967	1	1
967	2	1
967	3	1
967	4	0
967	5	0
967	6	0
967	7	1
967	8	1
967	9	1
967	10	1
967	11	1
967	12	1
967	13	1
967	14	1
967	15	0
967	16	1
967	17	0
967	18	1
967	19	1
967	20	0
967	21	1
967	22	1
967	23	1
967	24	1
967	25	0
967	26	1
967	27	1
967	28	1
967	29	1
967	30	1
967	31	1
967	32	1
967	33	1
967	34	1
967	35	1
967	36	0
967	37	1
967	38	0
967	39	1
967	40	1
968	1	1
968	2	1
968	3	1
968	4	1
968	5	1
968	6	1
968	7	1
968	8	1
968	9	0
968	10	1
968	11	0
968	12	0
968	13	1
968	14	1
968	15	1
968	16	1
968	17	1
968	18	1
968	19	1
968	20	1
968	21	1
968	22	1
968	23	1
968	24	1
968	25	1
968	26	1
968	27	1
968	28	1
968	29	1
968	30	0
968	31	1
968	32	1
968	33	1
968	34	0
968	35	1
968	36	1
968	37	1
968	38	1
968	39	1
968	40	1
969	1	1
969	2	1
969	3	1
969	4	1
969	5	1
969	6	1
969	7	1
969	8	1
969	9	1
969	10	0
969	11	1
969	12	1
969	13	1
969	14	1
969	15	1
969	16	1
969	17	1
969	18	1
969	19	1
969	20	1
969	21	0
969	22	0
969	23	1
969	24	1
969	25	1
969	26	1
969	27	1
969	28	1
969	29	0
969	30	1
969	31	0
969	32	1
969	33	1
969	34	1
969	35	1
969	36	1
969	37	0
969	38	1
969	39	1
969	40	1
970	1	0
970	2	1
970	3	1
970	4	0
970	5	0
970	6	0
970	7	0
970	8	1
970	9	1
970	10	0
970	11	1
970	12	1
970	13	0
970	14	0
970	15	0
970	16	1
970	17	0
970	18	0
970	19	0
970	20	0
970	21	1
970	22	1
970	23	0
970	24	1
970	25	0
970	26	1
970	27	1
970	28	1
970	29	1
970	30	1
970	31	1
970	32	1
970	33	0
970	34	0
970	35	1
970	36	0
970	37	1
970	38	0
970	39	1
970	40	1
971	1	0
971	2	0
971	3	1
971	4	0
971	5	0
971	6	0
971	7	0
971	8	0
971	9	0
971	10	0
971	11	0
971	12	0
971	13	0
971	14	0
971	15	0
971	16	0
971	17	0
971	18	0
971	19	0
971	20	0
971	21	1
971	22	1
971	23	0
971	24	0
971	25	0
971	26	0
971	27	0
971	28	0
971	29	1
971	30	0
971	31	0
971	32	1
971	33	0
971	34	0
971	35	0
971	36	0
971	37	0
971	38	0
971	39	0
971	40	0
972	1	1
972	2	0
972	3	1
972	4	0
972	5	0
972	6	0
972	7	1
972	8	0
972	9	1
972	10	1
972	11	1
972	12	1
972	13	1
972	14	1
972	15	0
972	16	0
972	17	0
972	18	1
972	19	1
972	20	0
972	21	1
972	22	1
972	23	1
972	24	0
972	25	0
972	26	1
972	27	1
972	28	1
972	29	1
972	30	1
972	31	1
972	32	1
972	33	1
972	34	0
972	35	0
972	36	0
972	37	1
972	38	0
972	39	1
972	40	0
973	1	1
973	2	1
973	3	1
973	4	1
973	5	1
973	6	1
973	7	1
973	8	1
973	9	0
973	10	1
973	11	0
973	12	0
973	13	1
973	14	1
973	15	1
973	16	1
973	17	1
973	18	1
973	19	1
973	20	1
973	21	1
973	22	1
973	23	1
973	24	1
973	25	1
973	26	1
973	27	1
973	28	1
973	29	1
973	30	0
973	31	1
973	32	1
973	33	1
973	34	0
973	35	1
973	36	1
973	37	1
973	38	1
973	39	1
973	40	1
974	1	1
974	2	1
974	3	1
974	4	0
974	5	0
974	6	0
974	7	1
974	8	1
974	9	1
974	10	1
974	11	1
974	12	1
974	13	1
974	14	1
974	15	0
974	16	1
974	17	0
974	18	1
974	19	1
974	20	0
974	21	1
974	22	1
974	23	1
974	24	1
974	25	0
974	26	1
974	27	1
974	28	1
974	29	1
974	30	1
974	31	1
974	32	1
974	33	1
974	34	1
974	35	1
974	36	0
974	37	1
974	38	0
974	39	1
974	40	1
975	1	1
975	2	1
975	3	0
975	4	0
975	5	0
975	6	0
975	7	1
975	8	1
975	9	1
975	10	1
975	11	1
975	12	1
975	13	0
975	14	0
975	15	0
975	16	1
975	17	0
975	18	0
975	19	1
975	20	0
975	21	1
975	22	1
975	23	1
975	24	1
975	25	0
975	26	1
975	27	0
975	28	1
975	29	1
975	30	1
975	31	1
975	32	1
975	33	0
975	34	1
975	35	1
975	36	0
975	37	1
975	38	0
975	39	1
975	40	1
976	1	1
976	2	1
976	3	1
976	4	1
976	5	1
976	6	1
976	7	1
976	8	1
976	9	0
976	10	1
976	11	0
976	12	0
976	13	1
976	14	1
976	15	1
976	16	1
976	17	1
976	18	1
976	19	1
976	20	1
976	21	1
976	22	1
976	23	1
976	24	1
976	25	1
976	26	1
976	27	1
976	28	1
976	29	1
976	30	0
976	31	1
976	32	1
976	33	1
976	34	0
976	35	1
976	36	1
976	37	1
976	38	1
976	39	1
976	40	1
977	1	1
977	2	1
977	3	1
977	4	0
977	5	0
977	6	0
977	7	1
977	8	1
977	9	1
977	10	1
977	11	1
977	12	1
977	13	1
977	14	1
977	15	0
977	16	1
977	17	0
977	18	1
977	19	1
977	20	0
977	21	1
977	22	1
977	23	1
977	24	1
977	25	0
977	26	1
977	27	1
977	28	1
977	29	1
977	30	1
977	31	1
977	32	1
977	33	1
977	34	1
977	35	1
977	36	0
977	37	1
977	38	0
977	39	1
977	40	1
978	1	1
978	2	0
978	3	1
978	4	0
978	5	0
978	6	0
978	7	0
978	8	0
978	9	0
978	10	1
978	11	0
978	12	0
978	13	1
978	14	1
978	15	0
978	16	0
978	17	0
978	18	1
978	19	1
978	20	0
978	21	1
978	22	1
978	23	1
978	24	0
978	25	0
978	26	0
978	27	1
978	28	0
978	29	1
978	30	0
978	31	1
978	32	1
978	33	1
978	34	0
978	35	0
978	36	0
978	37	1
978	38	0
978	39	0
978	40	1
979	1	1
979	2	0
979	3	0
979	4	0
979	5	0
979	6	0
979	7	1
979	8	1
979	9	0
979	10	1
979	11	1
979	12	1
979	13	0
979	14	0
979	15	0
979	16	1
979	17	0
979	18	0
979	19	1
979	20	0
979	21	1
979	22	1
979	23	0
979	24	0
979	25	0
979	26	1
979	27	0
979	28	0
979	29	0
979	30	1
979	31	0
979	32	1
979	33	0
979	34	1
979	35	1
979	36	0
979	37	1
979	38	0
979	39	0
979	40	0
980	1	1
980	2	1
980	3	0
980	4	0
980	5	0
980	6	0
980	7	1
980	8	1
980	9	1
980	10	1
980	11	1
980	12	1
980	13	0
980	14	0
980	15	0
980	16	1
980	17	0
980	18	0
980	19	1
980	20	0
980	21	1
980	22	1
980	23	1
980	24	1
980	25	0
980	26	1
980	27	0
980	28	1
980	29	1
980	30	1
980	31	1
980	32	1
980	33	0
980	34	1
980	35	1
980	36	0
980	37	1
980	38	0
980	39	1
980	40	1
981	1	0
981	2	1
981	3	1
981	4	0
981	5	0
981	6	0
981	7	1
981	8	1
981	9	0
981	10	1
981	11	0
981	12	0
981	13	1
981	14	1
981	15	0
981	16	1
981	17	0
981	18	1
981	19	0
981	20	0
981	21	1
981	22	1
981	23	0
981	24	1
981	25	0
981	26	1
981	27	1
981	28	1
981	29	1
981	30	0
981	31	1
981	32	0
981	33	1
981	34	0
981	35	1
981	36	0
981	37	1
981	38	0
981	39	1
981	40	0
982	1	1
982	2	1
982	3	1
982	4	0
982	5	0
982	6	0
982	7	1
982	8	1
982	9	1
982	10	1
982	11	1
982	12	1
982	13	1
982	14	1
982	15	0
982	16	1
982	17	0
982	18	1
982	19	1
982	20	0
982	21	1
982	22	1
982	23	1
982	24	1
982	25	0
982	26	1
982	27	1
982	28	1
982	29	1
982	30	1
982	31	1
982	32	1
982	33	1
982	34	1
982	35	1
982	36	0
982	37	1
982	38	0
982	39	1
982	40	1
983	1	0
983	2	1
983	3	0
983	4	0
983	5	0
983	6	0
983	7	1
983	8	1
983	9	0
983	10	1
983	11	0
983	12	1
983	13	0
983	14	0
983	15	0
983	16	1
983	17	0
983	18	0
983	19	0
983	20	0
983	21	1
983	22	1
983	23	0
983	24	1
983	25	0
983	26	1
983	27	0
983	28	0
983	29	1
983	30	0
983	31	1
983	32	0
983	33	0
983	34	1
983	35	1
983	36	0
983	37	1
983	38	0
983	39	0
983	40	0
984	1	0
984	2	1
984	3	1
984	4	0
984	5	0
984	6	0
984	7	1
984	8	1
984	9	0
984	10	1
984	11	0
984	12	0
984	13	1
984	14	1
984	15	0
984	16	1
984	17	0
984	18	1
984	19	0
984	20	0
984	21	1
984	22	1
984	23	0
984	24	1
984	25	0
984	26	1
984	27	1
984	28	1
984	29	1
984	30	0
984	31	1
984	32	0
984	33	1
984	34	0
984	35	1
984	36	0
984	37	1
984	38	0
984	39	1
984	40	0
985	1	1
985	2	0
985	3	1
985	4	0
985	5	0
985	6	0
985	7	1
985	8	0
985	9	1
985	10	1
985	11	1
985	12	1
985	13	1
985	14	1
985	15	0
985	16	0
985	17	0
985	18	1
985	19	1
985	20	0
985	21	1
985	22	1
985	23	1
985	24	0
985	25	0
985	26	1
985	27	1
985	28	1
985	29	1
985	30	1
985	31	1
985	32	1
985	33	1
985	34	0
985	35	0
985	36	0
985	37	1
985	38	0
985	39	1
985	40	0
986	1	0
986	2	1
986	3	0
986	4	0
986	5	0
986	6	0
986	7	1
986	8	1
986	9	1
986	10	1
986	11	1
986	12	1
986	13	0
986	14	0
986	15	0
986	16	1
986	17	0
986	18	0
986	19	0
986	20	0
986	21	1
986	22	1
986	23	0
986	24	1
986	25	0
986	26	1
986	27	0
986	28	1
986	29	1
986	30	1
986	31	1
986	32	0
986	33	0
986	34	1
986	35	1
986	36	0
986	37	1
986	38	0
986	39	1
986	40	0
987	1	1
987	2	1
987	3	1
987	4	0
987	5	0
987	6	0
987	7	1
987	8	1
987	9	1
987	10	1
987	11	1
987	12	1
987	13	1
987	14	1
987	15	0
987	16	1
987	17	0
987	18	1
987	19	1
987	20	0
987	21	1
987	22	1
987	23	1
987	24	1
987	25	0
987	26	1
987	27	1
987	28	1
987	29	1
987	30	1
987	31	1
987	32	1
987	33	1
987	34	1
987	35	1
987	36	0
987	37	1
987	38	0
987	39	1
987	40	1
988	1	1
988	2	1
988	3	1
988	4	0
988	5	0
988	6	0
988	7	1
988	8	1
988	9	1
988	10	1
988	11	1
988	12	1
988	13	1
988	14	1
988	15	0
988	16	1
988	17	0
988	18	1
988	19	1
988	20	0
988	21	1
988	22	1
988	23	1
988	24	1
988	25	0
988	26	1
988	27	1
988	28	1
988	29	1
988	30	1
988	31	1
988	32	1
988	33	1
988	34	1
988	35	1
988	36	0
988	37	1
988	38	0
988	39	1
988	40	1
989	1	1
989	2	1
989	3	1
989	4	0
989	5	0
989	6	0
989	7	1
989	8	1
989	9	1
989	10	1
989	11	1
989	12	1
989	13	1
989	14	1
989	15	0
989	16	1
989	17	0
989	18	1
989	19	1
989	20	0
989	21	1
989	22	1
989	23	1
989	24	1
989	25	0
989	26	1
989	27	1
989	28	1
989	29	1
989	30	1
989	31	1
989	32	1
989	33	1
989	34	1
989	35	1
989	36	0
989	37	1
989	38	0
989	39	1
989	40	1
990	1	0
990	2	1
990	3	0
990	4	0
990	5	0
990	6	0
990	7	1
990	8	1
990	9	1
990	10	1
990	11	1
990	12	1
990	13	0
990	14	0
990	15	0
990	16	1
990	17	0
990	18	0
990	19	0
990	20	0
990	21	1
990	22	1
990	23	0
990	24	1
990	25	0
990	26	1
990	27	0
990	28	1
990	29	1
990	30	1
990	31	1
990	32	0
990	33	0
990	34	1
990	35	1
990	36	0
990	37	1
990	38	0
990	39	1
990	40	0
991	1	1
991	2	1
991	3	0
991	4	0
991	5	0
991	6	0
991	7	1
991	8	1
991	9	1
991	10	1
991	11	1
991	12	1
991	13	0
991	14	0
991	15	0
991	16	1
991	17	0
991	18	0
991	19	1
991	20	0
991	21	1
991	22	1
991	23	1
991	24	1
991	25	0
991	26	1
991	27	0
991	28	1
991	29	1
991	30	1
991	31	1
991	32	1
991	33	0
991	34	1
991	35	1
991	36	0
991	37	1
991	38	0
991	39	1
991	40	1
992	1	0
992	2	1
992	3	0
992	4	0
992	5	0
992	6	0
992	7	1
992	8	1
992	9	1
992	10	1
992	11	1
992	12	1
992	13	0
992	14	0
992	15	0
992	16	1
992	17	0
992	18	0
992	19	0
992	20	0
992	21	1
992	22	1
992	23	0
992	24	1
992	25	0
992	26	1
992	27	0
992	28	1
992	29	1
992	30	1
992	31	1
992	32	0
992	33	0
992	34	1
992	35	1
992	36	0
992	37	1
992	38	0
992	39	1
992	40	0
993	1	1
993	2	1
993	3	1
993	4	1
993	5	1
993	6	1
993	7	1
993	8	1
993	9	1
993	10	0
993	11	1
993	12	1
993	13	1
993	14	1
993	15	1
993	16	1
993	17	1
993	18	1
993	19	1
993	20	1
993	21	0
993	22	0
993	23	1
993	24	1
993	25	1
993	26	1
993	27	1
993	28	1
993	29	0
993	30	1
993	31	0
993	32	1
993	33	1
993	34	1
993	35	1
993	36	1
993	37	0
993	38	1
993	39	1
993	40	1
994	1	1
994	2	1
994	3	1
994	4	1
994	5	1
994	6	1
994	7	1
994	8	1
994	9	0
994	10	1
994	11	0
994	12	0
994	13	1
994	14	1
994	15	1
994	16	1
994	17	1
994	18	1
994	19	1
994	20	1
994	21	1
994	22	1
994	23	1
994	24	1
994	25	1
994	26	1
994	27	1
994	28	1
994	29	1
994	30	0
994	31	1
994	32	1
994	33	1
994	34	0
994	35	1
994	36	1
994	37	1
994	38	1
994	39	1
994	40	1
995	1	1
995	2	0
995	3	1
995	4	0
995	5	0
995	6	0
995	7	1
995	8	1
995	9	0
995	10	1
995	11	1
995	12	1
995	13	1
995	14	0
995	15	0
995	16	1
995	17	0
995	18	1
995	19	1
995	20	0
995	21	1
995	22	1
995	23	0
995	24	0
995	25	0
995	26	1
995	27	1
995	28	0
995	29	0
995	30	1
995	31	0
995	32	1
995	33	1
995	34	1
995	35	1
995	36	0
995	37	1
995	38	0
995	39	0
995	40	0
996	1	1
996	2	1
996	3	1
996	4	0
996	5	0
996	6	0
996	7	1
996	8	1
996	9	1
996	10	1
996	11	1
996	12	1
996	13	1
996	14	1
996	15	0
996	16	1
996	17	0
996	18	1
996	19	1
996	20	0
996	21	1
996	22	1
996	23	1
996	24	1
996	25	0
996	26	1
996	27	1
996	28	1
996	29	1
996	30	1
996	31	1
996	32	1
996	33	1
996	34	1
996	35	1
996	36	0
996	37	1
996	38	0
996	39	1
996	40	1
997	1	1
997	2	0
997	3	1
997	4	0
997	5	0
997	6	0
997	7	0
997	8	0
997	9	0
997	10	1
997	11	0
997	12	0
997	13	0
997	14	0
997	15	0
997	16	0
997	17	0
997	18	0
997	19	1
997	20	0
997	21	1
997	22	1
997	23	1
997	24	0
997	25	0
997	26	0
997	27	0
997	28	0
997	29	1
997	30	0
997	31	0
997	32	1
997	33	1
997	34	0
997	35	0
997	36	0
997	37	0
997	38	0
997	39	0
997	40	0
998	1	1
998	2	1
998	3	1
998	4	1
998	5	1
998	6	1
998	7	1
998	8	1
998	9	1
998	10	0
998	11	1
998	12	1
998	13	1
998	14	1
998	15	1
998	16	1
998	17	1
998	18	1
998	19	1
998	20	1
998	21	0
998	22	0
998	23	1
998	24	1
998	25	1
998	26	1
998	27	1
998	28	1
998	29	0
998	30	1
998	31	0
998	32	1
998	33	1
998	34	1
998	35	1
998	36	1
998	37	0
998	38	1
998	39	1
998	40	1
999	1	1
999	2	1
999	3	1
999	4	1
999	5	1
999	6	1
999	7	1
999	8	1
999	9	0
999	10	1
999	11	0
999	12	0
999	13	1
999	14	1
999	15	1
999	16	1
999	17	1
999	18	1
999	19	1
999	20	1
999	21	1
999	22	1
999	23	1
999	24	1
999	25	1
999	26	1
999	27	1
999	28	1
999	29	1
999	30	0
999	31	1
999	32	1
999	33	1
999	34	0
999	35	1
999	36	1
999	37	1
999	38	1
999	39	1
999	40	1
1000	1	0
1000	2	1
1000	3	0
1000	4	0
1000	5	0
1000	6	0
1000	7	0
1000	8	1
1000	9	1
1000	10	0
1000	11	1
1000	12	1
1000	13	0
1000	14	0
1000	15	0
1000	16	1
1000	17	0
1000	18	0
1000	19	0
1000	20	0
1000	21	1
1000	22	1
1000	23	0
1000	24	1
1000	25	0
1000	26	1
1000	27	0
1000	28	1
1000	29	1
1000	30	1
1000	31	1
1000	32	1
1000	33	0
1000	34	0
1000	35	1
1000	36	0
1000	37	1
1000	38	0
1000	39	1
1000	40	1
