p	r	R_p
1	1	1
1	2	1
1	3	1
1	4	1
1	5	1
1	6	1
1	7	1
1	8	1
1	9	1
1	10	1
1	11	1
1	12	1
1	13	1
1	14	1
1	15	1
1	16	1
1	17	1
1	18	1
1	19	1
1	20	1
1	21	1
1	22	1
1	23	1
1	24	1
1	25	1
1	26	1
1	27	1
1	28	1
1	29	1
1	30	1
1	31	1
1	32	1
1	33	1
1	34	1
1	35	1
1	36	1
1	37	1
1	38	1
1	39	1
1	40	1
2	1	1
2	2	1
2	3	1
2	4	1
2	5	1
2	6	1
2	7	1
2	8	0
2	9	0
2	10	1
2	11	1
2	12	1
2	13	1
2	14	1
2	15	1
2	16	1
2	17	1
2	18	1
2	19	1
2	20	1
2	21	0
2	22	1
2	23	0
2	24	1
2	25	1
2	26	1
2	27	0
2	28	0
2	29	1
2	30	1
2	31	0
2	32	1
2	33	0
2	34	1
2	35	1
2	36	1
2	37	1
2	38	1
2	39	1
2	40	1
3	1	1
3	2	1
3	3	1
3	4	1
3	5	0
3	6	1
3	7	1
3	8	0
3	9	0
3	10	1
3	11	1
3	12	1
3	13	1
3	14	0
3	15	1
3	16	0
3	17	1
3	18	0
3	19	1
3	20	1
3	21	0
3	22	1
3	23	0
3	24	0
3	25	1
3	26	1
3	27	0
3	28	0
3	29	1
3	30	1
3	31	0
3	32	0
3	33	0
3	34	0
3	35	0
3	36	0
3	37	0
3	38	1
3	39	1
3	40	1
4	1	1
4	2	1
4	3	1
4	4	1
4	5	0
4	6	1
4	7	1
4	8	1
4	9	1
4	10	0
4	11	0
4	12	0
4	13	1
4	14	0
4	15	1
4	16	0
4	17	0
4	18	0
4	19	1
4	20	1
4	21	1
4	22	0
4	23	1
4	24	0
4	25	1
4	26	0
4	27	1
4	28	0
4	29	1
4	30	1
4	31	1
4	32	0
4	33	1
4	34	0
4	35	0
4	36	0
4	37	0
4	38	1
4	39	0
4	40	1
5	1	1
5	2	1
5	3	0
5	4	1
5	5	0
5	6	1
5	7	1
5	8	0
5	9	0
5	10	1
5	11	0
5	12	1
5	13	1
5	14	0
5	15	0
5	16	0
5	17	0
5	18	0
5	19	0
5	20	1
5	21	0
5	22	1
5	23	0
5	24	0
5	25	1
5	26	1
5	27	0
5	28	0
5	29	1
5	30	0
5	31	0
5	32	0
5	33	0
5	34	0
5	35	0
5	36	0
5	37	0
5	38	1
5	39	0
5	40	0
6	1	1
6	2	1
6	3	1
6	4	1
6	5	0
6	6	1
6	7	1
6	8	0
6	9	0
6	10	1
6	11	1
6	12	1
6	13	1
6	14	0
6	15	1
6	16	0
6	17	1
6	18	0
6	19	1
6	20	1
6	21	0
6	22	1
6	23	0
6	24	0
6	25	1
6	26	1
6	27	0
6	28	0
6	29	1
6	30	1
6	31	0
6	32	0
6	33	0
6	34	0
6	35	0
6	36	0
6	37	0
6	38	1
6	39	1
6	40	1
7	1	0
7	2	0
7	3	1
7	4	1
7	5	0
7	6	0
7	7	0
7	8	0
7	9	1
7	10	0
7	11	0
7	12	1
7	13	1
7	14	0
7	15	0
7	16	0
7	17	1
7	18	0
7	19	1
7	20	0
7	21	1
7	22	1
7	23	1
7	24	0
7	25	1
7	26	1
7	27	1
7	28	1
7	29	1
7	30	0
7	31	1
7	32	0
7	33	1
7	34	0
7	35	0
7	36	0
7	37	0
7	38	1
7	39	1
7	40	0
8	1	1
8	2	1
8	3	1
8	4	1
8	5	0
8	6	1
8	7	1
8	8	0
8	9	0
8	10	1
8	11	1
8	12	1
8	13	1
8	14	0
8	15	1
8	16	0
8	17	1
8	18	0
8	19	1
8	20	1
8	21	0
8	22	1
8	23	0
8	24	0
8	25	1
8	26	1
8	27	0
8	28	0
8	29	1
8	30	1
8	31	0
8	32	0
8	33	0
8	34	0
8	35	0
8	36	0
8	37	0
8	38	1
8	39	1
8	40	1
9	1	1
9	2	1
9	3	1
9	4	1
9	5	0
9	6	1
9	7	1
9	8	1
9	9	1
9	10	0
9	11	1
9	12	0
9	13	1
9	14	0
9	15	1
9	16	0
9	17	1
9	18	0
9	19	1
9	20	1
9	21	1
9	22	1
9	23	1
9	24	0
9	25	1
9	26	0
9	27	1
9	28	1
9	29	1
9	30	1
9	31	1
9	32	0
9	33	1
9	34	0
9	35	0
9	36	0
9	37	0
9	38	1
9	39	0
9	40	1
10	1	1
10	2	1
10	3	1
10	4	1
10	5	1
10	6	1
10	7	1
10	8	0
10	9	0
10	10	1
10	11	1
10	12	1
10	13	0
10	14	1
10	15	0
10	16	1
10	17	1
10	18	1
10	19	0
10	20	1
10	21	0
10	22	0
10	23	0
10	24	1
10	25	0
10	26	1
10	27	0
10	28	0
10	29	0
10	30	1
10	31	0
10	32	1
10	33	0
10	34	1
10	35	1
10	36	1
10	37	1
10	38	1
10	39	1
10	40	1
11	1	0
11	2	0
11	3	0
11	4	0
11	5	1
11	6	0
11	7	0
11	8	0
11	9	0
11	10	0
11	11	0
11	12	0
11	13	1
11	14	1
11	15	1
11	16	1
11	17	0
11	18	1
11	19	1
11	20	0
11	21	0
11	22	1
11	23	0
11	24	1
11	25	1
11	26	0
11	27	0
11	28	0
11	29	1
11	30	0
11	31	0
11	32	1
11	33	0
11	34	1
11	35	1
11	36	1
11	37	1
11	38	0
11	39	0
11	40	0
12	1	1
12	2	1
12	3	1
12	4	1
12	5	1
12	6	1
12	7	1
12	8	1
12	9	1
12	10	1
12	11	1
12	12	1
12	13	1
12	14	1
12	15	1
12	16	1
12	17	1
12	18	1
12	19	1
12	20	1
12	21	1
12	22	1
12	23	1
12	24	1
12	25	1
12	26	1
12	27	1
12	28	1
12	29	1
12	30	1
12	31	1
12	32	1
12	33	1
12	34	1
12	35	1
12	36	1
12	37	1
12	38	1
12	39	1
12	40	1
13	1	0
13	2	0
13	3	0
13	4	0
13	5	1
13	6	0
13	7	0
13	8	0
13	9	0
13	10	0
13	11	0
13	12	0
13	13	1
13	14	1
13	15	1
13	16	1
13	17	0
13	18	1
13	19	1
13	20	0
13	21	0
13	22	1
13	23	0
13	24	1
13	25	1
13	26	0
13	27	0
13	28	0
13	29	1
13	30	0
13	31	0
13	32	1
13	33	0
13	34	1
13	35	1
13	36	1
13	37	1
13	38	0
13	39	0
13	40	0
14	1	1
14	2	1
14	3	1
14	4	1
14	5	1
14	6	1
14	7	1
14	8	0
14	9	0
14	10	1
14	11	1
14	12	1
14	13	0
14	14	1
14	15	0
14	16	1
14	17	1
14	18	1
14	19	0
14	20	1
14	21	0
14	22	0
14	23	0
14	24	1
14	25	0
14	26	1
14	27	0
14	28	0
14	29	0
14	30	1
14	31	0
14	32	1
14	33	0
14	34	1
14	35	1
14	36	1
14	37	1
14	38	1
14	39	1
14	40	1
15	1	1
15	2	1
15	3	1
15	4	1
15	5	0
15	6	1
15	7	1
15	8	1
15	9	1
15	10	0
15	11	1
15	12	0
15	13	1
15	14	0
15	15	1
15	16	0
15	17	1
15	18	0
15	19	1
15	20	1
15	21	1
15	22	1
15	23	1
15	24	0
15	25	1
15	26	0
15	27	1
15	28	1
15	29	1
15	30	1
15	31	1
15	32	0
15	33	1
15	34	0
15	35	0
15	36	0
15	37	0
15	38	1
15	39	0
15	40	1
16	1	1
16	2	1
16	3	1
16	4	1
16	5	0
16	6	1
16	7	1
16	8	1
16	9	1
16	10	0
16	11	1
16	12	0
16	13	1
16	14	0
16	15	1
16	16	0
16	17	1
16	18	0
16	19	1
16	20	1
16	21	1
16	22	1
16	23	1
16	24	0
16	25	1
16	26	0
16	27	1
16	28	1
16	29	1
16	30	1
16	31	1
16	32	0
16	33	1
16	34	0
16	35	0
16	36	0
16	37	0
16	38	1
16	39	0
16	40	1
17	1	0
17	2	1
17	3	1
17	4	0
17	5	1
17	6	0
17	7	0
17	8	0
17	9	0
17	10	0
17	11	1
17	12	0
17	13	1
17	14	1
17	15	1
17	16	1
17	17	1
17	18	0
17	19	1
17	20	0
17	21	0
17	22	0
17	23	0
17	24	0
17	25	1
17	26	1
17	27	0
17	28	0
17	29	1
17	30	1
17	31	0
17	32	1
17	33	0
17	34	1
17	35	1
17	36	0
17	37	1
17	38	1
17	39	1
17	40	1
18	1	1
18	2	1
18	3	1
18	4	1
18	5	1
18	6	1
18	7	1
18	8	1
18	9	1
18	10	1
18	11	1
18	12	1
18	13	1
18	14	1
18	15	1
18	16	1
18	17	1
18	18	1
18	19	1
18	20	1
18	21	1
18	22	1
18	23	1
18	24	1
18	25	1
18	26	1
18	27	1
18	28	1
18	29	1
18	30	1
18	31	1
18	32	1
18	33	1
18	34	1
18	35	1
18	36	1
18	37	1
18	38	1
18	39	1
18	40	1
19	1	1
19	2	1
19	3	1
19	4	1
19	5	1
19	6	1
19	7	1
19	8	0
19	9	0
19	10	1
19	11	1
19	12	1
19	13	0
19	14	1
19	15	0
19	16	1
19	17	1
19	18	1
19	19	0
19	20	1
19	21	0
19	22	0
19	23	0
19	24	1
19	25	0
19	26	1
19	27	0
19	28	0
19	29	0
19	30	1
19	31	0
19	32	1
19	33	0
19	34	1
19	35	1
19	36	1
19	37	1
19	38	1
19	39	1
19	40	1
20	1	0
20	2	0
20	3	0
20	4	0
20	5	1
20	6	0
20	7	0
20	8	0
20	9	0
20	10	0
20	11	0
20	12	0
20	13	1
20	14	1
20	15	1
20	16	1
20	17	0
20	18	0
20	19	1
20	20	0
20	21	0
20	22	0
20	23	0
20	24	0
20	25	1
20	26	0
20	27	0
20	28	0
20	29	1
20	30	0
20	31	0
20	32	1
20	33	0
20	34	1
20	35	1
20	36	0
20	37	1
20	38	0
20	39	0
20	40	0
21	1	1
21	2	1
21	3	1
21	4	1
21	5	1
21	6	1
21	7	1
21	8	1
21	9	1
21	10	1
21	11	1
21	12	1
21	13	1
21	14	1
21	15	1
21	16	1
21	17	1
21	18	1
21	19	1
21	20	1
21	21	1
21	22	1
21	23	1
21	24	1
21	25	1
21	26	1
21	27	1
21	28	1
21	29	1
21	30	1
21	31	1
21	32	1
21	33	1
21	34	1
21	35	1
21	36	1
21	37	1
21	38	1
21	39	1
21	40	1
22	1	1
22	2	1
22	3	1
22	4	1
22	5	1
22	6	1
22	7	1
22	8	0
22	9	0
22	10	1
22	11	1
22	12	1
22	13	0
22	14	1
22	15	0
22	16	1
22	17	1
22	18	1
22	19	0
22	20	1
22	21	0
22	22	0
22	23	0
22	24	1
22	25	0
22	26	1
22	27	0
22	28	0
22	29	0
22	30	1
22	31	0
22	32	1
22	33	0
22	34	1
22	35	1
22	36	1
22	37	1
22	38	1
22	39	1
22	40	1
23	1	1
23	2	1
23	3	1
23	4	1
23	5	0
23	6	1
23	7	1
23	8	0
23	9	0
23	10	1
23	11	0
23	12	1
23	13	1
23	14	1
23	15	1
23	16	0
23	17	0
23	18	1
23	19	1
23	20	1
23	21	0
23	22	0
23	23	0
23	24	1
23	25	1
23	26	1
23	27	0
23	28	0
23	29	1
23	30	1
23	31	0
23	32	1
23	33	0
23	34	1
23	35	1
23	36	1
23	37	1
23	38	1
23	39	0
23	40	1
24	1	1
24	2	1
24	3	1
24	4	1
24	5	0
24	6	1
24	7	1
24	8	1
24	9	1
24	10	0
24	11	1
24	12	0
24	13	1
24	14	0
24	15	1
24	16	0
24	17	1
24	18	0
24	19	1
24	20	1
24	21	1
24	22	1
24	23	1
24	24	0
24	25	1
24	26	0
24	27	1
24	28	1
24	29	1
24	30	1
24	31	1
24	32	0
24	33	1
24	34	0
24	35	0
24	36	0
24	37	0
24	38	1
24	39	0
24	40	1
25	1	1
25	2	1
25	3	1
25	4	1
25	5	1
25	6	1
25	7	1
25	8	0
25	9	0
25	10	1
25	11	1
25	12	1
25	13	1
25	14	1
25	15	1
25	16	1
25	17	1
25	18	1
25	19	1
25	20	1
25	21	0
25	22	1
25	23	0
25	24	1
25	25	1
25	26	1
25	27	0
25	28	0
25	29	1
25	30	1
25	31	0
25	32	1
25	33	0
25	34	1
25	35	1
25	36	1
25	37	1
25	38	1
25	39	1
25	40	1
26	1	1
26	2	1
26	3	1
26	4	1
26	5	1
26	6	1
26	7	1
26	8	0
26	9	0
26	10	1
26	11	1
26	12	1
26	13	0
26	14	1
26	15	0
26	16	1
26	17	1
26	18	1
26	19	0
26	20	1
26	21	0
26	22	0
26	23	0
26	24	1
26	25	0
26	26	1
26	27	0
26	28	0
26	29	0
26	30	1
26	31	0
26	32	1
26	33	0
26	34	1
26	35	1
26	36	1
26	37	1
26	38	1
26	39	1
26	40	1
27	1	1
27	2	1
27	3	0
27	4	0
27	5	1
27	6	0
27	7	1
27	8	1
27	9	1
27	10	1
27	11	0
27	12	1
27	13	1
27	14	1
27	15	1
27	16	1
27	17	0
27	18	1
27	19	1
27	20	0
27	21	1
27	22	1
27	23	1
27	24	1
27	25	1
27	26	1
27	27	1
27	28	1
27	29	1
27	30	1
27	31	1
27	32	1
27	33	1
27	34	1
27	35	1
27	36	1
27	37	1
27	38	0
27	39	1
27	40	1
28	1	0
28	2	0
28	3	1
28	4	1
28	5	0
28	6	1
28	7	0
28	8	1
28	9	1
28	10	1
28	11	1
28	12	1
28	13	1
28	14	0
28	15	1
28	16	0
28	17	1
28	18	0
28	19	1
28	20	1
28	21	1
28	22	1
28	23	1
28	24	0
28	25	1
28	26	1
28	27	1
28	28	1
28	29	1
28	30	0
28	31	1
28	32	0
28	33	1
28	34	0
28	35	0
28	36	0
28	37	0
28	38	1
28	39	1
28	40	0
29	1	1
29	2	1
29	3	1
29	4	1
29	5	0
29	6	1
29	7	1
29	8	1
29	9	1
29	10	0
29	11	1
29	12	0
29	13	1
29	14	0
29	15	1
29	16	0
29	17	1
29	18	0
29	19	1
29	20	1
29	21	1
29	22	1
29	23	1
29	24	0
29	25	1
29	26	0
29	27	1
29	28	1
29	29	1
29	30	1
29	31	1
29	32	0
29	33	1
29	34	0
29	35	0
29	36	0
29	37	0
29	38	1
29	39	0
29	40	1
30	1	1
30	2	1
30	3	1
30	4	1
30	5	0
30	6	1
30	7	1
30	8	0
30	9	0
30	10	1
30	11	1
30	12	1
30	13	1
30	14	0
30	15	1
30	16	0
30	17	1
30	18	0
30	19	1
30	20	1
30	21	0
30	22	1
30	23	0
30	24	0
30	25	1
30	26	1
30	27	0
30	28	0
30	29	1
30	30	1
30	31	0
30	32	0
30	33	0
30	34	0
30	35	0
30	36	0
30	37	0
30	38	1
30	39	1
30	40	1
31	1	1
31	2	1
31	3	1
31	4	1
31	5	1
31	6	1
31	7	1
31	8	1
31	9	1
31	10	1
31	11	1
31	12	1
31	13	1
31	14	1
31	15	1
31	16	1
31	17	1
31	18	1
31	19	1
31	20	1
31	21	1
31	22	1
31	23	1
31	24	1
31	25	1
31	26	1
31	27	1
31	28	1
31	29	1
31	30	1
31	31	1
31	32	1
31	33	1
31	34	1
31	35	1
31	36	1
31	37	1
31	38	1
31	39	1
31	40	1
32	1	1
32	2	1
32	3	0
32	4	1
32	5	1
32	6	1
32	7	1
32	8	0
32	9	0
32	10	1
32	11	0
32	12	1
32	13	0
32	14	1
32	15	0
32	16	0
32	17	0
32	18	1
32	19	0
32	20	1
32	21	0
32	22	0
32	23	0
32	24	0
32	25	0
32	26	1
32	27	0
32	28	0
32	29	0
32	30	0
32	31	0
32	32	1
32	33	0
32	34	1
32	35	1
32	36	1
32	37	1
32	38	1
32	39	0
32	40	0
33	1	1
33	2	1
33	3	0
33	4	0
33	5	1
33	6	0
33	7	1
33	8	1
33	9	1
33	10	1
33	11	0
33	12	1
33	13	1
33	14	1
33	15	1
33	16	1
33	17	0
33	18	1
33	19	1
33	20	0
33	21	1
33	22	1
33	23	1
33	24	1
33	25	1
33	26	1
33	27	1
33	28	1
33	29	1
33	30	1
33	31	1
33	32	1
33	33	1
33	34	1
33	35	1
33	36	1
33	37	1
33	38	0
33	39	1
33	40	1
34	1	1
34	2	1
34	3	1
34	4	1
34	5	0
34	6	1
34	7	1
34	8	1
34	9	1
34	10	0
34	11	1
34	12	0
34	13	1
34	14	0
34	15	1
34	16	0
34	17	1
34	18	0
34	19	1
34	20	1
34	21	1
34	22	1
34	23	1
34	24	0
34	25	1
34	26	0
34	27	1
34	28	1
34	29	1
34	30	1
34	31	1
34	32	0
34	33	1
34	34	0
34	35	0
34	36	0
34	37	0
34	38	1
34	39	0
34	40	1
35	1	0
35	2	0
35	3	0
35	4	1
35	5	0
35	6	0
35	7	0
35	8	1
35	9	1
35	10	0
35	11	1
35	12	0
35	13	1
35	14	0
35	15	1
35	16	0
35	17	1
35	18	0
35	19	1
35	20	0
35	21	1
35	22	1
35	23	1
35	24	0
35	25	1
35	26	1
35	27	1
35	28	0
35	29	1
35	30	0
35	31	1
35	32	0
35	33	1
35	34	0
35	35	0
35	36	0
35	37	0
35	38	1
35	39	1
35	40	0
36	1	1
36	2	1
36	3	1
36	4	1
36	5	0
36	6	1
36	7	1
36	8	1
36	9	1
36	10	0
36	11	1
36	12	0
36	13	1
36	14	0
36	15	1
36	16	0
36	17	1
36	18	0
36	19	1
36	20	1
36	21	1
36	22	1
36	23	1
36	24	0
36	25	1
36	26	0
36	27	1
36	28	1
36	29	1
36	30	1
36	31	1
36	32	0
36	33	1
36	34	0
36	35	0
36	36	0
36	37	0
36	38	1
36	39	0
36	40	1
37	1	1
37	2	1
37	3	1
37	4	1
37	5	1
37	6	1
37	7	1
37	8	0
37	9	0
37	10	1
37	11	1
37	12	1
37	13	0
37	14	1
37	15	0
37	16	1
37	17	1
37	18	1
37	19	0
37	20	1
37	21	0
37	22	0
37	23	0
37	24	1
37	25	0
37	26	1
37	27	0
37	28	0
37	29	0
37	30	1
37	31	0
37	32	1
37	33	0
37	34	1
37	35	1
37	36	1
37	37	1
37	38	1
37	39	1
37	40	1
38	1	0
38	2	0
38	3	0
38	4	1
38	5	0
38	6	1
38	7	0
38	8	0
38	9	0
38	10	1
38	11	0
38	12	1
38	13	1
38	14	0
38	15	0
38	16	0
38	17	0
38	18	0
38	19	0
38	20	1
38	21	1
38	22	1
38	23	1
38	24	0
38	25	1
38	26	1
38	27	1
38	28	0
38	29	1
38	30	0
38	31	1
38	32	0
38	33	1
38	34	0
38	35	0
38	36	0
38	37	0
38	38	1
38	39	0
38	40	0
39	1	1
39	2	1
39	3	0
39	4	0
39	5	1
39	6	0
39	7	1
39	8	1
39	9	1
39	10	1
39	11	0
39	12	1
39	13	1
39	14	1
39	15	1
39	16	1
39	17	0
39	18	1
39	19	1
39	20	0
39	21	1
39	22	1
39	23	1
39	24	1
39	25	1
39	26	1
39	27	1
39	28	1
39	29	1
39	30	1
39	31	1
39	32	1
39	33	1
39	34	1
39	35	1
39	36	1
39	37	1
39	38	0
39	39	1
39	40	1
40	1	0
40	2	0
40	3	1
40	4	1
40	5	0
40	6	1
40	7	0
40	8	1
40	9	1
40	10	1
40	11	1
40	12	1
40	13	1
40	14	0
40	15	1
40	16	0
40	17	1
40	18	0
40	19	1
40	20	1
40	21	1
40	22	1
40	23	1
40	24	0
40	25	1
40	26	1
40	27	1
40	28	1
40	29	1
40	30	0
40	31	1
40	32	0
40	33	1
40	34	0
40	35	0
40	36	0
40	37	0
40	38	1
40	39	1
40	40	0
41	1	1
41	2	1
41	3	1
41	4	1
41	5	0
41	6	1
41	7	1
41	8	1
41	9	1
41	10	0
41	11	1
41	12	0
41	13	1
41	14	0
41	15	1
41	16	0
41	17	1
41	18	0
41	19	1
41	20	1
41	21	1
41	22	1
41	23	1
41	24	0
41	25	1
41	26	0
41	27	1
41	28	1
41	29	1
41	30	1
41	31	1
41	32	0
41	33	1
41	34	0
41	35	0
41	36	0
41	37	0
41	38	1
41	39	0
41	40	1
42	1	0
42	2	0
42	3	1
42	4	1
42	5	0
42	6	1
42	7	0
42	8	1
42	9	1
42	10	1
42	11	1
42	12	1
42	13	1
42	14	0
42	15	1
42	16	0
42	17	1
42	18	0
42	19	1
42	20	1
42	21	1
42	22	1
42	23	1
42	24	0
42	25	1
42	26	1
42	27	1
42	28	1
42	29	1
42	30	0
42	31	1
42	32	0
42	33	1
42	34	0
42	35	0
42	36	0
42	37	0
42	38	1
42	39	1
42	40	0
43	1	1
43	2	1
43	3	1
43	4	1
43	5	1
43	6	1
43	7	1
43	8	1
43	9	1
43	10	1
43	11	1
43	12	1
43	13	1
43	14	1
43	15	1
43	16	1
43	17	1
43	18	1
43	19	1
43	20	1
43	21	1
43	22	1
43	23	1
43	24	1
43	25	1
43	26	1
43	27	1
43	28	1
43	29	1
43	30	1
43	31	1
43	32	1
43	33	1
43	34	1
43	35	1
43	36	1
43	37	1
43	38	1
43	39	1
43	40	1
44	1	1
44	2	1
44	3	0
44	4	1
44	5	0
44	6	1
44	7	1
44	8	0
44	9	0
44	10	0
44	11	0
44	12	0
44	13	1
44	14	0
44	15	0
44	16	0
44	17	0
44	18	0
44	19	0
44	20	1
44	21	1
44	22	1
44	23	1
44	24	0
44	25	1
44	26	0
44	27	1
44	28	0
44	29	1
44	30	0
44	31	1
44	32	0
44	33	1
44	34	0
44	35	0
44	36	0
44	37	0
44	38	1
44	39	0
44	40	0
45	1	1
45	2	1
45	3	1
45	4	1
45	5	0
45	6	1
45	7	1
45	8	1
45	9	1
45	10	0
45	11	1
45	12	0
45	13	1
45	14	0
45	15	1
45	16	0
45	17	1
45	18	0
45	19	1
45	20	1
45	21	1
45	22	1
45	23	1
45	24	0
45	25	1
45	26	0
45	27	1
45	28	1
45	29	1
45	30	1
45	31	1
45	32	0
45	33	1
45	34	0
45	35	0
45	36	0
45	37	0
45	38	1
45	39	0
45	40	1
46	1	1
46	2	1
46	3	1
46	4	1
46	5	1
46	6	1
46	7	1
46	8	1
46	9	1
46	10	1
46	11	1
46	12	1
46	13	1
46	14	1
46	15	1
46	16	1
46	17	1
46	18	1
46	19	1
46	20	1
46	21	1
46	22	1
46	23	1
46	24	1
46	25	1
46	26	1
46	27	1
46	28	1
46	29	1
46	30	1
46	31	1
46	32	1
46	33	1
46	34	1
46	35	1
46	36	1
46	37	1
46	38	1
46	39	1
46	40	1
47	1	1
47	2	1
47	3	1
47	4	1
47	5	0
47	6	1
47	7	1
47	8	1
47	9	1
47	10	0
47	11	1
47	12	0
47	13	1
47	14	0
47	15	1
47	16	0
47	17	1
47	18	0
47	19	1
47	20	1
47	21	1
47	22	1
47	23	1
47	24	0
47	25	1
47	26	0
47	27	1
47	28	1
47	29	1
47	30	1
47	31	1
47	32	0
47	33	1
47	34	0
47	35	0
47	36	0
47	37	0
47	38	1
47	39	0
47	40	1
48	1	1
48	2	1
48	3	1
48	4	1
48	5	0
48	6	1
48	7	1
48	8	1
48	9	1
48	10	0
48	11	1
48	12	0
48	13	1
48	14	0
48	15	1
48	16	0
48	17	1
48	18	0
48	19	1
48	20	1
48	21	1
48	22	1
48	23	1
48	24	0
48	25	1
48	26	0
48	27	1
48	28	1
48	29	1
48	30	1
48	31	1
48	32	0
48	33	1
48	34	0
48	35	0
48	36	0
48	37	0
48	38	1
48	39	0
48	40	1
49	1	1
49	2	1
49	3	0
49	4	1
49	5	0
49	6	0
49	7	0
49	8	0
49	9	0
49	10	0
49	11	1
49	12	0
49	13	1
49	14	0
49	15	1
49	16	0
49	17	1
49	18	0
49	19	1
49	20	0
49	21	0
49	22	1
49	23	0
49	24	0
49	25	1
49	26	1
49	27	0
49	28	0
49	29	1
49	30	1
49	31	0
49	32	0
49	33	0
49	34	0
49	35	0
49	36	0
49	37	0
49	38	1
49	39	1
49	40	0
50	1	1
50	2	1
50	3	1
50	4	1
50	5	0
50	6	1
50	7	1
50	8	0
50	9	0
50	10	1
50	11	1
50	12	1
50	13	1
50	14	0
50	15	1
50	16	0
50	17	1
50	18	0
50	19	1
50	20	1
50	21	0
50	22	1
50	23	0
50	24	0
50	25	1
50	26	1
50	27	0
50	28	0
50	29	1
50	30	1
50	31	0
50	32	0
50	33	0
50	34	0
50	35	0
50	36	0
50	37	0
50	38	1
50	39	1
50	40	1
51	1	1
51	2	1
51	3	0
51	4	1
51	5	0
51	6	1
51	7	1
51	8	0
51	9	0
51	10	0
51	11	0
51	12	0
51	13	1
51	14	0
51	15	0
51	16	0
51	17	0
51	18	0
51	19	0
51	20	1
51	21	1
51	22	1
51	23	1
51	24	0
51	25	1
51	26	0
51	27	1
51	28	0
51	29	1
51	30	0
51	31	1
51	32	0
51	33	1
51	34	0
51	35	0
51	36	0
51	37	0
51	38	1
51	39	0
51	40	0
52	1	1
52	2	1
52	3	0
52	4	0
52	5	1
52	6	0
52	7	1
52	8	1
52	9	1
52	10	1
52	11	0
52	12	1
52	13	1
52	14	1
52	15	1
52	16	1
52	17	0
52	18	1
52	19	1
52	20	0
52	21	1
52	22	1
52	23	1
52	24	1
52	25	1
52	26	1
52	27	1
52	28	1
52	29	1
52	30	1
52	31	1
52	32	1
52	33	1
52	34	1
52	35	1
52	36	1
52	37	1
52	38	0
52	39	1
52	40	1
53	1	1
53	2	1
53	3	1
53	4	1
53	5	0
53	6	1
53	7	1
53	8	1
53	9	1
53	10	1
53	11	0
53	12	1
53	13	1
53	14	1
53	15	1
53	16	0
53	17	0
53	18	1
53	19	1
53	20	1
53	21	1
53	22	0
53	23	1
53	24	1
53	25	1
53	26	1
53	27	1
53	28	0
53	29	1
53	30	1
53	31	1
53	32	1
53	33	1
53	34	1
53	35	1
53	36	1
53	37	1
53	38	1
53	39	0
53	40	1
54	1	1
54	2	1
54	3	1
54	4	1
54	5	0
54	6	1
54	7	1
54	8	1
54	9	1
54	10	0
54	11	1
54	12	0
54	13	1
54	14	0
54	15	1
54	16	0
54	17	1
54	18	0
54	19	1
54	20	1
54	21	1
54	22	1
54	23	1
54	24	0
54	25	1
54	26	0
54	27	1
54	28	1
54	29	1
54	30	1
54	31	1
54	32	0
54	33	1
54	34	0
54	35	0
54	36	0
54	37	0
54	38	1
54	39	0
54	40	1
55	1	1
55	2	1
55	3	1
55	4	1
55	5	0
55	6	0
55	7	0
55	8	0
55	9	1
55	10	0
55	11	0
55	12	0
55	13	1
55	14	0
55	15	0
55	16	0
55	17	1
55	18	0
55	19	1
55	20	0
55	21	1
55	22	1
55	23	1
55	24	0
55	25	1
55	26	0
55	27	1
55	28	1
55	29	1
55	30	0
55	31	1
55	32	0
55	33	1
55	34	0
55	35	0
55	36	0
55	37	0
55	38	1
55	39	0
55	40	0
56	1	1
56	2	1
56	3	1
56	4	1
56	5	1
56	6	1
56	7	1
56	8	0
56	9	0
56	10	1
56	11	1
56	12	1
56	13	1
56	14	1
56	15	1
56	16	1
56	17	1
56	18	1
56	19	1
56	20	1
56	21	0
56	22	1
56	23	0
56	24	1
56	25	1
56	26	1
56	27	0
56	28	0
56	29	1
56	30	1
56	31	0
56	32	1
56	33	0
56	34	1
56	35	1
56	36	1
56	37	1
56	38	1
56	39	1
56	40	1
57	1	1
57	2	1
57	3	1
57	4	1
57	5	1
57	6	0
57	7	0
57	8	0
57	9	0
57	10	0
57	11	0
57	12	1
57	13	0
57	14	0
57	15	0
57	16	1
57	17	1
57	18	1
57	19	0
57	20	0
57	21	0
57	22	0
57	23	0
57	24	1
57	25	0
57	26	1
57	27	0
57	28	0
57	29	0
57	30	0
57	31	0
57	32	1
57	33	0
57	34	1
57	35	1
57	36	0
57	37	1
57	38	1
57	39	1
57	40	0
58	1	1
58	2	1
58	3	0
58	4	0
58	5	1
58	6	0
58	7	1
58	8	1
58	9	1
58	10	1
58	11	0
58	12	1
58	13	1
58	14	1
58	15	1
58	16	1
58	17	0
58	18	1
58	19	1
58	20	0
58	21	1
58	22	1
58	23	1
58	24	1
58	25	1
58	26	1
58	27	1
58	28	1
58	29	1
58	30	1
58	31	1
58	32	1
58	33	1
58	34	1
58	35	1
58	36	1
58	37	1
58	38	0
58	39	1
58	40	1
59	1	1
59	2	1
59	3	1
59	4	1
59	5	1
59	6	1
59	7	1
59	8	1
59	9	1
59	10	1
59	11	1
59	12	1
59	13	1
59	14	1
59	15	1
59	16	1
59	17	1
59	18	1
59	19	1
59	20	1
59	21	1
59	22	1
59	23	1
59	24	1
59	25	1
59	26	1
59	27	1
59	28	1
59	29	1
59	30	1
59	31	1
59	32	1
59	33	1
59	34	1
59	35	1
59	36	1
59	37	1
59	38	1
59	39	1
59	40	1
60	1	1
60	2	1
60	3	0
60	4	1
60	5	0
60	6	1
60	7	1
60	8	0
60	9	0
60	10	1
60	11	0
60	12	1
60	13	1
60	14	0
60	15	0
60	16	0
60	17	0
60	18	0
60	19	0
60	20	1
60	21	0
60	22	1
60	23	0
60	24	0
60	25	1
60	26	1
60	27	0
60	28	0
60	29	1
60	30	0
60	31	0
60	32	0
60	33	0
60	34	0
60	35	0
60	36	0
60	37	0
60	38	1
60	39	0
60	40	0
61	1	1
61	2	1
61	3	1
61	4	1
61	5	0
61	6	1
61	7	1
61	8	0
61	9	0
61	10	1
61	11	1
61	12	1
61	13	1
61	14	0
61	15	1
61	16	0
61	17	1
61	18	0
61	19	1
61	20	1
61	21	0
61	22	1
61	23	0
61	24	0
61	25	1
61	26	1
61	27	0
61	28	0
61	29	1
61	30	1
61	31	0
61	32	0
61	33	0
61	34	0
61	35	0
61	36	0
61	37	0
61	38	1
61	39	1
61	40	1
62	1	1
62	2	1
62	3	1
62	4	1
62	5	1
62	6	1
62	7	1
62	8	0
62	9	0
62	10	1
62	11	1
62	12	1
62	13	1
62	14	1
62	15	1
62	16	1
62	17	1
62	18	1
62	19	1
62	20	1
62	21	0
62	22	1
62	23	0
62	24	1
62	25	1
62	26	1
62	27	0
62	28	0
62	29	1
62	30	1
62	31	0
62	32	1
62	33	0
62	34	1
62	35	1
62	36	1
62	37	1
62	38	1
62	39	1
62	40	1
63	1	1
63	2	1
63	3	0
63	4	1
63	5	0
63	6	0
63	7	0
63	8	0
63	9	0
63	10	0
63	11	1
63	12	0
63	13	1
63	14	1
63	15	1
63	16	0
63	17	1
63	18	1
63	19	1
63	20	0
63	21	0
63	22	1
63	23	0
63	24	1
63	25	1
63	26	1
63	27	0
63	28	0
63	29	1
63	30	1
63	31	0
63	32	1
63	33	0
63	34	1
63	35	1
63	36	1
63	37	1
63	38	1
63	39	1
63	40	0
64	1	1
64	2	1
64	3	1
64	4	1
64	5	1
64	6	1
64	7	1
64	8	0
64	9	0
64	10	1
64	11	1
64	12	1
64	13	0
64	14	1
64	15	0
64	16	1
64	17	1
64	18	1
64	19	0
64	20	1
64	21	0
64	22	0
64	23	0
64	24	1
64	25	0
64	26	1
64	27	0
64	28	0
64	29	0
64	30	1
64	31	0
64	32	1
64	33	0
64	34	1
64	35	1
64	36	1
64	37	1
64	38	1
64	39	1
64	40	1
65	1	0
65	2	0
65	3	0
65	4	0
65	5	1
65	6	0
65	7	0
65	8	0
65	9	0
65	10	0
65	11	0
65	12	0
65	13	1
65	14	1
65	15	1
65	16	1
65	17	0
65	18	1
65	19	1
65	20	0
65	21	0
65	22	1
65	23	0
65	24	1
65	25	1
65	26	0
65	27	0
65	28	0
65	29	1
65	30	0
65	31	0
65	32	1
65	33	0
65	34	1
65	35	1
65	36	1
65	37	1
65	38	0
65	39	0
65	40	0
66	1	1
66	2	1
66	3	0
66	4	1
66	5	1
66	6	1
66	7	1
66	8	0
66	9	0
66	10	1
66	11	0
66	12	1
66	13	1
66	14	1
66	15	0
66	16	0
66	17	0
66	18	1
66	19	0
66	20	1
66	21	1
66	22	1
66	23	1
66	24	0
66	25	1
66	26	1
66	27	1
66	28	0
66	29	1
66	30	0
66	31	1
66	32	1
66	33	1
66	34	1
66	35	1
66	36	1
66	37	1
66	38	1
66	39	0
66	40	0
67	1	1
67	2	1
67	3	1
67	4	1
67	5	0
67	6	1
67	7	1
67	8	0
67	9	0
67	10	1
67	11	1
67	12	1
67	13	1
67	14	0
67	15	1
67	16	0
67	17	1
67	18	0
67	19	1
67	20	1
67	21	0
67	22	1
67	23	0
67	24	0
67	25	1
67	26	1
67	27	0
67	28	0
67	29	1
67	30	1
67	31	0
67	32	0
67	33	0
67	34	0
67	35	0
67	36	0
67	37	0
67	38	1
67	39	1
67	40	1
68	1	1
68	2	1
68	3	0
68	4	0
68	5	1
68	6	0
68	7	0
68	8	0
68	9	1
68	10	0
68	11	0
68	12	1
68	13	1
68	14	0
68	15	0
68	16	1
68	17	0
68	18	1
68	19	1
68	20	0
68	21	1
68	22	1
68	23	1
68	24	1
68	25	1
68	26	1
68	27	1
68	28	1
68	29	1
68	30	0
68	31	1
68	32	1
68	33	1
68	34	1
68	35	1
68	36	0
68	37	1
68	38	0
68	39	1
68	40	0
69	1	1
69	2	1
69	3	1
69	4	1
69	5	1
69	6	1
69	7	1
69	8	0
69	9	0
69	10	1
69	11	1
69	12	1
69	13	1
69	14	1
69	15	1
69	16	1
69	17	1
69	18	1
69	19	1
69	20	1
69	21	0
69	22	1
69	23	0
69	24	1
69	25	1
69	26	1
69	27	0
69	28	0
69	29	1
69	30	1
69	31	0
69	32	1
69	33	0
69	34	1
69	35	1
69	36	1
69	37	1
69	38	1
69	39	1
69	40	1
70	1	0
70	2	0
70	3	0
70	4	0
70	5	1
70	6	0
70	7	0
70	8	0
70	9	0
70	10	0
70	11	0
70	12	0
70	13	1
70	14	1
70	15	1
70	16	1
70	17	0
70	18	1
70	19	1
70	20	0
70	21	0
70	22	1
70	23	0
70	24	1
70	25	1
70	26	0
70	27	0
70	28	0
70	29	1
70	30	0
70	31	0
70	32	1
70	33	0
70	34	1
70	35	1
70	36	1
70	37	1
70	38	0
70	39	0
70	40	0
71	1	0
71	2	0
71	3	1
71	4	1
71	5	0
71	6	1
71	7	0
71	8	1
71	9	1
71	10	1
71	11	0
71	12	1
71	13	1
71	14	0
71	15	1
71	16	0
71	17	0
71	18	0
71	19	1
71	20	1
71	21	1
71	22	0
71	23	1
71	24	0
71	25	1
71	26	1
71	27	1
71	28	0
71	29	1
71	30	0
71	31	1
71	32	0
71	33	1
71	34	0
71	35	0
71	36	0
71	37	0
71	38	1
71	39	0
71	40	0
72	1	1
72	2	1
72	3	1
72	4	1
72	5	1
72	6	1
72	7	1
72	8	0
72	9	0
72	10	1
72	11	1
72	12	1
72	13	1
72	14	1
72	15	1
72	16	1
72	17	1
72	18	1
72	19	1
72	20	1
72	21	0
72	22	1
72	23	0
72	24	1
72	25	1
72	26	1
72	27	0
72	28	0
72	29	1
72	30	1
72	31	0
72	32	1
72	33	0
72	34	1
72	35	1
72	36	1
72	37	1
72	38	1
72	39	1
72	40	1
73	1	0
73	2	0
73	3	1
73	4	1
73	5	0
73	6	1
73	7	0
73	8	1
73	9	1
73	10	1
73	11	1
73	12	1
73	13	1
73	14	0
73	15	1
73	16	0
73	17	1
73	18	0
73	19	1
73	20	1
73	21	1
73	22	1
73	23	1
73	24	0
73	25	1
73	26	1
73	27	1
73	28	1
73	29	1
73	30	0
73	31	1
73	32	0
73	33	1
73	34	0
73	35	0
73	36	0
73	37	0
73	38	1
73	39	1
73	40	0
74	1	1
74	2	1
74	3	1
74	4	1
74	5	1
74	6	1
74	7	1
74	8	1
74	9	1
74	10	1
74	11	1
74	12	1
74	13	1
74	14	1
74	15	1
74	16	1
74	17	1
74	18	1
74	19	1
74	20	1
74	21	1
74	22	1
74	23	1
74	24	1
74	25	1
74	26	1
74	27	1
74	28	1
74	29	1
74	30	1
74	31	1
74	32	1
74	33	1
74	34	1
74	35	1
74	36	1
74	37	1
74	38	1
74	39	1
74	40	1
75	1	1
75	2	1
75	3	1
75	4	1
75	5	0
75	6	1
75	7	1
75	8	1
75	9	1
75	10	0
75	11	1
75	12	0
75	13	1
75	14	0
75	15	1
75	16	0
75	17	1
75	18	0
75	19	1
75	20	1
75	21	1
75	22	1
75	23	1
75	24	0
75	25	1
75	26	0
75	27	1
75	28	1
75	29	1
75	30	1
75	31	1
75	32	0
75	33	1
75	34	0
75	35	0
75	36	0
75	37	0
75	38	1
75	39	0
75	40	1
76	1	1
76	2	1
76	3	0
76	4	0
76	5	1
76	6	0
76	7	1
76	8	1
76	9	1
76	10	1
76	11	0
76	12	1
76	13	1
76	14	1
76	15	1
76	16	1
76	17	0
76	18	1
76	19	1
76	20	0
76	21	1
76	22	1
76	23	1
76	24	1
76	25	1
76	26	1
76	27	1
76	28	1
76	29	1
76	30	1
76	31	1
76	32	1
76	33	1
76	34	1
76	35	1
76	36	1
76	37	1
76	38	0
76	39	1
76	40	1
77	1	1
77	2	1
77	3	0
77	4	0
77	5	1
77	6	0
77	7	1
77	8	1
77	9	1
77	10	1
77	11	0
77	12	1
77	13	1
77	14	1
77	15	1
77	16	1
77	17	0
77	18	1
77	19	1
77	20	0
77	21	1
77	22	1
77	23	1
77	24	1
77	25	1
77	26	1
77	27	1
77	28	1
77	29	1
77	30	1
77	31	1
77	32	1
77	33	1
77	34	1
77	35	1
77	36	1
77	37	1
77	38	0
77	39	1
77	40	1
78	1	1
78	2	1
78	3	1
78	4	1
78	5	0
78	6	1
78	7	1
78	8	0
78	9	0
78	10	1
78	11	1
78	12	1
78	13	1
78	14	0
78	15	1
78	16	0
78	17	1
78	18	0
78	19	1
78	20	1
78	21	0
78	22	1
78	23	0
78	24	0
78	25	1
78	26	1
78	27	0
78	28	0
78	29	1
78	30	1
78	31	0
78	32	0
78	33	0
78	34	0
78	35	0
78	36	0
78	37	0
78	38	1
78	39	1
78	40	1
79	1	1
79	2	1
79	3	1
79	4	1
79	5	0
79	6	1
79	7	1
79	8	1
79	9	1
79	10	0
79	11	1
79	12	0
79	13	1
79	14	0
79	15	1
79	16	0
79	17	1
79	18	0
79	19	1
79	20	1
79	21	1
79	22	1
79	23	1
79	24	0
79	25	1
79	26	0
79	27	1
79	28	1
79	29	1
79	30	1
79	31	1
79	32	0
79	33	1
79	34	0
79	35	0
79	36	0
79	37	0
79	38	1
79	39	0
79	40	1
80	1	0
80	2	0
80	3	1
80	4	1
80	5	0
80	6	1
80	7	0
80	8	1
80	9	1
80	10	1
80	11	1
80	12	1
80	13	1
80	14	0
80	15	1
80	16	0
80	17	1
80	18	0
80	19	1
80	20	1
80	21	1
80	22	1
80	23	1
80	24	0
80	25	1
80	26	1
80	27	1
80	28	1
80	29	1
80	30	0
80	31	1
80	32	0
80	33	1
80	34	0
80	35	0
80	36	0
80	37	0
80	38	1
80	39	1
80	40	0
81	1	1
81	2	1
81	3	1
81	4	1
81	5	0
81	6	1
81	7	1
81	8	1
81	9	1
81	10	0
81	11	0
81	12	0
81	13	1
81	14	0
81	15	1
81	16	0
81	17	0
81	18	0
81	19	1
81	20	1
81	21	1
81	22	0
81	23	1
81	24	0
81	25	1
81	26	0
81	27	1
81	28	0
81	29	1
81	30	1
81	31	1
81	32	0
81	33	1
81	34	0
81	35	0
81	36	0
81	37	0
81	38	1
81	39	0
81	40	1
82	1	1
82	2	1
82	3	1
82	4	1
82	5	1
82	6	1
82	7	1
82	8	1
82	9	1
82	10	1
82	11	1
82	12	1
82	13	1
82	14	1
82	15	1
82	16	1
82	17	1
82	18	1
82	19	1
82	20	1
82	21	1
82	22	1
82	23	1
82	24	1
82	25	1
82	26	1
82	27	1
82	28	1
82	29	1
82	30	1
82	31	1
82	32	1
82	33	1
82	34	1
82	35	1
82	36	1
82	37	1
82	38	1
82	39	1
82	40	1
83	1	1
83	2	1
83	3	1
83	4	1
83	5	1
83	6	1
83	7	1
83	8	0
83	9	0
83	10	1
83	11	1
83	12	1
83	13	0
83	14	1
83	15	0
83	16	1
83	17	1
83	18	1
83	19	0
83	20	1
83	21	0
83	22	0
83	23	0
83	24	1
83	25	0
83	26	1
83	27	0
83	28	0
83	29	0
83	30	1
83	31	0
83	32	1
83	33	0
83	34	1
83	35	1
83	36	1
83	37	1
83	38	1
83	39	1
83	40	1
84	1	0
84	2	0
84	3	0
84	4	0
84	5	1
84	6	0
84	7	0
84	8	0
84	9	0
84	10	0
84	11	0
84	12	0
84	13	1
84	14	1
84	15	1
84	16	1
84	17	0
84	18	1
84	19	1
84	20	0
84	21	0
84	22	1
84	23	0
84	24	1
84	25	1
84	26	0
84	27	0
84	28	0
84	29	1
84	30	0
84	31	0
84	32	1
84	33	0
84	34	1
84	35	1
84	36	1
84	37	1
84	38	0
84	39	0
84	40	0
85	1	0
85	2	0
85	3	1
85	4	1
85	5	0
85	6	1
85	7	0
85	8	1
85	9	1
85	10	1
85	11	1
85	12	1
85	13	1
85	14	0
85	15	1
85	16	0
85	17	1
85	18	0
85	19	1
85	20	1
85	21	1
85	22	1
85	23	1
85	24	0
85	25	1
85	26	1
85	27	1
85	28	1
85	29	1
85	30	0
85	31	1
85	32	0
85	33	1
85	34	0
85	35	0
85	36	0
85	37	0
85	38	1
85	39	1
85	40	0
86	1	1
86	2	1
86	3	1
86	4	1
86	5	0
86	6	1
86	7	1
86	8	1
86	9	1
86	10	0
86	11	1
86	12	0
86	13	1
86	14	0
86	15	1
86	16	0
86	17	1
86	18	0
86	19	1
86	20	1
86	21	1
86	22	1
86	23	1
86	24	0
86	25	1
86	26	0
86	27	1
86	28	1
86	29	1
86	30	1
86	31	1
86	32	0
86	33	1
86	34	0
86	35	0
86	36	0
86	37	0
86	38	1
86	39	0
86	40	1
87	1	1
87	2	1
87	3	1
87	4	1
87	5	1
87	6	1
87	7	1
87	8	0
87	9	0
87	10	1
87	11	1
87	12	1
87	13	0
87	14	1
87	15	0
87	16	1
87	17	1
87	18	1
87	19	0
87	20	1
87	21	0
87	22	0
87	23	0
87	24	1
87	25	0
87	26	1
87	27	0
87	28	0
87	29	0
87	30	1
87	31	0
87	32	1
87	33	0
87	34	1
87	35	1
87	36	1
87	37	1
87	38	1
87	39	1
87	40	1
88	1	1
88	2	1
88	3	0
88	4	0
88	5	1
88	6	0
88	7	1
88	8	1
88	9	1
88	10	1
88	11	0
88	12	1
88	13	1
88	14	1
88	15	1
88	16	1
88	17	0
88	18	1
88	19	1
88	20	0
88	21	1
88	22	1
88	23	1
88	24	1
88	25	1
88	26	1
88	27	1
88	28	1
88	29	1
88	30	1
88	31	1
88	32	1
88	33	1
88	34	1
88	35	1
88	36	1
88	37	1
88	38	0
88	39	1
88	40	1
89	1	0
89	2	0
89	3	0
89	4	0
89	5	1
89	6	0
89	7	0
89	8	0
89	9	0
89	10	0
89	11	0
89	12	0
89	13	1
89	14	1
89	15	1
89	16	1
89	17	0
89	18	1
89	19	1
89	20	0
89	21	0
89	22	1
89	23	0
89	24	1
89	25	1
89	26	0
89	27	0
89	28	0
89	29	1
89	30	0
89	31	0
89	32	1
89	33	0
89	34	1
89	35	1
89	36	1
89	37	1
89	38	0
89	39	0
89	40	0
90	1	1
90	2	1
90	3	1
90	4	1
90	5	1
90	6	1
90	7	1
90	8	0
90	9	0
90	10	1
90	11	1
90	12	1
90	13	0
90	14	1
90	15	0
90	16	1
90	17	1
90	18	1
90	19	0
90	20	1
90	21	0
90	22	0
90	23	0
90	24	1
90	25	0
90	26	1
90	27	0
90	28	0
90	29	0
90	30	1
90	31	0
90	32	1
90	33	0
90	34	1
90	35	1
90	36	1
90	37	1
90	38	1
90	39	1
90	40	1
91	1	1
91	2	1
91	3	1
91	4	1
91	5	0
91	6	1
91	7	1
91	8	1
91	9	1
91	10	0
91	11	1
91	12	0
91	13	1
91	14	0
91	15	1
91	16	0
91	17	1
91	18	0
91	19	1
91	20	1
91	21	1
91	22	1
91	23	1
91	24	0
91	25	1
91	26	0
91	27	1
91	28	1
91	29	1
91	30	1
91	31	1
91	32	0
91	33	1
91	34	0
91	35	0
91	36	0
91	37	0
91	38	1
91	39	0
91	40	1
92	1	1
92	2	1
92	3	1
92	4	1
92	5	1
92	6	1
92	7	1
92	8	0
92	9	0
92	10	1
92	11	1
92	12	1
92	13	1
92	14	1
92	15	1
92	16	1
92	17	1
92	18	1
92	19	1
92	20	1
92	21	0
92	22	1
92	23	0
92	24	1
92	25	1
92	26	1
92	27	0
92	28	0
92	29	1
92	30	1
92	31	0
92	32	1
92	33	0
92	34	1
92	35	1
92	36	1
92	37	1
92	38	1
92	39	1
92	40	1
93	1	1
93	2	1
93	3	0
93	4	0
93	5	1
93	6	0
93	7	1
93	8	1
93	9	1
93	10	1
93	11	0
93	12	1
93	13	1
93	14	1
93	15	1
93	16	1
93	17	0
93	18	1
93	19	1
93	20	0
93	21	1
93	22	1
93	23	1
93	24	1
93	25	1
93	26	1
93	27	1
93	28	1
93	29	1
93	30	1
93	31	1
93	32	1
93	33	1
93	34	1
93	35	1
93	36	1
93	37	1
93	38	0
93	39	1
93	40	1
94	1	1
94	2	1
94	3	1
94	4	1
94	5	1
94	6	1
94	7	1
94	8	1
94	9	1
94	10	1
94	11	1
94	12	1
94	13	1
94	14	1
94	15	1
94	16	1
94	17	1
94	18	1
94	19	1
94	20	1
94	21	1
94	22	1
94	23	1
94	24	1
94	25	1
94	26	1
94	27	1
94	28	1
94	29	1
94	30	1
94	31	1
94	32	1
94	33	1
94	34	1
94	35	1
94	36	1
94	37	1
94	38	1
94	39	1
94	40	1
95	1	1
95	2	1
95	3	1
95	4	1
95	5	1
95	6	1
95	7	1
95	8	1
95	9	1
95	10	1
95	11	1
95	12	1
95	13	1
95	14	1
95	15	1
95	16	1
95	17	1
95	18	1
95	19	1
95	20	1
95	21	1
95	22	1
95	23	1
95	24	1
95	25	1
95	26	1
95	27	1
95	28	1
95	29	1
95	30	1
95	31	1
95	32	1
95	33	1
95	34	1
95	35	1
95	36	1
95	37	1
95	38	1
95	39	1
95	40	1
96	1	1
96	2	1
96	3	1
96	4	1
96	5	1
96	6	1
96	7	1
96	8	0
96	9	0
96	10	1
96	11	1
96	12	1
96	13	1
96	14	1
96	15	1
96	16	1
96	17	1
96	18	1
96	19	1
96	20	1
96	21	0
96	22	1
96	23	0
96	24	1
96	25	1
96	26	1
96	27	0
96	28	0
96	29	1
96	30	1
96	31	0
96	32	1
96	33	0
96	34	1
96	35	1
96	36	1
96	37	1
96	38	1
96	39	1
96	40	1
97	1	1
97	2	1
97	3	0
97	4	1
97	5	0
97	6	1
97	7	1
97	8	0
97	9	0
97	10	0
97	11	0
97	12	0
97	13	1
97	14	0
97	15	0
97	16	0
97	17	0
97	18	0
97	19	0
97	20	1
97	21	1
97	22	1
97	23	1
97	24	0
97	25	1
97	26	0
97	27	1
97	28	0
97	29	1
97	30	0
97	31	1
97	32	0
97	33	1
97	34	0
97	35	0
97	36	0
97	37	0
97	38	1
97	39	0
97	40	0
98	1	1
98	2	1
98	3	1
98	4	1
98	5	1
98	6	1
98	7	1
98	8	1
98	9	1
98	10	1
98	11	1
98	12	1
98	13	1
98	14	1
98	15	1
98	16	1
98	17	1
98	18	1
98	19	1
98	20	1
98	21	1
98	22	1
98	23	1
98	24	1
98	25	1
98	26	1
98	27	1
98	28	1
98	29	1
98	30	1
98	31	1
98	32	1
98	33	1
98	34	1
98	35	1
98	36	1
98	37	1
98	38	1
98	39	1
98	40	1
99	1	1
99	2	1
99	3	1
99	4	1
99	5	1
99	6	1
99	7	1
99	8	0
99	9	0
99	10	1
99	11	1
99	12	1
99	13	0
99	14	1
99	15	0
99	16	1
99	17	1
99	18	1
99	19	0
99	20	1
99	21	0
99	22	0
99	23	0
99	24	1
99	25	0
99	26	1
99	27	0
99	28	0
99	29	0
99	30	1
99	31	0
99	32	1
99	33	0
99	34	1
99	35	1
99	36	1
99	37	1
99	38	1
99	39	1
99	40	1
100	1	1
100	2	1
100	3	0
100	4	1
100	5	1
100	6	1
100	7	1
100	8	0
100	9	0
100	10	1
100	11	0
100	12	1
100	13	1
100	14	1
100	15	0
100	16	0
100	17	0
100	18	1
100	19	0
100	20	1
100	21	1
100	22	1
100	23	1
100	24	0
100	25	1
100	26	1
100	27	1
100	28	0
100	29	1
100	30	0
100	31	1
100	32	1
100	33	1
100	34	1
100	35	1
100	36	1
100	37	1
100	38	1
100	39	0
100	40	0
101	1	1
101	2	1
101	3	0
101	4	0
101	5	1
101	6	0
101	7	1
101	8	1
101	9	1
101	10	1
101	11	0
101	12	1
101	13	1
101	14	1
101	15	1
101	16	1
101	17	0
101	18	1
101	19	1
101	20	0
101	21	1
101	22	1
101	23	1
101	24	1
101	25	1
101	26	1
101	27	1
101	28	1
101	29	1
101	30	1
101	31	1
101	32	1
101	33	1
101	34	1
101	35	1
101	36	1
101	37	1
101	38	0
101	39	1
101	40	1
102	1	0
102	2	0
102	3	1
102	4	0
102	5	0
102	6	0
102	7	0
102	8	0
102	9	0
102	10	0
102	11	1
102	12	0
102	13	1
102	14	0
102	15	1
102	16	0
102	17	1
102	18	0
102	19	1
102	20	0
102	21	0
102	22	0
102	23	1
102	24	0
102	25	1
102	26	1
102	27	1
102	28	1
102	29	1
102	30	0
102	31	0
102	32	0
102	33	1
102	34	0
102	35	0
102	36	0
102	37	0
102	38	1
102	39	1
102	40	0
103	1	1
103	2	1
103	3	1
103	4	1
103	5	0
103	6	1
103	7	1
103	8	1
103	9	1
103	10	0
103	11	1
103	12	0
103	13	1
103	14	0
103	15	1
103	16	0
103	17	1
103	18	0
103	19	1
103	20	1
103	21	1
103	22	1
103	23	1
103	24	0
103	25	1
103	26	0
103	27	1
103	28	1
103	29	1
103	30	1
103	31	1
103	32	0
103	33	1
103	34	0
103	35	0
103	36	0
103	37	0
103	38	1
103	39	0
103	40	1
104	1	1
104	2	1
104	3	0
104	4	1
104	5	0
104	6	1
104	7	1
104	8	0
104	9	0
104	10	0
104	11	0
104	12	0
104	13	1
104	14	0
104	15	0
104	16	0
104	17	0
104	18	0
104	19	0
104	20	1
104	21	1
104	22	1
104	23	1
104	24	0
104	25	1
104	26	0
104	27	1
104	28	0
104	29	1
104	30	0
104	31	1
104	32	0
104	33	1
104	34	0
104	35	0
104	36	0
104	37	0
104	38	1
104	39	0
104	40	0
105	1	0
105	2	0
105	3	0
105	4	0
105	5	1
105	6	0
105	7	0
105	8	0
105	9	0
105	10	0
105	11	0
105	12	0
105	13	1
105	14	1
105	15	1
105	16	1
105	17	0
105	18	1
105	19	1
105	20	0
105	21	0
105	22	1
105	23	0
105	24	1
105	25	1
105	26	0
105	27	0
105	28	0
105	29	1
105	30	0
105	31	0
105	32	1
105	33	0
105	34	1
105	35	1
105	36	1
105	37	1
105	38	0
105	39	0
105	40	0
106	1	0
106	2	0
106	3	0
106	4	0
106	5	1
106	6	0
106	7	0
106	8	0
106	9	0
106	10	0
106	11	0
106	12	0
106	13	1
106	14	1
106	15	1
106	16	1
106	17	0
106	18	1
106	19	1
106	20	0
106	21	0
106	22	1
106	23	0
106	24	1
106	25	1
106	26	0
106	27	0
106	28	0
106	29	1
106	30	0
106	31	0
106	32	1
106	33	0
106	34	1
106	35	1
106	36	1
106	37	1
106	38	0
106	39	0
106	40	0
107	1	1
107	2	1
107	3	1
107	4	1
107	5	0
107	6	0
107	7	0
107	8	0
107	9	0
107	10	0
107	11	0
107	12	1
107	13	1
107	14	0
107	15	0
107	16	0
107	17	1
107	18	0
107	19	1
107	20	0
107	21	0
107	22	1
107	23	0
107	24	0
107	25	1
107	26	1
107	27	0
107	28	0
107	29	1
107	30	0
107	31	0
107	32	0
107	33	0
107	34	0
107	35	0
107	36	0
107	37	0
107	38	1
107	39	1
107	40	0
108	1	1
108	2	1
108	3	1
108	4	1
108	5	0
108	6	0
108	7	0
108	8	0
108	9	0
108	10	0
108	11	0
108	12	1
108	13	1
108	14	0
108	15	0
108	16	0
108	17	1
108	18	0
108	19	1
108	20	0
108	21	0
108	22	1
108	23	0
108	24	0
108	25	1
108	26	1
108	27	0
108	28	0
108	29	1
108	30	0
108	31	0
108	32	0
108	33	0
108	34	0
108	35	0
108	36	0
108	37	0
108	38	1
108	39	1
108	40	0
109	1	0
109	2	0
109	3	1
109	4	0
109	5	0
109	6	0
109	7	0
109	8	0
109	9	0
109	10	0
109	11	1
109	12	0
109	13	1
109	14	0
109	15	1
109	16	0
109	17	1
109	18	0
109	19	1
109	20	0
109	21	0
109	22	0
109	23	1
109	24	0
109	25	1
109	26	1
109	27	1
109	28	1
109	29	1
109	30	0
109	31	0
109	32	0
109	33	1
109	34	0
109	35	0
109	36	0
109	37	0
109	38	1
109	39	1
109	40	0
110	1	0
110	2	0
110	3	0
110	4	0
110	5	1
110	6	0
110	7	0
110	8	0
110	9	0
110	10	0
110	11	0
110	12	0
110	13	1
110	14	1
110	15	1
110	16	1
110	17	0
110	18	1
110	19	1
110	20	0
110	21	0
110	22	1
110	23	0
110	24	1
110	25	1
110	26	0
110	27	0
110	28	0
110	29	1
110	30	0
110	31	0
110	32	1
110	33	0
110	34	1
110	35	1
110	36	1
110	37	1
110	38	0
110	39	0
110	40	0
111	1	1
111	2	1
111	3	0
111	4	1
111	5	0
111	6	1
111	7	1
111	8	0
111	9	0
111	10	0
111	11	0
111	12	0
111	13	1
111	14	0
111	15	0
111	16	0
111	17	0
111	18	0
111	19	0
111	20	1
111	21	1
111	22	1
111	23	1
111	24	0
111	25	1
111	26	0
111	27	1
111	28	0
111	29	1
111	30	0
111	31	1
111	32	0
111	33	1
111	34	0
111	35	0
111	36	0
111	37	0
111	38	1
111	39	0
111	40	0
112	1	0
112	2	0
112	3	0
112	4	0
112	5	1
112	6	0
112	7	0
112	8	0
112	9	0
112	10	0
112	11	0
112	12	0
112	13	1
112	14	1
112	15	1
112	16	1
112	17	0
112	18	1
112	19	1
112	20	0
112	21	0
112	22	1
112	23	0
112	24	1
112	25	1
112	26	0
112	27	0
112	28	0
112	29	1
112	30	0
112	31	0
112	32	1
112	33	0
112	34	1
112	35	1
112	36	1
112	37	1
112	38	0
112	39	0
112	40	0
113	1	1
113	2	1
113	3	0
113	4	1
113	5	0
113	6	1
113	7	1
113	8	0
113	9	0
113	10	0
113	11	0
113	12	0
113	13	1
113	14	0
113	15	0
113	16	0
113	17	0
113	18	0
113	19	0
113	20	1
113	21	1
113	22	1
113	23	1
113	24	0
113	25	1
113	26	0
113	27	1
113	28	0
113	29	1
113	30	0
113	31	1
113	32	0
113	33	1
113	34	0
113	35	0
113	36	0
113	37	0
113	38	1
113	39	0
113	40	0
114	1	1
114	2	1
114	3	1
114	4	1
114	5	1
114	6	1
114	7	1
114	8	0
114	9	0
114	10	1
114	11	1
114	12	1
114	13	0
114	14	1
114	15	0
114	16	1
114	17	1
114	18	1
114	19	0
114	20	1
114	21	0
114	22	0
114	23	0
114	24	1
114	25	0
114	26	1
114	27	0
114	28	0
114	29	0
114	30	1
114	31	0
114	32	1
114	33	0
114	34	1
114	35	1
114	36	1
114	37	1
114	38	1
114	39	1
114	40	1
115	1	0
115	2	0
115	3	0
115	4	0
115	5	1
115	6	0
115	7	0
115	8	0
115	9	0
115	10	0
115	11	0
115	12	0
115	13	1
115	14	1
115	15	1
115	16	1
115	17	0
115	18	1
115	19	1
115	20	0
115	21	0
115	22	1
115	23	0
115	24	1
115	25	1
115	26	0
115	27	0
115	28	0
115	29	1
115	30	0
115	31	0
115	32	1
115	33	0
115	34	1
115	35	1
115	36	1
115	37	1
115	38	0
115	39	0
115	40	0
116	1	0
116	2	0
116	3	1
116	4	1
116	5	0
116	6	1
116	7	0
116	8	1
116	9	1
116	10	1
116	11	1
116	12	1
116	13	1
116	14	0
116	15	1
116	16	0
116	17	1
116	18	0
116	19	1
116	20	1
116	21	1
116	22	1
116	23	1
116	24	0
116	25	1
116	26	1
116	27	1
116	28	1
116	29	1
116	30	0
116	31	1
116	32	0
116	33	1
116	34	0
116	35	0
116	36	0
116	37	0
116	38	1
116	39	1
116	40	0
117	1	1
117	2	1
117	3	1
117	4	1
117	5	1
117	6	1
117	7	1
117	8	1
117	9	1
117	10	1
117	11	1
117	12	1
117	13	1
117	14	1
117	15	1
117	16	1
117	17	1
117	18	1
117	19	1
117	20	1
117	21	1
117	22	1
117	23	1
117	24	1
117	25	1
117	26	1
117	27	1
117	28	1
117	29	1
117	30	1
117	31	1
117	32	1
117	33	1
117	34	1
117	35	1
117	36	1
117	37	1
117	38	1
117	39	1
117	40	1
118	1	1
118	2	1
118	3	1
118	4	1
118	5	1
118	6	1
118	7	1
118	8	1
118	9	1
118	10	1
118	11	1
118	12	1
118	13	1
118	14	1
118	15	1
118	16	1
118	17	1
118	18	1
118	19	1
118	20	1
118	21	1
118	22	1
118	23	1
118	24	1
118	25	1
118	26	1
118	27	1
118	28	1
118	29	1
118	30	1
118	31	1
118	32	1
118	33	1
118	34	1
118	35	1
118	36	1
118	37	1
118	38	1
118	39	1
118	40	1
119	1	0
119	2	0
119	3	0
119	4	0
119	5	1
119	6	0
119	7	0
119	8	0
119	9	0
119	10	0
119	11	0
119	12	0
119	13	1
119	14	1
119	15	0
119	16	0
119	17	0
119	18	1
119	19	0
119	20	0
119	21	0
119	22	1
119	23	0
119	24	0
119	25	1
119	26	0
119	27	0
119	28	0
119	29	1
119	30	0
119	31	0
119	32	1
119	33	0
119	34	1
119	35	1
119	36	1
119	37	1
119	38	0
119	39	0
119	40	0
120	1	1
120	2	1
120	3	1
120	4	1
120	5	1
120	6	1
120	7	1
120	8	1
120	9	1
120	10	1
120	11	1
120	12	1
120	13	1
120	14	1
120	15	1
120	16	1
120	17	1
120	18	1
120	19	1
120	20	1
120	21	1
120	22	1
120	23	1
120	24	1
120	25	1
120	26	1
120	27	1
120	28	1
120	29	1
120	30	1
120	31	1
120	32	1
120	33	1
120	34	1
120	35	1
120	36	1
120	37	1
120	38	1
120	39	1
120	40	1
121	1	0
121	2	0
121	3	1
121	4	1
121	5	0
121	6	1
121	7	0
121	8	1
121	9	1
121	10	1
121	11	1
121	12	1
121	13	1
121	14	0
121	15	1
121	16	0
121	17	1
121	18	0
121	19	1
121	20	1
121	21	1
121	22	1
121	23	1
121	24	0
121	25	1
121	26	1
121	27	1
121	28	1
121	29	1
121	30	0
121	31	1
121	32	0
121	33	1
121	34	0
121	35	0
121	36	0
121	37	0
121	38	1
121	39	1
121	40	0
122	1	1
122	2	1
122	3	1
122	4	1
122	5	1
122	6	1
122	7	1
122	8	0
122	9	0
122	10	1
122	11	1
122	12	1
122	13	0
122	14	1
122	15	0
122	16	1
122	17	1
122	18	1
122	19	0
122	20	1
122	21	0
122	22	0
122	23	0
122	24	1
122	25	0
122	26	1
122	27	0
122	28	0
122	29	0
122	30	1
122	31	0
122	32	1
122	33	0
122	34	1
122	35	1
122	36	1
122	37	1
122	38	1
122	39	1
122	40	1
123	1	1
123	2	1
123	3	1
123	4	1
123	5	1
123	6	1
123	7	1
123	8	1
123	9	1
123	10	1
123	11	1
123	12	1
123	13	1
123	14	1
123	15	1
123	16	1
123	17	1
123	18	1
123	19	1
123	20	1
123	21	1
123	22	1
123	23	1
123	24	1
123	25	1
123	26	1
123	27	1
123	28	1
123	29	1
123	30	1
123	31	1
123	32	1
123	33	1
123	34	1
123	35	1
123	36	1
123	37	1
123	38	1
123	39	1
123	40	1
124	1	1
124	2	1
124	3	0
124	4	1
124	5	1
124	6	1
124	7	1
124	8	0
124	9	0
124	10	1
124	11	0
124	12	1
124	13	1
124	14	1
124	15	0
124	16	0
124	17	0
124	18	1
124	19	0
124	20	1
124	21	0
124	22	1
124	23	0
124	24	0
124	25	1
124	26	1
124	27	0
124	28	0
124	29	1
124	30	0
124	31	0
124	32	1
124	33	0
124	34	1
124	35	1
124	36	1
124	37	1
124	38	1
124	39	0
124	40	0
125	1	1
125	2	1
125	3	1
125	4	1
125	5	0
125	6	1
125	7	1
125	8	1
125	9	1
125	10	0
125	11	1
125	12	0
125	13	1
125	14	0
125	15	1
125	16	0
125	17	1
125	18	0
125	19	1
125	20	1
125	21	1
125	22	1
125	23	1
125	24	0
125	25	1
125	26	0
125	27	1
125	28	1
125	29	1
125	30	1
125	31	1
125	32	0
125	33	1
125	34	0
125	35	0
125	36	0
125	37	0
125	38	1
125	39	0
125	40	1
126	1	0
126	2	0
126	3	1
126	4	1
126	5	0
126	6	1
126	7	0
126	8	1
126	9	1
126	10	1
126	11	1
126	12	1
126	13	1
126	14	0
126	15	1
126	16	0
126	17	1
126	18	0
126	19	1
126	20	1
126	21	1
126	22	1
126	23	1
126	24	0
126	25	1
126	26	1
126	27	1
126	28	1
126	29	1
126	30	0
126	31	1
126	32	0
126	33	1
126	34	0
126	35	0
126	36	0
126	37	0
126	38	1
126	39	1
126	40	0
127	1	1
127	2	1
127	3	1
127	4	1
127	5	1
127	6	1
127	7	1
127	8	1
127	9	1
127	10	1
127	11	1
127	12	1
127	13	1
127	14	1
127	15	1
127	16	1
127	17	1
127	18	1
127	19	1
127	20	1
127	21	1
127	22	1
127	23	1
127	24	1
127	25	1
127	26	1
127	27	1
127	28	1
127	29	1
127	30	1
127	31	1
127	32	1
127	33	1
127	34	1
127	35	1
127	36	1
127	37	1
127	38	1
127	39	1
127	40	1
128	1	1
128	2	1
128	3	1
128	4	1
128	5	1
128	6	1
128	7	1
128	8	1
128	9	1
128	10	1
128	11	1
128	12	1
128	13	1
128	14	1
128	15	1
128	16	1
128	17	1
128	18	1
128	19	1
128	20	1
128	21	1
128	22	1
128	23	1
128	24	1
128	25	1
128	26	1
128	27	1
128	28	1
128	29	1
128	30	1
128	31	1
128	32	1
128	33	1
128	34	1
128	35	1
128	36	1
128	37	1
128	38	1
128	39	1
128	40	1
129	1	1
129	2	1
129	3	1
129	4	1
129	5	1
129	6	1
129	7	1
129	8	1
129	9	1
129	10	1
129	11	1
129	12	1
129	13	1
129	14	1
129	15	1
129	16	1
129	17	1
129	18	1
129	19	1
129	20	1
129	21	1
129	22	1
129	23	1
129	24	1
129	25	1
129	26	1
129	27	1
129	28	1
129	29	1
129	30	1
129	31	1
129	32	1
129	33	1
129	34	1
129	35	1
129	36	1
129	37	1
129	38	1
129	39	1
129	40	1
130	1	0
130	2	0
130	3	1
130	4	1
130	5	0
130	6	1
130	7	0
130	8	1
130	9	1
130	10	1
130	11	1
130	12	1
130	13	1
130	14	0
130	15	1
130	16	0
130	17	1
130	18	0
130	19	1
130	20	1
130	21	1
130	22	1
130	23	1
130	24	0
130	25	1
130	26	1
130	27	1
130	28	1
130	29	1
130	30	0
130	31	1
130	32	0
130	33	1
130	34	0
130	35	0
130	36	0
130	37	0
130	38	1
130	39	1
130	40	0
131	1	1
131	2	1
131	3	1
131	4	1
131	5	0
131	6	1
131	7	1
131	8	1
131	9	1
131	10	0
131	11	1
131	12	0
131	13	1
131	14	0
131	15	1
131	16	0
131	17	1
131	18	0
131	19	1
131	20	1
131	21	1
131	22	1
131	23	1
131	24	0
131	25	1
131	26	0
131	27	1
131	28	1
131	29	1
131	30	1
131	31	1
131	32	0
131	33	1
131	34	0
131	35	0
131	36	0
131	37	0
131	38	1
131	39	0
131	40	1
132	1	1
132	2	1
132	3	1
132	4	1
132	5	0
132	6	1
132	7	1
132	8	1
132	9	1
132	10	0
132	11	1
132	12	0
132	13	1
132	14	0
132	15	1
132	16	0
132	17	1
132	18	0
132	19	1
132	20	1
132	21	1
132	22	1
132	23	1
132	24	0
132	25	1
132	26	0
132	27	1
132	28	1
132	29	1
132	30	1
132	31	1
132	32	0
132	33	1
132	34	0
132	35	0
132	36	0
132	37	0
132	38	1
132	39	0
132	40	1
133	1	1
133	2	1
133	3	0
133	4	0
133	5	1
133	6	0
133	7	1
133	8	1
133	9	1
133	10	1
133	11	0
133	12	1
133	13	1
133	14	1
133	15	1
133	16	1
133	17	0
133	18	1
133	19	1
133	20	0
133	21	1
133	22	1
133	23	1
133	24	1
133	25	1
133	26	1
133	27	1
133	28	1
133	29	1
133	30	1
133	31	1
133	32	1
133	33	1
133	34	1
133	35	1
133	36	1
133	37	1
133	38	0
133	39	1
133	40	1
134	1	1
134	2	1
134	3	1
134	4	1
134	5	0
134	6	1
134	7	1
134	8	1
134	9	1
134	10	0
134	11	1
134	12	0
134	13	1
134	14	0
134	15	1
134	16	0
134	17	1
134	18	0
134	19	1
134	20	1
134	21	1
134	22	1
134	23	1
134	24	0
134	25	1
134	26	0
134	27	1
134	28	1
134	29	1
134	30	1
134	31	1
134	32	0
134	33	1
134	34	0
134	35	0
134	36	0
134	37	0
134	38	1
134	39	0
134	40	1
135	1	1
135	2	1
135	3	1
135	4	1
135	5	1
135	6	1
135	7	1
135	8	1
135	9	1
135	10	1
135	11	1
135	12	1
135	13	1
135	14	1
135	15	1
135	16	1
135	17	1
135	18	1
135	19	1
135	20	1
135	21	1
135	22	1
135	23	1
135	24	1
135	25	1
135	26	1
135	27	1
135	28	1
135	29	1
135	30	1
135	31	1
135	32	1
135	33	1
135	34	1
135	35	1
135	36	1
135	37	1
135	38	1
135	39	1
135	40	1
136	1	1
136	2	1
136	3	1
136	4	1
136	5	0
136	6	1
136	7	1
136	8	0
136	9	0
136	10	1
136	11	1
136	12	1
136	13	1
136	14	0
136	15	1
136	16	0
136	17	1
136	18	0
136	19	1
136	20	1
136	21	0
136	22	1
136	23	0
136	24	0
136	25	1
136	26	1
136	27	0
136	28	0
136	29	1
136	30	1
136	31	0
136	32	0
136	33	0
136	34	0
136	35	0
136	36	0
136	37	0
136	38	1
136	39	1
136	40	1
137	1	1
137	2	1
137	3	1
137	4	1
137	5	1
137	6	1
137	7	1
137	8	0
137	9	0
137	10	1
137	11	1
137	12	1
137	13	1
137	14	1
137	15	1
137	16	1
137	17	1
137	18	1
137	19	1
137	20	1
137	21	0
137	22	1
137	23	0
137	24	1
137	25	1
137	26	1
137	27	0
137	28	0
137	29	1
137	30	1
137	31	0
137	32	1
137	33	0
137	34	1
137	35	1
137	36	1
137	37	1
137	38	1
137	39	1
137	40	1
138	1	1
138	2	1
138	3	1
138	4	1
138	5	1
138	6	1
138	7	1
138	8	0
138	9	0
138	10	1
138	11	1
138	12	1
138	13	1
138	14	1
138	15	1
138	16	1
138	17	1
138	18	1
138	19	1
138	20	1
138	21	0
138	22	1
138	23	0
138	24	1
138	25	1
138	26	1
138	27	0
138	28	0
138	29	1
138	30	1
138	31	0
138	32	1
138	33	0
138	34	1
138	35	1
138	36	1
138	37	1
138	38	1
138	39	1
138	40	1
139	1	1
139	2	1
139	3	0
139	4	1
139	5	0
139	6	0
139	7	0
139	8	1
139	9	1
139	10	0
139	11	1
139	12	0
139	13	1
139	14	1
139	15	1
139	16	0
139	17	1
139	18	1
139	19	1
139	20	0
139	21	1
139	22	1
139	23	1
139	24	1
139	25	1
139	26	1
139	27	1
139	28	0
139	29	1
139	30	1
139	31	1
139	32	1
139	33	1
139	34	1
139	35	1
139	36	1
139	37	1
139	38	1
139	39	1
139	40	0
140	1	1
140	2	1
140	3	1
140	4	1
140	5	0
140	6	1
140	7	1
140	8	1
140	9	1
140	10	0
140	11	1
140	12	0
140	13	1
140	14	0
140	15	1
140	16	0
140	17	1
140	18	0
140	19	1
140	20	1
140	21	1
140	22	1
140	23	1
140	24	0
140	25	1
140	26	0
140	27	1
140	28	1
140	29	1
140	30	1
140	31	1
140	32	0
140	33	1
140	34	0
140	35	0
140	36	0
140	37	0
140	38	1
140	39	0
140	40	1
141	1	1
141	2	1
141	3	0
141	4	0
141	5	1
141	6	0
141	7	1
141	8	1
141	9	1
141	10	1
141	11	0
141	12	1
141	13	1
141	14	1
141	15	1
141	16	1
141	17	0
141	18	1
141	19	1
141	20	0
141	21	1
141	22	1
141	23	1
141	24	1
141	25	1
141	26	1
141	27	1
141	28	1
141	29	1
141	30	1
141	31	1
141	32	1
141	33	1
141	34	1
141	35	1
141	36	1
141	37	1
141	38	0
141	39	1
141	40	1
142	1	1
142	2	1
142	3	1
142	4	1
142	5	1
142	6	1
142	7	1
142	8	1
142	9	1
142	10	1
142	11	1
142	12	1
142	13	1
142	14	1
142	15	1
142	16	1
142	17	1
142	18	1
142	19	1
142	20	1
142	21	1
142	22	1
142	23	1
142	24	1
142	25	1
142	26	1
142	27	1
142	28	1
142	29	1
142	30	1
142	31	1
142	32	1
142	33	1
142	34	1
142	35	1
142	36	1
142	37	1
142	38	1
142	39	1
142	40	1
143	1	0
143	2	0
143	3	0
143	4	0
143	5	1
143	6	0
143	7	0
143	8	0
143	9	0
143	10	0
143	11	0
143	12	0
143	13	1
143	14	0
143	15	0
143	16	1
143	17	0
143	18	1
143	19	1
143	20	0
143	21	0
143	22	1
143	23	0
143	24	1
143	25	1
143	26	0
143	27	0
143	28	0
143	29	1
143	30	0
143	31	0
143	32	1
143	33	0
143	34	1
143	35	1
143	36	0
143	37	1
143	38	0
143	39	0
143	40	0
144	1	0
144	2	0
144	3	1
144	4	1
144	5	0
144	6	1
144	7	0
144	8	1
144	9	1
144	10	1
144	11	1
144	12	1
144	13	1
144	14	0
144	15	1
144	16	0
144	17	1
144	18	0
144	19	1
144	20	1
144	21	1
144	22	1
144	23	1
144	24	0
144	25	1
144	26	1
144	27	1
144	28	1
144	29	1
144	30	0
144	31	1
144	32	0
144	33	1
144	34	0
144	35	0
144	36	0
144	37	0
144	38	1
144	39	1
144	40	0
145	1	1
145	2	1
145	3	0
145	4	1
145	5	0
145	6	1
145	7	1
145	8	0
145	9	0
145	10	0
145	11	0
145	12	0
145	13	1
145	14	0
145	15	0
145	16	0
145	17	0
145	18	0
145	19	0
145	20	1
145	21	1
145	22	1
145	23	1
145	24	0
145	25	1
145	26	0
145	27	1
145	28	0
145	29	1
145	30	0
145	31	1
145	32	0
145	33	1
145	34	0
145	35	0
145	36	0
145	37	0
145	38	1
145	39	0
145	40	0
146	1	1
146	2	1
146	3	1
146	4	1
146	5	0
146	6	1
146	7	1
146	8	0
146	9	0
146	10	1
146	11	1
146	12	1
146	13	1
146	14	0
146	15	1
146	16	0
146	17	1
146	18	0
146	19	1
146	20	1
146	21	0
146	22	1
146	23	0
146	24	0
146	25	1
146	26	1
146	27	0
146	28	0
146	29	1
146	30	1
146	31	0
146	32	0
146	33	0
146	34	0
146	35	0
146	36	0
146	37	0
146	38	1
146	39	1
146	40	1
147	1	1
147	2	1
147	3	1
147	4	1
147	5	0
147	6	1
147	7	1
147	8	0
147	9	0
147	10	1
147	11	1
147	12	1
147	13	1
147	14	0
147	15	1
147	16	0
147	17	1
147	18	0
147	19	1
147	20	1
147	21	0
147	22	1
147	23	0
147	24	0
147	25	1
147	26	1
147	27	0
147	28	0
147	29	1
147	30	1
147	31	0
147	32	0
147	33	0
147	34	0
147	35	0
147	36	0
147	37	0
147	38	1
147	39	1
147	40	1
148	1	1
148	2	1
148	3	1
148	4	1
148	5	1
148	6	1
148	7	1
148	8	0
148	9	0
148	10	1
148	11	1
148	12	1
148	13	0
148	14	1
148	15	0
148	16	1
148	17	1
148	18	1
148	19	0
148	20	1
148	21	0
148	22	0
148	23	0
148	24	1
148	25	0
148	26	1
148	27	0
148	28	0
148	29	0
148	30	1
148	31	0
148	32	1
148	33	0
148	34	1
148	35	1
148	36	1
148	37	1
148	38	1
148	39	1
148	40	1
149	1	1
149	2	1
149	3	1
149	4	1
149	5	0
149	6	1
149	7	1
149	8	1
149	9	1
149	10	0
149	11	1
149	12	0
149	13	1
149	14	0
149	15	1
149	16	0
149	17	1
149	18	0
149	19	1
149	20	1
149	21	1
149	22	1
149	23	1
149	24	0
149	25	1
149	26	0
149	27	1
149	28	1
149	29	1
149	30	1
149	31	1
149	32	0
149	33	1
149	34	0
149	35	0
149	36	0
149	37	0
149	38	1
149	39	0
149	40	1
150	1	1
150	2	1
150	3	0
150	4	1
150	5	0
150	6	0
150	7	0
150	8	0
150	9	0
150	10	0
150	11	0
150	12	1
150	13	1
150	14	0
150	15	0
150	16	0
150	17	0
150	18	0
150	19	0
150	20	0
150	21	0
150	22	1
150	23	0
150	24	0
150	25	1
150	26	1
150	27	0
150	28	0
150	29	1
150	30	0
150	31	0
150	32	0
150	33	0
150	34	0
150	35	0
150	36	0
150	37	0
150	38	1
150	39	0
150	40	0
151	1	1
151	2	1
151	3	1
151	4	1
151	5	0
151	6	0
151	7	0
151	8	0
151	9	0
151	10	0
151	11	0
151	12	1
151	13	1
151	14	0
151	15	0
151	16	0
151	17	1
151	18	0
151	19	1
151	20	0
151	21	0
151	22	1
151	23	0
151	24	0
151	25	1
151	26	1
151	27	0
151	28	0
151	29	1
151	30	0
151	31	0
151	32	0
151	33	0
151	34	0
151	35	0
151	36	0
151	37	0
151	38	1
151	39	1
151	40	0
152	1	1
152	2	1
152	3	1
152	4	1
152	5	1
152	6	1
152	7	1
152	8	1
152	9	1
152	10	1
152	11	1
152	12	1
152	13	1
152	14	1
152	15	1
152	16	1
152	17	1
152	18	1
152	19	1
152	20	1
152	21	1
152	22	1
152	23	1
152	24	1
152	25	1
152	26	1
152	27	1
152	28	1
152	29	1
152	30	1
152	31	1
152	32	1
152	33	1
152	34	1
152	35	1
152	36	1
152	37	1
152	38	1
152	39	1
152	40	1
153	1	1
153	2	1
153	3	1
153	4	1
153	5	1
153	6	1
153	7	1
153	8	1
153	9	1
153	10	1
153	11	1
153	12	1
153	13	1
153	14	1
153	15	1
153	16	1
153	17	1
153	18	1
153	19	1
153	20	1
153	21	1
153	22	1
153	23	1
153	24	1
153	25	1
153	26	1
153	27	1
153	28	1
153	29	1
153	30	1
153	31	1
153	32	1
153	33	1
153	34	1
153	35	1
153	36	1
153	37	1
153	38	1
153	39	1
153	40	1
154	1	1
154	2	1
154	3	1
154	4	1
154	5	0
154	6	1
154	7	1
154	8	1
154	9	1
154	10	0
154	11	1
154	12	0
154	13	1
154	14	0
154	15	1
154	16	0
154	17	1
154	18	0
154	19	1
154	20	1
154	21	1
154	22	1
154	23	1
154	24	0
154	25	1
154	26	0
154	27	1
154	28	1
154	29	1
154	30	1
154	31	1
154	32	0
154	33	1
154	34	0
154	35	0
154	36	0
154	37	0
154	38	1
154	39	0
154	40	1
155	1	1
155	2	1
155	3	1
155	4	1
155	5	0
155	6	1
155	7	1
155	8	1
155	9	1
155	10	0
155	11	1
155	12	0
155	13	1
155	14	0
155	15	1
155	16	0
155	17	1
155	18	0
155	19	1
155	20	1
155	21	1
155	22	1
155	23	1
155	24	0
155	25	1
155	26	0
155	27	1
155	28	1
155	29	1
155	30	1
155	31	1
155	32	0
155	33	1
155	34	0
155	35	0
155	36	0
155	37	0
155	38	1
155	39	0
155	40	1
156	1	1
156	2	1
156	3	1
156	4	1
156	5	0
156	6	1
156	7	1
156	8	1
156	9	1
156	10	0
156	11	1
156	12	0
156	13	1
156	14	0
156	15	1
156	16	0
156	17	1
156	18	0
156	19	1
156	20	1
156	21	1
156	22	1
156	23	1
156	24	0
156	25	1
156	26	0
156	27	1
156	28	1
156	29	1
156	30	1
156	31	1
156	32	0
156	33	1
156	34	0
156	35	0
156	36	0
156	37	0
156	38	1
156	39	0
156	40	1
157	1	1
157	2	1
157	3	1
157	4	1
157	5	0
157	6	1
157	7	1
157	8	1
157	9	1
157	10	0
157	11	1
157	12	0
157	13	1
157	14	0
157	15	1
157	16	0
157	17	1
157	18	0
157	19	1
157	20	1
157	21	1
157	22	1
157	23	1
157	24	0
157	25	1
157	26	0
157	27	1
157	28	1
157	29	1
157	30	1
157	31	1
157	32	0
157	33	1
157	34	0
157	35	0
157	36	0
157	37	0
157	38	1
157	39	0
157	40	1
158	1	1
158	2	1
158	3	1
158	4	1
158	5	1
158	6	1
158	7	1
158	8	0
158	9	0
158	10	1
158	11	1
158	12	1
158	13	1
158	14	1
158	15	1
158	16	1
158	17	1
158	18	1
158	19	1
158	20	1
158	21	0
158	22	1
158	23	0
158	24	1
158	25	1
158	26	1
158	27	0
158	28	0
158	29	1
158	30	1
158	31	0
158	32	1
158	33	0
158	34	1
158	35	1
158	36	1
158	37	1
158	38	1
158	39	1
158	40	1
159	1	0
159	2	0
159	3	1
159	4	1
159	5	0
159	6	1
159	7	0
159	8	1
159	9	1
159	10	1
159	11	1
159	12	1
159	13	1
159	14	0
159	15	1
159	16	0
159	17	1
159	18	0
159	19	1
159	20	1
159	21	1
159	22	1
159	23	1
159	24	0
159	25	1
159	26	1
159	27	1
159	28	1
159	29	1
159	30	0
159	31	1
159	32	0
159	33	1
159	34	0
159	35	0
159	36	0
159	37	0
159	38	1
159	39	1
159	40	0
160	1	1
160	2	1
160	3	0
160	4	0
160	5	1
160	6	0
160	7	1
160	8	1
160	9	1
160	10	1
160	11	0
160	12	1
160	13	1
160	14	1
160	15	1
160	16	1
160	17	0
160	18	1
160	19	1
160	20	0
160	21	1
160	22	1
160	23	1
160	24	1
160	25	1
160	26	1
160	27	1
160	28	1
160	29	1
160	30	1
160	31	1
160	32	1
160	33	1
160	34	1
160	35	1
160	36	1
160	37	1
160	38	0
160	39	1
160	40	1
161	1	1
161	2	1
161	3	1
161	4	1
161	5	1
161	6	1
161	7	1
161	8	1
161	9	1
161	10	1
161	11	1
161	12	1
161	13	1
161	14	1
161	15	1
161	16	1
161	17	1
161	18	1
161	19	1
161	20	1
161	21	1
161	22	1
161	23	1
161	24	1
161	25	1
161	26	1
161	27	1
161	28	1
161	29	1
161	30	1
161	31	1
161	32	1
161	33	1
161	34	1
161	35	1
161	36	1
161	37	1
161	38	1
161	39	1
161	40	1
162	1	1
162	2	1
162	3	1
162	4	1
162	5	1
162	6	1
162	7	1
162	8	0
162	9	0
162	10	1
162	11	1
162	12	1
162	13	0
162	14	1
162	15	0
162	16	1
162	17	1
162	18	1
162	19	0
162	20	1
162	21	0
162	22	0
162	23	0
162	24	1
162	25	0
162	26	1
162	27	0
162	28	0
162	29	0
162	30	1
162	31	0
162	32	1
162	33	0
162	34	1
162	35	1
162	36	1
162	37	1
162	38	1
162	39	1
162	40	1
163	1	1
163	2	1
163	3	1
163	4	1
163	5	0
163	6	1
163	7	1
163	8	1
163	9	1
163	10	0
163	11	1
163	12	0
163	13	1
163	14	0
163	15	1
163	16	0
163	17	1
163	18	0
163	19	1
163	20	1
163	21	1
163	22	1
163	23	1
163	24	0
163	25	1
163	26	0
163	27	1
163	28	1
163	29	1
163	30	1
163	31	1
163	32	0
163	33	1
163	34	0
163	35	0
163	36	0
163	37	0
163	38	1
163	39	0
163	40	1
164	1	1
164	2	1
164	3	0
164	4	1
164	5	0
164	6	0
164	7	0
164	8	1
164	9	1
164	10	0
164	11	1
164	12	0
164	13	1
164	14	1
164	15	1
164	16	0
164	17	1
164	18	1
164	19	1
164	20	0
164	21	1
164	22	1
164	23	1
164	24	1
164	25	1
164	26	1
164	27	1
164	28	0
164	29	1
164	30	1
164	31	1
164	32	1
164	33	1
164	34	1
164	35	1
164	36	1
164	37	1
164	38	1
164	39	1
164	40	0
165	1	1
165	2	1
165	3	1
165	4	1
165	5	0
165	6	1
165	7	1
165	8	1
165	9	1
165	10	0
165	11	0
165	12	0
165	13	1
165	14	0
165	15	1
165	16	0
165	17	0
165	18	0
165	19	1
165	20	1
165	21	1
165	22	0
165	23	1
165	24	0
165	25	1
165	26	0
165	27	1
165	28	0
165	29	1
165	30	1
165	31	1
165	32	0
165	33	1
165	34	0
165	35	0
165	36	0
165	37	0
165	38	1
165	39	0
165	40	1
166	1	0
166	2	0
166	3	0
166	4	0
166	5	1
166	6	0
166	7	0
166	8	0
166	9	0
166	10	0
166	11	0
166	12	0
166	13	1
166	14	1
166	15	1
166	16	1
166	17	0
166	18	1
166	19	1
166	20	0
166	21	0
166	22	1
166	23	0
166	24	1
166	25	1
166	26	0
166	27	0
166	28	0
166	29	1
166	30	0
166	31	0
166	32	1
166	33	0
166	34	1
166	35	1
166	36	1
166	37	1
166	38	0
166	39	0
166	40	0
167	1	1
167	2	1
167	3	1
167	4	1
167	5	1
167	6	1
167	7	1
167	8	0
167	9	0
167	10	1
167	11	1
167	12	1
167	13	0
167	14	1
167	15	0
167	16	1
167	17	1
167	18	1
167	19	0
167	20	1
167	21	0
167	22	0
167	23	0
167	24	1
167	25	0
167	26	1
167	27	0
167	28	0
167	29	0
167	30	1
167	31	0
167	32	1
167	33	0
167	34	1
167	35	1
167	36	1
167	37	1
167	38	1
167	39	1
167	40	1
168	1	0
168	2	0
168	3	0
168	4	1
168	5	0
168	6	0
168	7	0
168	8	1
168	9	1
168	10	0
168	11	1
168	12	0
168	13	1
168	14	0
168	15	1
168	16	0
168	17	1
168	18	0
168	19	1
168	20	0
168	21	1
168	22	1
168	23	1
168	24	0
168	25	1
168	26	1
168	27	1
168	28	0
168	29	1
168	30	0
168	31	1
168	32	0
168	33	1
168	34	0
168	35	0
168	36	0
168	37	0
168	38	1
168	39	1
168	40	0
169	1	0
169	2	1
169	3	0
169	4	0
169	5	1
169	6	0
169	7	0
169	8	0
169	9	0
169	10	0
169	11	0
169	12	0
169	13	1
169	14	1
169	15	1
169	16	1
169	17	0
169	18	0
169	19	1
169	20	0
169	21	0
169	22	0
169	23	1
169	24	0
169	25	1
169	26	1
169	27	1
169	28	1
169	29	1
169	30	1
169	31	0
169	32	1
169	33	1
169	34	1
169	35	1
169	36	0
169	37	1
169	38	0
169	39	1
169	40	1
170	1	1
170	2	1
170	3	1
170	4	1
170	5	0
170	6	1
170	7	1
170	8	0
170	9	0
170	10	1
170	11	0
170	12	1
170	13	1
170	14	0
170	15	1
170	16	0
170	17	0
170	18	0
170	19	1
170	20	1
170	21	0
170	22	0
170	23	0
170	24	0
170	25	1
170	26	1
170	27	0
170	28	0
170	29	1
170	30	1
170	31	0
170	32	0
170	33	0
170	34	0
170	35	0
170	36	0
170	37	0
170	38	1
170	39	0
170	40	1
171	1	1
171	2	1
171	3	1
171	4	1
171	5	0
171	6	1
171	7	1
171	8	0
171	9	0
171	10	1
171	11	0
171	12	1
171	13	1
171	14	1
171	15	1
171	16	0
171	17	0
171	18	1
171	19	1
171	20	1
171	21	0
171	22	0
171	23	0
171	24	1
171	25	1
171	26	1
171	27	0
171	28	0
171	29	1
171	30	1
171	31	0
171	32	1
171	33	0
171	34	1
171	35	1
171	36	1
171	37	1
171	38	1
171	39	0
171	40	1
172	1	1
172	2	1
172	3	1
172	4	1
172	5	0
172	6	1
172	7	1
172	8	1
172	9	1
172	10	0
172	11	1
172	12	0
172	13	1
172	14	0
172	15	1
172	16	0
172	17	1
172	18	0
172	19	1
172	20	1
172	21	1
172	22	1
172	23	1
172	24	0
172	25	1
172	26	0
172	27	1
172	28	1
172	29	1
172	30	1
172	31	1
172	32	0
172	33	1
172	34	0
172	35	0
172	36	0
172	37	0
172	38	1
172	39	0
172	40	1
173	1	1
173	2	1
173	3	1
173	4	1
173	5	1
173	6	1
173	7	1
173	8	0
173	9	0
173	10	1
173	11	1
173	12	1
173	13	1
173	14	1
173	15	1
173	16	1
173	17	1
173	18	1
173	19	1
173	20	1
173	21	0
173	22	1
173	23	0
173	24	1
173	25	1
173	26	1
173	27	0
173	28	0
173	29	1
173	30	1
173	31	0
173	32	1
173	33	0
173	34	1
173	35	1
173	36	1
173	37	1
173	38	1
173	39	1
173	40	1
174	1	1
174	2	1
174	3	1
174	4	1
174	5	1
174	6	1
174	7	1
174	8	1
174	9	1
174	10	1
174	11	1
174	12	1
174	13	1
174	14	1
174	15	1
174	16	1
174	17	1
174	18	1
174	19	1
174	20	1
174	21	1
174	22	1
174	23	1
174	24	1
174	25	1
174	26	1
174	27	1
174	28	1
174	29	1
174	30	1
174	31	1
174	32	1
174	33	1
174	34	1
174	35	1
174	36	1
174	37	1
174	38	1
174	39	1
174	40	1
175	1	0
175	2	0
175	3	0
175	4	1
175	5	0
175	6	1
175	7	0
175	8	0
175	9	0
175	10	1
175	11	0
175	12	1
175	13	1
175	14	0
175	15	0
175	16	0
175	17	0
175	18	0
175	19	0
175	20	1
175	21	1
175	22	1
175	23	1
175	24	0
175	25	1
175	26	1
175	27	1
175	28	0
175	29	1
175	30	0
175	31	1
175	32	0
175	33	1
175	34	0
175	35	0
175	36	0
175	37	0
175	38	1
175	39	0
175	40	0
176	1	1
176	2	1
176	3	1
176	4	1
176	5	1
176	6	1
176	7	1
176	8	0
176	9	0
176	10	1
176	11	1
176	12	1
176	13	1
176	14	1
176	15	1
176	16	1
176	17	1
176	18	1
176	19	1
176	20	1
176	21	0
176	22	1
176	23	0
176	24	1
176	25	1
176	26	1
176	27	0
176	28	0
176	29	1
176	30	1
176	31	0
176	32	1
176	33	0
176	34	1
176	35	1
176	36	1
176	37	1
176	38	1
176	39	1
176	40	1
177	1	1
177	2	1
177	3	0
177	4	1
177	5	0
177	6	0
177	7	0
177	8	1
177	9	1
177	10	0
177	11	1
177	12	0
177	13	1
177	14	0
177	15	1
177	16	0
177	17	1
177	18	0
177	19	1
177	20	0
177	21	1
177	22	1
177	23	1
177	24	0
177	25	1
177	26	0
177	27	1
177	28	0
177	29	1
177	30	1
177	31	1
177	32	0
177	33	1
177	34	0
177	35	0
177	36	0
177	37	0
177	38	1
177	39	0
177	40	0
178	1	1
178	2	1
178	3	1
178	4	1
178	5	1
178	6	1
178	7	1
178	8	1
178	9	1
178	10	1
178	11	1
178	12	1
178	13	1
178	14	1
178	15	1
178	16	1
178	17	1
178	18	1
178	19	1
178	20	1
178	21	1
178	22	1
178	23	1
178	24	1
178	25	1
178	26	1
178	27	1
178	28	1
178	29	1
178	30	1
178	31	1
178	32	1
178	33	1
178	34	1
178	35	1
178	36	1
178	37	1
178	38	1
178	39	1
178	40	1
179	1	0
179	2	1
179	3	1
179	4	0
179	5	0
179	6	0
179	7	0
179	8	0
179	9	0
179	10	0
179	11	0
179	12	0
179	13	1
179	14	0
179	15	0
179	16	0
179	17	1
179	18	0
179	19	1
179	20	0
179	21	0
179	22	0
179	23	1
179	24	0
179	25	1
179	26	0
179	27	1
179	28	1
179	29	1
179	30	0
179	31	0
179	32	0
179	33	1
179	34	0
179	35	0
179	36	0
179	37	0
179	38	1
179	39	0
179	40	0
180	1	1
180	2	1
180	3	1
180	4	1
180	5	0
180	6	1
180	7	1
180	8	1
180	9	1
180	10	0
180	11	1
180	12	0
180	13	1
180	14	0
180	15	1
180	16	0
180	17	1
180	18	0
180	19	1
180	20	1
180	21	1
180	22	1
180	23	1
180	24	0
180	25	1
180	26	0
180	27	1
180	28	1
180	29	1
180	30	1
180	31	1
180	32	0
180	33	1
180	34	0
180	35	0
180	36	0
180	37	0
180	38	1
180	39	0
180	40	1
181	1	1
181	2	1
181	3	1
181	4	1
181	5	0
181	6	1
181	7	1
181	8	1
181	9	1
181	10	0
181	11	1
181	12	0
181	13	1
181	14	0
181	15	1
181	16	0
181	17	1
181	18	0
181	19	1
181	20	1
181	21	1
181	22	1
181	23	1
181	24	0
181	25	1
181	26	0
181	27	1
181	28	1
181	29	1
181	30	1
181	31	1
181	32	0
181	33	1
181	34	0
181	35	0
181	36	0
181	37	0
181	38	1
181	39	0
181	40	1
182	1	1
182	2	1
182	3	1
182	4	1
182	5	0
182	6	1
182	7	1
182	8	0
182	9	0
182	10	1
182	11	1
182	12	1
182	13	1
182	14	0
182	15	1
182	16	0
182	17	1
182	18	0
182	19	1
182	20	1
182	21	0
182	22	1
182	23	0
182	24	0
182	25	1
182	26	1
182	27	0
182	28	0
182	29	1
182	30	1
182	31	0
182	32	0
182	33	0
182	34	0
182	35	0
182	36	0
182	37	0
182	38	1
182	39	1
182	40	1
183	1	1
183	2	1
183	3	0
183	4	0
183	5	0
183	6	0
183	7	0
183	8	1
183	9	1
183	10	0
183	11	0
183	12	0
183	13	1
183	14	1
183	15	1
183	16	0
183	17	0
183	18	1
183	19	1
183	20	0
183	21	1
183	22	0
183	23	1
183	24	1
183	25	1
183	26	1
183	27	1
183	28	0
183	29	1
183	30	1
183	31	1
183	32	1
183	33	1
183	34	1
183	35	1
183	36	1
183	37	1
183	38	0
183	39	0
183	40	0
184	1	1
184	2	1
184	3	1
184	4	1
184	5	1
184	6	1
184	7	1
184	8	0
184	9	0
184	10	1
184	11	1
184	12	1
184	13	1
184	14	1
184	15	1
184	16	1
184	17	1
184	18	1
184	19	1
184	20	1
184	21	0
184	22	1
184	23	0
184	24	1
184	25	1
184	26	1
184	27	0
184	28	0
184	29	1
184	30	1
184	31	0
184	32	1
184	33	0
184	34	1
184	35	1
184	36	1
184	37	1
184	38	1
184	39	1
184	40	1
185	1	1
185	2	1
185	3	1
185	4	1
185	5	1
185	6	1
185	7	1
185	8	1
185	9	1
185	10	1
185	11	1
185	12	1
185	13	1
185	14	1
185	15	1
185	16	1
185	17	1
185	18	1
185	19	1
185	20	1
185	21	1
185	22	1
185	23	1
185	24	1
185	25	1
185	26	1
185	27	1
185	28	1
185	29	1
185	30	1
185	31	1
185	32	1
185	33	1
185	34	1
185	35	1
185	36	1
185	37	1
185	38	1
185	39	1
185	40	1
186	1	1
186	2	1
186	3	1
186	4	1
186	5	1
186	6	1
186	7	1
186	8	1
186	9	1
186	10	1
186	11	1
186	12	1
186	13	1
186	14	1
186	15	1
186	16	1
186	17	1
186	18	1
186	19	1
186	20	1
186	21	1
186	22	1
186	23	1
186	24	1
186	25	1
186	26	1
186	27	1
186	28	1
186	29	1
186	30	1
186	31	1
186	32	1
186	33	1
186	34	1
186	35	1
186	36	1
186	37	1
186	38	1
186	39	1
186	40	1
187	1	0
187	2	0
187	3	0
187	4	0
187	5	1
187	6	0
187	7	0
187	8	0
187	9	0
187	10	0
187	11	0
187	12	0
187	13	1
187	14	1
187	15	1
187	16	1
187	17	0
187	18	1
187	19	1
187	20	0
187	21	0
187	22	1
187	23	0
187	24	1
187	25	1
187	26	0
187	27	0
187	28	0
187	29	1
187	30	0
187	31	0
187	32	1
187	33	0
187	34	1
187	35	1
187	36	1
187	37	1
187	38	0
187	39	0
187	40	0
188	1	1
188	2	1
188	3	0
188	4	1
188	5	0
188	6	0
188	7	0
188	8	0
188	9	0
188	10	0
188	11	1
188	12	0
188	13	0
188	14	1
188	15	0
188	16	0
188	17	1
188	18	1
188	19	0
188	20	0
188	21	0
188	22	0
188	23	0
188	24	1
188	25	0
188	26	1
188	27	0
188	28	0
188	29	0
188	30	1
188	31	0
188	32	1
188	33	0
188	34	1
188	35	1
188	36	1
188	37	1
188	38	1
188	39	1
188	40	0
189	1	1
189	2	1
189	3	1
189	4	1
189	5	0
189	6	1
189	7	1
189	8	1
189	9	1
189	10	0
189	11	1
189	12	0
189	13	1
189	14	0
189	15	1
189	16	0
189	17	1
189	18	0
189	19	1
189	20	1
189	21	1
189	22	1
189	23	1
189	24	0
189	25	1
189	26	0
189	27	1
189	28	1
189	29	1
189	30	1
189	31	1
189	32	0
189	33	1
189	34	0
189	35	0
189	36	0
189	37	0
189	38	1
189	39	0
189	40	1
190	1	1
190	2	1
190	3	1
190	4	1
190	5	1
190	6	0
190	7	0
190	8	0
190	9	1
190	10	0
190	11	0
190	12	1
190	13	1
190	14	0
190	15	0
190	16	1
190	17	1
190	18	1
190	19	1
190	20	0
190	21	1
190	22	1
190	23	1
190	24	1
190	25	1
190	26	1
190	27	1
190	28	1
190	29	1
190	30	0
190	31	1
190	32	1
190	33	1
190	34	1
190	35	1
190	36	0
190	37	1
190	38	1
190	39	1
190	40	0
191	1	1
191	2	1
191	3	1
191	4	1
191	5	1
191	6	1
191	7	1
191	8	1
191	9	1
191	10	1
191	11	1
191	12	1
191	13	1
191	14	1
191	15	1
191	16	1
191	17	1
191	18	1
191	19	1
191	20	1
191	21	1
191	22	1
191	23	1
191	24	1
191	25	1
191	26	1
191	27	1
191	28	1
191	29	1
191	30	1
191	31	1
191	32	1
191	33	1
191	34	1
191	35	1
191	36	1
191	37	1
191	38	1
191	39	1
191	40	1
192	1	1
192	2	1
192	3	1
192	4	1
192	5	0
192	6	1
192	7	1
192	8	1
192	9	1
192	10	0
192	11	1
192	12	0
192	13	1
192	14	0
192	15	1
192	16	0
192	17	1
192	18	0
192	19	1
192	20	1
192	21	1
192	22	1
192	23	1
192	24	0
192	25	1
192	26	0
192	27	1
192	28	1
192	29	1
192	30	1
192	31	1
192	32	0
192	33	1
192	34	0
192	35	0
192	36	0
192	37	0
192	38	1
192	39	0
192	40	1
193	1	1
193	2	1
193	3	1
193	4	1
193	5	1
193	6	1
193	7	1
193	8	0
193	9	0
193	10	1
193	11	1
193	12	1
193	13	1
193	14	1
193	15	1
193	16	1
193	17	1
193	18	1
193	19	1
193	20	1
193	21	0
193	22	1
193	23	0
193	24	1
193	25	1
193	26	1
193	27	0
193	28	0
193	29	1
193	30	1
193	31	0
193	32	1
193	33	0
193	34	1
193	35	1
193	36	1
193	37	1
193	38	1
193	39	1
193	40	1
194	1	1
194	2	1
194	3	0
194	4	0
194	5	1
194	6	0
194	7	1
194	8	1
194	9	1
194	10	1
194	11	0
194	12	1
194	13	1
194	14	1
194	15	1
194	16	1
194	17	0
194	18	1
194	19	1
194	20	0
194	21	1
194	22	1
194	23	1
194	24	1
194	25	1
194	26	1
194	27	1
194	28	1
194	29	1
194	30	1
194	31	1
194	32	1
194	33	1
194	34	1
194	35	1
194	36	1
194	37	1
194	38	0
194	39	1
194	40	1
195	1	1
195	2	1
195	3	1
195	4	1
195	5	0
195	6	1
195	7	1
195	8	0
195	9	0
195	10	1
195	11	1
195	12	1
195	13	1
195	14	0
195	15	1
195	16	0
195	17	1
195	18	0
195	19	1
195	20	1
195	21	0
195	22	1
195	23	0
195	24	0
195	25	1
195	26	1
195	27	0
195	28	0
195	29	1
195	30	1
195	31	0
195	32	0
195	33	0
195	34	0
195	35	0
195	36	0
195	37	0
195	38	1
195	39	1
195	40	1
196	1	1
196	2	1
196	3	1
196	4	1
196	5	1
196	6	1
196	7	1
196	8	0
196	9	0
196	10	1
196	11	1
196	12	1
196	13	1
196	14	1
196	15	1
196	16	1
196	17	1
196	18	1
196	19	1
196	20	1
196	21	0
196	22	1
196	23	0
196	24	1
196	25	1
196	26	1
196	27	0
196	28	0
196	29	1
196	30	1
196	31	0
196	32	1
196	33	0
196	34	1
196	35	1
196	36	1
196	37	1
196	38	1
196	39	1
196	40	1
197	1	1
197	2	1
197	3	1
197	4	1
197	5	0
197	6	1
197	7	1
197	8	0
197	9	0
197	10	1
197	11	1
197	12	1
197	13	1
197	14	0
197	15	1
197	16	0
197	17	1
197	18	0
197	19	1
197	20	1
197	21	0
197	22	1
197	23	0
197	24	0
197	25	1
197	26	1
197	27	0
197	28	0
197	29	1
197	30	1
197	31	0
197	32	0
197	33	0
197	34	0
197	35	0
197	36	0
197	37	0
197	38	1
197	39	1
197	40	1
198	1	1
198	2	1
198	3	1
198	4	1
198	5	1
198	6	1
198	7	1
198	8	0
198	9	0
198	10	1
198	11	1
198	12	1
198	13	1
198	14	1
198	15	1
198	16	1
198	17	1
198	18	1
198	19	1
198	20	1
198	21	0
198	22	1
198	23	0
198	24	1
198	25	1
198	26	1
198	27	0
198	28	0
198	29	1
198	30	1
198	31	0
198	32	1
198	33	0
198	34	1
198	35	1
198	36	1
198	37	1
198	38	1
198	39	1
198	40	1
199	1	0
199	2	0
199	3	0
199	4	0
199	5	1
199	6	0
199	7	0
199	8	0
199	9	0
199	10	0
199	11	0
199	12	0
199	13	1
199	14	1
199	15	1
199	16	1
199	17	0
199	18	1
199	19	1
199	20	0
199	21	0
199	22	1
199	23	0
199	24	1
199	25	1
199	26	0
199	27	0
199	28	0
199	29	1
199	30	0
199	31	0
199	32	1
199	33	0
199	34	1
199	35	1
199	36	1
199	37	1
199	38	0
199	39	0
199	40	0
200	1	0
200	2	0
200	3	0
200	4	0
200	5	1
200	6	0
200	7	0
200	8	0
200	9	0
200	10	0
200	11	0
200	12	0
200	13	1
200	14	1
200	15	1
200	16	1
200	17	0
200	18	1
200	19	1
200	20	0
200	21	0
200	22	1
200	23	0
200	24	1
200	25	1
200	26	0
200	27	0
200	28	0
200	29	1
200	30	0
200	31	0
200	32	1
200	33	0
200	34	1
200	35	1
200	36	1
200	37	1
200	38	0
200	39	0
200	40	0
201	1	0
201	2	1
201	3	0
201	4	0
201	5	1
201	6	0
201	7	0
201	8	0
201	9	0
201	10	0
201	11	0
201	12	0
201	13	1
201	14	1
201	15	0
201	16	0
201	17	0
201	18	0
201	19	0
201	20	0
201	21	0
201	22	0
201	23	1
201	24	0
201	25	1
201	26	1
201	27	1
201	28	0
201	29	1
201	30	0
201	31	0
201	32	1
201	33	1
201	34	1
201	35	1
201	36	0
201	37	1
201	38	1
201	39	0
201	40	0
202	1	1
202	2	1
202	3	1
202	4	1
202	5	1
202	6	1
202	7	1
202	8	1
202	9	1
202	10	1
202	11	1
202	12	1
202	13	1
202	14	1
202	15	1
202	16	1
202	17	1
202	18	1
202	19	1
202	20	1
202	21	1
202	22	1
202	23	1
202	24	1
202	25	1
202	26	1
202	27	1
202	28	1
202	29	1
202	30	1
202	31	1
202	32	1
202	33	1
202	34	1
202	35	1
202	36	1
202	37	1
202	38	1
202	39	1
202	40	1
203	1	1
203	2	1
203	3	1
203	4	1
203	5	0
203	6	1
203	7	1
203	8	0
203	9	0
203	10	1
203	11	0
203	12	1
203	13	1
203	14	1
203	15	1
203	16	0
203	17	0
203	18	1
203	19	1
203	20	1
203	21	0
203	22	0
203	23	0
203	24	1
203	25	1
203	26	1
203	27	0
203	28	0
203	29	1
203	30	1
203	31	0
203	32	1
203	33	0
203	34	1
203	35	1
203	36	1
203	37	1
203	38	1
203	39	0
203	40	1
204	1	1
204	2	1
204	3	0
204	4	0
204	5	0
204	6	0
204	7	0
204	8	1
204	9	1
204	10	0
204	11	0
204	12	0
204	13	1
204	14	1
204	15	1
204	16	0
204	17	0
204	18	1
204	19	1
204	20	0
204	21	1
204	22	1
204	23	1
204	24	1
204	25	1
204	26	1
204	27	1
204	28	0
204	29	1
204	30	1
204	31	1
204	32	1
204	33	1
204	34	1
204	35	1
204	36	1
204	37	1
204	38	0
204	39	1
204	40	0
205	1	1
205	2	1
205	3	1
205	4	1
205	5	1
205	6	1
205	7	1
205	8	0
205	9	0
205	10	1
205	11	1
205	12	1
205	13	0
205	14	1
205	15	0
205	16	1
205	17	1
205	18	1
205	19	0
205	20	1
205	21	0
205	22	0
205	23	0
205	24	1
205	25	0
205	26	1
205	27	0
205	28	0
205	29	0
205	30	1
205	31	0
205	32	1
205	33	0
205	34	1
205	35	1
205	36	1
205	37	1
205	38	1
205	39	1
205	40	1
206	1	1
206	2	1
206	3	0
206	4	0
206	5	1
206	6	0
206	7	1
206	8	1
206	9	1
206	10	1
206	11	0
206	12	1
206	13	1
206	14	1
206	15	1
206	16	1
206	17	0
206	18	1
206	19	1
206	20	0
206	21	1
206	22	1
206	23	1
206	24	1
206	25	1
206	26	1
206	27	1
206	28	1
206	29	1
206	30	1
206	31	1
206	32	1
206	33	1
206	34	1
206	35	1
206	36	1
206	37	1
206	38	0
206	39	1
206	40	1
207	1	0
207	2	0
207	3	0
207	4	0
207	5	1
207	6	0
207	7	0
207	8	0
207	9	0
207	10	0
207	11	0
207	12	0
207	13	1
207	14	1
207	15	1
207	16	1
207	17	0
207	18	1
207	19	1
207	20	0
207	21	0
207	22	1
207	23	0
207	24	1
207	25	1
207	26	0
207	27	0
207	28	0
207	29	1
207	30	0
207	31	0
207	32	1
207	33	0
207	34	1
207	35	1
207	36	1
207	37	1
207	38	0
207	39	0
207	40	0
208	1	1
208	2	1
208	3	0
208	4	0
208	5	1
208	6	0
208	7	1
208	8	0
208	9	0
208	10	1
208	11	0
208	12	1
208	13	1
208	14	1
208	15	0
208	16	0
208	17	0
208	18	1
208	19	0
208	20	0
208	21	1
208	22	1
208	23	1
208	24	0
208	25	1
208	26	1
208	27	1
208	28	0
208	29	1
208	30	0
208	31	1
208	32	1
208	33	1
208	34	1
208	35	1
208	36	1
208	37	1
208	38	0
208	39	0
208	40	0
209	1	1
209	2	1
209	3	0
209	4	0
209	5	1
209	6	0
209	7	0
209	8	0
209	9	1
209	10	0
209	11	0
209	12	1
209	13	1
209	14	0
209	15	0
209	16	1
209	17	0
209	18	1
209	19	1
209	20	0
209	21	1
209	22	1
209	23	1
209	24	1
209	25	1
209	26	1
209	27	1
209	28	1
209	29	1
209	30	0
209	31	1
209	32	1
209	33	1
209	34	1
209	35	1
209	36	0
209	37	1
209	38	0
209	39	1
209	40	0
210	1	0
210	2	0
210	3	0
210	4	0
210	5	1
210	6	0
210	7	0
210	8	0
210	9	0
210	10	0
210	11	0
210	12	0
210	13	1
210	14	1
210	15	1
210	16	1
210	17	0
210	18	1
210	19	1
210	20	0
210	21	0
210	22	1
210	23	0
210	24	1
210	25	1
210	26	0
210	27	0
210	28	0
210	29	1
210	30	0
210	31	0
210	32	1
210	33	0
210	34	1
210	35	1
210	36	1
210	37	1
210	38	0
210	39	0
210	40	0
211	1	0
211	2	0
211	3	0
211	4	0
211	5	1
211	6	0
211	7	0
211	8	0
211	9	0
211	10	0
211	11	0
211	12	0
211	13	1
211	14	1
211	15	1
211	16	1
211	17	0
211	18	1
211	19	1
211	20	0
211	21	0
211	22	1
211	23	0
211	24	1
211	25	1
211	26	0
211	27	0
211	28	0
211	29	1
211	30	0
211	31	0
211	32	1
211	33	0
211	34	1
211	35	1
211	36	1
211	37	1
211	38	0
211	39	0
211	40	0
212	1	1
212	2	1
212	3	0
212	4	1
212	5	1
212	6	1
212	7	1
212	8	0
212	9	0
212	10	1
212	11	0
212	12	1
212	13	1
212	14	1
212	15	0
212	16	0
212	17	0
212	18	1
212	19	0
212	20	1
212	21	1
212	22	1
212	23	1
212	24	0
212	25	1
212	26	1
212	27	1
212	28	0
212	29	1
212	30	0
212	31	1
212	32	1
212	33	1
212	34	1
212	35	1
212	36	1
212	37	1
212	38	1
212	39	0
212	40	0
213	1	1
213	2	1
213	3	1
213	4	1
213	5	1
213	6	1
213	7	1
213	8	0
213	9	0
213	10	1
213	11	1
213	12	1
213	13	0
213	14	1
213	15	0
213	16	1
213	17	1
213	18	1
213	19	0
213	20	1
213	21	0
213	22	0
213	23	0
213	24	1
213	25	0
213	26	1
213	27	0
213	28	0
213	29	0
213	30	1
213	31	0
213	32	1
213	33	0
213	34	1
213	35	1
213	36	1
213	37	1
213	38	1
213	39	1
213	40	1
214	1	1
214	2	1
214	3	1
214	4	1
214	5	0
214	6	1
214	7	1
214	8	1
214	9	1
214	10	0
214	11	1
214	12	0
214	13	1
214	14	0
214	15	1
214	16	0
214	17	1
214	18	0
214	19	1
214	20	1
214	21	1
214	22	1
214	23	1
214	24	0
214	25	1
214	26	0
214	27	1
214	28	1
214	29	1
214	30	1
214	31	1
214	32	0
214	33	1
214	34	0
214	35	0
214	36	0
214	37	0
214	38	1
214	39	0
214	40	1
215	1	1
215	2	1
215	3	1
215	4	1
215	5	1
215	6	1
215	7	1
215	8	0
215	9	0
215	10	1
215	11	1
215	12	1
215	13	1
215	14	1
215	15	1
215	16	1
215	17	1
215	18	1
215	19	1
215	20	1
215	21	0
215	22	1
215	23	0
215	24	1
215	25	1
215	26	1
215	27	0
215	28	0
215	29	1
215	30	1
215	31	0
215	32	1
215	33	0
215	34	1
215	35	1
215	36	1
215	37	1
215	38	1
215	39	1
215	40	1
216	1	0
216	2	0
216	3	1
216	4	1
216	5	0
216	6	0
216	7	0
216	8	0
216	9	1
216	10	0
216	11	0
216	12	1
216	13	1
216	14	0
216	15	0
216	16	0
216	17	1
216	18	0
216	19	1
216	20	0
216	21	1
216	22	1
216	23	1
216	24	0
216	25	1
216	26	1
216	27	1
216	28	1
216	29	1
216	30	0
216	31	1
216	32	0
216	33	1
216	34	0
216	35	0
216	36	0
216	37	0
216	38	1
216	39	1
216	40	0
217	1	1
217	2	1
217	3	1
217	4	1
217	5	1
217	6	1
217	7	1
217	8	0
217	9	0
217	10	1
217	11	1
217	12	1
217	13	1
217	14	1
217	15	1
217	16	1
217	17	1
217	18	1
217	19	1
217	20	1
217	21	0
217	22	1
217	23	0
217	24	1
217	25	1
217	26	1
217	27	0
217	28	0
217	29	1
217	30	1
217	31	0
217	32	1
217	33	0
217	34	1
217	35	1
217	36	1
217	37	1
217	38	1
217	39	1
217	40	1
218	1	1
218	2	1
218	3	1
218	4	1
218	5	1
218	6	1
218	7	1
218	8	1
218	9	1
218	10	1
218	11	1
218	12	1
218	13	1
218	14	1
218	15	1
218	16	1
218	17	1
218	18	1
218	19	1
218	20	1
218	21	1
218	22	1
218	23	1
218	24	1
218	25	1
218	26	1
218	27	1
218	28	1
218	29	1
218	30	1
218	31	1
218	32	1
218	33	1
218	34	1
218	35	1
218	36	1
218	37	1
218	38	1
218	39	1
218	40	1
219	1	1
219	2	1
219	3	1
219	4	1
219	5	1
219	6	1
219	7	1
219	8	1
219	9	1
219	10	1
219	11	1
219	12	1
219	13	1
219	14	1
219	15	1
219	16	1
219	17	1
219	18	1
219	19	1
219	20	1
219	21	1
219	22	1
219	23	1
219	24	1
219	25	1
219	26	1
219	27	1
219	28	1
219	29	1
219	30	1
219	31	1
219	32	1
219	33	1
219	34	1
219	35	1
219	36	1
219	37	1
219	38	1
219	39	1
219	40	1
220	1	1
220	2	1
220	3	1
220	4	1
220	5	0
220	6	1
220	7	1
220	8	1
220	9	1
220	10	0
220	11	1
220	12	0
220	13	1
220	14	0
220	15	1
220	16	0
220	17	1
220	18	0
220	19	1
220	20	1
220	21	1
220	22	1
220	23	1
220	24	0
220	25	1
220	26	0
220	27	1
220	28	1
220	29	1
220	30	1
220	31	1
220	32	0
220	33	1
220	34	0
220	35	0
220	36	0
220	37	0
220	38	1
220	39	0
220	40	1
221	1	1
221	2	1
221	3	1
221	4	1
221	5	0
221	6	1
221	7	1
221	8	1
221	9	1
221	10	0
221	11	1
221	12	0
221	13	1
221	14	0
221	15	1
221	16	0
221	17	1
221	18	0
221	19	1
221	20	1
221	21	1
221	22	1
221	23	1
221	24	0
221	25	1
221	26	0
221	27	1
221	28	1
221	29	1
221	30	1
221	31	1
221	32	0
221	33	1
221	34	0
221	35	0
221	36	0
221	37	0
221	38	1
221	39	0
221	40	1
222	1	1
222	2	1
222	3	0
222	4	1
222	5	0
222	6	0
222	7	0
222	8	0
222	9	0
222	10	0
222	11	0
222	12	0
222	13	1
222	14	1
222	15	0
222	16	0
222	17	0
222	18	1
222	19	0
222	20	0
222	21	0
222	22	1
222	23	0
222	24	0
222	25	1
222	26	1
222	27	0
222	28	0
222	29	1
222	30	0
222	31	0
222	32	1
222	33	0
222	34	1
222	35	1
222	36	1
222	37	1
222	38	1
222	39	0
222	40	0
223	1	1
223	2	1
223	3	1
223	4	1
223	5	0
223	6	1
223	7	1
223	8	1
223	9	1
223	10	0
223	11	1
223	12	0
223	13	1
223	14	0
223	15	1
223	16	0
223	17	1
223	18	0
223	19	1
223	20	1
223	21	1
223	22	1
223	23	1
223	24	0
223	25	1
223	26	0
223	27	1
223	28	1
223	29	1
223	30	1
223	31	1
223	32	0
223	33	1
223	34	0
223	35	0
223	36	0
223	37	0
223	38	1
223	39	0
223	40	1
224	1	1
224	2	1
224	3	1
224	4	1
224	5	1
224	6	1
224	7	1
224	8	1
224	9	1
224	10	1
224	11	1
224	12	1
224	13	1
224	14	1
224	15	1
224	16	1
224	17	1
224	18	1
224	19	1
224	20	1
224	21	1
224	22	1
224	23	1
224	24	1
224	25	1
224	26	1
224	27	1
224	28	1
224	29	1
224	30	1
224	31	1
224	32	1
224	33	1
224	34	1
224	35	1
224	36	1
224	37	1
224	38	1
224	39	1
224	40	1
225	1	1
225	2	1
225	3	1
225	4	1
225	5	0
225	6	1
225	7	1
225	8	1
225	9	1
225	10	0
225	11	1
225	12	0
225	13	1
225	14	0
225	15	1
225	16	0
225	17	1
225	18	0
225	19	1
225	20	1
225	21	1
225	22	1
225	23	1
225	24	0
225	25	1
225	26	0
225	27	1
225	28	1
225	29	1
225	30	1
225	31	1
225	32	0
225	33	1
225	34	0
225	35	0
225	36	0
225	37	0
225	38	1
225	39	0
225	40	1
226	1	0
226	2	0
226	3	0
226	4	0
226	5	1
226	6	0
226	7	0
226	8	0
226	9	0
226	10	0
226	11	0
226	12	0
226	13	1
226	14	1
226	15	1
226	16	1
226	17	0
226	18	0
226	19	1
226	20	0
226	21	0
226	22	0
226	23	0
226	24	0
226	25	1
226	26	0
226	27	0
226	28	0
226	29	1
226	30	0
226	31	0
226	32	1
226	33	0
226	34	1
226	35	1
226	36	0
226	37	1
226	38	0
226	39	0
226	40	0
227	1	1
227	2	1
227	3	1
227	4	1
227	5	1
227	6	1
227	7	1
227	8	0
227	9	0
227	10	1
227	11	1
227	12	1
227	13	0
227	14	1
227	15	0
227	16	1
227	17	1
227	18	1
227	19	0
227	20	1
227	21	0
227	22	0
227	23	0
227	24	1
227	25	0
227	26	1
227	27	0
227	28	0
227	29	0
227	30	1
227	31	0
227	32	1
227	33	0
227	34	1
227	35	1
227	36	1
227	37	1
227	38	1
227	39	1
227	40	1
228	1	1
228	2	1
228	3	1
228	4	1
228	5	1
228	6	1
228	7	1
228	8	1
228	9	1
228	10	1
228	11	1
228	12	1
228	13	1
228	14	1
228	15	1
228	16	1
228	17	1
228	18	1
228	19	1
228	20	1
228	21	1
228	22	1
228	23	1
228	24	1
228	25	1
228	26	1
228	27	1
228	28	1
228	29	1
228	30	1
228	31	1
228	32	1
228	33	1
228	34	1
228	35	1
228	36	1
228	37	1
228	38	1
228	39	1
228	40	1
229	1	1
229	2	1
229	3	1
229	4	1
229	5	1
229	6	1
229	7	1
229	8	0
229	9	0
229	10	1
229	11	1
229	12	1
229	13	1
229	14	1
229	15	1
229	16	1
229	17	1
229	18	1
229	19	1
229	20	1
229	21	0
229	22	1
229	23	0
229	24	1
229	25	1
229	26	1
229	27	0
229	28	0
229	29	1
229	30	1
229	31	0
229	32	1
229	33	0
229	34	1
229	35	1
229	36	1
229	37	1
229	38	1
229	39	1
229	40	1
230	1	1
230	2	1
230	3	0
230	4	1
230	5	0
230	6	0
230	7	0
230	8	0
230	9	0
230	10	0
230	11	0
230	12	0
230	13	1
230	14	0
230	15	0
230	16	0
230	17	1
230	18	1
230	19	1
230	20	0
230	21	0
230	22	1
230	23	0
230	24	1
230	25	1
230	26	1
230	27	0
230	28	0
230	29	1
230	30	0
230	31	0
230	32	1
230	33	0
230	34	1
230	35	1
230	36	0
230	37	1
230	38	1
230	39	1
230	40	0
231	1	1
231	2	1
231	3	1
231	4	1
231	5	0
231	6	1
231	7	1
231	8	0
231	9	0
231	10	1
231	11	0
231	12	1
231	13	1
231	14	0
231	15	1
231	16	0
231	17	0
231	18	0
231	19	1
231	20	1
231	21	0
231	22	0
231	23	0
231	24	0
231	25	1
231	26	1
231	27	0
231	28	0
231	29	1
231	30	1
231	31	0
231	32	0
231	33	0
231	34	0
231	35	0
231	36	0
231	37	0
231	38	1
231	39	0
231	40	1
232	1	1
232	2	1
232	3	1
232	4	1
232	5	1
232	6	1
232	7	1
232	8	0
232	9	0
232	10	1
232	11	1
232	12	1
232	13	0
232	14	1
232	15	0
232	16	1
232	17	1
232	18	1
232	19	0
232	20	1
232	21	0
232	22	0
232	23	0
232	24	1
232	25	0
232	26	1
232	27	0
232	28	0
232	29	0
232	30	1
232	31	0
232	32	1
232	33	0
232	34	1
232	35	1
232	36	1
232	37	1
232	38	1
232	39	1
232	40	1
233	1	1
233	2	1
233	3	0
233	4	1
233	5	1
233	6	1
233	7	1
233	8	0
233	9	0
233	10	1
233	11	0
233	12	1
233	13	0
233	14	1
233	15	0
233	16	0
233	17	0
233	18	1
233	19	0
233	20	1
233	21	0
233	22	0
233	23	0
233	24	0
233	25	0
233	26	1
233	27	0
233	28	0
233	29	0
233	30	0
233	31	0
233	32	1
233	33	0
233	34	1
233	35	1
233	36	1
233	37	1
233	38	1
233	39	0
233	40	0
234	1	1
234	2	1
234	3	1
234	4	1
234	5	0
234	6	1
234	7	1
234	8	1
234	9	1
234	10	0
234	11	0
234	12	0
234	13	1
234	14	0
234	15	1
234	16	0
234	17	0
234	18	0
234	19	1
234	20	1
234	21	1
234	22	0
234	23	1
234	24	0
234	25	1
234	26	0
234	27	1
234	28	0
234	29	1
234	30	1
234	31	1
234	32	0
234	33	1
234	34	0
234	35	0
234	36	0
234	37	0
234	38	1
234	39	0
234	40	1
235	1	1
235	2	1
235	3	1
235	4	1
235	5	0
235	6	1
235	7	1
235	8	0
235	9	0
235	10	1
235	11	1
235	12	1
235	13	1
235	14	0
235	15	1
235	16	0
235	17	1
235	18	0
235	19	1
235	20	1
235	21	0
235	22	1
235	23	0
235	24	0
235	25	1
235	26	1
235	27	0
235	28	0
235	29	1
235	30	1
235	31	0
235	32	0
235	33	0
235	34	0
235	35	0
235	36	0
235	37	0
235	38	1
235	39	1
235	40	1
236	1	0
236	2	0
236	3	1
236	4	1
236	5	0
236	6	1
236	7	0
236	8	1
236	9	1
236	10	1
236	11	1
236	12	1
236	13	1
236	14	0
236	15	1
236	16	0
236	17	1
236	18	0
236	19	1
236	20	1
236	21	1
236	22	1
236	23	1
236	24	0
236	25	1
236	26	1
236	27	1
236	28	1
236	29	1
236	30	0
236	31	1
236	32	0
236	33	1
236	34	0
236	35	0
236	36	0
236	37	0
236	38	1
236	39	1
236	40	0
237	1	1
237	2	1
237	3	0
237	4	1
237	5	1
237	6	1
237	7	1
237	8	0
237	9	0
237	10	1
237	11	0
237	12	1
237	13	0
237	14	1
237	15	0
237	16	0
237	17	0
237	18	1
237	19	0
237	20	1
237	21	0
237	22	0
237	23	0
237	24	0
237	25	0
237	26	1
237	27	0
237	28	0
237	29	0
237	30	0
237	31	0
237	32	1
237	33	0
237	34	1
237	35	1
237	36	1
237	37	1
237	38	1
237	39	0
237	40	0
238	1	1
238	2	1
238	3	1
238	4	1
238	5	0
238	6	1
238	7	1
238	8	0
238	9	0
238	10	1
238	11	1
238	12	1
238	13	1
238	14	0
238	15	1
238	16	0
238	17	1
238	18	0
238	19	1
238	20	1
238	21	0
238	22	1
238	23	0
238	24	0
238	25	1
238	26	1
238	27	0
238	28	0
238	29	1
238	30	1
238	31	0
238	32	0
238	33	0
238	34	0
238	35	0
238	36	0
238	37	0
238	38	1
238	39	1
238	40	1
239	1	0
239	2	1
239	3	1
239	4	0
239	5	1
239	6	0
239	7	0
239	8	0
239	9	0
239	10	0
239	11	1
239	12	0
239	13	0
239	14	1
239	15	0
239	16	1
239	17	1
239	18	0
239	19	0
239	20	0
239	21	0
239	22	0
239	23	0
239	24	0
239	25	0
239	26	1
239	27	0
239	28	0
239	29	0
239	30	1
239	31	0
239	32	1
239	33	0
239	34	1
239	35	1
239	36	0
239	37	1
239	38	1
239	39	1
239	40	1
240	1	0
240	2	0
240	3	1
240	4	1
240	5	0
240	6	1
240	7	0
240	8	1
240	9	1
240	10	1
240	11	1
240	12	1
240	13	1
240	14	0
240	15	1
240	16	0
240	17	1
240	18	0
240	19	1
240	20	1
240	21	1
240	22	1
240	23	1
240	24	0
240	25	1
240	26	1
240	27	1
240	28	1
240	29	1
240	30	0
240	31	1
240	32	0
240	33	1
240	34	0
240	35	0
240	36	0
240	37	0
240	38	1
240	39	1
240	40	0
241	1	1
241	2	1
241	3	1
241	4	1
241	5	1
241	6	1
241	7	1
241	8	1
241	9	1
241	10	1
241	11	1
241	12	1
241	13	1
241	14	1
241	15	1
241	16	1
241	17	1
241	18	1
241	19	1
241	20	1
241	21	1
241	22	1
241	23	1
241	24	1
241	25	1
241	26	1
241	27	1
241	28	1
241	29	1
241	30	1
241	31	1
241	32	1
241	33	1
241	34	1
241	35	1
241	36	1
241	37	1
241	38	1
241	39	1
241	40	1
242	1	1
242	2	1
242	3	1
242	4	1
242	5	1
242	6	1
242	7	1
242	8	1
242	9	1
242	10	1
242	11	1
242	12	1
242	13	1
242	14	1
242	15	1
242	16	1
242	17	1
242	18	1
242	19	1
242	20	1
242	21	1
242	22	1
242	23	1
242	24	1
242	25	1
242	26	1
242	27	1
242	28	1
242	29	1
242	30	1
242	31	1
242	32	1
242	33	1
242	34	1
242	35	1
242	36	1
242	37	1
242	38	1
242	39	1
242	40	1
243	1	0
243	2	0
243	3	0
243	4	0
243	5	1
243	6	0
243	7	0
243	8	0
243	9	0
243	10	0
243	11	0
243	12	0
243	13	1
243	14	1
243	15	1
243	16	1
243	17	0
243	18	1
243	19	1
243	20	0
243	21	0
243	22	1
243	23	0
243	24	1
243	25	1
243	26	0
243	27	0
243	28	0
243	29	1
243	30	0
243	31	0
243	32	1
243	33	0
243	34	1
243	35	1
243	36	1
243	37	1
243	38	0
243	39	0
243	40	0
244	1	1
244	2	1
244	3	1
244	4	1
244	5	0
244	6	1
244	7	1
244	8	1
244	9	1
244	10	0
244	11	1
244	12	0
244	13	1
244	14	0
244	15	1
244	16	0
244	17	1
244	18	0
244	19	1
244	20	1
244	21	1
244	22	1
244	23	1
244	24	0
244	25	1
244	26	0
244	27	1
244	28	1
244	29	1
244	30	1
244	31	1
244	32	0
244	33	1
244	34	0
244	35	0
244	36	0
244	37	0
244	38	1
244	39	0
244	40	1
245	1	1
245	2	1
245	3	1
245	4	1
245	5	1
245	6	1
245	7	1
245	8	0
245	9	0
245	10	1
245	11	1
245	12	1
245	13	0
245	14	1
245	15	0
245	16	1
245	17	1
245	18	1
245	19	0
245	20	1
245	21	0
245	22	0
245	23	0
245	24	1
245	25	0
245	26	1
245	27	0
245	28	0
245	29	0
245	30	1
245	31	0
245	32	1
245	33	0
245	34	1
245	35	1
245	36	1
245	37	1
245	38	1
245	39	1
245	40	1
246	1	1
246	2	1
246	3	1
246	4	1
246	5	1
246	6	1
246	7	1
246	8	0
246	9	0
246	10	1
246	11	1
246	12	1
246	13	1
246	14	1
246	15	1
246	16	1
246	17	1
246	18	1
246	19	1
246	20	1
246	21	0
246	22	1
246	23	0
246	24	1
246	25	1
246	26	1
246	27	0
246	28	0
246	29	1
246	30	1
246	31	0
246	32	1
246	33	0
246	34	1
246	35	1
246	36	1
246	37	1
246	38	1
246	39	1
246	40	1
247	1	1
247	2	1
247	3	1
247	4	1
247	5	0
247	6	1
247	7	1
247	8	1
247	9	1
247	10	0
247	11	1
247	12	0
247	13	1
247	14	0
247	15	1
247	16	0
247	17	1
247	18	0
247	19	1
247	20	1
247	21	1
247	22	1
247	23	1
247	24	0
247	25	1
247	26	0
247	27	1
247	28	1
247	29	1
247	30	1
247	31	1
247	32	0
247	33	1
247	34	0
247	35	0
247	36	0
247	37	0
247	38	1
247	39	0
247	40	1
248	1	1
248	2	1
248	3	1
248	4	1
248	5	0
248	6	1
248	7	1
248	8	1
248	9	1
248	10	0
248	11	1
248	12	0
248	13	1
248	14	0
248	15	1
248	16	0
248	17	1
248	18	0
248	19	1
248	20	1
248	21	1
248	22	1
248	23	1
248	24	0
248	25	1
248	26	0
248	27	1
248	28	1
248	29	1
248	30	1
248	31	1
248	32	0
248	33	1
248	34	0
248	35	0
248	36	0
248	37	0
248	38	1
248	39	0
248	40	1
249	1	1
249	2	1
249	3	1
249	4	1
249	5	1
249	6	1
249	7	1
249	8	0
249	9	0
249	10	1
249	11	1
249	12	1
249	13	1
249	14	1
249	15	1
249	16	1
249	17	1
249	18	1
249	19	1
249	20	1
249	21	0
249	22	1
249	23	0
249	24	1
249	25	1
249	26	1
249	27	0
249	28	0
249	29	1
249	30	1
249	31	0
249	32	1
249	33	0
249	34	1
249	35	1
249	36	1
249	37	1
249	38	1
249	39	1
249	40	1
250	1	0
250	2	0
250	3	0
250	4	0
250	5	0
250	6	0
250	7	0
250	8	0
250	9	0
250	10	0
250	11	0
250	12	0
250	13	1
250	14	1
250	15	1
250	16	0
250	17	0
250	18	1
250	19	1
250	20	0
250	21	0
250	22	0
250	23	0
250	24	1
250	25	1
250	26	0
250	27	0
250	28	0
250	29	1
250	30	0
250	31	0
250	32	1
250	33	0
250	34	1
250	35	1
250	36	1
250	37	1
250	38	0
250	39	0
250	40	0
251	1	1
251	2	1
251	3	1
251	4	1
251	5	0
251	6	1
251	7	1
251	8	1
251	9	1
251	10	0
251	11	1
251	12	0
251	13	1
251	14	0
251	15	1
251	16	0
251	17	1
251	18	0
251	19	1
251	20	1
251	21	1
251	22	1
251	23	1
251	24	0
251	25	1
251	26	0
251	27	1
251	28	1
251	29	1
251	30	1
251	31	1
251	32	0
251	33	1
251	34	0
251	35	0
251	36	0
251	37	0
251	38	1
251	39	0
251	40	1
252	1	0
252	2	1
252	3	1
252	4	0
252	5	0
252	6	0
252	7	0
252	8	0
252	9	0
252	10	0
252	11	1
252	12	0
252	13	1
252	14	0
252	15	1
252	16	0
252	17	1
252	18	0
252	19	1
252	20	0
252	21	0
252	22	0
252	23	1
252	24	0
252	25	1
252	26	0
252	27	1
252	28	1
252	29	1
252	30	1
252	31	0
252	32	0
252	33	1
252	34	0
252	35	0
252	36	0
252	37	0
252	38	1
252	39	0
252	40	1
253	1	1
253	2	1
253	3	1
253	4	1
253	5	0
253	6	1
253	7	1
253	8	1
253	9	1
253	10	0
253	11	1
253	12	0
253	13	1
253	14	0
253	15	1
253	16	0
253	17	1
253	18	0
253	19	1
253	20	1
253	21	1
253	22	1
253	23	1
253	24	0
253	25	1
253	26	0
253	27	1
253	28	1
253	29	1
253	30	1
253	31	1
253	32	0
253	33	1
253	34	0
253	35	0
253	36	0
253	37	0
253	38	1
253	39	0
253	40	1
254	1	0
254	2	0
254	3	0
254	4	0
254	5	1
254	6	0
254	7	0
254	8	0
254	9	0
254	10	0
254	11	0
254	12	0
254	13	1
254	14	1
254	15	1
254	16	1
254	17	0
254	18	1
254	19	1
254	20	0
254	21	0
254	22	1
254	23	0
254	24	1
254	25	1
254	26	0
254	27	0
254	28	0
254	29	1
254	30	0
254	31	0
254	32	1
254	33	0
254	34	1
254	35	1
254	36	1
254	37	1
254	38	0
254	39	0
254	40	0
255	1	1
255	2	1
255	3	1
255	4	1
255	5	1
255	6	1
255	7	1
255	8	1
255	9	1
255	10	1
255	11	1
255	12	1
255	13	1
255	14	1
255	15	1
255	16	1
255	17	1
255	18	1
255	19	1
255	20	1
255	21	1
255	22	1
255	23	1
255	24	1
255	25	1
255	26	1
255	27	1
255	28	1
255	29	1
255	30	1
255	31	1
255	32	1
255	33	1
255	34	1
255	35	1
255	36	1
255	37	1
255	38	1
255	39	1
255	40	1
256	1	1
256	2	1
256	3	1
256	4	1
256	5	1
256	6	1
256	7	1
256	8	0
256	9	0
256	10	1
256	11	1
256	12	1
256	13	1
256	14	1
256	15	1
256	16	1
256	17	1
256	18	1
256	19	1
256	20	1
256	21	0
256	22	1
256	23	0
256	24	1
256	25	1
256	26	1
256	27	0
256	28	0
256	29	1
256	30	1
256	31	0
256	32	1
256	33	0
256	34	1
256	35	1
256	36	1
256	37	1
256	38	1
256	39	1
256	40	1
257	1	1
257	2	1
257	3	1
257	4	1
257	5	0
257	6	1
257	7	1
257	8	0
257	9	0
257	10	1
257	11	1
257	12	1
257	13	1
257	14	0
257	15	1
257	16	0
257	17	1
257	18	0
257	19	1
257	20	1
257	21	0
257	22	1
257	23	0
257	24	0
257	25	1
257	26	1
257	27	0
257	28	0
257	29	1
257	30	1
257	31	0
257	32	0
257	33	0
257	34	0
257	35	0
257	36	0
257	37	0
257	38	1
257	39	1
257	40	1
258	1	1
258	2	1
258	3	0
258	4	0
258	5	1
258	6	0
258	7	1
258	8	1
258	9	1
258	10	1
258	11	0
258	12	1
258	13	1
258	14	1
258	15	1
258	16	1
258	17	0
258	18	1
258	19	1
258	20	0
258	21	1
258	22	1
258	23	1
258	24	1
258	25	1
258	26	1
258	27	1
258	28	1
258	29	1
258	30	1
258	31	1
258	32	1
258	33	1
258	34	1
258	35	1
258	36	1
258	37	1
258	38	0
258	39	1
258	40	1
259	1	1
259	2	1
259	3	0
259	4	0
259	5	1
259	6	0
259	7	1
259	8	1
259	9	1
259	10	1
259	11	0
259	12	1
259	13	1
259	14	1
259	15	1
259	16	1
259	17	0
259	18	1
259	19	1
259	20	0
259	21	1
259	22	1
259	23	1
259	24	1
259	25	1
259	26	1
259	27	1
259	28	1
259	29	1
259	30	1
259	31	1
259	32	1
259	33	1
259	34	1
259	35	1
259	36	1
259	37	1
259	38	0
259	39	1
259	40	1
260	1	1
260	2	1
260	3	1
260	4	1
260	5	1
260	6	1
260	7	1
260	8	0
260	9	0
260	10	1
260	11	1
260	12	1
260	13	0
260	14	1
260	15	0
260	16	1
260	17	1
260	18	1
260	19	0
260	20	1
260	21	0
260	22	0
260	23	0
260	24	1
260	25	0
260	26	1
260	27	0
260	28	0
260	29	0
260	30	1
260	31	0
260	32	1
260	33	0
260	34	1
260	35	1
260	36	1
260	37	1
260	38	1
260	39	1
260	40	1
261	1	1
261	2	1
261	3	1
261	4	1
261	5	0
261	6	1
261	7	1
261	8	0
261	9	0
261	10	1
261	11	1
261	12	1
261	13	1
261	14	0
261	15	1
261	16	0
261	17	1
261	18	0
261	19	1
261	20	1
261	21	0
261	22	1
261	23	0
261	24	0
261	25	1
261	26	1
261	27	0
261	28	0
261	29	1
261	30	1
261	31	0
261	32	0
261	33	0
261	34	0
261	35	0
261	36	0
261	37	0
261	38	1
261	39	1
261	40	1
262	1	1
262	2	1
262	3	1
262	4	1
262	5	0
262	6	1
262	7	1
262	8	1
262	9	1
262	10	0
262	11	1
262	12	0
262	13	1
262	14	0
262	15	1
262	16	0
262	17	1
262	18	0
262	19	1
262	20	1
262	21	1
262	22	1
262	23	1
262	24	0
262	25	1
262	26	0
262	27	1
262	28	1
262	29	1
262	30	1
262	31	1
262	32	0
262	33	1
262	34	0
262	35	0
262	36	0
262	37	0
262	38	1
262	39	0
262	40	1
263	1	1
263	2	1
263	3	1
263	4	1
263	5	1
263	6	1
263	7	1
263	8	1
263	9	1
263	10	1
263	11	1
263	12	1
263	13	1
263	14	1
263	15	1
263	16	1
263	17	1
263	18	1
263	19	1
263	20	1
263	21	1
263	22	1
263	23	1
263	24	1
263	25	1
263	26	1
263	27	1
263	28	1
263	29	1
263	30	1
263	31	1
263	32	1
263	33	1
263	34	1
263	35	1
263	36	1
263	37	1
263	38	1
263	39	1
263	40	1
264	1	1
264	2	1
264	3	1
264	4	1
264	5	0
264	6	1
264	7	1
264	8	1
264	9	1
264	10	0
264	11	1
264	12	0
264	13	1
264	14	0
264	15	1
264	16	0
264	17	1
264	18	0
264	19	1
264	20	1
264	21	1
264	22	1
264	23	1
264	24	0
264	25	1
264	26	0
264	27	1
264	28	1
264	29	1
264	30	1
264	31	1
264	32	0
264	33	1
264	34	0
264	35	0
264	36	0
264	37	0
264	38	1
264	39	0
264	40	1
265	1	1
265	2	1
265	3	1
265	4	1
265	5	1
265	6	1
265	7	1
265	8	0
265	9	0
265	10	1
265	11	1
265	12	1
265	13	1
265	14	1
265	15	1
265	16	1
265	17	1
265	18	1
265	19	1
265	20	1
265	21	0
265	22	1
265	23	0
265	24	1
265	25	1
265	26	1
265	27	0
265	28	0
265	29	1
265	30	1
265	31	0
265	32	1
265	33	0
265	34	1
265	35	1
265	36	1
265	37	1
265	38	1
265	39	1
265	40	1
266	1	0
266	2	1
266	3	1
266	4	0
266	5	1
266	6	0
266	7	0
266	8	0
266	9	0
266	10	0
266	11	1
266	12	0
266	13	0
266	14	1
266	15	0
266	16	1
266	17	1
266	18	0
266	19	0
266	20	0
266	21	0
266	22	0
266	23	0
266	24	0
266	25	0
266	26	1
266	27	0
266	28	0
266	29	0
266	30	1
266	31	0
266	32	1
266	33	0
266	34	1
266	35	1
266	36	0
266	37	1
266	38	1
266	39	1
266	40	1
267	1	1
267	2	1
267	3	1
267	4	1
267	5	0
267	6	1
267	7	1
267	8	1
267	9	1
267	10	0
267	11	0
267	12	0
267	13	1
267	14	0
267	15	1
267	16	0
267	17	0
267	18	0
267	19	1
267	20	1
267	21	1
267	22	0
267	23	1
267	24	0
267	25	1
267	26	0
267	27	1
267	28	0
267	29	1
267	30	1
267	31	1
267	32	0
267	33	1
267	34	0
267	35	0
267	36	0
267	37	0
267	38	1
267	39	0
267	40	1
268	1	1
268	2	1
268	3	0
268	4	1
268	5	0
268	6	1
268	7	1
268	8	0
268	9	0
268	10	0
268	11	0
268	12	0
268	13	1
268	14	0
268	15	0
268	16	0
268	17	0
268	18	0
268	19	0
268	20	1
268	21	1
268	22	1
268	23	1
268	24	0
268	25	1
268	26	0
268	27	1
268	28	0
268	29	1
268	30	0
268	31	1
268	32	0
268	33	1
268	34	0
268	35	0
268	36	0
268	37	0
268	38	1
268	39	0
268	40	0
269	1	1
269	2	1
269	3	1
269	4	1
269	5	0
269	6	1
269	7	1
269	8	1
269	9	1
269	10	0
269	11	1
269	12	0
269	13	1
269	14	0
269	15	1
269	16	0
269	17	1
269	18	0
269	19	1
269	20	1
269	21	1
269	22	1
269	23	1
269	24	0
269	25	1
269	26	0
269	27	1
269	28	1
269	29	1
269	30	1
269	31	1
269	32	0
269	33	1
269	34	0
269	35	0
269	36	0
269	37	0
269	38	1
269	39	0
269	40	1
270	1	1
270	2	1
270	3	1
270	4	1
270	5	1
270	6	1
270	7	1
270	8	1
270	9	1
270	10	1
270	11	1
270	12	1
270	13	1
270	14	1
270	15	1
270	16	1
270	17	1
270	18	1
270	19	1
270	20	1
270	21	1
270	22	1
270	23	1
270	24	1
270	25	1
270	26	1
270	27	1
270	28	1
270	29	1
270	30	1
270	31	1
270	32	1
270	33	1
270	34	1
270	35	1
270	36	1
270	37	1
270	38	1
270	39	1
270	40	1
271	1	1
271	2	1
271	3	1
271	4	1
271	5	0
271	6	1
271	7	1
271	8	1
271	9	1
271	10	0
271	11	1
271	12	0
271	13	1
271	14	0
271	15	1
271	16	0
271	17	1
271	18	0
271	19	1
271	20	1
271	21	1
271	22	1
271	23	1
271	24	0
271	25	1
271	26	0
271	27	1
271	28	1
271	29	1
271	30	1
271	31	1
271	32	0
271	33	1
271	34	0
271	35	0
271	36	0
271	37	0
271	38	1
271	39	0
271	40	1
272	1	0
272	2	1
272	3	1
272	4	0
272	5	1
272	6	0
272	7	0
272	8	0
272	9	0
272	10	0
272	11	1
272	12	0
272	13	1
272	14	1
272	15	1
272	16	1
272	17	1
272	18	0
272	19	1
272	20	0
272	21	0
272	22	0
272	23	0
272	24	0
272	25	1
272	26	1
272	27	0
272	28	0
272	29	1
272	30	1
272	31	0
272	32	1
272	33	0
272	34	1
272	35	1
272	36	0
272	37	1
272	38	1
272	39	1
272	40	1
273	1	1
273	2	1
273	3	0
273	4	1
273	5	0
273	6	1
273	7	1
273	8	0
273	9	0
273	10	1
273	11	0
273	12	1
273	13	1
273	14	0
273	15	0
273	16	0
273	17	0
273	18	0
273	19	0
273	20	1
273	21	0
273	22	1
273	23	0
273	24	0
273	25	1
273	26	1
273	27	0
273	28	0
273	29	1
273	30	0
273	31	0
273	32	0
273	33	0
273	34	0
273	35	0
273	36	0
273	37	0
273	38	1
273	39	0
273	40	0
274	1	1
274	2	1
274	3	1
274	4	1
274	5	1
274	6	1
274	7	1
274	8	1
274	9	1
274	10	1
274	11	1
274	12	1
274	13	1
274	14	1
274	15	1
274	16	1
274	17	1
274	18	1
274	19	1
274	20	1
274	21	1
274	22	1
274	23	1
274	24	1
274	25	1
274	26	1
274	27	1
274	28	1
274	29	1
274	30	1
274	31	1
274	32	1
274	33	1
274	34	1
274	35	1
274	36	1
274	37	1
274	38	1
274	39	1
274	40	1
275	1	1
275	2	1
275	3	1
275	4	1
275	5	1
275	6	0
275	7	0
275	8	0
275	9	1
275	10	0
275	11	0
275	12	1
275	13	1
275	14	0
275	15	0
275	16	1
275	17	1
275	18	1
275	19	1
275	20	0
275	21	1
275	22	1
275	23	1
275	24	1
275	25	1
275	26	1
275	27	1
275	28	1
275	29	1
275	30	0
275	31	1
275	32	1
275	33	1
275	34	1
275	35	1
275	36	0
275	37	1
275	38	1
275	39	1
275	40	0
276	1	1
276	2	1
276	3	1
276	4	1
276	5	1
276	6	1
276	7	1
276	8	1
276	9	1
276	10	1
276	11	1
276	12	1
276	13	1
276	14	1
276	15	1
276	16	1
276	17	1
276	18	1
276	19	1
276	20	1
276	21	1
276	22	1
276	23	1
276	24	1
276	25	1
276	26	1
276	27	1
276	28	1
276	29	1
276	30	1
276	31	1
276	32	1
276	33	1
276	34	1
276	35	1
276	36	1
276	37	1
276	38	1
276	39	1
276	40	1
277	1	1
277	2	1
277	3	1
277	4	1
277	5	1
277	6	1
277	7	1
277	8	0
277	9	0
277	10	1
277	11	1
277	12	1
277	13	1
277	14	1
277	15	1
277	16	1
277	17	1
277	18	1
277	19	1
277	20	1
277	21	0
277	22	1
277	23	0
277	24	1
277	25	1
277	26	1
277	27	0
277	28	0
277	29	1
277	30	1
277	31	0
277	32	1
277	33	0
277	34	1
277	35	1
277	36	1
277	37	1
277	38	1
277	39	1
277	40	1
278	1	1
278	2	1
278	3	1
278	4	1
278	5	0
278	6	1
278	7	1
278	8	0
278	9	0
278	10	1
278	11	1
278	12	1
278	13	1
278	14	0
278	15	1
278	16	0
278	17	1
278	18	0
278	19	1
278	20	1
278	21	0
278	22	1
278	23	0
278	24	0
278	25	1
278	26	1
278	27	0
278	28	0
278	29	1
278	30	1
278	31	0
278	32	0
278	33	0
278	34	0
278	35	0
278	36	0
278	37	0
278	38	1
278	39	1
278	40	1
279	1	1
279	2	1
279	3	1
279	4	1
279	5	0
279	6	1
279	7	1
279	8	1
279	9	1
279	10	0
279	11	0
279	12	0
279	13	1
279	14	0
279	15	1
279	16	0
279	17	0
279	18	0
279	19	1
279	20	1
279	21	1
279	22	0
279	23	1
279	24	0
279	25	1
279	26	0
279	27	1
279	28	0
279	29	1
279	30	1
279	31	1
279	32	0
279	33	1
279	34	0
279	35	0
279	36	0
279	37	0
279	38	1
279	39	0
279	40	1
280	1	0
280	2	0
280	3	0
280	4	0
280	5	1
280	6	0
280	7	0
280	8	0
280	9	0
280	10	0
280	11	0
280	12	0
280	13	1
280	14	1
280	15	1
280	16	1
280	17	0
280	18	0
280	19	1
280	20	0
280	21	0
280	22	0
280	23	0
280	24	0
280	25	1
280	26	0
280	27	0
280	28	0
280	29	1
280	30	0
280	31	0
280	32	1
280	33	0
280	34	1
280	35	1
280	36	0
280	37	1
280	38	0
280	39	0
280	40	0
281	1	1
281	2	1
281	3	1
281	4	1
281	5	1
281	6	1
281	7	1
281	8	0
281	9	0
281	10	1
281	11	1
281	12	1
281	13	0
281	14	1
281	15	0
281	16	1
281	17	1
281	18	1
281	19	0
281	20	1
281	21	0
281	22	0
281	23	0
281	24	1
281	25	0
281	26	1
281	27	0
281	28	0
281	29	0
281	30	1
281	31	0
281	32	1
281	33	0
281	34	1
281	35	1
281	36	1
281	37	1
281	38	1
281	39	1
281	40	1
282	1	1
282	2	1
282	3	1
282	4	1
282	5	1
282	6	1
282	7	1
282	8	1
282	9	1
282	10	1
282	11	1
282	12	1
282	13	1
282	14	1
282	15	1
282	16	1
282	17	1
282	18	1
282	19	1
282	20	1
282	21	1
282	22	1
282	23	1
282	24	1
282	25	1
282	26	1
282	27	1
282	28	1
282	29	1
282	30	1
282	31	1
282	32	1
282	33	1
282	34	1
282	35	1
282	36	1
282	37	1
282	38	1
282	39	1
282	40	1
283	1	1
283	2	1
283	3	1
283	4	1
283	5	0
283	6	1
283	7	1
283	8	0
283	9	0
283	10	1
283	11	1
283	12	1
283	13	1
283	14	0
283	15	1
283	16	0
283	17	1
283	18	0
283	19	1
283	20	1
283	21	0
283	22	1
283	23	0
283	24	0
283	25	1
283	26	1
283	27	0
283	28	0
283	29	1
283	30	1
283	31	0
283	32	0
283	33	0
283	34	0
283	35	0
283	36	0
283	37	0
283	38	1
283	39	1
283	40	1
284	1	0
284	2	0
284	3	0
284	4	0
284	5	1
284	6	0
284	7	0
284	8	0
284	9	0
284	10	0
284	11	0
284	12	0
284	13	1
284	14	1
284	15	1
284	16	1
284	17	0
284	18	1
284	19	1
284	20	0
284	21	0
284	22	1
284	23	0
284	24	1
284	25	1
284	26	0
284	27	0
284	28	0
284	29	1
284	30	0
284	31	0
284	32	1
284	33	0
284	34	1
284	35	1
284	36	1
284	37	1
284	38	0
284	39	0
284	40	0
285	1	1
285	2	1
285	3	0
285	4	1
285	5	0
285	6	1
285	7	1
285	8	0
285	9	0
285	10	0
285	11	0
285	12	0
285	13	1
285	14	0
285	15	0
285	16	0
285	17	0
285	18	0
285	19	0
285	20	1
285	21	1
285	22	1
285	23	1
285	24	0
285	25	1
285	26	0
285	27	1
285	28	0
285	29	1
285	30	0
285	31	1
285	32	0
285	33	1
285	34	0
285	35	0
285	36	0
285	37	0
285	38	1
285	39	0
285	40	0
286	1	1
286	2	1
286	3	1
286	4	1
286	5	1
286	6	1
286	7	1
286	8	0
286	9	0
286	10	1
286	11	1
286	12	1
286	13	0
286	14	1
286	15	0
286	16	1
286	17	1
286	18	1
286	19	0
286	20	1
286	21	0
286	22	0
286	23	0
286	24	1
286	25	0
286	26	1
286	27	0
286	28	0
286	29	0
286	30	1
286	31	0
286	32	1
286	33	0
286	34	1
286	35	1
286	36	1
286	37	1
286	38	1
286	39	1
286	40	1
287	1	1
287	2	1
287	3	0
287	4	1
287	5	1
287	6	1
287	7	1
287	8	0
287	9	0
287	10	1
287	11	0
287	12	1
287	13	0
287	14	1
287	15	0
287	16	0
287	17	0
287	18	1
287	19	0
287	20	1
287	21	0
287	22	0
287	23	0
287	24	0
287	25	0
287	26	1
287	27	0
287	28	0
287	29	0
287	30	0
287	31	0
287	32	1
287	33	0
287	34	1
287	35	1
287	36	1
287	37	1
287	38	1
287	39	0
287	40	0
288	1	1
288	2	1
288	3	1
288	4	1
288	5	0
288	6	1
288	7	1
288	8	1
288	9	1
288	10	0
288	11	1
288	12	0
288	13	1
288	14	0
288	15	1
288	16	0
288	17	1
288	18	0
288	19	1
288	20	1
288	21	1
288	22	1
288	23	1
288	24	0
288	25	1
288	26	0
288	27	1
288	28	1
288	29	1
288	30	1
288	31	1
288	32	0
288	33	1
288	34	0
288	35	0
288	36	0
288	37	0
288	38	1
288	39	0
288	40	1
289	1	1
289	2	1
289	3	1
289	4	1
289	5	0
289	6	1
289	7	1
289	8	0
289	9	0
289	10	1
289	11	1
289	12	1
289	13	1
289	14	0
289	15	1
289	16	0
289	17	1
289	18	0
289	19	1
289	20	1
289	21	0
289	22	1
289	23	0
289	24	0
289	25	1
289	26	1
289	27	0
289	28	0
289	29	1
289	30	1
289	31	0
289	32	0
289	33	0
289	34	0
289	35	0
289	36	0
289	37	0
289	38	1
289	39	1
289	40	1
290	1	0
290	2	0
290	3	1
290	4	1
290	5	0
290	6	1
290	7	0
290	8	1
290	9	1
290	10	1
290	11	1
290	12	1
290	13	1
290	14	0
290	15	1
290	16	0
290	17	1
290	18	0
290	19	1
290	20	1
290	21	1
290	22	1
290	23	1
290	24	0
290	25	1
290	26	1
290	27	1
290	28	1
290	29	1
290	30	0
290	31	1
290	32	0
290	33	1
290	34	0
290	35	0
290	36	0
290	37	0
290	38	1
290	39	1
290	40	0
291	1	1
291	2	1
291	3	0
291	4	0
291	5	1
291	6	0
291	7	1
291	8	1
291	9	1
291	10	1
291	11	0
291	12	1
291	13	1
291	14	1
291	15	1
291	16	1
291	17	0
291	18	1
291	19	1
291	20	0
291	21	1
291	22	1
291	23	1
291	24	1
291	25	1
291	26	1
291	27	1
291	28	1
291	29	1
291	30	1
291	31	1
291	32	1
291	33	1
291	34	1
291	35	1
291	36	1
291	37	1
291	38	0
291	39	1
291	40	1
292	1	1
292	2	1
292	3	1
292	4	1
292	5	1
292	6	1
292	7	1
292	8	0
292	9	0
292	10	1
292	11	1
292	12	1
292	13	1
292	14	1
292	15	1
292	16	1
292	17	1
292	18	1
292	19	1
292	20	1
292	21	0
292	22	1
292	23	0
292	24	1
292	25	1
292	26	1
292	27	0
292	28	0
292	29	1
292	30	1
292	31	0
292	32	1
292	33	0
292	34	1
292	35	1
292	36	1
292	37	1
292	38	1
292	39	1
292	40	1
293	1	1
293	2	1
293	3	1
293	4	1
293	5	1
293	6	1
293	7	1
293	8	1
293	9	1
293	10	1
293	11	1
293	12	1
293	13	1
293	14	1
293	15	1
293	16	1
293	17	1
293	18	1
293	19	1
293	20	1
293	21	1
293	22	1
293	23	1
293	24	1
293	25	1
293	26	1
293	27	1
293	28	1
293	29	1
293	30	1
293	31	1
293	32	1
293	33	1
293	34	1
293	35	1
293	36	1
293	37	1
293	38	1
293	39	1
293	40	1
294	1	0
294	2	0
294	3	1
294	4	1
294	5	0
294	6	1
294	7	0
294	8	1
294	9	1
294	10	1
294	11	1
294	12	1
294	13	1
294	14	0
294	15	1
294	16	0
294	17	1
294	18	0
294	19	1
294	20	1
294	21	1
294	22	1
294	23	1
294	24	0
294	25	1
294	26	1
294	27	1
294	28	1
294	29	1
294	30	0
294	31	1
294	32	0
294	33	1
294	34	0
294	35	0
294	36	0
294	37	0
294	38	1
294	39	1
294	40	0
295	1	1
295	2	1
295	3	0
295	4	1
295	5	1
295	6	1
295	7	1
295	8	0
295	9	0
295	10	1
295	11	0
295	12	1
295	13	1
295	14	1
295	15	0
295	16	0
295	17	0
295	18	1
295	19	0
295	20	1
295	21	0
295	22	1
295	23	0
295	24	0
295	25	1
295	26	1
295	27	0
295	28	0
295	29	1
295	30	0
295	31	0
295	32	1
295	33	0
295	34	1
295	35	1
295	36	1
295	37	1
295	38	1
295	39	0
295	40	0
296	1	0
296	2	0
296	3	1
296	4	0
296	5	0
296	6	0
296	7	0
296	8	0
296	9	0
296	10	0
296	11	0
296	12	0
296	13	1
296	14	0
296	15	0
296	16	0
296	17	1
296	18	0
296	19	1
296	20	0
296	21	0
296	22	0
296	23	1
296	24	0
296	25	1
296	26	1
296	27	1
296	28	1
296	29	1
296	30	0
296	31	0
296	32	0
296	33	1
296	34	0
296	35	0
296	36	0
296	37	0
296	38	1
296	39	1
296	40	0
297	1	1
297	2	1
297	3	1
297	4	1
297	5	0
297	6	1
297	7	1
297	8	0
297	9	0
297	10	1
297	11	1
297	12	1
297	13	1
297	14	0
297	15	1
297	16	0
297	17	1
297	18	0
297	19	1
297	20	1
297	21	0
297	22	1
297	23	0
297	24	0
297	25	1
297	26	1
297	27	0
297	28	0
297	29	1
297	30	1
297	31	0
297	32	0
297	33	0
297	34	0
297	35	0
297	36	0
297	37	0
297	38	1
297	39	1
297	40	1
298	1	1
298	2	1
298	3	1
298	4	1
298	5	0
298	6	1
298	7	1
298	8	1
298	9	1
298	10	0
298	11	1
298	12	0
298	13	1
298	14	0
298	15	1
298	16	0
298	17	1
298	18	0
298	19	1
298	20	1
298	21	1
298	22	1
298	23	1
298	24	0
298	25	1
298	26	0
298	27	1
298	28	1
298	29	1
298	30	1
298	31	1
298	32	0
298	33	1
298	34	0
298	35	0
298	36	0
298	37	0
298	38	1
298	39	0
298	40	1
299	1	1
299	2	1
299	3	1
299	4	1
299	5	0
299	6	1
299	7	1
299	8	1
299	9	1
299	10	0
299	11	1
299	12	0
299	13	1
299	14	0
299	15	1
299	16	0
299	17	1
299	18	0
299	19	1
299	20	1
299	21	1
299	22	1
299	23	1
299	24	0
299	25	1
299	26	0
299	27	1
299	28	1
299	29	1
299	30	1
299	31	1
299	32	0
299	33	1
299	34	0
299	35	0
299	36	0
299	37	0
299	38	1
299	39	0
299	40	1
300	1	1
300	2	1
300	3	1
300	4	1
300	5	0
300	6	1
300	7	1
300	8	1
300	9	1
300	10	0
300	11	1
300	12	0
300	13	1
300	14	0
300	15	1
300	16	0
300	17	1
300	18	0
300	19	1
300	20	1
300	21	1
300	22	1
300	23	1
300	24	0
300	25	1
300	26	0
300	27	1
300	28	1
300	29	1
300	30	1
300	31	1
300	32	0
300	33	1
300	34	0
300	35	0
300	36	0
300	37	0
300	38	1
300	39	0
300	40	1
301	1	1
301	2	1
301	3	1
301	4	1
301	5	0
301	6	1
301	7	1
301	8	0
301	9	0
301	10	1
301	11	1
301	12	1
301	13	1
301	14	0
301	15	1
301	16	0
301	17	1
301	18	0
301	19	1
301	20	1
301	21	0
301	22	1
301	23	0
301	24	0
301	25	1
301	26	1
301	27	0
301	28	0
301	29	1
301	30	1
301	31	0
301	32	0
301	33	0
301	34	0
301	35	0
301	36	0
301	37	0
301	38	1
301	39	1
301	40	1
302	1	0
302	2	0
302	3	1
302	4	1
302	5	0
302	6	1
302	7	0
302	8	1
302	9	1
302	10	1
302	11	0
302	12	1
302	13	1
302	14	0
302	15	1
302	16	0
302	17	0
302	18	0
302	19	1
302	20	1
302	21	1
302	22	0
302	23	1
302	24	0
302	25	1
302	26	1
302	27	1
302	28	0
302	29	1
302	30	0
302	31	1
302	32	0
302	33	1
302	34	0
302	35	0
302	36	0
302	37	0
302	38	1
302	39	0
302	40	0
303	1	1
303	2	1
303	3	1
303	4	1
303	5	1
303	6	1
303	7	1
303	8	0
303	9	0
303	10	1
303	11	1
303	12	1
303	13	0
303	14	1
303	15	0
303	16	1
303	17	1
303	18	1
303	19	0
303	20	1
303	21	0
303	22	0
303	23	0
303	24	1
303	25	0
303	26	1
303	27	0
303	28	0
303	29	0
303	30	1
303	31	0
303	32	1
303	33	0
303	34	1
303	35	1
303	36	1
303	37	1
303	38	1
303	39	1
303	40	1
304	1	1
304	2	1
304	3	1
304	4	1
304	5	1
304	6	1
304	7	1
304	8	1
304	9	1
304	10	1
304	11	1
304	12	1
304	13	1
304	14	1
304	15	1
304	16	1
304	17	1
304	18	1
304	19	1
304	20	1
304	21	1
304	22	1
304	23	1
304	24	1
304	25	1
304	26	1
304	27	1
304	28	1
304	29	1
304	30	1
304	31	1
304	32	1
304	33	1
304	34	1
304	35	1
304	36	1
304	37	1
304	38	1
304	39	1
304	40	1
305	1	1
305	2	1
305	3	1
305	4	1
305	5	1
305	6	1
305	7	1
305	8	0
305	9	0
305	10	1
305	11	1
305	12	1
305	13	1
305	14	1
305	15	1
305	16	1
305	17	1
305	18	1
305	19	1
305	20	1
305	21	0
305	22	1
305	23	0
305	24	1
305	25	1
305	26	1
305	27	0
305	28	0
305	29	1
305	30	1
305	31	0
305	32	1
305	33	0
305	34	1
305	35	1
305	36	1
305	37	1
305	38	1
305	39	1
305	40	1
306	1	1
306	2	1
306	3	1
306	4	1
306	5	0
306	6	1
306	7	1
306	8	1
306	9	1
306	10	0
306	11	1
306	12	0
306	13	1
306	14	0
306	15	1
306	16	0
306	17	1
306	18	0
306	19	1
306	20	1
306	21	1
306	22	1
306	23	1
306	24	0
306	25	1
306	26	0
306	27	1
306	28	1
306	29	1
306	30	1
306	31	1
306	32	0
306	33	1
306	34	0
306	35	0
306	36	0
306	37	0
306	38	1
306	39	0
306	40	1
307	1	1
307	2	1
307	3	1
307	4	1
307	5	1
307	6	1
307	7	1
307	8	1
307	9	1
307	10	1
307	11	1
307	12	1
307	13	1
307	14	1
307	15	1
307	16	1
307	17	1
307	18	1
307	19	1
307	20	1
307	21	1
307	22	1
307	23	1
307	24	1
307	25	1
307	26	1
307	27	1
307	28	1
307	29	1
307	30	1
307	31	1
307	32	1
307	33	1
307	34	1
307	35	1
307	36	1
307	37	1
307	38	1
307	39	1
307	40	1
308	1	0
308	2	0
308	3	0
308	4	0
308	5	1
308	6	0
308	7	0
308	8	0
308	9	0
308	10	0
308	11	0
308	12	0
308	13	1
308	14	1
308	15	1
308	16	1
308	17	0
308	18	1
308	19	1
308	20	0
308	21	0
308	22	1
308	23	0
308	24	1
308	25	1
308	26	0
308	27	0
308	28	0
308	29	1
308	30	0
308	31	0
308	32	1
308	33	0
308	34	1
308	35	1
308	36	1
308	37	1
308	38	0
308	39	0
308	40	0
309	1	1
309	2	1
309	3	1
309	4	1
309	5	0
309	6	1
309	7	1
309	8	0
309	9	0
309	10	1
309	11	1
309	12	1
309	13	1
309	14	0
309	15	1
309	16	0
309	17	1
309	18	0
309	19	1
309	20	1
309	21	0
309	22	1
309	23	0
309	24	0
309	25	1
309	26	1
309	27	0
309	28	0
309	29	1
309	30	1
309	31	0
309	32	0
309	33	0
309	34	0
309	35	0
309	36	0
309	37	0
309	38	1
309	39	1
309	40	1
310	1	1
310	2	1
310	3	0
310	4	1
310	5	0
310	6	0
310	7	0
310	8	0
310	9	0
310	10	0
310	11	1
310	12	0
310	13	0
310	14	1
310	15	0
310	16	0
310	17	1
310	18	1
310	19	0
310	20	0
310	21	0
310	22	0
310	23	0
310	24	1
310	25	0
310	26	1
310	27	0
310	28	0
310	29	0
310	30	1
310	31	0
310	32	1
310	33	0
310	34	1
310	35	1
310	36	1
310	37	1
310	38	1
310	39	1
310	40	0
311	1	0
311	2	1
311	3	1
311	4	0
311	5	0
311	6	0
311	7	0
311	8	0
311	9	0
311	10	0
311	11	1
311	12	0
311	13	1
311	14	0
311	15	1
311	16	0
311	17	1
311	18	0
311	19	1
311	20	0
311	21	0
311	22	0
311	23	1
311	24	0
311	25	1
311	26	0
311	27	1
311	28	1
311	29	1
311	30	1
311	31	0
311	32	0
311	33	1
311	34	0
311	35	0
311	36	0
311	37	0
311	38	1
311	39	0
311	40	1
312	1	0
312	2	0
312	3	1
312	4	1
312	5	0
312	6	1
312	7	0
312	8	1
312	9	1
312	10	1
312	11	0
312	12	1
312	13	1
312	14	0
312	15	1
312	16	0
312	17	0
312	18	0
312	19	1
312	20	1
312	21	1
312	22	0
312	23	1
312	24	0
312	25	1
312	26	1
312	27	1
312	28	0
312	29	1
312	30	0
312	31	1
312	32	0
312	33	1
312	34	0
312	35	0
312	36	0
312	37	0
312	38	1
312	39	0
312	40	0
313	1	1
313	2	1
313	3	1
313	4	1
313	5	0
313	6	0
313	7	0
313	8	0
313	9	1
313	10	0
313	11	0
313	12	0
313	13	1
313	14	0
313	15	0
313	16	0
313	17	1
313	18	0
313	19	1
313	20	0
313	21	1
313	22	1
313	23	1
313	24	0
313	25	1
313	26	0
313	27	1
313	28	1
313	29	1
313	30	0
313	31	1
313	32	0
313	33	1
313	34	0
313	35	0
313	36	0
313	37	0
313	38	1
313	39	0
313	40	0
314	1	1
314	2	1
314	3	1
314	4	1
314	5	1
314	6	1
314	7	1
314	8	1
314	9	1
314	10	1
314	11	1
314	12	1
314	13	1
314	14	1
314	15	1
314	16	1
314	17	1
314	18	1
314	19	1
314	20	1
314	21	1
314	22	1
314	23	1
314	24	1
314	25	1
314	26	1
314	27	1
314	28	1
314	29	1
314	30	1
314	31	1
314	32	1
314	33	1
314	34	1
314	35	1
314	36	1
314	37	1
314	38	1
314	39	1
314	40	1
315	1	1
315	2	1
315	3	0
315	4	0
315	5	1
315	6	0
315	7	1
315	8	0
315	9	0
315	10	1
315	11	0
315	12	1
315	13	1
315	14	1
315	15	0
315	16	0
315	17	0
315	18	1
315	19	0
315	20	0
315	21	1
315	22	1
315	23	1
315	24	0
315	25	1
315	26	1
315	27	1
315	28	0
315	29	1
315	30	0
315	31	1
315	32	1
315	33	1
315	34	1
315	35	1
315	36	1
315	37	1
315	38	0
315	39	0
315	40	0
316	1	1
316	2	1
316	3	1
316	4	1
316	5	0
316	6	1
316	7	1
316	8	1
316	9	1
316	10	0
316	11	1
316	12	0
316	13	1
316	14	0
316	15	1
316	16	0
316	17	1
316	18	0
316	19	1
316	20	1
316	21	1
316	22	1
316	23	1
316	24	0
316	25	1
316	26	0
316	27	1
316	28	1
316	29	1
316	30	1
316	31	1
316	32	0
316	33	1
316	34	0
316	35	0
316	36	0
316	37	0
316	38	1
316	39	0
316	40	1
317	1	1
317	2	1
317	3	1
317	4	1
317	5	0
317	6	1
317	7	1
317	8	1
317	9	1
317	10	0
317	11	1
317	12	0
317	13	1
317	14	0
317	15	1
317	16	0
317	17	1
317	18	0
317	19	1
317	20	1
317	21	1
317	22	1
317	23	1
317	24	0
317	25	1
317	26	0
317	27	1
317	28	1
317	29	1
317	30	1
317	31	1
317	32	0
317	33	1
317	34	0
317	35	0
317	36	0
317	37	0
317	38	1
317	39	0
317	40	1
318	1	1
318	2	1
318	3	1
318	4	1
318	5	1
318	6	1
318	7	1
318	8	1
318	9	1
318	10	1
318	11	1
318	12	1
318	13	1
318	14	1
318	15	1
318	16	1
318	17	1
318	18	1
318	19	1
318	20	1
318	21	1
318	22	1
318	23	1
318	24	1
318	25	1
318	26	1
318	27	1
318	28	1
318	29	1
318	30	1
318	31	1
318	32	1
318	33	1
318	34	1
318	35	1
318	36	1
318	37	1
318	38	1
318	39	1
318	40	1
319	1	1
319	2	1
319	3	1
319	4	1
319	5	0
319	6	1
319	7	1
319	8	1
319	9	1
319	10	0
319	11	1
319	12	0
319	13	1
319	14	0
319	15	1
319	16	0
319	17	1
319	18	0
319	19	1
319	20	1
319	21	1
319	22	1
319	23	1
319	24	0
319	25	1
319	26	0
319	27	1
319	28	1
319	29	1
319	30	1
319	31	1
319	32	0
319	33	1
319	34	0
319	35	0
319	36	0
319	37	0
319	38	1
319	39	0
319	40	1
320	1	1
320	2	1
320	3	1
320	4	1
320	5	0
320	6	1
320	7	1
320	8	0
320	9	0
320	10	1
320	11	1
320	12	1
320	13	1
320	14	0
320	15	1
320	16	0
320	17	1
320	18	0
320	19	1
320	20	1
320	21	0
320	22	1
320	23	0
320	24	0
320	25	1
320	26	1
320	27	0
320	28	0
320	29	1
320	30	1
320	31	0
320	32	0
320	33	0
320	34	0
320	35	0
320	36	0
320	37	0
320	38	1
320	39	1
320	40	1
321	1	1
321	2	1
321	3	1
321	4	1
321	5	0
321	6	1
321	7	1
321	8	0
321	9	0
321	10	1
321	11	1
321	12	1
321	13	1
321	14	0
321	15	1
321	16	0
321	17	1
321	18	0
321	19	1
321	20	1
321	21	0
321	22	1
321	23	0
321	24	0
321	25	1
321	26	1
321	27	0
321	28	0
321	29	1
321	30	1
321	31	0
321	32	0
321	33	0
321	34	0
321	35	0
321	36	0
321	37	0
321	38	1
321	39	1
321	40	1
322	1	1
322	2	1
322	3	1
322	4	1
322	5	1
322	6	1
322	7	1
322	8	1
322	9	1
322	10	1
322	11	1
322	12	1
322	13	1
322	14	1
322	15	1
322	16	1
322	17	1
322	18	1
322	19	1
322	20	1
322	21	1
322	22	1
322	23	1
322	24	1
322	25	1
322	26	1
322	27	1
322	28	1
322	29	1
322	30	1
322	31	1
322	32	1
322	33	1
322	34	1
322	35	1
322	36	1
322	37	1
322	38	1
322	39	1
322	40	1
323	1	0
323	2	0
323	3	0
323	4	0
323	5	1
323	6	0
323	7	0
323	8	0
323	9	0
323	10	0
323	11	0
323	12	0
323	13	1
323	14	1
323	15	1
323	16	1
323	17	0
323	18	1
323	19	1
323	20	0
323	21	0
323	22	1
323	23	0
323	24	1
323	25	1
323	26	0
323	27	0
323	28	0
323	29	1
323	30	0
323	31	0
323	32	1
323	33	0
323	34	1
323	35	1
323	36	1
323	37	1
323	38	0
323	39	0
323	40	0
324	1	1
324	2	1
324	3	1
324	4	1
324	5	1
324	6	1
324	7	1
324	8	0
324	9	0
324	10	1
324	11	1
324	12	1
324	13	0
324	14	1
324	15	0
324	16	1
324	17	1
324	18	1
324	19	0
324	20	1
324	21	0
324	22	0
324	23	0
324	24	1
324	25	0
324	26	1
324	27	0
324	28	0
324	29	0
324	30	1
324	31	0
324	32	1
324	33	0
324	34	1
324	35	1
324	36	1
324	37	1
324	38	1
324	39	1
324	40	1
325	1	1
325	2	1
325	3	1
325	4	1
325	5	0
325	6	1
325	7	1
325	8	1
325	9	1
325	10	0
325	11	1
325	12	0
325	13	1
325	14	0
325	15	1
325	16	0
325	17	1
325	18	0
325	19	1
325	20	1
325	21	1
325	22	1
325	23	1
325	24	0
325	25	1
325	26	0
325	27	1
325	28	1
325	29	1
325	30	1
325	31	1
325	32	0
325	33	1
325	34	0
325	35	0
325	36	0
325	37	0
325	38	1
325	39	0
325	40	1
326	1	0
326	2	0
326	3	0
326	4	0
326	5	1
326	6	0
326	7	0
326	8	0
326	9	0
326	10	0
326	11	0
326	12	0
326	13	1
326	14	1
326	15	1
326	16	1
326	17	0
326	18	0
326	19	1
326	20	0
326	21	0
326	22	0
326	23	0
326	24	0
326	25	1
326	26	0
326	27	0
326	28	0
326	29	1
326	30	0
326	31	0
326	32	1
326	33	0
326	34	1
326	35	1
326	36	0
326	37	1
326	38	0
326	39	0
326	40	0
327	1	0
327	2	0
327	3	1
327	4	1
327	5	0
327	6	1
327	7	0
327	8	1
327	9	1
327	10	1
327	11	0
327	12	1
327	13	1
327	14	0
327	15	1
327	16	0
327	17	0
327	18	0
327	19	1
327	20	1
327	21	1
327	22	0
327	23	1
327	24	0
327	25	1
327	26	1
327	27	1
327	28	0
327	29	1
327	30	0
327	31	1
327	32	0
327	33	1
327	34	0
327	35	0
327	36	0
327	37	0
327	38	1
327	39	0
327	40	0
328	1	0
328	2	0
328	3	0
328	4	0
328	5	1
328	6	0
328	7	0
328	8	0
328	9	0
328	10	0
328	11	0
328	12	0
328	13	1
328	14	1
328	15	1
328	16	1
328	17	0
328	18	1
328	19	1
328	20	0
328	21	0
328	22	1
328	23	0
328	24	1
328	25	1
328	26	0
328	27	0
328	28	0
328	29	1
328	30	0
328	31	0
328	32	1
328	33	0
328	34	1
328	35	1
328	36	1
328	37	1
328	38	0
328	39	0
328	40	0
329	1	1
329	2	1
329	3	1
329	4	1
329	5	0
329	6	1
329	7	1
329	8	1
329	9	1
329	10	0
329	11	1
329	12	0
329	13	1
329	14	0
329	15	1
329	16	0
329	17	1
329	18	0
329	19	1
329	20	1
329	21	1
329	22	1
329	23	1
329	24	0
329	25	1
329	26	0
329	27	1
329	28	1
329	29	1
329	30	1
329	31	1
329	32	0
329	33	1
329	34	0
329	35	0
329	36	0
329	37	0
329	38	1
329	39	0
329	40	1
330	1	1
330	2	1
330	3	1
330	4	1
330	5	0
330	6	1
330	7	1
330	8	1
330	9	1
330	10	0
330	11	1
330	12	0
330	13	1
330	14	0
330	15	1
330	16	0
330	17	1
330	18	0
330	19	1
330	20	1
330	21	1
330	22	1
330	23	1
330	24	0
330	25	1
330	26	0
330	27	1
330	28	1
330	29	1
330	30	1
330	31	1
330	32	0
330	33	1
330	34	0
330	35	0
330	36	0
330	37	0
330	38	1
330	39	0
330	40	1
331	1	1
331	2	1
331	3	1
331	4	1
331	5	0
331	6	1
331	7	1
331	8	0
331	9	0
331	10	1
331	11	1
331	12	1
331	13	1
331	14	0
331	15	1
331	16	0
331	17	1
331	18	0
331	19	1
331	20	1
331	21	0
331	22	1
331	23	0
331	24	0
331	25	1
331	26	1
331	27	0
331	28	0
331	29	1
331	30	1
331	31	0
331	32	0
331	33	0
331	34	0
331	35	0
331	36	0
331	37	0
331	38	1
331	39	1
331	40	1
332	1	1
332	2	1
332	3	0
332	4	0
332	5	1
332	6	0
332	7	1
332	8	1
332	9	1
332	10	1
332	11	0
332	12	1
332	13	1
332	14	1
332	15	1
332	16	1
332	17	0
332	18	1
332	19	1
332	20	0
332	21	1
332	22	1
332	23	1
332	24	1
332	25	1
332	26	1
332	27	1
332	28	1
332	29	1
332	30	1
332	31	1
332	32	1
332	33	1
332	34	1
332	35	1
332	36	1
332	37	1
332	38	0
332	39	1
332	40	1
333	1	0
333	2	0
333	3	1
333	4	1
333	5	0
333	6	1
333	7	0
333	8	1
333	9	1
333	10	1
333	11	1
333	12	1
333	13	1
333	14	0
333	15	1
333	16	0
333	17	1
333	18	0
333	19	1
333	20	1
333	21	1
333	22	1
333	23	1
333	24	0
333	25	1
333	26	1
333	27	1
333	28	1
333	29	1
333	30	0
333	31	1
333	32	0
333	33	1
333	34	0
333	35	0
333	36	0
333	37	0
333	38	1
333	39	1
333	40	0
334	1	1
334	2	1
334	3	1
334	4	1
334	5	0
334	6	1
334	7	1
334	8	1
334	9	1
334	10	0
334	11	1
334	12	0
334	13	1
334	14	0
334	15	1
334	16	0
334	17	1
334	18	0
334	19	1
334	20	1
334	21	1
334	22	1
334	23	1
334	24	0
334	25	1
334	26	0
334	27	1
334	28	1
334	29	1
334	30	1
334	31	1
334	32	0
334	33	1
334	34	0
334	35	0
334	36	0
334	37	0
334	38	1
334	39	0
334	40	1
335	1	1
335	2	1
335	3	0
335	4	0
335	5	0
335	6	0
335	7	0
335	8	1
335	9	1
335	10	0
335	11	0
335	12	0
335	13	1
335	14	1
335	15	1
335	16	0
335	17	0
335	18	1
335	19	1
335	20	0
335	21	1
335	22	1
335	23	1
335	24	1
335	25	1
335	26	1
335	27	1
335	28	0
335	29	1
335	30	1
335	31	1
335	32	1
335	33	1
335	34	1
335	35	1
335	36	1
335	37	1
335	38	0
335	39	1
335	40	0
336	1	1
336	2	1
336	3	1
336	4	1
336	5	0
336	6	1
336	7	1
336	8	1
336	9	1
336	10	0
336	11	1
336	12	0
336	13	1
336	14	0
336	15	1
336	16	0
336	17	1
336	18	0
336	19	1
336	20	1
336	21	1
336	22	1
336	23	1
336	24	0
336	25	1
336	26	0
336	27	1
336	28	1
336	29	1
336	30	1
336	31	1
336	32	0
336	33	1
336	34	0
336	35	0
336	36	0
336	37	0
336	38	1
336	39	0
336	40	1
337	1	1
337	2	1
337	3	0
337	4	0
337	5	0
337	6	0
337	7	0
337	8	1
337	9	1
337	10	0
337	11	0
337	12	0
337	13	1
337	14	1
337	15	1
337	16	0
337	17	0
337	18	1
337	19	1
337	20	0
337	21	1
337	22	1
337	23	1
337	24	1
337	25	1
337	26	1
337	27	1
337	28	0
337	29	1
337	30	1
337	31	1
337	32	1
337	33	1
337	34	1
337	35	1
337	36	1
337	37	1
337	38	0
337	39	1
337	40	0
338	1	1
338	2	1
338	3	1
338	4	1
338	5	0
338	6	1
338	7	1
338	8	1
338	9	1
338	10	0
338	11	1
338	12	0
338	13	1
338	14	0
338	15	1
338	16	0
338	17	1
338	18	0
338	19	1
338	20	1
338	21	1
338	22	1
338	23	1
338	24	0
338	25	1
338	26	0
338	27	1
338	28	1
338	29	1
338	30	1
338	31	1
338	32	0
338	33	1
338	34	0
338	35	0
338	36	0
338	37	0
338	38	1
338	39	0
338	40	1
339	1	1
339	2	1
339	3	1
339	4	1
339	5	1
339	6	1
339	7	1
339	8	1
339	9	1
339	10	1
339	11	1
339	12	1
339	13	1
339	14	1
339	15	1
339	16	1
339	17	1
339	18	1
339	19	1
339	20	1
339	21	1
339	22	1
339	23	1
339	24	1
339	25	1
339	26	1
339	27	1
339	28	1
339	29	1
339	30	1
339	31	1
339	32	1
339	33	1
339	34	1
339	35	1
339	36	1
339	37	1
339	38	1
339	39	1
339	40	1
340	1	1
340	2	1
340	3	1
340	4	1
340	5	0
340	6	1
340	7	1
340	8	1
340	9	1
340	10	0
340	11	1
340	12	0
340	13	1
340	14	0
340	15	1
340	16	0
340	17	1
340	18	0
340	19	1
340	20	1
340	21	1
340	22	1
340	23	1
340	24	0
340	25	1
340	26	0
340	27	1
340	28	1
340	29	1
340	30	1
340	31	1
340	32	0
340	33	1
340	34	0
340	35	0
340	36	0
340	37	0
340	38	1
340	39	0
340	40	1
341	1	1
341	2	1
341	3	1
341	4	1
341	5	1
341	6	1
341	7	1
341	8	0
341	9	0
341	10	1
341	11	1
341	12	1
341	13	1
341	14	1
341	15	1
341	16	1
341	17	1
341	18	1
341	19	1
341	20	1
341	21	0
341	22	1
341	23	0
341	24	1
341	25	1
341	26	1
341	27	0
341	28	0
341	29	1
341	30	1
341	31	0
341	32	1
341	33	0
341	34	1
341	35	1
341	36	1
341	37	1
341	38	1
341	39	1
341	40	1
342	1	1
342	2	1
342	3	1
342	4	1
342	5	1
342	6	1
342	7	1
342	8	1
342	9	1
342	10	1
342	11	1
342	12	1
342	13	1
342	14	1
342	15	1
342	16	1
342	17	1
342	18	1
342	19	1
342	20	1
342	21	1
342	22	1
342	23	1
342	24	1
342	25	1
342	26	1
342	27	1
342	28	1
342	29	1
342	30	1
342	31	1
342	32	1
342	33	1
342	34	1
342	35	1
342	36	1
342	37	1
342	38	1
342	39	1
342	40	1
343	1	0
343	2	0
343	3	1
343	4	1
343	5	0
343	6	1
343	7	0
343	8	1
343	9	1
343	10	1
343	11	1
343	12	1
343	13	1
343	14	0
343	15	1
343	16	0
343	17	1
343	18	0
343	19	1
343	20	1
343	21	1
343	22	1
343	23	1
343	24	0
343	25	1
343	26	1
343	27	1
343	28	1
343	29	1
343	30	0
343	31	1
343	32	0
343	33	1
343	34	0
343	35	0
343	36	0
343	37	0
343	38	1
343	39	1
343	40	0
344	1	1
344	2	1
344	3	1
344	4	1
344	5	0
344	6	1
344	7	1
344	8	1
344	9	1
344	10	0
344	11	1
344	12	0
344	13	1
344	14	0
344	15	1
344	16	0
344	17	1
344	18	0
344	19	1
344	20	1
344	21	1
344	22	1
344	23	1
344	24	0
344	25	1
344	26	0
344	27	1
344	28	1
344	29	1
344	30	1
344	31	1
344	32	0
344	33	1
344	34	0
344	35	0
344	36	0
344	37	0
344	38	1
344	39	0
344	40	1
345	1	1
345	2	1
345	3	0
345	4	0
345	5	1
345	6	0
345	7	1
345	8	1
345	9	1
345	10	1
345	11	0
345	12	1
345	13	1
345	14	1
345	15	1
345	16	1
345	17	0
345	18	1
345	19	1
345	20	0
345	21	1
345	22	1
345	23	1
345	24	1
345	25	1
345	26	1
345	27	1
345	28	1
345	29	1
345	30	1
345	31	1
345	32	1
345	33	1
345	34	1
345	35	1
345	36	1
345	37	1
345	38	0
345	39	1
345	40	1
346	1	1
346	2	1
346	3	1
346	4	1
346	5	1
346	6	0
346	7	0
346	8	0
346	9	0
346	10	0
346	11	0
346	12	1
346	13	1
346	14	0
346	15	0
346	16	1
346	17	1
346	18	1
346	19	1
346	20	0
346	21	0
346	22	1
346	23	0
346	24	1
346	25	1
346	26	1
346	27	0
346	28	0
346	29	1
346	30	0
346	31	0
346	32	1
346	33	0
346	34	1
346	35	1
346	36	0
346	37	1
346	38	1
346	39	1
346	40	0
347	1	1
347	2	1
347	3	1
347	4	1
347	5	0
347	6	1
347	7	1
347	8	1
347	9	1
347	10	0
347	11	1
347	12	0
347	13	1
347	14	0
347	15	1
347	16	0
347	17	1
347	18	0
347	19	1
347	20	1
347	21	1
347	22	1
347	23	1
347	24	0
347	25	1
347	26	0
347	27	1
347	28	1
347	29	1
347	30	1
347	31	1
347	32	0
347	33	1
347	34	0
347	35	0
347	36	0
347	37	0
347	38	1
347	39	0
347	40	1
348	1	1
348	2	1
348	3	1
348	4	1
348	5	0
348	6	1
348	7	1
348	8	0
348	9	0
348	10	1
348	11	1
348	12	1
348	13	1
348	14	0
348	15	1
348	16	0
348	17	1
348	18	0
348	19	1
348	20	1
348	21	0
348	22	1
348	23	0
348	24	0
348	25	1
348	26	1
348	27	0
348	28	0
348	29	1
348	30	1
348	31	0
348	32	0
348	33	0
348	34	0
348	35	0
348	36	0
348	37	0
348	38	1
348	39	1
348	40	1
349	1	1
349	2	1
349	3	1
349	4	1
349	5	1
349	6	1
349	7	1
349	8	0
349	9	0
349	10	1
349	11	1
349	12	1
349	13	1
349	14	1
349	15	1
349	16	1
349	17	1
349	18	1
349	19	1
349	20	1
349	21	0
349	22	1
349	23	0
349	24	1
349	25	1
349	26	1
349	27	0
349	28	0
349	29	1
349	30	1
349	31	0
349	32	1
349	33	0
349	34	1
349	35	1
349	36	1
349	37	1
349	38	1
349	39	1
349	40	1
350	1	1
350	2	1
350	3	0
350	4	0
350	5	1
350	6	0
350	7	1
350	8	1
350	9	1
350	10	1
350	11	0
350	12	1
350	13	1
350	14	1
350	15	1
350	16	1
350	17	0
350	18	1
350	19	1
350	20	0
350	21	1
350	22	1
350	23	1
350	24	1
350	25	1
350	26	1
350	27	1
350	28	1
350	29	1
350	30	1
350	31	1
350	32	1
350	33	1
350	34	1
350	35	1
350	36	1
350	37	1
350	38	0
350	39	1
350	40	1
351	1	1
351	2	1
351	3	1
351	4	1
351	5	1
351	6	1
351	7	1
351	8	1
351	9	1
351	10	1
351	11	1
351	12	1
351	13	1
351	14	1
351	15	1
351	16	1
351	17	1
351	18	1
351	19	1
351	20	1
351	21	1
351	22	1
351	23	1
351	24	1
351	25	1
351	26	1
351	27	1
351	28	1
351	29	1
351	30	1
351	31	1
351	32	1
351	33	1
351	34	1
351	35	1
351	36	1
351	37	1
351	38	1
351	39	1
351	40	1
352	1	0
352	2	1
352	3	1
352	4	0
352	5	1
352	6	0
352	7	0
352	8	0
352	9	0
352	10	0
352	11	1
352	12	0
352	13	1
352	14	1
352	15	1
352	16	1
352	17	1
352	18	0
352	19	1
352	20	0
352	21	0
352	22	0
352	23	1
352	24	0
352	25	1
352	26	1
352	27	1
352	28	1
352	29	1
352	30	1
352	31	0
352	32	1
352	33	1
352	34	1
352	35	1
352	36	0
352	37	1
352	38	1
352	39	1
352	40	1
353	1	0
353	2	0
353	3	0
353	4	0
353	5	1
353	6	0
353	7	0
353	8	0
353	9	0
353	10	0
353	11	0
353	12	0
353	13	1
353	14	1
353	15	1
353	16	1
353	17	0
353	18	1
353	19	1
353	20	0
353	21	0
353	22	1
353	23	0
353	24	1
353	25	1
353	26	0
353	27	0
353	28	0
353	29	1
353	30	0
353	31	0
353	32	1
353	33	0
353	34	1
353	35	1
353	36	1
353	37	1
353	38	0
353	39	0
353	40	0
354	1	1
354	2	1
354	3	1
354	4	1
354	5	0
354	6	1
354	7	1
354	8	1
354	9	1
354	10	0
354	11	1
354	12	0
354	13	1
354	14	0
354	15	1
354	16	0
354	17	1
354	18	0
354	19	1
354	20	1
354	21	1
354	22	1
354	23	1
354	24	0
354	25	1
354	26	0
354	27	1
354	28	1
354	29	1
354	30	1
354	31	1
354	32	0
354	33	1
354	34	0
354	35	0
354	36	0
354	37	0
354	38	1
354	39	0
354	40	1
355	1	1
355	2	1
355	3	1
355	4	1
355	5	0
355	6	1
355	7	1
355	8	1
355	9	1
355	10	0
355	11	1
355	12	0
355	13	1
355	14	0
355	15	1
355	16	0
355	17	1
355	18	0
355	19	1
355	20	1
355	21	1
355	22	1
355	23	1
355	24	0
355	25	1
355	26	0
355	27	1
355	28	1
355	29	1
355	30	1
355	31	1
355	32	0
355	33	1
355	34	0
355	35	0
355	36	0
355	37	0
355	38	1
355	39	0
355	40	1
356	1	0
356	2	0
356	3	1
356	4	1
356	5	0
356	6	1
356	7	0
356	8	1
356	9	1
356	10	1
356	11	1
356	12	1
356	13	1
356	14	0
356	15	1
356	16	0
356	17	1
356	18	0
356	19	1
356	20	1
356	21	1
356	22	1
356	23	1
356	24	0
356	25	1
356	26	1
356	27	1
356	28	1
356	29	1
356	30	0
356	31	1
356	32	0
356	33	1
356	34	0
356	35	0
356	36	0
356	37	0
356	38	1
356	39	1
356	40	0
357	1	0
357	2	0
357	3	0
357	4	1
357	5	0
357	6	0
357	7	0
357	8	1
357	9	1
357	10	0
357	11	1
357	12	0
357	13	1
357	14	0
357	15	1
357	16	0
357	17	1
357	18	0
357	19	1
357	20	0
357	21	1
357	22	1
357	23	1
357	24	0
357	25	1
357	26	1
357	27	1
357	28	0
357	29	1
357	30	0
357	31	1
357	32	0
357	33	1
357	34	0
357	35	0
357	36	0
357	37	0
357	38	1
357	39	1
357	40	0
358	1	1
358	2	1
358	3	1
358	4	1
358	5	1
358	6	1
358	7	1
358	8	1
358	9	1
358	10	1
358	11	1
358	12	1
358	13	1
358	14	1
358	15	1
358	16	1
358	17	1
358	18	1
358	19	1
358	20	1
358	21	1
358	22	1
358	23	1
358	24	1
358	25	1
358	26	1
358	27	1
358	28	1
358	29	1
358	30	1
358	31	1
358	32	1
358	33	1
358	34	1
358	35	1
358	36	1
358	37	1
358	38	1
358	39	1
358	40	1
359	1	1
359	2	1
359	3	1
359	4	1
359	5	0
359	6	1
359	7	1
359	8	1
359	9	1
359	10	0
359	11	1
359	12	0
359	13	1
359	14	0
359	15	1
359	16	0
359	17	1
359	18	0
359	19	1
359	20	1
359	21	1
359	22	1
359	23	1
359	24	0
359	25	1
359	26	0
359	27	1
359	28	1
359	29	1
359	30	1
359	31	1
359	32	0
359	33	1
359	34	0
359	35	0
359	36	0
359	37	0
359	38	1
359	39	0
359	40	1
360	1	1
360	2	1
360	3	1
360	4	1
360	5	1
360	6	1
360	7	1
360	8	1
360	9	1
360	10	1
360	11	1
360	12	1
360	13	1
360	14	1
360	15	1
360	16	1
360	17	1
360	18	1
360	19	1
360	20	1
360	21	1
360	22	1
360	23	1
360	24	1
360	25	1
360	26	1
360	27	1
360	28	1
360	29	1
360	30	1
360	31	1
360	32	1
360	33	1
360	34	1
360	35	1
360	36	1
360	37	1
360	38	1
360	39	1
360	40	1
361	1	1
361	2	1
361	3	1
361	4	1
361	5	0
361	6	1
361	7	1
361	8	1
361	9	1
361	10	0
361	11	0
361	12	0
361	13	1
361	14	0
361	15	1
361	16	0
361	17	0
361	18	0
361	19	1
361	20	1
361	21	1
361	22	0
361	23	1
361	24	0
361	25	1
361	26	0
361	27	1
361	28	0
361	29	1
361	30	1
361	31	1
361	32	0
361	33	1
361	34	0
361	35	0
361	36	0
361	37	0
361	38	1
361	39	0
361	40	1
362	1	1
362	2	1
362	3	1
362	4	1
362	5	1
362	6	1
362	7	1
362	8	1
362	9	1
362	10	1
362	11	1
362	12	1
362	13	1
362	14	1
362	15	1
362	16	1
362	17	1
362	18	1
362	19	1
362	20	1
362	21	1
362	22	1
362	23	1
362	24	1
362	25	1
362	26	1
362	27	1
362	28	1
362	29	1
362	30	1
362	31	1
362	32	1
362	33	1
362	34	1
362	35	1
362	36	1
362	37	1
362	38	1
362	39	1
362	40	1
363	1	0
363	2	0
363	3	0
363	4	0
363	5	0
363	6	0
363	7	0
363	8	0
363	9	0
363	10	0
363	11	0
363	12	0
363	13	1
363	14	1
363	15	1
363	16	0
363	17	0
363	18	1
363	19	1
363	20	0
363	21	0
363	22	0
363	23	0
363	24	1
363	25	1
363	26	0
363	27	0
363	28	0
363	29	1
363	30	0
363	31	0
363	32	1
363	33	0
363	34	1
363	35	1
363	36	1
363	37	1
363	38	0
363	39	0
363	40	0
364	1	1
364	2	1
364	3	1
364	4	1
364	5	0
364	6	1
364	7	1
364	8	1
364	9	1
364	10	0
364	11	1
364	12	0
364	13	1
364	14	0
364	15	1
364	16	0
364	17	1
364	18	0
364	19	1
364	20	1
364	21	1
364	22	1
364	23	1
364	24	0
364	25	1
364	26	0
364	27	1
364	28	1
364	29	1
364	30	1
364	31	1
364	32	0
364	33	1
364	34	0
364	35	0
364	36	0
364	37	0
364	38	1
364	39	0
364	40	1
365	1	0
365	2	0
365	3	0
365	4	0
365	5	1
365	6	0
365	7	0
365	8	0
365	9	0
365	10	0
365	11	0
365	12	0
365	13	1
365	14	1
365	15	1
365	16	1
365	17	0
365	18	1
365	19	1
365	20	0
365	21	0
365	22	1
365	23	0
365	24	1
365	25	1
365	26	0
365	27	0
365	28	0
365	29	1
365	30	0
365	31	0
365	32	1
365	33	0
365	34	1
365	35	1
365	36	1
365	37	1
365	38	0
365	39	0
365	40	0
366	1	1
366	2	1
366	3	1
366	4	1
366	5	1
366	6	1
366	7	1
366	8	0
366	9	0
366	10	1
366	11	1
366	12	1
366	13	0
366	14	1
366	15	0
366	16	1
366	17	1
366	18	1
366	19	0
366	20	1
366	21	0
366	22	0
366	23	0
366	24	1
366	25	0
366	26	1
366	27	0
366	28	0
366	29	0
366	30	1
366	31	0
366	32	1
366	33	0
366	34	1
366	35	1
366	36	1
366	37	1
366	38	1
366	39	1
366	40	1
367	1	1
367	2	1
367	3	1
367	4	1
367	5	0
367	6	1
367	7	1
367	8	1
367	9	1
367	10	0
367	11	1
367	12	0
367	13	1
367	14	0
367	15	1
367	16	0
367	17	1
367	18	0
367	19	1
367	20	1
367	21	1
367	22	1
367	23	1
367	24	0
367	25	1
367	26	0
367	27	1
367	28	1
367	29	1
367	30	1
367	31	1
367	32	0
367	33	1
367	34	0
367	35	0
367	36	0
367	37	0
367	38	1
367	39	0
367	40	1
368	1	1
368	2	1
368	3	1
368	4	1
368	5	1
368	6	1
368	7	1
368	8	1
368	9	1
368	10	1
368	11	1
368	12	1
368	13	1
368	14	1
368	15	1
368	16	1
368	17	1
368	18	1
368	19	1
368	20	1
368	21	1
368	22	1
368	23	1
368	24	1
368	25	1
368	26	1
368	27	1
368	28	1
368	29	1
368	30	1
368	31	1
368	32	1
368	33	1
368	34	1
368	35	1
368	36	1
368	37	1
368	38	1
368	39	1
368	40	1
369	1	1
369	2	1
369	3	1
369	4	1
369	5	0
369	6	1
369	7	1
369	8	0
369	9	0
369	10	1
369	11	1
369	12	1
369	13	1
369	14	0
369	15	1
369	16	0
369	17	1
369	18	0
369	19	1
369	20	1
369	21	0
369	22	1
369	23	0
369	24	0
369	25	1
369	26	1
369	27	0
369	28	0
369	29	1
369	30	1
369	31	0
369	32	0
369	33	0
369	34	0
369	35	0
369	36	0
369	37	0
369	38	1
369	39	1
369	40	1
370	1	1
370	2	1
370	3	0
370	4	0
370	5	1
370	6	0
370	7	1
370	8	1
370	9	1
370	10	1
370	11	0
370	12	1
370	13	1
370	14	1
370	15	1
370	16	1
370	17	0
370	18	1
370	19	1
370	20	0
370	21	1
370	22	1
370	23	1
370	24	1
370	25	1
370	26	1
370	27	1
370	28	1
370	29	1
370	30	1
370	31	1
370	32	1
370	33	1
370	34	1
370	35	1
370	36	1
370	37	1
370	38	0
370	39	1
370	40	1
371	1	0
371	2	1
371	3	1
371	4	0
371	5	1
371	6	0
371	7	0
371	8	0
371	9	0
371	10	0
371	11	1
371	12	0
371	13	1
371	14	1
371	15	1
371	16	1
371	17	1
371	18	0
371	19	1
371	20	0
371	21	0
371	22	0
371	23	0
371	24	0
371	25	1
371	26	1
371	27	0
371	28	0
371	29	1
371	30	1
371	31	0
371	32	1
371	33	0
371	34	1
371	35	1
371	36	0
371	37	1
371	38	1
371	39	1
371	40	1
372	1	0
372	2	0
372	3	0
372	4	0
372	5	1
372	6	0
372	7	0
372	8	0
372	9	0
372	10	0
372	11	0
372	12	0
372	13	1
372	14	1
372	15	1
372	16	1
372	17	0
372	18	1
372	19	1
372	20	0
372	21	0
372	22	1
372	23	0
372	24	1
372	25	1
372	26	0
372	27	0
372	28	0
372	29	1
372	30	0
372	31	0
372	32	1
372	33	0
372	34	1
372	35	1
372	36	1
372	37	1
372	38	0
372	39	0
372	40	0
373	1	0
373	2	0
373	3	0
373	4	0
373	5	1
373	6	0
373	7	0
373	8	0
373	9	0
373	10	0
373	11	0
373	12	0
373	13	1
373	14	1
373	15	1
373	16	1
373	17	0
373	18	1
373	19	1
373	20	0
373	21	0
373	22	1
373	23	0
373	24	1
373	25	1
373	26	0
373	27	0
373	28	0
373	29	1
373	30	0
373	31	0
373	32	1
373	33	0
373	34	1
373	35	1
373	36	1
373	37	1
373	38	0
373	39	0
373	40	0
374	1	0
374	2	0
374	3	0
374	4	0
374	5	1
374	6	0
374	7	0
374	8	0
374	9	0
374	10	0
374	11	0
374	12	0
374	13	1
374	14	1
374	15	1
374	16	1
374	17	0
374	18	1
374	19	1
374	20	0
374	21	0
374	22	1
374	23	0
374	24	1
374	25	1
374	26	0
374	27	0
374	28	0
374	29	1
374	30	0
374	31	0
374	32	1
374	33	0
374	34	1
374	35	1
374	36	1
374	37	1
374	38	0
374	39	0
374	40	0
375	1	1
375	2	1
375	3	1
375	4	1
375	5	0
375	6	1
375	7	1
375	8	1
375	9	1
375	10	0
375	11	1
375	12	0
375	13	1
375	14	0
375	15	1
375	16	0
375	17	1
375	18	0
375	19	1
375	20	1
375	21	1
375	22	1
375	23	1
375	24	0
375	25	1
375	26	0
375	27	1
375	28	1
375	29	1
375	30	1
375	31	1
375	32	0
375	33	1
375	34	0
375	35	0
375	36	0
375	37	0
375	38	1
375	39	0
375	40	1
376	1	1
376	2	1
376	3	1
376	4	1
376	5	1
376	6	1
376	7	1
376	8	1
376	9	1
376	10	1
376	11	1
376	12	1
376	13	1
376	14	1
376	15	1
376	16	1
376	17	1
376	18	1
376	19	1
376	20	1
376	21	1
376	22	1
376	23	1
376	24	1
376	25	1
376	26	1
376	27	1
376	28	1
376	29	1
376	30	1
376	31	1
376	32	1
376	33	1
376	34	1
376	35	1
376	36	1
376	37	1
376	38	1
376	39	1
376	40	1
377	1	1
377	2	1
377	3	1
377	4	1
377	5	0
377	6	1
377	7	1
377	8	0
377	9	0
377	10	1
377	11	1
377	12	1
377	13	1
377	14	0
377	15	1
377	16	0
377	17	1
377	18	0
377	19	1
377	20	1
377	21	0
377	22	1
377	23	0
377	24	0
377	25	1
377	26	1
377	27	0
377	28	0
377	29	1
377	30	1
377	31	0
377	32	0
377	33	0
377	34	0
377	35	0
377	36	0
377	37	0
377	38	1
377	39	1
377	40	1
378	1	1
378	2	1
378	3	1
378	4	1
378	5	1
378	6	1
378	7	1
378	8	1
378	9	1
378	10	1
378	11	1
378	12	1
378	13	1
378	14	1
378	15	1
378	16	1
378	17	1
378	18	1
378	19	1
378	20	1
378	21	1
378	22	1
378	23	1
378	24	1
378	25	1
378	26	1
378	27	1
378	28	1
378	29	1
378	30	1
378	31	1
378	32	1
378	33	1
378	34	1
378	35	1
378	36	1
378	37	1
378	38	1
378	39	1
378	40	1
379	1	1
379	2	1
379	3	0
379	4	0
379	5	1
379	6	0
379	7	1
379	8	1
379	9	1
379	10	1
379	11	0
379	12	1
379	13	1
379	14	1
379	15	1
379	16	1
379	17	0
379	18	1
379	19	1
379	20	0
379	21	1
379	22	1
379	23	1
379	24	1
379	25	1
379	26	1
379	27	1
379	28	1
379	29	1
379	30	1
379	31	1
379	32	1
379	33	1
379	34	1
379	35	1
379	36	1
379	37	1
379	38	0
379	39	1
379	40	1
380	1	0
380	2	0
380	3	0
380	4	0
380	5	1
380	6	0
380	7	0
380	8	0
380	9	0
380	10	0
380	11	0
380	12	0
380	13	1
380	14	1
380	15	1
380	16	1
380	17	0
380	18	1
380	19	1
380	20	0
380	21	0
380	22	1
380	23	0
380	24	1
380	25	1
380	26	0
380	27	0
380	28	0
380	29	1
380	30	0
380	31	0
380	32	1
380	33	0
380	34	1
380	35	1
380	36	1
380	37	1
380	38	0
380	39	0
380	40	0
381	1	1
381	2	1
381	3	0
381	4	1
381	5	1
381	6	1
381	7	1
381	8	0
381	9	0
381	10	1
381	11	0
381	12	1
381	13	1
381	14	1
381	15	0
381	16	0
381	17	0
381	18	1
381	19	0
381	20	1
381	21	1
381	22	1
381	23	1
381	24	0
381	25	1
381	26	1
381	27	1
381	28	0
381	29	1
381	30	0
381	31	1
381	32	1
381	33	1
381	34	1
381	35	1
381	36	1
381	37	1
381	38	1
381	39	0
381	40	0
382	1	1
382	2	1
382	3	1
382	4	1
382	5	1
382	6	1
382	7	1
382	8	0
382	9	0
382	10	1
382	11	1
382	12	1
382	13	1
382	14	1
382	15	1
382	16	1
382	17	1
382	18	1
382	19	1
382	20	1
382	21	0
382	22	1
382	23	0
382	24	1
382	25	1
382	26	1
382	27	0
382	28	0
382	29	1
382	30	1
382	31	0
382	32	1
382	33	0
382	34	1
382	35	1
382	36	1
382	37	1
382	38	1
382	39	1
382	40	1
383	1	1
383	2	1
383	3	0
383	4	0
383	5	1
383	6	0
383	7	1
383	8	1
383	9	1
383	10	1
383	11	0
383	12	1
383	13	1
383	14	1
383	15	1
383	16	1
383	17	0
383	18	1
383	19	1
383	20	0
383	21	1
383	22	1
383	23	1
383	24	1
383	25	1
383	26	1
383	27	1
383	28	1
383	29	1
383	30	1
383	31	1
383	32	1
383	33	1
383	34	1
383	35	1
383	36	1
383	37	1
383	38	0
383	39	1
383	40	1
384	1	1
384	2	1
384	3	1
384	4	1
384	5	1
384	6	0
384	7	0
384	8	0
384	9	0
384	10	0
384	11	0
384	12	1
384	13	1
384	14	0
384	15	0
384	16	1
384	17	1
384	18	1
384	19	1
384	20	0
384	21	0
384	22	1
384	23	0
384	24	1
384	25	1
384	26	1
384	27	0
384	28	0
384	29	1
384	30	0
384	31	0
384	32	1
384	33	0
384	34	1
384	35	1
384	36	0
384	37	1
384	38	1
384	39	1
384	40	0
385	1	1
385	2	1
385	3	0
385	4	0
385	5	1
385	6	0
385	7	1
385	8	1
385	9	1
385	10	1
385	11	0
385	12	1
385	13	1
385	14	1
385	15	1
385	16	1
385	17	0
385	18	1
385	19	1
385	20	0
385	21	1
385	22	1
385	23	1
385	24	1
385	25	1
385	26	1
385	27	1
385	28	1
385	29	1
385	30	1
385	31	1
385	32	1
385	33	1
385	34	1
385	35	1
385	36	1
385	37	1
385	38	0
385	39	1
385	40	1
386	1	1
386	2	1
386	3	1
386	4	1
386	5	1
386	6	1
386	7	1
386	8	1
386	9	1
386	10	1
386	11	1
386	12	1
386	13	1
386	14	1
386	15	1
386	16	1
386	17	1
386	18	1
386	19	1
386	20	1
386	21	1
386	22	1
386	23	1
386	24	1
386	25	1
386	26	1
386	27	1
386	28	1
386	29	1
386	30	1
386	31	1
386	32	1
386	33	1
386	34	1
386	35	1
386	36	1
386	37	1
386	38	1
386	39	1
386	40	1
387	1	1
387	2	1
387	3	1
387	4	1
387	5	1
387	6	1
387	7	1
387	8	0
387	9	0
387	10	1
387	11	1
387	12	1
387	13	1
387	14	1
387	15	1
387	16	1
387	17	1
387	18	1
387	19	1
387	20	1
387	21	0
387	22	1
387	23	0
387	24	1
387	25	1
387	26	1
387	27	0
387	28	0
387	29	1
387	30	1
387	31	0
387	32	1
387	33	0
387	34	1
387	35	1
387	36	1
387	37	1
387	38	1
387	39	1
387	40	1
388	1	1
388	2	1
388	3	1
388	4	1
388	5	0
388	6	1
388	7	1
388	8	1
388	9	1
388	10	0
388	11	1
388	12	0
388	13	1
388	14	0
388	15	1
388	16	0
388	17	1
388	18	0
388	19	1
388	20	1
388	21	1
388	22	1
388	23	1
388	24	0
388	25	1
388	26	0
388	27	1
388	28	1
388	29	1
388	30	1
388	31	1
388	32	0
388	33	1
388	34	0
388	35	0
388	36	0
388	37	0
388	38	1
388	39	0
388	40	1
389	1	0
389	2	0
389	3	1
389	4	1
389	5	0
389	6	1
389	7	0
389	8	1
389	9	1
389	10	1
389	11	1
389	12	1
389	13	1
389	14	0
389	15	1
389	16	0
389	17	1
389	18	0
389	19	1
389	20	1
389	21	1
389	22	1
389	23	1
389	24	0
389	25	1
389	26	1
389	27	1
389	28	1
389	29	1
389	30	0
389	31	1
389	32	0
389	33	1
389	34	0
389	35	0
389	36	0
389	37	0
389	38	1
389	39	1
389	40	0
390	1	0
390	2	0
390	3	0
390	4	0
390	5	1
390	6	0
390	7	0
390	8	0
390	9	0
390	10	0
390	11	0
390	12	0
390	13	1
390	14	1
390	15	1
390	16	1
390	17	0
390	18	1
390	19	1
390	20	0
390	21	0
390	22	1
390	23	0
390	24	1
390	25	1
390	26	0
390	27	0
390	28	0
390	29	1
390	30	0
390	31	0
390	32	1
390	33	0
390	34	1
390	35	1
390	36	1
390	37	1
390	38	0
390	39	0
390	40	0
391	1	1
391	2	1
391	3	1
391	4	1
391	5	0
391	6	1
391	7	1
391	8	0
391	9	0
391	10	1
391	11	1
391	12	1
391	13	1
391	14	0
391	15	1
391	16	0
391	17	1
391	18	0
391	19	1
391	20	1
391	21	0
391	22	1
391	23	0
391	24	0
391	25	1
391	26	1
391	27	0
391	28	0
391	29	1
391	30	1
391	31	0
391	32	0
391	33	0
391	34	0
391	35	0
391	36	0
391	37	0
391	38	1
391	39	1
391	40	1
392	1	1
392	2	1
392	3	0
392	4	1
392	5	1
392	6	1
392	7	1
392	8	0
392	9	0
392	10	1
392	11	0
392	12	1
392	13	1
392	14	1
392	15	0
392	16	0
392	17	0
392	18	1
392	19	0
392	20	1
392	21	1
392	22	1
392	23	1
392	24	0
392	25	1
392	26	1
392	27	1
392	28	0
392	29	1
392	30	0
392	31	1
392	32	1
392	33	1
392	34	1
392	35	1
392	36	1
392	37	1
392	38	1
392	39	0
392	40	0
393	1	1
393	2	1
393	3	1
393	4	1
393	5	1
393	6	1
393	7	1
393	8	1
393	9	1
393	10	1
393	11	1
393	12	1
393	13	1
393	14	1
393	15	1
393	16	1
393	17	1
393	18	1
393	19	1
393	20	1
393	21	1
393	22	1
393	23	1
393	24	1
393	25	1
393	26	1
393	27	1
393	28	1
393	29	1
393	30	1
393	31	1
393	32	1
393	33	1
393	34	1
393	35	1
393	36	1
393	37	1
393	38	1
393	39	1
393	40	1
394	1	1
394	2	1
394	3	1
394	4	1
394	5	0
394	6	1
394	7	1
394	8	1
394	9	1
394	10	0
394	11	1
394	12	0
394	13	1
394	14	0
394	15	1
394	16	0
394	17	1
394	18	0
394	19	1
394	20	1
394	21	1
394	22	1
394	23	1
394	24	0
394	25	1
394	26	0
394	27	1
394	28	1
394	29	1
394	30	1
394	31	1
394	32	0
394	33	1
394	34	0
394	35	0
394	36	0
394	37	0
394	38	1
394	39	0
394	40	1
395	1	0
395	2	0
395	3	0
395	4	0
395	5	1
395	6	0
395	7	0
395	8	0
395	9	0
395	10	0
395	11	0
395	12	0
395	13	1
395	14	1
395	15	1
395	16	1
395	17	0
395	18	1
395	19	1
395	20	0
395	21	0
395	22	1
395	23	0
395	24	1
395	25	1
395	26	0
395	27	0
395	28	0
395	29	1
395	30	0
395	31	0
395	32	1
395	33	0
395	34	1
395	35	1
395	36	1
395	37	1
395	38	0
395	39	0
395	40	0
396	1	1
396	2	1
396	3	1
396	4	1
396	5	1
396	6	1
396	7	1
396	8	0
396	9	0
396	10	1
396	11	1
396	12	1
396	13	1
396	14	1
396	15	1
396	16	1
396	17	1
396	18	1
396	19	1
396	20	1
396	21	0
396	22	1
396	23	0
396	24	1
396	25	1
396	26	1
396	27	0
396	28	0
396	29	1
396	30	1
396	31	0
396	32	1
396	33	0
396	34	1
396	35	1
396	36	1
396	37	1
396	38	1
396	39	1
396	40	1
397	1	1
397	2	1
397	3	0
397	4	1
397	5	0
397	6	0
397	7	0
397	8	1
397	9	1
397	10	0
397	11	0
397	12	0
397	13	1
397	14	1
397	15	1
397	16	0
397	17	0
397	18	1
397	19	1
397	20	0
397	21	1
397	22	0
397	23	1
397	24	1
397	25	1
397	26	1
397	27	1
397	28	0
397	29	1
397	30	1
397	31	1
397	32	1
397	33	1
397	34	1
397	35	1
397	36	1
397	37	1
397	38	1
397	39	0
397	40	0
398	1	1
398	2	1
398	3	1
398	4	1
398	5	0
398	6	1
398	7	1
398	8	0
398	9	0
398	10	1
398	11	1
398	12	1
398	13	1
398	14	0
398	15	1
398	16	0
398	17	1
398	18	0
398	19	1
398	20	1
398	21	0
398	22	1
398	23	0
398	24	0
398	25	1
398	26	1
398	27	0
398	28	0
398	29	1
398	30	1
398	31	0
398	32	0
398	33	0
398	34	0
398	35	0
398	36	0
398	37	0
398	38	1
398	39	1
398	40	1
399	1	1
399	2	1
399	3	1
399	4	1
399	5	0
399	6	1
399	7	1
399	8	1
399	9	1
399	10	0
399	11	1
399	12	0
399	13	1
399	14	0
399	15	1
399	16	0
399	17	1
399	18	0
399	19	1
399	20	1
399	21	1
399	22	1
399	23	1
399	24	0
399	25	1
399	26	0
399	27	1
399	28	1
399	29	1
399	30	1
399	31	1
399	32	0
399	33	1
399	34	0
399	35	0
399	36	0
399	37	0
399	38	1
399	39	0
399	40	1
400	1	1
400	2	1
400	3	1
400	4	1
400	5	0
400	6	1
400	7	1
400	8	1
400	9	1
400	10	0
400	11	1
400	12	0
400	13	1
400	14	0
400	15	1
400	16	0
400	17	1
400	18	0
400	19	1
400	20	1
400	21	1
400	22	1
400	23	1
400	24	0
400	25	1
400	26	0
400	27	1
400	28	1
400	29	1
400	30	1
400	31	1
400	32	0
400	33	1
400	34	0
400	35	0
400	36	0
400	37	0
400	38	1
400	39	0
400	40	1
401	1	1
401	2	1
401	3	1
401	4	1
401	5	1
401	6	1
401	7	1
401	8	1
401	9	1
401	10	1
401	11	1
401	12	1
401	13	1
401	14	1
401	15	1
401	16	1
401	17	1
401	18	1
401	19	1
401	20	1
401	21	1
401	22	1
401	23	1
401	24	1
401	25	1
401	26	1
401	27	1
401	28	1
401	29	1
401	30	1
401	31	1
401	32	1
401	33	1
401	34	1
401	35	1
401	36	1
401	37	1
401	38	1
401	39	1
401	40	1
402	1	1
402	2	1
402	3	1
402	4	1
402	5	1
402	6	1
402	7	1
402	8	0
402	9	0
402	10	1
402	11	1
402	12	1
402	13	0
402	14	1
402	15	0
402	16	1
402	17	1
402	18	1
402	19	0
402	20	1
402	21	0
402	22	0
402	23	0
402	24	1
402	25	0
402	26	1
402	27	0
402	28	0
402	29	0
402	30	1
402	31	0
402	32	1
402	33	0
402	34	1
402	35	1
402	36	1
402	37	1
402	38	1
402	39	1
402	40	1
403	1	1
403	2	1
403	3	1
403	4	1
403	5	0
403	6	1
403	7	1
403	8	0
403	9	0
403	10	1
403	11	1
403	12	1
403	13	1
403	14	0
403	15	1
403	16	0
403	17	1
403	18	0
403	19	1
403	20	1
403	21	0
403	22	1
403	23	0
403	24	0
403	25	1
403	26	1
403	27	0
403	28	0
403	29	1
403	30	1
403	31	0
403	32	0
403	33	0
403	34	0
403	35	0
403	36	0
403	37	0
403	38	1
403	39	1
403	40	1
404	1	1
404	2	1
404	3	1
404	4	1
404	5	1
404	6	1
404	7	1
404	8	0
404	9	0
404	10	1
404	11	1
404	12	1
404	13	0
404	14	1
404	15	0
404	16	1
404	17	1
404	18	1
404	19	0
404	20	1
404	21	0
404	22	0
404	23	0
404	24	1
404	25	0
404	26	1
404	27	0
404	28	0
404	29	0
404	30	1
404	31	0
404	32	1
404	33	0
404	34	1
404	35	1
404	36	1
404	37	1
404	38	1
404	39	1
404	40	1
405	1	0
405	2	0
405	3	0
405	4	0
405	5	0
405	6	0
405	7	0
405	8	0
405	9	0
405	10	0
405	11	0
405	12	0
405	13	1
405	14	1
405	15	1
405	16	0
405	17	0
405	18	1
405	19	1
405	20	0
405	21	0
405	22	0
405	23	0
405	24	1
405	25	1
405	26	0
405	27	0
405	28	0
405	29	1
405	30	0
405	31	0
405	32	1
405	33	0
405	34	1
405	35	1
405	36	1
405	37	1
405	38	0
405	39	0
405	40	0
406	1	1
406	2	1
406	3	1
406	4	1
406	5	0
406	6	1
406	7	1
406	8	1
406	9	1
406	10	0
406	11	1
406	12	0
406	13	1
406	14	0
406	15	1
406	16	0
406	17	1
406	18	0
406	19	1
406	20	1
406	21	1
406	22	1
406	23	1
406	24	0
406	25	1
406	26	0
406	27	1
406	28	1
406	29	1
406	30	1
406	31	1
406	32	0
406	33	1
406	34	0
406	35	0
406	36	0
406	37	0
406	38	1
406	39	0
406	40	1
407	1	1
407	2	1
407	3	1
407	4	1
407	5	0
407	6	1
407	7	1
407	8	1
407	9	1
407	10	0
407	11	1
407	12	0
407	13	1
407	14	0
407	15	1
407	16	0
407	17	1
407	18	0
407	19	1
407	20	1
407	21	1
407	22	1
407	23	1
407	24	0
407	25	1
407	26	0
407	27	1
407	28	1
407	29	1
407	30	1
407	31	1
407	32	0
407	33	1
407	34	0
407	35	0
407	36	0
407	37	0
407	38	1
407	39	0
407	40	1
408	1	1
408	2	1
408	3	1
408	4	1
408	5	1
408	6	0
408	7	0
408	8	0
408	9	1
408	10	0
408	11	0
408	12	1
408	13	1
408	14	0
408	15	0
408	16	1
408	17	1
408	18	1
408	19	1
408	20	0
408	21	1
408	22	1
408	23	1
408	24	1
408	25	1
408	26	1
408	27	1
408	28	1
408	29	1
408	30	0
408	31	1
408	32	1
408	33	1
408	34	1
408	35	1
408	36	0
408	37	1
408	38	1
408	39	1
408	40	0
409	1	1
409	2	1
409	3	1
409	4	1
409	5	1
409	6	1
409	7	1
409	8	0
409	9	0
409	10	1
409	11	1
409	12	1
409	13	1
409	14	1
409	15	1
409	16	1
409	17	1
409	18	1
409	19	1
409	20	1
409	21	0
409	22	1
409	23	0
409	24	1
409	25	1
409	26	1
409	27	0
409	28	0
409	29	1
409	30	1
409	31	0
409	32	1
409	33	0
409	34	1
409	35	1
409	36	1
409	37	1
409	38	1
409	39	1
409	40	1
410	1	1
410	2	1
410	3	1
410	4	1
410	5	1
410	6	1
410	7	1
410	8	1
410	9	1
410	10	1
410	11	1
410	12	1
410	13	1
410	14	1
410	15	1
410	16	1
410	17	1
410	18	1
410	19	1
410	20	1
410	21	1
410	22	1
410	23	1
410	24	1
410	25	1
410	26	1
410	27	1
410	28	1
410	29	1
410	30	1
410	31	1
410	32	1
410	33	1
410	34	1
410	35	1
410	36	1
410	37	1
410	38	1
410	39	1
410	40	1
411	1	0
411	2	0
411	3	1
411	4	1
411	5	0
411	6	1
411	7	0
411	8	1
411	9	1
411	10	1
411	11	1
411	12	1
411	13	1
411	14	0
411	15	1
411	16	0
411	17	1
411	18	0
411	19	1
411	20	1
411	21	1
411	22	1
411	23	1
411	24	0
411	25	1
411	26	1
411	27	1
411	28	1
411	29	1
411	30	0
411	31	1
411	32	0
411	33	1
411	34	0
411	35	0
411	36	0
411	37	0
411	38	1
411	39	1
411	40	0
412	1	1
412	2	1
412	3	1
412	4	1
412	5	0
412	6	1
412	7	1
412	8	1
412	9	1
412	10	0
412	11	1
412	12	0
412	13	1
412	14	0
412	15	1
412	16	0
412	17	1
412	18	0
412	19	1
412	20	1
412	21	1
412	22	1
412	23	1
412	24	0
412	25	1
412	26	0
412	27	1
412	28	1
412	29	1
412	30	1
412	31	1
412	32	0
412	33	1
412	34	0
412	35	0
412	36	0
412	37	0
412	38	1
412	39	0
412	40	1
413	1	1
413	2	1
413	3	1
413	4	1
413	5	1
413	6	1
413	7	1
413	8	0
413	9	0
413	10	1
413	11	1
413	12	1
413	13	0
413	14	1
413	15	0
413	16	1
413	17	1
413	18	1
413	19	0
413	20	1
413	21	0
413	22	0
413	23	0
413	24	1
413	25	0
413	26	1
413	27	0
413	28	0
413	29	0
413	30	1
413	31	0
413	32	1
413	33	0
413	34	1
413	35	1
413	36	1
413	37	1
413	38	1
413	39	1
413	40	1
414	1	0
414	2	0
414	3	0
414	4	0
414	5	1
414	6	0
414	7	0
414	8	0
414	9	0
414	10	0
414	11	0
414	12	0
414	13	1
414	14	1
414	15	1
414	16	1
414	17	0
414	18	1
414	19	1
414	20	0
414	21	0
414	22	1
414	23	0
414	24	1
414	25	1
414	26	0
414	27	0
414	28	0
414	29	1
414	30	0
414	31	0
414	32	1
414	33	0
414	34	1
414	35	1
414	36	1
414	37	1
414	38	0
414	39	0
414	40	0
415	1	0
415	2	0
415	3	0
415	4	0
415	5	1
415	6	0
415	7	0
415	8	0
415	9	0
415	10	0
415	11	0
415	12	0
415	13	1
415	14	1
415	15	1
415	16	1
415	17	0
415	18	1
415	19	1
415	20	0
415	21	0
415	22	1
415	23	0
415	24	1
415	25	1
415	26	0
415	27	0
415	28	0
415	29	1
415	30	0
415	31	0
415	32	1
415	33	0
415	34	1
415	35	1
415	36	1
415	37	1
415	38	0
415	39	0
415	40	0
416	1	0
416	2	0
416	3	1
416	4	1
416	5	0
416	6	1
416	7	0
416	8	1
416	9	1
416	10	1
416	11	1
416	12	1
416	13	1
416	14	0
416	15	1
416	16	0
416	17	1
416	18	0
416	19	1
416	20	1
416	21	1
416	22	1
416	23	1
416	24	0
416	25	1
416	26	1
416	27	1
416	28	1
416	29	1
416	30	0
416	31	1
416	32	0
416	33	1
416	34	0
416	35	0
416	36	0
416	37	0
416	38	1
416	39	1
416	40	0
417	1	1
417	2	1
417	3	1
417	4	1
417	5	0
417	6	1
417	7	1
417	8	1
417	9	1
417	10	0
417	11	1
417	12	0
417	13	1
417	14	0
417	15	1
417	16	0
417	17	1
417	18	0
417	19	1
417	20	1
417	21	1
417	22	1
417	23	1
417	24	0
417	25	1
417	26	0
417	27	1
417	28	1
417	29	1
417	30	1
417	31	1
417	32	0
417	33	1
417	34	0
417	35	0
417	36	0
417	37	0
417	38	1
417	39	0
417	40	1
418	1	1
418	2	1
418	3	1
418	4	1
418	5	1
418	6	1
418	7	1
418	8	0
418	9	0
418	10	1
418	11	1
418	12	1
418	13	0
418	14	1
418	15	0
418	16	1
418	17	1
418	18	1
418	19	0
418	20	1
418	21	0
418	22	0
418	23	0
418	24	1
418	25	0
418	26	1
418	27	0
418	28	0
418	29	0
418	30	1
418	31	0
418	32	1
418	33	0
418	34	1
418	35	1
418	36	1
418	37	1
418	38	1
418	39	1
418	40	1
419	1	1
419	2	1
419	3	1
419	4	1
419	5	1
419	6	1
419	7	1
419	8	0
419	9	0
419	10	1
419	11	1
419	12	1
419	13	0
419	14	1
419	15	0
419	16	1
419	17	1
419	18	1
419	19	0
419	20	1
419	21	0
419	22	0
419	23	0
419	24	1
419	25	0
419	26	1
419	27	0
419	28	0
419	29	0
419	30	1
419	31	0
419	32	1
419	33	0
419	34	1
419	35	1
419	36	1
419	37	1
419	38	1
419	39	1
419	40	1
420	1	1
420	2	1
420	3	1
420	4	1
420	5	0
420	6	1
420	7	1
420	8	1
420	9	1
420	10	0
420	11	1
420	12	0
420	13	1
420	14	0
420	15	1
420	16	0
420	17	1
420	18	0
420	19	1
420	20	1
420	21	1
420	22	1
420	23	1
420	24	0
420	25	1
420	26	0
420	27	1
420	28	1
420	29	1
420	30	1
420	31	1
420	32	0
420	33	1
420	34	0
420	35	0
420	36	0
420	37	0
420	38	1
420	39	0
420	40	1
421	1	1
421	2	1
421	3	0
421	4	1
421	5	0
421	6	0
421	7	0
421	8	0
421	9	0
421	10	0
421	11	1
421	12	0
421	13	0
421	14	1
421	15	0
421	16	0
421	17	1
421	18	1
421	19	0
421	20	0
421	21	0
421	22	0
421	23	0
421	24	1
421	25	0
421	26	1
421	27	0
421	28	0
421	29	0
421	30	1
421	31	0
421	32	1
421	33	0
421	34	1
421	35	1
421	36	1
421	37	1
421	38	1
421	39	1
421	40	0
422	1	1
422	2	1
422	3	0
422	4	1
422	5	0
422	6	0
422	7	0
422	8	0
422	9	0
422	10	0
422	11	1
422	12	0
422	13	1
422	14	0
422	15	1
422	16	0
422	17	1
422	18	0
422	19	1
422	20	0
422	21	0
422	22	1
422	23	0
422	24	0
422	25	1
422	26	1
422	27	0
422	28	0
422	29	1
422	30	1
422	31	0
422	32	0
422	33	0
422	34	0
422	35	0
422	36	0
422	37	0
422	38	1
422	39	1
422	40	0
423	1	1
423	2	1
423	3	0
423	4	0
423	5	1
423	6	0
423	7	1
423	8	1
423	9	1
423	10	1
423	11	0
423	12	1
423	13	1
423	14	1
423	15	1
423	16	1
423	17	0
423	18	1
423	19	1
423	20	0
423	21	1
423	22	1
423	23	1
423	24	1
423	25	1
423	26	1
423	27	1
423	28	1
423	29	1
423	30	1
423	31	1
423	32	1
423	33	1
423	34	1
423	35	1
423	36	1
423	37	1
423	38	0
423	39	1
423	40	1
424	1	0
424	2	0
424	3	1
424	4	0
424	5	0
424	6	0
424	7	0
424	8	0
424	9	0
424	10	0
424	11	1
424	12	0
424	13	1
424	14	0
424	15	1
424	16	0
424	17	1
424	18	0
424	19	1
424	20	0
424	21	0
424	22	0
424	23	1
424	24	0
424	25	1
424	26	1
424	27	1
424	28	1
424	29	1
424	30	0
424	31	0
424	32	0
424	33	1
424	34	0
424	35	0
424	36	0
424	37	0
424	38	1
424	39	1
424	40	0
425	1	1
425	2	1
425	3	1
425	4	1
425	5	0
425	6	1
425	7	1
425	8	0
425	9	0
425	10	1
425	11	1
425	12	1
425	13	1
425	14	0
425	15	1
425	16	0
425	17	1
425	18	0
425	19	1
425	20	1
425	21	0
425	22	1
425	23	0
425	24	0
425	25	1
425	26	1
425	27	0
425	28	0
425	29	1
425	30	1
425	31	0
425	32	0
425	33	0
425	34	0
425	35	0
425	36	0
425	37	0
425	38	1
425	39	1
425	40	1
426	1	1
426	2	1
426	3	1
426	4	1
426	5	1
426	6	1
426	7	1
426	8	1
426	9	1
426	10	1
426	11	1
426	12	1
426	13	1
426	14	1
426	15	1
426	16	1
426	17	1
426	18	1
426	19	1
426	20	1
426	21	1
426	22	1
426	23	1
426	24	1
426	25	1
426	26	1
426	27	1
426	28	1
426	29	1
426	30	1
426	31	1
426	32	1
426	33	1
426	34	1
426	35	1
426	36	1
426	37	1
426	38	1
426	39	1
426	40	1
427	1	0
427	2	1
427	3	0
427	4	0
427	5	0
427	6	0
427	7	0
427	8	0
427	9	0
427	10	0
427	11	1
427	12	0
427	13	1
427	14	0
427	15	1
427	16	0
427	17	1
427	18	0
427	19	1
427	20	0
427	21	0
427	22	0
427	23	1
427	24	0
427	25	1
427	26	0
427	27	1
427	28	0
427	29	1
427	30	1
427	31	0
427	32	0
427	33	1
427	34	0
427	35	0
427	36	0
427	37	0
427	38	1
427	39	0
427	40	0
428	1	1
428	2	1
428	3	1
428	4	1
428	5	0
428	6	1
428	7	1
428	8	0
428	9	0
428	10	1
428	11	1
428	12	1
428	13	1
428	14	0
428	15	1
428	16	0
428	17	1
428	18	0
428	19	1
428	20	1
428	21	0
428	22	1
428	23	0
428	24	0
428	25	1
428	26	1
428	27	0
428	28	0
428	29	1
428	30	1
428	31	0
428	32	0
428	33	0
428	34	0
428	35	0
428	36	0
428	37	0
428	38	1
428	39	1
428	40	1
429	1	1
429	2	1
429	3	0
429	4	1
429	5	1
429	6	0
429	7	0
429	8	0
429	9	0
429	10	0
429	11	0
429	12	1
429	13	1
429	14	0
429	15	0
429	16	0
429	17	0
429	18	1
429	19	0
429	20	0
429	21	1
429	22	1
429	23	1
429	24	0
429	25	1
429	26	1
429	27	1
429	28	0
429	29	1
429	30	0
429	31	1
429	32	1
429	33	1
429	34	1
429	35	1
429	36	0
429	37	1
429	38	1
429	39	0
429	40	0
430	1	1
430	2	1
430	3	0
430	4	0
430	5	1
430	6	0
430	7	1
430	8	1
430	9	1
430	10	1
430	11	0
430	12	1
430	13	1
430	14	1
430	15	1
430	16	1
430	17	0
430	18	1
430	19	1
430	20	0
430	21	1
430	22	1
430	23	1
430	24	1
430	25	1
430	26	1
430	27	1
430	28	1
430	29	1
430	30	1
430	31	1
430	32	1
430	33	1
430	34	1
430	35	1
430	36	1
430	37	1
430	38	0
430	39	1
430	40	1
431	1	1
431	2	1
431	3	0
431	4	1
431	5	0
431	6	0
431	7	0
431	8	0
431	9	0
431	10	0
431	11	0
431	12	0
431	13	1
431	14	0
431	15	1
431	16	0
431	17	0
431	18	0
431	19	1
431	20	0
431	21	0
431	22	0
431	23	0
431	24	0
431	25	1
431	26	1
431	27	0
431	28	0
431	29	1
431	30	1
431	31	0
431	32	0
431	33	0
431	34	0
431	35	0
431	36	0
431	37	0
431	38	1
431	39	0
431	40	0
432	1	1
432	2	1
432	3	1
432	4	1
432	5	1
432	6	1
432	7	1
432	8	0
432	9	0
432	10	1
432	11	1
432	12	1
432	13	1
432	14	1
432	15	1
432	16	1
432	17	1
432	18	1
432	19	1
432	20	1
432	21	0
432	22	1
432	23	0
432	24	1
432	25	1
432	26	1
432	27	0
432	28	0
432	29	1
432	30	1
432	31	0
432	32	1
432	33	0
432	34	1
432	35	1
432	36	1
432	37	1
432	38	1
432	39	1
432	40	1
433	1	1
433	2	1
433	3	0
433	4	1
433	5	0
433	6	1
433	7	1
433	8	0
433	9	0
433	10	0
433	11	0
433	12	0
433	13	1
433	14	0
433	15	0
433	16	0
433	17	0
433	18	0
433	19	0
433	20	1
433	21	1
433	22	1
433	23	1
433	24	0
433	25	1
433	26	0
433	27	1
433	28	0
433	29	1
433	30	0
433	31	1
433	32	0
433	33	1
433	34	0
433	35	0
433	36	0
433	37	0
433	38	1
433	39	0
433	40	0
434	1	1
434	2	1
434	3	1
434	4	1
434	5	0
434	6	1
434	7	1
434	8	0
434	9	0
434	10	1
434	11	1
434	12	1
434	13	1
434	14	0
434	15	1
434	16	0
434	17	1
434	18	0
434	19	1
434	20	1
434	21	0
434	22	1
434	23	0
434	24	0
434	25	1
434	26	1
434	27	0
434	28	0
434	29	1
434	30	1
434	31	0
434	32	0
434	33	0
434	34	0
434	35	0
434	36	0
434	37	0
434	38	1
434	39	1
434	40	1
435	1	1
435	2	1
435	3	1
435	4	1
435	5	0
435	6	1
435	7	1
435	8	0
435	9	0
435	10	1
435	11	1
435	12	1
435	13	1
435	14	0
435	15	1
435	16	0
435	17	1
435	18	0
435	19	1
435	20	1
435	21	0
435	22	1
435	23	0
435	24	0
435	25	1
435	26	1
435	27	0
435	28	0
435	29	1
435	30	1
435	31	0
435	32	0
435	33	0
435	34	0
435	35	0
435	36	0
435	37	0
435	38	1
435	39	1
435	40	1
436	1	1
436	2	1
436	3	1
436	4	1
436	5	0
436	6	1
436	7	1
436	8	1
436	9	1
436	10	0
436	11	1
436	12	0
436	13	1
436	14	0
436	15	1
436	16	0
436	17	1
436	18	0
436	19	1
436	20	1
436	21	1
436	22	1
436	23	1
436	24	0
436	25	1
436	26	0
436	27	1
436	28	1
436	29	1
436	30	1
436	31	1
436	32	0
436	33	1
436	34	0
436	35	0
436	36	0
436	37	0
436	38	1
436	39	0
436	40	1
437	1	0
437	2	0
437	3	1
437	4	1
437	5	0
437	6	1
437	7	0
437	8	1
437	9	1
437	10	1
437	11	1
437	12	1
437	13	1
437	14	0
437	15	1
437	16	0
437	17	1
437	18	0
437	19	1
437	20	1
437	21	1
437	22	1
437	23	1
437	24	0
437	25	1
437	26	1
437	27	1
437	28	1
437	29	1
437	30	0
437	31	1
437	32	0
437	33	1
437	34	0
437	35	0
437	36	0
437	37	0
437	38	1
437	39	1
437	40	0
438	1	1
438	2	1
438	3	1
438	4	1
438	5	0
438	6	1
438	7	1
438	8	1
438	9	1
438	10	0
438	11	1
438	12	0
438	13	1
438	14	0
438	15	1
438	16	0
438	17	1
438	18	0
438	19	1
438	20	1
438	21	1
438	22	1
438	23	1
438	24	0
438	25	1
438	26	0
438	27	1
438	28	1
438	29	1
438	30	1
438	31	1
438	32	0
438	33	1
438	34	0
438	35	0
438	36	0
438	37	0
438	38	1
438	39	0
438	40	1
439	1	1
439	2	1
439	3	1
439	4	1
439	5	1
439	6	1
439	7	1
439	8	1
439	9	1
439	10	1
439	11	1
439	12	1
439	13	1
439	14	1
439	15	1
439	16	1
439	17	1
439	18	1
439	19	1
439	20	1
439	21	1
439	22	1
439	23	1
439	24	1
439	25	1
439	26	1
439	27	1
439	28	1
439	29	1
439	30	1
439	31	1
439	32	1
439	33	1
439	34	1
439	35	1
439	36	1
439	37	1
439	38	1
439	39	1
439	40	1
440	1	1
440	2	1
440	3	1
440	4	1
440	5	1
440	6	1
440	7	1
440	8	0
440	9	0
440	10	1
440	11	1
440	12	1
440	13	1
440	14	1
440	15	1
440	16	1
440	17	1
440	18	1
440	19	1
440	20	1
440	21	0
440	22	1
440	23	0
440	24	1
440	25	1
440	26	1
440	27	0
440	28	0
440	29	1
440	30	1
440	31	0
440	32	1
440	33	0
440	34	1
440	35	1
440	36	1
440	37	1
440	38	1
440	39	1
440	40	1
441	1	1
441	2	1
441	3	1
441	4	1
441	5	0
441	6	1
441	7	1
441	8	0
441	9	0
441	10	1
441	11	1
441	12	1
441	13	1
441	14	0
441	15	1
441	16	0
441	17	1
441	18	0
441	19	1
441	20	1
441	21	0
441	22	1
441	23	0
441	24	0
441	25	1
441	26	1
441	27	0
441	28	0
441	29	1
441	30	1
441	31	0
441	32	0
441	33	0
441	34	0
441	35	0
441	36	0
441	37	0
441	38	1
441	39	1
441	40	1
442	1	1
442	2	1
442	3	1
442	4	1
442	5	0
442	6	1
442	7	1
442	8	1
442	9	1
442	10	0
442	11	1
442	12	0
442	13	1
442	14	0
442	15	1
442	16	0
442	17	1
442	18	0
442	19	1
442	20	1
442	21	1
442	22	1
442	23	1
442	24	0
442	25	1
442	26	0
442	27	1
442	28	1
442	29	1
442	30	1
442	31	1
442	32	0
442	33	1
442	34	0
442	35	0
442	36	0
442	37	0
442	38	1
442	39	0
442	40	1
443	1	1
443	2	1
443	3	0
443	4	1
443	5	0
443	6	0
443	7	0
443	8	1
443	9	1
443	10	0
443	11	1
443	12	0
443	13	1
443	14	0
443	15	1
443	16	0
443	17	1
443	18	0
443	19	1
443	20	0
443	21	1
443	22	1
443	23	1
443	24	0
443	25	1
443	26	0
443	27	1
443	28	0
443	29	1
443	30	1
443	31	1
443	32	0
443	33	1
443	34	0
443	35	0
443	36	0
443	37	0
443	38	1
443	39	0
443	40	0
444	1	1
444	2	1
444	3	1
444	4	1
444	5	1
444	6	1
444	7	1
444	8	0
444	9	0
444	10	1
444	11	1
444	12	1
444	13	1
444	14	1
444	15	1
444	16	1
444	17	1
444	18	1
444	19	1
444	20	1
444	21	0
444	22	1
444	23	0
444	24	1
444	25	1
444	26	1
444	27	0
444	28	0
444	29	1
444	30	1
444	31	0
444	32	1
444	33	0
444	34	1
444	35	1
444	36	1
444	37	1
444	38	1
444	39	1
444	40	1
445	1	1
445	2	1
445	3	1
445	4	1
445	5	0
445	6	1
445	7	1
445	8	0
445	9	0
445	10	1
445	11	1
445	12	1
445	13	1
445	14	0
445	15	1
445	16	0
445	17	1
445	18	0
445	19	1
445	20	1
445	21	0
445	22	1
445	23	0
445	24	0
445	25	1
445	26	1
445	27	0
445	28	0
445	29	1
445	30	1
445	31	0
445	32	0
445	33	0
445	34	0
445	35	0
445	36	0
445	37	0
445	38	1
445	39	1
445	40	1
446	1	1
446	2	1
446	3	1
446	4	1
446	5	1
446	6	1
446	7	1
446	8	1
446	9	1
446	10	1
446	11	1
446	12	1
446	13	1
446	14	1
446	15	1
446	16	1
446	17	1
446	18	1
446	19	1
446	20	1
446	21	1
446	22	1
446	23	1
446	24	1
446	25	1
446	26	1
446	27	1
446	28	1
446	29	1
446	30	1
446	31	1
446	32	1
446	33	1
446	34	1
446	35	1
446	36	1
446	37	1
446	38	1
446	39	1
446	40	1
447	1	1
447	2	1
447	3	1
447	4	1
447	5	1
447	6	1
447	7	1
447	8	1
447	9	1
447	10	1
447	11	1
447	12	1
447	13	1
447	14	1
447	15	1
447	16	1
447	17	1
447	18	1
447	19	1
447	20	1
447	21	1
447	22	1
447	23	1
447	24	1
447	25	1
447	26	1
447	27	1
447	28	1
447	29	1
447	30	1
447	31	1
447	32	1
447	33	1
447	34	1
447	35	1
447	36	1
447	37	1
447	38	1
447	39	1
447	40	1
448	1	1
448	2	1
448	3	1
448	4	1
448	5	0
448	6	1
448	7	1
448	8	0
448	9	0
448	10	1
448	11	1
448	12	1
448	13	1
448	14	0
448	15	1
448	16	0
448	17	1
448	18	0
448	19	1
448	20	1
448	21	0
448	22	1
448	23	0
448	24	0
448	25	1
448	26	1
448	27	0
448	28	0
448	29	1
448	30	1
448	31	0
448	32	0
448	33	0
448	34	0
448	35	0
448	36	0
448	37	0
448	38	1
448	39	1
448	40	1
449	1	1
449	2	1
449	3	0
449	4	0
449	5	1
449	6	0
449	7	1
449	8	1
449	9	1
449	10	1
449	11	0
449	12	1
449	13	1
449	14	1
449	15	1
449	16	1
449	17	0
449	18	1
449	19	1
449	20	0
449	21	1
449	22	1
449	23	1
449	24	1
449	25	1
449	26	1
449	27	1
449	28	1
449	29	1
449	30	1
449	31	1
449	32	1
449	33	1
449	34	1
449	35	1
449	36	1
449	37	1
449	38	0
449	39	1
449	40	1
450	1	0
450	2	0
450	3	0
450	4	0
450	5	1
450	6	0
450	7	0
450	8	0
450	9	0
450	10	0
450	11	0
450	12	0
450	13	1
450	14	1
450	15	1
450	16	1
450	17	0
450	18	0
450	19	1
450	20	0
450	21	0
450	22	0
450	23	0
450	24	0
450	25	1
450	26	0
450	27	0
450	28	0
450	29	1
450	30	0
450	31	0
450	32	1
450	33	0
450	34	1
450	35	1
450	36	0
450	37	1
450	38	0
450	39	0
450	40	0
451	1	1
451	2	1
451	3	1
451	4	1
451	5	0
451	6	1
451	7	1
451	8	0
451	9	0
451	10	1
451	11	1
451	12	1
451	13	1
451	14	0
451	15	1
451	16	0
451	17	1
451	18	0
451	19	1
451	20	1
451	21	0
451	22	1
451	23	0
451	24	0
451	25	1
451	26	1
451	27	0
451	28	0
451	29	1
451	30	1
451	31	0
451	32	0
451	33	0
451	34	0
451	35	0
451	36	0
451	37	0
451	38	1
451	39	1
451	40	1
452	1	1
452	2	1
452	3	1
452	4	1
452	5	1
452	6	1
452	7	1
452	8	1
452	9	1
452	10	1
452	11	1
452	12	1
452	13	1
452	14	1
452	15	1
452	16	1
452	17	1
452	18	1
452	19	1
452	20	1
452	21	1
452	22	1
452	23	1
452	24	1
452	25	1
452	26	1
452	27	1
452	28	1
452	29	1
452	30	1
452	31	1
452	32	1
452	33	1
452	34	1
452	35	1
452	36	1
452	37	1
452	38	1
452	39	1
452	40	1
453	1	0
453	2	0
453	3	0
453	4	0
453	5	0
453	6	0
453	7	0
453	8	0
453	9	0
453	10	0
453	11	0
453	12	0
453	13	1
453	14	1
453	15	1
453	16	0
453	17	0
453	18	0
453	19	1
453	20	0
453	21	0
453	22	0
453	23	0
453	24	0
453	25	1
453	26	0
453	27	0
453	28	0
453	29	1
453	30	0
453	31	0
453	32	1
453	33	0
453	34	1
453	35	1
453	36	0
453	37	1
453	38	0
453	39	0
453	40	0
454	1	0
454	2	0
454	3	1
454	4	1
454	5	0
454	6	1
454	7	0
454	8	1
454	9	1
454	10	1
454	11	1
454	12	1
454	13	1
454	14	0
454	15	1
454	16	0
454	17	1
454	18	0
454	19	1
454	20	1
454	21	1
454	22	1
454	23	1
454	24	0
454	25	1
454	26	1
454	27	1
454	28	1
454	29	1
454	30	0
454	31	1
454	32	0
454	33	1
454	34	0
454	35	0
454	36	0
454	37	0
454	38	1
454	39	1
454	40	0
455	1	1
455	2	1
455	3	1
455	4	1
455	5	0
455	6	1
455	7	1
455	8	1
455	9	1
455	10	0
455	11	1
455	12	0
455	13	1
455	14	0
455	15	1
455	16	0
455	17	1
455	18	0
455	19	1
455	20	1
455	21	1
455	22	1
455	23	1
455	24	0
455	25	1
455	26	0
455	27	1
455	28	1
455	29	1
455	30	1
455	31	1
455	32	0
455	33	1
455	34	0
455	35	0
455	36	0
455	37	0
455	38	1
455	39	0
455	40	1
456	1	1
456	2	1
456	3	1
456	4	1
456	5	0
456	6	1
456	7	1
456	8	0
456	9	0
456	10	1
456	11	1
456	12	1
456	13	1
456	14	0
456	15	1
456	16	0
456	17	1
456	18	0
456	19	1
456	20	1
456	21	0
456	22	1
456	23	0
456	24	0
456	25	1
456	26	1
456	27	0
456	28	0
456	29	1
456	30	1
456	31	0
456	32	0
456	33	0
456	34	0
456	35	0
456	36	0
456	37	0
456	38	1
456	39	1
456	40	1
457	1	1
457	2	1
457	3	0
457	4	0
457	5	1
457	6	0
457	7	1
457	8	0
457	9	0
457	10	1
457	11	0
457	12	1
457	13	1
457	14	1
457	15	0
457	16	0
457	17	0
457	18	1
457	19	0
457	20	0
457	21	1
457	22	1
457	23	1
457	24	0
457	25	1
457	26	1
457	27	1
457	28	0
457	29	1
457	30	0
457	31	1
457	32	1
457	33	1
457	34	1
457	35	1
457	36	1
457	37	1
457	38	0
457	39	0
457	40	0
458	1	1
458	2	1
458	3	1
458	4	1
458	5	1
458	6	1
458	7	1
458	8	1
458	9	1
458	10	1
458	11	1
458	12	1
458	13	1
458	14	1
458	15	1
458	16	1
458	17	1
458	18	1
458	19	1
458	20	1
458	21	1
458	22	1
458	23	1
458	24	1
458	25	1
458	26	1
458	27	1
458	28	1
458	29	1
458	30	1
458	31	1
458	32	1
458	33	1
458	34	1
458	35	1
458	36	1
458	37	1
458	38	1
458	39	1
458	40	1
459	1	1
459	2	1
459	3	1
459	4	1
459	5	0
459	6	1
459	7	1
459	8	1
459	9	1
459	10	0
459	11	1
459	12	0
459	13	1
459	14	0
459	15	1
459	16	0
459	17	1
459	18	0
459	19	1
459	20	1
459	21	1
459	22	1
459	23	1
459	24	0
459	25	1
459	26	0
459	27	1
459	28	1
459	29	1
459	30	1
459	31	1
459	32	0
459	33	1
459	34	0
459	35	0
459	36	0
459	37	0
459	38	1
459	39	0
459	40	1
460	1	1
460	2	1
460	3	1
460	4	1
460	5	0
460	6	1
460	7	1
460	8	1
460	9	1
460	10	0
460	11	1
460	12	0
460	13	1
460	14	0
460	15	1
460	16	0
460	17	1
460	18	0
460	19	1
460	20	1
460	21	1
460	22	1
460	23	1
460	24	0
460	25	1
460	26	0
460	27	1
460	28	1
460	29	1
460	30	1
460	31	1
460	32	0
460	33	1
460	34	0
460	35	0
460	36	0
460	37	0
460	38	1
460	39	0
460	40	1
461	1	1
461	2	1
461	3	0
461	4	0
461	5	1
461	6	0
461	7	1
461	8	1
461	9	1
461	10	1
461	11	0
461	12	1
461	13	1
461	14	1
461	15	1
461	16	1
461	17	0
461	18	1
461	19	1
461	20	0
461	21	1
461	22	1
461	23	1
461	24	1
461	25	1
461	26	1
461	27	1
461	28	1
461	29	1
461	30	1
461	31	1
461	32	1
461	33	1
461	34	1
461	35	1
461	36	1
461	37	1
461	38	0
461	39	1
461	40	1
462	1	0
462	2	0
462	3	0
462	4	0
462	5	1
462	6	0
462	7	0
462	8	0
462	9	0
462	10	0
462	11	0
462	12	0
462	13	1
462	14	1
462	15	1
462	16	1
462	17	0
462	18	1
462	19	1
462	20	0
462	21	0
462	22	1
462	23	0
462	24	1
462	25	1
462	26	0
462	27	0
462	28	0
462	29	1
462	30	0
462	31	0
462	32	1
462	33	0
462	34	1
462	35	1
462	36	1
462	37	1
462	38	0
462	39	0
462	40	0
463	1	1
463	2	1
463	3	1
463	4	1
463	5	1
463	6	1
463	7	1
463	8	1
463	9	1
463	10	1
463	11	1
463	12	1
463	13	1
463	14	1
463	15	1
463	16	1
463	17	1
463	18	1
463	19	1
463	20	1
463	21	1
463	22	1
463	23	1
463	24	1
463	25	1
463	26	1
463	27	1
463	28	1
463	29	1
463	30	1
463	31	1
463	32	1
463	33	1
463	34	1
463	35	1
463	36	1
463	37	1
463	38	1
463	39	1
463	40	1
464	1	0
464	2	0
464	3	0
464	4	0
464	5	1
464	6	0
464	7	0
464	8	0
464	9	0
464	10	0
464	11	0
464	12	0
464	13	1
464	14	1
464	15	1
464	16	1
464	17	0
464	18	1
464	19	1
464	20	0
464	21	0
464	22	1
464	23	0
464	24	1
464	25	1
464	26	0
464	27	0
464	28	0
464	29	1
464	30	0
464	31	0
464	32	1
464	33	0
464	34	1
464	35	1
464	36	1
464	37	1
464	38	0
464	39	0
464	40	0
465	1	1
465	2	1
465	3	1
465	4	1
465	5	0
465	6	1
465	7	1
465	8	0
465	9	0
465	10	1
465	11	1
465	12	1
465	13	1
465	14	0
465	15	1
465	16	0
465	17	1
465	18	0
465	19	1
465	20	1
465	21	0
465	22	1
465	23	0
465	24	0
465	25	1
465	26	1
465	27	0
465	28	0
465	29	1
465	30	1
465	31	0
465	32	0
465	33	0
465	34	0
465	35	0
465	36	0
465	37	0
465	38	1
465	39	1
465	40	1
466	1	1
466	2	1
466	3	0
466	4	1
466	5	1
466	6	1
466	7	1
466	8	0
466	9	0
466	10	1
466	11	0
466	12	1
466	13	1
466	14	1
466	15	0
466	16	0
466	17	0
466	18	1
466	19	0
466	20	1
466	21	0
466	22	1
466	23	0
466	24	0
466	25	1
466	26	1
466	27	0
466	28	0
466	29	1
466	30	0
466	31	0
466	32	1
466	33	0
466	34	1
466	35	1
466	36	1
466	37	1
466	38	1
466	39	0
466	40	0
467	1	1
467	2	1
467	3	1
467	4	1
467	5	1
467	6	1
467	7	1
467	8	0
467	9	0
467	10	1
467	11	1
467	12	1
467	13	1
467	14	1
467	15	1
467	16	1
467	17	1
467	18	1
467	19	1
467	20	1
467	21	0
467	22	1
467	23	0
467	24	1
467	25	1
467	26	1
467	27	0
467	28	0
467	29	1
467	30	1
467	31	0
467	32	1
467	33	0
467	34	1
467	35	1
467	36	1
467	37	1
467	38	1
467	39	1
467	40	1
468	1	1
468	2	1
468	3	1
468	4	1
468	5	0
468	6	1
468	7	1
468	8	1
468	9	1
468	10	0
468	11	1
468	12	0
468	13	1
468	14	0
468	15	1
468	16	0
468	17	1
468	18	0
468	19	1
468	20	1
468	21	1
468	22	1
468	23	1
468	24	0
468	25	1
468	26	0
468	27	1
468	28	1
468	29	1
468	30	1
468	31	1
468	32	0
468	33	1
468	34	0
468	35	0
468	36	0
468	37	0
468	38	1
468	39	0
468	40	1
469	1	1
469	2	1
469	3	1
469	4	1
469	5	1
469	6	1
469	7	1
469	8	0
469	9	0
469	10	1
469	11	1
469	12	1
469	13	0
469	14	1
469	15	0
469	16	1
469	17	1
469	18	1
469	19	0
469	20	1
469	21	0
469	22	0
469	23	0
469	24	1
469	25	0
469	26	1
469	27	0
469	28	0
469	29	0
469	30	1
469	31	0
469	32	1
469	33	0
469	34	1
469	35	1
469	36	1
469	37	1
469	38	1
469	39	1
469	40	1
470	1	0
470	2	0
470	3	1
470	4	1
470	5	0
470	6	1
470	7	0
470	8	1
470	9	1
470	10	1
470	11	1
470	12	1
470	13	1
470	14	0
470	15	1
470	16	0
470	17	1
470	18	0
470	19	1
470	20	1
470	21	1
470	22	1
470	23	1
470	24	0
470	25	1
470	26	1
470	27	1
470	28	1
470	29	1
470	30	0
470	31	1
470	32	0
470	33	1
470	34	0
470	35	0
470	36	0
470	37	0
470	38	1
470	39	1
470	40	0
471	1	1
471	2	1
471	3	1
471	4	1
471	5	0
471	6	1
471	7	1
471	8	0
471	9	0
471	10	1
471	11	1
471	12	1
471	13	1
471	14	0
471	15	1
471	16	0
471	17	1
471	18	0
471	19	1
471	20	1
471	21	0
471	22	1
471	23	0
471	24	0
471	25	1
471	26	1
471	27	0
471	28	0
471	29	1
471	30	1
471	31	0
471	32	0
471	33	0
471	34	0
471	35	0
471	36	0
471	37	0
471	38	1
471	39	1
471	40	1
472	1	1
472	2	1
472	3	1
472	4	1
472	5	0
472	6	1
472	7	1
472	8	1
472	9	1
472	10	0
472	11	1
472	12	0
472	13	1
472	14	0
472	15	1
472	16	0
472	17	1
472	18	0
472	19	1
472	20	1
472	21	1
472	22	1
472	23	1
472	24	0
472	25	1
472	26	0
472	27	1
472	28	1
472	29	1
472	30	1
472	31	1
472	32	0
472	33	1
472	34	0
472	35	0
472	36	0
472	37	0
472	38	1
472	39	0
472	40	1
473	1	1
473	2	1
473	3	1
473	4	1
473	5	1
473	6	1
473	7	1
473	8	1
473	9	1
473	10	1
473	11	1
473	12	1
473	13	1
473	14	1
473	15	1
473	16	1
473	17	1
473	18	1
473	19	1
473	20	1
473	21	1
473	22	1
473	23	1
473	24	1
473	25	1
473	26	1
473	27	1
473	28	1
473	29	1
473	30	1
473	31	1
473	32	1
473	33	1
473	34	1
473	35	1
473	36	1
473	37	1
473	38	1
473	39	1
473	40	1
474	1	0
474	2	0
474	3	0
474	4	0
474	5	1
474	6	0
474	7	0
474	8	0
474	9	0
474	10	0
474	11	0
474	12	0
474	13	1
474	14	1
474	15	1
474	16	1
474	17	0
474	18	1
474	19	1
474	20	0
474	21	0
474	22	1
474	23	0
474	24	1
474	25	1
474	26	0
474	27	0
474	28	0
474	29	1
474	30	0
474	31	0
474	32	1
474	33	0
474	34	1
474	35	1
474	36	1
474	37	1
474	38	0
474	39	0
474	40	0
475	1	1
475	2	1
475	3	1
475	4	1
475	5	1
475	6	1
475	7	1
475	8	0
475	9	0
475	10	1
475	11	1
475	12	1
475	13	1
475	14	1
475	15	1
475	16	1
475	17	1
475	18	1
475	19	1
475	20	1
475	21	0
475	22	1
475	23	0
475	24	1
475	25	1
475	26	1
475	27	0
475	28	0
475	29	1
475	30	1
475	31	0
475	32	1
475	33	0
475	34	1
475	35	1
475	36	1
475	37	1
475	38	1
475	39	1
475	40	1
476	1	1
476	2	1
476	3	1
476	4	1
476	5	1
476	6	1
476	7	1
476	8	1
476	9	1
476	10	1
476	11	1
476	12	1
476	13	1
476	14	1
476	15	1
476	16	1
476	17	1
476	18	1
476	19	1
476	20	1
476	21	1
476	22	1
476	23	1
476	24	1
476	25	1
476	26	1
476	27	1
476	28	1
476	29	1
476	30	1
476	31	1
476	32	1
476	33	1
476	34	1
476	35	1
476	36	1
476	37	1
476	38	1
476	39	1
476	40	1
477	1	0
477	2	0
477	3	0
477	4	0
477	5	1
477	6	0
477	7	0
477	8	0
477	9	0
477	10	0
477	11	0
477	12	0
477	13	1
477	14	1
477	15	1
477	16	1
477	17	0
477	18	1
477	19	1
477	20	0
477	21	0
477	22	1
477	23	0
477	24	1
477	25	1
477	26	0
477	27	0
477	28	0
477	29	1
477	30	0
477	31	0
477	32	1
477	33	0
477	34	1
477	35	1
477	36	1
477	37	1
477	38	0
477	39	0
477	40	0
478	1	0
478	2	0
478	3	0
478	4	0
478	5	1
478	6	0
478	7	0
478	8	0
478	9	0
478	10	0
478	11	0
478	12	0
478	13	1
478	14	1
478	15	1
478	16	1
478	17	0
478	18	1
478	19	1
478	20	0
478	21	0
478	22	1
478	23	0
478	24	1
478	25	1
478	26	0
478	27	0
478	28	0
478	29	1
478	30	0
478	31	0
478	32	1
478	33	0
478	34	1
478	35	1
478	36	1
478	37	1
478	38	0
478	39	0
478	40	0
479	1	1
479	2	1
479	3	1
479	4	1
479	5	0
479	6	1
479	7	1
479	8	0
479	9	0
479	10	1
479	11	0
479	12	1
479	13	1
479	14	1
479	15	1
479	16	0
479	17	0
479	18	1
479	19	1
479	20	1
479	21	0
479	22	0
479	23	0
479	24	1
479	25	1
479	26	1
479	27	0
479	28	0
479	29	1
479	30	1
479	31	0
479	32	1
479	33	0
479	34	1
479	35	1
479	36	1
479	37	1
479	38	1
479	39	0
479	40	1
480	1	1
480	2	1
480	3	1
480	4	1
480	5	1
480	6	1
480	7	1
480	8	1
480	9	1
480	10	1
480	11	1
480	12	1
480	13	1
480	14	1
480	15	1
480	16	1
480	17	1
480	18	1
480	19	1
480	20	1
480	21	1
480	22	1
480	23	1
480	24	1
480	25	1
480	26	1
480	27	1
480	28	1
480	29	1
480	30	1
480	31	1
480	32	1
480	33	1
480	34	1
480	35	1
480	36	1
480	37	1
480	38	1
480	39	1
480	40	1
481	1	1
481	2	1
481	3	1
481	4	1
481	5	0
481	6	1
481	7	1
481	8	0
481	9	0
481	10	1
481	11	1
481	12	1
481	13	1
481	14	0
481	15	1
481	16	0
481	17	1
481	18	0
481	19	1
481	20	1
481	21	0
481	22	1
481	23	0
481	24	0
481	25	1
481	26	1
481	27	0
481	28	0
481	29	1
481	30	1
481	31	0
481	32	0
481	33	0
481	34	0
481	35	0
481	36	0
481	37	0
481	38	1
481	39	1
481	40	1
482	1	1
482	2	1
482	3	1
482	4	1
482	5	0
482	6	1
482	7	1
482	8	0
482	9	0
482	10	1
482	11	1
482	12	1
482	13	1
482	14	0
482	15	1
482	16	0
482	17	1
482	18	0
482	19	1
482	20	1
482	21	0
482	22	1
482	23	0
482	24	0
482	25	1
482	26	1
482	27	0
482	28	0
482	29	1
482	30	1
482	31	0
482	32	0
482	33	0
482	34	0
482	35	0
482	36	0
482	37	0
482	38	1
482	39	1
482	40	1
483	1	0
483	2	1
483	3	0
483	4	0
483	5	0
483	6	0
483	7	0
483	8	0
483	9	0
483	10	0
483	11	0
483	12	0
483	13	1
483	14	1
483	15	1
483	16	0
483	17	0
483	18	0
483	19	1
483	20	0
483	21	0
483	22	0
483	23	1
483	24	0
483	25	1
483	26	1
483	27	1
483	28	0
483	29	1
483	30	1
483	31	0
483	32	1
483	33	1
483	34	1
483	35	1
483	36	0
483	37	1
483	38	0
483	39	1
483	40	0
484	1	1
484	2	1
484	3	0
484	4	0
484	5	1
484	6	0
484	7	1
484	8	1
484	9	1
484	10	1
484	11	0
484	12	1
484	13	1
484	14	1
484	15	1
484	16	1
484	17	0
484	18	1
484	19	1
484	20	0
484	21	1
484	22	1
484	23	1
484	24	1
484	25	1
484	26	1
484	27	1
484	28	1
484	29	1
484	30	1
484	31	1
484	32	1
484	33	1
484	34	1
484	35	1
484	36	1
484	37	1
484	38	0
484	39	1
484	40	1
485	1	1
485	2	1
485	3	1
485	4	1
485	5	1
485	6	1
485	7	1
485	8	1
485	9	1
485	10	1
485	11	1
485	12	1
485	13	1
485	14	1
485	15	1
485	16	1
485	17	1
485	18	1
485	19	1
485	20	1
485	21	1
485	22	1
485	23	1
485	24	1
485	25	1
485	26	1
485	27	1
485	28	1
485	29	1
485	30	1
485	31	1
485	32	1
485	33	1
485	34	1
485	35	1
485	36	1
485	37	1
485	38	1
485	39	1
485	40	1
486	1	0
486	2	1
486	3	1
486	4	0
486	5	1
486	6	0
486	7	0
486	8	0
486	9	0
486	10	0
486	11	1
486	12	0
486	13	1
486	14	1
486	15	1
486	16	1
486	17	1
486	18	0
486	19	1
486	20	0
486	21	0
486	22	0
486	23	1
486	24	0
486	25	1
486	26	1
486	27	1
486	28	1
486	29	1
486	30	1
486	31	0
486	32	1
486	33	1
486	34	1
486	35	1
486	36	0
486	37	1
486	38	1
486	39	1
486	40	1
487	1	0
487	2	0
487	3	1
487	4	1
487	5	0
487	6	1
487	7	0
487	8	1
487	9	1
487	10	1
487	11	1
487	12	1
487	13	1
487	14	0
487	15	1
487	16	0
487	17	1
487	18	0
487	19	1
487	20	1
487	21	1
487	22	1
487	23	1
487	24	0
487	25	1
487	26	1
487	27	1
487	28	1
487	29	1
487	30	0
487	31	1
487	32	0
487	33	1
487	34	0
487	35	0
487	36	0
487	37	0
487	38	1
487	39	1
487	40	0
488	1	0
488	2	0
488	3	0
488	4	0
488	5	1
488	6	0
488	7	0
488	8	0
488	9	0
488	10	0
488	11	0
488	12	0
488	13	1
488	14	1
488	15	1
488	16	1
488	17	0
488	18	1
488	19	1
488	20	0
488	21	0
488	22	1
488	23	0
488	24	1
488	25	1
488	26	0
488	27	0
488	28	0
488	29	1
488	30	0
488	31	0
488	32	1
488	33	0
488	34	1
488	35	1
488	36	1
488	37	1
488	38	0
488	39	0
488	40	0
489	1	1
489	2	1
489	3	0
489	4	1
489	5	1
489	6	1
489	7	1
489	8	0
489	9	0
489	10	1
489	11	0
489	12	1
489	13	0
489	14	1
489	15	0
489	16	0
489	17	0
489	18	1
489	19	0
489	20	1
489	21	0
489	22	0
489	23	0
489	24	0
489	25	0
489	26	1
489	27	0
489	28	0
489	29	0
489	30	0
489	31	0
489	32	1
489	33	0
489	34	1
489	35	1
489	36	1
489	37	1
489	38	1
489	39	0
489	40	0
490	1	0
490	2	0
490	3	0
490	4	0
490	5	1
490	6	0
490	7	0
490	8	0
490	9	0
490	10	0
490	11	0
490	12	0
490	13	1
490	14	1
490	15	1
490	16	1
490	17	0
490	18	1
490	19	1
490	20	0
490	21	0
490	22	1
490	23	0
490	24	1
490	25	1
490	26	0
490	27	0
490	28	0
490	29	1
490	30	0
490	31	0
490	32	1
490	33	0
490	34	1
490	35	1
490	36	1
490	37	1
490	38	0
490	39	0
490	40	0
491	1	1
491	2	1
491	3	1
491	4	1
491	5	1
491	6	1
491	7	1
491	8	1
491	9	1
491	10	1
491	11	1
491	12	1
491	13	1
491	14	1
491	15	1
491	16	1
491	17	1
491	18	1
491	19	1
491	20	1
491	21	1
491	22	1
491	23	1
491	24	1
491	25	1
491	26	1
491	27	1
491	28	1
491	29	1
491	30	1
491	31	1
491	32	1
491	33	1
491	34	1
491	35	1
491	36	1
491	37	1
491	38	1
491	39	1
491	40	1
492	1	1
492	2	1
492	3	1
492	4	1
492	5	0
492	6	1
492	7	1
492	8	1
492	9	1
492	10	1
492	11	0
492	12	1
492	13	1
492	14	1
492	15	1
492	16	0
492	17	0
492	18	1
492	19	1
492	20	1
492	21	1
492	22	0
492	23	1
492	24	1
492	25	1
492	26	1
492	27	1
492	28	0
492	29	1
492	30	1
492	31	1
492	32	1
492	33	1
492	34	1
492	35	1
492	36	1
492	37	1
492	38	1
492	39	0
492	40	1
493	1	1
493	2	1
493	3	0
493	4	1
493	5	1
493	6	0
493	7	0
493	8	0
493	9	0
493	10	0
493	11	0
493	12	1
493	13	1
493	14	0
493	15	0
493	16	0
493	17	0
493	18	1
493	19	0
493	20	0
493	21	1
493	22	1
493	23	1
493	24	0
493	25	1
493	26	1
493	27	1
493	28	0
493	29	1
493	30	0
493	31	1
493	32	1
493	33	1
493	34	1
493	35	1
493	36	0
493	37	1
493	38	1
493	39	0
493	40	0
494	1	1
494	2	1
494	3	1
494	4	1
494	5	1
494	6	1
494	7	1
494	8	0
494	9	0
494	10	1
494	11	1
494	12	1
494	13	0
494	14	1
494	15	0
494	16	1
494	17	1
494	18	1
494	19	0
494	20	1
494	21	0
494	22	0
494	23	0
494	24	1
494	25	0
494	26	1
494	27	0
494	28	0
494	29	0
494	30	1
494	31	0
494	32	1
494	33	0
494	34	1
494	35	1
494	36	1
494	37	1
494	38	1
494	39	1
494	40	1
495	1	1
495	2	1
495	3	1
495	4	1
495	5	1
495	6	1
495	7	1
495	8	0
495	9	0
495	10	1
495	11	1
495	12	1
495	13	0
495	14	1
495	15	0
495	16	1
495	17	1
495	18	1
495	19	0
495	20	1
495	21	0
495	22	0
495	23	0
495	24	1
495	25	0
495	26	1
495	27	0
495	28	0
495	29	0
495	30	1
495	31	0
495	32	1
495	33	0
495	34	1
495	35	1
495	36	1
495	37	1
495	38	1
495	39	1
495	40	1
496	1	1
496	2	1
496	3	1
496	4	1
496	5	0
496	6	1
496	7	1
496	8	1
496	9	1
496	10	0
496	11	1
496	12	0
496	13	1
496	14	0
496	15	1
496	16	0
496	17	1
496	18	0
496	19	1
496	20	1
496	21	1
496	22	1
496	23	1
496	24	0
496	25	1
496	26	0
496	27	1
496	28	1
496	29	1
496	30	1
496	31	1
496	32	0
496	33	1
496	34	0
496	35	0
496	36	0
496	37	0
496	38	1
496	39	0
496	40	1
497	1	1
497	2	1
497	3	1
497	4	1
497	5	1
497	6	1
497	7	1
497	8	0
497	9	0
497	10	1
497	11	1
497	12	1
497	13	0
497	14	1
497	15	0
497	16	1
497	17	1
497	18	1
497	19	0
497	20	1
497	21	0
497	22	0
497	23	0
497	24	1
497	25	0
497	26	1
497	27	0
497	28	0
497	29	0
497	30	1
497	31	0
497	32	1
497	33	0
497	34	1
497	35	1
497	36	1
497	37	1
497	38	1
497	39	1
497	40	1
498	1	1
498	2	1
498	3	1
498	4	1
498	5	1
498	6	0
498	7	0
498	8	0
498	9	0
498	10	0
498	11	0
498	12	1
498	13	0
498	14	0
498	15	0
498	16	1
498	17	1
498	18	1
498	19	0
498	20	0
498	21	0
498	22	0
498	23	0
498	24	1
498	25	0
498	26	1
498	27	0
498	28	0
498	29	0
498	30	0
498	31	0
498	32	1
498	33	0
498	34	1
498	35	1
498	36	0
498	37	1
498	38	1
498	39	1
498	40	0
499	1	1
499	2	1
499	3	1
499	4	1
499	5	1
499	6	1
499	7	1
499	8	0
499	9	0
499	10	1
499	11	1
499	12	1
499	13	0
499	14	1
499	15	0
499	16	1
499	17	1
499	18	1
499	19	0
499	20	1
499	21	0
499	22	0
499	23	0
499	24	1
499	25	0
499	26	1
499	27	0
499	28	0
499	29	0
499	30	1
499	31	0
499	32	1
499	33	0
499	34	1
499	35	1
499	36	1
499	37	1
499	38	1
499	39	1
499	40	1
500	1	0
500	2	0
500	3	0
500	4	0
500	5	1
500	6	0
500	7	0
500	8	0
500	9	0
500	10	0
500	11	0
500	12	0
500	13	1
500	14	1
500	15	1
500	16	1
500	17	0
500	18	1
500	19	1
500	20	0
500	21	0
500	22	1
500	23	0
500	24	1
500	25	1
500	26	0
500	27	0
500	28	0
500	29	1
500	30	0
500	31	0
500	32	1
500	33	0
500	34	1
500	35	1
500	36	1
500	37	1
500	38	0
500	39	0
500	40	0
501	1	1
501	2	1
501	3	1
501	4	1
501	5	0
501	6	1
501	7	1
501	8	0
501	9	0
501	10	1
501	11	1
501	12	1
501	13	1
501	14	0
501	15	1
501	16	0
501	17	1
501	18	0
501	19	1
501	20	1
501	21	0
501	22	1
501	23	0
501	24	0
501	25	1
501	26	1
501	27	0
501	28	0
501	29	1
501	30	1
501	31	0
501	32	0
501	33	0
501	34	0
501	35	0
501	36	0
501	37	0
501	38	1
501	39	1
501	40	1
502	1	1
502	2	1
502	3	1
502	4	1
502	5	1
502	6	1
502	7	1
502	8	1
502	9	1
502	10	1
502	11	1
502	12	1
502	13	1
502	14	1
502	15	1
502	16	1
502	17	1
502	18	1
502	19	1
502	20	1
502	21	1
502	22	1
502	23	1
502	24	1
502	25	1
502	26	1
502	27	1
502	28	1
502	29	1
502	30	1
502	31	1
502	32	1
502	33	1
502	34	1
502	35	1
502	36	1
502	37	1
502	38	1
502	39	1
502	40	1
503	1	0
503	2	0
503	3	1
503	4	1
503	5	0
503	6	0
503	7	0
503	8	0
503	9	1
503	10	0
503	11	0
503	12	1
503	13	1
503	14	0
503	15	0
503	16	0
503	17	1
503	18	0
503	19	1
503	20	0
503	21	1
503	22	1
503	23	1
503	24	0
503	25	1
503	26	1
503	27	1
503	28	1
503	29	1
503	30	0
503	31	1
503	32	0
503	33	1
503	34	0
503	35	0
503	36	0
503	37	0
503	38	1
503	39	1
503	40	0
504	1	1
504	2	1
504	3	1
504	4	1
504	5	0
504	6	1
504	7	1
504	8	0
504	9	0
504	10	1
504	11	1
504	12	1
504	13	1
504	14	0
504	15	1
504	16	0
504	17	1
504	18	0
504	19	1
504	20	1
504	21	0
504	22	1
504	23	0
504	24	0
504	25	1
504	26	1
504	27	0
504	28	0
504	29	1
504	30	1
504	31	0
504	32	0
504	33	0
504	34	0
504	35	0
504	36	0
504	37	0
504	38	1
504	39	1
504	40	1
505	1	1
505	2	1
505	3	0
505	4	0
505	5	1
505	6	0
505	7	1
505	8	1
505	9	1
505	10	1
505	11	0
505	12	1
505	13	1
505	14	1
505	15	1
505	16	1
505	17	0
505	18	1
505	19	1
505	20	0
505	21	1
505	22	1
505	23	1
505	24	1
505	25	1
505	26	1
505	27	1
505	28	1
505	29	1
505	30	1
505	31	1
505	32	1
505	33	1
505	34	1
505	35	1
505	36	1
505	37	1
505	38	0
505	39	1
505	40	1
506	1	1
506	2	1
506	3	1
506	4	1
506	5	1
506	6	1
506	7	1
506	8	0
506	9	0
506	10	1
506	11	1
506	12	1
506	13	1
506	14	1
506	15	1
506	16	1
506	17	1
506	18	1
506	19	1
506	20	1
506	21	0
506	22	1
506	23	0
506	24	1
506	25	1
506	26	1
506	27	0
506	28	0
506	29	1
506	30	1
506	31	0
506	32	1
506	33	0
506	34	1
506	35	1
506	36	1
506	37	1
506	38	1
506	39	1
506	40	1
507	1	1
507	2	1
507	3	1
507	4	1
507	5	0
507	6	1
507	7	1
507	8	1
507	9	1
507	10	0
507	11	1
507	12	0
507	13	1
507	14	0
507	15	1
507	16	0
507	17	1
507	18	0
507	19	1
507	20	1
507	21	1
507	22	1
507	23	1
507	24	0
507	25	1
507	26	0
507	27	1
507	28	1
507	29	1
507	30	1
507	31	1
507	32	0
507	33	1
507	34	0
507	35	0
507	36	0
507	37	0
507	38	1
507	39	0
507	40	1
508	1	1
508	2	1
508	3	1
508	4	1
508	5	0
508	6	1
508	7	1
508	8	1
508	9	1
508	10	0
508	11	1
508	12	0
508	13	1
508	14	0
508	15	1
508	16	0
508	17	1
508	18	0
508	19	1
508	20	1
508	21	1
508	22	1
508	23	1
508	24	0
508	25	1
508	26	0
508	27	1
508	28	1
508	29	1
508	30	1
508	31	1
508	32	0
508	33	1
508	34	0
508	35	0
508	36	0
508	37	0
508	38	1
508	39	0
508	40	1
509	1	1
509	2	1
509	3	1
509	4	1
509	5	0
509	6	1
509	7	1
509	8	1
509	9	1
509	10	0
509	11	1
509	12	0
509	13	1
509	14	0
509	15	1
509	16	0
509	17	1
509	18	0
509	19	1
509	20	1
509	21	1
509	22	1
509	23	1
509	24	0
509	25	1
509	26	0
509	27	1
509	28	1
509	29	1
509	30	1
509	31	1
509	32	0
509	33	1
509	34	0
509	35	0
509	36	0
509	37	0
509	38	1
509	39	0
509	40	1
510	1	1
510	2	1
510	3	1
510	4	1
510	5	1
510	6	1
510	7	1
510	8	1
510	9	1
510	10	1
510	11	1
510	12	1
510	13	1
510	14	1
510	15	1
510	16	1
510	17	1
510	18	1
510	19	1
510	20	1
510	21	1
510	22	1
510	23	1
510	24	1
510	25	1
510	26	1
510	27	1
510	28	1
510	29	1
510	30	1
510	31	1
510	32	1
510	33	1
510	34	1
510	35	1
510	36	1
510	37	1
510	38	1
510	39	1
510	40	1
511	1	1
511	2	1
511	3	1
511	4	1
511	5	1
511	6	1
511	7	1
511	8	1
511	9	1
511	10	1
511	11	1
511	12	1
511	13	1
511	14	1
511	15	1
511	16	1
511	17	1
511	18	1
511	19	1
511	20	1
511	21	1
511	22	1
511	23	1
511	24	1
511	25	1
511	26	1
511	27	1
511	28	1
511	29	1
511	30	1
511	31	1
511	32	1
511	33	1
511	34	1
511	35	1
511	36	1
511	37	1
511	38	1
511	39	1
511	40	1
512	1	1
512	2	1
512	3	1
512	4	1
512	5	1
512	6	1
512	7	1
512	8	1
512	9	1
512	10	1
512	11	1
512	12	1
512	13	1
512	14	1
512	15	1
512	16	1
512	17	1
512	18	1
512	19	1
512	20	1
512	21	1
512	22	1
512	23	1
512	24	1
512	25	1
512	26	1
512	27	1
512	28	1
512	29	1
512	30	1
512	31	1
512	32	1
512	33	1
512	34	1
512	35	1
512	36	1
512	37	1
512	38	1
512	39	1
512	40	1
513	1	1
513	2	1
513	3	0
513	4	0
513	5	0
513	6	0
513	7	1
513	8	1
513	9	1
513	10	1
513	11	0
513	12	1
513	13	1
513	14	1
513	15	1
513	16	0
513	17	0
513	18	1
513	19	1
513	20	0
513	21	1
513	22	0
513	23	1
513	24	1
513	25	1
513	26	1
513	27	1
513	28	0
513	29	1
513	30	1
513	31	1
513	32	1
513	33	1
513	34	1
513	35	1
513	36	1
513	37	1
513	38	0
513	39	0
513	40	1
514	1	1
514	2	1
514	3	0
514	4	1
514	5	0
514	6	0
514	7	0
514	8	0
514	9	0
514	10	0
514	11	1
514	12	0
514	13	1
514	14	1
514	15	1
514	16	0
514	17	1
514	18	1
514	19	1
514	20	0
514	21	0
514	22	1
514	23	0
514	24	1
514	25	1
514	26	1
514	27	0
514	28	0
514	29	1
514	30	1
514	31	0
514	32	1
514	33	0
514	34	1
514	35	1
514	36	1
514	37	1
514	38	1
514	39	1
514	40	0
515	1	0
515	2	0
515	3	0
515	4	0
515	5	1
515	6	0
515	7	0
515	8	0
515	9	0
515	10	0
515	11	0
515	12	0
515	13	1
515	14	1
515	15	1
515	16	1
515	17	0
515	18	1
515	19	1
515	20	0
515	21	0
515	22	1
515	23	0
515	24	1
515	25	1
515	26	0
515	27	0
515	28	0
515	29	1
515	30	0
515	31	0
515	32	1
515	33	0
515	34	1
515	35	1
515	36	1
515	37	1
515	38	0
515	39	0
515	40	0
516	1	1
516	2	1
516	3	1
516	4	1
516	5	1
516	6	1
516	7	1
516	8	1
516	9	1
516	10	1
516	11	1
516	12	1
516	13	1
516	14	1
516	15	1
516	16	1
516	17	1
516	18	1
516	19	1
516	20	1
516	21	1
516	22	1
516	23	1
516	24	1
516	25	1
516	26	1
516	27	1
516	28	1
516	29	1
516	30	1
516	31	1
516	32	1
516	33	1
516	34	1
516	35	1
516	36	1
516	37	1
516	38	1
516	39	1
516	40	1
517	1	1
517	2	1
517	3	1
517	4	1
517	5	0
517	6	1
517	7	1
517	8	1
517	9	1
517	10	0
517	11	1
517	12	0
517	13	1
517	14	0
517	15	1
517	16	0
517	17	1
517	18	0
517	19	1
517	20	1
517	21	1
517	22	1
517	23	1
517	24	0
517	25	1
517	26	0
517	27	1
517	28	1
517	29	1
517	30	1
517	31	1
517	32	0
517	33	1
517	34	0
517	35	0
517	36	0
517	37	0
517	38	1
517	39	0
517	40	1
518	1	1
518	2	1
518	3	1
518	4	1
518	5	1
518	6	1
518	7	1
518	8	0
518	9	0
518	10	1
518	11	1
518	12	1
518	13	1
518	14	1
518	15	1
518	16	1
518	17	1
518	18	1
518	19	1
518	20	1
518	21	0
518	22	1
518	23	0
518	24	1
518	25	1
518	26	1
518	27	0
518	28	0
518	29	1
518	30	1
518	31	0
518	32	1
518	33	0
518	34	1
518	35	1
518	36	1
518	37	1
518	38	1
518	39	1
518	40	1
519	1	1
519	2	1
519	3	0
519	4	1
519	5	0
519	6	1
519	7	1
519	8	0
519	9	0
519	10	1
519	11	0
519	12	1
519	13	1
519	14	0
519	15	0
519	16	0
519	17	0
519	18	0
519	19	0
519	20	1
519	21	0
519	22	1
519	23	0
519	24	0
519	25	1
519	26	1
519	27	0
519	28	0
519	29	1
519	30	0
519	31	0
519	32	0
519	33	0
519	34	0
519	35	0
519	36	0
519	37	0
519	38	1
519	39	0
519	40	0
520	1	1
520	2	1
520	3	1
520	4	1
520	5	0
520	6	1
520	7	1
520	8	1
520	9	1
520	10	0
520	11	1
520	12	0
520	13	1
520	14	0
520	15	1
520	16	0
520	17	1
520	18	0
520	19	1
520	20	1
520	21	1
520	22	1
520	23	1
520	24	0
520	25	1
520	26	0
520	27	1
520	28	1
520	29	1
520	30	1
520	31	1
520	32	0
520	33	1
520	34	0
520	35	0
520	36	0
520	37	0
520	38	1
520	39	0
520	40	1
521	1	0
521	2	0
521	3	0
521	4	0
521	5	1
521	6	0
521	7	0
521	8	0
521	9	0
521	10	0
521	11	0
521	12	0
521	13	1
521	14	0
521	15	0
521	16	1
521	17	0
521	18	1
521	19	1
521	20	0
521	21	0
521	22	1
521	23	0
521	24	1
521	25	1
521	26	0
521	27	0
521	28	0
521	29	1
521	30	0
521	31	0
521	32	1
521	33	0
521	34	1
521	35	1
521	36	0
521	37	1
521	38	0
521	39	0
521	40	0
522	1	1
522	2	1
522	3	1
522	4	1
522	5	1
522	6	1
522	7	1
522	8	1
522	9	1
522	10	1
522	11	1
522	12	1
522	13	1
522	14	1
522	15	1
522	16	1
522	17	1
522	18	1
522	19	1
522	20	1
522	21	1
522	22	1
522	23	1
522	24	1
522	25	1
522	26	1
522	27	1
522	28	1
522	29	1
522	30	1
522	31	1
522	32	1
522	33	1
522	34	1
522	35	1
522	36	1
522	37	1
522	38	1
522	39	1
522	40	1
523	1	1
523	2	1
523	3	1
523	4	1
523	5	1
523	6	0
523	7	0
523	8	0
523	9	0
523	10	0
523	11	0
523	12	1
523	13	0
523	14	0
523	15	0
523	16	1
523	17	1
523	18	1
523	19	0
523	20	0
523	21	0
523	22	0
523	23	0
523	24	1
523	25	0
523	26	1
523	27	0
523	28	0
523	29	0
523	30	0
523	31	0
523	32	1
523	33	0
523	34	1
523	35	1
523	36	0
523	37	1
523	38	1
523	39	1
523	40	0
524	1	1
524	2	1
524	3	0
524	4	0
524	5	1
524	6	0
524	7	1
524	8	0
524	9	0
524	10	1
524	11	0
524	12	1
524	13	1
524	14	1
524	15	0
524	16	0
524	17	0
524	18	1
524	19	0
524	20	0
524	21	1
524	22	1
524	23	1
524	24	0
524	25	1
524	26	1
524	27	1
524	28	0
524	29	1
524	30	0
524	31	1
524	32	1
524	33	1
524	34	1
524	35	1
524	36	1
524	37	1
524	38	0
524	39	0
524	40	0
525	1	1
525	2	1
525	3	1
525	4	1
525	5	1
525	6	1
525	7	1
525	8	0
525	9	0
525	10	1
525	11	1
525	12	1
525	13	0
525	14	1
525	15	0
525	16	1
525	17	1
525	18	1
525	19	0
525	20	1
525	21	0
525	22	0
525	23	0
525	24	1
525	25	0
525	26	1
525	27	0
525	28	0
525	29	0
525	30	1
525	31	0
525	32	1
525	33	0
525	34	1
525	35	1
525	36	1
525	37	1
525	38	1
525	39	1
525	40	1
526	1	1
526	2	1
526	3	1
526	4	1
526	5	1
526	6	1
526	7	1
526	8	0
526	9	0
526	10	1
526	11	1
526	12	1
526	13	1
526	14	1
526	15	1
526	16	1
526	17	1
526	18	1
526	19	1
526	20	1
526	21	0
526	22	1
526	23	0
526	24	1
526	25	1
526	26	1
526	27	0
526	28	0
526	29	1
526	30	1
526	31	0
526	32	1
526	33	0
526	34	1
526	35	1
526	36	1
526	37	1
526	38	1
526	39	1
526	40	1
527	1	0
527	2	1
527	3	1
527	4	0
527	5	0
527	6	0
527	7	0
527	8	0
527	9	0
527	10	0
527	11	1
527	12	0
527	13	1
527	14	0
527	15	1
527	16	0
527	17	1
527	18	0
527	19	1
527	20	0
527	21	0
527	22	0
527	23	1
527	24	0
527	25	1
527	26	0
527	27	1
527	28	1
527	29	1
527	30	1
527	31	0
527	32	0
527	33	1
527	34	0
527	35	0
527	36	0
527	37	0
527	38	1
527	39	0
527	40	1
528	1	1
528	2	1
528	3	1
528	4	1
528	5	0
528	6	1
528	7	1
528	8	0
528	9	0
528	10	1
528	11	1
528	12	1
528	13	1
528	14	0
528	15	1
528	16	0
528	17	1
528	18	0
528	19	1
528	20	1
528	21	0
528	22	1
528	23	0
528	24	0
528	25	1
528	26	1
528	27	0
528	28	0
528	29	1
528	30	1
528	31	0
528	32	0
528	33	0
528	34	0
528	35	0
528	36	0
528	37	0
528	38	1
528	39	1
528	40	1
529	1	1
529	2	1
529	3	1
529	4	1
529	5	1
529	6	1
529	7	1
529	8	1
529	9	1
529	10	1
529	11	1
529	12	1
529	13	1
529	14	1
529	15	1
529	16	1
529	17	1
529	18	1
529	19	1
529	20	1
529	21	1
529	22	1
529	23	1
529	24	1
529	25	1
529	26	1
529	27	1
529	28	1
529	29	1
529	30	1
529	31	1
529	32	1
529	33	1
529	34	1
529	35	1
529	36	1
529	37	1
529	38	1
529	39	1
529	40	1
530	1	1
530	2	1
530	3	1
530	4	1
530	5	0
530	6	1
530	7	1
530	8	1
530	9	1
530	10	0
530	11	1
530	12	0
530	13	1
530	14	0
530	15	1
530	16	0
530	17	1
530	18	0
530	19	1
530	20	1
530	21	1
530	22	1
530	23	1
530	24	0
530	25	1
530	26	0
530	27	1
530	28	1
530	29	1
530	30	1
530	31	1
530	32	0
530	33	1
530	34	0
530	35	0
530	36	0
530	37	0
530	38	1
530	39	0
530	40	1
531	1	1
531	2	1
531	3	1
531	4	1
531	5	0
531	6	1
531	7	1
531	8	1
531	9	1
531	10	0
531	11	1
531	12	0
531	13	1
531	14	0
531	15	1
531	16	0
531	17	1
531	18	0
531	19	1
531	20	1
531	21	1
531	22	1
531	23	1
531	24	0
531	25	1
531	26	0
531	27	1
531	28	1
531	29	1
531	30	1
531	31	1
531	32	0
531	33	1
531	34	0
531	35	0
531	36	0
531	37	0
531	38	1
531	39	0
531	40	1
532	1	1
532	2	1
532	3	1
532	4	1
532	5	0
532	6	1
532	7	1
532	8	1
532	9	1
532	10	0
532	11	1
532	12	0
532	13	1
532	14	0
532	15	1
532	16	0
532	17	1
532	18	0
532	19	1
532	20	1
532	21	1
532	22	1
532	23	1
532	24	0
532	25	1
532	26	0
532	27	1
532	28	1
532	29	1
532	30	1
532	31	1
532	32	0
532	33	1
532	34	0
532	35	0
532	36	0
532	37	0
532	38	1
532	39	0
532	40	1
533	1	1
533	2	1
533	3	0
533	4	1
533	5	0
533	6	0
533	7	0
533	8	0
533	9	0
533	10	0
533	11	1
533	12	0
533	13	0
533	14	1
533	15	0
533	16	0
533	17	1
533	18	1
533	19	0
533	20	0
533	21	0
533	22	0
533	23	0
533	24	1
533	25	0
533	26	1
533	27	0
533	28	0
533	29	0
533	30	1
533	31	0
533	32	1
533	33	0
533	34	1
533	35	1
533	36	1
533	37	1
533	38	1
533	39	1
533	40	0
534	1	0
534	2	1
534	3	1
534	4	0
534	5	1
534	6	0
534	7	0
534	8	0
534	9	0
534	10	0
534	11	1
534	12	0
534	13	1
534	14	1
534	15	1
534	16	1
534	17	1
534	18	0
534	19	1
534	20	0
534	21	0
534	22	0
534	23	0
534	24	0
534	25	1
534	26	1
534	27	0
534	28	0
534	29	1
534	30	1
534	31	0
534	32	1
534	33	0
534	34	1
534	35	1
534	36	0
534	37	1
534	38	1
534	39	1
534	40	1
535	1	1
535	2	1
535	3	1
535	4	1
535	5	0
535	6	1
535	7	1
535	8	1
535	9	1
535	10	0
535	11	1
535	12	0
535	13	1
535	14	0
535	15	1
535	16	0
535	17	1
535	18	0
535	19	1
535	20	1
535	21	1
535	22	1
535	23	1
535	24	0
535	25	1
535	26	0
535	27	1
535	28	1
535	29	1
535	30	1
535	31	1
535	32	0
535	33	1
535	34	0
535	35	0
535	36	0
535	37	0
535	38	1
535	39	0
535	40	1
536	1	0
536	2	1
536	3	1
536	4	0
536	5	1
536	6	0
536	7	0
536	8	0
536	9	0
536	10	0
536	11	1
536	12	0
536	13	0
536	14	1
536	15	0
536	16	1
536	17	1
536	18	0
536	19	0
536	20	0
536	21	0
536	22	0
536	23	0
536	24	0
536	25	0
536	26	1
536	27	0
536	28	0
536	29	0
536	30	1
536	31	0
536	32	1
536	33	0
536	34	1
536	35	1
536	36	0
536	37	1
536	38	1
536	39	1
536	40	1
537	1	1
537	2	1
537	3	0
537	4	0
537	5	1
537	6	0
537	7	1
537	8	1
537	9	1
537	10	1
537	11	0
537	12	1
537	13	1
537	14	1
537	15	1
537	16	1
537	17	0
537	18	1
537	19	1
537	20	0
537	21	1
537	22	1
537	23	1
537	24	1
537	25	1
537	26	1
537	27	1
537	28	1
537	29	1
537	30	1
537	31	1
537	32	1
537	33	1
537	34	1
537	35	1
537	36	1
537	37	1
537	38	0
537	39	1
537	40	1
538	1	1
538	2	1
538	3	1
538	4	1
538	5	0
538	6	1
538	7	1
538	8	1
538	9	1
538	10	0
538	11	1
538	12	0
538	13	1
538	14	0
538	15	1
538	16	0
538	17	1
538	18	0
538	19	1
538	20	1
538	21	1
538	22	1
538	23	1
538	24	0
538	25	1
538	26	0
538	27	1
538	28	1
538	29	1
538	30	1
538	31	1
538	32	0
538	33	1
538	34	0
538	35	0
538	36	0
538	37	0
538	38	1
538	39	0
538	40	1
539	1	0
539	2	0
539	3	0
539	4	0
539	5	1
539	6	0
539	7	0
539	8	0
539	9	0
539	10	0
539	11	0
539	12	0
539	13	1
539	14	1
539	15	1
539	16	1
539	17	0
539	18	1
539	19	1
539	20	0
539	21	0
539	22	1
539	23	0
539	24	1
539	25	1
539	26	0
539	27	0
539	28	0
539	29	1
539	30	0
539	31	0
539	32	1
539	33	0
539	34	1
539	35	1
539	36	1
539	37	1
539	38	0
539	39	0
539	40	0
540	1	1
540	2	1
540	3	1
540	4	1
540	5	1
540	6	1
540	7	1
540	8	1
540	9	1
540	10	1
540	11	1
540	12	1
540	13	1
540	14	1
540	15	1
540	16	1
540	17	1
540	18	1
540	19	1
540	20	1
540	21	1
540	22	1
540	23	1
540	24	1
540	25	1
540	26	1
540	27	1
540	28	1
540	29	1
540	30	1
540	31	1
540	32	1
540	33	1
540	34	1
540	35	1
540	36	1
540	37	1
540	38	1
540	39	1
540	40	1
541	1	1
541	2	1
541	3	1
541	4	1
541	5	0
541	6	1
541	7	1
541	8	1
541	9	1
541	10	0
541	11	1
541	12	0
541	13	1
541	14	0
541	15	1
541	16	0
541	17	1
541	18	0
541	19	1
541	20	1
541	21	1
541	22	1
541	23	1
541	24	0
541	25	1
541	26	0
541	27	1
541	28	1
541	29	1
541	30	1
541	31	1
541	32	0
541	33	1
541	34	0
541	35	0
541	36	0
541	37	0
541	38	1
541	39	0
541	40	1
542	1	0
542	2	0
542	3	1
542	4	1
542	5	0
542	6	1
542	7	0
542	8	1
542	9	1
542	10	1
542	11	1
542	12	1
542	13	1
542	14	0
542	15	1
542	16	0
542	17	1
542	18	0
542	19	1
542	20	1
542	21	1
542	22	1
542	23	1
542	24	0
542	25	1
542	26	1
542	27	1
542	28	1
542	29	1
542	30	0
542	31	1
542	32	0
542	33	1
542	34	0
542	35	0
542	36	0
542	37	0
542	38	1
542	39	1
542	40	0
543	1	1
543	2	1
543	3	0
543	4	0
543	5	1
543	6	0
543	7	1
543	8	1
543	9	1
543	10	1
543	11	0
543	12	1
543	13	1
543	14	1
543	15	1
543	16	1
543	17	0
543	18	1
543	19	1
543	20	0
543	21	1
543	22	1
543	23	1
543	24	1
543	25	1
543	26	1
543	27	1
543	28	1
543	29	1
543	30	1
543	31	1
543	32	1
543	33	1
543	34	1
543	35	1
543	36	1
543	37	1
543	38	0
543	39	1
543	40	1
544	1	0
544	2	0
544	3	1
544	4	1
544	5	0
544	6	1
544	7	0
544	8	1
544	9	1
544	10	1
544	11	1
544	12	1
544	13	1
544	14	0
544	15	1
544	16	0
544	17	1
544	18	0
544	19	1
544	20	1
544	21	1
544	22	1
544	23	1
544	24	0
544	25	1
544	26	1
544	27	1
544	28	1
544	29	1
544	30	0
544	31	1
544	32	0
544	33	1
544	34	0
544	35	0
544	36	0
544	37	0
544	38	1
544	39	1
544	40	0
545	1	1
545	2	1
545	3	1
545	4	1
545	5	1
545	6	1
545	7	1
545	8	1
545	9	1
545	10	1
545	11	1
545	12	1
545	13	1
545	14	1
545	15	1
545	16	1
545	17	1
545	18	1
545	19	1
545	20	1
545	21	1
545	22	1
545	23	1
545	24	1
545	25	1
545	26	1
545	27	1
545	28	1
545	29	1
545	30	1
545	31	1
545	32	1
545	33	1
545	34	1
545	35	1
545	36	1
545	37	1
545	38	1
545	39	1
545	40	1
546	1	0
546	2	0
546	3	0
546	4	0
546	5	1
546	6	0
546	7	0
546	8	0
546	9	0
546	10	0
546	11	0
546	12	0
546	13	1
546	14	1
546	15	1
546	16	1
546	17	0
546	18	1
546	19	1
546	20	0
546	21	0
546	22	1
546	23	0
546	24	1
546	25	1
546	26	0
546	27	0
546	28	0
546	29	1
546	30	0
546	31	0
546	32	1
546	33	0
546	34	1
546	35	1
546	36	1
546	37	1
546	38	0
546	39	0
546	40	0
547	1	1
547	2	1
547	3	1
547	4	1
547	5	0
547	6	1
547	7	1
547	8	1
547	9	1
547	10	0
547	11	1
547	12	0
547	13	1
547	14	0
547	15	1
547	16	0
547	17	1
547	18	0
547	19	1
547	20	1
547	21	1
547	22	1
547	23	1
547	24	0
547	25	1
547	26	0
547	27	1
547	28	1
547	29	1
547	30	1
547	31	1
547	32	0
547	33	1
547	34	0
547	35	0
547	36	0
547	37	0
547	38	1
547	39	0
547	40	1
548	1	0
548	2	0
548	3	1
548	4	1
548	5	0
548	6	1
548	7	0
548	8	1
548	9	1
548	10	1
548	11	1
548	12	1
548	13	1
548	14	0
548	15	1
548	16	0
548	17	1
548	18	0
548	19	1
548	20	1
548	21	1
548	22	1
548	23	1
548	24	0
548	25	1
548	26	1
548	27	1
548	28	1
548	29	1
548	30	0
548	31	1
548	32	0
548	33	1
548	34	0
548	35	0
548	36	0
548	37	0
548	38	1
548	39	1
548	40	0
549	1	1
549	2	1
549	3	1
549	4	1
549	5	0
549	6	1
549	7	1
549	8	1
549	9	1
549	10	0
549	11	1
549	12	0
549	13	1
549	14	0
549	15	1
549	16	0
549	17	1
549	18	0
549	19	1
549	20	1
549	21	1
549	22	1
549	23	1
549	24	0
549	25	1
549	26	0
549	27	1
549	28	1
549	29	1
549	30	1
549	31	1
549	32	0
549	33	1
549	34	0
549	35	0
549	36	0
549	37	0
549	38	1
549	39	0
549	40	1
550	1	1
550	2	1
550	3	0
550	4	0
550	5	1
550	6	0
550	7	1
550	8	1
550	9	1
550	10	1
550	11	0
550	12	1
550	13	1
550	14	1
550	15	1
550	16	1
550	17	0
550	18	1
550	19	1
550	20	0
550	21	1
550	22	1
550	23	1
550	24	1
550	25	1
550	26	1
550	27	1
550	28	1
550	29	1
550	30	1
550	31	1
550	32	1
550	33	1
550	34	1
550	35	1
550	36	1
550	37	1
550	38	0
550	39	1
550	40	1
551	1	0
551	2	0
551	3	1
551	4	0
551	5	0
551	6	0
551	7	0
551	8	0
551	9	0
551	10	0
551	11	1
551	12	0
551	13	1
551	14	0
551	15	1
551	16	0
551	17	1
551	18	0
551	19	1
551	20	0
551	21	0
551	22	0
551	23	1
551	24	0
551	25	1
551	26	1
551	27	1
551	28	1
551	29	1
551	30	0
551	31	0
551	32	0
551	33	1
551	34	0
551	35	0
551	36	0
551	37	0
551	38	1
551	39	1
551	40	0
552	1	1
552	2	1
552	3	1
552	4	1
552	5	1
552	6	1
552	7	1
552	8	1
552	9	1
552	10	1
552	11	1
552	12	1
552	13	1
552	14	1
552	15	1
552	16	1
552	17	1
552	18	1
552	19	1
552	20	1
552	21	1
552	22	1
552	23	1
552	24	1
552	25	1
552	26	1
552	27	1
552	28	1
552	29	1
552	30	1
552	31	1
552	32	1
552	33	1
552	34	1
552	35	1
552	36	1
552	37	1
552	38	1
552	39	1
552	40	1
553	1	1
553	2	1
553	3	1
553	4	1
553	5	0
553	6	1
553	7	1
553	8	0
553	9	0
553	10	1
553	11	1
553	12	1
553	13	1
553	14	0
553	15	1
553	16	0
553	17	1
553	18	0
553	19	1
553	20	1
553	21	0
553	22	1
553	23	0
553	24	0
553	25	1
553	26	1
553	27	0
553	28	0
553	29	1
553	30	1
553	31	0
553	32	0
553	33	0
553	34	0
553	35	0
553	36	0
553	37	0
553	38	1
553	39	1
553	40	1
554	1	1
554	2	1
554	3	1
554	4	1
554	5	0
554	6	1
554	7	1
554	8	1
554	9	1
554	10	0
554	11	1
554	12	0
554	13	1
554	14	0
554	15	1
554	16	0
554	17	1
554	18	0
554	19	1
554	20	1
554	21	1
554	22	1
554	23	1
554	24	0
554	25	1
554	26	0
554	27	1
554	28	1
554	29	1
554	30	1
554	31	1
554	32	0
554	33	1
554	34	0
554	35	0
554	36	0
554	37	0
554	38	1
554	39	0
554	40	1
555	1	1
555	2	1
555	3	1
555	4	1
555	5	1
555	6	1
555	7	1
555	8	0
555	9	0
555	10	1
555	11	1
555	12	1
555	13	0
555	14	1
555	15	0
555	16	1
555	17	1
555	18	1
555	19	0
555	20	1
555	21	0
555	22	0
555	23	0
555	24	1
555	25	0
555	26	1
555	27	0
555	28	0
555	29	0
555	30	1
555	31	0
555	32	1
555	33	0
555	34	1
555	35	1
555	36	1
555	37	1
555	38	1
555	39	1
555	40	1
556	1	1
556	2	1
556	3	1
556	4	1
556	5	0
556	6	1
556	7	1
556	8	0
556	9	0
556	10	1
556	11	1
556	12	1
556	13	1
556	14	0
556	15	1
556	16	0
556	17	1
556	18	0
556	19	1
556	20	1
556	21	0
556	22	1
556	23	0
556	24	0
556	25	1
556	26	1
556	27	0
556	28	0
556	29	1
556	30	1
556	31	0
556	32	0
556	33	0
556	34	0
556	35	0
556	36	0
556	37	0
556	38	1
556	39	1
556	40	1
557	1	1
557	2	1
557	3	1
557	4	1
557	5	0
557	6	1
557	7	1
557	8	1
557	9	1
557	10	0
557	11	1
557	12	0
557	13	1
557	14	0
557	15	1
557	16	0
557	17	1
557	18	0
557	19	1
557	20	1
557	21	1
557	22	1
557	23	1
557	24	0
557	25	1
557	26	0
557	27	1
557	28	1
557	29	1
557	30	1
557	31	1
557	32	0
557	33	1
557	34	0
557	35	0
557	36	0
557	37	0
557	38	1
557	39	0
557	40	1
558	1	1
558	2	1
558	3	1
558	4	1
558	5	0
558	6	1
558	7	1
558	8	1
558	9	1
558	10	0
558	11	1
558	12	0
558	13	1
558	14	0
558	15	1
558	16	0
558	17	1
558	18	0
558	19	1
558	20	1
558	21	1
558	22	1
558	23	1
558	24	0
558	25	1
558	26	0
558	27	1
558	28	1
558	29	1
558	30	1
558	31	1
558	32	0
558	33	1
558	34	0
558	35	0
558	36	0
558	37	0
558	38	1
558	39	0
558	40	1
559	1	1
559	2	1
559	3	1
559	4	1
559	5	0
559	6	1
559	7	1
559	8	1
559	9	1
559	10	0
559	11	1
559	12	0
559	13	1
559	14	0
559	15	1
559	16	0
559	17	1
559	18	0
559	19	1
559	20	1
559	21	1
559	22	1
559	23	1
559	24	0
559	25	1
559	26	0
559	27	1
559	28	1
559	29	1
559	30	1
559	31	1
559	32	0
559	33	1
559	34	0
559	35	0
559	36	0
559	37	0
559	38	1
559	39	0
559	40	1
560	1	1
560	2	1
560	3	1
560	4	1
560	5	0
560	6	1
560	7	1
560	8	0
560	9	0
560	10	1
560	11	1
560	12	1
560	13	1
560	14	0
560	15	1
560	16	0
560	17	1
560	18	0
560	19	1
560	20	1
560	21	0
560	22	1
560	23	0
560	24	0
560	25	1
560	26	1
560	27	0
560	28	0
560	29	1
560	30	1
560	31	0
560	32	0
560	33	0
560	34	0
560	35	0
560	36	0
560	37	0
560	38	1
560	39	1
560	40	1
561	1	1
561	2	1
561	3	1
561	4	1
561	5	1
561	6	1
561	7	1
561	8	1
561	9	1
561	10	1
561	11	1
561	12	1
561	13	1
561	14	1
561	15	1
561	16	1
561	17	1
561	18	1
561	19	1
561	20	1
561	21	1
561	22	1
561	23	1
561	24	1
561	25	1
561	26	1
561	27	1
561	28	1
561	29	1
561	30	1
561	31	1
561	32	1
561	33	1
561	34	1
561	35	1
561	36	1
561	37	1
561	38	1
561	39	1
561	40	1
562	1	1
562	2	1
562	3	0
562	4	0
562	5	1
562	6	0
562	7	1
562	8	1
562	9	1
562	10	1
562	11	0
562	12	1
562	13	1
562	14	1
562	15	1
562	16	1
562	17	0
562	18	1
562	19	1
562	20	0
562	21	1
562	22	1
562	23	1
562	24	1
562	25	1
562	26	1
562	27	1
562	28	1
562	29	1
562	30	1
562	31	1
562	32	1
562	33	1
562	34	1
562	35	1
562	36	1
562	37	1
562	38	0
562	39	1
562	40	1
563	1	1
563	2	1
563	3	1
563	4	1
563	5	0
563	6	1
563	7	1
563	8	1
563	9	1
563	10	0
563	11	1
563	12	0
563	13	1
563	14	0
563	15	1
563	16	0
563	17	1
563	18	0
563	19	1
563	20	1
563	21	1
563	22	1
563	23	1
563	24	0
563	25	1
563	26	0
563	27	1
563	28	1
563	29	1
563	30	1
563	31	1
563	32	0
563	33	1
563	34	0
563	35	0
563	36	0
563	37	0
563	38	1
563	39	0
563	40	1
564	1	0
564	2	0
564	3	0
564	4	0
564	5	1
564	6	0
564	7	0
564	8	0
564	9	0
564	10	0
564	11	0
564	12	0
564	13	1
564	14	1
564	15	1
564	16	1
564	17	0
564	18	1
564	19	1
564	20	0
564	21	0
564	22	1
564	23	0
564	24	1
564	25	1
564	26	0
564	27	0
564	28	0
564	29	1
564	30	0
564	31	0
564	32	1
564	33	0
564	34	1
564	35	1
564	36	1
564	37	1
564	38	0
564	39	0
564	40	0
565	1	1
565	2	1
565	3	1
565	4	1
565	5	0
565	6	1
565	7	1
565	8	1
565	9	1
565	10	0
565	11	1
565	12	0
565	13	1
565	14	0
565	15	1
565	16	0
565	17	1
565	18	0
565	19	1
565	20	1
565	21	1
565	22	1
565	23	1
565	24	0
565	25	1
565	26	0
565	27	1
565	28	1
565	29	1
565	30	1
565	31	1
565	32	0
565	33	1
565	34	0
565	35	0
565	36	0
565	37	0
565	38	1
565	39	0
565	40	1
566	1	0
566	2	0
566	3	1
566	4	0
566	5	0
566	6	0
566	7	0
566	8	0
566	9	0
566	10	0
566	11	1
566	12	0
566	13	1
566	14	0
566	15	1
566	16	0
566	17	1
566	18	0
566	19	1
566	20	0
566	21	0
566	22	0
566	23	1
566	24	0
566	25	1
566	26	1
566	27	1
566	28	1
566	29	1
566	30	0
566	31	0
566	32	0
566	33	1
566	34	0
566	35	0
566	36	0
566	37	0
566	38	1
566	39	1
566	40	0
567	1	1
567	2	1
567	3	0
567	4	1
567	5	0
567	6	1
567	7	1
567	8	0
567	9	0
567	10	0
567	11	0
567	12	0
567	13	1
567	14	0
567	15	0
567	16	0
567	17	0
567	18	0
567	19	0
567	20	1
567	21	1
567	22	1
567	23	1
567	24	0
567	25	1
567	26	0
567	27	1
567	28	0
567	29	1
567	30	0
567	31	1
567	32	0
567	33	1
567	34	0
567	35	0
567	36	0
567	37	0
567	38	1
567	39	0
567	40	0
568	1	1
568	2	1
568	3	1
568	4	1
568	5	1
568	6	1
568	7	1
568	8	1
568	9	1
568	10	1
568	11	1
568	12	1
568	13	1
568	14	1
568	15	1
568	16	1
568	17	1
568	18	1
568	19	1
568	20	1
568	21	1
568	22	1
568	23	1
568	24	1
568	25	1
568	26	1
568	27	1
568	28	1
568	29	1
568	30	1
568	31	1
568	32	1
568	33	1
568	34	1
568	35	1
568	36	1
568	37	1
568	38	1
568	39	1
568	40	1
569	1	1
569	2	1
569	3	1
569	4	1
569	5	1
569	6	1
569	7	1
569	8	0
569	9	0
569	10	1
569	11	1
569	12	1
569	13	0
569	14	1
569	15	0
569	16	1
569	17	1
569	18	1
569	19	0
569	20	1
569	21	0
569	22	0
569	23	0
569	24	1
569	25	0
569	26	1
569	27	0
569	28	0
569	29	0
569	30	1
569	31	0
569	32	1
569	33	0
569	34	1
569	35	1
569	36	1
569	37	1
569	38	1
569	39	1
569	40	1
570	1	1
570	2	1
570	3	1
570	4	1
570	5	0
570	6	1
570	7	1
570	8	1
570	9	1
570	10	0
570	11	1
570	12	0
570	13	1
570	14	0
570	15	1
570	16	0
570	17	1
570	18	0
570	19	1
570	20	1
570	21	1
570	22	1
570	23	1
570	24	0
570	25	1
570	26	0
570	27	1
570	28	1
570	29	1
570	30	1
570	31	1
570	32	0
570	33	1
570	34	0
570	35	0
570	36	0
570	37	0
570	38	1
570	39	0
570	40	1
571	1	1
571	2	1
571	3	1
571	4	1
571	5	0
571	6	1
571	7	1
571	8	0
571	9	0
571	10	1
571	11	0
571	12	1
571	13	0
571	14	1
571	15	0
571	16	0
571	17	0
571	18	1
571	19	0
571	20	1
571	21	0
571	22	0
571	23	0
571	24	1
571	25	0
571	26	1
571	27	0
571	28	0
571	29	0
571	30	1
571	31	0
571	32	1
571	33	0
571	34	1
571	35	1
571	36	1
571	37	1
571	38	1
571	39	0
571	40	1
572	1	1
572	2	1
572	3	1
572	4	1
572	5	1
572	6	1
572	7	1
572	8	0
572	9	0
572	10	1
572	11	1
572	12	1
572	13	0
572	14	1
572	15	0
572	16	1
572	17	1
572	18	1
572	19	0
572	20	1
572	21	0
572	22	0
572	23	0
572	24	1
572	25	0
572	26	1
572	27	0
572	28	0
572	29	0
572	30	1
572	31	0
572	32	1
572	33	0
572	34	1
572	35	1
572	36	1
572	37	1
572	38	1
572	39	1
572	40	1
573	1	0
573	2	0
573	3	1
573	4	1
573	5	0
573	6	1
573	7	0
573	8	1
573	9	1
573	10	1
573	11	1
573	12	1
573	13	1
573	14	0
573	15	1
573	16	0
573	17	1
573	18	0
573	19	1
573	20	1
573	21	1
573	22	1
573	23	1
573	24	0
573	25	1
573	26	1
573	27	1
573	28	1
573	29	1
573	30	0
573	31	1
573	32	0
573	33	1
573	34	0
573	35	0
573	36	0
573	37	0
573	38	1
573	39	1
573	40	0
574	1	0
574	2	0
574	3	0
574	4	0
574	5	1
574	6	0
574	7	0
574	8	0
574	9	0
574	10	0
574	11	0
574	12	0
574	13	1
574	14	1
574	15	1
574	16	1
574	17	0
574	18	1
574	19	1
574	20	0
574	21	0
574	22	1
574	23	0
574	24	1
574	25	1
574	26	0
574	27	0
574	28	0
574	29	1
574	30	0
574	31	0
574	32	1
574	33	0
574	34	1
574	35	1
574	36	1
574	37	1
574	38	0
574	39	0
574	40	0
575	1	0
575	2	0
575	3	0
575	4	0
575	5	1
575	6	0
575	7	0
575	8	0
575	9	0
575	10	0
575	11	0
575	12	0
575	13	1
575	14	1
575	15	1
575	16	1
575	17	0
575	18	1
575	19	1
575	20	0
575	21	0
575	22	1
575	23	0
575	24	1
575	25	1
575	26	0
575	27	0
575	28	0
575	29	1
575	30	0
575	31	0
575	32	1
575	33	0
575	34	1
575	35	1
575	36	1
575	37	1
575	38	0
575	39	0
575	40	0
576	1	1
576	2	1
576	3	0
576	4	0
576	5	1
576	6	0
576	7	1
576	8	1
576	9	1
576	10	1
576	11	0
576	12	1
576	13	1
576	14	1
576	15	1
576	16	1
576	17	0
576	18	1
576	19	1
576	20	0
576	21	1
576	22	1
576	23	1
576	24	1
576	25	1
576	26	1
576	27	1
576	28	1
576	29	1
576	30	1
576	31	1
576	32	1
576	33	1
576	34	1
576	35	1
576	36	1
576	37	1
576	38	0
576	39	1
576	40	1
577	1	1
577	2	1
577	3	1
577	4	1
577	5	0
577	6	1
577	7	1
577	8	1
577	9	1
577	10	0
577	11	1
577	12	0
577	13	1
577	14	0
577	15	1
577	16	0
577	17	1
577	18	0
577	19	1
577	20	1
577	21	1
577	22	1
577	23	1
577	24	0
577	25	1
577	26	0
577	27	1
577	28	1
577	29	1
577	30	1
577	31	1
577	32	0
577	33	1
577	34	0
577	35	0
577	36	0
577	37	0
577	38	1
577	39	0
577	40	1
578	1	1
578	2	1
578	3	1
578	4	1
578	5	1
578	6	1
578	7	1
578	8	0
578	9	0
578	10	1
578	11	1
578	12	1
578	13	1
578	14	1
578	15	1
578	16	1
578	17	1
578	18	1
578	19	1
578	20	1
578	21	0
578	22	1
578	23	0
578	24	1
578	25	1
578	26	1
578	27	0
578	28	0
578	29	1
578	30	1
578	31	0
578	32	1
578	33	0
578	34	1
578	35	1
578	36	1
578	37	1
578	38	1
578	39	1
578	40	1
579	1	1
579	2	1
579	3	1
579	4	1
579	5	0
579	6	1
579	7	1
579	8	1
579	9	1
579	10	0
579	11	1
579	12	0
579	13	1
579	14	0
579	15	1
579	16	0
579	17	1
579	18	0
579	19	1
579	20	1
579	21	1
579	22	1
579	23	1
579	24	0
579	25	1
579	26	0
579	27	1
579	28	1
579	29	1
579	30	1
579	31	1
579	32	0
579	33	1
579	34	0
579	35	0
579	36	0
579	37	0
579	38	1
579	39	0
579	40	1
580	1	1
580	2	1
580	3	1
580	4	1
580	5	1
580	6	1
580	7	1
580	8	0
580	9	0
580	10	1
580	11	1
580	12	1
580	13	1
580	14	1
580	15	1
580	16	1
580	17	1
580	18	1
580	19	1
580	20	1
580	21	0
580	22	1
580	23	0
580	24	1
580	25	1
580	26	1
580	27	0
580	28	0
580	29	1
580	30	1
580	31	0
580	32	1
580	33	0
580	34	1
580	35	1
580	36	1
580	37	1
580	38	1
580	39	1
580	40	1
581	1	1
581	2	1
581	3	1
581	4	1
581	5	1
581	6	1
581	7	1
581	8	1
581	9	1
581	10	1
581	11	1
581	12	1
581	13	1
581	14	1
581	15	1
581	16	1
581	17	1
581	18	1
581	19	1
581	20	1
581	21	1
581	22	1
581	23	1
581	24	1
581	25	1
581	26	1
581	27	1
581	28	1
581	29	1
581	30	1
581	31	1
581	32	1
581	33	1
581	34	1
581	35	1
581	36	1
581	37	1
581	38	1
581	39	1
581	40	1
582	1	0
582	2	1
582	3	1
582	4	0
582	5	1
582	6	0
582	7	0
582	8	0
582	9	0
582	10	0
582	11	1
582	12	0
582	13	1
582	14	1
582	15	1
582	16	1
582	17	1
582	18	0
582	19	1
582	20	0
582	21	0
582	22	0
582	23	1
582	24	0
582	25	1
582	26	1
582	27	1
582	28	1
582	29	1
582	30	1
582	31	0
582	32	1
582	33	1
582	34	1
582	35	1
582	36	0
582	37	1
582	38	1
582	39	1
582	40	1
583	1	1
583	2	1
583	3	0
583	4	0
583	5	1
583	6	0
583	7	1
583	8	1
583	9	1
583	10	1
583	11	0
583	12	1
583	13	1
583	14	1
583	15	1
583	16	1
583	17	0
583	18	1
583	19	1
583	20	0
583	21	1
583	22	1
583	23	1
583	24	1
583	25	1
583	26	1
583	27	1
583	28	1
583	29	1
583	30	1
583	31	1
583	32	1
583	33	1
583	34	1
583	35	1
583	36	1
583	37	1
583	38	0
583	39	1
583	40	1
584	1	1
584	2	1
584	3	0
584	4	0
584	5	1
584	6	0
584	7	1
584	8	1
584	9	1
584	10	1
584	11	0
584	12	1
584	13	1
584	14	1
584	15	1
584	16	1
584	17	0
584	18	1
584	19	1
584	20	0
584	21	1
584	22	1
584	23	1
584	24	1
584	25	1
584	26	1
584	27	1
584	28	1
584	29	1
584	30	1
584	31	1
584	32	1
584	33	1
584	34	1
584	35	1
584	36	1
584	37	1
584	38	0
584	39	1
584	40	1
585	1	1
585	2	1
585	3	1
585	4	1
585	5	0
585	6	1
585	7	1
585	8	1
585	9	1
585	10	0
585	11	1
585	12	0
585	13	1
585	14	0
585	15	1
585	16	0
585	17	1
585	18	0
585	19	1
585	20	1
585	21	1
585	22	1
585	23	1
585	24	0
585	25	1
585	26	0
585	27	1
585	28	1
585	29	1
585	30	1
585	31	1
585	32	0
585	33	1
585	34	0
585	35	0
585	36	0
585	37	0
585	38	1
585	39	0
585	40	1
586	1	1
586	2	1
586	3	0
586	4	1
586	5	0
586	6	0
586	7	0
586	8	1
586	9	1
586	10	0
586	11	1
586	12	0
586	13	1
586	14	1
586	15	1
586	16	0
586	17	1
586	18	1
586	19	1
586	20	0
586	21	1
586	22	1
586	23	1
586	24	1
586	25	1
586	26	1
586	27	1
586	28	0
586	29	1
586	30	1
586	31	1
586	32	1
586	33	1
586	34	1
586	35	1
586	36	1
586	37	1
586	38	1
586	39	1
586	40	0
587	1	1
587	2	1
587	3	1
587	4	1
587	5	1
587	6	1
587	7	1
587	8	0
587	9	0
587	10	1
587	11	1
587	12	1
587	13	1
587	14	1
587	15	1
587	16	1
587	17	1
587	18	1
587	19	1
587	20	1
587	21	0
587	22	1
587	23	0
587	24	1
587	25	1
587	26	1
587	27	0
587	28	0
587	29	1
587	30	1
587	31	0
587	32	1
587	33	0
587	34	1
587	35	1
587	36	1
587	37	1
587	38	1
587	39	1
587	40	1
588	1	1
588	2	1
588	3	0
588	4	1
588	5	0
588	6	0
588	7	0
588	8	1
588	9	1
588	10	0
588	11	1
588	12	0
588	13	1
588	14	0
588	15	1
588	16	0
588	17	1
588	18	0
588	19	1
588	20	0
588	21	1
588	22	1
588	23	1
588	24	0
588	25	1
588	26	0
588	27	1
588	28	0
588	29	1
588	30	1
588	31	1
588	32	0
588	33	1
588	34	0
588	35	0
588	36	0
588	37	0
588	38	1
588	39	0
588	40	0
589	1	1
589	2	1
589	3	1
589	4	1
589	5	1
589	6	1
589	7	1
589	8	0
589	9	0
589	10	1
589	11	1
589	12	1
589	13	1
589	14	1
589	15	1
589	16	1
589	17	1
589	18	1
589	19	1
589	20	1
589	21	0
589	22	1
589	23	0
589	24	1
589	25	1
589	26	1
589	27	0
589	28	0
589	29	1
589	30	1
589	31	0
589	32	1
589	33	0
589	34	1
589	35	1
589	36	1
589	37	1
589	38	1
589	39	1
589	40	1
590	1	1
590	2	1
590	3	1
590	4	1
590	5	1
590	6	0
590	7	0
590	8	0
590	9	1
590	10	0
590	11	0
590	12	1
590	13	1
590	14	0
590	15	0
590	16	1
590	17	1
590	18	1
590	19	1
590	20	0
590	21	1
590	22	1
590	23	1
590	24	1
590	25	1
590	26	1
590	27	1
590	28	1
590	29	1
590	30	0
590	31	1
590	32	1
590	33	1
590	34	1
590	35	1
590	36	0
590	37	1
590	38	1
590	39	1
590	40	0
591	1	1
591	2	1
591	3	0
591	4	1
591	5	0
591	6	1
591	7	1
591	8	0
591	9	0
591	10	0
591	11	0
591	12	0
591	13	1
591	14	0
591	15	0
591	16	0
591	17	0
591	18	0
591	19	0
591	20	1
591	21	1
591	22	1
591	23	1
591	24	0
591	25	1
591	26	0
591	27	1
591	28	0
591	29	1
591	30	0
591	31	1
591	32	0
591	33	1
591	34	0
591	35	0
591	36	0
591	37	0
591	38	1
591	39	0
591	40	0
592	1	1
592	2	1
592	3	1
592	4	1
592	5	0
592	6	1
592	7	1
592	8	0
592	9	0
592	10	1
592	11	1
592	12	1
592	13	1
592	14	0
592	15	1
592	16	0
592	17	1
592	18	0
592	19	1
592	20	1
592	21	0
592	22	1
592	23	0
592	24	0
592	25	1
592	26	1
592	27	0
592	28	0
592	29	1
592	30	1
592	31	0
592	32	0
592	33	0
592	34	0
592	35	0
592	36	0
592	37	0
592	38	1
592	39	1
592	40	1
593	1	1
593	2	1
593	3	1
593	4	1
593	5	1
593	6	1
593	7	1
593	8	0
593	9	0
593	10	1
593	11	1
593	12	1
593	13	0
593	14	1
593	15	0
593	16	1
593	17	1
593	18	1
593	19	0
593	20	1
593	21	0
593	22	0
593	23	0
593	24	1
593	25	0
593	26	1
593	27	0
593	28	0
593	29	0
593	30	1
593	31	0
593	32	1
593	33	0
593	34	1
593	35	1
593	36	1
593	37	1
593	38	1
593	39	1
593	40	1
594	1	0
594	2	0
594	3	0
594	4	1
594	5	0
594	6	1
594	7	0
594	8	0
594	9	0
594	10	1
594	11	0
594	12	1
594	13	1
594	14	0
594	15	0
594	16	0
594	17	0
594	18	0
594	19	0
594	20	1
594	21	1
594	22	1
594	23	1
594	24	0
594	25	1
594	26	1
594	27	1
594	28	0
594	29	1
594	30	0
594	31	1
594	32	0
594	33	1
594	34	0
594	35	0
594	36	0
594	37	0
594	38	1
594	39	0
594	40	0
595	1	1
595	2	1
595	3	1
595	4	1
595	5	1
595	6	0
595	7	0
595	8	0
595	9	0
595	10	0
595	11	0
595	12	1
595	13	0
595	14	0
595	15	0
595	16	1
595	17	1
595	18	1
595	19	0
595	20	0
595	21	0
595	22	0
595	23	0
595	24	1
595	25	0
595	26	1
595	27	0
595	28	0
595	29	0
595	30	0
595	31	0
595	32	1
595	33	0
595	34	1
595	35	1
595	36	0
595	37	1
595	38	1
595	39	1
595	40	0
596	1	1
596	2	1
596	3	1
596	4	1
596	5	0
596	6	1
596	7	1
596	8	1
596	9	1
596	10	1
596	11	0
596	12	1
596	13	1
596	14	1
596	15	1
596	16	0
596	17	0
596	18	1
596	19	1
596	20	1
596	21	1
596	22	0
596	23	1
596	24	1
596	25	1
596	26	1
596	27	1
596	28	0
596	29	1
596	30	1
596	31	1
596	32	1
596	33	1
596	34	1
596	35	1
596	36	1
596	37	1
596	38	1
596	39	0
596	40	1
597	1	1
597	2	1
597	3	0
597	4	0
597	5	1
597	6	0
597	7	1
597	8	1
597	9	1
597	10	1
597	11	0
597	12	1
597	13	1
597	14	1
597	15	1
597	16	1
597	17	0
597	18	1
597	19	1
597	20	0
597	21	1
597	22	1
597	23	1
597	24	1
597	25	1
597	26	1
597	27	1
597	28	1
597	29	1
597	30	1
597	31	1
597	32	1
597	33	1
597	34	1
597	35	1
597	36	1
597	37	1
597	38	0
597	39	1
597	40	1
598	1	1
598	2	1
598	3	1
598	4	1
598	5	0
598	6	1
598	7	1
598	8	1
598	9	1
598	10	0
598	11	1
598	12	0
598	13	1
598	14	0
598	15	1
598	16	0
598	17	1
598	18	0
598	19	1
598	20	1
598	21	1
598	22	1
598	23	1
598	24	0
598	25	1
598	26	0
598	27	1
598	28	1
598	29	1
598	30	1
598	31	1
598	32	0
598	33	1
598	34	0
598	35	0
598	36	0
598	37	0
598	38	1
598	39	0
598	40	1
599	1	1
599	2	1
599	3	1
599	4	1
599	5	0
599	6	1
599	7	1
599	8	1
599	9	1
599	10	0
599	11	1
599	12	0
599	13	1
599	14	0
599	15	1
599	16	0
599	17	1
599	18	0
599	19	1
599	20	1
599	21	1
599	22	1
599	23	1
599	24	0
599	25	1
599	26	0
599	27	1
599	28	1
599	29	1
599	30	1
599	31	1
599	32	0
599	33	1
599	34	0
599	35	0
599	36	0
599	37	0
599	38	1
599	39	0
599	40	1
600	1	1
600	2	1
600	3	0
600	4	0
600	5	1
600	6	0
600	7	1
600	8	1
600	9	1
600	10	1
600	11	0
600	12	1
600	13	1
600	14	1
600	15	1
600	16	1
600	17	0
600	18	1
600	19	1
600	20	0
600	21	1
600	22	1
600	23	1
600	24	1
600	25	1
600	26	1
600	27	1
600	28	1
600	29	1
600	30	1
600	31	1
600	32	1
600	33	1
600	34	1
600	35	1
600	36	1
600	37	1
600	38	0
600	39	1
600	40	1
601	1	1
601	2	1
601	3	1
601	4	1
601	5	0
601	6	1
601	7	1
601	8	1
601	9	1
601	10	0
601	11	1
601	12	0
601	13	1
601	14	0
601	15	1
601	16	0
601	17	1
601	18	0
601	19	1
601	20	1
601	21	1
601	22	1
601	23	1
601	24	0
601	25	1
601	26	0
601	27	1
601	28	1
601	29	1
601	30	1
601	31	1
601	32	0
601	33	1
601	34	0
601	35	0
601	36	0
601	37	0
601	38	1
601	39	0
601	40	1
602	1	0
602	2	0
602	3	1
602	4	1
602	5	0
602	6	1
602	7	0
602	8	1
602	9	1
602	10	1
602	11	1
602	12	1
602	13	1
602	14	0
602	15	1
602	16	0
602	17	1
602	18	0
602	19	1
602	20	1
602	21	1
602	22	1
602	23	1
602	24	0
602	25	1
602	26	1
602	27	1
602	28	1
602	29	1
602	30	0
602	31	1
602	32	0
602	33	1
602	34	0
602	35	0
602	36	0
602	37	0
602	38	1
602	39	1
602	40	0
603	1	1
603	2	1
603	3	1
603	4	1
603	5	1
603	6	1
603	7	1
603	8	1
603	9	1
603	10	1
603	11	1
603	12	1
603	13	1
603	14	1
603	15	1
603	16	1
603	17	1
603	18	1
603	19	1
603	20	1
603	21	1
603	22	1
603	23	1
603	24	1
603	25	1
603	26	1
603	27	1
603	28	1
603	29	1
603	30	1
603	31	1
603	32	1
603	33	1
603	34	1
603	35	1
603	36	1
603	37	1
603	38	1
603	39	1
603	40	1
604	1	1
604	2	1
604	3	1
604	4	1
604	5	1
604	6	1
604	7	1
604	8	0
604	9	0
604	10	1
604	11	1
604	12	1
604	13	0
604	14	1
604	15	0
604	16	1
604	17	1
604	18	1
604	19	0
604	20	1
604	21	0
604	22	0
604	23	0
604	24	1
604	25	0
604	26	1
604	27	0
604	28	0
604	29	0
604	30	1
604	31	0
604	32	1
604	33	0
604	34	1
604	35	1
604	36	1
604	37	1
604	38	1
604	39	1
604	40	1
605	1	1
605	2	1
605	3	1
605	4	1
605	5	0
605	6	1
605	7	1
605	8	1
605	9	1
605	10	0
605	11	1
605	12	0
605	13	1
605	14	0
605	15	1
605	16	0
605	17	1
605	18	0
605	19	1
605	20	1
605	21	1
605	22	1
605	23	1
605	24	0
605	25	1
605	26	0
605	27	1
605	28	1
605	29	1
605	30	1
605	31	1
605	32	0
605	33	1
605	34	0
605	35	0
605	36	0
605	37	0
605	38	1
605	39	0
605	40	1
606	1	1
606	2	1
606	3	1
606	4	1
606	5	1
606	6	1
606	7	1
606	8	1
606	9	1
606	10	1
606	11	1
606	12	1
606	13	1
606	14	1
606	15	1
606	16	1
606	17	1
606	18	1
606	19	1
606	20	1
606	21	1
606	22	1
606	23	1
606	24	1
606	25	1
606	26	1
606	27	1
606	28	1
606	29	1
606	30	1
606	31	1
606	32	1
606	33	1
606	34	1
606	35	1
606	36	1
606	37	1
606	38	1
606	39	1
606	40	1
607	1	1
607	2	1
607	3	1
607	4	1
607	5	1
607	6	1
607	7	1
607	8	0
607	9	0
607	10	1
607	11	1
607	12	1
607	13	0
607	14	1
607	15	0
607	16	1
607	17	1
607	18	1
607	19	0
607	20	1
607	21	0
607	22	0
607	23	0
607	24	1
607	25	0
607	26	1
607	27	0
607	28	0
607	29	0
607	30	1
607	31	0
607	32	1
607	33	0
607	34	1
607	35	1
607	36	1
607	37	1
607	38	1
607	39	1
607	40	1
608	1	1
608	2	1
608	3	0
608	4	0
608	5	0
608	6	0
608	7	1
608	8	1
608	9	1
608	10	1
608	11	0
608	12	1
608	13	1
608	14	1
608	15	1
608	16	0
608	17	0
608	18	1
608	19	1
608	20	0
608	21	1
608	22	0
608	23	1
608	24	1
608	25	1
608	26	1
608	27	1
608	28	0
608	29	1
608	30	1
608	31	1
608	32	1
608	33	1
608	34	1
608	35	1
608	36	1
608	37	1
608	38	0
608	39	0
608	40	1
609	1	0
609	2	0
609	3	0
609	4	0
609	5	0
609	6	0
609	7	0
609	8	0
609	9	0
609	10	0
609	11	0
609	12	0
609	13	1
609	14	0
609	15	1
609	16	0
609	17	0
609	18	0
609	19	1
609	20	0
609	21	0
609	22	0
609	23	1
609	24	0
609	25	1
609	26	1
609	27	1
609	28	0
609	29	1
609	30	0
609	31	0
609	32	0
609	33	1
609	34	0
609	35	0
609	36	0
609	37	0
609	38	1
609	39	0
609	40	0
610	1	1
610	2	1
610	3	0
610	4	1
610	5	0
610	6	0
610	7	0
610	8	0
610	9	0
610	10	0
610	11	0
610	12	0
610	13	1
610	14	0
610	15	0
610	16	0
610	17	0
610	18	1
610	19	1
610	20	0
610	21	0
610	22	0
610	23	0
610	24	1
610	25	1
610	26	1
610	27	0
610	28	0
610	29	1
610	30	0
610	31	0
610	32	1
610	33	0
610	34	1
610	35	1
610	36	0
610	37	1
610	38	1
610	39	0
610	40	0
611	1	1
611	2	1
611	3	1
611	4	1
611	5	0
611	6	1
611	7	1
611	8	0
611	9	0
611	10	1
611	11	1
611	12	1
611	13	1
611	14	0
611	15	1
611	16	0
611	17	1
611	18	0
611	19	1
611	20	1
611	21	0
611	22	1
611	23	0
611	24	0
611	25	1
611	26	1
611	27	0
611	28	0
611	29	1
611	30	1
611	31	0
611	32	0
611	33	0
611	34	0
611	35	0
611	36	0
611	37	0
611	38	1
611	39	1
611	40	1
612	1	1
612	2	1
612	3	1
612	4	1
612	5	0
612	6	1
612	7	1
612	8	1
612	9	1
612	10	0
612	11	1
612	12	0
612	13	1
612	14	0
612	15	1
612	16	0
612	17	1
612	18	0
612	19	1
612	20	1
612	21	1
612	22	1
612	23	1
612	24	0
612	25	1
612	26	0
612	27	1
612	28	1
612	29	1
612	30	1
612	31	1
612	32	0
612	33	1
612	34	0
612	35	0
612	36	0
612	37	0
612	38	1
612	39	0
612	40	1
613	1	0
613	2	0
613	3	0
613	4	0
613	5	1
613	6	0
613	7	0
613	8	0
613	9	0
613	10	0
613	11	0
613	12	0
613	13	1
613	14	1
613	15	1
613	16	1
613	17	0
613	18	1
613	19	1
613	20	0
613	21	0
613	22	1
613	23	0
613	24	1
613	25	1
613	26	0
613	27	0
613	28	0
613	29	1
613	30	0
613	31	0
613	32	1
613	33	0
613	34	1
613	35	1
613	36	1
613	37	1
613	38	0
613	39	0
613	40	0
614	1	1
614	2	1
614	3	1
614	4	1
614	5	1
614	6	1
614	7	1
614	8	1
614	9	1
614	10	1
614	11	1
614	12	1
614	13	1
614	14	1
614	15	1
614	16	1
614	17	1
614	18	1
614	19	1
614	20	1
614	21	1
614	22	1
614	23	1
614	24	1
614	25	1
614	26	1
614	27	1
614	28	1
614	29	1
614	30	1
614	31	1
614	32	1
614	33	1
614	34	1
614	35	1
614	36	1
614	37	1
614	38	1
614	39	1
614	40	1
615	1	1
615	2	1
615	3	1
615	4	1
615	5	0
615	6	1
615	7	1
615	8	1
615	9	1
615	10	0
615	11	1
615	12	0
615	13	1
615	14	0
615	15	1
615	16	0
615	17	1
615	18	0
615	19	1
615	20	1
615	21	1
615	22	1
615	23	1
615	24	0
615	25	1
615	26	0
615	27	1
615	28	1
615	29	1
615	30	1
615	31	1
615	32	0
615	33	1
615	34	0
615	35	0
615	36	0
615	37	0
615	38	1
615	39	0
615	40	1
616	1	1
616	2	1
616	3	1
616	4	1
616	5	0
616	6	0
616	7	0
616	8	0
616	9	1
616	10	0
616	11	0
616	12	0
616	13	1
616	14	0
616	15	0
616	16	0
616	17	1
616	18	0
616	19	1
616	20	0
616	21	1
616	22	1
616	23	1
616	24	0
616	25	1
616	26	0
616	27	1
616	28	1
616	29	1
616	30	0
616	31	1
616	32	0
616	33	1
616	34	0
616	35	0
616	36	0
616	37	0
616	38	1
616	39	0
616	40	0
617	1	1
617	2	1
617	3	1
617	4	1
617	5	0
617	6	1
617	7	1
617	8	1
617	9	1
617	10	0
617	11	1
617	12	0
617	13	1
617	14	0
617	15	1
617	16	0
617	17	1
617	18	0
617	19	1
617	20	1
617	21	1
617	22	1
617	23	1
617	24	0
617	25	1
617	26	0
617	27	1
617	28	1
617	29	1
617	30	1
617	31	1
617	32	0
617	33	1
617	34	0
617	35	0
617	36	0
617	37	0
617	38	1
617	39	0
617	40	1
618	1	0
618	2	0
618	3	1
618	4	1
618	5	0
618	6	1
618	7	0
618	8	1
618	9	1
618	10	1
618	11	1
618	12	1
618	13	1
618	14	0
618	15	1
618	16	0
618	17	1
618	18	0
618	19	1
618	20	1
618	21	1
618	22	1
618	23	1
618	24	0
618	25	1
618	26	1
618	27	1
618	28	1
618	29	1
618	30	0
618	31	1
618	32	0
618	33	1
618	34	0
618	35	0
618	36	0
618	37	0
618	38	1
618	39	1
618	40	0
619	1	1
619	2	1
619	3	1
619	4	1
619	5	0
619	6	1
619	7	1
619	8	1
619	9	1
619	10	0
619	11	1
619	12	0
619	13	1
619	14	0
619	15	1
619	16	0
619	17	1
619	18	0
619	19	1
619	20	1
619	21	1
619	22	1
619	23	1
619	24	0
619	25	1
619	26	0
619	27	1
619	28	1
619	29	1
619	30	1
619	31	1
619	32	0
619	33	1
619	34	0
619	35	0
619	36	0
619	37	0
619	38	1
619	39	0
619	40	1
620	1	1
620	2	1
620	3	0
620	4	0
620	5	1
620	6	0
620	7	1
620	8	1
620	9	1
620	10	1
620	11	0
620	12	1
620	13	1
620	14	1
620	15	1
620	16	1
620	17	0
620	18	1
620	19	1
620	20	0
620	21	1
620	22	1
620	23	1
620	24	1
620	25	1
620	26	1
620	27	1
620	28	1
620	29	1
620	30	1
620	31	1
620	32	1
620	33	1
620	34	1
620	35	1
620	36	1
620	37	1
620	38	0
620	39	1
620	40	1
621	1	0
621	2	0
621	3	1
621	4	1
621	5	0
621	6	1
621	7	0
621	8	1
621	9	1
621	10	1
621	11	1
621	12	1
621	13	1
621	14	0
621	15	1
621	16	0
621	17	1
621	18	0
621	19	1
621	20	1
621	21	1
621	22	1
621	23	1
621	24	0
621	25	1
621	26	1
621	27	1
621	28	1
621	29	1
621	30	0
621	31	1
621	32	0
621	33	1
621	34	0
621	35	0
621	36	0
621	37	0
621	38	1
621	39	1
621	40	0
622	1	0
622	2	0
622	3	0
622	4	0
622	5	1
622	6	0
622	7	0
622	8	0
622	9	0
622	10	0
622	11	0
622	12	0
622	13	1
622	14	1
622	15	1
622	16	1
622	17	0
622	18	1
622	19	1
622	20	0
622	21	0
622	22	1
622	23	0
622	24	1
622	25	1
622	26	0
622	27	0
622	28	0
622	29	1
622	30	0
622	31	0
622	32	1
622	33	0
622	34	1
622	35	1
622	36	1
622	37	1
622	38	0
622	39	0
622	40	0
623	1	1
623	2	1
623	3	0
623	4	1
623	5	1
623	6	1
623	7	1
623	8	0
623	9	0
623	10	1
623	11	0
623	12	1
623	13	1
623	14	1
623	15	0
623	16	0
623	17	0
623	18	1
623	19	0
623	20	1
623	21	1
623	22	1
623	23	1
623	24	0
623	25	1
623	26	1
623	27	1
623	28	0
623	29	1
623	30	0
623	31	1
623	32	1
623	33	1
623	34	1
623	35	1
623	36	1
623	37	1
623	38	1
623	39	0
623	40	0
624	1	1
624	2	1
624	3	0
624	4	1
624	5	0
624	6	0
624	7	0
624	8	0
624	9	0
624	10	0
624	11	1
624	12	0
624	13	1
624	14	1
624	15	1
624	16	0
624	17	1
624	18	1
624	19	1
624	20	0
624	21	0
624	22	1
624	23	0
624	24	1
624	25	1
624	26	1
624	27	0
624	28	0
624	29	1
624	30	1
624	31	0
624	32	1
624	33	0
624	34	1
624	35	1
624	36	1
624	37	1
624	38	1
624	39	1
624	40	0
625	1	0
625	2	0
625	3	0
625	4	0
625	5	1
625	6	0
625	7	0
625	8	0
625	9	0
625	10	0
625	11	0
625	12	0
625	13	1
625	14	1
625	15	1
625	16	1
625	17	0
625	18	1
625	19	1
625	20	0
625	21	0
625	22	1
625	23	0
625	24	1
625	25	1
625	26	0
625	27	0
625	28	0
625	29	1
625	30	0
625	31	0
625	32	1
625	33	0
625	34	1
625	35	1
625	36	1
625	37	1
625	38	0
625	39	0
625	40	0
626	1	1
626	2	1
626	3	1
626	4	1
626	5	1
626	6	1
626	7	1
626	8	1
626	9	1
626	10	1
626	11	1
626	12	1
626	13	1
626	14	1
626	15	1
626	16	1
626	17	1
626	18	1
626	19	1
626	20	1
626	21	1
626	22	1
626	23	1
626	24	1
626	25	1
626	26	1
626	27	1
626	28	1
626	29	1
626	30	1
626	31	1
626	32	1
626	33	1
626	34	1
626	35	1
626	36	1
626	37	1
626	38	1
626	39	1
626	40	1
627	1	1
627	2	1
627	3	1
627	4	1
627	5	0
627	6	1
627	7	1
627	8	1
627	9	1
627	10	0
627	11	1
627	12	0
627	13	1
627	14	0
627	15	1
627	16	0
627	17	1
627	18	0
627	19	1
627	20	1
627	21	1
627	22	1
627	23	1
627	24	0
627	25	1
627	26	0
627	27	1
627	28	1
627	29	1
627	30	1
627	31	1
627	32	0
627	33	1
627	34	0
627	35	0
627	36	0
627	37	0
627	38	1
627	39	0
627	40	1
628	1	1
628	2	1
628	3	1
628	4	1
628	5	0
628	6	1
628	7	1
628	8	1
628	9	1
628	10	0
628	11	0
628	12	0
628	13	1
628	14	0
628	15	1
628	16	0
628	17	0
628	18	0
628	19	1
628	20	1
628	21	1
628	22	0
628	23	1
628	24	0
628	25	1
628	26	0
628	27	1
628	28	0
628	29	1
628	30	1
628	31	1
628	32	0
628	33	1
628	34	0
628	35	0
628	36	0
628	37	0
628	38	1
628	39	0
628	40	1
629	1	1
629	2	1
629	3	1
629	4	1
629	5	1
629	6	1
629	7	1
629	8	0
629	9	0
629	10	1
629	11	1
629	12	1
629	13	1
629	14	1
629	15	1
629	16	1
629	17	1
629	18	1
629	19	1
629	20	1
629	21	0
629	22	1
629	23	0
629	24	1
629	25	1
629	26	1
629	27	0
629	28	0
629	29	1
629	30	1
629	31	0
629	32	1
629	33	0
629	34	1
629	35	1
629	36	1
629	37	1
629	38	1
629	39	1
629	40	1
630	1	1
630	2	1
630	3	1
630	4	1
630	5	0
630	6	1
630	7	1
630	8	1
630	9	1
630	10	0
630	11	0
630	12	0
630	13	1
630	14	0
630	15	1
630	16	0
630	17	0
630	18	0
630	19	1
630	20	1
630	21	1
630	22	0
630	23	1
630	24	0
630	25	1
630	26	0
630	27	1
630	28	0
630	29	1
630	30	1
630	31	1
630	32	0
630	33	1
630	34	0
630	35	0
630	36	0
630	37	0
630	38	1
630	39	0
630	40	1
631	1	0
631	2	1
631	3	1
631	4	0
631	5	0
631	6	0
631	7	0
631	8	0
631	9	0
631	10	0
631	11	1
631	12	0
631	13	1
631	14	0
631	15	1
631	16	0
631	17	1
631	18	0
631	19	1
631	20	0
631	21	0
631	22	0
631	23	0
631	24	0
631	25	1
631	26	1
631	27	0
631	28	0
631	29	1
631	30	1
631	31	0
631	32	0
631	33	0
631	34	0
631	35	0
631	36	0
631	37	0
631	38	1
631	39	1
631	40	1
632	1	1
632	2	1
632	3	1
632	4	1
632	5	1
632	6	1
632	7	1
632	8	0
632	9	0
632	10	1
632	11	1
632	12	1
632	13	0
632	14	1
632	15	0
632	16	1
632	17	1
632	18	1
632	19	0
632	20	1
632	21	0
632	22	0
632	23	0
632	24	1
632	25	0
632	26	1
632	27	0
632	28	0
632	29	0
632	30	1
632	31	0
632	32	1
632	33	0
632	34	1
632	35	1
632	36	1
632	37	1
632	38	1
632	39	1
632	40	1
633	1	1
633	2	1
633	3	1
633	4	1
633	5	0
633	6	1
633	7	1
633	8	0
633	9	0
633	10	1
633	11	1
633	12	1
633	13	1
633	14	0
633	15	1
633	16	0
633	17	1
633	18	0
633	19	1
633	20	1
633	21	0
633	22	1
633	23	0
633	24	0
633	25	1
633	26	1
633	27	0
633	28	0
633	29	1
633	30	1
633	31	0
633	32	0
633	33	0
633	34	0
633	35	0
633	36	0
633	37	0
633	38	1
633	39	1
633	40	1
634	1	0
634	2	0
634	3	0
634	4	1
634	5	0
634	6	0
634	7	0
634	8	1
634	9	1
634	10	0
634	11	1
634	12	0
634	13	1
634	14	0
634	15	1
634	16	0
634	17	1
634	18	0
634	19	1
634	20	0
634	21	1
634	22	1
634	23	1
634	24	0
634	25	1
634	26	1
634	27	1
634	28	0
634	29	1
634	30	0
634	31	1
634	32	0
634	33	1
634	34	0
634	35	0
634	36	0
634	37	0
634	38	1
634	39	1
634	40	0
635	1	0
635	2	0
635	3	0
635	4	0
635	5	1
635	6	0
635	7	0
635	8	0
635	9	0
635	10	0
635	11	0
635	12	0
635	13	1
635	14	1
635	15	1
635	16	1
635	17	0
635	18	1
635	19	1
635	20	0
635	21	0
635	22	1
635	23	0
635	24	1
635	25	1
635	26	0
635	27	0
635	28	0
635	29	1
635	30	0
635	31	0
635	32	1
635	33	0
635	34	1
635	35	1
635	36	1
635	37	1
635	38	0
635	39	0
635	40	0
636	1	1
636	2	1
636	3	1
636	4	1
636	5	1
636	6	1
636	7	1
636	8	0
636	9	0
636	10	1
636	11	1
636	12	1
636	13	0
636	14	1
636	15	0
636	16	1
636	17	1
636	18	1
636	19	0
636	20	1
636	21	0
636	22	0
636	23	0
636	24	1
636	25	0
636	26	1
636	27	0
636	28	0
636	29	0
636	30	1
636	31	0
636	32	1
636	33	0
636	34	1
636	35	1
636	36	1
636	37	1
636	38	1
636	39	1
636	40	1
637	1	1
637	2	1
637	3	1
637	4	1
637	5	0
637	6	1
637	7	1
637	8	1
637	9	1
637	10	0
637	11	1
637	12	0
637	13	1
637	14	0
637	15	1
637	16	0
637	17	1
637	18	0
637	19	1
637	20	1
637	21	1
637	22	1
637	23	1
637	24	0
637	25	1
637	26	0
637	27	1
637	28	1
637	29	1
637	30	1
637	31	1
637	32	0
637	33	1
637	34	0
637	35	0
637	36	0
637	37	0
637	38	1
637	39	0
637	40	1
638	1	1
638	2	1
638	3	1
638	4	1
638	5	1
638	6	1
638	7	1
638	8	0
638	9	0
638	10	1
638	11	1
638	12	1
638	13	0
638	14	1
638	15	0
638	16	1
638	17	1
638	18	1
638	19	0
638	20	1
638	21	0
638	22	0
638	23	0
638	24	1
638	25	0
638	26	1
638	27	0
638	28	0
638	29	0
638	30	1
638	31	0
638	32	1
638	33	0
638	34	1
638	35	1
638	36	1
638	37	1
638	38	1
638	39	1
638	40	1
639	1	0
639	2	0
639	3	0
639	4	0
639	5	1
639	6	0
639	7	0
639	8	0
639	9	0
639	10	0
639	11	0
639	12	0
639	13	1
639	14	1
639	15	1
639	16	1
639	17	0
639	18	1
639	19	1
639	20	0
639	21	0
639	22	1
639	23	0
639	24	1
639	25	1
639	26	0
639	27	0
639	28	0
639	29	1
639	30	0
639	31	0
639	32	1
639	33	0
639	34	1
639	35	1
639	36	1
639	37	1
639	38	0
639	39	0
639	40	0
640	1	1
640	2	1
640	3	1
640	4	1
640	5	0
640	6	1
640	7	1
640	8	1
640	9	1
640	10	0
640	11	1
640	12	0
640	13	1
640	14	0
640	15	1
640	16	0
640	17	1
640	18	0
640	19	1
640	20	1
640	21	1
640	22	1
640	23	1
640	24	0
640	25	1
640	26	0
640	27	1
640	28	1
640	29	1
640	30	1
640	31	1
640	32	0
640	33	1
640	34	0
640	35	0
640	36	0
640	37	0
640	38	1
640	39	0
640	40	1
641	1	0
641	2	0
641	3	0
641	4	0
641	5	1
641	6	0
641	7	0
641	8	0
641	9	0
641	10	0
641	11	0
641	12	0
641	13	1
641	14	1
641	15	1
641	16	1
641	17	0
641	18	1
641	19	1
641	20	0
641	21	0
641	22	1
641	23	0
641	24	1
641	25	1
641	26	0
641	27	0
641	28	0
641	29	1
641	30	0
641	31	0
641	32	1
641	33	0
641	34	1
641	35	1
641	36	1
641	37	1
641	38	0
641	39	0
641	40	0
642	1	1
642	2	1
642	3	1
642	4	1
642	5	0
642	6	1
642	7	1
642	8	0
642	9	0
642	10	1
642	11	1
642	12	1
642	13	1
642	14	0
642	15	1
642	16	0
642	17	1
642	18	0
642	19	1
642	20	1
642	21	0
642	22	1
642	23	0
642	24	0
642	25	1
642	26	1
642	27	0
642	28	0
642	29	1
642	30	1
642	31	0
642	32	0
642	33	0
642	34	0
642	35	0
642	36	0
642	37	0
642	38	1
642	39	1
642	40	1
643	1	1
643	2	1
643	3	0
643	4	0
643	5	1
643	6	0
643	7	1
643	8	1
643	9	1
643	10	1
643	11	0
643	12	1
643	13	1
643	14	1
643	15	1
643	16	1
643	17	0
643	18	1
643	19	1
643	20	0
643	21	1
643	22	1
643	23	1
643	24	1
643	25	1
643	26	1
643	27	1
643	28	1
643	29	1
643	30	1
643	31	1
643	32	1
643	33	1
643	34	1
643	35	1
643	36	1
643	37	1
643	38	0
643	39	1
643	40	1
644	1	0
644	2	1
644	3	0
644	4	0
644	5	0
644	6	0
644	7	0
644	8	0
644	9	0
644	10	0
644	11	1
644	12	0
644	13	1
644	14	0
644	15	1
644	16	0
644	17	1
644	18	0
644	19	1
644	20	0
644	21	0
644	22	0
644	23	0
644	24	0
644	25	1
644	26	1
644	27	0
644	28	0
644	29	1
644	30	1
644	31	0
644	32	0
644	33	0
644	34	0
644	35	0
644	36	0
644	37	0
644	38	1
644	39	1
644	40	0
645	1	0
645	2	1
645	3	1
645	4	0
645	5	0
645	6	0
645	7	0
645	8	0
645	9	0
645	10	0
645	11	1
645	12	0
645	13	1
645	14	0
645	15	1
645	16	0
645	17	1
645	18	0
645	19	1
645	20	0
645	21	0
645	22	0
645	23	0
645	24	0
645	25	1
645	26	1
645	27	0
645	28	0
645	29	1
645	30	1
645	31	0
645	32	0
645	33	0
645	34	0
645	35	0
645	36	0
645	37	0
645	38	1
645	39	1
645	40	1
646	1	1
646	2	1
646	3	0
646	4	0
646	5	1
646	6	0
646	7	1
646	8	1
646	9	1
646	10	1
646	11	0
646	12	1
646	13	1
646	14	1
646	15	1
646	16	1
646	17	0
646	18	1
646	19	1
646	20	0
646	21	1
646	22	1
646	23	1
646	24	1
646	25	1
646	26	1
646	27	1
646	28	1
646	29	1
646	30	1
646	31	1
646	32	1
646	33	1
646	34	1
646	35	1
646	36	1
646	37	1
646	38	0
646	39	1
646	40	1
647	1	0
647	2	0
647	3	0
647	4	0
647	5	1
647	6	0
647	7	0
647	8	0
647	9	0
647	10	0
647	11	0
647	12	0
647	13	1
647	14	0
647	15	0
647	16	1
647	17	0
647	18	1
647	19	1
647	20	0
647	21	0
647	22	1
647	23	0
647	24	1
647	25	1
647	26	0
647	27	0
647	28	0
647	29	1
647	30	0
647	31	0
647	32	1
647	33	0
647	34	1
647	35	1
647	36	0
647	37	1
647	38	0
647	39	0
647	40	0
648	1	1
648	2	1
648	3	0
648	4	0
648	5	1
648	6	0
648	7	1
648	8	1
648	9	1
648	10	1
648	11	0
648	12	1
648	13	1
648	14	1
648	15	1
648	16	1
648	17	0
648	18	1
648	19	1
648	20	0
648	21	1
648	22	1
648	23	1
648	24	1
648	25	1
648	26	1
648	27	1
648	28	1
648	29	1
648	30	1
648	31	1
648	32	1
648	33	1
648	34	1
648	35	1
648	36	1
648	37	1
648	38	0
648	39	1
648	40	1
649	1	1
649	2	1
649	3	1
649	4	1
649	5	1
649	6	1
649	7	1
649	8	1
649	9	1
649	10	1
649	11	1
649	12	1
649	13	1
649	14	1
649	15	1
649	16	1
649	17	1
649	18	1
649	19	1
649	20	1
649	21	1
649	22	1
649	23	1
649	24	1
649	25	1
649	26	1
649	27	1
649	28	1
649	29	1
649	30	1
649	31	1
649	32	1
649	33	1
649	34	1
649	35	1
649	36	1
649	37	1
649	38	1
649	39	1
649	40	1
650	1	0
650	2	0
650	3	1
650	4	1
650	5	0
650	6	1
650	7	0
650	8	1
650	9	1
650	10	1
650	11	1
650	12	1
650	13	1
650	14	0
650	15	1
650	16	0
650	17	1
650	18	0
650	19	1
650	20	1
650	21	1
650	22	1
650	23	1
650	24	0
650	25	1
650	26	1
650	27	1
650	28	1
650	29	1
650	30	0
650	31	1
650	32	0
650	33	1
650	34	0
650	35	0
650	36	0
650	37	0
650	38	1
650	39	1
650	40	0
651	1	0
651	2	0
651	3	0
651	4	0
651	5	1
651	6	0
651	7	0
651	8	0
651	9	0
651	10	0
651	11	0
651	12	0
651	13	1
651	14	1
651	15	0
651	16	0
651	17	0
651	18	1
651	19	0
651	20	0
651	21	0
651	22	1
651	23	0
651	24	0
651	25	1
651	26	0
651	27	0
651	28	0
651	29	1
651	30	0
651	31	0
651	32	1
651	33	0
651	34	1
651	35	1
651	36	1
651	37	1
651	38	0
651	39	0
651	40	0
652	1	1
652	2	1
652	3	1
652	4	1
652	5	0
652	6	1
652	7	1
652	8	1
652	9	1
652	10	0
652	11	1
652	12	0
652	13	1
652	14	0
652	15	1
652	16	0
652	17	1
652	18	0
652	19	1
652	20	1
652	21	1
652	22	1
652	23	1
652	24	0
652	25	1
652	26	0
652	27	1
652	28	1
652	29	1
652	30	1
652	31	1
652	32	0
652	33	1
652	34	0
652	35	0
652	36	0
652	37	0
652	38	1
652	39	0
652	40	1
653	1	1
653	2	1
653	3	1
653	4	1
653	5	0
653	6	0
653	7	0
653	8	0
653	9	1
653	10	0
653	11	0
653	12	0
653	13	1
653	14	0
653	15	0
653	16	0
653	17	1
653	18	0
653	19	1
653	20	0
653	21	1
653	22	1
653	23	1
653	24	0
653	25	1
653	26	0
653	27	1
653	28	1
653	29	1
653	30	0
653	31	1
653	32	0
653	33	1
653	34	0
653	35	0
653	36	0
653	37	0
653	38	1
653	39	0
653	40	0
654	1	0
654	2	1
654	3	1
654	4	0
654	5	1
654	6	0
654	7	0
654	8	0
654	9	0
654	10	0
654	11	1
654	12	0
654	13	1
654	14	1
654	15	1
654	16	1
654	17	1
654	18	0
654	19	1
654	20	0
654	21	0
654	22	0
654	23	0
654	24	0
654	25	1
654	26	1
654	27	0
654	28	0
654	29	1
654	30	1
654	31	0
654	32	1
654	33	0
654	34	1
654	35	1
654	36	0
654	37	1
654	38	1
654	39	1
654	40	1
655	1	1
655	2	1
655	3	1
655	4	1
655	5	1
655	6	1
655	7	1
655	8	0
655	9	0
655	10	1
655	11	1
655	12	1
655	13	1
655	14	1
655	15	1
655	16	1
655	17	1
655	18	1
655	19	1
655	20	1
655	21	0
655	22	1
655	23	0
655	24	1
655	25	1
655	26	1
655	27	0
655	28	0
655	29	1
655	30	1
655	31	0
655	32	1
655	33	0
655	34	1
655	35	1
655	36	1
655	37	1
655	38	1
655	39	1
655	40	1
656	1	0
656	2	0
656	3	0
656	4	0
656	5	1
656	6	0
656	7	0
656	8	0
656	9	0
656	10	0
656	11	0
656	12	0
656	13	1
656	14	1
656	15	1
656	16	1
656	17	0
656	18	1
656	19	1
656	20	0
656	21	0
656	22	1
656	23	0
656	24	1
656	25	1
656	26	0
656	27	0
656	28	0
656	29	1
656	30	0
656	31	0
656	32	1
656	33	0
656	34	1
656	35	1
656	36	1
656	37	1
656	38	0
656	39	0
656	40	0
657	1	1
657	2	1
657	3	0
657	4	0
657	5	1
657	6	0
657	7	1
657	8	1
657	9	1
657	10	1
657	11	0
657	12	1
657	13	1
657	14	1
657	15	1
657	16	1
657	17	0
657	18	1
657	19	1
657	20	0
657	21	1
657	22	1
657	23	1
657	24	1
657	25	1
657	26	1
657	27	1
657	28	1
657	29	1
657	30	1
657	31	1
657	32	1
657	33	1
657	34	1
657	35	1
657	36	1
657	37	1
657	38	0
657	39	1
657	40	1
658	1	0
658	2	0
658	3	1
658	4	1
658	5	0
658	6	1
658	7	0
658	8	1
658	9	1
658	10	1
658	11	1
658	12	1
658	13	1
658	14	0
658	15	1
658	16	0
658	17	1
658	18	0
658	19	1
658	20	1
658	21	1
658	22	1
658	23	1
658	24	0
658	25	1
658	26	1
658	27	1
658	28	1
658	29	1
658	30	0
658	31	1
658	32	0
658	33	1
658	34	0
658	35	0
658	36	0
658	37	0
658	38	1
658	39	1
658	40	0
659	1	1
659	2	1
659	3	1
659	4	1
659	5	1
659	6	1
659	7	1
659	8	1
659	9	1
659	10	1
659	11	1
659	12	1
659	13	1
659	14	1
659	15	1
659	16	1
659	17	1
659	18	1
659	19	1
659	20	1
659	21	1
659	22	1
659	23	1
659	24	1
659	25	1
659	26	1
659	27	1
659	28	1
659	29	1
659	30	1
659	31	1
659	32	1
659	33	1
659	34	1
659	35	1
659	36	1
659	37	1
659	38	1
659	39	1
659	40	1
660	1	1
660	2	1
660	3	1
660	4	1
660	5	1
660	6	0
660	7	0
660	8	0
660	9	1
660	10	0
660	11	0
660	12	1
660	13	1
660	14	0
660	15	0
660	16	1
660	17	1
660	18	1
660	19	1
660	20	0
660	21	1
660	22	1
660	23	1
660	24	1
660	25	1
660	26	1
660	27	1
660	28	1
660	29	1
660	30	0
660	31	1
660	32	1
660	33	1
660	34	1
660	35	1
660	36	0
660	37	1
660	38	1
660	39	1
660	40	0
661	1	1
661	2	1
661	3	0
661	4	0
661	5	1
661	6	0
661	7	1
661	8	1
661	9	1
661	10	1
661	11	0
661	12	1
661	13	1
661	14	1
661	15	1
661	16	1
661	17	0
661	18	1
661	19	1
661	20	0
661	21	1
661	22	1
661	23	1
661	24	1
661	25	1
661	26	1
661	27	1
661	28	1
661	29	1
661	30	1
661	31	1
661	32	1
661	33	1
661	34	1
661	35	1
661	36	1
661	37	1
661	38	0
661	39	1
661	40	1
662	1	1
662	2	1
662	3	1
662	4	1
662	5	1
662	6	1
662	7	1
662	8	0
662	9	0
662	10	1
662	11	1
662	12	1
662	13	0
662	14	1
662	15	0
662	16	1
662	17	1
662	18	1
662	19	0
662	20	1
662	21	0
662	22	0
662	23	0
662	24	1
662	25	0
662	26	1
662	27	0
662	28	0
662	29	0
662	30	1
662	31	0
662	32	1
662	33	0
662	34	1
662	35	1
662	36	1
662	37	1
662	38	1
662	39	1
662	40	1
663	1	0
663	2	0
663	3	0
663	4	0
663	5	1
663	6	0
663	7	0
663	8	0
663	9	0
663	10	0
663	11	0
663	12	0
663	13	1
663	14	1
663	15	1
663	16	1
663	17	0
663	18	1
663	19	1
663	20	0
663	21	0
663	22	1
663	23	0
663	24	1
663	25	1
663	26	0
663	27	0
663	28	0
663	29	1
663	30	0
663	31	0
663	32	1
663	33	0
663	34	1
663	35	1
663	36	1
663	37	1
663	38	0
663	39	0
663	40	0
664	1	1
664	2	1
664	3	1
664	4	1
664	5	0
664	6	1
664	7	1
664	8	1
664	9	1
664	10	0
664	11	1
664	12	0
664	13	1
664	14	0
664	15	1
664	16	0
664	17	1
664	18	0
664	19	1
664	20	1
664	21	1
664	22	1
664	23	1
664	24	0
664	25	1
664	26	0
664	27	1
664	28	1
664	29	1
664	30	1
664	31	1
664	32	0
664	33	1
664	34	0
664	35	0
664	36	0
664	37	0
664	38	1
664	39	0
664	40	1
665	1	0
665	2	0
665	3	1
665	4	1
665	5	0
665	6	1
665	7	0
665	8	1
665	9	1
665	10	1
665	11	1
665	12	1
665	13	1
665	14	0
665	15	1
665	16	0
665	17	1
665	18	0
665	19	1
665	20	1
665	21	1
665	22	1
665	23	1
665	24	0
665	25	1
665	26	1
665	27	1
665	28	1
665	29	1
665	30	0
665	31	1
665	32	0
665	33	1
665	34	0
665	35	0
665	36	0
665	37	0
665	38	1
665	39	1
665	40	0
666	1	0
666	2	0
666	3	0
666	4	0
666	5	1
666	6	0
666	7	0
666	8	0
666	9	0
666	10	0
666	11	0
666	12	0
666	13	1
666	14	1
666	15	1
666	16	1
666	17	0
666	18	1
666	19	1
666	20	0
666	21	0
666	22	1
666	23	0
666	24	1
666	25	1
666	26	0
666	27	0
666	28	0
666	29	1
666	30	0
666	31	0
666	32	1
666	33	0
666	34	1
666	35	1
666	36	1
666	37	1
666	38	0
666	39	0
666	40	0
667	1	1
667	2	1
667	3	0
667	4	0
667	5	1
667	6	0
667	7	1
667	8	1
667	9	1
667	10	1
667	11	0
667	12	1
667	13	1
667	14	1
667	15	1
667	16	1
667	17	0
667	18	1
667	19	1
667	20	0
667	21	1
667	22	1
667	23	1
667	24	1
667	25	1
667	26	1
667	27	1
667	28	1
667	29	1
667	30	1
667	31	1
667	32	1
667	33	1
667	34	1
667	35	1
667	36	1
667	37	1
667	38	0
667	39	1
667	40	1
668	1	1
668	2	1
668	3	1
668	4	1
668	5	0
668	6	1
668	7	1
668	8	1
668	9	1
668	10	1
668	11	0
668	12	1
668	13	1
668	14	1
668	15	1
668	16	0
668	17	0
668	18	1
668	19	1
668	20	1
668	21	1
668	22	0
668	23	1
668	24	1
668	25	1
668	26	1
668	27	1
668	28	0
668	29	1
668	30	1
668	31	1
668	32	1
668	33	1
668	34	1
668	35	1
668	36	1
668	37	1
668	38	1
668	39	0
668	40	1
669	1	1
669	2	1
669	3	0
669	4	0
669	5	1
669	6	0
669	7	0
669	8	0
669	9	1
669	10	0
669	11	0
669	12	1
669	13	1
669	14	0
669	15	0
669	16	1
669	17	0
669	18	1
669	19	1
669	20	0
669	21	1
669	22	1
669	23	1
669	24	1
669	25	1
669	26	1
669	27	1
669	28	1
669	29	1
669	30	0
669	31	1
669	32	1
669	33	1
669	34	1
669	35	1
669	36	0
669	37	1
669	38	0
669	39	1
669	40	0
670	1	1
670	2	1
670	3	1
670	4	1
670	5	1
670	6	1
670	7	1
670	8	1
670	9	1
670	10	1
670	11	1
670	12	1
670	13	1
670	14	1
670	15	1
670	16	1
670	17	1
670	18	1
670	19	1
670	20	1
670	21	1
670	22	1
670	23	1
670	24	1
670	25	1
670	26	1
670	27	1
670	28	1
670	29	1
670	30	1
670	31	1
670	32	1
670	33	1
670	34	1
670	35	1
670	36	1
670	37	1
670	38	1
670	39	1
670	40	1
671	1	1
671	2	1
671	3	1
671	4	1
671	5	1
671	6	1
671	7	1
671	8	1
671	9	1
671	10	1
671	11	1
671	12	1
671	13	1
671	14	1
671	15	1
671	16	1
671	17	1
671	18	1
671	19	1
671	20	1
671	21	1
671	22	1
671	23	1
671	24	1
671	25	1
671	26	1
671	27	1
671	28	1
671	29	1
671	30	1
671	31	1
671	32	1
671	33	1
671	34	1
671	35	1
671	36	1
671	37	1
671	38	1
671	39	1
671	40	1
672	1	1
672	2	1
672	3	1
672	4	1
672	5	1
672	6	1
672	7	1
672	8	0
672	9	0
672	10	1
672	11	1
672	12	1
672	13	1
672	14	1
672	15	1
672	16	1
672	17	1
672	18	1
672	19	1
672	20	1
672	21	0
672	22	1
672	23	0
672	24	1
672	25	1
672	26	1
672	27	0
672	28	0
672	29	1
672	30	1
672	31	0
672	32	1
672	33	0
672	34	1
672	35	1
672	36	1
672	37	1
672	38	1
672	39	1
672	40	1
673	1	1
673	2	1
673	3	1
673	4	1
673	5	0
673	6	1
673	7	1
673	8	1
673	9	1
673	10	1
673	11	0
673	12	1
673	13	1
673	14	1
673	15	1
673	16	0
673	17	0
673	18	1
673	19	1
673	20	1
673	21	1
673	22	0
673	23	1
673	24	1
673	25	1
673	26	1
673	27	1
673	28	0
673	29	1
673	30	1
673	31	1
673	32	1
673	33	1
673	34	1
673	35	1
673	36	1
673	37	1
673	38	1
673	39	0
673	40	1
674	1	1
674	2	1
674	3	0
674	4	0
674	5	1
674	6	0
674	7	1
674	8	1
674	9	1
674	10	1
674	11	0
674	12	1
674	13	1
674	14	1
674	15	1
674	16	1
674	17	0
674	18	1
674	19	1
674	20	0
674	21	1
674	22	1
674	23	1
674	24	1
674	25	1
674	26	1
674	27	1
674	28	1
674	29	1
674	30	1
674	31	1
674	32	1
674	33	1
674	34	1
674	35	1
674	36	1
674	37	1
674	38	0
674	39	1
674	40	1
675	1	1
675	2	1
675	3	1
675	4	1
675	5	1
675	6	1
675	7	1
675	8	1
675	9	1
675	10	1
675	11	1
675	12	1
675	13	1
675	14	1
675	15	1
675	16	1
675	17	1
675	18	1
675	19	1
675	20	1
675	21	1
675	22	1
675	23	1
675	24	1
675	25	1
675	26	1
675	27	1
675	28	1
675	29	1
675	30	1
675	31	1
675	32	1
675	33	1
675	34	1
675	35	1
675	36	1
675	37	1
675	38	1
675	39	1
675	40	1
676	1	0
676	2	0
676	3	0
676	4	0
676	5	1
676	6	0
676	7	0
676	8	0
676	9	0
676	10	0
676	11	0
676	12	0
676	13	1
676	14	1
676	15	1
676	16	1
676	17	0
676	18	1
676	19	1
676	20	0
676	21	0
676	22	1
676	23	0
676	24	1
676	25	1
676	26	0
676	27	0
676	28	0
676	29	1
676	30	0
676	31	0
676	32	1
676	33	0
676	34	1
676	35	1
676	36	1
676	37	1
676	38	0
676	39	0
676	40	0
677	1	1
677	2	1
677	3	1
677	4	1
677	5	0
677	6	1
677	7	1
677	8	1
677	9	1
677	10	0
677	11	1
677	12	0
677	13	1
677	14	0
677	15	1
677	16	0
677	17	1
677	18	0
677	19	1
677	20	1
677	21	1
677	22	1
677	23	1
677	24	0
677	25	1
677	26	0
677	27	1
677	28	1
677	29	1
677	30	1
677	31	1
677	32	0
677	33	1
677	34	0
677	35	0
677	36	0
677	37	0
677	38	1
677	39	0
677	40	1
678	1	1
678	2	1
678	3	0
678	4	0
678	5	1
678	6	0
678	7	1
678	8	1
678	9	1
678	10	1
678	11	0
678	12	1
678	13	1
678	14	1
678	15	1
678	16	1
678	17	0
678	18	1
678	19	1
678	20	0
678	21	1
678	22	1
678	23	1
678	24	1
678	25	1
678	26	1
678	27	1
678	28	1
678	29	1
678	30	1
678	31	1
678	32	1
678	33	1
678	34	1
678	35	1
678	36	1
678	37	1
678	38	0
678	39	1
678	40	1
679	1	1
679	2	1
679	3	1
679	4	1
679	5	1
679	6	1
679	7	1
679	8	1
679	9	1
679	10	1
679	11	1
679	12	1
679	13	1
679	14	1
679	15	1
679	16	1
679	17	1
679	18	1
679	19	1
679	20	1
679	21	1
679	22	1
679	23	1
679	24	1
679	25	1
679	26	1
679	27	1
679	28	1
679	29	1
679	30	1
679	31	1
679	32	1
679	33	1
679	34	1
679	35	1
679	36	1
679	37	1
679	38	1
679	39	1
679	40	1
680	1	1
680	2	1
680	3	0
680	4	1
680	5	1
680	6	1
680	7	1
680	8	0
680	9	0
680	10	1
680	11	0
680	12	1
680	13	1
680	14	1
680	15	0
680	16	0
680	17	0
680	18	1
680	19	0
680	20	1
680	21	1
680	22	1
680	23	1
680	24	0
680	25	1
680	26	1
680	27	1
680	28	0
680	29	1
680	30	0
680	31	1
680	32	1
680	33	1
680	34	1
680	35	1
680	36	1
680	37	1
680	38	1
680	39	0
680	40	0
681	1	1
681	2	1
681	3	1
681	4	1
681	5	1
681	6	1
681	7	1
681	8	1
681	9	1
681	10	1
681	11	1
681	12	1
681	13	1
681	14	1
681	15	1
681	16	1
681	17	1
681	18	1
681	19	1
681	20	1
681	21	1
681	22	1
681	23	1
681	24	1
681	25	1
681	26	1
681	27	1
681	28	1
681	29	1
681	30	1
681	31	1
681	32	1
681	33	1
681	34	1
681	35	1
681	36	1
681	37	1
681	38	1
681	39	1
681	40	1
682	1	0
682	2	0
682	3	0
682	4	0
682	5	1
682	6	0
682	7	0
682	8	0
682	9	0
682	10	0
682	11	0
682	12	0
682	13	1
682	14	1
682	15	1
682	16	1
682	17	0
682	18	0
682	19	1
682	20	0
682	21	0
682	22	0
682	23	0
682	24	0
682	25	1
682	26	0
682	27	0
682	28	0
682	29	1
682	30	0
682	31	0
682	32	1
682	33	0
682	34	1
682	35	1
682	36	0
682	37	1
682	38	0
682	39	0
682	40	0
683	1	1
683	2	1
683	3	1
683	4	1
683	5	0
683	6	1
683	7	1
683	8	1
683	9	1
683	10	0
683	11	1
683	12	0
683	13	1
683	14	0
683	15	1
683	16	0
683	17	1
683	18	0
683	19	1
683	20	1
683	21	1
683	22	1
683	23	1
683	24	0
683	25	1
683	26	0
683	27	1
683	28	1
683	29	1
683	30	1
683	31	1
683	32	0
683	33	1
683	34	0
683	35	0
683	36	0
683	37	0
683	38	1
683	39	0
683	40	1
684	1	1
684	2	1
684	3	0
684	4	1
684	5	0
684	6	0
684	7	0
684	8	0
684	9	0
684	10	0
684	11	0
684	12	0
684	13	1
684	14	0
684	15	0
684	16	0
684	17	0
684	18	0
684	19	0
684	20	0
684	21	0
684	22	1
684	23	0
684	24	0
684	25	1
684	26	1
684	27	0
684	28	0
684	29	1
684	30	0
684	31	0
684	32	0
684	33	0
684	34	0
684	35	0
684	36	0
684	37	0
684	38	1
684	39	0
684	40	0
685	1	1
685	2	1
685	3	0
685	4	0
685	5	1
685	6	0
685	7	1
685	8	1
685	9	1
685	10	1
685	11	0
685	12	1
685	13	1
685	14	1
685	15	1
685	16	1
685	17	0
685	18	1
685	19	1
685	20	0
685	21	1
685	22	1
685	23	1
685	24	1
685	25	1
685	26	1
685	27	1
685	28	1
685	29	1
685	30	1
685	31	1
685	32	1
685	33	1
685	34	1
685	35	1
685	36	1
685	37	1
685	38	0
685	39	1
685	40	1
686	1	1
686	2	1
686	3	1
686	4	1
686	5	0
686	6	1
686	7	1
686	8	1
686	9	1
686	10	0
686	11	1
686	12	0
686	13	1
686	14	0
686	15	1
686	16	0
686	17	1
686	18	0
686	19	1
686	20	1
686	21	1
686	22	1
686	23	1
686	24	0
686	25	1
686	26	0
686	27	1
686	28	1
686	29	1
686	30	1
686	31	1
686	32	0
686	33	1
686	34	0
686	35	0
686	36	0
686	37	0
686	38	1
686	39	0
686	40	1
687	1	1
687	2	1
687	3	0
687	4	0
687	5	1
687	6	0
687	7	1
687	8	1
687	9	1
687	10	1
687	11	0
687	12	1
687	13	1
687	14	1
687	15	1
687	16	1
687	17	0
687	18	1
687	19	1
687	20	0
687	21	1
687	22	1
687	23	1
687	24	1
687	25	1
687	26	1
687	27	1
687	28	1
687	29	1
687	30	1
687	31	1
687	32	1
687	33	1
687	34	1
687	35	1
687	36	1
687	37	1
687	38	0
687	39	1
687	40	1
688	1	1
688	2	1
688	3	1
688	4	1
688	5	1
688	6	1
688	7	1
688	8	0
688	9	0
688	10	1
688	11	1
688	12	1
688	13	1
688	14	1
688	15	1
688	16	1
688	17	1
688	18	1
688	19	1
688	20	1
688	21	0
688	22	1
688	23	0
688	24	1
688	25	1
688	26	1
688	27	0
688	28	0
688	29	1
688	30	1
688	31	0
688	32	1
688	33	0
688	34	1
688	35	1
688	36	1
688	37	1
688	38	1
688	39	1
688	40	1
689	1	1
689	2	1
689	3	1
689	4	1
689	5	1
689	6	1
689	7	1
689	8	1
689	9	1
689	10	1
689	11	1
689	12	1
689	13	1
689	14	1
689	15	1
689	16	1
689	17	1
689	18	1
689	19	1
689	20	1
689	21	1
689	22	1
689	23	1
689	24	1
689	25	1
689	26	1
689	27	1
689	28	1
689	29	1
689	30	1
689	31	1
689	32	1
689	33	1
689	34	1
689	35	1
689	36	1
689	37	1
689	38	1
689	39	1
689	40	1
690	1	1
690	2	1
690	3	1
690	4	1
690	5	0
690	6	1
690	7	1
690	8	0
690	9	0
690	10	1
690	11	1
690	12	1
690	13	1
690	14	0
690	15	1
690	16	0
690	17	1
690	18	0
690	19	1
690	20	1
690	21	0
690	22	1
690	23	0
690	24	0
690	25	1
690	26	1
690	27	0
690	28	0
690	29	1
690	30	1
690	31	0
690	32	0
690	33	0
690	34	0
690	35	0
690	36	0
690	37	0
690	38	1
690	39	1
690	40	1
691	1	1
691	2	1
691	3	0
691	4	0
691	5	1
691	6	0
691	7	1
691	8	0
691	9	0
691	10	1
691	11	0
691	12	1
691	13	1
691	14	1
691	15	0
691	16	0
691	17	0
691	18	1
691	19	0
691	20	0
691	21	1
691	22	1
691	23	1
691	24	0
691	25	1
691	26	1
691	27	1
691	28	0
691	29	1
691	30	0
691	31	1
691	32	1
691	33	1
691	34	1
691	35	1
691	36	1
691	37	1
691	38	0
691	39	0
691	40	0
692	1	1
692	2	1
692	3	1
692	4	1
692	5	0
692	6	1
692	7	1
692	8	1
692	9	1
692	10	0
692	11	1
692	12	0
692	13	1
692	14	0
692	15	1
692	16	0
692	17	1
692	18	0
692	19	1
692	20	1
692	21	1
692	22	1
692	23	1
692	24	0
692	25	1
692	26	0
692	27	1
692	28	1
692	29	1
692	30	1
692	31	1
692	32	0
692	33	1
692	34	0
692	35	0
692	36	0
692	37	0
692	38	1
692	39	0
692	40	1
693	1	1
693	2	1
693	3	0
693	4	0
693	5	0
693	6	0
693	7	0
693	8	1
693	9	1
693	10	0
693	11	0
693	12	0
693	13	1
693	14	1
693	15	1
693	16	0
693	17	0
693	18	1
693	19	1
693	20	0
693	21	1
693	22	1
693	23	1
693	24	1
693	25	1
693	26	1
693	27	1
693	28	0
693	29	1
693	30	1
693	31	1
693	32	1
693	33	1
693	34	1
693	35	1
693	36	1
693	37	1
693	38	0
693	39	1
693	40	0
694	1	0
694	2	0
694	3	1
694	4	1
694	5	0
694	6	1
694	7	0
694	8	1
694	9	1
694	10	1
694	11	1
694	12	1
694	13	1
694	14	0
694	15	1
694	16	0
694	17	1
694	18	0
694	19	1
694	20	1
694	21	1
694	22	1
694	23	1
694	24	0
694	25	1
694	26	1
694	27	1
694	28	1
694	29	1
694	30	0
694	31	1
694	32	0
694	33	1
694	34	0
694	35	0
694	36	0
694	37	0
694	38	1
694	39	1
694	40	0
695	1	1
695	2	1
695	3	1
695	4	1
695	5	1
695	6	1
695	7	1
695	8	1
695	9	1
695	10	1
695	11	1
695	12	1
695	13	1
695	14	1
695	15	1
695	16	1
695	17	1
695	18	1
695	19	1
695	20	1
695	21	1
695	22	1
695	23	1
695	24	1
695	25	1
695	26	1
695	27	1
695	28	1
695	29	1
695	30	1
695	31	1
695	32	1
695	33	1
695	34	1
695	35	1
695	36	1
695	37	1
695	38	1
695	39	1
695	40	1
696	1	1
696	2	1
696	3	1
696	4	1
696	5	0
696	6	1
696	7	1
696	8	1
696	9	1
696	10	0
696	11	1
696	12	0
696	13	1
696	14	0
696	15	1
696	16	0
696	17	1
696	18	0
696	19	1
696	20	1
696	21	1
696	22	1
696	23	1
696	24	0
696	25	1
696	26	0
696	27	1
696	28	1
696	29	1
696	30	1
696	31	1
696	32	0
696	33	1
696	34	0
696	35	0
696	36	0
696	37	0
696	38	1
696	39	0
696	40	1
697	1	1
697	2	1
697	3	1
697	4	1
697	5	1
697	6	1
697	7	1
697	8	0
697	9	0
697	10	1
697	11	1
697	12	1
697	13	0
697	14	1
697	15	0
697	16	1
697	17	1
697	18	1
697	19	0
697	20	1
697	21	0
697	22	0
697	23	0
697	24	1
697	25	0
697	26	1
697	27	0
697	28	0
697	29	0
697	30	1
697	31	0
697	32	1
697	33	0
697	34	1
697	35	1
697	36	1
697	37	1
697	38	1
697	39	1
697	40	1
698	1	1
698	2	1
698	3	1
698	4	1
698	5	1
698	6	1
698	7	1
698	8	1
698	9	1
698	10	1
698	11	1
698	12	1
698	13	1
698	14	1
698	15	1
698	16	1
698	17	1
698	18	1
698	19	1
698	20	1
698	21	1
698	22	1
698	23	1
698	24	1
698	25	1
698	26	1
698	27	1
698	28	1
698	29	1
698	30	1
698	31	1
698	32	1
698	33	1
698	34	1
698	35	1
698	36	1
698	37	1
698	38	1
698	39	1
698	40	1
699	1	1
699	2	1
699	3	1
699	4	1
699	5	1
699	6	1
699	7	1
699	8	0
699	9	0
699	10	1
699	11	1
699	12	1
699	13	0
699	14	1
699	15	0
699	16	1
699	17	1
699	18	1
699	19	0
699	20	1
699	21	0
699	22	0
699	23	0
699	24	1
699	25	0
699	26	1
699	27	0
699	28	0
699	29	0
699	30	1
699	31	0
699	32	1
699	33	0
699	34	1
699	35	1
699	36	1
699	37	1
699	38	1
699	39	1
699	40	1
700	1	1
700	2	1
700	3	1
700	4	1
700	5	1
700	6	1
700	7	1
700	8	0
700	9	0
700	10	1
700	11	1
700	12	1
700	13	0
700	14	1
700	15	0
700	16	1
700	17	1
700	18	1
700	19	0
700	20	1
700	21	0
700	22	0
700	23	0
700	24	1
700	25	0
700	26	1
700	27	0
700	28	0
700	29	0
700	30	1
700	31	0
700	32	1
700	33	0
700	34	1
700	35	1
700	36	1
700	37	1
700	38	1
700	39	1
700	40	1
701	1	1
701	2	1
701	3	1
701	4	1
701	5	1
701	6	1
701	7	1
701	8	0
701	9	0
701	10	1
701	11	1
701	12	1
701	13	0
701	14	1
701	15	0
701	16	1
701	17	1
701	18	1
701	19	0
701	20	1
701	21	0
701	22	0
701	23	0
701	24	1
701	25	0
701	26	1
701	27	0
701	28	0
701	29	0
701	30	1
701	31	0
701	32	1
701	33	0
701	34	1
701	35	1
701	36	1
701	37	1
701	38	1
701	39	1
701	40	1
702	1	1
702	2	1
702	3	1
702	4	1
702	5	1
702	6	1
702	7	1
702	8	1
702	9	1
702	10	1
702	11	1
702	12	1
702	13	1
702	14	1
702	15	1
702	16	1
702	17	1
702	18	1
702	19	1
702	20	1
702	21	1
702	22	1
702	23	1
702	24	1
702	25	1
702	26	1
702	27	1
702	28	1
702	29	1
702	30	1
702	31	1
702	32	1
702	33	1
702	34	1
702	35	1
702	36	1
702	37	1
702	38	1
702	39	1
702	40	1
703	1	1
703	2	1
703	3	1
703	4	1
703	5	1
703	6	1
703	7	1
703	8	1
703	9	1
703	10	1
703	11	1
703	12	1
703	13	1
703	14	1
703	15	1
703	16	1
703	17	1
703	18	1
703	19	1
703	20	1
703	21	1
703	22	1
703	23	1
703	24	1
703	25	1
703	26	1
703	27	1
703	28	1
703	29	1
703	30	1
703	31	1
703	32	1
703	33	1
703	34	1
703	35	1
703	36	1
703	37	1
703	38	1
703	39	1
703	40	1
704	1	1
704	2	1
704	3	1
704	4	1
704	5	1
704	6	1
704	7	1
704	8	0
704	9	0
704	10	1
704	11	1
704	12	1
704	13	0
704	14	1
704	15	0
704	16	1
704	17	1
704	18	1
704	19	0
704	20	1
704	21	0
704	22	0
704	23	0
704	24	1
704	25	0
704	26	1
704	27	0
704	28	0
704	29	0
704	30	1
704	31	0
704	32	1
704	33	0
704	34	1
704	35	1
704	36	1
704	37	1
704	38	1
704	39	1
704	40	1
705	1	0
705	2	0
705	3	0
705	4	0
705	5	1
705	6	0
705	7	0
705	8	0
705	9	0
705	10	0
705	11	0
705	12	0
705	13	1
705	14	1
705	15	1
705	16	1
705	17	0
705	18	1
705	19	1
705	20	0
705	21	0
705	22	1
705	23	0
705	24	1
705	25	1
705	26	0
705	27	0
705	28	0
705	29	1
705	30	0
705	31	0
705	32	1
705	33	0
705	34	1
705	35	1
705	36	1
705	37	1
705	38	0
705	39	0
705	40	0
706	1	1
706	2	1
706	3	1
706	4	1
706	5	1
706	6	1
706	7	1
706	8	0
706	9	0
706	10	1
706	11	1
706	12	1
706	13	0
706	14	1
706	15	0
706	16	1
706	17	1
706	18	1
706	19	0
706	20	1
706	21	0
706	22	0
706	23	0
706	24	1
706	25	0
706	26	1
706	27	0
706	28	0
706	29	0
706	30	1
706	31	0
706	32	1
706	33	0
706	34	1
706	35	1
706	36	1
706	37	1
706	38	1
706	39	1
706	40	1
707	1	1
707	2	1
707	3	1
707	4	1
707	5	0
707	6	1
707	7	1
707	8	1
707	9	1
707	10	0
707	11	1
707	12	0
707	13	1
707	14	0
707	15	1
707	16	0
707	17	1
707	18	0
707	19	1
707	20	1
707	21	1
707	22	1
707	23	1
707	24	0
707	25	1
707	26	0
707	27	1
707	28	1
707	29	1
707	30	1
707	31	1
707	32	0
707	33	1
707	34	0
707	35	0
707	36	0
707	37	0
707	38	1
707	39	0
707	40	1
708	1	1
708	2	1
708	3	1
708	4	1
708	5	0
708	6	1
708	7	1
708	8	0
708	9	0
708	10	1
708	11	1
708	12	1
708	13	1
708	14	0
708	15	1
708	16	0
708	17	1
708	18	0
708	19	1
708	20	1
708	21	0
708	22	1
708	23	0
708	24	0
708	25	1
708	26	1
708	27	0
708	28	0
708	29	1
708	30	1
708	31	0
708	32	0
708	33	0
708	34	0
708	35	0
708	36	0
708	37	0
708	38	1
708	39	1
708	40	1
709	1	1
709	2	1
709	3	1
709	4	1
709	5	1
709	6	1
709	7	1
709	8	1
709	9	1
709	10	1
709	11	1
709	12	1
709	13	1
709	14	1
709	15	1
709	16	1
709	17	1
709	18	1
709	19	1
709	20	1
709	21	1
709	22	1
709	23	1
709	24	1
709	25	1
709	26	1
709	27	1
709	28	1
709	29	1
709	30	1
709	31	1
709	32	1
709	33	1
709	34	1
709	35	1
709	36	1
709	37	1
709	38	1
709	39	1
709	40	1
710	1	1
710	2	1
710	3	0
710	4	1
710	5	0
710	6	0
710	7	0
710	8	0
710	9	0
710	10	0
710	11	1
710	12	0
710	13	1
710	14	0
710	15	1
710	16	0
710	17	1
710	18	0
710	19	1
710	20	0
710	21	0
710	22	1
710	23	0
710	24	0
710	25	1
710	26	1
710	27	0
710	28	0
710	29	1
710	30	1
710	31	0
710	32	0
710	33	0
710	34	0
710	35	0
710	36	0
710	37	0
710	38	1
710	39	1
710	40	0
711	1	1
711	2	1
711	3	1
711	4	1
711	5	0
711	6	1
711	7	1
711	8	1
711	9	1
711	10	0
711	11	1
711	12	0
711	13	1
711	14	0
711	15	1
711	16	0
711	17	1
711	18	0
711	19	1
711	20	1
711	21	1
711	22	1
711	23	1
711	24	0
711	25	1
711	26	0
711	27	1
711	28	1
711	29	1
711	30	1
711	31	1
711	32	0
711	33	1
711	34	0
711	35	0
711	36	0
711	37	0
711	38	1
711	39	0
711	40	1
712	1	1
712	2	1
712	3	0
712	4	0
712	5	0
712	6	0
712	7	0
712	8	0
712	9	0
712	10	0
712	11	0
712	12	0
712	13	1
712	14	1
712	15	0
712	16	0
712	17	0
712	18	1
712	19	0
712	20	0
712	21	1
712	22	1
712	23	1
712	24	0
712	25	1
712	26	1
712	27	1
712	28	0
712	29	1
712	30	0
712	31	1
712	32	1
712	33	1
712	34	1
712	35	1
712	36	1
712	37	1
712	38	0
712	39	0
712	40	0
713	1	0
713	2	0
713	3	0
713	4	0
713	5	1
713	6	0
713	7	0
713	8	0
713	9	0
713	10	0
713	11	0
713	12	0
713	13	1
713	14	1
713	15	1
713	16	1
713	17	0
713	18	1
713	19	1
713	20	0
713	21	0
713	22	1
713	23	0
713	24	1
713	25	1
713	26	0
713	27	0
713	28	0
713	29	1
713	30	0
713	31	0
713	32	1
713	33	0
713	34	1
713	35	1
713	36	1
713	37	1
713	38	0
713	39	0
713	40	0
714	1	1
714	2	1
714	3	1
714	4	1
714	5	1
714	6	1
714	7	1
714	8	1
714	9	1
714	10	1
714	11	1
714	12	1
714	13	1
714	14	1
714	15	1
714	16	1
714	17	1
714	18	1
714	19	1
714	20	1
714	21	1
714	22	1
714	23	1
714	24	1
714	25	1
714	26	1
714	27	1
714	28	1
714	29	1
714	30	1
714	31	1
714	32	1
714	33	1
714	34	1
714	35	1
714	36	1
714	37	1
714	38	1
714	39	1
714	40	1
715	1	0
715	2	0
715	3	0
715	4	0
715	5	1
715	6	0
715	7	0
715	8	0
715	9	0
715	10	0
715	11	0
715	12	0
715	13	1
715	14	1
715	15	1
715	16	1
715	17	0
715	18	1
715	19	1
715	20	0
715	21	0
715	22	1
715	23	0
715	24	1
715	25	1
715	26	0
715	27	0
715	28	0
715	29	1
715	30	0
715	31	0
715	32	1
715	33	0
715	34	1
715	35	1
715	36	1
715	37	1
715	38	0
715	39	0
715	40	0
716	1	1
716	2	1
716	3	1
716	4	1
716	5	1
716	6	1
716	7	1
716	8	1
716	9	1
716	10	1
716	11	1
716	12	1
716	13	1
716	14	1
716	15	1
716	16	1
716	17	1
716	18	1
716	19	1
716	20	1
716	21	1
716	22	1
716	23	1
716	24	1
716	25	1
716	26	1
716	27	1
716	28	1
716	29	1
716	30	1
716	31	1
716	32	1
716	33	1
716	34	1
716	35	1
716	36	1
716	37	1
716	38	1
716	39	1
716	40	1
717	1	0
717	2	1
717	3	1
717	4	0
717	5	1
717	6	0
717	7	0
717	8	0
717	9	0
717	10	0
717	11	1
717	12	0
717	13	1
717	14	1
717	15	1
717	16	1
717	17	1
717	18	0
717	19	1
717	20	0
717	21	0
717	22	0
717	23	0
717	24	0
717	25	1
717	26	1
717	27	0
717	28	0
717	29	1
717	30	1
717	31	0
717	32	1
717	33	0
717	34	1
717	35	1
717	36	0
717	37	1
717	38	1
717	39	1
717	40	1
718	1	1
718	2	1
718	3	1
718	4	1
718	5	1
718	6	1
718	7	1
718	8	0
718	9	0
718	10	1
718	11	1
718	12	1
718	13	1
718	14	1
718	15	1
718	16	1
718	17	1
718	18	1
718	19	1
718	20	1
718	21	0
718	22	1
718	23	0
718	24	1
718	25	1
718	26	1
718	27	0
718	28	0
718	29	1
718	30	1
718	31	0
718	32	1
718	33	0
718	34	1
718	35	1
718	36	1
718	37	1
718	38	1
718	39	1
718	40	1
719	1	1
719	2	1
719	3	1
719	4	1
719	5	0
719	6	1
719	7	1
719	8	0
719	9	0
719	10	1
719	11	1
719	12	1
719	13	1
719	14	0
719	15	1
719	16	0
719	17	1
719	18	0
719	19	1
719	20	1
719	21	0
719	22	1
719	23	0
719	24	0
719	25	1
719	26	1
719	27	0
719	28	0
719	29	1
719	30	1
719	31	0
719	32	0
719	33	0
719	34	0
719	35	0
719	36	0
719	37	0
719	38	1
719	39	1
719	40	1
720	1	0
720	2	0
720	3	0
720	4	0
720	5	1
720	6	0
720	7	0
720	8	0
720	9	0
720	10	0
720	11	0
720	12	0
720	13	1
720	14	1
720	15	1
720	16	1
720	17	0
720	18	1
720	19	1
720	20	0
720	21	0
720	22	1
720	23	0
720	24	1
720	25	1
720	26	0
720	27	0
720	28	0
720	29	1
720	30	0
720	31	0
720	32	1
720	33	0
720	34	1
720	35	1
720	36	1
720	37	1
720	38	0
720	39	0
720	40	0
721	1	1
721	2	1
721	3	0
721	4	1
721	5	1
721	6	1
721	7	1
721	8	0
721	9	0
721	10	1
721	11	0
721	12	1
721	13	1
721	14	1
721	15	0
721	16	0
721	17	0
721	18	1
721	19	0
721	20	1
721	21	1
721	22	1
721	23	1
721	24	0
721	25	1
721	26	1
721	27	1
721	28	0
721	29	1
721	30	0
721	31	1
721	32	1
721	33	1
721	34	1
721	35	1
721	36	1
721	37	1
721	38	1
721	39	0
721	40	0
722	1	1
722	2	1
722	3	1
722	4	1
722	5	0
722	6	1
722	7	1
722	8	0
722	9	0
722	10	1
722	11	1
722	12	1
722	13	1
722	14	0
722	15	1
722	16	0
722	17	1
722	18	0
722	19	1
722	20	1
722	21	0
722	22	1
722	23	0
722	24	0
722	25	1
722	26	1
722	27	0
722	28	0
722	29	1
722	30	1
722	31	0
722	32	0
722	33	0
722	34	0
722	35	0
722	36	0
722	37	0
722	38	1
722	39	1
722	40	1
723	1	1
723	2	1
723	3	1
723	4	1
723	5	0
723	6	1
723	7	1
723	8	1
723	9	1
723	10	0
723	11	0
723	12	0
723	13	1
723	14	0
723	15	1
723	16	0
723	17	0
723	18	0
723	19	1
723	20	1
723	21	1
723	22	0
723	23	1
723	24	0
723	25	1
723	26	0
723	27	1
723	28	0
723	29	1
723	30	1
723	31	1
723	32	0
723	33	1
723	34	0
723	35	0
723	36	0
723	37	0
723	38	1
723	39	0
723	40	1
724	1	1
724	2	1
724	3	1
724	4	1
724	5	0
724	6	1
724	7	1
724	8	1
724	9	1
724	10	0
724	11	1
724	12	0
724	13	1
724	14	0
724	15	1
724	16	0
724	17	1
724	18	0
724	19	1
724	20	1
724	21	1
724	22	1
724	23	1
724	24	0
724	25	1
724	26	0
724	27	1
724	28	1
724	29	1
724	30	1
724	31	1
724	32	0
724	33	1
724	34	0
724	35	0
724	36	0
724	37	0
724	38	1
724	39	0
724	40	1
725	1	1
725	2	1
725	3	1
725	4	1
725	5	1
725	6	1
725	7	1
725	8	0
725	9	0
725	10	1
725	11	1
725	12	1
725	13	1
725	14	1
725	15	1
725	16	1
725	17	1
725	18	1
725	19	1
725	20	1
725	21	0
725	22	1
725	23	0
725	24	1
725	25	1
725	26	1
725	27	0
725	28	0
725	29	1
725	30	1
725	31	0
725	32	1
725	33	0
725	34	1
725	35	1
725	36	1
725	37	1
725	38	1
725	39	1
725	40	1
726	1	0
726	2	0
726	3	0
726	4	0
726	5	1
726	6	0
726	7	0
726	8	0
726	9	0
726	10	0
726	11	0
726	12	0
726	13	1
726	14	1
726	15	1
726	16	1
726	17	0
726	18	1
726	19	1
726	20	0
726	21	0
726	22	1
726	23	0
726	24	1
726	25	1
726	26	0
726	27	0
726	28	0
726	29	1
726	30	0
726	31	0
726	32	1
726	33	0
726	34	1
726	35	1
726	36	1
726	37	1
726	38	0
726	39	0
726	40	0
727	1	0
727	2	0
727	3	0
727	4	0
727	5	1
727	6	0
727	7	0
727	8	0
727	9	0
727	10	0
727	11	0
727	12	0
727	13	1
727	14	1
727	15	1
727	16	1
727	17	0
727	18	1
727	19	1
727	20	0
727	21	0
727	22	1
727	23	0
727	24	1
727	25	1
727	26	0
727	27	0
727	28	0
727	29	1
727	30	0
727	31	0
727	32	1
727	33	0
727	34	1
727	35	1
727	36	1
727	37	1
727	38	0
727	39	0
727	40	0
728	1	1
728	2	1
728	3	1
728	4	1
728	5	1
728	6	1
728	7	1
728	8	1
728	9	1
728	10	1
728	11	1
728	12	1
728	13	1
728	14	1
728	15	1
728	16	1
728	17	1
728	18	1
728	19	1
728	20	1
728	21	1
728	22	1
728	23	1
728	24	1
728	25	1
728	26	1
728	27	1
728	28	1
728	29	1
728	30	1
728	31	1
728	32	1
728	33	1
728	34	1
728	35	1
728	36	1
728	37	1
728	38	1
728	39	1
728	40	1
729	1	1
729	2	1
729	3	0
729	4	1
729	5	0
729	6	1
729	7	1
729	8	0
729	9	0
729	10	0
729	11	0
729	12	0
729	13	1
729	14	0
729	15	0
729	16	0
729	17	0
729	18	0
729	19	0
729	20	1
729	21	1
729	22	1
729	23	1
729	24	0
729	25	1
729	26	0
729	27	1
729	28	0
729	29	1
729	30	0
729	31	1
729	32	0
729	33	1
729	34	0
729	35	0
729	36	0
729	37	0
729	38	1
729	39	0
729	40	0
730	1	1
730	2	1
730	3	1
730	4	1
730	5	0
730	6	1
730	7	1
730	8	1
730	9	1
730	10	0
730	11	1
730	12	0
730	13	1
730	14	0
730	15	1
730	16	0
730	17	1
730	18	0
730	19	1
730	20	1
730	21	1
730	22	1
730	23	1
730	24	0
730	25	1
730	26	0
730	27	1
730	28	1
730	29	1
730	30	1
730	31	1
730	32	0
730	33	1
730	34	0
730	35	0
730	36	0
730	37	0
730	38	1
730	39	0
730	40	1
731	1	1
731	2	1
731	3	1
731	4	1
731	5	1
731	6	1
731	7	1
731	8	0
731	9	0
731	10	1
731	11	1
731	12	1
731	13	1
731	14	1
731	15	1
731	16	1
731	17	1
731	18	1
731	19	1
731	20	1
731	21	0
731	22	1
731	23	0
731	24	1
731	25	1
731	26	1
731	27	0
731	28	0
731	29	1
731	30	1
731	31	0
731	32	1
731	33	0
731	34	1
731	35	1
731	36	1
731	37	1
731	38	1
731	39	1
731	40	1
732	1	1
732	2	1
732	3	0
732	4	0
732	5	1
732	6	0
732	7	1
732	8	1
732	9	1
732	10	1
732	11	0
732	12	1
732	13	1
732	14	1
732	15	1
732	16	1
732	17	0
732	18	1
732	19	1
732	20	0
732	21	1
732	22	1
732	23	1
732	24	1
732	25	1
732	26	1
732	27	1
732	28	1
732	29	1
732	30	1
732	31	1
732	32	1
732	33	1
732	34	1
732	35	1
732	36	1
732	37	1
732	38	0
732	39	1
732	40	1
733	1	1
733	2	1
733	3	1
733	4	1
733	5	1
733	6	1
733	7	1
733	8	0
733	9	0
733	10	1
733	11	1
733	12	1
733	13	1
733	14	1
733	15	1
733	16	1
733	17	1
733	18	1
733	19	1
733	20	1
733	21	0
733	22	1
733	23	0
733	24	1
733	25	1
733	26	1
733	27	0
733	28	0
733	29	1
733	30	1
733	31	0
733	32	1
733	33	0
733	34	1
733	35	1
733	36	1
733	37	1
733	38	1
733	39	1
733	40	1
734	1	0
734	2	0
734	3	1
734	4	1
734	5	0
734	6	1
734	7	0
734	8	1
734	9	1
734	10	1
734	11	0
734	12	1
734	13	1
734	14	0
734	15	1
734	16	0
734	17	0
734	18	0
734	19	1
734	20	1
734	21	1
734	22	0
734	23	1
734	24	0
734	25	1
734	26	1
734	27	1
734	28	0
734	29	1
734	30	0
734	31	1
734	32	0
734	33	1
734	34	0
734	35	0
734	36	0
734	37	0
734	38	1
734	39	0
734	40	0
735	1	1
735	2	1
735	3	1
735	4	1
735	5	1
735	6	1
735	7	1
735	8	1
735	9	1
735	10	1
735	11	1
735	12	1
735	13	1
735	14	1
735	15	1
735	16	1
735	17	1
735	18	1
735	19	1
735	20	1
735	21	1
735	22	1
735	23	1
735	24	1
735	25	1
735	26	1
735	27	1
735	28	1
735	29	1
735	30	1
735	31	1
735	32	1
735	33	1
735	34	1
735	35	1
735	36	1
735	37	1
735	38	1
735	39	1
735	40	1
736	1	0
736	2	0
736	3	1
736	4	1
736	5	0
736	6	1
736	7	0
736	8	1
736	9	1
736	10	1
736	11	1
736	12	1
736	13	1
736	14	0
736	15	1
736	16	0
736	17	1
736	18	0
736	19	1
736	20	1
736	21	1
736	22	1
736	23	1
736	24	0
736	25	1
736	26	1
736	27	1
736	28	1
736	29	1
736	30	0
736	31	1
736	32	0
736	33	1
736	34	0
736	35	0
736	36	0
736	37	0
736	38	1
736	39	1
736	40	0
737	1	0
737	2	0
737	3	1
737	4	1
737	5	0
737	6	1
737	7	0
737	8	1
737	9	1
737	10	1
737	11	1
737	12	1
737	13	1
737	14	0
737	15	1
737	16	0
737	17	1
737	18	0
737	19	1
737	20	1
737	21	1
737	22	1
737	23	1
737	24	0
737	25	1
737	26	1
737	27	1
737	28	1
737	29	1
737	30	0
737	31	1
737	32	0
737	33	1
737	34	0
737	35	0
737	36	0
737	37	0
737	38	1
737	39	1
737	40	0
738	1	1
738	2	1
738	3	1
738	4	1
738	5	1
738	6	1
738	7	1
738	8	1
738	9	1
738	10	1
738	11	1
738	12	1
738	13	1
738	14	1
738	15	1
738	16	1
738	17	1
738	18	1
738	19	1
738	20	1
738	21	1
738	22	1
738	23	1
738	24	1
738	25	1
738	26	1
738	27	1
738	28	1
738	29	1
738	30	1
738	31	1
738	32	1
738	33	1
738	34	1
738	35	1
738	36	1
738	37	1
738	38	1
738	39	1
738	40	1
739	1	1
739	2	1
739	3	1
739	4	1
739	5	0
739	6	1
739	7	1
739	8	0
739	9	0
739	10	1
739	11	1
739	12	1
739	13	1
739	14	0
739	15	1
739	16	0
739	17	1
739	18	0
739	19	1
739	20	1
739	21	0
739	22	1
739	23	0
739	24	0
739	25	1
739	26	1
739	27	0
739	28	0
739	29	1
739	30	1
739	31	0
739	32	0
739	33	0
739	34	0
739	35	0
739	36	0
739	37	0
739	38	1
739	39	1
739	40	1
740	1	1
740	2	1
740	3	1
740	4	1
740	5	1
740	6	1
740	7	1
740	8	0
740	9	0
740	10	1
740	11	1
740	12	1
740	13	0
740	14	1
740	15	0
740	16	1
740	17	1
740	18	1
740	19	0
740	20	1
740	21	0
740	22	0
740	23	0
740	24	1
740	25	0
740	26	1
740	27	0
740	28	0
740	29	0
740	30	1
740	31	0
740	32	1
740	33	0
740	34	1
740	35	1
740	36	1
740	37	1
740	38	1
740	39	1
740	40	1
741	1	1
741	2	1
741	3	1
741	4	1
741	5	0
741	6	1
741	7	1
741	8	0
741	9	0
741	10	1
741	11	1
741	12	1
741	13	1
741	14	0
741	15	1
741	16	0
741	17	1
741	18	0
741	19	1
741	20	1
741	21	0
741	22	1
741	23	0
741	24	0
741	25	1
741	26	1
741	27	0
741	28	0
741	29	1
741	30	1
741	31	0
741	32	0
741	33	0
741	34	0
741	35	0
741	36	0
741	37	0
741	38	1
741	39	1
741	40	1
742	1	1
742	2	1
742	3	0
742	4	0
742	5	1
742	6	0
742	7	1
742	8	1
742	9	1
742	10	1
742	11	0
742	12	1
742	13	1
742	14	1
742	15	1
742	16	1
742	17	0
742	18	1
742	19	1
742	20	0
742	21	1
742	22	1
742	23	1
742	24	1
742	25	1
742	26	1
742	27	1
742	28	1
742	29	1
742	30	1
742	31	1
742	32	1
742	33	1
742	34	1
742	35	1
742	36	1
742	37	1
742	38	0
742	39	1
742	40	1
743	1	0
743	2	0
743	3	0
743	4	0
743	5	1
743	6	0
743	7	0
743	8	0
743	9	0
743	10	0
743	11	0
743	12	0
743	13	1
743	14	1
743	15	1
743	16	1
743	17	0
743	18	1
743	19	1
743	20	0
743	21	0
743	22	1
743	23	0
743	24	1
743	25	1
743	26	0
743	27	0
743	28	0
743	29	1
743	30	0
743	31	0
743	32	1
743	33	0
743	34	1
743	35	1
743	36	1
743	37	1
743	38	0
743	39	0
743	40	0
744	1	1
744	2	1
744	3	1
744	4	1
744	5	1
744	6	1
744	7	1
744	8	1
744	9	1
744	10	1
744	11	1
744	12	1
744	13	1
744	14	1
744	15	1
744	16	1
744	17	1
744	18	1
744	19	1
744	20	1
744	21	1
744	22	1
744	23	1
744	24	1
744	25	1
744	26	1
744	27	1
744	28	1
744	29	1
744	30	1
744	31	1
744	32	1
744	33	1
744	34	1
744	35	1
744	36	1
744	37	1
744	38	1
744	39	1
744	40	1
745	1	0
745	2	0
745	3	0
745	4	0
745	5	1
745	6	0
745	7	0
745	8	0
745	9	0
745	10	0
745	11	0
745	12	0
745	13	1
745	14	0
745	15	0
745	16	0
745	17	0
745	18	1
745	19	0
745	20	0
745	21	0
745	22	1
745	23	0
745	24	0
745	25	1
745	26	0
745	27	0
745	28	0
745	29	1
745	30	0
745	31	0
745	32	1
745	33	0
745	34	1
745	35	1
745	36	0
745	37	1
745	38	0
745	39	0
745	40	0
746	1	1
746	2	1
746	3	1
746	4	1
746	5	0
746	6	1
746	7	1
746	8	1
746	9	1
746	10	0
746	11	1
746	12	0
746	13	1
746	14	0
746	15	1
746	16	0
746	17	1
746	18	0
746	19	1
746	20	1
746	21	1
746	22	1
746	23	1
746	24	0
746	25	1
746	26	0
746	27	1
746	28	1
746	29	1
746	30	1
746	31	1
746	32	0
746	33	1
746	34	0
746	35	0
746	36	0
746	37	0
746	38	1
746	39	0
746	40	1
747	1	1
747	2	1
747	3	1
747	4	1
747	5	0
747	6	1
747	7	1
747	8	1
747	9	1
747	10	0
747	11	1
747	12	0
747	13	1
747	14	0
747	15	1
747	16	0
747	17	1
747	18	0
747	19	1
747	20	1
747	21	1
747	22	1
747	23	1
747	24	0
747	25	1
747	26	0
747	27	1
747	28	1
747	29	1
747	30	1
747	31	1
747	32	0
747	33	1
747	34	0
747	35	0
747	36	0
747	37	0
747	38	1
747	39	0
747	40	1
748	1	1
748	2	1
748	3	1
748	4	1
748	5	1
748	6	0
748	7	0
748	8	0
748	9	0
748	10	0
748	11	0
748	12	1
748	13	0
748	14	0
748	15	0
748	16	1
748	17	1
748	18	1
748	19	0
748	20	0
748	21	0
748	22	0
748	23	0
748	24	1
748	25	0
748	26	1
748	27	0
748	28	0
748	29	0
748	30	0
748	31	0
748	32	1
748	33	0
748	34	1
748	35	1
748	36	0
748	37	1
748	38	1
748	39	1
748	40	0
749	1	1
749	2	1
749	3	1
749	4	1
749	5	0
749	6	1
749	7	1
749	8	0
749	9	0
749	10	1
749	11	1
749	12	1
749	13	1
749	14	0
749	15	1
749	16	0
749	17	1
749	18	0
749	19	1
749	20	1
749	21	0
749	22	1
749	23	0
749	24	0
749	25	1
749	26	1
749	27	0
749	28	0
749	29	1
749	30	1
749	31	0
749	32	0
749	33	0
749	34	0
749	35	0
749	36	0
749	37	0
749	38	1
749	39	1
749	40	1
750	1	1
750	2	1
750	3	1
750	4	1
750	5	1
750	6	0
750	7	0
750	8	0
750	9	0
750	10	0
750	11	0
750	12	1
750	13	1
750	14	0
750	15	0
750	16	1
750	17	1
750	18	1
750	19	1
750	20	0
750	21	0
750	22	1
750	23	0
750	24	1
750	25	1
750	26	1
750	27	0
750	28	0
750	29	1
750	30	0
750	31	0
750	32	1
750	33	0
750	34	1
750	35	1
750	36	0
750	37	1
750	38	1
750	39	1
750	40	0
751	1	1
751	2	1
751	3	0
751	4	1
751	5	0
751	6	1
751	7	1
751	8	0
751	9	0
751	10	1
751	11	0
751	12	1
751	13	1
751	14	0
751	15	0
751	16	0
751	17	0
751	18	0
751	19	0
751	20	1
751	21	0
751	22	1
751	23	0
751	24	0
751	25	1
751	26	1
751	27	0
751	28	0
751	29	1
751	30	0
751	31	0
751	32	0
751	33	0
751	34	0
751	35	0
751	36	0
751	37	0
751	38	1
751	39	0
751	40	0
752	1	1
752	2	1
752	3	1
752	4	1
752	5	1
752	6	1
752	7	1
752	8	0
752	9	0
752	10	1
752	11	1
752	12	1
752	13	0
752	14	1
752	15	0
752	16	1
752	17	1
752	18	1
752	19	0
752	20	1
752	21	0
752	22	0
752	23	0
752	24	1
752	25	0
752	26	1
752	27	0
752	28	0
752	29	0
752	30	1
752	31	0
752	32	1
752	33	0
752	34	1
752	35	1
752	36	1
752	37	1
752	38	1
752	39	1
752	40	1
753	1	0
753	2	0
753	3	1
753	4	1
753	5	0
753	6	1
753	7	0
753	8	1
753	9	1
753	10	1
753	11	1
753	12	1
753	13	1
753	14	0
753	15	1
753	16	0
753	17	1
753	18	0
753	19	1
753	20	1
753	21	1
753	22	1
753	23	1
753	24	0
753	25	1
753	26	1
753	27	1
753	28	1
753	29	1
753	30	0
753	31	1
753	32	0
753	33	1
753	34	0
753	35	0
753	36	0
753	37	0
753	38	1
753	39	1
753	40	0
754	1	1
754	2	1
754	3	1
754	4	1
754	5	1
754	6	1
754	7	1
754	8	0
754	9	0
754	10	1
754	11	1
754	12	1
754	13	1
754	14	1
754	15	1
754	16	1
754	17	1
754	18	1
754	19	1
754	20	1
754	21	0
754	22	1
754	23	0
754	24	1
754	25	1
754	26	1
754	27	0
754	28	0
754	29	1
754	30	1
754	31	0
754	32	1
754	33	0
754	34	1
754	35	1
754	36	1
754	37	1
754	38	1
754	39	1
754	40	1
755	1	0
755	2	0
755	3	0
755	4	0
755	5	1
755	6	0
755	7	0
755	8	0
755	9	0
755	10	0
755	11	0
755	12	0
755	13	1
755	14	1
755	15	1
755	16	1
755	17	0
755	18	1
755	19	1
755	20	0
755	21	0
755	22	1
755	23	0
755	24	1
755	25	1
755	26	0
755	27	0
755	28	0
755	29	1
755	30	0
755	31	0
755	32	1
755	33	0
755	34	1
755	35	1
755	36	1
755	37	1
755	38	0
755	39	0
755	40	0
756	1	1
756	2	1
756	3	0
756	4	0
756	5	0
756	6	0
756	7	0
756	8	1
756	9	1
756	10	0
756	11	0
756	12	0
756	13	1
756	14	1
756	15	1
756	16	0
756	17	0
756	18	1
756	19	1
756	20	0
756	21	1
756	22	1
756	23	1
756	24	1
756	25	1
756	26	1
756	27	1
756	28	0
756	29	1
756	30	1
756	31	1
756	32	1
756	33	1
756	34	1
756	35	1
756	36	1
756	37	1
756	38	0
756	39	1
756	40	0
757	1	0
757	2	1
757	3	1
757	4	0
757	5	0
757	6	0
757	7	0
757	8	0
757	9	0
757	10	0
757	11	0
757	12	0
757	13	1
757	14	1
757	15	1
757	16	0
757	17	0
757	18	0
757	19	1
757	20	0
757	21	0
757	22	0
757	23	1
757	24	0
757	25	1
757	26	1
757	27	1
757	28	0
757	29	1
757	30	1
757	31	0
757	32	1
757	33	1
757	34	1
757	35	1
757	36	0
757	37	1
757	38	1
757	39	0
757	40	1
758	1	1
758	2	1
758	3	0
758	4	1
758	5	1
758	6	1
758	7	1
758	8	0
758	9	0
758	10	1
758	11	0
758	12	1
758	13	1
758	14	1
758	15	0
758	16	0
758	17	0
758	18	1
758	19	0
758	20	1
758	21	0
758	22	1
758	23	0
758	24	0
758	25	1
758	26	1
758	27	0
758	28	0
758	29	1
758	30	0
758	31	0
758	32	1
758	33	0
758	34	1
758	35	1
758	36	1
758	37	1
758	38	1
758	39	0
758	40	0
759	1	1
759	2	1
759	3	1
759	4	1
759	5	0
759	6	1
759	7	1
759	8	0
759	9	0
759	10	1
759	11	1
759	12	1
759	13	1
759	14	0
759	15	1
759	16	0
759	17	1
759	18	0
759	19	1
759	20	1
759	21	0
759	22	1
759	23	0
759	24	0
759	25	1
759	26	1
759	27	0
759	28	0
759	29	1
759	30	1
759	31	0
759	32	0
759	33	0
759	34	0
759	35	0
759	36	0
759	37	0
759	38	1
759	39	1
759	40	1
760	1	1
760	2	1
760	3	1
760	4	1
760	5	0
760	6	1
760	7	1
760	8	1
760	9	1
760	10	0
760	11	1
760	12	0
760	13	1
760	14	0
760	15	1
760	16	0
760	17	1
760	18	0
760	19	1
760	20	1
760	21	1
760	22	1
760	23	1
760	24	0
760	25	1
760	26	0
760	27	1
760	28	1
760	29	1
760	30	1
760	31	1
760	32	0
760	33	1
760	34	0
760	35	0
760	36	0
760	37	0
760	38	1
760	39	0
760	40	1
761	1	1
761	2	1
761	3	1
761	4	1
761	5	1
761	6	1
761	7	1
761	8	1
761	9	1
761	10	1
761	11	1
761	12	1
761	13	1
761	14	1
761	15	1
761	16	1
761	17	1
761	18	1
761	19	1
761	20	1
761	21	1
761	22	1
761	23	1
761	24	1
761	25	1
761	26	1
761	27	1
761	28	1
761	29	1
761	30	1
761	31	1
761	32	1
761	33	1
761	34	1
761	35	1
761	36	1
761	37	1
761	38	1
761	39	1
761	40	1
762	1	1
762	2	1
762	3	1
762	4	1
762	5	0
762	6	1
762	7	1
762	8	1
762	9	1
762	10	0
762	11	0
762	12	0
762	13	1
762	14	0
762	15	1
762	16	0
762	17	0
762	18	0
762	19	1
762	20	1
762	21	1
762	22	0
762	23	1
762	24	0
762	25	1
762	26	0
762	27	1
762	28	0
762	29	1
762	30	1
762	31	1
762	32	0
762	33	1
762	34	0
762	35	0
762	36	0
762	37	0
762	38	1
762	39	0
762	40	1
763	1	1
763	2	1
763	3	1
763	4	1
763	5	0
763	6	1
763	7	1
763	8	1
763	9	1
763	10	0
763	11	1
763	12	0
763	13	1
763	14	0
763	15	1
763	16	0
763	17	1
763	18	0
763	19	1
763	20	1
763	21	1
763	22	1
763	23	1
763	24	0
763	25	1
763	26	0
763	27	1
763	28	1
763	29	1
763	30	1
763	31	1
763	32	0
763	33	1
763	34	0
763	35	0
763	36	0
763	37	0
763	38	1
763	39	0
763	40	1
764	1	1
764	2	1
764	3	1
764	4	1
764	5	1
764	6	1
764	7	1
764	8	0
764	9	0
764	10	1
764	11	1
764	12	1
764	13	0
764	14	1
764	15	0
764	16	1
764	17	1
764	18	1
764	19	0
764	20	1
764	21	0
764	22	0
764	23	0
764	24	1
764	25	0
764	26	1
764	27	0
764	28	0
764	29	0
764	30	1
764	31	0
764	32	1
764	33	0
764	34	1
764	35	1
764	36	1
764	37	1
764	38	1
764	39	1
764	40	1
765	1	0
765	2	0
765	3	0
765	4	0
765	5	1
765	6	0
765	7	0
765	8	0
765	9	0
765	10	0
765	11	0
765	12	0
765	13	1
765	14	1
765	15	1
765	16	1
765	17	0
765	18	1
765	19	1
765	20	0
765	21	0
765	22	1
765	23	0
765	24	1
765	25	1
765	26	0
765	27	0
765	28	0
765	29	1
765	30	0
765	31	0
765	32	1
765	33	0
765	34	1
765	35	1
765	36	1
765	37	1
765	38	0
765	39	0
765	40	0
766	1	1
766	2	1
766	3	1
766	4	1
766	5	0
766	6	1
766	7	1
766	8	1
766	9	1
766	10	0
766	11	1
766	12	0
766	13	1
766	14	0
766	15	1
766	16	0
766	17	1
766	18	0
766	19	1
766	20	1
766	21	1
766	22	1
766	23	1
766	24	0
766	25	1
766	26	0
766	27	1
766	28	1
766	29	1
766	30	1
766	31	1
766	32	0
766	33	1
766	34	0
766	35	0
766	36	0
766	37	0
766	38	1
766	39	0
766	40	1
767	1	0
767	2	0
767	3	0
767	4	0
767	5	1
767	6	0
767	7	0
767	8	0
767	9	0
767	10	0
767	11	0
767	12	0
767	13	1
767	14	1
767	15	1
767	16	1
767	17	0
767	18	1
767	19	1
767	20	0
767	21	0
767	22	1
767	23	0
767	24	1
767	25	1
767	26	0
767	27	0
767	28	0
767	29	1
767	30	0
767	31	0
767	32	1
767	33	0
767	34	1
767	35	1
767	36	1
767	37	1
767	38	0
767	39	0
767	40	0
768	1	1
768	2	1
768	3	1
768	4	1
768	5	0
768	6	1
768	7	1
768	8	0
768	9	0
768	10	1
768	11	1
768	12	1
768	13	1
768	14	0
768	15	1
768	16	0
768	17	1
768	18	0
768	19	1
768	20	1
768	21	0
768	22	1
768	23	0
768	24	0
768	25	1
768	26	1
768	27	0
768	28	0
768	29	1
768	30	1
768	31	0
768	32	0
768	33	0
768	34	0
768	35	0
768	36	0
768	37	0
768	38	1
768	39	1
768	40	1
769	1	1
769	2	1
769	3	1
769	4	1
769	5	0
769	6	1
769	7	1
769	8	0
769	9	0
769	10	1
769	11	1
769	12	1
769	13	1
769	14	0
769	15	1
769	16	0
769	17	1
769	18	0
769	19	1
769	20	1
769	21	0
769	22	1
769	23	0
769	24	0
769	25	1
769	26	1
769	27	0
769	28	0
769	29	1
769	30	1
769	31	0
769	32	0
769	33	0
769	34	0
769	35	0
769	36	0
769	37	0
769	38	1
769	39	1
769	40	1
770	1	1
770	2	1
770	3	1
770	4	1
770	5	1
770	6	1
770	7	1
770	8	0
770	9	0
770	10	1
770	11	1
770	12	1
770	13	0
770	14	1
770	15	0
770	16	1
770	17	1
770	18	1
770	19	0
770	20	1
770	21	0
770	22	0
770	23	0
770	24	1
770	25	0
770	26	1
770	27	0
770	28	0
770	29	0
770	30	1
770	31	0
770	32	1
770	33	0
770	34	1
770	35	1
770	36	1
770	37	1
770	38	1
770	39	1
770	40	1
771	1	1
771	2	1
771	3	1
771	4	1
771	5	1
771	6	1
771	7	1
771	8	0
771	9	0
771	10	1
771	11	1
771	12	1
771	13	1
771	14	1
771	15	1
771	16	1
771	17	1
771	18	1
771	19	1
771	20	1
771	21	0
771	22	1
771	23	0
771	24	1
771	25	1
771	26	1
771	27	0
771	28	0
771	29	1
771	30	1
771	31	0
771	32	1
771	33	0
771	34	1
771	35	1
771	36	1
771	37	1
771	38	1
771	39	1
771	40	1
772	1	1
772	2	1
772	3	1
772	4	1
772	5	1
772	6	1
772	7	1
772	8	0
772	9	0
772	10	1
772	11	1
772	12	1
772	13	0
772	14	1
772	15	0
772	16	1
772	17	1
772	18	1
772	19	0
772	20	1
772	21	0
772	22	0
772	23	0
772	24	1
772	25	0
772	26	1
772	27	0
772	28	0
772	29	0
772	30	1
772	31	0
772	32	1
772	33	0
772	34	1
772	35	1
772	36	1
772	37	1
772	38	1
772	39	1
772	40	1
773	1	1
773	2	1
773	3	0
773	4	1
773	5	0
773	6	0
773	7	0
773	8	0
773	9	0
773	10	0
773	11	0
773	12	0
773	13	1
773	14	1
773	15	0
773	16	0
773	17	0
773	18	1
773	19	0
773	20	0
773	21	1
773	22	1
773	23	1
773	24	0
773	25	1
773	26	1
773	27	1
773	28	0
773	29	1
773	30	0
773	31	1
773	32	1
773	33	1
773	34	1
773	35	1
773	36	1
773	37	1
773	38	1
773	39	0
773	40	0
774	1	0
774	2	0
774	3	1
774	4	1
774	5	0
774	6	1
774	7	0
774	8	1
774	9	1
774	10	1
774	11	1
774	12	1
774	13	1
774	14	0
774	15	1
774	16	0
774	17	1
774	18	0
774	19	1
774	20	1
774	21	1
774	22	1
774	23	1
774	24	0
774	25	1
774	26	1
774	27	1
774	28	1
774	29	1
774	30	0
774	31	1
774	32	0
774	33	1
774	34	0
774	35	0
774	36	0
774	37	0
774	38	1
774	39	1
774	40	0
775	1	1
775	2	1
775	3	1
775	4	1
775	5	0
775	6	1
775	7	1
775	8	1
775	9	1
775	10	0
775	11	1
775	12	0
775	13	1
775	14	0
775	15	1
775	16	0
775	17	1
775	18	0
775	19	1
775	20	1
775	21	1
775	22	1
775	23	1
775	24	0
775	25	1
775	26	0
775	27	1
775	28	1
775	29	1
775	30	1
775	31	1
775	32	0
775	33	1
775	34	0
775	35	0
775	36	0
775	37	0
775	38	1
775	39	0
775	40	1
776	1	0
776	2	0
776	3	0
776	4	0
776	5	1
776	6	0
776	7	0
776	8	0
776	9	0
776	10	0
776	11	0
776	12	0
776	13	1
776	14	1
776	15	1
776	16	1
776	17	0
776	18	1
776	19	1
776	20	0
776	21	0
776	22	1
776	23	0
776	24	1
776	25	1
776	26	0
776	27	0
776	28	0
776	29	1
776	30	0
776	31	0
776	32	1
776	33	0
776	34	1
776	35	1
776	36	1
776	37	1
776	38	0
776	39	0
776	40	0
777	1	1
777	2	1
777	3	1
777	4	1
777	5	0
777	6	1
777	7	1
777	8	0
777	9	0
777	10	1
777	11	1
777	12	1
777	13	1
777	14	0
777	15	1
777	16	0
777	17	1
777	18	0
777	19	1
777	20	1
777	21	0
777	22	1
777	23	0
777	24	0
777	25	1
777	26	1
777	27	0
777	28	0
777	29	1
777	30	1
777	31	0
777	32	0
777	33	0
777	34	0
777	35	0
777	36	0
777	37	0
777	38	1
777	39	1
777	40	1
778	1	1
778	2	1
778	3	1
778	4	1
778	5	1
778	6	1
778	7	1
778	8	1
778	9	1
778	10	1
778	11	1
778	12	1
778	13	1
778	14	1
778	15	1
778	16	1
778	17	1
778	18	1
778	19	1
778	20	1
778	21	1
778	22	1
778	23	1
778	24	1
778	25	1
778	26	1
778	27	1
778	28	1
778	29	1
778	30	1
778	31	1
778	32	1
778	33	1
778	34	1
778	35	1
778	36	1
778	37	1
778	38	1
778	39	1
778	40	1
779	1	0
779	2	1
779	3	1
779	4	0
779	5	0
779	6	0
779	7	0
779	8	0
779	9	0
779	10	0
779	11	1
779	12	0
779	13	1
779	14	0
779	15	1
779	16	0
779	17	1
779	18	0
779	19	1
779	20	0
779	21	0
779	22	0
779	23	0
779	24	0
779	25	1
779	26	1
779	27	0
779	28	0
779	29	1
779	30	1
779	31	0
779	32	0
779	33	0
779	34	0
779	35	0
779	36	0
779	37	0
779	38	1
779	39	1
779	40	1
780	1	1
780	2	1
780	3	0
780	4	0
780	5	1
780	6	0
780	7	1
780	8	0
780	9	0
780	10	1
780	11	0
780	12	1
780	13	1
780	14	1
780	15	0
780	16	0
780	17	0
780	18	1
780	19	0
780	20	0
780	21	1
780	22	1
780	23	1
780	24	0
780	25	1
780	26	1
780	27	1
780	28	0
780	29	1
780	30	0
780	31	1
780	32	1
780	33	1
780	34	1
780	35	1
780	36	1
780	37	1
780	38	0
780	39	0
780	40	0
781	1	1
781	2	1
781	3	1
781	4	1
781	5	0
781	6	1
781	7	1
781	8	1
781	9	1
781	10	0
781	11	1
781	12	0
781	13	1
781	14	0
781	15	1
781	16	0
781	17	1
781	18	0
781	19	1
781	20	1
781	21	1
781	22	1
781	23	1
781	24	0
781	25	1
781	26	0
781	27	1
781	28	1
781	29	1
781	30	1
781	31	1
781	32	0
781	33	1
781	34	0
781	35	0
781	36	0
781	37	0
781	38	1
781	39	0
781	40	1
782	1	1
782	2	1
782	3	1
782	4	1
782	5	1
782	6	1
782	7	1
782	8	1
782	9	1
782	10	1
782	11	1
782	12	1
782	13	1
782	14	1
782	15	1
782	16	1
782	17	1
782	18	1
782	19	1
782	20	1
782	21	1
782	22	1
782	23	1
782	24	1
782	25	1
782	26	1
782	27	1
782	28	1
782	29	1
782	30	1
782	31	1
782	32	1
782	33	1
782	34	1
782	35	1
782	36	1
782	37	1
782	38	1
782	39	1
782	40	1
783	1	1
783	2	1
783	3	1
783	4	1
783	5	1
783	6	1
783	7	1
783	8	1
783	9	1
783	10	1
783	11	1
783	12	1
783	13	1
783	14	1
783	15	1
783	16	1
783	17	1
783	18	1
783	19	1
783	20	1
783	21	1
783	22	1
783	23	1
783	24	1
783	25	1
783	26	1
783	27	1
783	28	1
783	29	1
783	30	1
783	31	1
783	32	1
783	33	1
783	34	1
783	35	1
783	36	1
783	37	1
783	38	1
783	39	1
783	40	1
784	1	0
784	2	0
784	3	0
784	4	0
784	5	1
784	6	0
784	7	0
784	8	0
784	9	0
784	10	0
784	11	0
784	12	0
784	13	1
784	14	1
784	15	1
784	16	1
784	17	0
784	18	1
784	19	1
784	20	0
784	21	0
784	22	1
784	23	0
784	24	1
784	25	1
784	26	0
784	27	0
784	28	0
784	29	1
784	30	0
784	31	0
784	32	1
784	33	0
784	34	1
784	35	1
784	36	1
784	37	1
784	38	0
784	39	0
784	40	0
785	1	1
785	2	1
785	3	1
785	4	1
785	5	0
785	6	1
785	7	1
785	8	1
785	9	1
785	10	0
785	11	1
785	12	0
785	13	1
785	14	0
785	15	1
785	16	0
785	17	1
785	18	0
785	19	1
785	20	1
785	21	1
785	22	1
785	23	1
785	24	0
785	25	1
785	26	0
785	27	1
785	28	1
785	29	1
785	30	1
785	31	1
785	32	0
785	33	1
785	34	0
785	35	0
785	36	0
785	37	0
785	38	1
785	39	0
785	40	1
786	1	1
786	2	1
786	3	1
786	4	1
786	5	0
786	6	1
786	7	1
786	8	0
786	9	0
786	10	1
786	11	1
786	12	1
786	13	1
786	14	0
786	15	1
786	16	0
786	17	1
786	18	0
786	19	1
786	20	1
786	21	0
786	22	1
786	23	0
786	24	0
786	25	1
786	26	1
786	27	0
786	28	0
786	29	1
786	30	1
786	31	0
786	32	0
786	33	0
786	34	0
786	35	0
786	36	0
786	37	0
786	38	1
786	39	1
786	40	1
787	1	1
787	2	1
787	3	1
787	4	1
787	5	1
787	6	1
787	7	1
787	8	1
787	9	1
787	10	1
787	11	1
787	12	1
787	13	1
787	14	1
787	15	1
787	16	1
787	17	1
787	18	1
787	19	1
787	20	1
787	21	1
787	22	1
787	23	1
787	24	1
787	25	1
787	26	1
787	27	1
787	28	1
787	29	1
787	30	1
787	31	1
787	32	1
787	33	1
787	34	1
787	35	1
787	36	1
787	37	1
787	38	1
787	39	1
787	40	1
788	1	0
788	2	0
788	3	0
788	4	0
788	5	1
788	6	0
788	7	0
788	8	0
788	9	0
788	10	0
788	11	0
788	12	0
788	13	1
788	14	0
788	15	0
788	16	1
788	17	0
788	18	1
788	19	1
788	20	0
788	21	0
788	22	1
788	23	0
788	24	1
788	25	1
788	26	0
788	27	0
788	28	0
788	29	1
788	30	0
788	31	0
788	32	1
788	33	0
788	34	1
788	35	1
788	36	0
788	37	1
788	38	0
788	39	0
788	40	0
789	1	1
789	2	1
789	3	1
789	4	1
789	5	0
789	6	1
789	7	1
789	8	1
789	9	1
789	10	0
789	11	0
789	12	0
789	13	1
789	14	0
789	15	1
789	16	0
789	17	0
789	18	0
789	19	1
789	20	1
789	21	1
789	22	0
789	23	1
789	24	0
789	25	1
789	26	0
789	27	1
789	28	0
789	29	1
789	30	1
789	31	1
789	32	0
789	33	1
789	34	0
789	35	0
789	36	0
789	37	0
789	38	1
789	39	0
789	40	1
790	1	1
790	2	1
790	3	1
790	4	1
790	5	1
790	6	1
790	7	1
790	8	0
790	9	0
790	10	1
790	11	1
790	12	1
790	13	1
790	14	1
790	15	1
790	16	1
790	17	1
790	18	1
790	19	1
790	20	1
790	21	0
790	22	1
790	23	0
790	24	1
790	25	1
790	26	1
790	27	0
790	28	0
790	29	1
790	30	1
790	31	0
790	32	1
790	33	0
790	34	1
790	35	1
790	36	1
790	37	1
790	38	1
790	39	1
790	40	1
791	1	1
791	2	1
791	3	1
791	4	1
791	5	1
791	6	1
791	7	1
791	8	1
791	9	1
791	10	1
791	11	1
791	12	1
791	13	1
791	14	1
791	15	1
791	16	1
791	17	1
791	18	1
791	19	1
791	20	1
791	21	1
791	22	1
791	23	1
791	24	1
791	25	1
791	26	1
791	27	1
791	28	1
791	29	1
791	30	1
791	31	1
791	32	1
791	33	1
791	34	1
791	35	1
791	36	1
791	37	1
791	38	1
791	39	1
791	40	1
792	1	1
792	2	1
792	3	0
792	4	0
792	5	0
792	6	0
792	7	0
792	8	1
792	9	1
792	10	0
792	11	0
792	12	0
792	13	1
792	14	1
792	15	1
792	16	0
792	17	0
792	18	1
792	19	1
792	20	0
792	21	1
792	22	1
792	23	1
792	24	1
792	25	1
792	26	1
792	27	1
792	28	0
792	29	1
792	30	1
792	31	1
792	32	1
792	33	1
792	34	1
792	35	1
792	36	1
792	37	1
792	38	0
792	39	1
792	40	0
793	1	0
793	2	1
793	3	1
793	4	0
793	5	1
793	6	0
793	7	0
793	8	0
793	9	0
793	10	0
793	11	1
793	12	0
793	13	1
793	14	1
793	15	1
793	16	1
793	17	1
793	18	0
793	19	1
793	20	0
793	21	0
793	22	0
793	23	1
793	24	0
793	25	1
793	26	1
793	27	1
793	28	1
793	29	1
793	30	1
793	31	0
793	32	1
793	33	1
793	34	1
793	35	1
793	36	0
793	37	1
793	38	1
793	39	1
793	40	1
794	1	0
794	2	0
794	3	1
794	4	1
794	5	0
794	6	1
794	7	0
794	8	1
794	9	1
794	10	1
794	11	1
794	12	1
794	13	1
794	14	0
794	15	1
794	16	0
794	17	1
794	18	0
794	19	1
794	20	1
794	21	1
794	22	1
794	23	1
794	24	0
794	25	1
794	26	1
794	27	1
794	28	1
794	29	1
794	30	0
794	31	1
794	32	0
794	33	1
794	34	0
794	35	0
794	36	0
794	37	0
794	38	1
794	39	1
794	40	0
795	1	1
795	2	1
795	3	0
795	4	1
795	5	0
795	6	0
795	7	0
795	8	1
795	9	1
795	10	0
795	11	1
795	12	0
795	13	1
795	14	1
795	15	1
795	16	0
795	17	1
795	18	1
795	19	1
795	20	0
795	21	1
795	22	1
795	23	1
795	24	1
795	25	1
795	26	1
795	27	1
795	28	0
795	29	1
795	30	1
795	31	1
795	32	1
795	33	1
795	34	1
795	35	1
795	36	1
795	37	1
795	38	1
795	39	1
795	40	0
796	1	0
796	2	0
796	3	1
796	4	1
796	5	0
796	6	1
796	7	0
796	8	1
796	9	1
796	10	1
796	11	1
796	12	1
796	13	1
796	14	0
796	15	1
796	16	0
796	17	1
796	18	0
796	19	1
796	20	1
796	21	1
796	22	1
796	23	1
796	24	0
796	25	1
796	26	1
796	27	1
796	28	1
796	29	1
796	30	0
796	31	1
796	32	0
796	33	1
796	34	0
796	35	0
796	36	0
796	37	0
796	38	1
796	39	1
796	40	0
797	1	0
797	2	0
797	3	1
797	4	1
797	5	0
797	6	1
797	7	0
797	8	1
797	9	1
797	10	1
797	11	1
797	12	1
797	13	1
797	14	0
797	15	1
797	16	0
797	17	1
797	18	0
797	19	1
797	20	1
797	21	1
797	22	1
797	23	1
797	24	0
797	25	1
797	26	1
797	27	1
797	28	1
797	29	1
797	30	0
797	31	1
797	32	0
797	33	1
797	34	0
797	35	0
797	36	0
797	37	0
797	38	1
797	39	1
797	40	0
798	1	1
798	2	1
798	3	0
798	4	0
798	5	1
798	6	0
798	7	1
798	8	1
798	9	1
798	10	1
798	11	0
798	12	1
798	13	1
798	14	1
798	15	1
798	16	1
798	17	0
798	18	1
798	19	1
798	20	0
798	21	1
798	22	1
798	23	1
798	24	1
798	25	1
798	26	1
798	27	1
798	28	1
798	29	1
798	30	1
798	31	1
798	32	1
798	33	1
798	34	1
798	35	1
798	36	1
798	37	1
798	38	0
798	39	1
798	40	1
799	1	1
799	2	1
799	3	1
799	4	1
799	5	0
799	6	1
799	7	1
799	8	1
799	9	1
799	10	0
799	11	0
799	12	0
799	13	1
799	14	0
799	15	1
799	16	0
799	17	0
799	18	0
799	19	1
799	20	1
799	21	1
799	22	0
799	23	1
799	24	0
799	25	1
799	26	0
799	27	1
799	28	0
799	29	1
799	30	1
799	31	1
799	32	0
799	33	1
799	34	0
799	35	0
799	36	0
799	37	0
799	38	1
799	39	0
799	40	1
800	1	1
800	2	1
800	3	1
800	4	1
800	5	1
800	6	1
800	7	1
800	8	0
800	9	0
800	10	1
800	11	1
800	12	1
800	13	1
800	14	1
800	15	1
800	16	1
800	17	1
800	18	1
800	19	1
800	20	1
800	21	0
800	22	1
800	23	0
800	24	1
800	25	1
800	26	1
800	27	0
800	28	0
800	29	1
800	30	1
800	31	0
800	32	1
800	33	0
800	34	1
800	35	1
800	36	1
800	37	1
800	38	1
800	39	1
800	40	1
801	1	1
801	2	1
801	3	1
801	4	1
801	5	1
801	6	1
801	7	1
801	8	0
801	9	0
801	10	1
801	11	1
801	12	1
801	13	0
801	14	1
801	15	0
801	16	1
801	17	1
801	18	1
801	19	0
801	20	1
801	21	0
801	22	0
801	23	0
801	24	1
801	25	0
801	26	1
801	27	0
801	28	0
801	29	0
801	30	1
801	31	0
801	32	1
801	33	0
801	34	1
801	35	1
801	36	1
801	37	1
801	38	1
801	39	1
801	40	1
802	1	0
802	2	0
802	3	1
802	4	1
802	5	0
802	6	0
802	7	0
802	8	0
802	9	1
802	10	0
802	11	0
802	12	1
802	13	1
802	14	0
802	15	0
802	16	0
802	17	1
802	18	0
802	19	1
802	20	0
802	21	1
802	22	1
802	23	1
802	24	0
802	25	1
802	26	1
802	27	1
802	28	1
802	29	1
802	30	0
802	31	1
802	32	0
802	33	1
802	34	0
802	35	0
802	36	0
802	37	0
802	38	1
802	39	1
802	40	0
803	1	0
803	2	0
803	3	0
803	4	1
803	5	0
803	6	1
803	7	0
803	8	0
803	9	0
803	10	1
803	11	0
803	12	1
803	13	1
803	14	0
803	15	0
803	16	0
803	17	0
803	18	0
803	19	0
803	20	1
803	21	1
803	22	1
803	23	1
803	24	0
803	25	1
803	26	1
803	27	1
803	28	0
803	29	1
803	30	0
803	31	1
803	32	0
803	33	1
803	34	0
803	35	0
803	36	0
803	37	0
803	38	1
803	39	0
803	40	0
804	1	0
804	2	1
804	3	0
804	4	0
804	5	1
804	6	0
804	7	0
804	8	0
804	9	0
804	10	0
804	11	0
804	12	0
804	13	1
804	14	1
804	15	1
804	16	1
804	17	0
804	18	0
804	19	1
804	20	0
804	21	0
804	22	0
804	23	1
804	24	0
804	25	1
804	26	1
804	27	1
804	28	1
804	29	1
804	30	1
804	31	0
804	32	1
804	33	1
804	34	1
804	35	1
804	36	0
804	37	1
804	38	0
804	39	1
804	40	1
805	1	1
805	2	1
805	3	1
805	4	1
805	5	1
805	6	1
805	7	1
805	8	0
805	9	0
805	10	1
805	11	1
805	12	1
805	13	0
805	14	1
805	15	0
805	16	1
805	17	1
805	18	1
805	19	0
805	20	1
805	21	0
805	22	0
805	23	0
805	24	1
805	25	0
805	26	1
805	27	0
805	28	0
805	29	0
805	30	1
805	31	0
805	32	1
805	33	0
805	34	1
805	35	1
805	36	1
805	37	1
805	38	1
805	39	1
805	40	1
806	1	0
806	2	0
806	3	0
806	4	0
806	5	1
806	6	0
806	7	0
806	8	0
806	9	0
806	10	0
806	11	0
806	12	0
806	13	1
806	14	1
806	15	0
806	16	0
806	17	0
806	18	1
806	19	0
806	20	0
806	21	0
806	22	1
806	23	0
806	24	0
806	25	1
806	26	0
806	27	0
806	28	0
806	29	1
806	30	0
806	31	0
806	32	1
806	33	0
806	34	1
806	35	1
806	36	1
806	37	1
806	38	0
806	39	0
806	40	0
807	1	1
807	2	1
807	3	1
807	4	1
807	5	0
807	6	1
807	7	1
807	8	1
807	9	1
807	10	0
807	11	1
807	12	0
807	13	1
807	14	0
807	15	1
807	16	0
807	17	1
807	18	0
807	19	1
807	20	1
807	21	1
807	22	1
807	23	1
807	24	0
807	25	1
807	26	0
807	27	1
807	28	1
807	29	1
807	30	1
807	31	1
807	32	0
807	33	1
807	34	0
807	35	0
807	36	0
807	37	0
807	38	1
807	39	0
807	40	1
808	1	0
808	2	0
808	3	0
808	4	0
808	5	1
808	6	0
808	7	0
808	8	0
808	9	0
808	10	0
808	11	0
808	12	0
808	13	1
808	14	1
808	15	1
808	16	1
808	17	0
808	18	1
808	19	1
808	20	0
808	21	0
808	22	1
808	23	0
808	24	1
808	25	1
808	26	0
808	27	0
808	28	0
808	29	1
808	30	0
808	31	0
808	32	1
808	33	0
808	34	1
808	35	1
808	36	1
808	37	1
808	38	0
808	39	0
808	40	0
809	1	1
809	2	1
809	3	1
809	4	1
809	5	1
809	6	1
809	7	1
809	8	1
809	9	1
809	10	1
809	11	1
809	12	1
809	13	1
809	14	1
809	15	1
809	16	1
809	17	1
809	18	1
809	19	1
809	20	1
809	21	1
809	22	1
809	23	1
809	24	1
809	25	1
809	26	1
809	27	1
809	28	1
809	29	1
809	30	1
809	31	1
809	32	1
809	33	1
809	34	1
809	35	1
809	36	1
809	37	1
809	38	1
809	39	1
809	40	1
810	1	1
810	2	1
810	3	0
810	4	0
810	5	1
810	6	0
810	7	1
810	8	1
810	9	1
810	10	1
810	11	0
810	12	1
810	13	1
810	14	1
810	15	1
810	16	1
810	17	0
810	18	1
810	19	1
810	20	0
810	21	1
810	22	1
810	23	1
810	24	1
810	25	1
810	26	1
810	27	1
810	28	1
810	29	1
810	30	1
810	31	1
810	32	1
810	33	1
810	34	1
810	35	1
810	36	1
810	37	1
810	38	0
810	39	1
810	40	1
811	1	1
811	2	1
811	3	0
811	4	0
811	5	1
811	6	0
811	7	1
811	8	1
811	9	1
811	10	1
811	11	0
811	12	1
811	13	1
811	14	1
811	15	1
811	16	1
811	17	0
811	18	1
811	19	1
811	20	0
811	21	1
811	22	1
811	23	1
811	24	1
811	25	1
811	26	1
811	27	1
811	28	1
811	29	1
811	30	1
811	31	1
811	32	1
811	33	1
811	34	1
811	35	1
811	36	1
811	37	1
811	38	0
811	39	1
811	40	1
812	1	1
812	2	1
812	3	1
812	4	1
812	5	0
812	6	1
812	7	1
812	8	0
812	9	0
812	10	1
812	11	1
812	12	1
812	13	1
812	14	0
812	15	1
812	16	0
812	17	1
812	18	0
812	19	1
812	20	1
812	21	0
812	22	1
812	23	0
812	24	0
812	25	1
812	26	1
812	27	0
812	28	0
812	29	1
812	30	1
812	31	0
812	32	0
812	33	0
812	34	0
812	35	0
812	36	0
812	37	0
812	38	1
812	39	1
812	40	1
813	1	0
813	2	0
813	3	1
813	4	1
813	5	0
813	6	1
813	7	0
813	8	1
813	9	1
813	10	1
813	11	1
813	12	1
813	13	1
813	14	0
813	15	1
813	16	0
813	17	1
813	18	0
813	19	1
813	20	1
813	21	1
813	22	1
813	23	1
813	24	0
813	25	1
813	26	1
813	27	1
813	28	1
813	29	1
813	30	0
813	31	1
813	32	0
813	33	1
813	34	0
813	35	0
813	36	0
813	37	0
813	38	1
813	39	1
813	40	0
814	1	1
814	2	1
814	3	1
814	4	1
814	5	1
814	6	1
814	7	1
814	8	1
814	9	1
814	10	1
814	11	1
814	12	1
814	13	1
814	14	1
814	15	1
814	16	1
814	17	1
814	18	1
814	19	1
814	20	1
814	21	1
814	22	1
814	23	1
814	24	1
814	25	1
814	26	1
814	27	1
814	28	1
814	29	1
814	30	1
814	31	1
814	32	1
814	33	1
814	34	1
814	35	1
814	36	1
814	37	1
814	38	1
814	39	1
814	40	1
815	1	0
815	2	0
815	3	1
815	4	1
815	5	0
815	6	1
815	7	0
815	8	1
815	9	1
815	10	1
815	11	1
815	12	1
815	13	1
815	14	0
815	15	1
815	16	0
815	17	1
815	18	0
815	19	1
815	20	1
815	21	1
815	22	1
815	23	1
815	24	0
815	25	1
815	26	1
815	27	1
815	28	1
815	29	1
815	30	0
815	31	1
815	32	0
815	33	1
815	34	0
815	35	0
815	36	0
815	37	0
815	38	1
815	39	1
815	40	0
816	1	1
816	2	1
816	3	1
816	4	1
816	5	1
816	6	1
816	7	1
816	8	0
816	9	0
816	10	1
816	11	1
816	12	1
816	13	1
816	14	1
816	15	1
816	16	1
816	17	1
816	18	1
816	19	1
816	20	1
816	21	0
816	22	1
816	23	0
816	24	1
816	25	1
816	26	1
816	27	0
816	28	0
816	29	1
816	30	1
816	31	0
816	32	1
816	33	0
816	34	1
816	35	1
816	36	1
816	37	1
816	38	1
816	39	1
816	40	1
817	1	1
817	2	1
817	3	1
817	4	1
817	5	1
817	6	1
817	7	1
817	8	1
817	9	1
817	10	1
817	11	1
817	12	1
817	13	1
817	14	1
817	15	1
817	16	1
817	17	1
817	18	1
817	19	1
817	20	1
817	21	1
817	22	1
817	23	1
817	24	1
817	25	1
817	26	1
817	27	1
817	28	1
817	29	1
817	30	1
817	31	1
817	32	1
817	33	1
817	34	1
817	35	1
817	36	1
817	37	1
817	38	1
817	39	1
817	40	1
818	1	1
818	2	1
818	3	1
818	4	1
818	5	1
818	6	1
818	7	1
818	8	1
818	9	1
818	10	1
818	11	1
818	12	1
818	13	1
818	14	1
818	15	1
818	16	1
818	17	1
818	18	1
818	19	1
818	20	1
818	21	1
818	22	1
818	23	1
818	24	1
818	25	1
818	26	1
818	27	1
818	28	1
818	29	1
818	30	1
818	31	1
818	32	1
818	33	1
818	34	1
818	35	1
818	36	1
818	37	1
818	38	1
818	39	1
818	40	1
819	1	0
819	2	0
819	3	1
819	4	1
819	5	0
819	6	1
819	7	0
819	8	1
819	9	1
819	10	1
819	11	1
819	12	1
819	13	1
819	14	0
819	15	1
819	16	0
819	17	1
819	18	0
819	19	1
819	20	1
819	21	1
819	22	1
819	23	1
819	24	0
819	25	1
819	26	1
819	27	1
819	28	1
819	29	1
819	30	0
819	31	1
819	32	0
819	33	1
819	34	0
819	35	0
819	36	0
819	37	0
819	38	1
819	39	1
819	40	0
820	1	1
820	2	1
820	3	1
820	4	1
820	5	0
820	6	1
820	7	1
820	8	1
820	9	1
820	10	0
820	11	1
820	12	0
820	13	1
820	14	0
820	15	1
820	16	0
820	17	1
820	18	0
820	19	1
820	20	1
820	21	1
820	22	1
820	23	1
820	24	0
820	25	1
820	26	0
820	27	1
820	28	1
820	29	1
820	30	1
820	31	1
820	32	0
820	33	1
820	34	0
820	35	0
820	36	0
820	37	0
820	38	1
820	39	0
820	40	1
821	1	1
821	2	1
821	3	1
821	4	1
821	5	1
821	6	1
821	7	1
821	8	1
821	9	1
821	10	1
821	11	1
821	12	1
821	13	1
821	14	1
821	15	1
821	16	1
821	17	1
821	18	1
821	19	1
821	20	1
821	21	1
821	22	1
821	23	1
821	24	1
821	25	1
821	26	1
821	27	1
821	28	1
821	29	1
821	30	1
821	31	1
821	32	1
821	33	1
821	34	1
821	35	1
821	36	1
821	37	1
821	38	1
821	39	1
821	40	1
822	1	1
822	2	1
822	3	1
822	4	1
822	5	0
822	6	1
822	7	1
822	8	1
822	9	1
822	10	0
822	11	1
822	12	0
822	13	1
822	14	0
822	15	1
822	16	0
822	17	1
822	18	0
822	19	1
822	20	1
822	21	1
822	22	1
822	23	1
822	24	0
822	25	1
822	26	0
822	27	1
822	28	1
822	29	1
822	30	1
822	31	1
822	32	0
822	33	1
822	34	0
822	35	0
822	36	0
822	37	0
822	38	1
822	39	0
822	40	1
823	1	1
823	2	1
823	3	0
823	4	1
823	5	0
823	6	0
823	7	0
823	8	1
823	9	1
823	10	0
823	11	1
823	12	0
823	13	1
823	14	0
823	15	1
823	16	0
823	17	1
823	18	0
823	19	1
823	20	0
823	21	1
823	22	1
823	23	1
823	24	0
823	25	1
823	26	0
823	27	1
823	28	0
823	29	1
823	30	1
823	31	1
823	32	0
823	33	1
823	34	0
823	35	0
823	36	0
823	37	0
823	38	1
823	39	0
823	40	0
824	1	0
824	2	0
824	3	1
824	4	1
824	5	0
824	6	1
824	7	0
824	8	1
824	9	1
824	10	1
824	11	1
824	12	1
824	13	1
824	14	0
824	15	1
824	16	0
824	17	1
824	18	0
824	19	1
824	20	1
824	21	1
824	22	1
824	23	1
824	24	0
824	25	1
824	26	1
824	27	1
824	28	1
824	29	1
824	30	0
824	31	1
824	32	0
824	33	1
824	34	0
824	35	0
824	36	0
824	37	0
824	38	1
824	39	1
824	40	0
825	1	1
825	2	1
825	3	1
825	4	1
825	5	1
825	6	1
825	7	1
825	8	1
825	9	1
825	10	1
825	11	1
825	12	1
825	13	1
825	14	1
825	15	1
825	16	1
825	17	1
825	18	1
825	19	1
825	20	1
825	21	1
825	22	1
825	23	1
825	24	1
825	25	1
825	26	1
825	27	1
825	28	1
825	29	1
825	30	1
825	31	1
825	32	1
825	33	1
825	34	1
825	35	1
825	36	1
825	37	1
825	38	1
825	39	1
825	40	1
826	1	1
826	2	1
826	3	1
826	4	1
826	5	0
826	6	1
826	7	1
826	8	0
826	9	0
826	10	1
826	11	1
826	12	1
826	13	1
826	14	0
826	15	1
826	16	0
826	17	1
826	18	0
826	19	1
826	20	1
826	21	0
826	22	1
826	23	0
826	24	0
826	25	1
826	26	1
826	27	0
826	28	0
826	29	1
826	30	1
826	31	0
826	32	0
826	33	0
826	34	0
826	35	0
826	36	0
826	37	0
826	38	1
826	39	1
826	40	1
827	1	1
827	2	1
827	3	1
827	4	1
827	5	0
827	6	1
827	7	1
827	8	0
827	9	0
827	10	1
827	11	1
827	12	1
827	13	1
827	14	0
827	15	1
827	16	0
827	17	1
827	18	0
827	19	1
827	20	1
827	21	0
827	22	1
827	23	0
827	24	0
827	25	1
827	26	1
827	27	0
827	28	0
827	29	1
827	30	1
827	31	0
827	32	0
827	33	0
827	34	0
827	35	0
827	36	0
827	37	0
827	38	1
827	39	1
827	40	1
828	1	1
828	2	1
828	3	1
828	4	1
828	5	0
828	6	1
828	7	1
828	8	1
828	9	1
828	10	0
828	11	1
828	12	0
828	13	1
828	14	0
828	15	1
828	16	0
828	17	1
828	18	0
828	19	1
828	20	1
828	21	1
828	22	1
828	23	1
828	24	0
828	25	1
828	26	0
828	27	1
828	28	1
828	29	1
828	30	1
828	31	1
828	32	0
828	33	1
828	34	0
828	35	0
828	36	0
828	37	0
828	38	1
828	39	0
828	40	1
829	1	1
829	2	1
829	3	0
829	4	0
829	5	1
829	6	0
829	7	1
829	8	1
829	9	1
829	10	1
829	11	0
829	12	1
829	13	1
829	14	1
829	15	1
829	16	1
829	17	0
829	18	1
829	19	1
829	20	0
829	21	1
829	22	1
829	23	1
829	24	1
829	25	1
829	26	1
829	27	1
829	28	1
829	29	1
829	30	1
829	31	1
829	32	1
829	33	1
829	34	1
829	35	1
829	36	1
829	37	1
829	38	0
829	39	1
829	40	1
830	1	1
830	2	1
830	3	1
830	4	1
830	5	1
830	6	1
830	7	1
830	8	0
830	9	0
830	10	1
830	11	1
830	12	1
830	13	1
830	14	1
830	15	1
830	16	1
830	17	1
830	18	1
830	19	1
830	20	1
830	21	0
830	22	1
830	23	0
830	24	1
830	25	1
830	26	1
830	27	0
830	28	0
830	29	1
830	30	1
830	31	0
830	32	1
830	33	0
830	34	1
830	35	1
830	36	1
830	37	1
830	38	1
830	39	1
830	40	1
831	1	1
831	2	1
831	3	0
831	4	0
831	5	1
831	6	0
831	7	1
831	8	1
831	9	1
831	10	1
831	11	0
831	12	1
831	13	1
831	14	1
831	15	1
831	16	1
831	17	0
831	18	1
831	19	1
831	20	0
831	21	1
831	22	1
831	23	1
831	24	1
831	25	1
831	26	1
831	27	1
831	28	1
831	29	1
831	30	1
831	31	1
831	32	1
831	33	1
831	34	1
831	35	1
831	36	1
831	37	1
831	38	0
831	39	1
831	40	1
832	1	0
832	2	0
832	3	0
832	4	0
832	5	1
832	6	0
832	7	0
832	8	0
832	9	0
832	10	0
832	11	0
832	12	0
832	13	1
832	14	1
832	15	1
832	16	1
832	17	0
832	18	1
832	19	1
832	20	0
832	21	0
832	22	1
832	23	0
832	24	1
832	25	1
832	26	0
832	27	0
832	28	0
832	29	1
832	30	0
832	31	0
832	32	1
832	33	0
832	34	1
832	35	1
832	36	1
832	37	1
832	38	0
832	39	0
832	40	0
833	1	0
833	2	0
833	3	0
833	4	0
833	5	1
833	6	0
833	7	0
833	8	0
833	9	0
833	10	0
833	11	0
833	12	0
833	13	1
833	14	1
833	15	1
833	16	1
833	17	0
833	18	1
833	19	1
833	20	0
833	21	0
833	22	1
833	23	0
833	24	1
833	25	1
833	26	0
833	27	0
833	28	0
833	29	1
833	30	0
833	31	0
833	32	1
833	33	0
833	34	1
833	35	1
833	36	1
833	37	1
833	38	0
833	39	0
833	40	0
834	1	1
834	2	1
834	3	1
834	4	1
834	5	1
834	6	1
834	7	1
834	8	0
834	9	0
834	10	1
834	11	1
834	12	1
834	13	0
834	14	1
834	15	0
834	16	1
834	17	1
834	18	1
834	19	0
834	20	1
834	21	0
834	22	0
834	23	0
834	24	1
834	25	0
834	26	1
834	27	0
834	28	0
834	29	0
834	30	1
834	31	0
834	32	1
834	33	0
834	34	1
834	35	1
834	36	1
834	37	1
834	38	1
834	39	1
834	40	1
835	1	1
835	2	1
835	3	0
835	4	0
835	5	1
835	6	0
835	7	1
835	8	1
835	9	1
835	10	1
835	11	0
835	12	1
835	13	1
835	14	1
835	15	1
835	16	1
835	17	0
835	18	1
835	19	1
835	20	0
835	21	1
835	22	1
835	23	1
835	24	1
835	25	1
835	26	1
835	27	1
835	28	1
835	29	1
835	30	1
835	31	1
835	32	1
835	33	1
835	34	1
835	35	1
835	36	1
835	37	1
835	38	0
835	39	1
835	40	1
836	1	1
836	2	1
836	3	1
836	4	1
836	5	0
836	6	1
836	7	1
836	8	1
836	9	1
836	10	1
836	11	0
836	12	1
836	13	1
836	14	1
836	15	1
836	16	0
836	17	0
836	18	1
836	19	1
836	20	1
836	21	1
836	22	0
836	23	1
836	24	1
836	25	1
836	26	1
836	27	1
836	28	0
836	29	1
836	30	1
836	31	1
836	32	1
836	33	1
836	34	1
836	35	1
836	36	1
836	37	1
836	38	1
836	39	0
836	40	1
837	1	0
837	2	0
837	3	1
837	4	1
837	5	0
837	6	1
837	7	0
837	8	1
837	9	1
837	10	1
837	11	1
837	12	1
837	13	1
837	14	0
837	15	1
837	16	0
837	17	1
837	18	0
837	19	1
837	20	1
837	21	1
837	22	1
837	23	1
837	24	0
837	25	1
837	26	1
837	27	1
837	28	1
837	29	1
837	30	0
837	31	1
837	32	0
837	33	1
837	34	0
837	35	0
837	36	0
837	37	0
837	38	1
837	39	1
837	40	0
838	1	0
838	2	0
838	3	0
838	4	0
838	5	1
838	6	0
838	7	0
838	8	0
838	9	0
838	10	0
838	11	0
838	12	0
838	13	1
838	14	1
838	15	1
838	16	1
838	17	0
838	18	1
838	19	1
838	20	0
838	21	0
838	22	1
838	23	0
838	24	1
838	25	1
838	26	0
838	27	0
838	28	0
838	29	1
838	30	0
838	31	0
838	32	1
838	33	0
838	34	1
838	35	1
838	36	1
838	37	1
838	38	0
838	39	0
838	40	0
839	1	1
839	2	1
839	3	1
839	4	1
839	5	0
839	6	1
839	7	1
839	8	0
839	9	0
839	10	1
839	11	1
839	12	1
839	13	1
839	14	0
839	15	1
839	16	0
839	17	1
839	18	0
839	19	1
839	20	1
839	21	0
839	22	1
839	23	0
839	24	0
839	25	1
839	26	1
839	27	0
839	28	0
839	29	1
839	30	1
839	31	0
839	32	0
839	33	0
839	34	0
839	35	0
839	36	0
839	37	0
839	38	1
839	39	1
839	40	1
840	1	1
840	2	1
840	3	0
840	4	1
840	5	0
840	6	0
840	7	0
840	8	1
840	9	1
840	10	0
840	11	1
840	12	0
840	13	1
840	14	0
840	15	1
840	16	0
840	17	1
840	18	0
840	19	1
840	20	0
840	21	1
840	22	1
840	23	1
840	24	0
840	25	1
840	26	0
840	27	1
840	28	0
840	29	1
840	30	1
840	31	1
840	32	0
840	33	1
840	34	0
840	35	0
840	36	0
840	37	0
840	38	1
840	39	0
840	40	0
841	1	1
841	2	1
841	3	1
841	4	1
841	5	0
841	6	1
841	7	1
841	8	0
841	9	0
841	10	1
841	11	1
841	12	1
841	13	1
841	14	0
841	15	1
841	16	0
841	17	1
841	18	0
841	19	1
841	20	1
841	21	0
841	22	1
841	23	0
841	24	0
841	25	1
841	26	1
841	27	0
841	28	0
841	29	1
841	30	1
841	31	0
841	32	0
841	33	0
841	34	0
841	35	0
841	36	0
841	37	0
841	38	1
841	39	1
841	40	1
842	1	0
842	2	0
842	3	1
842	4	1
842	5	0
842	6	1
842	7	0
842	8	1
842	9	1
842	10	1
842	11	1
842	12	1
842	13	1
842	14	0
842	15	1
842	16	0
842	17	1
842	18	0
842	19	1
842	20	1
842	21	1
842	22	1
842	23	1
842	24	0
842	25	1
842	26	1
842	27	1
842	28	1
842	29	1
842	30	0
842	31	1
842	32	0
842	33	1
842	34	0
842	35	0
842	36	0
842	37	0
842	38	1
842	39	1
842	40	0
843	1	1
843	2	1
843	3	1
843	4	1
843	5	0
843	6	1
843	7	1
843	8	0
843	9	0
843	10	1
843	11	1
843	12	1
843	13	1
843	14	0
843	15	1
843	16	0
843	17	1
843	18	0
843	19	1
843	20	1
843	21	0
843	22	1
843	23	0
843	24	0
843	25	1
843	26	1
843	27	0
843	28	0
843	29	1
843	30	1
843	31	0
843	32	0
843	33	0
843	34	0
843	35	0
843	36	0
843	37	0
843	38	1
843	39	1
843	40	1
844	1	1
844	2	1
844	3	1
844	4	1
844	5	0
844	6	1
844	7	1
844	8	0
844	9	0
844	10	1
844	11	1
844	12	1
844	13	1
844	14	0
844	15	1
844	16	0
844	17	1
844	18	0
844	19	1
844	20	1
844	21	0
844	22	1
844	23	0
844	24	0
844	25	1
844	26	1
844	27	0
844	28	0
844	29	1
844	30	1
844	31	0
844	32	0
844	33	0
844	34	0
844	35	0
844	36	0
844	37	0
844	38	1
844	39	1
844	40	1
845	1	1
845	2	1
845	3	1
845	4	1
845	5	1
845	6	1
845	7	1
845	8	0
845	9	0
845	10	1
845	11	1
845	12	1
845	13	0
845	14	1
845	15	0
845	16	1
845	17	1
845	18	1
845	19	0
845	20	1
845	21	0
845	22	0
845	23	0
845	24	1
845	25	0
845	26	1
845	27	0
845	28	0
845	29	0
845	30	1
845	31	0
845	32	1
845	33	0
845	34	1
845	35	1
845	36	1
845	37	1
845	38	1
845	39	1
845	40	1
846	1	0
846	2	1
846	3	1
846	4	0
846	5	1
846	6	0
846	7	0
846	8	0
846	9	0
846	10	0
846	11	1
846	12	0
846	13	1
846	14	1
846	15	1
846	16	1
846	17	1
846	18	0
846	19	1
846	20	0
846	21	0
846	22	0
846	23	1
846	24	0
846	25	1
846	26	1
846	27	1
846	28	1
846	29	1
846	30	1
846	31	0
846	32	1
846	33	1
846	34	1
846	35	1
846	36	0
846	37	1
846	38	1
846	39	1
846	40	1
847	1	0
847	2	0
847	3	0
847	4	0
847	5	0
847	6	0
847	7	0
847	8	0
847	9	0
847	10	0
847	11	0
847	12	0
847	13	1
847	14	1
847	15	1
847	16	0
847	17	0
847	18	1
847	19	1
847	20	0
847	21	0
847	22	0
847	23	0
847	24	1
847	25	1
847	26	0
847	27	0
847	28	0
847	29	1
847	30	0
847	31	0
847	32	1
847	33	0
847	34	1
847	35	1
847	36	1
847	37	1
847	38	0
847	39	0
847	40	0
848	1	0
848	2	0
848	3	1
848	4	1
848	5	0
848	6	1
848	7	0
848	8	1
848	9	1
848	10	1
848	11	1
848	12	1
848	13	1
848	14	0
848	15	1
848	16	0
848	17	1
848	18	0
848	19	1
848	20	1
848	21	1
848	22	1
848	23	1
848	24	0
848	25	1
848	26	1
848	27	1
848	28	1
848	29	1
848	30	0
848	31	1
848	32	0
848	33	1
848	34	0
848	35	0
848	36	0
848	37	0
848	38	1
848	39	1
848	40	0
849	1	1
849	2	1
849	3	1
849	4	1
849	5	0
849	6	1
849	7	1
849	8	0
849	9	0
849	10	1
849	11	1
849	12	1
849	13	1
849	14	0
849	15	1
849	16	0
849	17	1
849	18	0
849	19	1
849	20	1
849	21	0
849	22	1
849	23	0
849	24	0
849	25	1
849	26	1
849	27	0
849	28	0
849	29	1
849	30	1
849	31	0
849	32	0
849	33	0
849	34	0
849	35	0
849	36	0
849	37	0
849	38	1
849	39	1
849	40	1
850	1	1
850	2	1
850	3	1
850	4	1
850	5	0
850	6	1
850	7	1
850	8	0
850	9	0
850	10	1
850	11	1
850	12	1
850	13	1
850	14	0
850	15	1
850	16	0
850	17	1
850	18	0
850	19	1
850	20	1
850	21	0
850	22	1
850	23	0
850	24	0
850	25	1
850	26	1
850	27	0
850	28	0
850	29	1
850	30	1
850	31	0
850	32	0
850	33	0
850	34	0
850	35	0
850	36	0
850	37	0
850	38	1
850	39	1
850	40	1
851	1	1
851	2	1
851	3	1
851	4	1
851	5	0
851	6	1
851	7	1
851	8	0
851	9	0
851	10	1
851	11	0
851	12	1
851	13	0
851	14	1
851	15	0
851	16	0
851	17	0
851	18	1
851	19	0
851	20	1
851	21	0
851	22	0
851	23	0
851	24	1
851	25	0
851	26	1
851	27	0
851	28	0
851	29	0
851	30	1
851	31	0
851	32	1
851	33	0
851	34	1
851	35	1
851	36	1
851	37	1
851	38	1
851	39	0
851	40	1
852	1	1
852	2	1
852	3	0
852	4	1
852	5	0
852	6	0
852	7	0
852	8	1
852	9	1
852	10	0
852	11	1
852	12	0
852	13	1
852	14	1
852	15	1
852	16	0
852	17	1
852	18	1
852	19	1
852	20	0
852	21	1
852	22	1
852	23	1
852	24	1
852	25	1
852	26	1
852	27	1
852	28	0
852	29	1
852	30	1
852	31	1
852	32	1
852	33	1
852	34	1
852	35	1
852	36	1
852	37	1
852	38	1
852	39	1
852	40	0
853	1	1
853	2	1
853	3	1
853	4	1
853	5	1
853	6	1
853	7	1
853	8	1
853	9	1
853	10	1
853	11	1
853	12	1
853	13	1
853	14	1
853	15	1
853	16	1
853	17	1
853	18	1
853	19	1
853	20	1
853	21	1
853	22	1
853	23	1
853	24	1
853	25	1
853	26	1
853	27	1
853	28	1
853	29	1
853	30	1
853	31	1
853	32	1
853	33	1
853	34	1
853	35	1
853	36	1
853	37	1
853	38	1
853	39	1
853	40	1
854	1	1
854	2	1
854	3	1
854	4	1
854	5	1
854	6	0
854	7	0
854	8	0
854	9	0
854	10	0
854	11	0
854	12	1
854	13	1
854	14	0
854	15	0
854	16	1
854	17	1
854	18	1
854	19	1
854	20	0
854	21	0
854	22	1
854	23	0
854	24	1
854	25	1
854	26	1
854	27	0
854	28	0
854	29	1
854	30	0
854	31	0
854	32	1
854	33	0
854	34	1
854	35	1
854	36	0
854	37	1
854	38	1
854	39	1
854	40	0
855	1	1
855	2	1
855	3	1
855	4	1
855	5	1
855	6	1
855	7	1
855	8	1
855	9	1
855	10	1
855	11	1
855	12	1
855	13	1
855	14	1
855	15	1
855	16	1
855	17	1
855	18	1
855	19	1
855	20	1
855	21	1
855	22	1
855	23	1
855	24	1
855	25	1
855	26	1
855	27	1
855	28	1
855	29	1
855	30	1
855	31	1
855	32	1
855	33	1
855	34	1
855	35	1
855	36	1
855	37	1
855	38	1
855	39	1
855	40	1
856	1	0
856	2	0
856	3	0
856	4	0
856	5	1
856	6	0
856	7	0
856	8	0
856	9	0
856	10	0
856	11	0
856	12	0
856	13	1
856	14	1
856	15	0
856	16	0
856	17	0
856	18	1
856	19	0
856	20	0
856	21	0
856	22	1
856	23	0
856	24	0
856	25	1
856	26	0
856	27	0
856	28	0
856	29	1
856	30	0
856	31	0
856	32	1
856	33	0
856	34	1
856	35	1
856	36	1
856	37	1
856	38	0
856	39	0
856	40	0
857	1	0
857	2	0
857	3	1
857	4	1
857	5	0
857	6	1
857	7	0
857	8	1
857	9	1
857	10	1
857	11	1
857	12	1
857	13	1
857	14	0
857	15	1
857	16	0
857	17	1
857	18	0
857	19	1
857	20	1
857	21	1
857	22	1
857	23	1
857	24	0
857	25	1
857	26	1
857	27	1
857	28	1
857	29	1
857	30	0
857	31	1
857	32	0
857	33	1
857	34	0
857	35	0
857	36	0
857	37	0
857	38	1
857	39	1
857	40	0
858	1	0
858	2	0
858	3	0
858	4	0
858	5	1
858	6	0
858	7	0
858	8	0
858	9	0
858	10	0
858	11	0
858	12	0
858	13	1
858	14	1
858	15	1
858	16	1
858	17	0
858	18	1
858	19	1
858	20	0
858	21	0
858	22	1
858	23	0
858	24	1
858	25	1
858	26	0
858	27	0
858	28	0
858	29	1
858	30	0
858	31	0
858	32	1
858	33	0
858	34	1
858	35	1
858	36	1
858	37	1
858	38	0
858	39	0
858	40	0
859	1	1
859	2	1
859	3	1
859	4	1
859	5	1
859	6	1
859	7	1
859	8	0
859	9	0
859	10	1
859	11	1
859	12	1
859	13	0
859	14	1
859	15	0
859	16	1
859	17	1
859	18	1
859	19	0
859	20	1
859	21	0
859	22	0
859	23	0
859	24	1
859	25	0
859	26	1
859	27	0
859	28	0
859	29	0
859	30	1
859	31	0
859	32	1
859	33	0
859	34	1
859	35	1
859	36	1
859	37	1
859	38	1
859	39	1
859	40	1
860	1	1
860	2	1
860	3	0
860	4	0
860	5	1
860	6	0
860	7	1
860	8	1
860	9	1
860	10	1
860	11	0
860	12	1
860	13	1
860	14	1
860	15	1
860	16	1
860	17	0
860	18	1
860	19	1
860	20	0
860	21	1
860	22	1
860	23	1
860	24	1
860	25	1
860	26	1
860	27	1
860	28	1
860	29	1
860	30	1
860	31	1
860	32	1
860	33	1
860	34	1
860	35	1
860	36	1
860	37	1
860	38	0
860	39	1
860	40	1
861	1	1
861	2	1
861	3	1
861	4	1
861	5	0
861	6	1
861	7	1
861	8	1
861	9	1
861	10	0
861	11	1
861	12	0
861	13	1
861	14	0
861	15	1
861	16	0
861	17	1
861	18	0
861	19	1
861	20	1
861	21	1
861	22	1
861	23	1
861	24	0
861	25	1
861	26	0
861	27	1
861	28	1
861	29	1
861	30	1
861	31	1
861	32	0
861	33	1
861	34	0
861	35	0
861	36	0
861	37	0
861	38	1
861	39	0
861	40	1
862	1	0
862	2	1
862	3	1
862	4	0
862	5	0
862	6	0
862	7	0
862	8	0
862	9	0
862	10	0
862	11	1
862	12	0
862	13	1
862	14	0
862	15	1
862	16	0
862	17	1
862	18	0
862	19	1
862	20	0
862	21	0
862	22	0
862	23	0
862	24	0
862	25	1
862	26	1
862	27	0
862	28	0
862	29	1
862	30	1
862	31	0
862	32	0
862	33	0
862	34	0
862	35	0
862	36	0
862	37	0
862	38	1
862	39	1
862	40	1
863	1	1
863	2	1
863	3	1
863	4	1
863	5	0
863	6	1
863	7	1
863	8	0
863	9	0
863	10	1
863	11	1
863	12	1
863	13	1
863	14	0
863	15	1
863	16	0
863	17	1
863	18	0
863	19	1
863	20	1
863	21	0
863	22	1
863	23	0
863	24	0
863	25	1
863	26	1
863	27	0
863	28	0
863	29	1
863	30	1
863	31	0
863	32	0
863	33	0
863	34	0
863	35	0
863	36	0
863	37	0
863	38	1
863	39	1
863	40	1
864	1	1
864	2	1
864	3	1
864	4	1
864	5	1
864	6	1
864	7	1
864	8	1
864	9	1
864	10	1
864	11	1
864	12	1
864	13	1
864	14	1
864	15	1
864	16	1
864	17	1
864	18	1
864	19	1
864	20	1
864	21	1
864	22	1
864	23	1
864	24	1
864	25	1
864	26	1
864	27	1
864	28	1
864	29	1
864	30	1
864	31	1
864	32	1
864	33	1
864	34	1
864	35	1
864	36	1
864	37	1
864	38	1
864	39	1
864	40	1
865	1	1
865	2	1
865	3	1
865	4	1
865	5	1
865	6	1
865	7	1
865	8	1
865	9	1
865	10	1
865	11	1
865	12	1
865	13	1
865	14	1
865	15	1
865	16	1
865	17	1
865	18	1
865	19	1
865	20	1
865	21	1
865	22	1
865	23	1
865	24	1
865	25	1
865	26	1
865	27	1
865	28	1
865	29	1
865	30	1
865	31	1
865	32	1
865	33	1
865	34	1
865	35	1
865	36	1
865	37	1
865	38	1
865	39	1
865	40	1
866	1	0
866	2	0
866	3	1
866	4	0
866	5	0
866	6	0
866	7	0
866	8	0
866	9	0
866	10	0
866	11	0
866	12	0
866	13	1
866	14	0
866	15	0
866	16	0
866	17	1
866	18	0
866	19	1
866	20	0
866	21	0
866	22	0
866	23	1
866	24	0
866	25	1
866	26	1
866	27	1
866	28	1
866	29	1
866	30	0
866	31	0
866	32	0
866	33	1
866	34	0
866	35	0
866	36	0
866	37	0
866	38	1
866	39	1
866	40	0
867	1	1
867	2	1
867	3	1
867	4	1
867	5	0
867	6	1
867	7	1
867	8	1
867	9	1
867	10	0
867	11	1
867	12	0
867	13	1
867	14	0
867	15	1
867	16	0
867	17	1
867	18	0
867	19	1
867	20	1
867	21	1
867	22	1
867	23	1
867	24	0
867	25	1
867	26	0
867	27	1
867	28	1
867	29	1
867	30	1
867	31	1
867	32	0
867	33	1
867	34	0
867	35	0
867	36	0
867	37	0
867	38	1
867	39	0
867	40	1
868	1	0
868	2	0
868	3	1
868	4	1
868	5	0
868	6	1
868	7	0
868	8	1
868	9	1
868	10	1
868	11	1
868	12	1
868	13	1
868	14	0
868	15	1
868	16	0
868	17	1
868	18	0
868	19	1
868	20	1
868	21	1
868	22	1
868	23	1
868	24	0
868	25	1
868	26	1
868	27	1
868	28	1
868	29	1
868	30	0
868	31	1
868	32	0
868	33	1
868	34	0
868	35	0
868	36	0
868	37	0
868	38	1
868	39	1
868	40	0
869	1	1
869	2	1
869	3	0
869	4	1
869	5	0
869	6	1
869	7	1
869	8	0
869	9	0
869	10	1
869	11	0
869	12	1
869	13	1
869	14	0
869	15	0
869	16	0
869	17	0
869	18	0
869	19	0
869	20	1
869	21	0
869	22	1
869	23	0
869	24	0
869	25	1
869	26	1
869	27	0
869	28	0
869	29	1
869	30	0
869	31	0
869	32	0
869	33	0
869	34	0
869	35	0
869	36	0
869	37	0
869	38	1
869	39	0
869	40	0
870	1	1
870	2	1
870	3	0
870	4	0
870	5	1
870	6	0
870	7	1
870	8	1
870	9	1
870	10	1
870	11	0
870	12	1
870	13	1
870	14	1
870	15	1
870	16	1
870	17	0
870	18	1
870	19	1
870	20	0
870	21	1
870	22	1
870	23	1
870	24	1
870	25	1
870	26	1
870	27	1
870	28	1
870	29	1
870	30	1
870	31	1
870	32	1
870	33	1
870	34	1
870	35	1
870	36	1
870	37	1
870	38	0
870	39	1
870	40	1
871	1	1
871	2	1
871	3	1
871	4	1
871	5	1
871	6	1
871	7	1
871	8	1
871	9	1
871	10	1
871	11	1
871	12	1
871	13	1
871	14	1
871	15	1
871	16	1
871	17	1
871	18	1
871	19	1
871	20	1
871	21	1
871	22	1
871	23	1
871	24	1
871	25	1
871	26	1
871	27	1
871	28	1
871	29	1
871	30	1
871	31	1
871	32	1
871	33	1
871	34	1
871	35	1
871	36	1
871	37	1
871	38	1
871	39	1
871	40	1
872	1	1
872	2	1
872	3	1
872	4	1
872	5	1
872	6	1
872	7	1
872	8	0
872	9	0
872	10	1
872	11	1
872	12	1
872	13	1
872	14	1
872	15	1
872	16	1
872	17	1
872	18	1
872	19	1
872	20	1
872	21	0
872	22	1
872	23	0
872	24	1
872	25	1
872	26	1
872	27	0
872	28	0
872	29	1
872	30	1
872	31	0
872	32	1
872	33	0
872	34	1
872	35	1
872	36	1
872	37	1
872	38	1
872	39	1
872	40	1
873	1	1
873	2	1
873	3	1
873	4	1
873	5	1
873	6	1
873	7	1
873	8	1
873	9	1
873	10	1
873	11	1
873	12	1
873	13	1
873	14	1
873	15	1
873	16	1
873	17	1
873	18	1
873	19	1
873	20	1
873	21	1
873	22	1
873	23	1
873	24	1
873	25	1
873	26	1
873	27	1
873	28	1
873	29	1
873	30	1
873	31	1
873	32	1
873	33	1
873	34	1
873	35	1
873	36	1
873	37	1
873	38	1
873	39	1
873	40	1
874	1	1
874	2	1
874	3	0
874	4	0
874	5	1
874	6	0
874	7	1
874	8	1
874	9	1
874	10	1
874	11	0
874	12	1
874	13	1
874	14	1
874	15	1
874	16	1
874	17	0
874	18	1
874	19	1
874	20	0
874	21	1
874	22	1
874	23	1
874	24	1
874	25	1
874	26	1
874	27	1
874	28	1
874	29	1
874	30	1
874	31	1
874	32	1
874	33	1
874	34	1
874	35	1
874	36	1
874	37	1
874	38	0
874	39	1
874	40	1
875	1	0
875	2	0
875	3	1
875	4	1
875	5	0
875	6	1
875	7	0
875	8	1
875	9	1
875	10	1
875	11	1
875	12	1
875	13	1
875	14	0
875	15	1
875	16	0
875	17	1
875	18	0
875	19	1
875	20	1
875	21	1
875	22	1
875	23	1
875	24	0
875	25	1
875	26	1
875	27	1
875	28	1
875	29	1
875	30	0
875	31	1
875	32	0
875	33	1
875	34	0
875	35	0
875	36	0
875	37	0
875	38	1
875	39	1
875	40	0
876	1	1
876	2	1
876	3	0
876	4	1
876	5	0
876	6	0
876	7	0
876	8	0
876	9	0
876	10	0
876	11	1
876	12	0
876	13	0
876	14	1
876	15	0
876	16	0
876	17	1
876	18	1
876	19	0
876	20	0
876	21	0
876	22	0
876	23	0
876	24	1
876	25	0
876	26	1
876	27	0
876	28	0
876	29	0
876	30	1
876	31	0
876	32	1
876	33	0
876	34	1
876	35	1
876	36	1
876	37	1
876	38	1
876	39	1
876	40	0
877	1	1
877	2	1
877	3	1
877	4	1
877	5	1
877	6	1
877	7	1
877	8	1
877	9	1
877	10	1
877	11	1
877	12	1
877	13	1
877	14	1
877	15	1
877	16	1
877	17	1
877	18	1
877	19	1
877	20	1
877	21	1
877	22	1
877	23	1
877	24	1
877	25	1
877	26	1
877	27	1
877	28	1
877	29	1
877	30	1
877	31	1
877	32	1
877	33	1
877	34	1
877	35	1
877	36	1
877	37	1
877	38	1
877	39	1
877	40	1
878	1	1
878	2	1
878	3	0
878	4	1
878	5	0
878	6	1
878	7	1
878	8	0
878	9	0
878	10	1
878	11	0
878	12	1
878	13	1
878	14	0
878	15	0
878	16	0
878	17	0
878	18	0
878	19	0
878	20	1
878	21	0
878	22	1
878	23	0
878	24	0
878	25	1
878	26	1
878	27	0
878	28	0
878	29	1
878	30	0
878	31	0
878	32	0
878	33	0
878	34	0
878	35	0
878	36	0
878	37	0
878	38	1
878	39	0
878	40	0
879	1	0
879	2	0
879	3	0
879	4	0
879	5	1
879	6	0
879	7	0
879	8	0
879	9	0
879	10	0
879	11	0
879	12	0
879	13	1
879	14	1
879	15	1
879	16	1
879	17	0
879	18	1
879	19	1
879	20	0
879	21	0
879	22	1
879	23	0
879	24	1
879	25	1
879	26	0
879	27	0
879	28	0
879	29	1
879	30	0
879	31	0
879	32	1
879	33	0
879	34	1
879	35	1
879	36	1
879	37	1
879	38	0
879	39	0
879	40	0
880	1	0
880	2	0
880	3	1
880	4	1
880	5	0
880	6	1
880	7	0
880	8	1
880	9	1
880	10	1
880	11	1
880	12	1
880	13	1
880	14	0
880	15	1
880	16	0
880	17	1
880	18	0
880	19	1
880	20	1
880	21	1
880	22	1
880	23	1
880	24	0
880	25	1
880	26	1
880	27	1
880	28	1
880	29	1
880	30	0
880	31	1
880	32	0
880	33	1
880	34	0
880	35	0
880	36	0
880	37	0
880	38	1
880	39	1
880	40	0
881	1	1
881	2	1
881	3	0
881	4	1
881	5	0
881	6	0
881	7	0
881	8	0
881	9	0
881	10	0
881	11	0
881	12	0
881	13	1
881	14	0
881	15	0
881	16	0
881	17	1
881	18	0
881	19	1
881	20	0
881	21	0
881	22	1
881	23	0
881	24	0
881	25	1
881	26	1
881	27	0
881	28	0
881	29	1
881	30	0
881	31	0
881	32	0
881	33	0
881	34	0
881	35	0
881	36	0
881	37	0
881	38	1
881	39	1
881	40	0
882	1	0
882	2	1
882	3	1
882	4	0
882	5	1
882	6	0
882	7	0
882	8	0
882	9	0
882	10	0
882	11	1
882	12	0
882	13	1
882	14	1
882	15	1
882	16	1
882	17	1
882	18	0
882	19	1
882	20	0
882	21	0
882	22	0
882	23	1
882	24	0
882	25	1
882	26	1
882	27	1
882	28	1
882	29	1
882	30	1
882	31	0
882	32	1
882	33	1
882	34	1
882	35	1
882	36	0
882	37	1
882	38	1
882	39	1
882	40	1
883	1	0
883	2	0
883	3	0
883	4	0
883	5	1
883	6	0
883	7	0
883	8	0
883	9	0
883	10	0
883	11	0
883	12	0
883	13	1
883	14	1
883	15	1
883	16	1
883	17	0
883	18	1
883	19	1
883	20	0
883	21	0
883	22	1
883	23	0
883	24	1
883	25	1
883	26	0
883	27	0
883	28	0
883	29	1
883	30	0
883	31	0
883	32	1
883	33	0
883	34	1
883	35	1
883	36	1
883	37	1
883	38	0
883	39	0
883	40	0
884	1	1
884	2	1
884	3	1
884	4	1
884	5	0
884	6	1
884	7	1
884	8	1
884	9	1
884	10	0
884	11	1
884	12	0
884	13	1
884	14	0
884	15	1
884	16	0
884	17	1
884	18	0
884	19	1
884	20	1
884	21	1
884	22	1
884	23	1
884	24	0
884	25	1
884	26	0
884	27	1
884	28	1
884	29	1
884	30	1
884	31	1
884	32	0
884	33	1
884	34	0
884	35	0
884	36	0
884	37	0
884	38	1
884	39	0
884	40	1
885	1	1
885	2	1
885	3	1
885	4	1
885	5	1
885	6	1
885	7	1
885	8	1
885	9	1
885	10	1
885	11	1
885	12	1
885	13	1
885	14	1
885	15	1
885	16	1
885	17	1
885	18	1
885	19	1
885	20	1
885	21	1
885	22	1
885	23	1
885	24	1
885	25	1
885	26	1
885	27	1
885	28	1
885	29	1
885	30	1
885	31	1
885	32	1
885	33	1
885	34	1
885	35	1
885	36	1
885	37	1
885	38	1
885	39	1
885	40	1
886	1	0
886	2	0
886	3	0
886	4	0
886	5	1
886	6	0
886	7	0
886	8	0
886	9	0
886	10	0
886	11	0
886	12	0
886	13	1
886	14	0
886	15	0
886	16	1
886	17	0
886	18	1
886	19	1
886	20	0
886	21	0
886	22	1
886	23	0
886	24	1
886	25	1
886	26	0
886	27	0
886	28	0
886	29	1
886	30	0
886	31	0
886	32	1
886	33	0
886	34	1
886	35	1
886	36	0
886	37	1
886	38	0
886	39	0
886	40	0
887	1	1
887	2	1
887	3	1
887	4	1
887	5	1
887	6	1
887	7	1
887	8	1
887	9	1
887	10	1
887	11	1
887	12	1
887	13	1
887	14	1
887	15	1
887	16	1
887	17	1
887	18	1
887	19	1
887	20	1
887	21	1
887	22	1
887	23	1
887	24	1
887	25	1
887	26	1
887	27	1
887	28	1
887	29	1
887	30	1
887	31	1
887	32	1
887	33	1
887	34	1
887	35	1
887	36	1
887	37	1
887	38	1
887	39	1
887	40	1
888	1	1
888	2	1
888	3	1
888	4	1
888	5	0
888	6	1
888	7	1
888	8	1
888	9	1
888	10	0
888	11	1
888	12	0
888	13	1
888	14	0
888	15	1
888	16	0
888	17	1
888	18	0
888	19	1
888	20	1
888	21	1
888	22	1
888	23	1
888	24	0
888	25	1
888	26	0
888	27	1
888	28	1
888	29	1
888	30	1
888	31	1
888	32	0
888	33	1
888	34	0
888	35	0
888	36	0
888	37	0
888	38	1
888	39	0
888	40	1
889	1	1
889	2	1
889	3	1
889	4	1
889	5	1
889	6	1
889	7	1
889	8	1
889	9	1
889	10	1
889	11	1
889	12	1
889	13	1
889	14	1
889	15	1
889	16	1
889	17	1
889	18	1
889	19	1
889	20	1
889	21	1
889	22	1
889	23	1
889	24	1
889	25	1
889	26	1
889	27	1
889	28	1
889	29	1
889	30	1
889	31	1
889	32	1
889	33	1
889	34	1
889	35	1
889	36	1
889	37	1
889	38	1
889	39	1
889	40	1
890	1	1
890	2	1
890	3	0
890	4	0
890	5	1
890	6	0
890	7	1
890	8	1
890	9	1
890	10	1
890	11	0
890	12	1
890	13	1
890	14	1
890	15	1
890	16	1
890	17	0
890	18	1
890	19	1
890	20	0
890	21	1
890	22	1
890	23	1
890	24	1
890	25	1
890	26	1
890	27	1
890	28	1
890	29	1
890	30	1
890	31	1
890	32	1
890	33	1
890	34	1
890	35	1
890	36	1
890	37	1
890	38	0
890	39	1
890	40	1
891	1	1
891	2	1
891	3	0
891	4	1
891	5	0
891	6	0
891	7	0
891	8	0
891	9	0
891	10	0
891	11	1
891	12	0
891	13	1
891	14	1
891	15	1
891	16	0
891	17	1
891	18	1
891	19	1
891	20	0
891	21	0
891	22	1
891	23	0
891	24	1
891	25	1
891	26	1
891	27	0
891	28	0
891	29	1
891	30	1
891	31	0
891	32	1
891	33	0
891	34	1
891	35	1
891	36	1
891	37	1
891	38	1
891	39	1
891	40	0
892	1	0
892	2	0
892	3	0
892	4	0
892	5	0
892	6	0
892	7	0
892	8	0
892	9	0
892	10	0
892	11	0
892	12	0
892	13	1
892	14	1
892	15	1
892	16	0
892	17	0
892	18	1
892	19	1
892	20	0
892	21	0
892	22	0
892	23	0
892	24	1
892	25	1
892	26	0
892	27	0
892	28	0
892	29	1
892	30	0
892	31	0
892	32	1
892	33	0
892	34	1
892	35	1
892	36	1
892	37	1
892	38	0
892	39	0
892	40	0
893	1	1
893	2	1
893	3	1
893	4	1
893	5	1
893	6	1
893	7	1
893	8	0
893	9	0
893	10	1
893	11	1
893	12	1
893	13	0
893	14	1
893	15	0
893	16	1
893	17	1
893	18	1
893	19	0
893	20	1
893	21	0
893	22	0
893	23	0
893	24	1
893	25	0
893	26	1
893	27	0
893	28	0
893	29	0
893	30	1
893	31	0
893	32	1
893	33	0
893	34	1
893	35	1
893	36	1
893	37	1
893	38	1
893	39	1
893	40	1
894	1	1
894	2	1
894	3	1
894	4	1
894	5	1
894	6	1
894	7	1
894	8	1
894	9	1
894	10	1
894	11	1
894	12	1
894	13	1
894	14	1
894	15	1
894	16	1
894	17	1
894	18	1
894	19	1
894	20	1
894	21	1
894	22	1
894	23	1
894	24	1
894	25	1
894	26	1
894	27	1
894	28	1
894	29	1
894	30	1
894	31	1
894	32	1
894	33	1
894	34	1
894	35	1
894	36	1
894	37	1
894	38	1
894	39	1
894	40	1
895	1	0
895	2	1
895	3	1
895	4	0
895	5	0
895	6	0
895	7	0
895	8	0
895	9	0
895	10	0
895	11	1
895	12	0
895	13	1
895	14	0
895	15	1
895	16	0
895	17	1
895	18	0
895	19	1
895	20	0
895	21	0
895	22	0
895	23	1
895	24	0
895	25	1
895	26	0
895	27	1
895	28	1
895	29	1
895	30	1
895	31	0
895	32	0
895	33	1
895	34	0
895	35	0
895	36	0
895	37	0
895	38	1
895	39	0
895	40	1
896	1	1
896	2	1
896	3	1
896	4	1
896	5	1
896	6	1
896	7	1
896	8	1
896	9	1
896	10	1
896	11	1
896	12	1
896	13	1
896	14	1
896	15	1
896	16	1
896	17	1
896	18	1
896	19	1
896	20	1
896	21	1
896	22	1
896	23	1
896	24	1
896	25	1
896	26	1
896	27	1
896	28	1
896	29	1
896	30	1
896	31	1
896	32	1
896	33	1
896	34	1
896	35	1
896	36	1
896	37	1
896	38	1
896	39	1
896	40	1
897	1	1
897	2	1
897	3	1
897	4	1
897	5	1
897	6	1
897	7	1
897	8	0
897	9	0
897	10	1
897	11	1
897	12	1
897	13	0
897	14	1
897	15	0
897	16	1
897	17	1
897	18	1
897	19	0
897	20	1
897	21	0
897	22	0
897	23	0
897	24	1
897	25	0
897	26	1
897	27	0
897	28	0
897	29	0
897	30	1
897	31	0
897	32	1
897	33	0
897	34	1
897	35	1
897	36	1
897	37	1
897	38	1
897	39	1
897	40	1
898	1	1
898	2	1
898	3	1
898	4	1
898	5	0
898	6	0
898	7	0
898	8	0
898	9	1
898	10	0
898	11	0
898	12	0
898	13	1
898	14	0
898	15	0
898	16	0
898	17	1
898	18	0
898	19	1
898	20	0
898	21	1
898	22	1
898	23	1
898	24	0
898	25	1
898	26	0
898	27	1
898	28	1
898	29	1
898	30	0
898	31	1
898	32	0
898	33	1
898	34	0
898	35	0
898	36	0
898	37	0
898	38	1
898	39	0
898	40	0
899	1	0
899	2	0
899	3	1
899	4	1
899	5	0
899	6	1
899	7	0
899	8	1
899	9	1
899	10	1
899	11	1
899	12	1
899	13	1
899	14	0
899	15	1
899	16	0
899	17	1
899	18	0
899	19	1
899	20	1
899	21	1
899	22	1
899	23	1
899	24	0
899	25	1
899	26	1
899	27	1
899	28	1
899	29	1
899	30	0
899	31	1
899	32	0
899	33	1
899	34	0
899	35	0
899	36	0
899	37	0
899	38	1
899	39	1
899	40	0
900	1	1
900	2	1
900	3	1
900	4	1
900	5	1
900	6	1
900	7	1
900	8	1
900	9	1
900	10	1
900	11	1
900	12	1
900	13	1
900	14	1
900	15	1
900	16	1
900	17	1
900	18	1
900	19	1
900	20	1
900	21	1
900	22	1
900	23	1
900	24	1
900	25	1
900	26	1
900	27	1
900	28	1
900	29	1
900	30	1
900	31	1
900	32	1
900	33	1
900	34	1
900	35	1
900	36	1
900	37	1
900	38	1
900	39	1
900	40	1
901	1	0
901	2	0
901	3	0
901	4	0
901	5	1
901	6	0
901	7	0
901	8	0
901	9	0
901	10	0
901	11	0
901	12	0
901	13	1
901	14	1
901	15	1
901	16	1
901	17	0
901	18	1
901	19	1
901	20	0
901	21	0
901	22	1
901	23	0
901	24	1
901	25	1
901	26	0
901	27	0
901	28	0
901	29	1
901	30	0
901	31	0
901	32	1
901	33	0
901	34	1
901	35	1
901	36	1
901	37	1
901	38	0
901	39	0
901	40	0
902	1	1
902	2	1
902	3	0
902	4	0
902	5	1
902	6	0
902	7	1
902	8	1
902	9	1
902	10	1
902	11	0
902	12	1
902	13	1
902	14	1
902	15	1
902	16	1
902	17	0
902	18	1
902	19	1
902	20	0
902	21	1
902	22	1
902	23	1
902	24	1
902	25	1
902	26	1
902	27	1
902	28	1
902	29	1
902	30	1
902	31	1
902	32	1
902	33	1
902	34	1
902	35	1
902	36	1
902	37	1
902	38	0
902	39	1
902	40	1
903	1	1
903	2	1
903	3	1
903	4	1
903	5	0
903	6	1
903	7	1
903	8	1
903	9	1
903	10	0
903	11	1
903	12	0
903	13	1
903	14	0
903	15	1
903	16	0
903	17	1
903	18	0
903	19	1
903	20	1
903	21	1
903	22	1
903	23	1
903	24	0
903	25	1
903	26	0
903	27	1
903	28	1
903	29	1
903	30	1
903	31	1
903	32	0
903	33	1
903	34	0
903	35	0
903	36	0
903	37	0
903	38	1
903	39	0
903	40	1
904	1	1
904	2	1
904	3	0
904	4	1
904	5	0
904	6	0
904	7	0
904	8	0
904	9	0
904	10	0
904	11	1
904	12	0
904	13	1
904	14	0
904	15	1
904	16	0
904	17	1
904	18	0
904	19	1
904	20	0
904	21	0
904	22	1
904	23	0
904	24	0
904	25	1
904	26	1
904	27	0
904	28	0
904	29	1
904	30	1
904	31	0
904	32	0
904	33	0
904	34	0
904	35	0
904	36	0
904	37	0
904	38	1
904	39	1
904	40	0
905	1	1
905	2	1
905	3	1
905	4	1
905	5	1
905	6	1
905	7	1
905	8	1
905	9	1
905	10	1
905	11	1
905	12	1
905	13	1
905	14	1
905	15	1
905	16	1
905	17	1
905	18	1
905	19	1
905	20	1
905	21	1
905	22	1
905	23	1
905	24	1
905	25	1
905	26	1
905	27	1
905	28	1
905	29	1
905	30	1
905	31	1
905	32	1
905	33	1
905	34	1
905	35	1
905	36	1
905	37	1
905	38	1
905	39	1
905	40	1
906	1	1
906	2	1
906	3	1
906	4	1
906	5	1
906	6	1
906	7	1
906	8	0
906	9	0
906	10	1
906	11	1
906	12	1
906	13	0
906	14	1
906	15	0
906	16	1
906	17	1
906	18	1
906	19	0
906	20	1
906	21	0
906	22	0
906	23	0
906	24	1
906	25	0
906	26	1
906	27	0
906	28	0
906	29	0
906	30	1
906	31	0
906	32	1
906	33	0
906	34	1
906	35	1
906	36	1
906	37	1
906	38	1
906	39	1
906	40	1
907	1	0
907	2	0
907	3	0
907	4	0
907	5	1
907	6	0
907	7	0
907	8	0
907	9	0
907	10	0
907	11	0
907	12	0
907	13	1
907	14	1
907	15	1
907	16	1
907	17	0
907	18	1
907	19	1
907	20	0
907	21	0
907	22	1
907	23	0
907	24	1
907	25	1
907	26	0
907	27	0
907	28	0
907	29	1
907	30	0
907	31	0
907	32	1
907	33	0
907	34	1
907	35	1
907	36	1
907	37	1
907	38	0
907	39	0
907	40	0
908	1	1
908	2	1
908	3	0
908	4	0
908	5	1
908	6	0
908	7	1
908	8	1
908	9	1
908	10	1
908	11	0
908	12	1
908	13	1
908	14	1
908	15	1
908	16	1
908	17	0
908	18	1
908	19	1
908	20	0
908	21	1
908	22	1
908	23	1
908	24	1
908	25	1
908	26	1
908	27	1
908	28	1
908	29	1
908	30	1
908	31	1
908	32	1
908	33	1
908	34	1
908	35	1
908	36	1
908	37	1
908	38	0
908	39	1
908	40	1
909	1	1
909	2	1
909	3	1
909	4	1
909	5	0
909	6	1
909	7	1
909	8	0
909	9	0
909	10	1
909	11	1
909	12	1
909	13	1
909	14	0
909	15	1
909	16	0
909	17	1
909	18	0
909	19	1
909	20	1
909	21	0
909	22	1
909	23	0
909	24	0
909	25	1
909	26	1
909	27	0
909	28	0
909	29	1
909	30	1
909	31	0
909	32	0
909	33	0
909	34	0
909	35	0
909	36	0
909	37	0
909	38	1
909	39	1
909	40	1
910	1	1
910	2	1
910	3	0
910	4	1
910	5	0
910	6	1
910	7	1
910	8	0
910	9	0
910	10	0
910	11	0
910	12	0
910	13	1
910	14	0
910	15	0
910	16	0
910	17	0
910	18	0
910	19	0
910	20	1
910	21	1
910	22	1
910	23	1
910	24	0
910	25	1
910	26	0
910	27	1
910	28	0
910	29	1
910	30	0
910	31	1
910	32	0
910	33	1
910	34	0
910	35	0
910	36	0
910	37	0
910	38	1
910	39	0
910	40	0
911	1	0
911	2	0
911	3	1
911	4	1
911	5	0
911	6	1
911	7	0
911	8	1
911	9	1
911	10	1
911	11	1
911	12	1
911	13	1
911	14	0
911	15	1
911	16	0
911	17	1
911	18	0
911	19	1
911	20	1
911	21	1
911	22	1
911	23	1
911	24	0
911	25	1
911	26	1
911	27	1
911	28	1
911	29	1
911	30	0
911	31	1
911	32	0
911	33	1
911	34	0
911	35	0
911	36	0
911	37	0
911	38	1
911	39	1
911	40	0
912	1	1
912	2	1
912	3	1
912	4	1
912	5	1
912	6	1
912	7	1
912	8	0
912	9	0
912	10	1
912	11	1
912	12	1
912	13	1
912	14	1
912	15	1
912	16	1
912	17	1
912	18	1
912	19	1
912	20	1
912	21	0
912	22	1
912	23	0
912	24	1
912	25	1
912	26	1
912	27	0
912	28	0
912	29	1
912	30	1
912	31	0
912	32	1
912	33	0
912	34	1
912	35	1
912	36	1
912	37	1
912	38	1
912	39	1
912	40	1
913	1	0
913	2	0
913	3	1
913	4	0
913	5	0
913	6	0
913	7	0
913	8	0
913	9	0
913	10	0
913	11	1
913	12	0
913	13	1
913	14	0
913	15	1
913	16	0
913	17	1
913	18	0
913	19	1
913	20	0
913	21	0
913	22	0
913	23	1
913	24	0
913	25	1
913	26	1
913	27	1
913	28	1
913	29	1
913	30	0
913	31	0
913	32	0
913	33	1
913	34	0
913	35	0
913	36	0
913	37	0
913	38	1
913	39	1
913	40	0
914	1	1
914	2	1
914	3	1
914	4	1
914	5	0
914	6	1
914	7	1
914	8	1
914	9	1
914	10	0
914	11	1
914	12	0
914	13	1
914	14	0
914	15	1
914	16	0
914	17	1
914	18	0
914	19	1
914	20	1
914	21	1
914	22	1
914	23	1
914	24	0
914	25	1
914	26	0
914	27	1
914	28	1
914	29	1
914	30	1
914	31	1
914	32	0
914	33	1
914	34	0
914	35	0
914	36	0
914	37	0
914	38	1
914	39	0
914	40	1
915	1	0
915	2	0
915	3	0
915	4	0
915	5	1
915	6	0
915	7	0
915	8	0
915	9	0
915	10	0
915	11	0
915	12	0
915	13	1
915	14	1
915	15	1
915	16	1
915	17	0
915	18	1
915	19	1
915	20	0
915	21	0
915	22	1
915	23	0
915	24	1
915	25	1
915	26	0
915	27	0
915	28	0
915	29	1
915	30	0
915	31	0
915	32	1
915	33	0
915	34	1
915	35	1
915	36	1
915	37	1
915	38	0
915	39	0
915	40	0
916	1	1
916	2	1
916	3	1
916	4	1
916	5	0
916	6	1
916	7	1
916	8	1
916	9	1
916	10	0
916	11	1
916	12	0
916	13	1
916	14	0
916	15	1
916	16	0
916	17	1
916	18	0
916	19	1
916	20	1
916	21	1
916	22	1
916	23	1
916	24	0
916	25	1
916	26	0
916	27	1
916	28	1
916	29	1
916	30	1
916	31	1
916	32	0
916	33	1
916	34	0
916	35	0
916	36	0
916	37	0
916	38	1
916	39	0
916	40	1
917	1	0
917	2	0
917	3	1
917	4	1
917	5	0
917	6	1
917	7	0
917	8	1
917	9	1
917	10	1
917	11	1
917	12	1
917	13	1
917	14	0
917	15	1
917	16	0
917	17	1
917	18	0
917	19	1
917	20	1
917	21	1
917	22	1
917	23	1
917	24	0
917	25	1
917	26	1
917	27	1
917	28	1
917	29	1
917	30	0
917	31	1
917	32	0
917	33	1
917	34	0
917	35	0
917	36	0
917	37	0
917	38	1
917	39	1
917	40	0
918	1	1
918	2	1
918	3	1
918	4	1
918	5	0
918	6	1
918	7	1
918	8	1
918	9	1
918	10	0
918	11	1
918	12	0
918	13	1
918	14	0
918	15	1
918	16	0
918	17	1
918	18	0
918	19	1
918	20	1
918	21	1
918	22	1
918	23	1
918	24	0
918	25	1
918	26	0
918	27	1
918	28	1
918	29	1
918	30	1
918	31	1
918	32	0
918	33	1
918	34	0
918	35	0
918	36	0
918	37	0
918	38	1
918	39	0
918	40	1
919	1	1
919	2	1
919	3	0
919	4	0
919	5	1
919	6	0
919	7	1
919	8	1
919	9	1
919	10	1
919	11	0
919	12	1
919	13	1
919	14	1
919	15	1
919	16	1
919	17	0
919	18	1
919	19	1
919	20	0
919	21	1
919	22	1
919	23	1
919	24	1
919	25	1
919	26	1
919	27	1
919	28	1
919	29	1
919	30	1
919	31	1
919	32	1
919	33	1
919	34	1
919	35	1
919	36	1
919	37	1
919	38	0
919	39	1
919	40	1
920	1	1
920	2	1
920	3	1
920	4	1
920	5	1
920	6	0
920	7	0
920	8	0
920	9	0
920	10	0
920	11	0
920	12	1
920	13	0
920	14	0
920	15	0
920	16	1
920	17	1
920	18	1
920	19	0
920	20	0
920	21	0
920	22	0
920	23	0
920	24	1
920	25	0
920	26	1
920	27	0
920	28	0
920	29	0
920	30	0
920	31	0
920	32	1
920	33	0
920	34	1
920	35	1
920	36	0
920	37	1
920	38	1
920	39	1
920	40	0
921	1	1
921	2	1
921	3	1
921	4	1
921	5	0
921	6	1
921	7	1
921	8	1
921	9	1
921	10	0
921	11	1
921	12	0
921	13	1
921	14	0
921	15	1
921	16	0
921	17	1
921	18	0
921	19	1
921	20	1
921	21	1
921	22	1
921	23	1
921	24	0
921	25	1
921	26	0
921	27	1
921	28	1
921	29	1
921	30	1
921	31	1
921	32	0
921	33	1
921	34	0
921	35	0
921	36	0
921	37	0
921	38	1
921	39	0
921	40	1
922	1	1
922	2	1
922	3	0
922	4	0
922	5	0
922	6	0
922	7	1
922	8	1
922	9	1
922	10	1
922	11	0
922	12	1
922	13	1
922	14	1
922	15	1
922	16	0
922	17	0
922	18	1
922	19	1
922	20	0
922	21	1
922	22	0
922	23	1
922	24	1
922	25	1
922	26	1
922	27	1
922	28	0
922	29	1
922	30	1
922	31	1
922	32	1
922	33	1
922	34	1
922	35	1
922	36	1
922	37	1
922	38	0
922	39	0
922	40	1
923	1	1
923	2	1
923	3	1
923	4	1
923	5	1
923	6	1
923	7	1
923	8	1
923	9	1
923	10	1
923	11	1
923	12	1
923	13	1
923	14	1
923	15	1
923	16	1
923	17	1
923	18	1
923	19	1
923	20	1
923	21	1
923	22	1
923	23	1
923	24	1
923	25	1
923	26	1
923	27	1
923	28	1
923	29	1
923	30	1
923	31	1
923	32	1
923	33	1
923	34	1
923	35	1
923	36	1
923	37	1
923	38	1
923	39	1
923	40	1
924	1	1
924	2	1
924	3	1
924	4	1
924	5	1
924	6	1
924	7	1
924	8	1
924	9	1
924	10	1
924	11	1
924	12	1
924	13	1
924	14	1
924	15	1
924	16	1
924	17	1
924	18	1
924	19	1
924	20	1
924	21	1
924	22	1
924	23	1
924	24	1
924	25	1
924	26	1
924	27	1
924	28	1
924	29	1
924	30	1
924	31	1
924	32	1
924	33	1
924	34	1
924	35	1
924	36	1
924	37	1
924	38	1
924	39	1
924	40	1
925	1	0
925	2	0
925	3	1
925	4	1
925	5	0
925	6	1
925	7	0
925	8	1
925	9	1
925	10	1
925	11	0
925	12	1
925	13	1
925	14	0
925	15	1
925	16	0
925	17	0
925	18	0
925	19	1
925	20	1
925	21	1
925	22	0
925	23	1
925	24	0
925	25	1
925	26	1
925	27	1
925	28	0
925	29	1
925	30	0
925	31	1
925	32	0
925	33	1
925	34	0
925	35	0
925	36	0
925	37	0
925	38	1
925	39	0
925	40	0
926	1	1
926	2	1
926	3	1
926	4	1
926	5	1
926	6	1
926	7	1
926	8	1
926	9	1
926	10	1
926	11	1
926	12	1
926	13	1
926	14	1
926	15	1
926	16	1
926	17	1
926	18	1
926	19	1
926	20	1
926	21	1
926	22	1
926	23	1
926	24	1
926	25	1
926	26	1
926	27	1
926	28	1
926	29	1
926	30	1
926	31	1
926	32	1
926	33	1
926	34	1
926	35	1
926	36	1
926	37	1
926	38	1
926	39	1
926	40	1
927	1	1
927	2	1
927	3	1
927	4	1
927	5	1
927	6	1
927	7	1
927	8	1
927	9	1
927	10	1
927	11	1
927	12	1
927	13	1
927	14	1
927	15	1
927	16	1
927	17	1
927	18	1
927	19	1
927	20	1
927	21	1
927	22	1
927	23	1
927	24	1
927	25	1
927	26	1
927	27	1
927	28	1
927	29	1
927	30	1
927	31	1
927	32	1
927	33	1
927	34	1
927	35	1
927	36	1
927	37	1
927	38	1
927	39	1
927	40	1
928	1	1
928	2	1
928	3	1
928	4	1
928	5	0
928	6	1
928	7	1
928	8	0
928	9	0
928	10	1
928	11	1
928	12	1
928	13	1
928	14	0
928	15	1
928	16	0
928	17	1
928	18	0
928	19	1
928	20	1
928	21	0
928	22	1
928	23	0
928	24	0
928	25	1
928	26	1
928	27	0
928	28	0
928	29	1
928	30	1
928	31	0
928	32	0
928	33	0
928	34	0
928	35	0
928	36	0
928	37	0
928	38	1
928	39	1
928	40	1
929	1	1
929	2	1
929	3	1
929	4	1
929	5	1
929	6	1
929	7	1
929	8	1
929	9	1
929	10	1
929	11	1
929	12	1
929	13	1
929	14	1
929	15	1
929	16	1
929	17	1
929	18	1
929	19	1
929	20	1
929	21	1
929	22	1
929	23	1
929	24	1
929	25	1
929	26	1
929	27	1
929	28	1
929	29	1
929	30	1
929	31	1
929	32	1
929	33	1
929	34	1
929	35	1
929	36	1
929	37	1
929	38	1
929	39	1
929	40	1
930	1	1
930	2	1
930	3	0
930	4	0
930	5	0
930	6	0
930	7	0
930	8	1
930	9	1
930	10	0
930	11	0
930	12	0
930	13	1
930	14	1
930	15	1
930	16	0
930	17	0
930	18	1
930	19	1
930	20	0
930	21	1
930	22	0
930	23	1
930	24	1
930	25	1
930	26	1
930	27	1
930	28	0
930	29	1
930	30	1
930	31	1
930	32	1
930	33	1
930	34	1
930	35	1
930	36	1
930	37	1
930	38	0
930	39	0
930	40	0
931	1	1
931	2	1
931	3	0
931	4	0
931	5	1
931	6	0
931	7	1
931	8	1
931	9	1
931	10	1
931	11	0
931	12	1
931	13	1
931	14	1
931	15	1
931	16	1
931	17	0
931	18	1
931	19	1
931	20	0
931	21	1
931	22	1
931	23	1
931	24	1
931	25	1
931	26	1
931	27	1
931	28	1
931	29	1
931	30	1
931	31	1
931	32	1
931	33	1
931	34	1
931	35	1
931	36	1
931	37	1
931	38	0
931	39	1
931	40	1
932	1	1
932	2	1
932	3	1
932	4	1
932	5	0
932	6	1
932	7	1
932	8	0
932	9	0
932	10	1
932	11	0
932	12	1
932	13	1
932	14	0
932	15	1
932	16	0
932	17	0
932	18	0
932	19	1
932	20	1
932	21	0
932	22	0
932	23	0
932	24	0
932	25	1
932	26	1
932	27	0
932	28	0
932	29	1
932	30	1
932	31	0
932	32	0
932	33	0
932	34	0
932	35	0
932	36	0
932	37	0
932	38	1
932	39	0
932	40	1
933	1	1
933	2	1
933	3	1
933	4	1
933	5	1
933	6	1
933	7	1
933	8	1
933	9	1
933	10	1
933	11	1
933	12	1
933	13	1
933	14	1
933	15	1
933	16	1
933	17	1
933	18	1
933	19	1
933	20	1
933	21	1
933	22	1
933	23	1
933	24	1
933	25	1
933	26	1
933	27	1
933	28	1
933	29	1
933	30	1
933	31	1
933	32	1
933	33	1
933	34	1
933	35	1
933	36	1
933	37	1
933	38	1
933	39	1
933	40	1
934	1	0
934	2	0
934	3	1
934	4	1
934	5	0
934	6	1
934	7	0
934	8	1
934	9	1
934	10	1
934	11	1
934	12	1
934	13	1
934	14	0
934	15	1
934	16	0
934	17	1
934	18	0
934	19	1
934	20	1
934	21	1
934	22	1
934	23	1
934	24	0
934	25	1
934	26	1
934	27	1
934	28	1
934	29	1
934	30	0
934	31	1
934	32	0
934	33	1
934	34	0
934	35	0
934	36	0
934	37	0
934	38	1
934	39	1
934	40	0
935	1	1
935	2	1
935	3	1
935	4	1
935	5	0
935	6	1
935	7	1
935	8	1
935	9	1
935	10	0
935	11	1
935	12	0
935	13	1
935	14	0
935	15	1
935	16	0
935	17	1
935	18	0
935	19	1
935	20	1
935	21	1
935	22	1
935	23	1
935	24	0
935	25	1
935	26	0
935	27	1
935	28	1
935	29	1
935	30	1
935	31	1
935	32	0
935	33	1
935	34	0
935	35	0
935	36	0
935	37	0
935	38	1
935	39	0
935	40	1
936	1	1
936	2	1
936	3	0
936	4	0
936	5	1
936	6	0
936	7	1
936	8	1
936	9	1
936	10	1
936	11	0
936	12	1
936	13	1
936	14	1
936	15	1
936	16	1
936	17	0
936	18	1
936	19	1
936	20	0
936	21	1
936	22	1
936	23	1
936	24	1
936	25	1
936	26	1
936	27	1
936	28	1
936	29	1
936	30	1
936	31	1
936	32	1
936	33	1
936	34	1
936	35	1
936	36	1
936	37	1
936	38	0
936	39	1
936	40	1
937	1	1
937	2	1
937	3	1
937	4	1
937	5	0
937	6	1
937	7	1
937	8	0
937	9	0
937	10	1
937	11	0
937	12	1
937	13	0
937	14	1
937	15	0
937	16	0
937	17	0
937	18	1
937	19	0
937	20	1
937	21	0
937	22	0
937	23	0
937	24	1
937	25	0
937	26	1
937	27	0
937	28	0
937	29	0
937	30	1
937	31	0
937	32	1
937	33	0
937	34	1
937	35	1
937	36	1
937	37	1
937	38	1
937	39	0
937	40	1
938	1	1
938	2	1
938	3	1
938	4	1
938	5	1
938	6	1
938	7	1
938	8	1
938	9	1
938	10	1
938	11	1
938	12	1
938	13	1
938	14	1
938	15	1
938	16	1
938	17	1
938	18	1
938	19	1
938	20	1
938	21	1
938	22	1
938	23	1
938	24	1
938	25	1
938	26	1
938	27	1
938	28	1
938	29	1
938	30	1
938	31	1
938	32	1
938	33	1
938	34	1
938	35	1
938	36	1
938	37	1
938	38	1
938	39	1
938	40	1
939	1	1
939	2	1
939	3	1
939	4	1
939	5	1
939	6	1
939	7	1
939	8	0
939	9	0
939	10	1
939	11	1
939	12	1
939	13	1
939	14	1
939	15	1
939	16	1
939	17	1
939	18	1
939	19	1
939	20	1
939	21	0
939	22	1
939	23	0
939	24	1
939	25	1
939	26	1
939	27	0
939	28	0
939	29	1
939	30	1
939	31	0
939	32	1
939	33	0
939	34	1
939	35	1
939	36	1
939	37	1
939	38	1
939	39	1
939	40	1
940	1	1
940	2	1
940	3	0
940	4	1
940	5	1
940	6	1
940	7	1
940	8	0
940	9	0
940	10	1
940	11	0
940	12	1
940	13	0
940	14	1
940	15	0
940	16	0
940	17	0
940	18	1
940	19	0
940	20	1
940	21	0
940	22	0
940	23	0
940	24	0
940	25	0
940	26	1
940	27	0
940	28	0
940	29	0
940	30	0
940	31	0
940	32	1
940	33	0
940	34	1
940	35	1
940	36	1
940	37	1
940	38	1
940	39	0
940	40	0
941	1	1
941	2	1
941	3	1
941	4	1
941	5	0
941	6	1
941	7	1
941	8	1
941	9	1
941	10	0
941	11	1
941	12	0
941	13	1
941	14	0
941	15	1
941	16	0
941	17	1
941	18	0
941	19	1
941	20	1
941	21	1
941	22	1
941	23	1
941	24	0
941	25	1
941	26	0
941	27	1
941	28	1
941	29	1
941	30	1
941	31	1
941	32	0
941	33	1
941	34	0
941	35	0
941	36	0
941	37	0
941	38	1
941	39	0
941	40	1
942	1	0
942	2	0
942	3	0
942	4	0
942	5	1
942	6	0
942	7	0
942	8	0
942	9	0
942	10	0
942	11	0
942	12	0
942	13	1
942	14	0
942	15	0
942	16	1
942	17	0
942	18	0
942	19	1
942	20	0
942	21	0
942	22	0
942	23	0
942	24	0
942	25	1
942	26	0
942	27	0
942	28	0
942	29	1
942	30	0
942	31	0
942	32	1
942	33	0
942	34	1
942	35	1
942	36	0
942	37	1
942	38	0
942	39	0
942	40	0
943	1	0
943	2	0
943	3	1
943	4	1
943	5	0
943	6	1
943	7	0
943	8	1
943	9	1
943	10	1
943	11	1
943	12	1
943	13	1
943	14	0
943	15	1
943	16	0
943	17	1
943	18	0
943	19	1
943	20	1
943	21	1
943	22	1
943	23	1
943	24	0
943	25	1
943	26	1
943	27	1
943	28	1
943	29	1
943	30	0
943	31	1
943	32	0
943	33	1
943	34	0
943	35	0
943	36	0
943	37	0
943	38	1
943	39	1
943	40	0
944	1	0
944	2	0
944	3	0
944	4	0
944	5	1
944	6	0
944	7	0
944	8	0
944	9	0
944	10	0
944	11	0
944	12	0
944	13	1
944	14	1
944	15	1
944	16	1
944	17	0
944	18	1
944	19	1
944	20	0
944	21	0
944	22	1
944	23	0
944	24	1
944	25	1
944	26	0
944	27	0
944	28	0
944	29	1
944	30	0
944	31	0
944	32	1
944	33	0
944	34	1
944	35	1
944	36	1
944	37	1
944	38	0
944	39	0
944	40	0
945	1	1
945	2	1
945	3	1
945	4	1
945	5	1
945	6	1
945	7	1
945	8	1
945	9	1
945	10	1
945	11	1
945	12	1
945	13	1
945	14	1
945	15	1
945	16	1
945	17	1
945	18	1
945	19	1
945	20	1
945	21	1
945	22	1
945	23	1
945	24	1
945	25	1
945	26	1
945	27	1
945	28	1
945	29	1
945	30	1
945	31	1
945	32	1
945	33	1
945	34	1
945	35	1
945	36	1
945	37	1
945	38	1
945	39	1
945	40	1
946	1	1
946	2	1
946	3	0
946	4	1
946	5	0
946	6	0
946	7	0
946	8	1
946	9	1
946	10	0
946	11	1
946	12	0
946	13	1
946	14	1
946	15	1
946	16	0
946	17	1
946	18	1
946	19	1
946	20	0
946	21	1
946	22	1
946	23	1
946	24	1
946	25	1
946	26	1
946	27	1
946	28	0
946	29	1
946	30	1
946	31	1
946	32	1
946	33	1
946	34	1
946	35	1
946	36	1
946	37	1
946	38	1
946	39	1
946	40	0
947	1	1
947	2	1
947	3	1
947	4	1
947	5	1
947	6	1
947	7	1
947	8	1
947	9	1
947	10	1
947	11	1
947	12	1
947	13	1
947	14	1
947	15	1
947	16	1
947	17	1
947	18	1
947	19	1
947	20	1
947	21	1
947	22	1
947	23	1
947	24	1
947	25	1
947	26	1
947	27	1
947	28	1
947	29	1
947	30	1
947	31	1
947	32	1
947	33	1
947	34	1
947	35	1
947	36	1
947	37	1
947	38	1
947	39	1
947	40	1
948	1	1
948	2	1
948	3	1
948	4	1
948	5	1
948	6	1
948	7	1
948	8	0
948	9	0
948	10	1
948	11	1
948	12	1
948	13	0
948	14	1
948	15	0
948	16	1
948	17	1
948	18	1
948	19	0
948	20	1
948	21	0
948	22	0
948	23	0
948	24	1
948	25	0
948	26	1
948	27	0
948	28	0
948	29	0
948	30	1
948	31	0
948	32	1
948	33	0
948	34	1
948	35	1
948	36	1
948	37	1
948	38	1
948	39	1
948	40	1
949	1	0
949	2	1
949	3	1
949	4	0
949	5	0
949	6	0
949	7	0
949	8	0
949	9	0
949	10	0
949	11	1
949	12	0
949	13	1
949	14	0
949	15	1
949	16	0
949	17	1
949	18	0
949	19	1
949	20	0
949	21	0
949	22	0
949	23	0
949	24	0
949	25	1
949	26	1
949	27	0
949	28	0
949	29	1
949	30	1
949	31	0
949	32	0
949	33	0
949	34	0
949	35	0
949	36	0
949	37	0
949	38	1
949	39	1
949	40	1
950	1	1
950	2	1
950	3	1
950	4	1
950	5	0
950	6	1
950	7	1
950	8	1
950	9	1
950	10	0
950	11	1
950	12	0
950	13	1
950	14	0
950	15	1
950	16	0
950	17	1
950	18	0
950	19	1
950	20	1
950	21	1
950	22	1
950	23	1
950	24	0
950	25	1
950	26	0
950	27	1
950	28	1
950	29	1
950	30	1
950	31	1
950	32	0
950	33	1
950	34	0
950	35	0
950	36	0
950	37	0
950	38	1
950	39	0
950	40	1
951	1	1
951	2	1
951	3	1
951	4	1
951	5	0
951	6	1
951	7	1
951	8	1
951	9	1
951	10	0
951	11	0
951	12	0
951	13	1
951	14	0
951	15	1
951	16	0
951	17	0
951	18	0
951	19	1
951	20	1
951	21	1
951	22	0
951	23	1
951	24	0
951	25	1
951	26	0
951	27	1
951	28	0
951	29	1
951	30	1
951	31	1
951	32	0
951	33	1
951	34	0
951	35	0
951	36	0
951	37	0
951	38	1
951	39	0
951	40	1
952	1	1
952	2	1
952	3	1
952	4	1
952	5	0
952	6	1
952	7	1
952	8	0
952	9	0
952	10	1
952	11	1
952	12	1
952	13	1
952	14	0
952	15	1
952	16	0
952	17	1
952	18	0
952	19	1
952	20	1
952	21	0
952	22	1
952	23	0
952	24	0
952	25	1
952	26	1
952	27	0
952	28	0
952	29	1
952	30	1
952	31	0
952	32	0
952	33	0
952	34	0
952	35	0
952	36	0
952	37	0
952	38	1
952	39	1
952	40	1
953	1	1
953	2	1
953	3	0
953	4	1
953	5	0
953	6	1
953	7	1
953	8	0
953	9	0
953	10	1
953	11	0
953	12	1
953	13	1
953	14	0
953	15	0
953	16	0
953	17	0
953	18	0
953	19	0
953	20	1
953	21	0
953	22	1
953	23	0
953	24	0
953	25	1
953	26	1
953	27	0
953	28	0
953	29	1
953	30	0
953	31	0
953	32	0
953	33	0
953	34	0
953	35	0
953	36	0
953	37	0
953	38	1
953	39	0
953	40	0
954	1	0
954	2	0
954	3	0
954	4	0
954	5	1
954	6	0
954	7	0
954	8	0
954	9	0
954	10	0
954	11	0
954	12	0
954	13	1
954	14	0
954	15	0
954	16	1
954	17	0
954	18	1
954	19	1
954	20	0
954	21	0
954	22	1
954	23	0
954	24	1
954	25	1
954	26	0
954	27	0
954	28	0
954	29	1
954	30	0
954	31	0
954	32	1
954	33	0
954	34	1
954	35	1
954	36	0
954	37	1
954	38	0
954	39	0
954	40	0
955	1	1
955	2	1
955	3	0
955	4	0
955	5	1
955	6	0
955	7	1
955	8	1
955	9	1
955	10	1
955	11	0
955	12	1
955	13	1
955	14	1
955	15	1
955	16	1
955	17	0
955	18	1
955	19	1
955	20	0
955	21	1
955	22	1
955	23	1
955	24	1
955	25	1
955	26	1
955	27	1
955	28	1
955	29	1
955	30	1
955	31	1
955	32	1
955	33	1
955	34	1
955	35	1
955	36	1
955	37	1
955	38	0
955	39	1
955	40	1
956	1	1
956	2	1
956	3	0
956	4	0
956	5	1
956	6	0
956	7	1
956	8	0
956	9	0
956	10	1
956	11	0
956	12	1
956	13	1
956	14	1
956	15	0
956	16	0
956	17	0
956	18	1
956	19	0
956	20	0
956	21	1
956	22	1
956	23	1
956	24	0
956	25	1
956	26	1
956	27	1
956	28	0
956	29	1
956	30	0
956	31	1
956	32	1
956	33	1
956	34	1
956	35	1
956	36	1
956	37	1
956	38	0
956	39	0
956	40	0
957	1	1
957	2	1
957	3	1
957	4	1
957	5	0
957	6	1
957	7	1
957	8	0
957	9	0
957	10	1
957	11	1
957	12	1
957	13	1
957	14	0
957	15	1
957	16	0
957	17	1
957	18	0
957	19	1
957	20	1
957	21	0
957	22	1
957	23	0
957	24	0
957	25	1
957	26	1
957	27	0
957	28	0
957	29	1
957	30	1
957	31	0
957	32	0
957	33	0
957	34	0
957	35	0
957	36	0
957	37	0
957	38	1
957	39	1
957	40	1
958	1	1
958	2	1
958	3	1
958	4	1
958	5	0
958	6	1
958	7	1
958	8	1
958	9	1
958	10	0
958	11	1
958	12	0
958	13	1
958	14	0
958	15	1
958	16	0
958	17	1
958	18	0
958	19	1
958	20	1
958	21	1
958	22	1
958	23	1
958	24	0
958	25	1
958	26	0
958	27	1
958	28	1
958	29	1
958	30	1
958	31	1
958	32	0
958	33	1
958	34	0
958	35	0
958	36	0
958	37	0
958	38	1
958	39	0
958	40	1
959	1	1
959	2	1
959	3	0
959	4	1
959	5	0
959	6	0
959	7	0
959	8	1
959	9	1
959	10	0
959	11	1
959	12	0
959	13	1
959	14	0
959	15	1
959	16	0
959	17	1
959	18	0
959	19	1
959	20	0
959	21	1
959	22	1
959	23	1
959	24	0
959	25	1
959	26	0
959	27	1
959	28	0
959	29	1
959	30	1
959	31	1
959	32	0
959	33	1
959	34	0
959	35	0
959	36	0
959	37	0
959	38	1
959	39	0
959	40	0
960	1	1
960	2	1
960	3	1
960	4	1
960	5	1
960	6	1
960	7	1
960	8	1
960	9	1
960	10	1
960	11	1
960	12	1
960	13	1
960	14	1
960	15	1
960	16	1
960	17	1
960	18	1
960	19	1
960	20	1
960	21	1
960	22	1
960	23	1
960	24	1
960	25	1
960	26	1
960	27	1
960	28	1
960	29	1
960	30	1
960	31	1
960	32	1
960	33	1
960	34	1
960	35	1
960	36	1
960	37	1
960	38	1
960	39	1
960	40	1
961	1	1
961	2	1
961	3	1
961	4	1
961	5	0
961	6	1
961	7	1
961	8	0
961	9	0
961	10	1
961	11	1
961	12	1
961	13	1
961	14	0
961	15	1
961	16	0
961	17	1
961	18	0
961	19	1
961	20	1
961	21	0
961	22	1
961	23	0
961	24	0
961	25	1
961	26	1
961	27	0
961	28	0
961	29	1
961	30	1
961	31	0
961	32	0
961	33	0
961	34	0
961	35	0
961	36	0
961	37	0
961	38	1
961	39	1
961	40	1
962	1	0
962	2	1
962	3	1
962	4	0
962	5	1
962	6	0
962	7	0
962	8	0
962	9	0
962	10	0
962	11	1
962	12	0
962	13	0
962	14	1
962	15	0
962	16	1
962	17	1
962	18	0
962	19	0
962	20	0
962	21	0
962	22	0
962	23	0
962	24	0
962	25	0
962	26	1
962	27	0
962	28	0
962	29	0
962	30	1
962	31	0
962	32	1
962	33	0
962	34	1
962	35	1
962	36	0
962	37	1
962	38	1
962	39	1
962	40	1
963	1	1
963	2	1
963	3	1
963	4	1
963	5	0
963	6	1
963	7	1
963	8	0
963	9	0
963	10	1
963	11	0
963	12	1
963	13	0
963	14	1
963	15	0
963	16	0
963	17	0
963	18	1
963	19	0
963	20	1
963	21	0
963	22	0
963	23	0
963	24	1
963	25	0
963	26	1
963	27	0
963	28	0
963	29	0
963	30	1
963	31	0
963	32	1
963	33	0
963	34	1
963	35	1
963	36	1
963	37	1
963	38	1
963	39	0
963	40	1
964	1	1
964	2	1
964	3	0
964	4	0
964	5	1
964	6	0
964	7	1
964	8	1
964	9	1
964	10	1
964	11	0
964	12	1
964	13	1
964	14	1
964	15	1
964	16	1
964	17	0
964	18	1
964	19	1
964	20	0
964	21	1
964	22	1
964	23	1
964	24	1
964	25	1
964	26	1
964	27	1
964	28	1
964	29	1
964	30	1
964	31	1
964	32	1
964	33	1
964	34	1
964	35	1
964	36	1
964	37	1
964	38	0
964	39	1
964	40	1
965	1	1
965	2	1
965	3	1
965	4	1
965	5	1
965	6	1
965	7	1
965	8	1
965	9	1
965	10	1
965	11	1
965	12	1
965	13	1
965	14	1
965	15	1
965	16	1
965	17	1
965	18	1
965	19	1
965	20	1
965	21	1
965	22	1
965	23	1
965	24	1
965	25	1
965	26	1
965	27	1
965	28	1
965	29	1
965	30	1
965	31	1
965	32	1
965	33	1
965	34	1
965	35	1
965	36	1
965	37	1
965	38	1
965	39	1
965	40	1
966	1	1
966	2	1
966	3	1
966	4	1
966	5	0
966	6	1
966	7	1
966	8	1
966	9	1
966	10	0
966	11	1
966	12	0
966	13	1
966	14	0
966	15	1
966	16	0
966	17	1
966	18	0
966	19	1
966	20	1
966	21	1
966	22	1
966	23	1
966	24	0
966	25	1
966	26	0
966	27	1
966	28	1
966	29	1
966	30	1
966	31	1
966	32	0
966	33	1
966	34	0
966	35	0
966	36	0
966	37	0
966	38	1
966	39	0
966	40	1
967	1	1
967	2	1
967	3	1
967	4	1
967	5	1
967	6	1
967	7	1
967	8	0
967	9	0
967	10	1
967	11	1
967	12	1
967	13	0
967	14	1
967	15	0
967	16	1
967	17	1
967	18	1
967	19	0
967	20	1
967	21	0
967	22	0
967	23	0
967	24	1
967	25	0
967	26	1
967	27	0
967	28	0
967	29	0
967	30	1
967	31	0
967	32	1
967	33	0
967	34	1
967	35	1
967	36	1
967	37	1
967	38	1
967	39	1
967	40	1
968	1	1
968	2	1
968	3	1
968	4	1
968	5	1
968	6	1
968	7	1
968	8	0
968	9	0
968	10	1
968	11	1
968	12	1
968	13	0
968	14	1
968	15	0
968	16	1
968	17	1
968	18	1
968	19	0
968	20	1
968	21	0
968	22	0
968	23	0
968	24	1
968	25	0
968	26	1
968	27	0
968	28	0
968	29	0
968	30	1
968	31	0
968	32	1
968	33	0
968	34	1
968	35	1
968	36	1
968	37	1
968	38	1
968	39	1
968	40	1
969	1	1
969	2	1
969	3	0
969	4	1
969	5	0
969	6	0
969	7	0
969	8	0
969	9	0
969	10	0
969	11	1
969	12	0
969	13	0
969	14	1
969	15	0
969	16	0
969	17	1
969	18	1
969	19	0
969	20	0
969	21	0
969	22	0
969	23	0
969	24	1
969	25	0
969	26	1
969	27	0
969	28	0
969	29	0
969	30	1
969	31	0
969	32	1
969	33	0
969	34	1
969	35	1
969	36	1
969	37	1
969	38	1
969	39	1
969	40	0
970	1	1
970	2	1
970	3	1
970	4	1
970	5	0
970	6	1
970	7	1
970	8	0
970	9	0
970	10	1
970	11	1
970	12	1
970	13	1
970	14	0
970	15	1
970	16	0
970	17	1
970	18	0
970	19	1
970	20	1
970	21	0
970	22	1
970	23	0
970	24	0
970	25	1
970	26	1
970	27	0
970	28	0
970	29	1
970	30	1
970	31	0
970	32	0
970	33	0
970	34	0
970	35	0
970	36	0
970	37	0
970	38	1
970	39	1
970	40	1
971	1	1
971	2	1
971	3	1
971	4	1
971	5	0
971	6	1
971	7	1
971	8	1
971	9	1
971	10	0
971	11	1
971	12	0
971	13	1
971	14	0
971	15	1
971	16	0
971	17	1
971	18	0
971	19	1
971	20	1
971	21	1
971	22	1
971	23	1
971	24	0
971	25	1
971	26	0
971	27	1
971	28	1
971	29	1
971	30	1
971	31	1
971	32	0
971	33	1
971	34	0
971	35	0
971	36	0
971	37	0
971	38	1
971	39	0
971	40	1
972	1	0
972	2	0
972	3	0
972	4	1
972	5	0
972	6	0
972	7	0
972	8	1
972	9	1
972	10	0
972	11	1
972	12	0
972	13	1
972	14	0
972	15	1
972	16	0
972	17	1
972	18	0
972	19	1
972	20	0
972	21	1
972	22	1
972	23	1
972	24	0
972	25	1
972	26	1
972	27	1
972	28	0
972	29	1
972	30	0
972	31	1
972	32	0
972	33	1
972	34	0
972	35	0
972	36	0
972	37	0
972	38	1
972	39	1
972	40	0
973	1	1
973	2	1
973	3	0
973	4	1
973	5	1
973	6	1
973	7	1
973	8	0
973	9	0
973	10	1
973	11	0
973	12	1
973	13	1
973	14	1
973	15	0
973	16	0
973	17	0
973	18	1
973	19	0
973	20	1
973	21	1
973	22	1
973	23	1
973	24	0
973	25	1
973	26	1
973	27	1
973	28	0
973	29	1
973	30	0
973	31	1
973	32	1
973	33	1
973	34	1
973	35	1
973	36	1
973	37	1
973	38	1
973	39	0
973	40	0
974	1	1
974	2	1
974	3	0
974	4	0
974	5	1
974	6	0
974	7	1
974	8	1
974	9	1
974	10	1
974	11	0
974	12	1
974	13	1
974	14	1
974	15	1
974	16	1
974	17	0
974	18	1
974	19	1
974	20	0
974	21	1
974	22	1
974	23	1
974	24	1
974	25	1
974	26	1
974	27	1
974	28	1
974	29	1
974	30	1
974	31	1
974	32	1
974	33	1
974	34	1
974	35	1
974	36	1
974	37	1
974	38	0
974	39	1
974	40	1
975	1	0
975	2	0
975	3	0
975	4	0
975	5	1
975	6	0
975	7	0
975	8	0
975	9	0
975	10	0
975	11	0
975	12	0
975	13	1
975	14	1
975	15	1
975	16	1
975	17	0
975	18	1
975	19	1
975	20	0
975	21	0
975	22	1
975	23	0
975	24	1
975	25	1
975	26	0
975	27	0
975	28	0
975	29	1
975	30	0
975	31	0
975	32	1
975	33	0
975	34	1
975	35	1
975	36	1
975	37	1
975	38	0
975	39	0
975	40	0
976	1	0
976	2	0
976	3	0
976	4	0
976	5	1
976	6	0
976	7	0
976	8	0
976	9	0
976	10	0
976	11	0
976	12	0
976	13	1
976	14	1
976	15	1
976	16	1
976	17	0
976	18	1
976	19	1
976	20	0
976	21	0
976	22	1
976	23	0
976	24	1
976	25	1
976	26	0
976	27	0
976	28	0
976	29	1
976	30	0
976	31	0
976	32	1
976	33	0
976	34	1
976	35	1
976	36	1
976	37	1
976	38	0
976	39	0
976	40	0
977	1	1
977	2	1
977	3	1
977	4	1
977	5	1
977	6	1
977	7	1
977	8	0
977	9	0
977	10	1
977	11	1
977	12	1
977	13	1
977	14	1
977	15	1
977	16	1
977	17	1
977	18	1
977	19	1
977	20	1
977	21	0
977	22	1
977	23	0
977	24	1
977	25	1
977	26	1
977	27	0
977	28	0
977	29	1
977	30	1
977	31	0
977	32	1
977	33	0
977	34	1
977	35	1
977	36	1
977	37	1
977	38	1
977	39	1
977	40	1
978	1	1
978	2	1
978	3	1
978	4	1
978	5	1
978	6	1
978	7	1
978	8	1
978	9	1
978	10	1
978	11	1
978	12	1
978	13	1
978	14	1
978	15	1
978	16	1
978	17	1
978	18	1
978	19	1
978	20	1
978	21	1
978	22	1
978	23	1
978	24	1
978	25	1
978	26	1
978	27	1
978	28	1
978	29	1
978	30	1
978	31	1
978	32	1
978	33	1
978	34	1
978	35	1
978	36	1
978	37	1
978	38	1
978	39	1
978	40	1
979	1	1
979	2	1
979	3	1
979	4	1
979	5	1
979	6	1
979	7	1
979	8	0
979	9	0
979	10	1
979	11	1
979	12	1
979	13	1
979	14	1
979	15	1
979	16	1
979	17	1
979	18	1
979	19	1
979	20	1
979	21	0
979	22	1
979	23	0
979	24	1
979	25	1
979	26	1
979	27	0
979	28	0
979	29	1
979	30	1
979	31	0
979	32	1
979	33	0
979	34	1
979	35	1
979	36	1
979	37	1
979	38	1
979	39	1
979	40	1
980	1	1
980	2	1
980	3	1
980	4	1
980	5	0
980	6	1
980	7	1
980	8	1
980	9	1
980	10	0
980	11	1
980	12	0
980	13	1
980	14	0
980	15	1
980	16	0
980	17	1
980	18	0
980	19	1
980	20	1
980	21	1
980	22	1
980	23	1
980	24	0
980	25	1
980	26	0
980	27	1
980	28	1
980	29	1
980	30	1
980	31	1
980	32	0
980	33	1
980	34	0
980	35	0
980	36	0
980	37	0
980	38	1
980	39	0
980	40	1
981	1	1
981	2	1
981	3	1
981	4	1
981	5	1
981	6	1
981	7	1
981	8	1
981	9	1
981	10	1
981	11	1
981	12	1
981	13	1
981	14	1
981	15	1
981	16	1
981	17	1
981	18	1
981	19	1
981	20	1
981	21	1
981	22	1
981	23	1
981	24	1
981	25	1
981	26	1
981	27	1
981	28	1
981	29	1
981	30	1
981	31	1
981	32	1
981	33	1
981	34	1
981	35	1
981	36	1
981	37	1
981	38	1
981	39	1
981	40	1
982	1	1
982	2	1
982	3	1
982	4	1
982	5	0
982	6	1
982	7	1
982	8	1
982	9	1
982	10	0
982	11	1
982	12	0
982	13	1
982	14	0
982	15	1
982	16	0
982	17	1
982	18	0
982	19	1
982	20	1
982	21	1
982	22	1
982	23	1
982	24	0
982	25	1
982	26	0
982	27	1
982	28	1
982	29	1
982	30	1
982	31	1
982	32	0
982	33	1
982	34	0
982	35	0
982	36	0
982	37	0
982	38	1
982	39	0
982	40	1
983	1	1
983	2	1
983	3	1
983	4	1
983	5	1
983	6	1
983	7	1
983	8	1
983	9	1
983	10	1
983	11	1
983	12	1
983	13	1
983	14	1
983	15	1
983	16	1
983	17	1
983	18	1
983	19	1
983	20	1
983	21	1
983	22	1
983	23	1
983	24	1
983	25	1
983	26	1
983	27	1
983	28	1
983	29	1
983	30	1
983	31	1
983	32	1
983	33	1
983	34	1
983	35	1
983	36	1
983	37	1
983	38	1
983	39	1
983	40	1
984	1	0
984	2	0
984	3	0
984	4	0
984	5	1
984	6	0
984	7	0
984	8	0
984	9	0
984	10	0
984	11	0
984	12	0
984	13	1
984	14	1
984	15	1
984	16	1
984	17	0
984	18	1
984	19	1
984	20	0
984	21	0
984	22	1
984	23	0
984	24	1
984	25	1
984	26	0
984	27	0
984	28	0
984	29	1
984	30	0
984	31	0
984	32	1
984	33	0
984	34	1
984	35	1
984	36	1
984	37	1
984	38	0
984	39	0
984	40	0
985	1	0
985	2	0
985	3	1
985	4	1
985	5	0
985	6	1
985	7	0
985	8	1
985	9	1
985	10	1
985	11	1
985	12	1
985	13	1
985	14	0
985	15	1
985	16	0
985	17	1
985	18	0
985	19	1
985	20	1
985	21	1
985	22	1
985	23	1
985	24	0
985	25	1
985	26	1
985	27	1
985	28	1
985	29	1
985	30	0
985	31	1
985	32	0
985	33	1
985	34	0
985	35	0
985	36	0
985	37	0
985	38	1
985	39	1
985	40	0
986	1	1
986	2	1
986	3	0
986	4	1
986	5	1
986	6	1
986	7	1
986	8	0
986	9	0
986	10	1
986	11	0
986	12	1
986	13	1
986	14	1
986	15	0
986	16	0
986	17	0
986	18	1
986	19	0
986	20	1
986	21	0
986	22	1
986	23	0
986	24	0
986	25	1
986	26	1
986	27	0
986	28	0
986	29	1
986	30	0
986	31	0
986	32	1
986	33	0
986	34	1
986	35	1
986	36	1
986	37	1
986	38	1
986	39	0
986	40	0
987	1	0
987	2	0
987	3	0
987	4	0
987	5	1
987	6	0
987	7	0
987	8	0
987	9	0
987	10	0
987	11	0
987	12	0
987	13	1
987	14	1
987	15	1
987	16	1
987	17	0
987	18	1
987	19	1
987	20	0
987	21	0
987	22	1
987	23	0
987	24	1
987	25	1
987	26	0
987	27	0
987	28	0
987	29	1
987	30	0
987	31	0
987	32	1
987	33	0
987	34	1
987	35	1
987	36	1
987	37	1
987	38	0
987	39	0
987	40	0
988	1	1
988	2	1
988	3	0
988	4	1
988	5	0
988	6	1
988	7	1
988	8	0
988	9	0
988	10	0
988	11	0
988	12	0
988	13	1
988	14	0
988	15	0
988	16	0
988	17	0
988	18	0
988	19	0
988	20	1
988	21	1
988	22	1
988	23	1
988	24	0
988	25	1
988	26	0
988	27	1
988	28	0
988	29	1
988	30	0
988	31	1
988	32	0
988	33	1
988	34	0
988	35	0
988	36	0
988	37	0
988	38	1
988	39	0
988	40	0
989	1	1
989	2	1
989	3	1
989	4	1
989	5	0
989	6	1
989	7	1
989	8	1
989	9	1
989	10	0
989	11	1
989	12	0
989	13	1
989	14	0
989	15	1
989	16	0
989	17	1
989	18	0
989	19	1
989	20	1
989	21	1
989	22	1
989	23	1
989	24	0
989	25	1
989	26	0
989	27	1
989	28	1
989	29	1
989	30	1
989	31	1
989	32	0
989	33	1
989	34	0
989	35	0
989	36	0
989	37	0
989	38	1
989	39	0
989	40	1
990	1	1
990	2	1
990	3	0
990	4	1
990	5	1
990	6	0
990	7	0
990	8	0
990	9	0
990	10	0
990	11	0
990	12	1
990	13	1
990	14	0
990	15	0
990	16	0
990	17	0
990	18	1
990	19	0
990	20	0
990	21	0
990	22	1
990	23	0
990	24	0
990	25	1
990	26	1
990	27	0
990	28	0
990	29	1
990	30	0
990	31	0
990	32	1
990	33	0
990	34	1
990	35	1
990	36	0
990	37	1
990	38	1
990	39	0
990	40	0
991	1	0
991	2	1
991	3	0
991	4	0
991	5	1
991	6	0
991	7	0
991	8	0
991	9	0
991	10	0
991	11	0
991	12	0
991	13	1
991	14	1
991	15	0
991	16	0
991	17	0
991	18	0
991	19	0
991	20	0
991	21	0
991	22	0
991	23	1
991	24	0
991	25	1
991	26	1
991	27	1
991	28	0
991	29	1
991	30	0
991	31	0
991	32	1
991	33	1
991	34	1
991	35	1
991	36	0
991	37	1
991	38	1
991	39	0
991	40	0
992	1	0
992	2	0
992	3	1
992	4	1
992	5	0
992	6	1
992	7	0
992	8	1
992	9	1
992	10	1
992	11	1
992	12	1
992	13	1
992	14	0
992	15	1
992	16	0
992	17	1
992	18	0
992	19	1
992	20	1
992	21	1
992	22	1
992	23	1
992	24	0
992	25	1
992	26	1
992	27	1
992	28	1
992	29	1
992	30	0
992	31	1
992	32	0
992	33	1
992	34	0
992	35	0
992	36	0
992	37	0
992	38	1
992	39	1
992	40	0
993	1	0
993	2	0
993	3	1
993	4	1
993	5	0
993	6	1
993	7	0
993	8	1
993	9	1
993	10	1
993	11	1
993	12	1
993	13	1
993	14	0
993	15	1
993	16	0
993	17	1
993	18	0
993	19	1
993	20	1
993	21	1
993	22	1
993	23	1
993	24	0
993	25	1
993	26	1
993	27	1
993	28	1
993	29	1
993	30	0
993	31	1
993	32	0
993	33	1
993	34	0
993	35	0
993	36	0
993	37	0
993	38	1
993	39	1
993	40	0
994	1	1
994	2	1
994	3	1
994	4	1
994	5	1
994	6	1
994	7	1
994	8	1
994	9	1
994	10	1
994	11	1
994	12	1
994	13	1
994	14	1
994	15	1
994	16	1
994	17	1
994	18	1
994	19	1
994	20	1
994	21	1
994	22	1
994	23	1
994	24	1
994	25	1
994	26	1
994	27	1
994	28	1
994	29	1
994	30	1
994	31	1
994	32	1
994	33	1
994	34	1
994	35	1
994	36	1
994	37	1
994	38	1
994	39	1
994	40	1
995	1	1
995	2	1
995	3	1
995	4	1
995	5	0
995	6	1
995	7	1
995	8	1
995	9	1
995	10	0
995	11	1
995	12	0
995	13	1
995	14	0
995	15	1
995	16	0
995	17	1
995	18	0
995	19	1
995	20	1
995	21	1
995	22	1
995	23	1
995	24	0
995	25	1
995	26	0
995	27	1
995	28	1
995	29	1
995	30	1
995	31	1
995	32	0
995	33	1
995	34	0
995	35	0
995	36	0
995	37	0
995	38	1
995	39	0
995	40	1
996	1	1
996	2	1
996	3	1
996	4	1
996	5	1
996	6	1
996	7	1
996	8	1
996	9	1
996	10	1
996	11	1
996	12	1
996	13	1
996	14	1
996	15	1
996	16	1
996	17	1
996	18	1
996	19	1
996	20	1
996	21	1
996	22	1
996	23	1
996	24	1
996	25	1
996	26	1
996	27	1
996	28	1
996	29	1
996	30	1
996	31	1
996	32	1
996	33	1
996	34	1
996	35	1
996	36	1
996	37	1
996	38	1
996	39	1
996	40	1
997	1	1
997	2	1
997	3	1
997	4	1
997	5	1
997	6	1
997	7	1
997	8	1
997	9	1
997	10	1
997	11	1
997	12	1
997	13	1
997	14	1
997	15	1
997	16	1
997	17	1
997	18	1
997	19	1
997	20	1
997	21	1
997	22	1
997	23	1
997	24	1
997	25	1
997	26	1
997	27	1
997	28	1
997	29	1
997	30	1
997	31	1
997	32	1
997	33	1
997	34	1
997	35	1
997	36	1
997	37	1
997	38	1
997	39	1
997	40	1
998	1	0
998	2	0
998	3	1
998	4	1
998	5	0
998	6	1
998	7	0
998	8	1
998	9	1
998	10	1
998	11	1
998	12	1
998	13	1
998	14	0
998	15	1
998	16	0
998	17	1
998	18	0
998	19	1
998	20	1
998	21	1
998	22	1
998	23	1
998	24	0
998	25	1
998	26	1
998	27	1
998	28	1
998	29	1
998	30	0
998	31	1
998	32	0
998	33	1
998	34	0
998	35	0
998	36	0
998	37	0
998	38	1
998	39	1
998	40	0
999	1	1
999	2	1
999	3	1
999	4	1
999	5	0
999	6	1
999	7	1
999	8	1
999	9	1
999	10	0
999	11	1
999	12	0
999	13	1
999	14	0
999	15	1
999	16	0
999	17	1
999	18	0
999	19	1
999	20	1
999	21	1
999	22	1
999	23	1
999	24	0
999	25	1
999	26	0
999	27	1
999	28	1
999	29	1
999	30	1
999	31	1
999	32	0
999	33	1
999	34	0
999	35	0
999	36	0
999	37	0
999	38	1
999	39	0
999	40	1
1000	1	1
1000	2	1
1000	3	0
1000	4	0
1000	5	1
1000	6	0
1000	7	1
1000	8	1
1000	9	1
1000	10	1
1000	11	0
1000	12	1
1000	13	1
1000	14	1
1000	15	1
1000	16	1
1000	17	0
1000	18	1
1000	19	1
1000	20	0
1000	21	1
1000	22	1
1000	23	1
1000	24	1
1000	25	1
1000	26	1
1000	27	1
1000	28	1
1000	29	1
1000	30	1
1000	31	1
1000	32	1
1000	33	1
1000	34	1
1000	35	1
1000	36	1
1000	37	1
1000	38	0
1000	39	1
1000	40	1
