p	r	R_p
1	1	1
1	2	1
1	3	1
1	4	1
1	5	0
1	6	1
1	7	1
1	8	0
1	9	1
1	10	1
1	11	0
1	12	1
1	13	1
1	14	1
1	15	0
1	16	1
1	17	0
1	18	1
1	19	1
1	20	0
1	21	1
1	22	1
1	23	0
1	24	0
1	25	0
1	26	0
1	27	1
1	28	1
1	29	1
1	30	1
1	31	0
1	32	1
1	33	1
1	34	1
1	35	1
1	36	0
1	37	1
1	38	0
1	39	1
1	40	1
2	1	1
2	2	1
2	3	0
2	4	1
2	5	0
2	6	0
2	7	0
2	8	0
2	9	0
2	10	1
2	11	0
2	12	1
2	13	0
2	14	0
2	15	0
2	16	0
2	17	0
2	18	1
2	19	1
2	20	0
2	21	0
2	22	0
2	23	0
2	24	0
2	25	0
2	26	0
2	27	1
2	28	1
2	29	1
2	30	1
2	31	0
2	32	0
2	33	1
2	34	1
2	35	1
2	36	0
2	37	0
2	38	0
2	39	0
2	40	0
3	1	0
3	2	0
3	3	1
3	4	1
3	5	0
3	6	1
3	7	0
3	8	1
3	9	0
3	10	1
3	11	1
3	12	0
3	13	0
3	14	0
3	15	1
3	16	0
3	17	1
3	18	0
3	19	1
3	20	0
3	21	0
3	22	0
3	23	0
3	24	1
3	25	0
3	26	0
3	27	1
3	28	1
3	29	1
3	30	0
3	31	0
3	32	1
3	33	1
3	34	0
3	35	0
3	36	0
3	37	0
3	38	0
3	39	0
3	40	0
4	1	1
4	2	1
4	3	0
4	4	0
4	5	1
4	6	0
4	7	0
4	8	1
4	9	0
4	10	0
4	11	1
4	12	1
4	13	0
4	14	0
4	15	1
4	16	1
4	17	1
4	18	1
4	19	0
4	20	1
4	21	0
4	22	1
4	23	1
4	24	1
4	25	1
4	26	1
4	27	0
4	28	0
4	29	0
4	30	1
4	31	1
4	32	0
4	33	0
4	34	1
4	35	1
4	36	1
4	37	0
4	38	1
4	39	0
4	40	0
5	1	1
5	2	1
5	3	1
5	4	1
5	5	0
5	6	1
5	7	1
5	8	0
5	9	1
5	10	1
5	11	0
5	12	1
5	13	1
5	14	1
5	15	0
5	16	1
5	17	0
5	18	1
5	19	1
5	20	0
5	21	1
5	22	1
5	23	0
5	24	0
5	25	0
5	26	0
5	27	1
5	28	1
5	29	1
5	30	1
5	31	0
5	32	1
5	33	1
5	34	1
5	35	1
5	36	0
5	37	1
5	38	0
5	39	1
5	40	1
6	1	1
6	2	1
6	3	0
6	4	0
6	5	0
6	6	0
6	7	0
6	8	0
6	9	0
6	10	0
6	11	0
6	12	1
6	13	0
6	14	0
6	15	0
6	16	1
6	17	0
6	18	1
6	19	0
6	20	0
6	21	0
6	22	1
6	23	0
6	24	0
6	25	0
6	26	0
6	27	0
6	28	0
6	29	0
6	30	1
6	31	0
6	32	0
6	33	0
6	34	1
6	35	1
6	36	0
6	37	0
6	38	0
6	39	0
6	40	0
7	1	0
7	2	0
7	3	1
7	4	1
7	5	0
7	6	1
7	7	0
7	8	1
7	9	0
7	10	1
7	11	1
7	12	0
7	13	0
7	14	0
7	15	1
7	16	0
7	17	1
7	18	0
7	19	1
7	20	0
7	21	0
7	22	0
7	23	0
7	24	1
7	25	0
7	26	0
7	27	1
7	28	1
7	29	1
7	30	0
7	31	0
7	32	1
7	33	1
7	34	0
7	35	0
7	36	0
7	37	0
7	38	0
7	39	0
7	40	0
8	1	0
8	2	0
8	3	0
8	4	0
8	5	0
8	6	0
8	7	1
8	8	1
8	9	1
8	10	0
8	11	1
8	12	0
8	13	1
8	14	1
8	15	1
8	16	0
8	17	1
8	18	0
8	19	0
8	20	0
8	21	1
8	22	0
8	23	0
8	24	1
8	25	0
8	26	0
8	27	0
8	28	0
8	29	0
8	30	0
8	31	0
8	32	0
8	33	0
8	34	0
8	35	0
8	36	0
8	37	1
8	38	0
8	39	1
8	40	1
9	1	1
9	2	1
9	3	1
9	4	0
9	5	0
9	6	1
9	7	0
9	8	0
9	9	1
9	10	0
9	11	0
9	12	1
9	13	1
9	14	0
9	15	0
9	16	1
9	17	0
9	18	1
9	19	0
9	20	0
9	21	1
9	22	0
9	23	0
9	24	0
9	25	0
9	26	0
9	27	1
9	28	0
9	29	0
9	30	1
9	31	0
9	32	1
9	33	1
9	34	0
9	35	0
9	36	0
9	37	1
9	38	0
9	39	1
9	40	0
10	1	1
10	2	1
10	3	1
10	4	1
10	5	0
10	6	1
10	7	1
10	8	0
10	9	1
10	10	1
10	11	0
10	12	1
10	13	1
10	14	1
10	15	0
10	16	1
10	17	0
10	18	1
10	19	1
10	20	0
10	21	1
10	22	1
10	23	0
10	24	0
10	25	0
10	26	0
10	27	1
10	28	1
10	29	1
10	30	1
10	31	0
10	32	1
10	33	1
10	34	1
10	35	1
10	36	0
10	37	1
10	38	0
10	39	1
10	40	1
11	1	1
11	2	0
11	3	1
11	4	1
11	5	1
11	6	0
11	7	1
11	8	0
11	9	0
11	10	1
11	11	0
11	12	1
11	13	1
11	14	1
11	15	0
11	16	1
11	17	0
11	18	1
11	19	1
11	20	0
11	21	0
11	22	1
11	23	1
11	24	0
11	25	1
11	26	1
11	27	0
11	28	0
11	29	1
11	30	1
11	31	0
11	32	1
11	33	1
11	34	0
11	35	1
11	36	1
11	37	1
11	38	0
11	39	0
11	40	1
12	1	1
12	2	1
12	3	0
12	4	0
12	5	1
12	6	0
12	7	0
12	8	1
12	9	0
12	10	0
12	11	1
12	12	1
12	13	0
12	14	0
12	15	1
12	16	1
12	17	1
12	18	1
12	19	0
12	20	1
12	21	0
12	22	1
12	23	1
12	24	1
12	25	1
12	26	1
12	27	0
12	28	0
12	29	0
12	30	1
12	31	1
12	32	0
12	33	0
12	34	1
12	35	1
12	36	1
12	37	0
12	38	1
12	39	0
12	40	0
13	1	1
13	2	1
13	3	1
13	4	1
13	5	0
13	6	1
13	7	1
13	8	0
13	9	1
13	10	1
13	11	0
13	12	1
13	13	1
13	14	1
13	15	0
13	16	1
13	17	0
13	18	1
13	19	1
13	20	0
13	21	1
13	22	1
13	23	0
13	24	0
13	25	0
13	26	0
13	27	1
13	28	1
13	29	1
13	30	1
13	31	0
13	32	1
13	33	1
13	34	1
13	35	1
13	36	0
13	37	1
13	38	0
13	39	1
13	40	1
14	1	1
14	2	1
14	3	1
14	4	0
14	5	0
14	6	1
14	7	0
14	8	0
14	9	0
14	10	0
14	11	0
14	12	1
14	13	0
14	14	0
14	15	0
14	16	1
14	17	0
14	18	1
14	19	0
14	20	0
14	21	0
14	22	0
14	23	0
14	24	0
14	25	0
14	26	0
14	27	1
14	28	0
14	29	0
14	30	1
14	31	0
14	32	1
14	33	1
14	34	0
14	35	0
14	36	0
14	37	0
14	38	0
14	39	0
14	40	0
15	1	1
15	2	1
15	3	0
15	4	0
15	5	1
15	6	0
15	7	0
15	8	1
15	9	0
15	10	0
15	11	1
15	12	1
15	13	0
15	14	0
15	15	1
15	16	1
15	17	1
15	18	1
15	19	0
15	20	1
15	21	0
15	22	1
15	23	1
15	24	1
15	25	1
15	26	1
15	27	0
15	28	0
15	29	0
15	30	1
15	31	1
15	32	0
15	33	0
15	34	1
15	35	1
15	36	1
15	37	0
15	38	1
15	39	0
15	40	0
16	1	0
16	2	0
16	3	1
16	4	1
16	5	0
16	6	1
16	7	0
16	8	1
16	9	0
16	10	1
16	11	1
16	12	0
16	13	0
16	14	0
16	15	1
16	16	0
16	17	1
16	18	0
16	19	1
16	20	0
16	21	0
16	22	0
16	23	0
16	24	1
16	25	0
16	26	0
16	27	1
16	28	1
16	29	1
16	30	0
16	31	0
16	32	1
16	33	1
16	34	0
16	35	0
16	36	0
16	37	0
16	38	0
16	39	0
16	40	0
17	1	1
17	2	1
17	3	1
17	4	1
17	5	0
17	6	1
17	7	0
17	8	0
17	9	0
17	10	1
17	11	0
17	12	1
17	13	0
17	14	0
17	15	0
17	16	1
17	17	0
17	18	1
17	19	1
17	20	0
17	21	0
17	22	1
17	23	0
17	24	0
17	25	0
17	26	0
17	27	1
17	28	1
17	29	1
17	30	1
17	31	0
17	32	1
17	33	1
17	34	1
17	35	1
17	36	0
17	37	0
17	38	0
17	39	0
17	40	0
18	1	0
18	2	0
18	3	0
18	4	0
18	5	0
18	6	0
18	7	1
18	8	1
18	9	1
18	10	0
18	11	1
18	12	0
18	13	1
18	14	1
18	15	1
18	16	0
18	17	1
18	18	0
18	19	0
18	20	0
18	21	1
18	22	0
18	23	0
18	24	1
18	25	0
18	26	0
18	27	0
18	28	0
18	29	0
18	30	0
18	31	0
18	32	0
18	33	0
18	34	0
18	35	0
18	36	0
18	37	1
18	38	0
18	39	1
18	40	1
19	1	1
19	2	1
19	3	1
19	4	1
19	5	1
19	6	1
19	7	1
19	8	0
19	9	1
19	10	1
19	11	0
19	12	1
19	13	1
19	14	1
19	15	0
19	16	1
19	17	0
19	18	1
19	19	0
19	20	1
19	21	1
19	22	1
19	23	1
19	24	0
19	25	1
19	26	1
19	27	0
19	28	1
19	29	0
19	30	1
19	31	1
19	32	0
19	33	0
19	34	1
19	35	1
19	36	1
19	37	1
19	38	1
19	39	1
19	40	1
20	1	0
20	2	0
20	3	1
20	4	1
20	5	0
20	6	1
20	7	0
20	8	1
20	9	0
20	10	1
20	11	1
20	12	0
20	13	0
20	14	0
20	15	1
20	16	0
20	17	1
20	18	0
20	19	1
20	20	0
20	21	0
20	22	0
20	23	0
20	24	1
20	25	0
20	26	0
20	27	1
20	28	1
20	29	1
20	30	0
20	31	0
20	32	1
20	33	1
20	34	0
20	35	0
20	36	0
20	37	0
20	38	0
20	39	0
20	40	0
21	1	0
21	2	0
21	3	1
21	4	1
21	5	0
21	6	1
21	7	1
21	8	0
21	9	0
21	10	0
21	11	0
21	12	1
21	13	1
21	14	1
21	15	0
21	16	0
21	17	0
21	18	0
21	19	1
21	20	1
21	21	1
21	22	1
21	23	1
21	24	0
21	25	1
21	26	0
21	27	1
21	28	1
21	29	0
21	30	1
21	31	1
21	32	0
21	33	1
21	34	0
21	35	0
21	36	1
21	37	1
21	38	1
21	39	1
21	40	0
22	1	1
22	2	1
22	3	0
22	4	0
22	5	1
22	6	0
22	7	0
22	8	1
22	9	0
22	10	0
22	11	1
22	12	1
22	13	0
22	14	0
22	15	1
22	16	1
22	17	1
22	18	1
22	19	0
22	20	1
22	21	0
22	22	1
22	23	1
22	24	1
22	25	1
22	26	1
22	27	0
22	28	0
22	29	0
22	30	1
22	31	1
22	32	0
22	33	0
22	34	1
22	35	1
22	36	1
22	37	0
22	38	1
22	39	0
22	40	0
23	1	0
23	2	0
23	3	1
23	4	1
23	5	0
23	6	1
23	7	0
23	8	1
23	9	0
23	10	1
23	11	1
23	12	0
23	13	0
23	14	0
23	15	1
23	16	0
23	17	1
23	18	0
23	19	1
23	20	0
23	21	0
23	22	0
23	23	0
23	24	1
23	25	0
23	26	0
23	27	1
23	28	1
23	29	1
23	30	0
23	31	0
23	32	1
23	33	1
23	34	0
23	35	0
23	36	0
23	37	0
23	38	0
23	39	0
23	40	0
24	1	0
24	2	0
24	3	0
24	4	0
24	5	0
24	6	0
24	7	1
24	8	1
24	9	1
24	10	0
24	11	1
24	12	0
24	13	1
24	14	1
24	15	1
24	16	0
24	17	1
24	18	0
24	19	0
24	20	0
24	21	1
24	22	0
24	23	0
24	24	1
24	25	0
24	26	0
24	27	0
24	28	0
24	29	0
24	30	0
24	31	0
24	32	0
24	33	0
24	34	0
24	35	0
24	36	0
24	37	1
24	38	0
24	39	1
24	40	1
25	1	1
25	2	1
25	3	1
25	4	1
25	5	0
25	6	1
25	7	1
25	8	0
25	9	1
25	10	1
25	11	0
25	12	1
25	13	1
25	14	1
25	15	0
25	16	1
25	17	0
25	18	1
25	19	1
25	20	0
25	21	1
25	22	1
25	23	0
25	24	0
25	25	0
25	26	0
25	27	1
25	28	1
25	29	1
25	30	1
25	31	0
25	32	1
25	33	1
25	34	1
25	35	1
25	36	0
25	37	1
25	38	0
25	39	1
25	40	1
26	1	0
26	2	0
26	3	0
26	4	0
26	5	0
26	6	0
26	7	1
26	8	1
26	9	1
26	10	0
26	11	1
26	12	0
26	13	1
26	14	1
26	15	1
26	16	0
26	17	1
26	18	0
26	19	0
26	20	0
26	21	1
26	22	0
26	23	0
26	24	1
26	25	0
26	26	0
26	27	0
26	28	0
26	29	0
26	30	0
26	31	0
26	32	0
26	33	0
26	34	0
26	35	0
26	36	0
26	37	1
26	38	0
26	39	1
26	40	1
27	1	0
27	2	0
27	3	0
27	4	0
27	5	0
27	6	0
27	7	0
27	8	0
27	9	1
27	10	0
27	11	0
27	12	0
27	13	1
27	14	0
27	15	1
27	16	0
27	17	0
27	18	0
27	19	0
27	20	0
27	21	1
27	22	0
27	23	0
27	24	1
27	25	0
27	26	0
27	27	0
27	28	0
27	29	0
27	30	0
27	31	0
27	32	0
27	33	0
27	34	0
27	35	0
27	36	0
27	37	1
27	38	0
27	39	1
27	40	0
28	1	1
28	2	1
28	3	1
28	4	1
28	5	1
28	6	1
28	7	1
28	8	0
28	9	1
28	10	1
28	11	0
28	12	1
28	13	1
28	14	1
28	15	0
28	16	1
28	17	0
28	18	1
28	19	0
28	20	1
28	21	1
28	22	1
28	23	1
28	24	0
28	25	1
28	26	1
28	27	0
28	28	1
28	29	0
28	30	1
28	31	1
28	32	0
28	33	0
28	34	1
28	35	1
28	36	1
28	37	1
28	38	1
28	39	1
28	40	1
29	1	0
29	2	0
29	3	0
29	4	0
29	5	0
29	6	0
29	7	1
29	8	1
29	9	1
29	10	0
29	11	1
29	12	0
29	13	1
29	14	1
29	15	1
29	16	0
29	17	1
29	18	0
29	19	0
29	20	0
29	21	1
29	22	0
29	23	0
29	24	1
29	25	0
29	26	0
29	27	0
29	28	0
29	29	0
29	30	0
29	31	0
29	32	0
29	33	0
29	34	0
29	35	0
29	36	0
29	37	1
29	38	0
29	39	1
29	40	1
30	1	1
30	2	1
30	3	1
30	4	1
30	5	0
30	6	1
30	7	1
30	8	0
30	9	1
30	10	1
30	11	0
30	12	1
30	13	1
30	14	1
30	15	0
30	16	1
30	17	0
30	18	1
30	19	1
30	20	0
30	21	1
30	22	1
30	23	0
30	24	0
30	25	0
30	26	0
30	27	1
30	28	1
30	29	1
30	30	1
30	31	0
30	32	1
30	33	1
30	34	1
30	35	1
30	36	0
30	37	1
30	38	0
30	39	1
30	40	1
31	1	1
31	2	1
31	3	0
31	4	0
31	5	0
31	6	0
31	7	0
31	8	0
31	9	0
31	10	0
31	11	0
31	12	1
31	13	0
31	14	0
31	15	0
31	16	1
31	17	0
31	18	1
31	19	0
31	20	0
31	21	0
31	22	1
31	23	0
31	24	0
31	25	0
31	26	0
31	27	0
31	28	0
31	29	0
31	30	1
31	31	0
31	32	0
31	33	0
31	34	1
31	35	1
31	36	0
31	37	0
31	38	0
31	39	0
31	40	0
32	1	1
32	2	1
32	3	1
32	4	1
32	5	0
32	6	1
32	7	0
32	8	0
32	9	0
32	10	1
32	11	0
32	12	1
32	13	0
32	14	0
32	15	0
32	16	1
32	17	0
32	18	1
32	19	1
32	20	0
32	21	0
32	22	1
32	23	0
32	24	0
32	25	0
32	26	0
32	27	1
32	28	1
32	29	1
32	30	1
32	31	0
32	32	1
32	33	1
32	34	1
32	35	1
32	36	0
32	37	0
32	38	0
32	39	0
32	40	0
33	1	1
33	2	1
33	3	1
33	4	1
33	5	0
33	6	1
33	7	1
33	8	0
33	9	1
33	10	1
33	11	0
33	12	1
33	13	1
33	14	1
33	15	0
33	16	1
33	17	0
33	18	1
33	19	1
33	20	0
33	21	1
33	22	1
33	23	0
33	24	0
33	25	0
33	26	0
33	27	1
33	28	1
33	29	1
33	30	1
33	31	0
33	32	1
33	33	1
33	34	1
33	35	1
33	36	0
33	37	1
33	38	0
33	39	1
33	40	1
34	1	1
34	2	0
34	3	0
34	4	0
34	5	1
34	6	0
34	7	0
34	8	1
34	9	0
34	10	0
34	11	1
34	12	1
34	13	0
34	14	0
34	15	0
34	16	1
34	17	1
34	18	1
34	19	0
34	20	0
34	21	0
34	22	1
34	23	1
34	24	1
34	25	1
34	26	1
34	27	0
34	28	0
34	29	0
34	30	1
34	31	0
34	32	0
34	33	0
34	34	0
34	35	1
34	36	1
34	37	0
34	38	0
34	39	0
34	40	0
35	1	1
35	2	1
35	3	1
35	4	1
35	5	0
35	6	1
35	7	0
35	8	0
35	9	0
35	10	1
35	11	0
35	12	1
35	13	0
35	14	0
35	15	0
35	16	1
35	17	0
35	18	1
35	19	1
35	20	0
35	21	0
35	22	1
35	23	0
35	24	0
35	25	0
35	26	0
35	27	1
35	28	1
35	29	1
35	30	1
35	31	0
35	32	1
35	33	1
35	34	1
35	35	1
35	36	0
35	37	0
35	38	0
35	39	0
35	40	0
36	1	0
36	2	0
36	3	1
36	4	1
36	5	0
36	6	1
36	7	1
36	8	0
36	9	0
36	10	0
36	11	0
36	12	1
36	13	1
36	14	1
36	15	0
36	16	0
36	17	0
36	18	0
36	19	1
36	20	0
36	21	1
36	22	1
36	23	0
36	24	0
36	25	0
36	26	0
36	27	1
36	28	1
36	29	0
36	30	1
36	31	0
36	32	0
36	33	1
36	34	0
36	35	0
36	36	0
36	37	1
36	38	0
36	39	1
36	40	0
37	1	1
37	2	1
37	3	1
37	4	1
37	5	1
37	6	1
37	7	1
37	8	0
37	9	1
37	10	1
37	11	0
37	12	1
37	13	1
37	14	1
37	15	0
37	16	1
37	17	0
37	18	1
37	19	0
37	20	1
37	21	1
37	22	1
37	23	1
37	24	0
37	25	1
37	26	1
37	27	0
37	28	1
37	29	0
37	30	1
37	31	1
37	32	0
37	33	0
37	34	1
37	35	1
37	36	1
37	37	1
37	38	1
37	39	1
37	40	1
38	1	1
38	2	1
38	3	1
38	4	1
38	5	0
38	6	1
38	7	1
38	8	0
38	9	1
38	10	1
38	11	0
38	12	1
38	13	1
38	14	1
38	15	0
38	16	1
38	17	0
38	18	1
38	19	1
38	20	0
38	21	1
38	22	1
38	23	0
38	24	0
38	25	0
38	26	0
38	27	1
38	28	1
38	29	1
38	30	1
38	31	0
38	32	1
38	33	1
38	34	1
38	35	1
38	36	0
38	37	1
38	38	0
38	39	1
38	40	1
39	1	1
39	2	1
39	3	1
39	4	1
39	5	1
39	6	1
39	7	1
39	8	0
39	9	1
39	10	1
39	11	0
39	12	1
39	13	1
39	14	1
39	15	0
39	16	1
39	17	0
39	18	1
39	19	1
39	20	1
39	21	1
39	22	1
39	23	1
39	24	0
39	25	1
39	26	1
39	27	1
39	28	1
39	29	1
39	30	1
39	31	1
39	32	1
39	33	1
39	34	1
39	35	1
39	36	1
39	37	1
39	38	1
39	39	1
39	40	1
40	1	0
40	2	0
40	3	0
40	4	0
40	5	0
40	6	0
40	7	1
40	8	1
40	9	1
40	10	0
40	11	1
40	12	0
40	13	1
40	14	1
40	15	1
40	16	0
40	17	1
40	18	0
40	19	0
40	20	0
40	21	1
40	22	0
40	23	0
40	24	1
40	25	0
40	26	0
40	27	0
40	28	0
40	29	0
40	30	0
40	31	0
40	32	0
40	33	0
40	34	0
40	35	0
40	36	0
40	37	1
40	38	0
40	39	1
40	40	1
41	1	1
41	2	1
41	3	1
41	4	1
41	5	1
41	6	1
41	7	1
41	8	0
41	9	1
41	10	1
41	11	0
41	12	1
41	13	1
41	14	1
41	15	0
41	16	1
41	17	0
41	18	1
41	19	0
41	20	1
41	21	1
41	22	1
41	23	1
41	24	0
41	25	1
41	26	1
41	27	0
41	28	1
41	29	0
41	30	1
41	31	1
41	32	0
41	33	0
41	34	1
41	35	1
41	36	1
41	37	1
41	38	1
41	39	1
41	40	1
42	1	0
42	2	0
42	3	0
42	4	0
42	5	0
42	6	0
42	7	1
42	8	1
42	9	1
42	10	0
42	11	1
42	12	0
42	13	1
42	14	1
42	15	1
42	16	0
42	17	1
42	18	0
42	19	0
42	20	0
42	21	1
42	22	0
42	23	0
42	24	1
42	25	0
42	26	0
42	27	0
42	28	0
42	29	0
42	30	0
42	31	0
42	32	0
42	33	0
42	34	0
42	35	0
42	36	0
42	37	1
42	38	0
42	39	1
42	40	1
43	1	1
43	2	1
43	3	0
43	4	0
43	5	1
43	6	0
43	7	0
43	8	1
43	9	0
43	10	0
43	11	1
43	12	1
43	13	0
43	14	0
43	15	1
43	16	1
43	17	1
43	18	1
43	19	0
43	20	1
43	21	0
43	22	1
43	23	1
43	24	1
43	25	1
43	26	1
43	27	0
43	28	0
43	29	0
43	30	1
43	31	1
43	32	0
43	33	0
43	34	1
43	35	1
43	36	1
43	37	0
43	38	1
43	39	0
43	40	0
44	1	0
44	2	0
44	3	1
44	4	1
44	5	0
44	6	1
44	7	0
44	8	1
44	9	0
44	10	1
44	11	1
44	12	0
44	13	0
44	14	0
44	15	1
44	16	0
44	17	1
44	18	0
44	19	1
44	20	0
44	21	0
44	22	0
44	23	0
44	24	1
44	25	0
44	26	0
44	27	1
44	28	1
44	29	1
44	30	0
44	31	0
44	32	1
44	33	1
44	34	0
44	35	0
44	36	0
44	37	0
44	38	0
44	39	0
44	40	0
45	1	1
45	2	1
45	3	1
45	4	1
45	5	1
45	6	1
45	7	1
45	8	0
45	9	1
45	10	1
45	11	0
45	12	1
45	13	1
45	14	1
45	15	0
45	16	1
45	17	0
45	18	1
45	19	1
45	20	1
45	21	1
45	22	1
45	23	1
45	24	0
45	25	1
45	26	1
45	27	1
45	28	1
45	29	1
45	30	1
45	31	1
45	32	1
45	33	1
45	34	1
45	35	1
45	36	1
45	37	1
45	38	1
45	39	1
45	40	1
46	1	1
46	2	1
46	3	1
46	4	1
46	5	1
46	6	1
46	7	1
46	8	0
46	9	1
46	10	1
46	11	0
46	12	1
46	13	1
46	14	1
46	15	0
46	16	1
46	17	0
46	18	1
46	19	0
46	20	1
46	21	1
46	22	1
46	23	1
46	24	0
46	25	1
46	26	1
46	27	0
46	28	1
46	29	0
46	30	1
46	31	1
46	32	0
46	33	0
46	34	1
46	35	1
46	36	1
46	37	1
46	38	1
46	39	1
46	40	1
47	1	0
47	2	0
47	3	0
47	4	0
47	5	0
47	6	0
47	7	1
47	8	1
47	9	1
47	10	0
47	11	1
47	12	0
47	13	1
47	14	1
47	15	1
47	16	0
47	17	1
47	18	0
47	19	0
47	20	0
47	21	1
47	22	0
47	23	0
47	24	1
47	25	0
47	26	0
47	27	0
47	28	0
47	29	0
47	30	0
47	31	0
47	32	0
47	33	0
47	34	0
47	35	0
47	36	0
47	37	1
47	38	0
47	39	1
47	40	1
48	1	1
48	2	1
48	3	0
48	4	0
48	5	0
48	6	0
48	7	0
48	8	0
48	9	0
48	10	0
48	11	0
48	12	1
48	13	0
48	14	0
48	15	0
48	16	1
48	17	0
48	18	1
48	19	0
48	20	0
48	21	0
48	22	1
48	23	0
48	24	0
48	25	0
48	26	0
48	27	0
48	28	0
48	29	0
48	30	1
48	31	0
48	32	0
48	33	0
48	34	1
48	35	1
48	36	0
48	37	0
48	38	0
48	39	0
48	40	0
49	1	0
49	2	0
49	3	1
49	4	1
49	5	0
49	6	1
49	7	0
49	8	1
49	9	0
49	10	1
49	11	1
49	12	0
49	13	0
49	14	0
49	15	1
49	16	0
49	17	1
49	18	0
49	19	1
49	20	0
49	21	0
49	22	0
49	23	0
49	24	1
49	25	0
49	26	0
49	27	1
49	28	1
49	29	1
49	30	0
49	31	0
49	32	1
49	33	1
49	34	0
49	35	0
49	36	0
49	37	0
49	38	0
49	39	0
49	40	0
50	1	1
50	2	1
50	3	0
50	4	0
50	5	0
50	6	0
50	7	0
50	8	0
50	9	0
50	10	0
50	11	0
50	12	1
50	13	0
50	14	0
50	15	0
50	16	1
50	17	0
50	18	1
50	19	0
50	20	0
50	21	0
50	22	1
50	23	0
50	24	0
50	25	0
50	26	0
50	27	0
50	28	0
50	29	0
50	30	1
50	31	0
50	32	0
50	33	0
50	34	1
50	35	1
50	36	0
50	37	0
50	38	0
50	39	0
50	40	0
51	1	1
51	2	1
51	3	1
51	4	1
51	5	1
51	6	1
51	7	1
51	8	0
51	9	1
51	10	1
51	11	0
51	12	1
51	13	1
51	14	1
51	15	0
51	16	1
51	17	0
51	18	1
51	19	1
51	20	1
51	21	1
51	22	1
51	23	1
51	24	0
51	25	1
51	26	1
51	27	1
51	28	1
51	29	1
51	30	1
51	31	1
51	32	1
51	33	1
51	34	1
51	35	1
51	36	1
51	37	1
51	38	1
51	39	1
51	40	1
52	1	1
52	2	1
52	3	1
52	4	1
52	5	0
52	6	1
52	7	1
52	8	0
52	9	1
52	10	1
52	11	0
52	12	1
52	13	1
52	14	1
52	15	0
52	16	1
52	17	0
52	18	1
52	19	1
52	20	0
52	21	1
52	22	1
52	23	0
52	24	0
52	25	0
52	26	0
52	27	1
52	28	1
52	29	1
52	30	1
52	31	0
52	32	1
52	33	1
52	34	1
52	35	1
52	36	0
52	37	1
52	38	0
52	39	1
52	40	1
53	1	1
53	2	1
53	3	1
53	4	1
53	5	0
53	6	1
53	7	1
53	8	0
53	9	1
53	10	1
53	11	0
53	12	1
53	13	1
53	14	1
53	15	0
53	16	1
53	17	0
53	18	1
53	19	1
53	20	0
53	21	1
53	22	1
53	23	0
53	24	0
53	25	0
53	26	0
53	27	1
53	28	1
53	29	1
53	30	1
53	31	0
53	32	1
53	33	1
53	34	1
53	35	1
53	36	0
53	37	1
53	38	0
53	39	1
53	40	1
54	1	1
54	2	0
54	3	0
54	4	0
54	5	1
54	6	0
54	7	0
54	8	1
54	9	0
54	10	0
54	11	1
54	12	1
54	13	0
54	14	0
54	15	0
54	16	1
54	17	1
54	18	1
54	19	0
54	20	0
54	21	0
54	22	1
54	23	1
54	24	1
54	25	1
54	26	1
54	27	0
54	28	0
54	29	0
54	30	1
54	31	0
54	32	0
54	33	0
54	34	0
54	35	1
54	36	1
54	37	0
54	38	0
54	39	0
54	40	0
55	1	1
55	2	1
55	3	1
55	4	1
55	5	0
55	6	1
55	7	0
55	8	0
55	9	0
55	10	0
55	11	0
55	12	1
55	13	0
55	14	0
55	15	0
55	16	1
55	17	0
55	18	1
55	19	1
55	20	0
55	21	0
55	22	0
55	23	0
55	24	0
55	25	0
55	26	0
55	27	1
55	28	0
55	29	1
55	30	1
55	31	0
55	32	0
55	33	1
55	34	1
55	35	0
55	36	0
55	37	0
55	38	0
55	39	0
55	40	0
56	1	1
56	2	1
56	3	1
56	4	1
56	5	1
56	6	1
56	7	1
56	8	0
56	9	1
56	10	0
56	11	0
56	12	1
56	13	1
56	14	1
56	15	0
56	16	1
56	17	0
56	18	1
56	19	0
56	20	1
56	21	0
56	22	0
56	23	0
56	24	0
56	25	1
56	26	0
56	27	0
56	28	0
56	29	0
56	30	1
56	31	0
56	32	0
56	33	0
56	34	1
56	35	0
56	36	1
56	37	1
56	38	1
56	39	1
56	40	1
57	1	0
57	2	0
57	3	0
57	4	0
57	5	0
57	6	0
57	7	0
57	8	0
57	9	1
57	10	0
57	11	0
57	12	0
57	13	1
57	14	0
57	15	1
57	16	0
57	17	0
57	18	0
57	19	0
57	20	0
57	21	1
57	22	0
57	23	0
57	24	1
57	25	0
57	26	0
57	27	0
57	28	0
57	29	0
57	30	0
57	31	0
57	32	0
57	33	0
57	34	0
57	35	0
57	36	0
57	37	1
57	38	0
57	39	1
57	40	0
58	1	1
58	2	1
58	3	1
58	4	1
58	5	0
58	6	1
58	7	1
58	8	0
58	9	1
58	10	1
58	11	0
58	12	1
58	13	1
58	14	1
58	15	0
58	16	1
58	17	0
58	18	1
58	19	1
58	20	0
58	21	1
58	22	1
58	23	0
58	24	0
58	25	0
58	26	0
58	27	1
58	28	1
58	29	1
58	30	1
58	31	0
58	32	1
58	33	1
58	34	1
58	35	1
58	36	0
58	37	1
58	38	0
58	39	1
58	40	1
59	1	0
59	2	0
59	3	1
59	4	1
59	5	0
59	6	1
59	7	0
59	8	1
59	9	0
59	10	1
59	11	1
59	12	0
59	13	0
59	14	0
59	15	1
59	16	0
59	17	1
59	18	0
59	19	1
59	20	0
59	21	0
59	22	0
59	23	0
59	24	1
59	25	0
59	26	0
59	27	1
59	28	1
59	29	1
59	30	0
59	31	0
59	32	1
59	33	1
59	34	0
59	35	0
59	36	0
59	37	0
59	38	0
59	39	0
59	40	0
60	1	1
60	2	1
60	3	1
60	4	1
60	5	1
60	6	1
60	7	1
60	8	0
60	9	1
60	10	1
60	11	0
60	12	1
60	13	1
60	14	1
60	15	0
60	16	1
60	17	0
60	18	1
60	19	0
60	20	1
60	21	1
60	22	1
60	23	1
60	24	0
60	25	1
60	26	1
60	27	0
60	28	1
60	29	0
60	30	1
60	31	1
60	32	0
60	33	0
60	34	1
60	35	1
60	36	1
60	37	1
60	38	1
60	39	1
60	40	1
61	1	1
61	2	1
61	3	1
61	4	1
61	5	0
61	6	1
61	7	1
61	8	0
61	9	1
61	10	1
61	11	0
61	12	1
61	13	1
61	14	1
61	15	0
61	16	1
61	17	0
61	18	1
61	19	1
61	20	0
61	21	1
61	22	1
61	23	0
61	24	0
61	25	0
61	26	0
61	27	1
61	28	1
61	29	1
61	30	1
61	31	0
61	32	1
61	33	1
61	34	1
61	35	1
61	36	0
61	37	1
61	38	0
61	39	1
61	40	1
62	1	1
62	2	1
62	3	0
62	4	0
62	5	1
62	6	0
62	7	0
62	8	1
62	9	0
62	10	0
62	11	1
62	12	1
62	13	0
62	14	0
62	15	1
62	16	1
62	17	1
62	18	1
62	19	0
62	20	1
62	21	0
62	22	1
62	23	1
62	24	1
62	25	1
62	26	1
62	27	0
62	28	0
62	29	0
62	30	1
62	31	1
62	32	0
62	33	0
62	34	1
62	35	1
62	36	1
62	37	0
62	38	1
62	39	0
62	40	0
63	1	1
63	2	1
63	3	1
63	4	1
63	5	1
63	6	1
63	7	1
63	8	0
63	9	1
63	10	1
63	11	0
63	12	1
63	13	1
63	14	1
63	15	0
63	16	1
63	17	0
63	18	1
63	19	0
63	20	1
63	21	1
63	22	1
63	23	1
63	24	0
63	25	1
63	26	1
63	27	0
63	28	1
63	29	0
63	30	1
63	31	1
63	32	0
63	33	0
63	34	1
63	35	1
63	36	1
63	37	1
63	38	1
63	39	1
63	40	1
64	1	0
64	2	0
64	3	0
64	4	0
64	5	0
64	6	0
64	7	1
64	8	1
64	9	1
64	10	0
64	11	1
64	12	0
64	13	1
64	14	1
64	15	1
64	16	0
64	17	1
64	18	0
64	19	0
64	20	0
64	21	1
64	22	0
64	23	0
64	24	1
64	25	0
64	26	0
64	27	0
64	28	0
64	29	0
64	30	0
64	31	0
64	32	0
64	33	0
64	34	0
64	35	0
64	36	0
64	37	1
64	38	0
64	39	1
64	40	1
65	1	1
65	2	1
65	3	1
65	4	1
65	5	1
65	6	1
65	7	1
65	8	0
65	9	1
65	10	1
65	11	0
65	12	1
65	13	1
65	14	1
65	15	0
65	16	1
65	17	0
65	18	1
65	19	1
65	20	1
65	21	1
65	22	1
65	23	1
65	24	0
65	25	1
65	26	1
65	27	1
65	28	1
65	29	1
65	30	1
65	31	1
65	32	1
65	33	1
65	34	1
65	35	1
65	36	1
65	37	1
65	38	1
65	39	1
65	40	1
66	1	1
66	2	1
66	3	1
66	4	1
66	5	0
66	6	1
66	7	1
66	8	0
66	9	1
66	10	1
66	11	0
66	12	1
66	13	1
66	14	1
66	15	0
66	16	1
66	17	0
66	18	1
66	19	1
66	20	0
66	21	1
66	22	1
66	23	0
66	24	0
66	25	0
66	26	0
66	27	1
66	28	1
66	29	1
66	30	1
66	31	0
66	32	1
66	33	1
66	34	1
66	35	1
66	36	0
66	37	1
66	38	0
66	39	1
66	40	1
67	1	0
67	2	0
67	3	0
67	4	0
67	5	0
67	6	0
67	7	1
67	8	1
67	9	1
67	10	0
67	11	1
67	12	0
67	13	1
67	14	1
67	15	1
67	16	0
67	17	1
67	18	0
67	19	0
67	20	0
67	21	1
67	22	0
67	23	0
67	24	1
67	25	0
67	26	0
67	27	0
67	28	0
67	29	0
67	30	0
67	31	0
67	32	0
67	33	0
67	34	0
67	35	0
67	36	0
67	37	1
67	38	0
67	39	1
67	40	1
68	1	1
68	2	1
68	3	0
68	4	0
68	5	1
68	6	0
68	7	0
68	8	1
68	9	0
68	10	0
68	11	1
68	12	1
68	13	0
68	14	0
68	15	1
68	16	1
68	17	1
68	18	1
68	19	0
68	20	1
68	21	0
68	22	1
68	23	1
68	24	1
68	25	1
68	26	1
68	27	0
68	28	0
68	29	0
68	30	1
68	31	1
68	32	0
68	33	0
68	34	1
68	35	1
68	36	1
68	37	0
68	38	1
68	39	0
68	40	0
69	1	1
69	2	1
69	3	1
69	4	1
69	5	0
69	6	1
69	7	1
69	8	0
69	9	1
69	10	1
69	11	0
69	12	1
69	13	1
69	14	1
69	15	0
69	16	1
69	17	0
69	18	1
69	19	1
69	20	0
69	21	1
69	22	1
69	23	0
69	24	0
69	25	0
69	26	0
69	27	1
69	28	1
69	29	1
69	30	1
69	31	0
69	32	1
69	33	1
69	34	1
69	35	1
69	36	0
69	37	1
69	38	0
69	39	1
69	40	1
70	1	1
70	2	1
70	3	1
70	4	1
70	5	1
70	6	1
70	7	1
70	8	0
70	9	1
70	10	1
70	11	0
70	12	1
70	13	1
70	14	1
70	15	0
70	16	1
70	17	0
70	18	1
70	19	1
70	20	1
70	21	1
70	22	1
70	23	1
70	24	0
70	25	1
70	26	1
70	27	1
70	28	1
70	29	1
70	30	1
70	31	1
70	32	1
70	33	1
70	34	1
70	35	1
70	36	1
70	37	1
70	38	1
70	39	1
70	40	1
71	1	1
71	2	1
71	3	1
71	4	1
71	5	0
71	6	1
71	7	1
71	8	0
71	9	1
71	10	1
71	11	0
71	12	1
71	13	1
71	14	1
71	15	0
71	16	1
71	17	0
71	18	1
71	19	1
71	20	0
71	21	1
71	22	1
71	23	0
71	24	0
71	25	0
71	26	0
71	27	1
71	28	1
71	29	1
71	30	1
71	31	0
71	32	1
71	33	1
71	34	1
71	35	1
71	36	0
71	37	1
71	38	0
71	39	1
71	40	1
72	1	0
72	2	0
72	3	0
72	4	0
72	5	0
72	6	0
72	7	1
72	8	1
72	9	0
72	10	0
72	11	1
72	12	0
72	13	1
72	14	1
72	15	0
72	16	0
72	17	1
72	18	0
72	19	0
72	20	0
72	21	0
72	22	0
72	23	0
72	24	1
72	25	0
72	26	0
72	27	0
72	28	0
72	29	0
72	30	0
72	31	0
72	32	0
72	33	0
72	34	0
72	35	0
72	36	0
72	37	1
72	38	0
72	39	0
72	40	1
73	1	1
73	2	1
73	3	1
73	4	1
73	5	0
73	6	1
73	7	1
73	8	0
73	9	1
73	10	1
73	11	0
73	12	1
73	13	1
73	14	1
73	15	0
73	16	1
73	17	0
73	18	1
73	19	1
73	20	0
73	21	1
73	22	1
73	23	0
73	24	0
73	25	0
73	26	0
73	27	1
73	28	1
73	29	1
73	30	1
73	31	0
73	32	1
73	33	1
73	34	1
73	35	1
73	36	0
73	37	1
73	38	0
73	39	1
73	40	1
74	1	1
74	2	1
74	3	1
74	4	1
74	5	0
74	6	1
74	7	0
74	8	0
74	9	0
74	10	1
74	11	0
74	12	1
74	13	0
74	14	0
74	15	0
74	16	1
74	17	0
74	18	1
74	19	1
74	20	0
74	21	0
74	22	1
74	23	0
74	24	0
74	25	0
74	26	0
74	27	1
74	28	1
74	29	1
74	30	1
74	31	0
74	32	1
74	33	1
74	34	1
74	35	1
74	36	0
74	37	0
74	38	0
74	39	0
74	40	0
75	1	1
75	2	1
75	3	1
75	4	1
75	5	1
75	6	1
75	7	1
75	8	0
75	9	1
75	10	1
75	11	0
75	12	1
75	13	1
75	14	1
75	15	0
75	16	1
75	17	0
75	18	1
75	19	0
75	20	1
75	21	1
75	22	1
75	23	1
75	24	0
75	25	1
75	26	1
75	27	0
75	28	1
75	29	0
75	30	1
75	31	1
75	32	0
75	33	0
75	34	1
75	35	1
75	36	1
75	37	1
75	38	1
75	39	1
75	40	1
76	1	1
76	2	1
76	3	1
76	4	1
76	5	1
76	6	1
76	7	1
76	8	0
76	9	1
76	10	1
76	11	0
76	12	1
76	13	1
76	14	1
76	15	0
76	16	1
76	17	0
76	18	1
76	19	0
76	20	1
76	21	1
76	22	1
76	23	1
76	24	0
76	25	1
76	26	1
76	27	0
76	28	1
76	29	0
76	30	1
76	31	1
76	32	0
76	33	0
76	34	1
76	35	1
76	36	1
76	37	1
76	38	1
76	39	1
76	40	1
77	1	1
77	2	1
77	3	1
77	4	1
77	5	1
77	6	1
77	7	1
77	8	0
77	9	1
77	10	1
77	11	0
77	12	1
77	13	1
77	14	1
77	15	0
77	16	1
77	17	0
77	18	1
77	19	1
77	20	1
77	21	1
77	22	1
77	23	1
77	24	0
77	25	1
77	26	1
77	27	1
77	28	1
77	29	1
77	30	1
77	31	1
77	32	1
77	33	1
77	34	1
77	35	1
77	36	1
77	37	1
77	38	1
77	39	1
77	40	1
78	1	1
78	2	1
78	3	1
78	4	1
78	5	0
78	6	1
78	7	0
78	8	0
78	9	0
78	10	1
78	11	0
78	12	1
78	13	0
78	14	0
78	15	0
78	16	1
78	17	0
78	18	1
78	19	1
78	20	0
78	21	0
78	22	1
78	23	0
78	24	0
78	25	0
78	26	0
78	27	1
78	28	1
78	29	1
78	30	1
78	31	0
78	32	1
78	33	1
78	34	1
78	35	1
78	36	0
78	37	0
78	38	0
78	39	0
78	40	0
79	1	1
79	2	1
79	3	1
79	4	1
79	5	1
79	6	1
79	7	1
79	8	0
79	9	1
79	10	1
79	11	0
79	12	1
79	13	1
79	14	1
79	15	0
79	16	1
79	17	0
79	18	1
79	19	0
79	20	1
79	21	1
79	22	1
79	23	1
79	24	0
79	25	1
79	26	1
79	27	0
79	28	1
79	29	0
79	30	1
79	31	1
79	32	0
79	33	0
79	34	1
79	35	1
79	36	1
79	37	1
79	38	1
79	39	1
79	40	1
80	1	1
80	2	1
80	3	1
80	4	1
80	5	0
80	6	1
80	7	1
80	8	0
80	9	1
80	10	1
80	11	0
80	12	1
80	13	1
80	14	1
80	15	0
80	16	1
80	17	0
80	18	1
80	19	1
80	20	0
80	21	1
80	22	1
80	23	0
80	24	0
80	25	0
80	26	0
80	27	1
80	28	1
80	29	1
80	30	1
80	31	0
80	32	1
80	33	1
80	34	1
80	35	1
80	36	0
80	37	1
80	38	0
80	39	1
80	40	1
81	1	1
81	2	1
81	3	1
81	4	1
81	5	1
81	6	1
81	7	1
81	8	0
81	9	1
81	10	1
81	11	0
81	12	1
81	13	1
81	14	1
81	15	0
81	16	1
81	17	0
81	18	1
81	19	1
81	20	1
81	21	1
81	22	1
81	23	1
81	24	0
81	25	1
81	26	1
81	27	1
81	28	1
81	29	1
81	30	1
81	31	1
81	32	1
81	33	1
81	34	1
81	35	1
81	36	1
81	37	1
81	38	1
81	39	1
81	40	1
82	1	0
82	2	0
82	3	0
82	4	0
82	5	0
82	6	0
82	7	1
82	8	1
82	9	1
82	10	0
82	11	1
82	12	0
82	13	1
82	14	1
82	15	1
82	16	0
82	17	1
82	18	0
82	19	0
82	20	0
82	21	1
82	22	0
82	23	0
82	24	1
82	25	0
82	26	0
82	27	0
82	28	0
82	29	0
82	30	0
82	31	0
82	32	0
82	33	0
82	34	0
82	35	0
82	36	0
82	37	1
82	38	0
82	39	1
82	40	1
83	1	1
83	2	1
83	3	1
83	4	1
83	5	0
83	6	1
83	7	0
83	8	0
83	9	0
83	10	1
83	11	0
83	12	1
83	13	0
83	14	0
83	15	0
83	16	1
83	17	0
83	18	1
83	19	1
83	20	0
83	21	0
83	22	1
83	23	0
83	24	0
83	25	0
83	26	0
83	27	1
83	28	1
83	29	1
83	30	1
83	31	0
83	32	1
83	33	1
83	34	1
83	35	1
83	36	0
83	37	0
83	38	0
83	39	0
83	40	0
84	1	0
84	2	0
84	3	1
84	4	1
84	5	0
84	6	1
84	7	1
84	8	0
84	9	0
84	10	0
84	11	0
84	12	1
84	13	1
84	14	1
84	15	0
84	16	0
84	17	0
84	18	0
84	19	0
84	20	1
84	21	1
84	22	1
84	23	1
84	24	0
84	25	1
84	26	0
84	27	0
84	28	1
84	29	0
84	30	1
84	31	1
84	32	0
84	33	0
84	34	0
84	35	0
84	36	1
84	37	1
84	38	1
84	39	1
84	40	0
85	1	0
85	2	0
85	3	0
85	4	0
85	5	0
85	6	0
85	7	1
85	8	1
85	9	1
85	10	0
85	11	1
85	12	0
85	13	1
85	14	1
85	15	1
85	16	0
85	17	1
85	18	0
85	19	0
85	20	0
85	21	1
85	22	0
85	23	0
85	24	1
85	25	0
85	26	0
85	27	0
85	28	0
85	29	0
85	30	0
85	31	0
85	32	0
85	33	0
85	34	0
85	35	0
85	36	0
85	37	1
85	38	0
85	39	1
85	40	1
86	1	1
86	2	1
86	3	1
86	4	1
86	5	0
86	6	1
86	7	1
86	8	0
86	9	1
86	10	1
86	11	0
86	12	1
86	13	1
86	14	1
86	15	0
86	16	1
86	17	0
86	18	1
86	19	1
86	20	0
86	21	1
86	22	1
86	23	0
86	24	0
86	25	0
86	26	0
86	27	1
86	28	1
86	29	1
86	30	1
86	31	0
86	32	1
86	33	1
86	34	1
86	35	1
86	36	0
86	37	1
86	38	0
86	39	1
86	40	1
87	1	0
87	2	0
87	3	1
87	4	1
87	5	0
87	6	1
87	7	0
87	8	1
87	9	0
87	10	1
87	11	1
87	12	0
87	13	0
87	14	0
87	15	1
87	16	0
87	17	1
87	18	0
87	19	1
87	20	0
87	21	0
87	22	0
87	23	0
87	24	1
87	25	0
87	26	0
87	27	1
87	28	1
87	29	1
87	30	0
87	31	0
87	32	1
87	33	1
87	34	0
87	35	0
87	36	0
87	37	0
87	38	0
87	39	0
87	40	0
88	1	1
88	2	1
88	3	1
88	4	1
88	5	0
88	6	1
88	7	0
88	8	0
88	9	0
88	10	1
88	11	0
88	12	1
88	13	0
88	14	0
88	15	0
88	16	1
88	17	0
88	18	1
88	19	1
88	20	0
88	21	0
88	22	1
88	23	0
88	24	0
88	25	0
88	26	0
88	27	1
88	28	1
88	29	1
88	30	1
88	31	0
88	32	1
88	33	1
88	34	1
88	35	1
88	36	0
88	37	0
88	38	0
88	39	0
88	40	0
89	1	0
89	2	0
89	3	0
89	4	0
89	5	0
89	6	0
89	7	1
89	8	1
89	9	1
89	10	0
89	11	1
89	12	0
89	13	1
89	14	1
89	15	1
89	16	0
89	17	1
89	18	0
89	19	0
89	20	0
89	21	1
89	22	0
89	23	0
89	24	1
89	25	0
89	26	0
89	27	0
89	28	0
89	29	0
89	30	0
89	31	0
89	32	0
89	33	0
89	34	0
89	35	0
89	36	0
89	37	1
89	38	0
89	39	1
89	40	1
90	1	0
90	2	0
90	3	1
90	4	1
90	5	0
90	6	1
90	7	0
90	8	1
90	9	0
90	10	1
90	11	1
90	12	0
90	13	0
90	14	0
90	15	1
90	16	0
90	17	1
90	18	0
90	19	1
90	20	0
90	21	0
90	22	0
90	23	0
90	24	1
90	25	0
90	26	0
90	27	1
90	28	1
90	29	1
90	30	0
90	31	0
90	32	1
90	33	1
90	34	0
90	35	0
90	36	0
90	37	0
90	38	0
90	39	0
90	40	0
91	1	1
91	2	1
91	3	1
91	4	1
91	5	1
91	6	1
91	7	1
91	8	0
91	9	1
91	10	1
91	11	0
91	12	1
91	13	1
91	14	1
91	15	0
91	16	1
91	17	0
91	18	1
91	19	1
91	20	1
91	21	1
91	22	1
91	23	1
91	24	0
91	25	1
91	26	1
91	27	1
91	28	1
91	29	1
91	30	1
91	31	1
91	32	1
91	33	1
91	34	1
91	35	1
91	36	1
91	37	1
91	38	1
91	39	1
91	40	1
92	1	1
92	2	1
92	3	1
92	4	1
92	5	0
92	6	1
92	7	1
92	8	0
92	9	1
92	10	1
92	11	0
92	12	1
92	13	1
92	14	1
92	15	0
92	16	1
92	17	0
92	18	1
92	19	1
92	20	0
92	21	1
92	22	1
92	23	0
92	24	0
92	25	0
92	26	0
92	27	1
92	28	1
92	29	1
92	30	1
92	31	0
92	32	1
92	33	1
92	34	1
92	35	1
92	36	0
92	37	1
92	38	0
92	39	1
92	40	1
93	1	0
93	2	0
93	3	0
93	4	0
93	5	0
93	6	0
93	7	1
93	8	1
93	9	0
93	10	0
93	11	1
93	12	0
93	13	1
93	14	1
93	15	0
93	16	0
93	17	1
93	18	0
93	19	0
93	20	0
93	21	0
93	22	0
93	23	0
93	24	1
93	25	0
93	26	0
93	27	0
93	28	0
93	29	0
93	30	0
93	31	0
93	32	0
93	33	0
93	34	0
93	35	0
93	36	0
93	37	1
93	38	0
93	39	0
93	40	1
94	1	1
94	2	1
94	3	1
94	4	1
94	5	0
94	6	1
94	7	1
94	8	0
94	9	1
94	10	1
94	11	0
94	12	1
94	13	1
94	14	1
94	15	0
94	16	1
94	17	0
94	18	1
94	19	1
94	20	0
94	21	1
94	22	1
94	23	0
94	24	0
94	25	0
94	26	0
94	27	1
94	28	1
94	29	1
94	30	1
94	31	0
94	32	1
94	33	1
94	34	1
94	35	1
94	36	0
94	37	1
94	38	0
94	39	1
94	40	1
95	1	1
95	2	0
95	3	0
95	4	0
95	5	1
95	6	0
95	7	0
95	8	1
95	9	0
95	10	0
95	11	1
95	12	1
95	13	0
95	14	0
95	15	0
95	16	1
95	17	1
95	18	1
95	19	0
95	20	0
95	21	0
95	22	1
95	23	1
95	24	1
95	25	1
95	26	1
95	27	0
95	28	0
95	29	0
95	30	1
95	31	0
95	32	0
95	33	0
95	34	0
95	35	1
95	36	1
95	37	0
95	38	0
95	39	0
95	40	0
96	1	1
96	2	1
96	3	1
96	4	1
96	5	0
96	6	1
96	7	1
96	8	0
96	9	1
96	10	1
96	11	0
96	12	1
96	13	1
96	14	1
96	15	0
96	16	1
96	17	0
96	18	1
96	19	1
96	20	0
96	21	1
96	22	1
96	23	0
96	24	0
96	25	0
96	26	0
96	27	1
96	28	1
96	29	1
96	30	1
96	31	0
96	32	1
96	33	1
96	34	1
96	35	1
96	36	0
96	37	1
96	38	0
96	39	1
96	40	1
97	1	1
97	2	1
97	3	0
97	4	0
97	5	0
97	6	0
97	7	0
97	8	0
97	9	0
97	10	0
97	11	0
97	12	1
97	13	0
97	14	0
97	15	0
97	16	1
97	17	0
97	18	1
97	19	0
97	20	0
97	21	0
97	22	1
97	23	0
97	24	0
97	25	0
97	26	0
97	27	0
97	28	0
97	29	0
97	30	1
97	31	0
97	32	0
97	33	0
97	34	1
97	35	1
97	36	0
97	37	0
97	38	0
97	39	0
97	40	0
98	1	0
98	2	0
98	3	0
98	4	0
98	5	0
98	6	0
98	7	1
98	8	0
98	9	1
98	10	0
98	11	0
98	12	0
98	13	1
98	14	1
98	15	1
98	16	0
98	17	1
98	18	0
98	19	0
98	20	0
98	21	0
98	22	0
98	23	0
98	24	1
98	25	0
98	26	0
98	27	0
98	28	0
98	29	0
98	30	0
98	31	0
98	32	0
98	33	0
98	34	0
98	35	0
98	36	0
98	37	1
98	38	0
98	39	1
98	40	1
99	1	0
99	2	0
99	3	0
99	4	0
99	5	0
99	6	0
99	7	1
99	8	1
99	9	0
99	10	0
99	11	1
99	12	0
99	13	1
99	14	1
99	15	0
99	16	0
99	17	1
99	18	0
99	19	0
99	20	0
99	21	0
99	22	0
99	23	0
99	24	1
99	25	0
99	26	0
99	27	0
99	28	0
99	29	0
99	30	0
99	31	0
99	32	0
99	33	0
99	34	0
99	35	0
99	36	0
99	37	1
99	38	0
99	39	0
99	40	1
100	1	1
100	2	1
100	3	1
100	4	1
100	5	0
100	6	1
100	7	1
100	8	0
100	9	1
100	10	1
100	11	0
100	12	1
100	13	1
100	14	1
100	15	0
100	16	1
100	17	0
100	18	1
100	19	1
100	20	0
100	21	1
100	22	1
100	23	0
100	24	0
100	25	0
100	26	0
100	27	1
100	28	1
100	29	1
100	30	1
100	31	0
100	32	1
100	33	1
100	34	1
100	35	1
100	36	0
100	37	1
100	38	0
100	39	1
100	40	1
101	1	0
101	2	0
101	3	0
101	4	0
101	5	0
101	6	0
101	7	0
101	8	0
101	9	1
101	10	0
101	11	0
101	12	0
101	13	1
101	14	0
101	15	1
101	16	0
101	17	0
101	18	0
101	19	0
101	20	0
101	21	1
101	22	0
101	23	0
101	24	1
101	25	0
101	26	0
101	27	0
101	28	0
101	29	0
101	30	0
101	31	0
101	32	0
101	33	0
101	34	0
101	35	0
101	36	0
101	37	1
101	38	0
101	39	1
101	40	0
102	1	1
102	2	1
102	3	1
102	4	1
102	5	1
102	6	1
102	7	1
102	8	0
102	9	1
102	10	1
102	11	0
102	12	1
102	13	1
102	14	1
102	15	0
102	16	1
102	17	0
102	18	1
102	19	1
102	20	1
102	21	1
102	22	1
102	23	1
102	24	0
102	25	1
102	26	1
102	27	1
102	28	1
102	29	1
102	30	1
102	31	1
102	32	1
102	33	1
102	34	1
102	35	1
102	36	1
102	37	1
102	38	1
102	39	1
102	40	1
103	1	0
103	2	0
103	3	1
103	4	1
103	5	0
103	6	1
103	7	0
103	8	1
103	9	0
103	10	1
103	11	1
103	12	0
103	13	0
103	14	0
103	15	1
103	16	0
103	17	1
103	18	0
103	19	1
103	20	0
103	21	0
103	22	0
103	23	0
103	24	1
103	25	0
103	26	0
103	27	1
103	28	1
103	29	1
103	30	0
103	31	0
103	32	1
103	33	1
103	34	0
103	35	0
103	36	0
103	37	0
103	38	0
103	39	0
103	40	0
104	1	1
104	2	1
104	3	1
104	4	1
104	5	0
104	6	1
104	7	1
104	8	0
104	9	1
104	10	1
104	11	0
104	12	1
104	13	1
104	14	1
104	15	0
104	16	1
104	17	0
104	18	1
104	19	1
104	20	0
104	21	1
104	22	1
104	23	0
104	24	0
104	25	0
104	26	0
104	27	1
104	28	1
104	29	1
104	30	1
104	31	0
104	32	1
104	33	1
104	34	1
104	35	1
104	36	0
104	37	1
104	38	0
104	39	1
104	40	1
105	1	0
105	2	0
105	3	0
105	4	0
105	5	0
105	6	0
105	7	1
105	8	1
105	9	1
105	10	0
105	11	1
105	12	0
105	13	1
105	14	1
105	15	1
105	16	0
105	17	1
105	18	0
105	19	0
105	20	0
105	21	1
105	22	0
105	23	0
105	24	1
105	25	0
105	26	0
105	27	0
105	28	0
105	29	0
105	30	0
105	31	0
105	32	0
105	33	0
105	34	0
105	35	0
105	36	0
105	37	1
105	38	0
105	39	1
105	40	1
106	1	1
106	2	1
106	3	1
106	4	1
106	5	0
106	6	1
106	7	0
106	8	0
106	9	0
106	10	1
106	11	0
106	12	1
106	13	0
106	14	0
106	15	0
106	16	1
106	17	0
106	18	1
106	19	1
106	20	0
106	21	0
106	22	1
106	23	0
106	24	0
106	25	0
106	26	0
106	27	1
106	28	1
106	29	1
106	30	1
106	31	0
106	32	1
106	33	1
106	34	1
106	35	1
106	36	0
106	37	0
106	38	0
106	39	0
106	40	0
107	1	0
107	2	0
107	3	1
107	4	1
107	5	0
107	6	1
107	7	0
107	8	1
107	9	0
107	10	1
107	11	1
107	12	0
107	13	0
107	14	0
107	15	1
107	16	0
107	17	1
107	18	0
107	19	1
107	20	0
107	21	0
107	22	0
107	23	0
107	24	1
107	25	0
107	26	0
107	27	1
107	28	1
107	29	1
107	30	0
107	31	0
107	32	1
107	33	1
107	34	0
107	35	0
107	36	0
107	37	0
107	38	0
107	39	0
107	40	0
108	1	1
108	2	1
108	3	1
108	4	1
108	5	0
108	6	1
108	7	1
108	8	0
108	9	1
108	10	1
108	11	0
108	12	1
108	13	1
108	14	1
108	15	0
108	16	1
108	17	0
108	18	1
108	19	1
108	20	0
108	21	1
108	22	1
108	23	0
108	24	0
108	25	0
108	26	0
108	27	1
108	28	1
108	29	1
108	30	1
108	31	0
108	32	1
108	33	1
108	34	1
108	35	1
108	36	0
108	37	1
108	38	0
108	39	1
108	40	1
109	1	1
109	2	0
109	3	1
109	4	1
109	5	0
109	6	0
109	7	1
109	8	0
109	9	0
109	10	1
109	11	0
109	12	1
109	13	1
109	14	1
109	15	0
109	16	1
109	17	0
109	18	1
109	19	1
109	20	0
109	21	0
109	22	1
109	23	0
109	24	0
109	25	0
109	26	0
109	27	0
109	28	0
109	29	1
109	30	1
109	31	0
109	32	1
109	33	1
109	34	0
109	35	1
109	36	0
109	37	1
109	38	0
109	39	0
109	40	1
110	1	1
110	2	1
110	3	1
110	4	0
110	5	0
110	6	1
110	7	0
110	8	0
110	9	1
110	10	0
110	11	0
110	12	1
110	13	1
110	14	0
110	15	0
110	16	1
110	17	0
110	18	1
110	19	0
110	20	0
110	21	1
110	22	0
110	23	0
110	24	0
110	25	0
110	26	0
110	27	1
110	28	0
110	29	0
110	30	1
110	31	0
110	32	1
110	33	1
110	34	0
110	35	0
110	36	0
110	37	1
110	38	0
110	39	1
110	40	0
111	1	0
111	2	0
111	3	0
111	4	0
111	5	0
111	6	0
111	7	1
111	8	0
111	9	1
111	10	0
111	11	0
111	12	0
111	13	1
111	14	1
111	15	1
111	16	0
111	17	1
111	18	0
111	19	0
111	20	0
111	21	0
111	22	0
111	23	0
111	24	1
111	25	0
111	26	0
111	27	0
111	28	0
111	29	0
111	30	0
111	31	0
111	32	0
111	33	0
111	34	0
111	35	0
111	36	0
111	37	1
111	38	0
111	39	1
111	40	1
112	1	1
112	2	1
112	3	0
112	4	0
112	5	1
112	6	0
112	7	0
112	8	1
112	9	0
112	10	0
112	11	1
112	12	1
112	13	0
112	14	0
112	15	1
112	16	1
112	17	1
112	18	1
112	19	0
112	20	1
112	21	0
112	22	1
112	23	1
112	24	1
112	25	1
112	26	1
112	27	0
112	28	0
112	29	0
112	30	1
112	31	1
112	32	0
112	33	0
112	34	1
112	35	1
112	36	1
112	37	0
112	38	1
112	39	0
112	40	0
113	1	1
113	2	1
113	3	1
113	4	1
113	5	0
113	6	1
113	7	1
113	8	0
113	9	1
113	10	1
113	11	0
113	12	1
113	13	1
113	14	1
113	15	0
113	16	1
113	17	0
113	18	1
113	19	1
113	20	0
113	21	1
113	22	1
113	23	0
113	24	0
113	25	0
113	26	0
113	27	1
113	28	1
113	29	1
113	30	1
113	31	0
113	32	1
113	33	1
113	34	1
113	35	1
113	36	0
113	37	1
113	38	0
113	39	1
113	40	1
114	1	0
114	2	0
114	3	0
114	4	0
114	5	0
114	6	0
114	7	1
114	8	1
114	9	1
114	10	0
114	11	1
114	12	0
114	13	1
114	14	1
114	15	1
114	16	0
114	17	1
114	18	0
114	19	0
114	20	0
114	21	1
114	22	0
114	23	0
114	24	1
114	25	0
114	26	0
114	27	0
114	28	0
114	29	0
114	30	0
114	31	0
114	32	0
114	33	0
114	34	0
114	35	0
114	36	0
114	37	1
114	38	0
114	39	1
114	40	1
115	1	1
115	2	0
115	3	1
115	4	1
115	5	1
115	6	0
115	7	1
115	8	0
115	9	0
115	10	1
115	11	0
115	12	1
115	13	1
115	14	1
115	15	0
115	16	1
115	17	0
115	18	1
115	19	1
115	20	0
115	21	0
115	22	1
115	23	1
115	24	0
115	25	1
115	26	1
115	27	0
115	28	0
115	29	1
115	30	1
115	31	0
115	32	1
115	33	1
115	34	0
115	35	1
115	36	1
115	37	1
115	38	0
115	39	0
115	40	1
116	1	1
116	2	1
116	3	1
116	4	1
116	5	0
116	6	1
116	7	0
116	8	0
116	9	0
116	10	1
116	11	0
116	12	1
116	13	0
116	14	0
116	15	0
116	16	1
116	17	0
116	18	1
116	19	1
116	20	0
116	21	0
116	22	1
116	23	0
116	24	0
116	25	0
116	26	0
116	27	1
116	28	1
116	29	1
116	30	1
116	31	0
116	32	1
116	33	1
116	34	1
116	35	1
116	36	0
116	37	0
116	38	0
116	39	0
116	40	0
117	1	1
117	2	1
117	3	1
117	4	0
117	5	0
117	6	1
117	7	0
117	8	0
117	9	0
117	10	0
117	11	0
117	12	1
117	13	0
117	14	0
117	15	0
117	16	1
117	17	0
117	18	1
117	19	0
117	20	0
117	21	0
117	22	0
117	23	0
117	24	0
117	25	0
117	26	0
117	27	1
117	28	0
117	29	0
117	30	1
117	31	0
117	32	1
117	33	1
117	34	0
117	35	0
117	36	0
117	37	0
117	38	0
117	39	0
117	40	0
118	1	0
118	2	0
118	3	1
118	4	1
118	5	0
118	6	0
118	7	0
118	8	1
118	9	0
118	10	1
118	11	1
118	12	0
118	13	0
118	14	0
118	15	0
118	16	0
118	17	1
118	18	0
118	19	1
118	20	0
118	21	0
118	22	0
118	23	0
118	24	1
118	25	0
118	26	0
118	27	0
118	28	0
118	29	1
118	30	0
118	31	0
118	32	1
118	33	1
118	34	0
118	35	0
118	36	0
118	37	0
118	38	0
118	39	0
118	40	0
119	1	1
119	2	1
119	3	1
119	4	1
119	5	1
119	6	1
119	7	1
119	8	0
119	9	1
119	10	1
119	11	0
119	12	1
119	13	1
119	14	1
119	15	0
119	16	1
119	17	0
119	18	1
119	19	0
119	20	1
119	21	1
119	22	1
119	23	1
119	24	0
119	25	1
119	26	1
119	27	0
119	28	1
119	29	0
119	30	1
119	31	1
119	32	0
119	33	0
119	34	1
119	35	1
119	36	1
119	37	1
119	38	1
119	39	1
119	40	1
120	1	0
120	2	0
120	3	0
120	4	0
120	5	0
120	6	0
120	7	1
120	8	1
120	9	1
120	10	0
120	11	1
120	12	0
120	13	1
120	14	1
120	15	1
120	16	0
120	17	1
120	18	0
120	19	0
120	20	0
120	21	1
120	22	0
120	23	0
120	24	1
120	25	0
120	26	0
120	27	0
120	28	0
120	29	0
120	30	0
120	31	0
120	32	0
120	33	0
120	34	0
120	35	0
120	36	0
120	37	1
120	38	0
120	39	1
120	40	1
121	1	0
121	2	0
121	3	1
121	4	1
121	5	0
121	6	1
121	7	1
121	8	0
121	9	0
121	10	0
121	11	0
121	12	1
121	13	1
121	14	1
121	15	0
121	16	0
121	17	0
121	18	0
121	19	1
121	20	0
121	21	1
121	22	1
121	23	0
121	24	0
121	25	0
121	26	0
121	27	1
121	28	1
121	29	0
121	30	1
121	31	0
121	32	0
121	33	1
121	34	0
121	35	0
121	36	0
121	37	1
121	38	0
121	39	1
121	40	0
122	1	1
122	2	1
122	3	1
122	4	1
122	5	1
122	6	1
122	7	1
122	8	0
122	9	1
122	10	1
122	11	0
122	12	1
122	13	1
122	14	1
122	15	0
122	16	1
122	17	0
122	18	1
122	19	1
122	20	1
122	21	1
122	22	1
122	23	1
122	24	0
122	25	1
122	26	1
122	27	1
122	28	1
122	29	1
122	30	1
122	31	1
122	32	1
122	33	1
122	34	1
122	35	1
122	36	1
122	37	1
122	38	1
122	39	1
122	40	1
123	1	1
123	2	1
123	3	0
123	4	0
123	5	1
123	6	0
123	7	0
123	8	0
123	9	0
123	10	0
123	11	0
123	12	1
123	13	0
123	14	0
123	15	1
123	16	1
123	17	0
123	18	1
123	19	0
123	20	0
123	21	0
123	22	0
123	23	0
123	24	1
123	25	0
123	26	1
123	27	0
123	28	0
123	29	0
123	30	1
123	31	0
123	32	0
123	33	0
123	34	0
123	35	0
123	36	1
123	37	0
123	38	1
123	39	0
123	40	0
124	1	1
124	2	1
124	3	1
124	4	1
124	5	0
124	6	1
124	7	1
124	8	0
124	9	1
124	10	0
124	11	0
124	12	1
124	13	1
124	14	1
124	15	0
124	16	1
124	17	0
124	18	1
124	19	1
124	20	0
124	21	0
124	22	0
124	23	0
124	24	0
124	25	0
124	26	0
124	27	1
124	28	0
124	29	1
124	30	1
124	31	0
124	32	0
124	33	1
124	34	1
124	35	0
124	36	0
124	37	1
124	38	0
124	39	1
124	40	1
125	1	1
125	2	1
125	3	1
125	4	1
125	5	0
125	6	1
125	7	1
125	8	0
125	9	1
125	10	1
125	11	0
125	12	1
125	13	1
125	14	1
125	15	0
125	16	1
125	17	0
125	18	1
125	19	1
125	20	0
125	21	1
125	22	1
125	23	0
125	24	0
125	25	0
125	26	0
125	27	1
125	28	1
125	29	1
125	30	1
125	31	0
125	32	1
125	33	1
125	34	1
125	35	1
125	36	0
125	37	1
125	38	0
125	39	1
125	40	1
126	1	0
126	2	0
126	3	1
126	4	1
126	5	0
126	6	1
126	7	0
126	8	1
126	9	0
126	10	1
126	11	1
126	12	0
126	13	0
126	14	0
126	15	1
126	16	0
126	17	1
126	18	0
126	19	1
126	20	0
126	21	0
126	22	0
126	23	0
126	24	1
126	25	0
126	26	0
126	27	1
126	28	1
126	29	1
126	30	0
126	31	0
126	32	1
126	33	1
126	34	0
126	35	0
126	36	0
126	37	0
126	38	0
126	39	0
126	40	0
127	1	1
127	2	0
127	3	1
127	4	1
127	5	0
127	6	0
127	7	0
127	8	0
127	9	0
127	10	1
127	11	0
127	12	1
127	13	0
127	14	0
127	15	0
127	16	1
127	17	0
127	18	1
127	19	1
127	20	0
127	21	0
127	22	1
127	23	0
127	24	0
127	25	0
127	26	0
127	27	0
127	28	0
127	29	1
127	30	1
127	31	0
127	32	1
127	33	1
127	34	0
127	35	1
127	36	0
127	37	0
127	38	0
127	39	0
127	40	0
128	1	1
128	2	1
128	3	0
128	4	0
128	5	1
128	6	0
128	7	0
128	8	0
128	9	0
128	10	0
128	11	0
128	12	1
128	13	0
128	14	0
128	15	1
128	16	1
128	17	0
128	18	1
128	19	0
128	20	0
128	21	0
128	22	0
128	23	0
128	24	1
128	25	0
128	26	1
128	27	0
128	28	0
128	29	0
128	30	1
128	31	0
128	32	0
128	33	0
128	34	0
128	35	0
128	36	1
128	37	0
128	38	1
128	39	0
128	40	0
129	1	0
129	2	0
129	3	0
129	4	0
129	5	0
129	6	0
129	7	1
129	8	1
129	9	1
129	10	0
129	11	1
129	12	0
129	13	1
129	14	1
129	15	1
129	16	0
129	17	1
129	18	0
129	19	0
129	20	0
129	21	1
129	22	0
129	23	0
129	24	1
129	25	0
129	26	0
129	27	0
129	28	0
129	29	0
129	30	0
129	31	0
129	32	0
129	33	0
129	34	0
129	35	0
129	36	0
129	37	1
129	38	0
129	39	1
129	40	1
130	1	0
130	2	0
130	3	0
130	4	0
130	5	0
130	6	0
130	7	1
130	8	1
130	9	1
130	10	0
130	11	1
130	12	0
130	13	1
130	14	1
130	15	1
130	16	0
130	17	1
130	18	0
130	19	0
130	20	0
130	21	1
130	22	0
130	23	0
130	24	1
130	25	0
130	26	0
130	27	0
130	28	0
130	29	0
130	30	0
130	31	0
130	32	0
130	33	0
130	34	0
130	35	0
130	36	0
130	37	1
130	38	0
130	39	1
130	40	1
131	1	0
131	2	0
131	3	1
131	4	1
131	5	0
131	6	1
131	7	0
131	8	1
131	9	0
131	10	1
131	11	1
131	12	0
131	13	0
131	14	0
131	15	1
131	16	0
131	17	1
131	18	0
131	19	1
131	20	0
131	21	0
131	22	0
131	23	0
131	24	1
131	25	0
131	26	0
131	27	1
131	28	1
131	29	1
131	30	0
131	31	0
131	32	1
131	33	1
131	34	0
131	35	0
131	36	0
131	37	0
131	38	0
131	39	0
131	40	0
132	1	1
132	2	1
132	3	1
132	4	1
132	5	0
132	6	1
132	7	0
132	8	0
132	9	0
132	10	1
132	11	0
132	12	1
132	13	0
132	14	0
132	15	0
132	16	1
132	17	0
132	18	1
132	19	1
132	20	0
132	21	0
132	22	1
132	23	0
132	24	0
132	25	0
132	26	0
132	27	1
132	28	1
132	29	1
132	30	1
132	31	0
132	32	1
132	33	1
132	34	1
132	35	1
132	36	0
132	37	0
132	38	0
132	39	0
132	40	0
133	1	0
133	2	0
133	3	0
133	4	0
133	5	0
133	6	0
133	7	1
133	8	0
133	9	1
133	10	0
133	11	0
133	12	0
133	13	1
133	14	1
133	15	0
133	16	0
133	17	1
133	18	0
133	19	0
133	20	0
133	21	0
133	22	0
133	23	0
133	24	1
133	25	0
133	26	0
133	27	0
133	28	0
133	29	0
133	30	0
133	31	0
133	32	0
133	33	0
133	34	0
133	35	0
133	36	0
133	37	1
133	38	0
133	39	0
133	40	1
134	1	0
134	2	0
134	3	0
134	4	0
134	5	0
134	6	0
134	7	0
134	8	1
134	9	0
134	10	0
134	11	1
134	12	1
134	13	0
134	14	0
134	15	0
134	16	0
134	17	1
134	18	0
134	19	0
134	20	1
134	21	0
134	22	1
134	23	1
134	24	1
134	25	1
134	26	0
134	27	0
134	28	0
134	29	0
134	30	1
134	31	1
134	32	0
134	33	0
134	34	0
134	35	0
134	36	1
134	37	0
134	38	1
134	39	0
134	40	0
135	1	1
135	2	1
135	3	1
135	4	1
135	5	0
135	6	1
135	7	1
135	8	0
135	9	1
135	10	1
135	11	0
135	12	1
135	13	1
135	14	1
135	15	0
135	16	1
135	17	0
135	18	1
135	19	1
135	20	0
135	21	1
135	22	1
135	23	0
135	24	0
135	25	0
135	26	0
135	27	1
135	28	1
135	29	1
135	30	1
135	31	0
135	32	1
135	33	1
135	34	1
135	35	1
135	36	0
135	37	1
135	38	0
135	39	1
135	40	1
136	1	1
136	2	1
136	3	1
136	4	1
136	5	0
136	6	1
136	7	1
136	8	0
136	9	1
136	10	1
136	11	0
136	12	1
136	13	1
136	14	1
136	15	0
136	16	1
136	17	0
136	18	1
136	19	1
136	20	0
136	21	1
136	22	1
136	23	0
136	24	0
136	25	0
136	26	0
136	27	1
136	28	1
136	29	1
136	30	1
136	31	0
136	32	1
136	33	1
136	34	1
136	35	1
136	36	0
136	37	1
136	38	0
136	39	1
136	40	1
137	1	0
137	2	0
137	3	0
137	4	0
137	5	0
137	6	0
137	7	1
137	8	0
137	9	1
137	10	0
137	11	0
137	12	0
137	13	1
137	14	1
137	15	0
137	16	0
137	17	1
137	18	0
137	19	0
137	20	0
137	21	0
137	22	0
137	23	0
137	24	1
137	25	0
137	26	0
137	27	0
137	28	0
137	29	0
137	30	0
137	31	0
137	32	0
137	33	0
137	34	0
137	35	0
137	36	0
137	37	1
137	38	0
137	39	0
137	40	1
138	1	1
138	2	1
138	3	1
138	4	1
138	5	0
138	6	1
138	7	0
138	8	0
138	9	0
138	10	1
138	11	0
138	12	1
138	13	0
138	14	0
138	15	0
138	16	1
138	17	0
138	18	1
138	19	1
138	20	0
138	21	0
138	22	1
138	23	0
138	24	0
138	25	0
138	26	0
138	27	1
138	28	1
138	29	1
138	30	1
138	31	0
138	32	1
138	33	1
138	34	1
138	35	1
138	36	0
138	37	0
138	38	0
138	39	0
138	40	0
139	1	0
139	2	0
139	3	1
139	4	1
139	5	0
139	6	1
139	7	0
139	8	1
139	9	0
139	10	1
139	11	1
139	12	0
139	13	0
139	14	0
139	15	1
139	16	0
139	17	1
139	18	0
139	19	1
139	20	0
139	21	0
139	22	0
139	23	0
139	24	1
139	25	0
139	26	0
139	27	1
139	28	1
139	29	1
139	30	0
139	31	0
139	32	1
139	33	1
139	34	0
139	35	0
139	36	0
139	37	0
139	38	0
139	39	0
139	40	0
140	1	1
140	2	1
140	3	0
140	4	0
140	5	1
140	6	0
140	7	0
140	8	1
140	9	0
140	10	0
140	11	1
140	12	1
140	13	0
140	14	0
140	15	1
140	16	1
140	17	1
140	18	1
140	19	0
140	20	1
140	21	0
140	22	1
140	23	1
140	24	1
140	25	1
140	26	1
140	27	0
140	28	0
140	29	0
140	30	1
140	31	1
140	32	0
140	33	0
140	34	1
140	35	1
140	36	1
140	37	0
140	38	1
140	39	0
140	40	0
141	1	0
141	2	0
141	3	0
141	4	0
141	5	0
141	6	0
141	7	0
141	8	0
141	9	1
141	10	0
141	11	0
141	12	0
141	13	1
141	14	0
141	15	1
141	16	0
141	17	0
141	18	0
141	19	0
141	20	0
141	21	1
141	22	0
141	23	0
141	24	1
141	25	0
141	26	0
141	27	0
141	28	0
141	29	0
141	30	0
141	31	0
141	32	0
141	33	0
141	34	0
141	35	0
141	36	0
141	37	1
141	38	0
141	39	1
141	40	0
142	1	1
142	2	1
142	3	1
142	4	1
142	5	1
142	6	1
142	7	1
142	8	0
142	9	1
142	10	1
142	11	0
142	12	1
142	13	1
142	14	1
142	15	0
142	16	1
142	17	0
142	18	1
142	19	0
142	20	1
142	21	1
142	22	1
142	23	1
142	24	0
142	25	1
142	26	1
142	27	0
142	28	1
142	29	0
142	30	1
142	31	1
142	32	0
142	33	0
142	34	1
142	35	1
142	36	1
142	37	1
142	38	1
142	39	1
142	40	1
143	1	1
143	2	1
143	3	1
143	4	1
143	5	0
143	6	1
143	7	1
143	8	0
143	9	1
143	10	1
143	11	0
143	12	1
143	13	1
143	14	1
143	15	0
143	16	1
143	17	0
143	18	1
143	19	1
143	20	0
143	21	1
143	22	1
143	23	0
143	24	0
143	25	0
143	26	0
143	27	1
143	28	1
143	29	1
143	30	1
143	31	0
143	32	1
143	33	1
143	34	1
143	35	1
143	36	0
143	37	1
143	38	0
143	39	1
143	40	1
144	1	1
144	2	1
144	3	1
144	4	1
144	5	0
144	6	1
144	7	1
144	8	0
144	9	1
144	10	1
144	11	0
144	12	1
144	13	1
144	14	1
144	15	0
144	16	1
144	17	0
144	18	1
144	19	1
144	20	0
144	21	1
144	22	1
144	23	0
144	24	0
144	25	0
144	26	0
144	27	1
144	28	1
144	29	1
144	30	1
144	31	0
144	32	1
144	33	1
144	34	1
144	35	1
144	36	0
144	37	1
144	38	0
144	39	1
144	40	1
145	1	0
145	2	0
145	3	1
145	4	0
145	5	0
145	6	1
145	7	0
145	8	0
145	9	0
145	10	0
145	11	0
145	12	0
145	13	0
145	14	0
145	15	1
145	16	0
145	17	0
145	18	0
145	19	0
145	20	0
145	21	0
145	22	0
145	23	0
145	24	1
145	25	0
145	26	0
145	27	1
145	28	0
145	29	0
145	30	0
145	31	0
145	32	1
145	33	1
145	34	0
145	35	0
145	36	0
145	37	0
145	38	0
145	39	0
145	40	0
146	1	1
146	2	1
146	3	1
146	4	1
146	5	1
146	6	1
146	7	1
146	8	0
146	9	1
146	10	1
146	11	0
146	12	1
146	13	1
146	14	1
146	15	0
146	16	1
146	17	0
146	18	1
146	19	0
146	20	1
146	21	1
146	22	1
146	23	1
146	24	0
146	25	1
146	26	1
146	27	0
146	28	1
146	29	0
146	30	1
146	31	1
146	32	0
146	33	0
146	34	1
146	35	1
146	36	1
146	37	1
146	38	1
146	39	1
146	40	1
147	1	1
147	2	0
147	3	1
147	4	1
147	5	0
147	6	0
147	7	0
147	8	0
147	9	0
147	10	1
147	11	0
147	12	1
147	13	0
147	14	0
147	15	0
147	16	1
147	17	0
147	18	1
147	19	1
147	20	0
147	21	0
147	22	1
147	23	0
147	24	0
147	25	0
147	26	0
147	27	0
147	28	0
147	29	1
147	30	1
147	31	0
147	32	1
147	33	1
147	34	0
147	35	1
147	36	0
147	37	0
147	38	0
147	39	0
147	40	0
148	1	1
148	2	1
148	3	1
148	4	1
148	5	0
148	6	1
148	7	0
148	8	0
148	9	0
148	10	1
148	11	0
148	12	1
148	13	0
148	14	0
148	15	0
148	16	1
148	17	0
148	18	1
148	19	1
148	20	0
148	21	0
148	22	1
148	23	0
148	24	0
148	25	0
148	26	0
148	27	1
148	28	1
148	29	1
148	30	1
148	31	0
148	32	1
148	33	1
148	34	1
148	35	1
148	36	0
148	37	0
148	38	0
148	39	0
148	40	0
149	1	1
149	2	1
149	3	1
149	4	1
149	5	0
149	6	1
149	7	1
149	8	0
149	9	1
149	10	1
149	11	0
149	12	1
149	13	1
149	14	1
149	15	0
149	16	1
149	17	0
149	18	1
149	19	1
149	20	0
149	21	1
149	22	1
149	23	0
149	24	0
149	25	0
149	26	0
149	27	1
149	28	1
149	29	1
149	30	1
149	31	0
149	32	1
149	33	1
149	34	1
149	35	1
149	36	0
149	37	1
149	38	0
149	39	1
149	40	1
150	1	1
150	2	1
150	3	1
150	4	1
150	5	0
150	6	1
150	7	0
150	8	0
150	9	0
150	10	1
150	11	0
150	12	1
150	13	0
150	14	0
150	15	0
150	16	1
150	17	0
150	18	1
150	19	1
150	20	0
150	21	0
150	22	1
150	23	0
150	24	0
150	25	0
150	26	0
150	27	1
150	28	1
150	29	1
150	30	1
150	31	0
150	32	1
150	33	1
150	34	1
150	35	1
150	36	0
150	37	0
150	38	0
150	39	0
150	40	0
151	1	1
151	2	1
151	3	1
151	4	1
151	5	0
151	6	1
151	7	1
151	8	0
151	9	1
151	10	1
151	11	0
151	12	1
151	13	1
151	14	1
151	15	0
151	16	1
151	17	0
151	18	1
151	19	1
151	20	0
151	21	1
151	22	1
151	23	0
151	24	0
151	25	0
151	26	0
151	27	1
151	28	1
151	29	1
151	30	1
151	31	0
151	32	1
151	33	1
151	34	1
151	35	1
151	36	0
151	37	1
151	38	0
151	39	1
151	40	1
152	1	1
152	2	1
152	3	1
152	4	1
152	5	0
152	6	1
152	7	0
152	8	0
152	9	0
152	10	1
152	11	0
152	12	1
152	13	0
152	14	0
152	15	0
152	16	1
152	17	0
152	18	1
152	19	1
152	20	0
152	21	0
152	22	1
152	23	0
152	24	0
152	25	0
152	26	0
152	27	1
152	28	1
152	29	1
152	30	1
152	31	0
152	32	1
152	33	1
152	34	1
152	35	1
152	36	0
152	37	0
152	38	0
152	39	0
152	40	0
153	1	1
153	2	0
153	3	1
153	4	1
153	5	1
153	6	0
153	7	1
153	8	0
153	9	0
153	10	0
153	11	0
153	12	1
153	13	1
153	14	1
153	15	0
153	16	1
153	17	0
153	18	1
153	19	1
153	20	0
153	21	0
153	22	0
153	23	0
153	24	0
153	25	1
153	26	0
153	27	0
153	28	0
153	29	1
153	30	1
153	31	0
153	32	0
153	33	1
153	34	0
153	35	0
153	36	1
153	37	1
153	38	0
153	39	0
153	40	1
154	1	1
154	2	1
154	3	1
154	4	1
154	5	1
154	6	1
154	7	1
154	8	0
154	9	1
154	10	1
154	11	0
154	12	1
154	13	1
154	14	1
154	15	0
154	16	1
154	17	0
154	18	1
154	19	0
154	20	1
154	21	1
154	22	1
154	23	1
154	24	0
154	25	1
154	26	1
154	27	0
154	28	1
154	29	0
154	30	1
154	31	1
154	32	0
154	33	0
154	34	1
154	35	1
154	36	1
154	37	1
154	38	1
154	39	1
154	40	1
155	1	1
155	2	1
155	3	1
155	4	1
155	5	1
155	6	1
155	7	1
155	8	0
155	9	1
155	10	1
155	11	0
155	12	1
155	13	1
155	14	1
155	15	0
155	16	1
155	17	0
155	18	1
155	19	0
155	20	1
155	21	1
155	22	1
155	23	1
155	24	0
155	25	1
155	26	1
155	27	0
155	28	1
155	29	0
155	30	1
155	31	1
155	32	0
155	33	0
155	34	1
155	35	1
155	36	1
155	37	1
155	38	1
155	39	1
155	40	1
156	1	1
156	2	1
156	3	0
156	4	1
156	5	0
156	6	0
156	7	1
156	8	0
156	9	1
156	10	1
156	11	0
156	12	1
156	13	1
156	14	1
156	15	0
156	16	0
156	17	0
156	18	1
156	19	1
156	20	1
156	21	0
156	22	0
156	23	1
156	24	0
156	25	0
156	26	0
156	27	1
156	28	1
156	29	1
156	30	1
156	31	1
156	32	0
156	33	1
156	34	1
156	35	1
156	36	1
156	37	1
156	38	1
156	39	0
156	40	1
157	1	0
157	2	0
157	3	0
157	4	1
157	5	0
157	6	0
157	7	0
157	8	0
157	9	0
157	10	1
157	11	0
157	12	0
157	13	0
157	14	0
157	15	0
157	16	0
157	17	1
157	18	0
157	19	1
157	20	0
157	21	0
157	22	0
157	23	0
157	24	1
157	25	0
157	26	0
157	27	0
157	28	0
157	29	1
157	30	0
157	31	0
157	32	0
157	33	1
157	34	0
157	35	0
157	36	0
157	37	0
157	38	0
157	39	0
157	40	0
158	1	0
158	2	0
158	3	1
158	4	1
158	5	0
158	6	1
158	7	1
158	8	0
158	9	0
158	10	0
158	11	0
158	12	1
158	13	1
158	14	1
158	15	0
158	16	0
158	17	0
158	18	0
158	19	1
158	20	0
158	21	1
158	22	1
158	23	0
158	24	0
158	25	0
158	26	0
158	27	1
158	28	1
158	29	0
158	30	1
158	31	0
158	32	0
158	33	1
158	34	0
158	35	0
158	36	0
158	37	1
158	38	0
158	39	1
158	40	0
159	1	1
159	2	1
159	3	1
159	4	1
159	5	0
159	6	1
159	7	1
159	8	0
159	9	1
159	10	1
159	11	0
159	12	1
159	13	1
159	14	1
159	15	0
159	16	1
159	17	0
159	18	1
159	19	1
159	20	0
159	21	1
159	22	1
159	23	0
159	24	0
159	25	0
159	26	0
159	27	1
159	28	1
159	29	1
159	30	1
159	31	0
159	32	1
159	33	1
159	34	1
159	35	1
159	36	0
159	37	1
159	38	0
159	39	1
159	40	1
160	1	1
160	2	1
160	3	0
160	4	0
160	5	0
160	6	0
160	7	0
160	8	0
160	9	0
160	10	0
160	11	0
160	12	1
160	13	0
160	14	0
160	15	0
160	16	1
160	17	0
160	18	1
160	19	0
160	20	0
160	21	0
160	22	1
160	23	0
160	24	0
160	25	0
160	26	0
160	27	0
160	28	0
160	29	0
160	30	1
160	31	0
160	32	0
160	33	0
160	34	1
160	35	1
160	36	0
160	37	0
160	38	0
160	39	0
160	40	0
161	1	1
161	2	1
161	3	1
161	4	1
161	5	0
161	6	1
161	7	0
161	8	0
161	9	0
161	10	1
161	11	0
161	12	1
161	13	0
161	14	0
161	15	0
161	16	1
161	17	0
161	18	1
161	19	1
161	20	0
161	21	0
161	22	1
161	23	0
161	24	0
161	25	0
161	26	0
161	27	1
161	28	1
161	29	1
161	30	1
161	31	0
161	32	1
161	33	1
161	34	1
161	35	1
161	36	0
161	37	0
161	38	0
161	39	0
161	40	0
162	1	1
162	2	1
162	3	1
162	4	1
162	5	0
162	6	1
162	7	1
162	8	0
162	9	1
162	10	1
162	11	0
162	12	1
162	13	1
162	14	1
162	15	0
162	16	1
162	17	0
162	18	1
162	19	1
162	20	0
162	21	1
162	22	1
162	23	0
162	24	0
162	25	0
162	26	0
162	27	1
162	28	1
162	29	1
162	30	1
162	31	0
162	32	1
162	33	1
162	34	1
162	35	1
162	36	0
162	37	1
162	38	0
162	39	1
162	40	1
163	1	1
163	2	1
163	3	0
163	4	0
163	5	0
163	6	0
163	7	0
163	8	0
163	9	0
163	10	0
163	11	0
163	12	1
163	13	0
163	14	0
163	15	0
163	16	1
163	17	0
163	18	1
163	19	0
163	20	0
163	21	0
163	22	1
163	23	0
163	24	0
163	25	0
163	26	0
163	27	0
163	28	0
163	29	0
163	30	1
163	31	0
163	32	0
163	33	0
163	34	1
163	35	1
163	36	0
163	37	0
163	38	0
163	39	0
163	40	0
164	1	1
164	2	1
164	3	0
164	4	0
164	5	1
164	6	0
164	7	0
164	8	1
164	9	0
164	10	0
164	11	1
164	12	1
164	13	0
164	14	0
164	15	1
164	16	1
164	17	1
164	18	1
164	19	0
164	20	1
164	21	0
164	22	1
164	23	1
164	24	1
164	25	1
164	26	1
164	27	0
164	28	0
164	29	0
164	30	1
164	31	1
164	32	0
164	33	0
164	34	1
164	35	1
164	36	1
164	37	0
164	38	1
164	39	0
164	40	0
165	1	1
165	2	1
165	3	1
165	4	1
165	5	0
165	6	1
165	7	1
165	8	0
165	9	1
165	10	0
165	11	0
165	12	1
165	13	1
165	14	1
165	15	0
165	16	1
165	17	0
165	18	1
165	19	1
165	20	0
165	21	0
165	22	0
165	23	0
165	24	0
165	25	0
165	26	0
165	27	1
165	28	0
165	29	1
165	30	1
165	31	0
165	32	0
165	33	1
165	34	1
165	35	0
165	36	0
165	37	1
165	38	0
165	39	1
165	40	1
166	1	0
166	2	0
166	3	0
166	4	0
166	5	0
166	6	0
166	7	1
166	8	1
166	9	1
166	10	0
166	11	1
166	12	0
166	13	1
166	14	1
166	15	1
166	16	0
166	17	1
166	18	0
166	19	0
166	20	0
166	21	1
166	22	0
166	23	0
166	24	1
166	25	0
166	26	0
166	27	0
166	28	0
166	29	0
166	30	0
166	31	0
166	32	0
166	33	0
166	34	0
166	35	0
166	36	0
166	37	1
166	38	0
166	39	1
166	40	1
167	1	1
167	2	1
167	3	1
167	4	0
167	5	0
167	6	1
167	7	0
167	8	0
167	9	1
167	10	0
167	11	0
167	12	1
167	13	1
167	14	0
167	15	0
167	16	1
167	17	0
167	18	1
167	19	0
167	20	0
167	21	1
167	22	0
167	23	0
167	24	0
167	25	0
167	26	0
167	27	1
167	28	0
167	29	0
167	30	1
167	31	0
167	32	1
167	33	1
167	34	0
167	35	0
167	36	0
167	37	1
167	38	0
167	39	1
167	40	0
168	1	1
168	2	1
168	3	1
168	4	1
168	5	1
168	6	1
168	7	1
168	8	0
168	9	1
168	10	1
168	11	0
168	12	1
168	13	1
168	14	1
168	15	0
168	16	1
168	17	0
168	18	1
168	19	1
168	20	1
168	21	1
168	22	1
168	23	1
168	24	0
168	25	1
168	26	1
168	27	1
168	28	1
168	29	1
168	30	1
168	31	1
168	32	1
168	33	1
168	34	1
168	35	1
168	36	1
168	37	1
168	38	1
168	39	1
168	40	1
169	1	1
169	2	1
169	3	1
169	4	1
169	5	0
169	6	1
169	7	1
169	8	0
169	9	1
169	10	1
169	11	0
169	12	1
169	13	1
169	14	1
169	15	0
169	16	1
169	17	0
169	18	1
169	19	1
169	20	0
169	21	1
169	22	1
169	23	0
169	24	0
169	25	0
169	26	0
169	27	1
169	28	1
169	29	1
169	30	1
169	31	0
169	32	1
169	33	1
169	34	1
169	35	1
169	36	0
169	37	1
169	38	0
169	39	1
169	40	1
170	1	1
170	2	1
170	3	1
170	4	1
170	5	0
170	6	1
170	7	1
170	8	0
170	9	1
170	10	1
170	11	0
170	12	1
170	13	1
170	14	1
170	15	0
170	16	1
170	17	0
170	18	1
170	19	1
170	20	0
170	21	1
170	22	1
170	23	0
170	24	0
170	25	0
170	26	0
170	27	1
170	28	1
170	29	1
170	30	1
170	31	0
170	32	1
170	33	1
170	34	1
170	35	1
170	36	0
170	37	1
170	38	0
170	39	1
170	40	1
171	1	1
171	2	1
171	3	1
171	4	1
171	5	1
171	6	1
171	7	1
171	8	0
171	9	1
171	10	1
171	11	0
171	12	1
171	13	1
171	14	1
171	15	0
171	16	1
171	17	0
171	18	1
171	19	1
171	20	1
171	21	1
171	22	1
171	23	1
171	24	0
171	25	1
171	26	1
171	27	1
171	28	1
171	29	1
171	30	1
171	31	1
171	32	1
171	33	1
171	34	1
171	35	1
171	36	1
171	37	1
171	38	1
171	39	1
171	40	1
172	1	0
172	2	0
172	3	0
172	4	0
172	5	0
172	6	0
172	7	1
172	8	1
172	9	1
172	10	0
172	11	1
172	12	0
172	13	1
172	14	1
172	15	1
172	16	0
172	17	1
172	18	0
172	19	0
172	20	0
172	21	1
172	22	0
172	23	0
172	24	1
172	25	0
172	26	0
172	27	0
172	28	0
172	29	0
172	30	0
172	31	0
172	32	0
172	33	0
172	34	0
172	35	0
172	36	0
172	37	1
172	38	0
172	39	1
172	40	1
173	1	1
173	2	1
173	3	1
173	4	1
173	5	1
173	6	1
173	7	1
173	8	0
173	9	1
173	10	1
173	11	0
173	12	1
173	13	1
173	14	1
173	15	0
173	16	1
173	17	0
173	18	1
173	19	1
173	20	1
173	21	1
173	22	1
173	23	1
173	24	0
173	25	1
173	26	1
173	27	1
173	28	1
173	29	1
173	30	1
173	31	1
173	32	1
173	33	1
173	34	1
173	35	1
173	36	1
173	37	1
173	38	1
173	39	1
173	40	1
174	1	1
174	2	1
174	3	1
174	4	1
174	5	0
174	6	1
174	7	1
174	8	0
174	9	1
174	10	1
174	11	0
174	12	1
174	13	1
174	14	1
174	15	0
174	16	1
174	17	0
174	18	1
174	19	1
174	20	0
174	21	1
174	22	1
174	23	0
174	24	0
174	25	0
174	26	0
174	27	1
174	28	1
174	29	1
174	30	1
174	31	0
174	32	1
174	33	1
174	34	1
174	35	1
174	36	0
174	37	1
174	38	0
174	39	1
174	40	1
175	1	0
175	2	0
175	3	0
175	4	0
175	5	0
175	6	0
175	7	1
175	8	0
175	9	0
175	10	0
175	11	0
175	12	0
175	13	1
175	14	1
175	15	0
175	16	0
175	17	1
175	18	0
175	19	0
175	20	0
175	21	0
175	22	0
175	23	0
175	24	1
175	25	0
175	26	0
175	27	0
175	28	0
175	29	0
175	30	0
175	31	0
175	32	0
175	33	0
175	34	0
175	35	0
175	36	0
175	37	1
175	38	0
175	39	0
175	40	0
176	1	1
176	2	1
176	3	1
176	4	1
176	5	1
176	6	1
176	7	1
176	8	0
176	9	1
176	10	1
176	11	0
176	12	1
176	13	1
176	14	1
176	15	0
176	16	1
176	17	0
176	18	1
176	19	1
176	20	1
176	21	1
176	22	1
176	23	1
176	24	0
176	25	1
176	26	1
176	27	1
176	28	1
176	29	1
176	30	1
176	31	1
176	32	1
176	33	1
176	34	1
176	35	1
176	36	1
176	37	1
176	38	1
176	39	1
176	40	1
177	1	1
177	2	1
177	3	1
177	4	1
177	5	0
177	6	1
177	7	1
177	8	0
177	9	1
177	10	1
177	11	0
177	12	1
177	13	1
177	14	1
177	15	0
177	16	1
177	17	0
177	18	1
177	19	1
177	20	0
177	21	1
177	22	1
177	23	0
177	24	0
177	25	0
177	26	0
177	27	1
177	28	1
177	29	1
177	30	1
177	31	0
177	32	1
177	33	1
177	34	1
177	35	1
177	36	0
177	37	1
177	38	0
177	39	1
177	40	1
178	1	0
178	2	0
178	3	0
178	4	0
178	5	0
178	6	0
178	7	1
178	8	1
178	9	0
178	10	0
178	11	1
178	12	0
178	13	1
178	14	1
178	15	0
178	16	0
178	17	1
178	18	0
178	19	0
178	20	0
178	21	0
178	22	0
178	23	0
178	24	1
178	25	0
178	26	0
178	27	0
178	28	0
178	29	0
178	30	0
178	31	0
178	32	0
178	33	0
178	34	0
178	35	0
178	36	0
178	37	1
178	38	0
178	39	0
178	40	1
179	1	1
179	2	1
179	3	0
179	4	0
179	5	0
179	6	0
179	7	0
179	8	0
179	9	0
179	10	0
179	11	0
179	12	1
179	13	0
179	14	0
179	15	0
179	16	1
179	17	0
179	18	1
179	19	0
179	20	0
179	21	0
179	22	1
179	23	0
179	24	0
179	25	0
179	26	0
179	27	0
179	28	0
179	29	0
179	30	1
179	31	0
179	32	0
179	33	0
179	34	1
179	35	1
179	36	0
179	37	0
179	38	0
179	39	0
179	40	0
180	1	1
180	2	1
180	3	1
180	4	1
180	5	1
180	6	1
180	7	1
180	8	0
180	9	1
180	10	0
180	11	0
180	12	1
180	13	1
180	14	1
180	15	0
180	16	1
180	17	0
180	18	1
180	19	0
180	20	1
180	21	0
180	22	0
180	23	0
180	24	0
180	25	1
180	26	0
180	27	0
180	28	0
180	29	0
180	30	1
180	31	0
180	32	0
180	33	0
180	34	1
180	35	0
180	36	1
180	37	1
180	38	1
180	39	1
180	40	1
181	1	1
181	2	1
181	3	1
181	4	1
181	5	1
181	6	1
181	7	1
181	8	0
181	9	1
181	10	1
181	11	0
181	12	1
181	13	1
181	14	1
181	15	0
181	16	1
181	17	0
181	18	1
181	19	1
181	20	1
181	21	1
181	22	1
181	23	1
181	24	0
181	25	1
181	26	1
181	27	1
181	28	1
181	29	1
181	30	1
181	31	1
181	32	1
181	33	1
181	34	1
181	35	1
181	36	1
181	37	1
181	38	1
181	39	1
181	40	1
182	1	0
182	2	0
182	3	0
182	4	0
182	5	0
182	6	0
182	7	1
182	8	1
182	9	1
182	10	0
182	11	1
182	12	0
182	13	1
182	14	1
182	15	1
182	16	0
182	17	1
182	18	0
182	19	0
182	20	0
182	21	1
182	22	0
182	23	0
182	24	1
182	25	0
182	26	0
182	27	0
182	28	0
182	29	0
182	30	0
182	31	0
182	32	0
182	33	0
182	34	0
182	35	0
182	36	0
182	37	1
182	38	0
182	39	1
182	40	1
183	1	0
183	2	0
183	3	0
183	4	0
183	5	0
183	6	0
183	7	1
183	8	1
183	9	1
183	10	0
183	11	1
183	12	0
183	13	1
183	14	1
183	15	1
183	16	0
183	17	1
183	18	0
183	19	0
183	20	0
183	21	1
183	22	0
183	23	0
183	24	1
183	25	0
183	26	0
183	27	0
183	28	0
183	29	0
183	30	0
183	31	0
183	32	0
183	33	0
183	34	0
183	35	0
183	36	0
183	37	1
183	38	0
183	39	1
183	40	1
184	1	1
184	2	1
184	3	1
184	4	1
184	5	1
184	6	1
184	7	1
184	8	0
184	9	1
184	10	1
184	11	0
184	12	1
184	13	1
184	14	1
184	15	0
184	16	1
184	17	0
184	18	1
184	19	0
184	20	1
184	21	1
184	22	1
184	23	1
184	24	0
184	25	1
184	26	1
184	27	0
184	28	1
184	29	0
184	30	1
184	31	1
184	32	0
184	33	0
184	34	1
184	35	1
184	36	1
184	37	1
184	38	1
184	39	1
184	40	1
185	1	0
185	2	0
185	3	0
185	4	0
185	5	0
185	6	0
185	7	0
185	8	0
185	9	1
185	10	0
185	11	0
185	12	0
185	13	1
185	14	0
185	15	1
185	16	0
185	17	0
185	18	0
185	19	0
185	20	0
185	21	1
185	22	0
185	23	0
185	24	1
185	25	0
185	26	0
185	27	0
185	28	0
185	29	0
185	30	0
185	31	0
185	32	0
185	33	0
185	34	0
185	35	0
185	36	0
185	37	1
185	38	0
185	39	1
185	40	0
186	1	1
186	2	0
186	3	1
186	4	1
186	5	1
186	6	0
186	7	1
186	8	0
186	9	0
186	10	1
186	11	0
186	12	1
186	13	1
186	14	1
186	15	0
186	16	1
186	17	0
186	18	1
186	19	1
186	20	0
186	21	0
186	22	1
186	23	1
186	24	0
186	25	1
186	26	1
186	27	0
186	28	0
186	29	1
186	30	1
186	31	0
186	32	1
186	33	1
186	34	0
186	35	1
186	36	1
186	37	1
186	38	0
186	39	0
186	40	1
187	1	1
187	2	1
187	3	1
187	4	1
187	5	1
187	6	1
187	7	1
187	8	0
187	9	1
187	10	1
187	11	0
187	12	1
187	13	1
187	14	1
187	15	0
187	16	1
187	17	0
187	18	1
187	19	0
187	20	1
187	21	1
187	22	1
187	23	1
187	24	0
187	25	1
187	26	1
187	27	0
187	28	1
187	29	0
187	30	1
187	31	1
187	32	0
187	33	0
187	34	1
187	35	1
187	36	1
187	37	1
187	38	1
187	39	1
187	40	1
188	1	0
188	2	0
188	3	1
188	4	1
188	5	0
188	6	1
188	7	0
188	8	1
188	9	0
188	10	1
188	11	1
188	12	0
188	13	0
188	14	0
188	15	1
188	16	0
188	17	1
188	18	0
188	19	1
188	20	0
188	21	0
188	22	0
188	23	0
188	24	1
188	25	0
188	26	0
188	27	1
188	28	1
188	29	1
188	30	0
188	31	0
188	32	1
188	33	1
188	34	0
188	35	0
188	36	0
188	37	0
188	38	0
188	39	0
188	40	0
189	1	1
189	2	1
189	3	1
189	4	1
189	5	1
189	6	1
189	7	1
189	8	0
189	9	1
189	10	1
189	11	0
189	12	1
189	13	1
189	14	1
189	15	0
189	16	1
189	17	0
189	18	1
189	19	1
189	20	1
189	21	1
189	22	1
189	23	1
189	24	0
189	25	1
189	26	1
189	27	1
189	28	1
189	29	1
189	30	1
189	31	1
189	32	1
189	33	1
189	34	1
189	35	1
189	36	1
189	37	1
189	38	1
189	39	1
189	40	1
190	1	0
190	2	0
190	3	0
190	4	0
190	5	0
190	6	0
190	7	1
190	8	1
190	9	1
190	10	0
190	11	1
190	12	0
190	13	1
190	14	1
190	15	1
190	16	0
190	17	1
190	18	0
190	19	0
190	20	0
190	21	1
190	22	0
190	23	0
190	24	1
190	25	0
190	26	0
190	27	0
190	28	0
190	29	0
190	30	0
190	31	0
190	32	0
190	33	0
190	34	0
190	35	0
190	36	0
190	37	1
190	38	0
190	39	1
190	40	1
191	1	1
191	2	0
191	3	1
191	4	1
191	5	0
191	6	0
191	7	1
191	8	0
191	9	0
191	10	1
191	11	0
191	12	1
191	13	1
191	14	1
191	15	0
191	16	1
191	17	0
191	18	1
191	19	1
191	20	0
191	21	0
191	22	1
191	23	0
191	24	0
191	25	0
191	26	0
191	27	0
191	28	0
191	29	1
191	30	1
191	31	0
191	32	1
191	33	1
191	34	0
191	35	1
191	36	0
191	37	1
191	38	0
191	39	0
191	40	1
192	1	1
192	2	1
192	3	1
192	4	1
192	5	1
192	6	1
192	7	1
192	8	0
192	9	1
192	10	1
192	11	0
192	12	1
192	13	1
192	14	1
192	15	0
192	16	1
192	17	0
192	18	1
192	19	0
192	20	1
192	21	1
192	22	1
192	23	1
192	24	0
192	25	1
192	26	1
192	27	0
192	28	1
192	29	0
192	30	1
192	31	1
192	32	0
192	33	0
192	34	1
192	35	1
192	36	1
192	37	1
192	38	1
192	39	1
192	40	1
193	1	0
193	2	0
193	3	0
193	4	0
193	5	0
193	6	0
193	7	1
193	8	1
193	9	1
193	10	0
193	11	1
193	12	0
193	13	1
193	14	1
193	15	1
193	16	0
193	17	1
193	18	0
193	19	0
193	20	0
193	21	1
193	22	0
193	23	0
193	24	1
193	25	0
193	26	0
193	27	0
193	28	0
193	29	0
193	30	0
193	31	0
193	32	0
193	33	0
193	34	0
193	35	0
193	36	0
193	37	1
193	38	0
193	39	1
193	40	1
194	1	0
194	2	0
194	3	0
194	4	0
194	5	0
194	6	0
194	7	1
194	8	1
194	9	1
194	10	0
194	11	1
194	12	0
194	13	1
194	14	1
194	15	1
194	16	0
194	17	1
194	18	0
194	19	0
194	20	0
194	21	1
194	22	0
194	23	0
194	24	1
194	25	0
194	26	0
194	27	0
194	28	0
194	29	0
194	30	0
194	31	0
194	32	0
194	33	0
194	34	0
194	35	0
194	36	0
194	37	1
194	38	0
194	39	1
194	40	1
195	1	1
195	2	1
195	3	1
195	4	1
195	5	0
195	6	1
195	7	1
195	8	0
195	9	1
195	10	1
195	11	0
195	12	1
195	13	1
195	14	1
195	15	0
195	16	1
195	17	0
195	18	1
195	19	1
195	20	0
195	21	1
195	22	1
195	23	0
195	24	0
195	25	0
195	26	0
195	27	1
195	28	1
195	29	1
195	30	1
195	31	0
195	32	1
195	33	1
195	34	1
195	35	1
195	36	0
195	37	1
195	38	0
195	39	1
195	40	1
196	1	1
196	2	1
196	3	1
196	4	1
196	5	1
196	6	1
196	7	1
196	8	0
196	9	1
196	10	0
196	11	0
196	12	1
196	13	1
196	14	1
196	15	0
196	16	1
196	17	0
196	18	1
196	19	0
196	20	1
196	21	0
196	22	0
196	23	0
196	24	0
196	25	1
196	26	0
196	27	0
196	28	0
196	29	0
196	30	1
196	31	0
196	32	0
196	33	0
196	34	1
196	35	0
196	36	1
196	37	1
196	38	1
196	39	1
196	40	1
197	1	1
197	2	1
197	3	0
197	4	0
197	5	0
197	6	0
197	7	0
197	8	0
197	9	0
197	10	0
197	11	0
197	12	1
197	13	0
197	14	0
197	15	0
197	16	1
197	17	0
197	18	1
197	19	0
197	20	0
197	21	0
197	22	1
197	23	0
197	24	0
197	25	0
197	26	0
197	27	0
197	28	0
197	29	0
197	30	1
197	31	0
197	32	0
197	33	0
197	34	1
197	35	1
197	36	0
197	37	0
197	38	0
197	39	0
197	40	0
198	1	1
198	2	1
198	3	1
198	4	1
198	5	1
198	6	1
198	7	1
198	8	0
198	9	1
198	10	1
198	11	0
198	12	1
198	13	1
198	14	1
198	15	0
198	16	1
198	17	0
198	18	1
198	19	0
198	20	1
198	21	1
198	22	1
198	23	1
198	24	0
198	25	1
198	26	1
198	27	0
198	28	1
198	29	0
198	30	1
198	31	1
198	32	0
198	33	0
198	34	1
198	35	1
198	36	1
198	37	1
198	38	1
198	39	1
198	40	1
199	1	1
199	2	1
199	3	1
199	4	1
199	5	0
199	6	1
199	7	1
199	8	0
199	9	1
199	10	1
199	11	0
199	12	1
199	13	1
199	14	1
199	15	0
199	16	1
199	17	0
199	18	1
199	19	1
199	20	0
199	21	1
199	22	1
199	23	0
199	24	0
199	25	0
199	26	0
199	27	1
199	28	1
199	29	1
199	30	1
199	31	0
199	32	1
199	33	1
199	34	1
199	35	1
199	36	0
199	37	1
199	38	0
199	39	1
199	40	1
200	1	1
200	2	1
200	3	1
200	4	1
200	5	1
200	6	1
200	7	1
200	8	0
200	9	1
200	10	1
200	11	0
200	12	1
200	13	1
200	14	1
200	15	0
200	16	1
200	17	0
200	18	1
200	19	0
200	20	1
200	21	1
200	22	1
200	23	1
200	24	0
200	25	1
200	26	1
200	27	0
200	28	1
200	29	0
200	30	1
200	31	1
200	32	0
200	33	0
200	34	1
200	35	1
200	36	1
200	37	1
200	38	1
200	39	1
200	40	1
201	1	1
201	2	1
201	3	1
201	4	0
201	5	0
201	6	1
201	7	0
201	8	0
201	9	1
201	10	0
201	11	0
201	12	1
201	13	1
201	14	0
201	15	0
201	16	1
201	17	0
201	18	1
201	19	0
201	20	0
201	21	1
201	22	0
201	23	0
201	24	0
201	25	0
201	26	0
201	27	1
201	28	0
201	29	0
201	30	1
201	31	0
201	32	1
201	33	1
201	34	0
201	35	0
201	36	0
201	37	1
201	38	0
201	39	1
201	40	0
202	1	1
202	2	1
202	3	0
202	4	0
202	5	0
202	6	0
202	7	0
202	8	0
202	9	0
202	10	0
202	11	0
202	12	1
202	13	0
202	14	0
202	15	0
202	16	1
202	17	0
202	18	1
202	19	0
202	20	0
202	21	0
202	22	1
202	23	0
202	24	0
202	25	0
202	26	0
202	27	0
202	28	0
202	29	0
202	30	1
202	31	0
202	32	0
202	33	0
202	34	1
202	35	1
202	36	0
202	37	0
202	38	0
202	39	0
202	40	0
203	1	0
203	2	0
203	3	1
203	4	1
203	5	0
203	6	1
203	7	0
203	8	0
203	9	0
203	10	0
203	11	0
203	12	0
203	13	0
203	14	0
203	15	1
203	16	0
203	17	1
203	18	0
203	19	1
203	20	0
203	21	0
203	22	0
203	23	0
203	24	1
203	25	0
203	26	0
203	27	1
203	28	0
203	29	1
203	30	0
203	31	0
203	32	0
203	33	1
203	34	0
203	35	0
203	36	0
203	37	0
203	38	0
203	39	0
203	40	0
204	1	1
204	2	1
204	3	1
204	4	1
204	5	1
204	6	1
204	7	1
204	8	0
204	9	1
204	10	1
204	11	0
204	12	1
204	13	1
204	14	1
204	15	0
204	16	1
204	17	0
204	18	1
204	19	1
204	20	1
204	21	1
204	22	1
204	23	1
204	24	0
204	25	1
204	26	1
204	27	1
204	28	1
204	29	1
204	30	1
204	31	1
204	32	1
204	33	1
204	34	1
204	35	1
204	36	1
204	37	1
204	38	1
204	39	1
204	40	1
205	1	1
205	2	1
205	3	1
205	4	1
205	5	0
205	6	1
205	7	1
205	8	0
205	9	1
205	10	1
205	11	0
205	12	1
205	13	1
205	14	1
205	15	0
205	16	1
205	17	0
205	18	1
205	19	1
205	20	0
205	21	1
205	22	1
205	23	0
205	24	0
205	25	0
205	26	0
205	27	1
205	28	1
205	29	1
205	30	1
205	31	0
205	32	1
205	33	1
205	34	1
205	35	1
205	36	0
205	37	1
205	38	0
205	39	1
205	40	1
206	1	1
206	2	1
206	3	1
206	4	1
206	5	1
206	6	1
206	7	1
206	8	0
206	9	1
206	10	1
206	11	0
206	12	1
206	13	1
206	14	1
206	15	0
206	16	1
206	17	0
206	18	1
206	19	1
206	20	1
206	21	1
206	22	1
206	23	1
206	24	0
206	25	1
206	26	1
206	27	1
206	28	1
206	29	1
206	30	1
206	31	1
206	32	1
206	33	1
206	34	1
206	35	1
206	36	1
206	37	1
206	38	1
206	39	1
206	40	1
207	1	0
207	2	0
207	3	0
207	4	0
207	5	0
207	6	0
207	7	1
207	8	0
207	9	1
207	10	0
207	11	0
207	12	0
207	13	1
207	14	1
207	15	0
207	16	0
207	17	1
207	18	0
207	19	0
207	20	0
207	21	0
207	22	0
207	23	0
207	24	1
207	25	0
207	26	0
207	27	0
207	28	0
207	29	0
207	30	0
207	31	0
207	32	0
207	33	0
207	34	0
207	35	0
207	36	0
207	37	1
207	38	0
207	39	0
207	40	1
208	1	1
208	2	1
208	3	1
208	4	1
208	5	0
208	6	1
208	7	0
208	8	0
208	9	0
208	10	1
208	11	0
208	12	1
208	13	0
208	14	0
208	15	0
208	16	1
208	17	0
208	18	1
208	19	1
208	20	0
208	21	0
208	22	1
208	23	0
208	24	0
208	25	0
208	26	0
208	27	1
208	28	1
208	29	1
208	30	1
208	31	0
208	32	1
208	33	1
208	34	1
208	35	1
208	36	0
208	37	0
208	38	0
208	39	0
208	40	0
209	1	1
209	2	1
209	3	1
209	4	1
209	5	1
209	6	1
209	7	1
209	8	0
209	9	1
209	10	1
209	11	0
209	12	1
209	13	1
209	14	1
209	15	0
209	16	1
209	17	0
209	18	1
209	19	1
209	20	1
209	21	1
209	22	1
209	23	1
209	24	0
209	25	1
209	26	1
209	27	1
209	28	1
209	29	1
209	30	1
209	31	1
209	32	1
209	33	1
209	34	1
209	35	1
209	36	1
209	37	1
209	38	1
209	39	1
209	40	1
210	1	0
210	2	0
210	3	1
210	4	1
210	5	0
210	6	1
210	7	1
210	8	0
210	9	0
210	10	0
210	11	0
210	12	1
210	13	1
210	14	1
210	15	0
210	16	0
210	17	0
210	18	0
210	19	1
210	20	1
210	21	1
210	22	1
210	23	1
210	24	0
210	25	1
210	26	0
210	27	1
210	28	1
210	29	0
210	30	1
210	31	1
210	32	0
210	33	1
210	34	0
210	35	0
210	36	1
210	37	1
210	38	1
210	39	1
210	40	0
211	1	1
211	2	1
211	3	1
211	4	1
211	5	0
211	6	1
211	7	1
211	8	0
211	9	1
211	10	1
211	11	0
211	12	1
211	13	1
211	14	1
211	15	0
211	16	1
211	17	0
211	18	1
211	19	1
211	20	0
211	21	1
211	22	1
211	23	0
211	24	0
211	25	0
211	26	0
211	27	1
211	28	1
211	29	1
211	30	1
211	31	0
211	32	1
211	33	1
211	34	1
211	35	1
211	36	0
211	37	1
211	38	0
211	39	1
211	40	1
212	1	1
212	2	1
212	3	1
212	4	0
212	5	1
212	6	1
212	7	0
212	8	0
212	9	1
212	10	0
212	11	0
212	12	1
212	13	1
212	14	0
212	15	0
212	16	1
212	17	0
212	18	1
212	19	0
212	20	0
212	21	1
212	22	0
212	23	0
212	24	0
212	25	0
212	26	1
212	27	0
212	28	0
212	29	0
212	30	1
212	31	0
212	32	0
212	33	0
212	34	0
212	35	0
212	36	1
212	37	1
212	38	1
212	39	1
212	40	0
213	1	1
213	2	1
213	3	1
213	4	1
213	5	1
213	6	1
213	7	1
213	8	0
213	9	1
213	10	1
213	11	0
213	12	1
213	13	1
213	14	1
213	15	0
213	16	1
213	17	0
213	18	1
213	19	1
213	20	1
213	21	1
213	22	1
213	23	1
213	24	0
213	25	1
213	26	1
213	27	1
213	28	1
213	29	1
213	30	1
213	31	1
213	32	1
213	33	1
213	34	1
213	35	1
213	36	1
213	37	1
213	38	1
213	39	1
213	40	1
214	1	0
214	2	0
214	3	1
214	4	1
214	5	0
214	6	1
214	7	0
214	8	1
214	9	0
214	10	1
214	11	1
214	12	0
214	13	0
214	14	0
214	15	1
214	16	0
214	17	1
214	18	0
214	19	1
214	20	0
214	21	0
214	22	0
214	23	0
214	24	1
214	25	0
214	26	0
214	27	1
214	28	1
214	29	1
214	30	0
214	31	0
214	32	1
214	33	1
214	34	0
214	35	0
214	36	0
214	37	0
214	38	0
214	39	0
214	40	0
215	1	0
215	2	0
215	3	0
215	4	0
215	5	0
215	6	0
215	7	1
215	8	1
215	9	1
215	10	0
215	11	1
215	12	0
215	13	1
215	14	1
215	15	1
215	16	0
215	17	1
215	18	0
215	19	0
215	20	0
215	21	1
215	22	0
215	23	0
215	24	1
215	25	0
215	26	0
215	27	0
215	28	0
215	29	0
215	30	0
215	31	0
215	32	0
215	33	0
215	34	0
215	35	0
215	36	0
215	37	1
215	38	0
215	39	1
215	40	1
216	1	0
216	2	0
216	3	1
216	4	1
216	5	0
216	6	1
216	7	0
216	8	1
216	9	0
216	10	1
216	11	1
216	12	0
216	13	0
216	14	0
216	15	1
216	16	0
216	17	1
216	18	0
216	19	1
216	20	0
216	21	0
216	22	0
216	23	0
216	24	1
216	25	0
216	26	0
216	27	1
216	28	1
216	29	1
216	30	0
216	31	0
216	32	1
216	33	1
216	34	0
216	35	0
216	36	0
216	37	0
216	38	0
216	39	0
216	40	0
217	1	1
217	2	1
217	3	1
217	4	1
217	5	1
217	6	1
217	7	1
217	8	0
217	9	1
217	10	1
217	11	0
217	12	1
217	13	1
217	14	1
217	15	0
217	16	1
217	17	0
217	18	1
217	19	0
217	20	1
217	21	1
217	22	1
217	23	1
217	24	0
217	25	1
217	26	1
217	27	0
217	28	1
217	29	0
217	30	1
217	31	1
217	32	0
217	33	0
217	34	1
217	35	1
217	36	1
217	37	1
217	38	1
217	39	1
217	40	1
218	1	0
218	2	0
218	3	0
218	4	0
218	5	0
218	6	0
218	7	1
218	8	0
218	9	1
218	10	0
218	11	0
218	12	0
218	13	1
218	14	1
218	15	1
218	16	0
218	17	1
218	18	0
218	19	0
218	20	0
218	21	0
218	22	0
218	23	0
218	24	1
218	25	0
218	26	0
218	27	0
218	28	0
218	29	0
218	30	0
218	31	0
218	32	0
218	33	0
218	34	0
218	35	0
218	36	0
218	37	1
218	38	0
218	39	1
218	40	1
219	1	1
219	2	1
219	3	0
219	4	0
219	5	0
219	6	0
219	7	0
219	8	0
219	9	0
219	10	0
219	11	0
219	12	1
219	13	0
219	14	0
219	15	0
219	16	1
219	17	0
219	18	1
219	19	0
219	20	0
219	21	0
219	22	1
219	23	0
219	24	0
219	25	0
219	26	0
219	27	0
219	28	0
219	29	0
219	30	1
219	31	0
219	32	0
219	33	0
219	34	1
219	35	1
219	36	0
219	37	0
219	38	0
219	39	0
219	40	0
220	1	1
220	2	1
220	3	1
220	4	1
220	5	1
220	6	1
220	7	1
220	8	0
220	9	1
220	10	0
220	11	0
220	12	1
220	13	1
220	14	1
220	15	0
220	16	1
220	17	0
220	18	1
220	19	0
220	20	1
220	21	0
220	22	0
220	23	0
220	24	0
220	25	1
220	26	0
220	27	0
220	28	0
220	29	0
220	30	1
220	31	0
220	32	0
220	33	0
220	34	1
220	35	0
220	36	1
220	37	1
220	38	1
220	39	1
220	40	1
221	1	1
221	2	1
221	3	1
221	4	1
221	5	1
221	6	1
221	7	1
221	8	0
221	9	1
221	10	1
221	11	0
221	12	1
221	13	1
221	14	1
221	15	0
221	16	1
221	17	0
221	18	1
221	19	0
221	20	1
221	21	1
221	22	1
221	23	1
221	24	0
221	25	1
221	26	1
221	27	0
221	28	1
221	29	0
221	30	1
221	31	1
221	32	0
221	33	0
221	34	1
221	35	1
221	36	1
221	37	1
221	38	1
221	39	1
221	40	1
222	1	1
222	2	1
222	3	1
222	4	1
222	5	0
222	6	1
222	7	1
222	8	0
222	9	1
222	10	1
222	11	0
222	12	1
222	13	1
222	14	1
222	15	0
222	16	1
222	17	0
222	18	1
222	19	1
222	20	0
222	21	1
222	22	1
222	23	0
222	24	0
222	25	0
222	26	0
222	27	1
222	28	1
222	29	1
222	30	1
222	31	0
222	32	1
222	33	1
222	34	1
222	35	1
222	36	0
222	37	1
222	38	0
222	39	1
222	40	1
223	1	1
223	2	1
223	3	1
223	4	1
223	5	0
223	6	1
223	7	1
223	8	0
223	9	1
223	10	1
223	11	0
223	12	1
223	13	1
223	14	1
223	15	0
223	16	1
223	17	0
223	18	1
223	19	1
223	20	0
223	21	1
223	22	1
223	23	0
223	24	0
223	25	0
223	26	0
223	27	1
223	28	1
223	29	1
223	30	1
223	31	0
223	32	1
223	33	1
223	34	1
223	35	1
223	36	0
223	37	1
223	38	0
223	39	1
223	40	1
224	1	1
224	2	1
224	3	1
224	4	1
224	5	0
224	6	1
224	7	1
224	8	0
224	9	1
224	10	1
224	11	0
224	12	1
224	13	1
224	14	1
224	15	0
224	16	1
224	17	0
224	18	1
224	19	1
224	20	0
224	21	1
224	22	1
224	23	0
224	24	0
224	25	0
224	26	0
224	27	1
224	28	1
224	29	1
224	30	1
224	31	0
224	32	1
224	33	1
224	34	1
224	35	1
224	36	0
224	37	1
224	38	0
224	39	1
224	40	1
225	1	0
225	2	0
225	3	1
225	4	1
225	5	0
225	6	1
225	7	0
225	8	1
225	9	0
225	10	1
225	11	1
225	12	0
225	13	0
225	14	0
225	15	1
225	16	0
225	17	1
225	18	0
225	19	1
225	20	0
225	21	0
225	22	0
225	23	0
225	24	1
225	25	0
225	26	0
225	27	1
225	28	1
225	29	1
225	30	0
225	31	0
225	32	1
225	33	1
225	34	0
225	35	0
225	36	0
225	37	0
225	38	0
225	39	0
225	40	0
226	1	0
226	2	0
226	3	1
226	4	1
226	5	0
226	6	1
226	7	0
226	8	1
226	9	0
226	10	1
226	11	1
226	12	0
226	13	0
226	14	0
226	15	1
226	16	0
226	17	1
226	18	0
226	19	1
226	20	0
226	21	0
226	22	0
226	23	0
226	24	1
226	25	0
226	26	0
226	27	1
226	28	1
226	29	1
226	30	0
226	31	0
226	32	1
226	33	1
226	34	0
226	35	0
226	36	0
226	37	0
226	38	0
226	39	0
226	40	0
227	1	1
227	2	1
227	3	1
227	4	1
227	5	1
227	6	1
227	7	1
227	8	0
227	9	1
227	10	1
227	11	0
227	12	1
227	13	1
227	14	1
227	15	0
227	16	1
227	17	0
227	18	1
227	19	1
227	20	1
227	21	1
227	22	1
227	23	1
227	24	0
227	25	1
227	26	1
227	27	1
227	28	1
227	29	1
227	30	1
227	31	1
227	32	1
227	33	1
227	34	1
227	35	1
227	36	1
227	37	1
227	38	1
227	39	1
227	40	1
228	1	0
228	2	0
228	3	0
228	4	0
228	5	0
228	6	0
228	7	1
228	8	1
228	9	1
228	10	0
228	11	1
228	12	0
228	13	1
228	14	1
228	15	1
228	16	0
228	17	1
228	18	0
228	19	0
228	20	0
228	21	1
228	22	0
228	23	0
228	24	1
228	25	0
228	26	0
228	27	0
228	28	0
228	29	0
228	30	0
228	31	0
228	32	0
228	33	0
228	34	0
228	35	0
228	36	0
228	37	1
228	38	0
228	39	1
228	40	1
229	1	0
229	2	0
229	3	0
229	4	0
229	5	0
229	6	0
229	7	1
229	8	1
229	9	1
229	10	0
229	11	1
229	12	0
229	13	1
229	14	1
229	15	1
229	16	0
229	17	1
229	18	0
229	19	0
229	20	0
229	21	1
229	22	0
229	23	0
229	24	1
229	25	0
229	26	0
229	27	0
229	28	0
229	29	0
229	30	0
229	31	0
229	32	0
229	33	0
229	34	0
229	35	0
229	36	0
229	37	1
229	38	0
229	39	1
229	40	1
230	1	0
230	2	0
230	3	1
230	4	1
230	5	0
230	6	1
230	7	0
230	8	1
230	9	0
230	10	1
230	11	1
230	12	0
230	13	0
230	14	0
230	15	1
230	16	0
230	17	1
230	18	0
230	19	1
230	20	0
230	21	0
230	22	0
230	23	0
230	24	1
230	25	0
230	26	0
230	27	1
230	28	1
230	29	1
230	30	0
230	31	0
230	32	1
230	33	1
230	34	0
230	35	0
230	36	0
230	37	0
230	38	0
230	39	0
230	40	0
231	1	1
231	2	1
231	3	1
231	4	1
231	5	1
231	6	1
231	7	1
231	8	0
231	9	1
231	10	1
231	11	0
231	12	1
231	13	1
231	14	1
231	15	0
231	16	1
231	17	0
231	18	1
231	19	1
231	20	1
231	21	1
231	22	1
231	23	1
231	24	0
231	25	1
231	26	1
231	27	1
231	28	1
231	29	1
231	30	1
231	31	1
231	32	1
231	33	1
231	34	1
231	35	1
231	36	1
231	37	1
231	38	1
231	39	1
231	40	1
232	1	1
232	2	1
232	3	0
232	4	0
232	5	0
232	6	0
232	7	0
232	8	0
232	9	0
232	10	0
232	11	0
232	12	1
232	13	0
232	14	0
232	15	0
232	16	0
232	17	0
232	18	1
232	19	0
232	20	0
232	21	0
232	22	0
232	23	0
232	24	0
232	25	0
232	26	0
232	27	0
232	28	0
232	29	0
232	30	1
232	31	0
232	32	0
232	33	0
232	34	1
232	35	1
232	36	0
232	37	0
232	38	0
232	39	0
232	40	0
233	1	1
233	2	1
233	3	1
233	4	1
233	5	1
233	6	1
233	7	1
233	8	0
233	9	1
233	10	1
233	11	0
233	12	1
233	13	1
233	14	1
233	15	0
233	16	1
233	17	0
233	18	1
233	19	0
233	20	1
233	21	1
233	22	1
233	23	1
233	24	0
233	25	1
233	26	1
233	27	0
233	28	1
233	29	0
233	30	1
233	31	1
233	32	0
233	33	0
233	34	1
233	35	1
233	36	1
233	37	1
233	38	1
233	39	1
233	40	1
234	1	1
234	2	1
234	3	1
234	4	1
234	5	1
234	6	1
234	7	1
234	8	0
234	9	1
234	10	1
234	11	0
234	12	1
234	13	1
234	14	1
234	15	0
234	16	1
234	17	0
234	18	1
234	19	0
234	20	1
234	21	1
234	22	1
234	23	1
234	24	0
234	25	1
234	26	1
234	27	0
234	28	1
234	29	0
234	30	1
234	31	1
234	32	0
234	33	0
234	34	1
234	35	1
234	36	1
234	37	1
234	38	1
234	39	1
234	40	1
235	1	1
235	2	1
235	3	1
235	4	1
235	5	1
235	6	1
235	7	1
235	8	0
235	9	1
235	10	1
235	11	0
235	12	1
235	13	1
235	14	1
235	15	0
235	16	1
235	17	0
235	18	1
235	19	0
235	20	1
235	21	1
235	22	1
235	23	1
235	24	0
235	25	1
235	26	1
235	27	0
235	28	1
235	29	0
235	30	1
235	31	1
235	32	0
235	33	0
235	34	1
235	35	1
235	36	1
235	37	1
235	38	1
235	39	1
235	40	1
236	1	1
236	2	1
236	3	1
236	4	1
236	5	0
236	6	1
236	7	0
236	8	0
236	9	0
236	10	1
236	11	0
236	12	1
236	13	0
236	14	0
236	15	0
236	16	1
236	17	0
236	18	1
236	19	1
236	20	0
236	21	0
236	22	1
236	23	0
236	24	0
236	25	0
236	26	0
236	27	1
236	28	1
236	29	1
236	30	1
236	31	0
236	32	1
236	33	1
236	34	1
236	35	1
236	36	0
236	37	0
236	38	0
236	39	0
236	40	0
237	1	1
237	2	1
237	3	0
237	4	1
237	5	0
237	6	0
237	7	1
237	8	0
237	9	1
237	10	1
237	11	0
237	12	1
237	13	1
237	14	1
237	15	0
237	16	0
237	17	0
237	18	1
237	19	1
237	20	0
237	21	0
237	22	0
237	23	0
237	24	0
237	25	0
237	26	0
237	27	1
237	28	1
237	29	1
237	30	1
237	31	0
237	32	0
237	33	1
237	34	1
237	35	1
237	36	0
237	37	1
237	38	0
237	39	0
237	40	1
238	1	0
238	2	0
238	3	1
238	4	1
238	5	0
238	6	1
238	7	0
238	8	1
238	9	0
238	10	1
238	11	1
238	12	0
238	13	0
238	14	0
238	15	1
238	16	0
238	17	1
238	18	0
238	19	1
238	20	0
238	21	0
238	22	0
238	23	0
238	24	1
238	25	0
238	26	0
238	27	1
238	28	1
238	29	1
238	30	0
238	31	0
238	32	1
238	33	1
238	34	0
238	35	0
238	36	0
238	37	0
238	38	0
238	39	0
238	40	0
239	1	1
239	2	1
239	3	0
239	4	0
239	5	0
239	6	0
239	7	0
239	8	0
239	9	0
239	10	0
239	11	0
239	12	1
239	13	0
239	14	0
239	15	0
239	16	1
239	17	0
239	18	1
239	19	0
239	20	0
239	21	0
239	22	0
239	23	0
239	24	0
239	25	0
239	26	0
239	27	0
239	28	0
239	29	0
239	30	1
239	31	0
239	32	0
239	33	0
239	34	0
239	35	0
239	36	0
239	37	0
239	38	0
239	39	0
239	40	0
240	1	0
240	2	0
240	3	0
240	4	0
240	5	0
240	6	0
240	7	0
240	8	0
240	9	0
240	10	0
240	11	0
240	12	1
240	13	0
240	14	0
240	15	0
240	16	0
240	17	0
240	18	0
240	19	0
240	20	0
240	21	0
240	22	1
240	23	0
240	24	0
240	25	0
240	26	0
240	27	0
240	28	0
240	29	0
240	30	1
240	31	0
240	32	0
240	33	0
240	34	0
240	35	0
240	36	0
240	37	0
240	38	0
240	39	0
240	40	0
241	1	1
241	2	1
241	3	1
241	4	1
241	5	1
241	6	1
241	7	1
241	8	0
241	9	1
241	10	1
241	11	0
241	12	1
241	13	1
241	14	1
241	15	0
241	16	1
241	17	0
241	18	1
241	19	1
241	20	1
241	21	1
241	22	1
241	23	1
241	24	0
241	25	1
241	26	1
241	27	1
241	28	1
241	29	1
241	30	1
241	31	1
241	32	1
241	33	1
241	34	1
241	35	1
241	36	1
241	37	1
241	38	1
241	39	1
241	40	1
242	1	1
242	2	1
242	3	1
242	4	1
242	5	1
242	6	1
242	7	1
242	8	0
242	9	1
242	10	1
242	11	0
242	12	1
242	13	1
242	14	1
242	15	0
242	16	1
242	17	0
242	18	1
242	19	1
242	20	1
242	21	1
242	22	1
242	23	1
242	24	0
242	25	1
242	26	1
242	27	1
242	28	1
242	29	1
242	30	1
242	31	1
242	32	1
242	33	1
242	34	1
242	35	1
242	36	1
242	37	1
242	38	1
242	39	1
242	40	1
243	1	1
243	2	1
243	3	0
243	4	1
243	5	0
243	6	0
243	7	0
243	8	0
243	9	0
243	10	1
243	11	0
243	12	1
243	13	0
243	14	0
243	15	0
243	16	0
243	17	0
243	18	1
243	19	1
243	20	0
243	21	0
243	22	0
243	23	0
243	24	0
243	25	0
243	26	0
243	27	1
243	28	1
243	29	1
243	30	1
243	31	0
243	32	0
243	33	1
243	34	1
243	35	1
243	36	0
243	37	0
243	38	0
243	39	0
243	40	0
244	1	1
244	2	1
244	3	0
244	4	1
244	5	0
244	6	0
244	7	1
244	8	0
244	9	1
244	10	1
244	11	0
244	12	1
244	13	1
244	14	1
244	15	0
244	16	0
244	17	0
244	18	1
244	19	1
244	20	0
244	21	0
244	22	0
244	23	0
244	24	0
244	25	0
244	26	0
244	27	1
244	28	1
244	29	1
244	30	1
244	31	0
244	32	0
244	33	1
244	34	1
244	35	1
244	36	0
244	37	1
244	38	0
244	39	0
244	40	1
245	1	1
245	2	1
245	3	0
245	4	0
245	5	0
245	6	0
245	7	0
245	8	0
245	9	0
245	10	0
245	11	0
245	12	1
245	13	0
245	14	0
245	15	0
245	16	1
245	17	0
245	18	1
245	19	0
245	20	0
245	21	0
245	22	1
245	23	0
245	24	0
245	25	0
245	26	0
245	27	0
245	28	0
245	29	0
245	30	1
245	31	0
245	32	0
245	33	0
245	34	1
245	35	1
245	36	0
245	37	0
245	38	0
245	39	0
245	40	0
246	1	0
246	2	0
246	3	0
246	4	0
246	5	0
246	6	0
246	7	1
246	8	0
246	9	1
246	10	0
246	11	0
246	12	0
246	13	1
246	14	1
246	15	0
246	16	0
246	17	1
246	18	0
246	19	0
246	20	0
246	21	0
246	22	0
246	23	0
246	24	1
246	25	0
246	26	0
246	27	0
246	28	0
246	29	0
246	30	0
246	31	0
246	32	0
246	33	0
246	34	0
246	35	0
246	36	0
246	37	1
246	38	0
246	39	0
246	40	1
247	1	1
247	2	1
247	3	0
247	4	0
247	5	1
247	6	0
247	7	0
247	8	1
247	9	0
247	10	0
247	11	1
247	12	1
247	13	0
247	14	0
247	15	1
247	16	1
247	17	1
247	18	1
247	19	0
247	20	1
247	21	0
247	22	1
247	23	1
247	24	1
247	25	1
247	26	1
247	27	0
247	28	0
247	29	0
247	30	1
247	31	1
247	32	0
247	33	0
247	34	1
247	35	1
247	36	1
247	37	0
247	38	1
247	39	0
247	40	0
248	1	1
248	2	1
248	3	0
248	4	0
248	5	0
248	6	0
248	7	0
248	8	0
248	9	0
248	10	0
248	11	0
248	12	1
248	13	0
248	14	0
248	15	0
248	16	1
248	17	0
248	18	1
248	19	0
248	20	0
248	21	0
248	22	1
248	23	0
248	24	0
248	25	0
248	26	0
248	27	0
248	28	0
248	29	0
248	30	1
248	31	0
248	32	0
248	33	0
248	34	1
248	35	1
248	36	0
248	37	0
248	38	0
248	39	0
248	40	0
249	1	1
249	2	1
249	3	0
249	4	1
249	5	0
249	6	0
249	7	0
249	8	0
249	9	0
249	10	1
249	11	0
249	12	1
249	13	0
249	14	0
249	15	0
249	16	0
249	17	0
249	18	1
249	19	1
249	20	0
249	21	0
249	22	0
249	23	0
249	24	0
249	25	0
249	26	0
249	27	1
249	28	1
249	29	1
249	30	1
249	31	0
249	32	0
249	33	1
249	34	1
249	35	1
249	36	0
249	37	0
249	38	0
249	39	0
249	40	0
250	1	0
250	2	0
250	3	0
250	4	0
250	5	0
250	6	0
250	7	1
250	8	0
250	9	0
250	10	0
250	11	0
250	12	0
250	13	1
250	14	1
250	15	0
250	16	0
250	17	1
250	18	0
250	19	0
250	20	0
250	21	0
250	22	0
250	23	0
250	24	1
250	25	0
250	26	0
250	27	0
250	28	0
250	29	0
250	30	0
250	31	0
250	32	0
250	33	0
250	34	0
250	35	0
250	36	0
250	37	1
250	38	0
250	39	0
250	40	0
251	1	1
251	2	1
251	3	0
251	4	0
251	5	0
251	6	0
251	7	0
251	8	0
251	9	0
251	10	0
251	11	0
251	12	1
251	13	0
251	14	0
251	15	0
251	16	1
251	17	0
251	18	1
251	19	0
251	20	0
251	21	0
251	22	1
251	23	0
251	24	0
251	25	0
251	26	0
251	27	0
251	28	0
251	29	0
251	30	1
251	31	0
251	32	0
251	33	0
251	34	1
251	35	1
251	36	0
251	37	0
251	38	0
251	39	0
251	40	0
252	1	1
252	2	1
252	3	0
252	4	0
252	5	0
252	6	0
252	7	0
252	8	0
252	9	0
252	10	0
252	11	0
252	12	1
252	13	0
252	14	0
252	15	0
252	16	0
252	17	0
252	18	1
252	19	0
252	20	0
252	21	0
252	22	0
252	23	0
252	24	1
252	25	0
252	26	0
252	27	0
252	28	0
252	29	0
252	30	1
252	31	0
252	32	0
252	33	0
252	34	0
252	35	0
252	36	1
252	37	0
252	38	1
252	39	0
252	40	0
253	1	1
253	2	1
253	3	1
253	4	1
253	5	0
253	6	1
253	7	1
253	8	0
253	9	1
253	10	1
253	11	0
253	12	1
253	13	1
253	14	1
253	15	0
253	16	1
253	17	0
253	18	1
253	19	1
253	20	0
253	21	1
253	22	1
253	23	0
253	24	0
253	25	0
253	26	0
253	27	1
253	28	1
253	29	1
253	30	1
253	31	0
253	32	1
253	33	1
253	34	1
253	35	1
253	36	0
253	37	1
253	38	0
253	39	1
253	40	1
254	1	0
254	2	0
254	3	0
254	4	0
254	5	0
254	6	0
254	7	1
254	8	1
254	9	0
254	10	0
254	11	1
254	12	0
254	13	1
254	14	1
254	15	0
254	16	0
254	17	1
254	18	0
254	19	0
254	20	0
254	21	0
254	22	0
254	23	0
254	24	1
254	25	0
254	26	0
254	27	0
254	28	0
254	29	0
254	30	0
254	31	0
254	32	0
254	33	0
254	34	0
254	35	0
254	36	0
254	37	1
254	38	0
254	39	0
254	40	1
255	1	0
255	2	0
255	3	0
255	4	0
255	5	0
255	6	0
255	7	1
255	8	1
255	9	1
255	10	0
255	11	1
255	12	0
255	13	1
255	14	1
255	15	1
255	16	0
255	17	1
255	18	0
255	19	0
255	20	0
255	21	1
255	22	0
255	23	0
255	24	1
255	25	0
255	26	0
255	27	0
255	28	0
255	29	0
255	30	0
255	31	0
255	32	0
255	33	0
255	34	0
255	35	0
255	36	0
255	37	1
255	38	0
255	39	1
255	40	1
256	1	1
256	2	1
256	3	1
256	4	1
256	5	0
256	6	1
256	7	1
256	8	0
256	9	1
256	10	1
256	11	0
256	12	1
256	13	1
256	14	1
256	15	0
256	16	1
256	17	0
256	18	1
256	19	1
256	20	0
256	21	1
256	22	1
256	23	0
256	24	0
256	25	0
256	26	0
256	27	1
256	28	1
256	29	1
256	30	1
256	31	0
256	32	1
256	33	1
256	34	1
256	35	1
256	36	0
256	37	1
256	38	0
256	39	1
256	40	1
257	1	0
257	2	0
257	3	1
257	4	0
257	5	0
257	6	1
257	7	0
257	8	0
257	9	0
257	10	0
257	11	0
257	12	1
257	13	1
257	14	0
257	15	0
257	16	0
257	17	0
257	18	0
257	19	0
257	20	0
257	21	1
257	22	0
257	23	0
257	24	0
257	25	0
257	26	0
257	27	1
257	28	0
257	29	0
257	30	1
257	31	0
257	32	0
257	33	1
257	34	0
257	35	0
257	36	1
257	37	1
257	38	1
257	39	1
257	40	0
258	1	1
258	2	1
258	3	0
258	4	0
258	5	0
258	6	0
258	7	0
258	8	0
258	9	0
258	10	0
258	11	0
258	12	1
258	13	0
258	14	0
258	15	0
258	16	1
258	17	0
258	18	1
258	19	0
258	20	0
258	21	0
258	22	1
258	23	0
258	24	0
258	25	0
258	26	0
258	27	0
258	28	0
258	29	0
258	30	1
258	31	0
258	32	0
258	33	0
258	34	1
258	35	1
258	36	0
258	37	0
258	38	0
258	39	0
258	40	0
259	1	1
259	2	1
259	3	0
259	4	0
259	5	1
259	6	0
259	7	0
259	8	0
259	9	0
259	10	0
259	11	0
259	12	1
259	13	0
259	14	0
259	15	1
259	16	1
259	17	1
259	18	1
259	19	0
259	20	1
259	21	0
259	22	0
259	23	0
259	24	1
259	25	1
259	26	0
259	27	0
259	28	0
259	29	0
259	30	1
259	31	0
259	32	0
259	33	0
259	34	1
259	35	0
259	36	1
259	37	0
259	38	1
259	39	0
259	40	0
260	1	0
260	2	0
260	3	1
260	4	1
260	5	0
260	6	1
260	7	0
260	8	1
260	9	0
260	10	1
260	11	1
260	12	0
260	13	0
260	14	0
260	15	1
260	16	0
260	17	1
260	18	0
260	19	1
260	20	0
260	21	0
260	22	0
260	23	0
260	24	1
260	25	0
260	26	0
260	27	1
260	28	1
260	29	1
260	30	0
260	31	0
260	32	1
260	33	1
260	34	0
260	35	0
260	36	0
260	37	0
260	38	0
260	39	0
260	40	0
261	1	1
261	2	1
261	3	1
261	4	1
261	5	0
261	6	1
261	7	1
261	8	0
261	9	1
261	10	1
261	11	0
261	12	1
261	13	1
261	14	1
261	15	0
261	16	1
261	17	0
261	18	1
261	19	1
261	20	0
261	21	1
261	22	1
261	23	0
261	24	0
261	25	0
261	26	0
261	27	1
261	28	1
261	29	1
261	30	1
261	31	0
261	32	1
261	33	1
261	34	1
261	35	1
261	36	0
261	37	1
261	38	0
261	39	1
261	40	1
262	1	0
262	2	0
262	3	0
262	4	0
262	5	0
262	6	0
262	7	1
262	8	1
262	9	1
262	10	0
262	11	1
262	12	0
262	13	1
262	14	1
262	15	1
262	16	0
262	17	1
262	18	0
262	19	0
262	20	0
262	21	1
262	22	0
262	23	0
262	24	1
262	25	0
262	26	0
262	27	0
262	28	0
262	29	0
262	30	0
262	31	0
262	32	0
262	33	0
262	34	0
262	35	0
262	36	0
262	37	1
262	38	0
262	39	1
262	40	1
263	1	1
263	2	1
263	3	1
263	4	1
263	5	1
263	6	1
263	7	1
263	8	0
263	9	1
263	10	0
263	11	0
263	12	1
263	13	1
263	14	1
263	15	0
263	16	1
263	17	0
263	18	1
263	19	0
263	20	1
263	21	0
263	22	0
263	23	0
263	24	0
263	25	1
263	26	0
263	27	0
263	28	0
263	29	0
263	30	1
263	31	0
263	32	0
263	33	0
263	34	1
263	35	0
263	36	1
263	37	1
263	38	1
263	39	1
263	40	1
264	1	1
264	2	1
264	3	1
264	4	1
264	5	0
264	6	1
264	7	1
264	8	0
264	9	1
264	10	1
264	11	0
264	12	1
264	13	1
264	14	1
264	15	0
264	16	1
264	17	0
264	18	1
264	19	1
264	20	0
264	21	1
264	22	1
264	23	0
264	24	0
264	25	0
264	26	0
264	27	1
264	28	1
264	29	1
264	30	1
264	31	0
264	32	1
264	33	1
264	34	1
264	35	1
264	36	0
264	37	1
264	38	0
264	39	1
264	40	1
265	1	1
265	2	1
265	3	1
265	4	1
265	5	1
265	6	1
265	7	1
265	8	0
265	9	1
265	10	1
265	11	0
265	12	1
265	13	1
265	14	1
265	15	0
265	16	1
265	17	0
265	18	1
265	19	0
265	20	1
265	21	1
265	22	1
265	23	1
265	24	0
265	25	1
265	26	1
265	27	0
265	28	1
265	29	0
265	30	1
265	31	1
265	32	0
265	33	0
265	34	1
265	35	1
265	36	1
265	37	1
265	38	1
265	39	1
265	40	1
266	1	1
266	2	1
266	3	1
266	4	1
266	5	1
266	6	1
266	7	1
266	8	0
266	9	1
266	10	1
266	11	0
266	12	1
266	13	1
266	14	1
266	15	0
266	16	1
266	17	0
266	18	1
266	19	1
266	20	1
266	21	1
266	22	1
266	23	1
266	24	0
266	25	1
266	26	1
266	27	1
266	28	1
266	29	1
266	30	1
266	31	1
266	32	1
266	33	1
266	34	1
266	35	1
266	36	1
266	37	1
266	38	1
266	39	1
266	40	1
267	1	0
267	2	0
267	3	0
267	4	0
267	5	0
267	6	0
267	7	1
267	8	1
267	9	1
267	10	0
267	11	1
267	12	0
267	13	1
267	14	1
267	15	1
267	16	0
267	17	1
267	18	0
267	19	0
267	20	0
267	21	1
267	22	0
267	23	0
267	24	1
267	25	0
267	26	0
267	27	0
267	28	0
267	29	0
267	30	0
267	31	0
267	32	0
267	33	0
267	34	0
267	35	0
267	36	0
267	37	1
267	38	0
267	39	1
267	40	1
268	1	0
268	2	0
268	3	0
268	4	0
268	5	0
268	6	0
268	7	1
268	8	1
268	9	1
268	10	0
268	11	1
268	12	0
268	13	1
268	14	1
268	15	1
268	16	0
268	17	1
268	18	0
268	19	0
268	20	0
268	21	1
268	22	0
268	23	0
268	24	1
268	25	0
268	26	0
268	27	0
268	28	0
268	29	0
268	30	0
268	31	0
268	32	0
268	33	0
268	34	0
268	35	0
268	36	0
268	37	1
268	38	0
268	39	1
268	40	1
269	1	1
269	2	1
269	3	1
269	4	1
269	5	1
269	6	1
269	7	1
269	8	0
269	9	1
269	10	1
269	11	0
269	12	1
269	13	1
269	14	1
269	15	0
269	16	1
269	17	0
269	18	1
269	19	0
269	20	1
269	21	1
269	22	1
269	23	1
269	24	0
269	25	1
269	26	1
269	27	0
269	28	1
269	29	0
269	30	1
269	31	1
269	32	0
269	33	0
269	34	1
269	35	1
269	36	1
269	37	1
269	38	1
269	39	1
269	40	1
270	1	1
270	2	0
270	3	1
270	4	1
270	5	0
270	6	0
270	7	1
270	8	0
270	9	0
270	10	1
270	11	0
270	12	1
270	13	1
270	14	1
270	15	0
270	16	1
270	17	0
270	18	1
270	19	1
270	20	0
270	21	0
270	22	1
270	23	0
270	24	0
270	25	0
270	26	0
270	27	0
270	28	0
270	29	1
270	30	1
270	31	0
270	32	1
270	33	1
270	34	0
270	35	1
270	36	0
270	37	1
270	38	0
270	39	0
270	40	1
271	1	0
271	2	0
271	3	0
271	4	0
271	5	0
271	6	0
271	7	1
271	8	0
271	9	1
271	10	0
271	11	0
271	12	0
271	13	1
271	14	1
271	15	1
271	16	0
271	17	1
271	18	0
271	19	0
271	20	0
271	21	0
271	22	0
271	23	0
271	24	1
271	25	0
271	26	0
271	27	0
271	28	0
271	29	0
271	30	0
271	31	0
271	32	0
271	33	0
271	34	0
271	35	0
271	36	0
271	37	1
271	38	0
271	39	1
271	40	1
272	1	1
272	2	1
272	3	1
272	4	1
272	5	1
272	6	1
272	7	1
272	8	0
272	9	1
272	10	1
272	11	0
272	12	1
272	13	1
272	14	1
272	15	0
272	16	1
272	17	0
272	18	1
272	19	0
272	20	1
272	21	1
272	22	1
272	23	1
272	24	0
272	25	1
272	26	1
272	27	0
272	28	1
272	29	0
272	30	1
272	31	1
272	32	0
272	33	0
272	34	1
272	35	1
272	36	1
272	37	1
272	38	1
272	39	1
272	40	1
273	1	1
273	2	0
273	3	0
273	4	0
273	5	0
273	6	0
273	7	0
273	8	0
273	9	0
273	10	0
273	11	0
273	12	1
273	13	0
273	14	0
273	15	0
273	16	1
273	17	0
273	18	1
273	19	0
273	20	0
273	21	0
273	22	1
273	23	0
273	24	0
273	25	0
273	26	0
273	27	0
273	28	0
273	29	0
273	30	1
273	31	0
273	32	0
273	33	0
273	34	0
273	35	1
273	36	0
273	37	0
273	38	0
273	39	0
273	40	0
274	1	1
274	2	1
274	3	1
274	4	0
274	5	0
274	6	1
274	7	0
274	8	0
274	9	1
274	10	0
274	11	0
274	12	1
274	13	1
274	14	0
274	15	0
274	16	1
274	17	0
274	18	1
274	19	0
274	20	0
274	21	1
274	22	0
274	23	0
274	24	0
274	25	0
274	26	0
274	27	1
274	28	0
274	29	0
274	30	1
274	31	0
274	32	1
274	33	1
274	34	0
274	35	0
274	36	0
274	37	1
274	38	0
274	39	1
274	40	0
275	1	1
275	2	1
275	3	0
275	4	0
275	5	1
275	6	0
275	7	0
275	8	0
275	9	0
275	10	0
275	11	0
275	12	1
275	13	0
275	14	0
275	15	1
275	16	1
275	17	0
275	18	1
275	19	0
275	20	0
275	21	0
275	22	0
275	23	0
275	24	1
275	25	0
275	26	1
275	27	0
275	28	0
275	29	0
275	30	1
275	31	0
275	32	0
275	33	0
275	34	0
275	35	0
275	36	1
275	37	0
275	38	1
275	39	0
275	40	0
276	1	1
276	2	1
276	3	1
276	4	1
276	5	0
276	6	1
276	7	0
276	8	0
276	9	0
276	10	1
276	11	0
276	12	1
276	13	0
276	14	0
276	15	0
276	16	1
276	17	0
276	18	1
276	19	1
276	20	0
276	21	0
276	22	1
276	23	0
276	24	0
276	25	0
276	26	0
276	27	1
276	28	1
276	29	1
276	30	1
276	31	0
276	32	1
276	33	1
276	34	1
276	35	1
276	36	0
276	37	0
276	38	0
276	39	0
276	40	0
277	1	0
277	2	0
277	3	0
277	4	0
277	5	0
277	6	0
277	7	1
277	8	1
277	9	1
277	10	0
277	11	1
277	12	0
277	13	1
277	14	1
277	15	1
277	16	0
277	17	1
277	18	0
277	19	0
277	20	0
277	21	1
277	22	0
277	23	0
277	24	1
277	25	0
277	26	0
277	27	0
277	28	0
277	29	0
277	30	0
277	31	0
277	32	0
277	33	0
277	34	0
277	35	0
277	36	0
277	37	1
277	38	0
277	39	1
277	40	1
278	1	0
278	2	0
278	3	1
278	4	1
278	5	0
278	6	1
278	7	0
278	8	1
278	9	0
278	10	1
278	11	1
278	12	0
278	13	0
278	14	0
278	15	1
278	16	0
278	17	1
278	18	0
278	19	1
278	20	0
278	21	0
278	22	0
278	23	0
278	24	1
278	25	0
278	26	0
278	27	1
278	28	1
278	29	1
278	30	0
278	31	0
278	32	1
278	33	1
278	34	0
278	35	0
278	36	0
278	37	0
278	38	0
278	39	0
278	40	0
279	1	0
279	2	0
279	3	1
279	4	1
279	5	0
279	6	1
279	7	0
279	8	1
279	9	0
279	10	1
279	11	1
279	12	0
279	13	0
279	14	0
279	15	1
279	16	0
279	17	1
279	18	0
279	19	1
279	20	0
279	21	0
279	22	0
279	23	0
279	24	1
279	25	0
279	26	0
279	27	1
279	28	1
279	29	1
279	30	0
279	31	0
279	32	1
279	33	1
279	34	0
279	35	0
279	36	0
279	37	0
279	38	0
279	39	0
279	40	0
280	1	1
280	2	1
280	3	0
280	4	0
280	5	0
280	6	0
280	7	0
280	8	0
280	9	0
280	10	0
280	11	0
280	12	1
280	13	0
280	14	0
280	15	0
280	16	1
280	17	0
280	18	1
280	19	0
280	20	0
280	21	0
280	22	1
280	23	0
280	24	0
280	25	0
280	26	0
280	27	0
280	28	0
280	29	0
280	30	1
280	31	0
280	32	0
280	33	0
280	34	1
280	35	1
280	36	0
280	37	0
280	38	0
280	39	0
280	40	0
281	1	0
281	2	0
281	3	1
281	4	1
281	5	0
281	6	1
281	7	0
281	8	0
281	9	0
281	10	0
281	11	0
281	12	0
281	13	0
281	14	0
281	15	1
281	16	0
281	17	1
281	18	0
281	19	1
281	20	0
281	21	0
281	22	0
281	23	0
281	24	1
281	25	0
281	26	0
281	27	1
281	28	0
281	29	1
281	30	0
281	31	0
281	32	0
281	33	1
281	34	0
281	35	0
281	36	0
281	37	0
281	38	0
281	39	0
281	40	0
282	1	1
282	2	1
282	3	1
282	4	1
282	5	1
282	6	1
282	7	1
282	8	0
282	9	1
282	10	1
282	11	0
282	12	1
282	13	1
282	14	1
282	15	0
282	16	1
282	17	0
282	18	1
282	19	0
282	20	1
282	21	1
282	22	1
282	23	1
282	24	0
282	25	1
282	26	1
282	27	0
282	28	1
282	29	0
282	30	1
282	31	1
282	32	0
282	33	0
282	34	1
282	35	1
282	36	1
282	37	1
282	38	1
282	39	1
282	40	1
283	1	1
283	2	1
283	3	1
283	4	1
283	5	0
283	6	1
283	7	1
283	8	0
283	9	1
283	10	1
283	11	0
283	12	1
283	13	1
283	14	1
283	15	0
283	16	1
283	17	0
283	18	1
283	19	1
283	20	0
283	21	1
283	22	1
283	23	0
283	24	0
283	25	0
283	26	0
283	27	1
283	28	1
283	29	1
283	30	1
283	31	0
283	32	1
283	33	1
283	34	1
283	35	1
283	36	0
283	37	1
283	38	0
283	39	1
283	40	1
284	1	1
284	2	1
284	3	1
284	4	1
284	5	1
284	6	1
284	7	1
284	8	0
284	9	1
284	10	1
284	11	0
284	12	1
284	13	1
284	14	1
284	15	0
284	16	1
284	17	0
284	18	1
284	19	1
284	20	1
284	21	1
284	22	1
284	23	1
284	24	0
284	25	1
284	26	1
284	27	1
284	28	1
284	29	1
284	30	1
284	31	1
284	32	1
284	33	1
284	34	1
284	35	1
284	36	1
284	37	1
284	38	1
284	39	1
284	40	1
285	1	1
285	2	1
285	3	0
285	4	0
285	5	1
285	6	0
285	7	0
285	8	0
285	9	0
285	10	0
285	11	0
285	12	1
285	13	0
285	14	0
285	15	1
285	16	1
285	17	0
285	18	1
285	19	0
285	20	0
285	21	0
285	22	0
285	23	0
285	24	1
285	25	0
285	26	1
285	27	0
285	28	0
285	29	0
285	30	1
285	31	0
285	32	0
285	33	0
285	34	0
285	35	0
285	36	1
285	37	0
285	38	1
285	39	0
285	40	0
286	1	0
286	2	0
286	3	1
286	4	1
286	5	0
286	6	1
286	7	0
286	8	1
286	9	0
286	10	1
286	11	1
286	12	0
286	13	0
286	14	0
286	15	1
286	16	0
286	17	1
286	18	0
286	19	1
286	20	0
286	21	0
286	22	0
286	23	0
286	24	1
286	25	0
286	26	0
286	27	1
286	28	1
286	29	1
286	30	0
286	31	0
286	32	1
286	33	1
286	34	0
286	35	0
286	36	0
286	37	0
286	38	0
286	39	0
286	40	0
287	1	1
287	2	1
287	3	1
287	4	1
287	5	0
287	6	1
287	7	1
287	8	0
287	9	1
287	10	1
287	11	0
287	12	1
287	13	1
287	14	1
287	15	0
287	16	1
287	17	0
287	18	1
287	19	1
287	20	0
287	21	1
287	22	1
287	23	0
287	24	0
287	25	0
287	26	0
287	27	1
287	28	1
287	29	1
287	30	1
287	31	0
287	32	1
287	33	1
287	34	1
287	35	1
287	36	0
287	37	1
287	38	0
287	39	1
287	40	1
288	1	1
288	2	1
288	3	1
288	4	1
288	5	1
288	6	1
288	7	1
288	8	0
288	9	1
288	10	1
288	11	0
288	12	1
288	13	1
288	14	1
288	15	0
288	16	1
288	17	0
288	18	1
288	19	1
288	20	1
288	21	1
288	22	1
288	23	1
288	24	0
288	25	1
288	26	1
288	27	1
288	28	1
288	29	1
288	30	1
288	31	1
288	32	1
288	33	1
288	34	1
288	35	1
288	36	1
288	37	1
288	38	1
288	39	1
288	40	1
289	1	1
289	2	1
289	3	1
289	4	1
289	5	0
289	6	1
289	7	1
289	8	0
289	9	1
289	10	1
289	11	0
289	12	1
289	13	1
289	14	1
289	15	0
289	16	1
289	17	0
289	18	1
289	19	1
289	20	0
289	21	1
289	22	1
289	23	0
289	24	0
289	25	0
289	26	0
289	27	1
289	28	1
289	29	1
289	30	1
289	31	0
289	32	1
289	33	1
289	34	1
289	35	1
289	36	0
289	37	1
289	38	0
289	39	1
289	40	1
290	1	1
290	2	1
290	3	1
290	4	1
290	5	1
290	6	1
290	7	1
290	8	0
290	9	1
290	10	1
290	11	0
290	12	1
290	13	1
290	14	1
290	15	0
290	16	1
290	17	0
290	18	1
290	19	0
290	20	1
290	21	1
290	22	1
290	23	1
290	24	0
290	25	1
290	26	1
290	27	0
290	28	1
290	29	0
290	30	1
290	31	1
290	32	0
290	33	0
290	34	1
290	35	1
290	36	1
290	37	1
290	38	1
290	39	1
290	40	1
291	1	1
291	2	1
291	3	1
291	4	1
291	5	1
291	6	1
291	7	1
291	8	0
291	9	1
291	10	1
291	11	0
291	12	1
291	13	1
291	14	1
291	15	0
291	16	1
291	17	0
291	18	1
291	19	0
291	20	1
291	21	1
291	22	1
291	23	1
291	24	0
291	25	1
291	26	1
291	27	0
291	28	1
291	29	0
291	30	1
291	31	1
291	32	0
291	33	0
291	34	1
291	35	1
291	36	1
291	37	1
291	38	1
291	39	1
291	40	1
292	1	0
292	2	0
292	3	1
292	4	1
292	5	0
292	6	0
292	7	1
292	8	0
292	9	0
292	10	0
292	11	0
292	12	1
292	13	1
292	14	1
292	15	0
292	16	0
292	17	0
292	18	0
292	19	1
292	20	0
292	21	0
292	22	1
292	23	0
292	24	0
292	25	0
292	26	0
292	27	0
292	28	0
292	29	0
292	30	1
292	31	0
292	32	0
292	33	1
292	34	0
292	35	0
292	36	0
292	37	1
292	38	0
292	39	0
292	40	0
293	1	1
293	2	1
293	3	1
293	4	1
293	5	1
293	6	1
293	7	1
293	8	0
293	9	1
293	10	1
293	11	0
293	12	1
293	13	1
293	14	1
293	15	0
293	16	1
293	17	0
293	18	1
293	19	1
293	20	1
293	21	1
293	22	1
293	23	1
293	24	0
293	25	1
293	26	1
293	27	1
293	28	1
293	29	1
293	30	1
293	31	1
293	32	1
293	33	1
293	34	1
293	35	1
293	36	1
293	37	1
293	38	1
293	39	1
293	40	1
294	1	1
294	2	1
294	3	0
294	4	0
294	5	1
294	6	0
294	7	0
294	8	1
294	9	0
294	10	0
294	11	1
294	12	1
294	13	0
294	14	0
294	15	1
294	16	1
294	17	1
294	18	1
294	19	0
294	20	1
294	21	0
294	22	1
294	23	1
294	24	1
294	25	1
294	26	1
294	27	0
294	28	0
294	29	0
294	30	1
294	31	1
294	32	0
294	33	0
294	34	1
294	35	1
294	36	1
294	37	0
294	38	1
294	39	0
294	40	0
295	1	1
295	2	1
295	3	1
295	4	1
295	5	0
295	6	1
295	7	1
295	8	0
295	9	1
295	10	1
295	11	0
295	12	1
295	13	1
295	14	1
295	15	0
295	16	1
295	17	0
295	18	1
295	19	1
295	20	0
295	21	1
295	22	1
295	23	0
295	24	0
295	25	0
295	26	0
295	27	1
295	28	1
295	29	1
295	30	1
295	31	0
295	32	1
295	33	1
295	34	1
295	35	1
295	36	0
295	37	1
295	38	0
295	39	1
295	40	1
296	1	0
296	2	0
296	3	1
296	4	1
296	5	0
296	6	1
296	7	0
296	8	1
296	9	0
296	10	1
296	11	1
296	12	0
296	13	0
296	14	0
296	15	1
296	16	0
296	17	1
296	18	0
296	19	1
296	20	0
296	21	0
296	22	0
296	23	0
296	24	1
296	25	0
296	26	0
296	27	1
296	28	1
296	29	1
296	30	0
296	31	0
296	32	1
296	33	1
296	34	0
296	35	0
296	36	0
296	37	0
296	38	0
296	39	0
296	40	0
297	1	0
297	2	0
297	3	1
297	4	1
297	5	0
297	6	1
297	7	0
297	8	1
297	9	0
297	10	1
297	11	1
297	12	0
297	13	0
297	14	0
297	15	1
297	16	0
297	17	1
297	18	0
297	19	1
297	20	0
297	21	0
297	22	0
297	23	0
297	24	1
297	25	0
297	26	0
297	27	1
297	28	1
297	29	1
297	30	0
297	31	0
297	32	1
297	33	1
297	34	0
297	35	0
297	36	0
297	37	0
297	38	0
297	39	0
297	40	0
298	1	0
298	2	0
298	3	0
298	4	0
298	5	0
298	6	0
298	7	0
298	8	0
298	9	1
298	10	0
298	11	0
298	12	0
298	13	1
298	14	0
298	15	1
298	16	0
298	17	0
298	18	0
298	19	0
298	20	0
298	21	1
298	22	0
298	23	0
298	24	1
298	25	0
298	26	0
298	27	0
298	28	0
298	29	0
298	30	0
298	31	0
298	32	0
298	33	0
298	34	0
298	35	0
298	36	0
298	37	1
298	38	0
298	39	1
298	40	0
299	1	0
299	2	0
299	3	0
299	4	0
299	5	0
299	6	0
299	7	1
299	8	0
299	9	1
299	10	0
299	11	0
299	12	0
299	13	1
299	14	1
299	15	1
299	16	0
299	17	1
299	18	0
299	19	0
299	20	0
299	21	0
299	22	0
299	23	0
299	24	1
299	25	0
299	26	0
299	27	0
299	28	0
299	29	0
299	30	0
299	31	0
299	32	0
299	33	0
299	34	0
299	35	0
299	36	0
299	37	1
299	38	0
299	39	1
299	40	1
300	1	1
300	2	1
300	3	1
300	4	1
300	5	0
300	6	1
300	7	0
300	8	0
300	9	0
300	10	1
300	11	0
300	12	1
300	13	0
300	14	0
300	15	0
300	16	1
300	17	0
300	18	1
300	19	1
300	20	0
300	21	0
300	22	1
300	23	0
300	24	0
300	25	0
300	26	0
300	27	1
300	28	1
300	29	1
300	30	1
300	31	0
300	32	1
300	33	1
300	34	1
300	35	1
300	36	0
300	37	0
300	38	0
300	39	0
300	40	0
301	1	1
301	2	1
301	3	1
301	4	0
301	5	0
301	6	1
301	7	0
301	8	0
301	9	1
301	10	0
301	11	0
301	12	1
301	13	1
301	14	0
301	15	0
301	16	1
301	17	0
301	18	1
301	19	0
301	20	0
301	21	1
301	22	0
301	23	0
301	24	0
301	25	0
301	26	0
301	27	1
301	28	0
301	29	0
301	30	1
301	31	0
301	32	1
301	33	1
301	34	0
301	35	0
301	36	0
301	37	1
301	38	0
301	39	1
301	40	0
302	1	1
302	2	1
302	3	1
302	4	1
302	5	0
302	6	1
302	7	0
302	8	0
302	9	0
302	10	1
302	11	0
302	12	1
302	13	0
302	14	0
302	15	0
302	16	1
302	17	0
302	18	1
302	19	1
302	20	0
302	21	0
302	22	1
302	23	0
302	24	0
302	25	0
302	26	0
302	27	1
302	28	1
302	29	1
302	30	1
302	31	0
302	32	1
302	33	1
302	34	1
302	35	1
302	36	0
302	37	0
302	38	0
302	39	0
302	40	0
303	1	1
303	2	0
303	3	1
303	4	1
303	5	0
303	6	0
303	7	1
303	8	0
303	9	0
303	10	1
303	11	0
303	12	1
303	13	1
303	14	1
303	15	0
303	16	1
303	17	0
303	18	1
303	19	1
303	20	0
303	21	0
303	22	1
303	23	0
303	24	0
303	25	0
303	26	0
303	27	0
303	28	0
303	29	1
303	30	1
303	31	0
303	32	1
303	33	1
303	34	0
303	35	1
303	36	0
303	37	1
303	38	0
303	39	0
303	40	1
304	1	0
304	2	0
304	3	0
304	4	0
304	5	0
304	6	0
304	7	1
304	8	0
304	9	1
304	10	0
304	11	0
304	12	0
304	13	1
304	14	1
304	15	1
304	16	0
304	17	1
304	18	0
304	19	0
304	20	0
304	21	0
304	22	0
304	23	0
304	24	1
304	25	0
304	26	0
304	27	0
304	28	0
304	29	0
304	30	0
304	31	0
304	32	0
304	33	0
304	34	0
304	35	0
304	36	0
304	37	1
304	38	0
304	39	1
304	40	1
305	1	1
305	2	1
305	3	0
305	4	0
305	5	0
305	6	0
305	7	0
305	8	0
305	9	0
305	10	0
305	11	0
305	12	1
305	13	0
305	14	0
305	15	0
305	16	1
305	17	0
305	18	1
305	19	0
305	20	0
305	21	0
305	22	1
305	23	0
305	24	0
305	25	0
305	26	0
305	27	0
305	28	0
305	29	0
305	30	1
305	31	0
305	32	0
305	33	0
305	34	1
305	35	1
305	36	0
305	37	0
305	38	0
305	39	0
305	40	0
306	1	1
306	2	1
306	3	1
306	4	1
306	5	0
306	6	1
306	7	1
306	8	0
306	9	1
306	10	1
306	11	0
306	12	1
306	13	1
306	14	1
306	15	0
306	16	1
306	17	0
306	18	1
306	19	1
306	20	0
306	21	1
306	22	1
306	23	0
306	24	0
306	25	0
306	26	0
306	27	1
306	28	1
306	29	1
306	30	1
306	31	0
306	32	1
306	33	1
306	34	1
306	35	1
306	36	0
306	37	1
306	38	0
306	39	1
306	40	1
307	1	1
307	2	1
307	3	1
307	4	1
307	5	1
307	6	1
307	7	1
307	8	0
307	9	1
307	10	1
307	11	0
307	12	1
307	13	1
307	14	1
307	15	0
307	16	1
307	17	0
307	18	1
307	19	0
307	20	1
307	21	1
307	22	1
307	23	1
307	24	0
307	25	1
307	26	1
307	27	0
307	28	1
307	29	0
307	30	1
307	31	1
307	32	0
307	33	0
307	34	1
307	35	1
307	36	1
307	37	1
307	38	1
307	39	1
307	40	1
308	1	1
308	2	1
308	3	1
308	4	1
308	5	0
308	6	1
308	7	1
308	8	0
308	9	1
308	10	1
308	11	0
308	12	1
308	13	1
308	14	1
308	15	0
308	16	1
308	17	0
308	18	1
308	19	1
308	20	0
308	21	1
308	22	1
308	23	0
308	24	0
308	25	0
308	26	0
308	27	1
308	28	1
308	29	1
308	30	1
308	31	0
308	32	1
308	33	1
308	34	1
308	35	1
308	36	0
308	37	1
308	38	0
308	39	1
308	40	1
309	1	1
309	2	1
309	3	0
309	4	1
309	5	0
309	6	0
309	7	0
309	8	0
309	9	0
309	10	1
309	11	0
309	12	1
309	13	0
309	14	0
309	15	0
309	16	0
309	17	0
309	18	1
309	19	1
309	20	0
309	21	0
309	22	0
309	23	0
309	24	0
309	25	0
309	26	0
309	27	1
309	28	1
309	29	1
309	30	1
309	31	0
309	32	0
309	33	1
309	34	1
309	35	1
309	36	0
309	37	0
309	38	0
309	39	0
309	40	0
310	1	1
310	2	1
310	3	1
310	4	1
310	5	1
310	6	1
310	7	1
310	8	0
310	9	1
310	10	1
310	11	0
310	12	1
310	13	1
310	14	1
310	15	0
310	16	1
310	17	0
310	18	1
310	19	1
310	20	1
310	21	1
310	22	1
310	23	1
310	24	0
310	25	1
310	26	1
310	27	1
310	28	1
310	29	1
310	30	1
310	31	1
310	32	1
310	33	1
310	34	1
310	35	1
310	36	1
310	37	1
310	38	1
310	39	1
310	40	1
311	1	1
311	2	1
311	3	0
311	4	0
311	5	1
311	6	0
311	7	0
311	8	1
311	9	0
311	10	0
311	11	1
311	12	1
311	13	0
311	14	0
311	15	1
311	16	1
311	17	1
311	18	1
311	19	0
311	20	1
311	21	0
311	22	1
311	23	1
311	24	1
311	25	1
311	26	1
311	27	0
311	28	0
311	29	0
311	30	1
311	31	1
311	32	0
311	33	0
311	34	1
311	35	1
311	36	1
311	37	0
311	38	1
311	39	0
311	40	0
312	1	1
312	2	1
312	3	1
312	4	1
312	5	1
312	6	1
312	7	1
312	8	0
312	9	1
312	10	1
312	11	0
312	12	1
312	13	1
312	14	1
312	15	0
312	16	1
312	17	0
312	18	1
312	19	0
312	20	1
312	21	1
312	22	1
312	23	1
312	24	0
312	25	1
312	26	1
312	27	0
312	28	1
312	29	0
312	30	1
312	31	1
312	32	0
312	33	0
312	34	1
312	35	1
312	36	1
312	37	1
312	38	1
312	39	1
312	40	1
313	1	0
313	2	0
313	3	0
313	4	1
313	5	0
313	6	0
313	7	0
313	8	0
313	9	0
313	10	0
313	11	0
313	12	0
313	13	0
313	14	0
313	15	0
313	16	0
313	17	1
313	18	0
313	19	1
313	20	0
313	21	0
313	22	0
313	23	0
313	24	1
313	25	0
313	26	0
313	27	1
313	28	0
313	29	1
313	30	0
313	31	0
313	32	0
313	33	1
313	34	0
313	35	0
313	36	0
313	37	0
313	38	0
313	39	0
313	40	0
314	1	1
314	2	1
314	3	1
314	4	1
314	5	0
314	6	1
314	7	1
314	8	0
314	9	1
314	10	1
314	11	0
314	12	1
314	13	1
314	14	1
314	15	0
314	16	1
314	17	0
314	18	1
314	19	1
314	20	0
314	21	1
314	22	1
314	23	0
314	24	0
314	25	0
314	26	0
314	27	1
314	28	1
314	29	1
314	30	1
314	31	0
314	32	1
314	33	1
314	34	1
314	35	1
314	36	0
314	37	1
314	38	0
314	39	1
314	40	1
315	1	0
315	2	0
315	3	0
315	4	0
315	5	0
315	6	0
315	7	1
315	8	1
315	9	1
315	10	0
315	11	1
315	12	0
315	13	1
315	14	1
315	15	1
315	16	0
315	17	1
315	18	0
315	19	0
315	20	0
315	21	1
315	22	0
315	23	0
315	24	1
315	25	0
315	26	0
315	27	0
315	28	0
315	29	0
315	30	0
315	31	0
315	32	0
315	33	0
315	34	0
315	35	0
315	36	0
315	37	1
315	38	0
315	39	1
315	40	1
316	1	1
316	2	1
316	3	0
316	4	1
316	5	0
316	6	0
316	7	1
316	8	0
316	9	1
316	10	1
316	11	0
316	12	1
316	13	1
316	14	1
316	15	0
316	16	0
316	17	0
316	18	1
316	19	1
316	20	0
316	21	0
316	22	0
316	23	0
316	24	0
316	25	0
316	26	0
316	27	1
316	28	1
316	29	1
316	30	1
316	31	0
316	32	0
316	33	1
316	34	1
316	35	1
316	36	0
316	37	1
316	38	0
316	39	0
316	40	1
317	1	0
317	2	0
317	3	0
317	4	0
317	5	0
317	6	0
317	7	1
317	8	1
317	9	0
317	10	0
317	11	1
317	12	0
317	13	1
317	14	1
317	15	0
317	16	0
317	17	1
317	18	0
317	19	0
317	20	0
317	21	0
317	22	0
317	23	0
317	24	1
317	25	0
317	26	0
317	27	0
317	28	0
317	29	0
317	30	0
317	31	0
317	32	0
317	33	0
317	34	0
317	35	0
317	36	0
317	37	1
317	38	0
317	39	0
317	40	1
318	1	1
318	2	0
318	3	0
318	4	0
318	5	1
318	6	0
318	7	0
318	8	1
318	9	0
318	10	0
318	11	1
318	12	1
318	13	0
318	14	0
318	15	0
318	16	1
318	17	1
318	18	1
318	19	0
318	20	0
318	21	0
318	22	1
318	23	1
318	24	1
318	25	1
318	26	1
318	27	0
318	28	0
318	29	0
318	30	1
318	31	0
318	32	0
318	33	0
318	34	0
318	35	1
318	36	1
318	37	0
318	38	0
318	39	0
318	40	0
319	1	0
319	2	0
319	3	0
319	4	0
319	5	0
319	6	0
319	7	1
319	8	1
319	9	1
319	10	0
319	11	1
319	12	0
319	13	1
319	14	1
319	15	1
319	16	0
319	17	1
319	18	0
319	19	0
319	20	0
319	21	1
319	22	0
319	23	0
319	24	1
319	25	0
319	26	0
319	27	0
319	28	0
319	29	0
319	30	0
319	31	0
319	32	0
319	33	0
319	34	0
319	35	0
319	36	0
319	37	1
319	38	0
319	39	1
319	40	1
320	1	1
320	2	1
320	3	0
320	4	0
320	5	1
320	6	0
320	7	0
320	8	1
320	9	0
320	10	0
320	11	1
320	12	1
320	13	0
320	14	0
320	15	1
320	16	1
320	17	1
320	18	1
320	19	0
320	20	1
320	21	0
320	22	1
320	23	1
320	24	1
320	25	1
320	26	1
320	27	0
320	28	0
320	29	0
320	30	1
320	31	1
320	32	0
320	33	0
320	34	1
320	35	1
320	36	1
320	37	0
320	38	1
320	39	0
320	40	0
321	1	1
321	2	1
321	3	1
321	4	1
321	5	0
321	6	1
321	7	1
321	8	0
321	9	1
321	10	1
321	11	0
321	12	1
321	13	1
321	14	1
321	15	0
321	16	1
321	17	0
321	18	1
321	19	1
321	20	0
321	21	1
321	22	1
321	23	0
321	24	0
321	25	0
321	26	0
321	27	1
321	28	1
321	29	1
321	30	1
321	31	0
321	32	1
321	33	1
321	34	1
321	35	1
321	36	0
321	37	1
321	38	0
321	39	1
321	40	1
322	1	1
322	2	1
322	3	1
322	4	1
322	5	1
322	6	1
322	7	1
322	8	0
322	9	1
322	10	1
322	11	0
322	12	1
322	13	1
322	14	1
322	15	0
322	16	1
322	17	0
322	18	1
322	19	1
322	20	1
322	21	1
322	22	1
322	23	1
322	24	0
322	25	1
322	26	1
322	27	1
322	28	1
322	29	1
322	30	1
322	31	1
322	32	1
322	33	1
322	34	1
322	35	1
322	36	1
322	37	1
322	38	1
322	39	1
322	40	1
323	1	1
323	2	1
323	3	1
323	4	1
323	5	0
323	6	1
323	7	0
323	8	0
323	9	0
323	10	1
323	11	0
323	12	1
323	13	0
323	14	0
323	15	0
323	16	1
323	17	0
323	18	1
323	19	1
323	20	0
323	21	0
323	22	1
323	23	0
323	24	0
323	25	0
323	26	0
323	27	1
323	28	1
323	29	1
323	30	1
323	31	0
323	32	1
323	33	1
323	34	1
323	35	1
323	36	0
323	37	0
323	38	0
323	39	0
323	40	0
324	1	0
324	2	0
324	3	0
324	4	0
324	5	0
324	6	0
324	7	1
324	8	1
324	9	1
324	10	0
324	11	1
324	12	0
324	13	1
324	14	1
324	15	1
324	16	0
324	17	1
324	18	0
324	19	0
324	20	0
324	21	1
324	22	0
324	23	0
324	24	1
324	25	0
324	26	0
324	27	0
324	28	0
324	29	0
324	30	0
324	31	0
324	32	0
324	33	0
324	34	0
324	35	0
324	36	0
324	37	1
324	38	0
324	39	1
324	40	1
325	1	1
325	2	1
325	3	1
325	4	1
325	5	0
325	6	1
325	7	1
325	8	0
325	9	1
325	10	1
325	11	0
325	12	1
325	13	1
325	14	1
325	15	0
325	16	1
325	17	0
325	18	1
325	19	1
325	20	0
325	21	1
325	22	1
325	23	0
325	24	0
325	25	0
325	26	0
325	27	1
325	28	1
325	29	1
325	30	1
325	31	0
325	32	1
325	33	1
325	34	1
325	35	1
325	36	0
325	37	1
325	38	0
325	39	1
325	40	1
326	1	1
326	2	1
326	3	1
326	4	1
326	5	0
326	6	1
326	7	1
326	8	0
326	9	1
326	10	1
326	11	0
326	12	1
326	13	1
326	14	1
326	15	0
326	16	1
326	17	0
326	18	1
326	19	1
326	20	0
326	21	1
326	22	1
326	23	0
326	24	0
326	25	0
326	26	0
326	27	1
326	28	1
326	29	1
326	30	1
326	31	0
326	32	1
326	33	1
326	34	1
326	35	1
326	36	0
326	37	1
326	38	0
326	39	1
326	40	1
327	1	0
327	2	0
327	3	0
327	4	0
327	5	0
327	6	0
327	7	1
327	8	1
327	9	1
327	10	0
327	11	1
327	12	0
327	13	1
327	14	1
327	15	1
327	16	0
327	17	1
327	18	0
327	19	0
327	20	0
327	21	1
327	22	0
327	23	0
327	24	1
327	25	0
327	26	0
327	27	0
327	28	0
327	29	0
327	30	0
327	31	0
327	32	0
327	33	0
327	34	0
327	35	0
327	36	0
327	37	1
327	38	0
327	39	1
327	40	1
328	1	1
328	2	1
328	3	0
328	4	0
328	5	0
328	6	0
328	7	0
328	8	0
328	9	0
328	10	0
328	11	0
328	12	1
328	13	0
328	14	0
328	15	0
328	16	1
328	17	0
328	18	1
328	19	0
328	20	0
328	21	0
328	22	1
328	23	0
328	24	0
328	25	0
328	26	0
328	27	0
328	28	0
328	29	0
328	30	1
328	31	0
328	32	0
328	33	0
328	34	1
328	35	1
328	36	0
328	37	0
328	38	0
328	39	0
328	40	0
329	1	1
329	2	1
329	3	1
329	4	1
329	5	1
329	6	1
329	7	1
329	8	0
329	9	1
329	10	1
329	11	0
329	12	1
329	13	1
329	14	1
329	15	0
329	16	1
329	17	0
329	18	1
329	19	1
329	20	1
329	21	1
329	22	1
329	23	1
329	24	0
329	25	1
329	26	1
329	27	1
329	28	1
329	29	1
329	30	1
329	31	1
329	32	1
329	33	1
329	34	1
329	35	1
329	36	1
329	37	1
329	38	1
329	39	1
329	40	1
330	1	1
330	2	1
330	3	1
330	4	0
330	5	1
330	6	1
330	7	0
330	8	0
330	9	1
330	10	0
330	11	0
330	12	1
330	13	1
330	14	0
330	15	0
330	16	1
330	17	0
330	18	1
330	19	0
330	20	0
330	21	1
330	22	0
330	23	0
330	24	0
330	25	0
330	26	1
330	27	1
330	28	0
330	29	0
330	30	1
330	31	0
330	32	1
330	33	1
330	34	0
330	35	0
330	36	1
330	37	1
330	38	1
330	39	1
330	40	0
331	1	1
331	2	1
331	3	1
331	4	1
331	5	0
331	6	1
331	7	1
331	8	0
331	9	1
331	10	1
331	11	0
331	12	1
331	13	1
331	14	1
331	15	0
331	16	1
331	17	0
331	18	1
331	19	1
331	20	0
331	21	1
331	22	1
331	23	0
331	24	0
331	25	0
331	26	0
331	27	1
331	28	1
331	29	1
331	30	1
331	31	0
331	32	1
331	33	1
331	34	1
331	35	1
331	36	0
331	37	1
331	38	0
331	39	1
331	40	1
332	1	1
332	2	1
332	3	1
332	4	1
332	5	0
332	6	1
332	7	1
332	8	0
332	9	1
332	10	1
332	11	0
332	12	1
332	13	1
332	14	1
332	15	0
332	16	1
332	17	0
332	18	1
332	19	1
332	20	0
332	21	1
332	22	1
332	23	0
332	24	0
332	25	0
332	26	0
332	27	1
332	28	1
332	29	1
332	30	1
332	31	0
332	32	1
332	33	1
332	34	1
332	35	1
332	36	0
332	37	1
332	38	0
332	39	1
332	40	1
333	1	1
333	2	1
333	3	0
333	4	0
333	5	0
333	6	0
333	7	0
333	8	0
333	9	0
333	10	0
333	11	0
333	12	1
333	13	0
333	14	0
333	15	0
333	16	1
333	17	0
333	18	1
333	19	0
333	20	0
333	21	0
333	22	1
333	23	0
333	24	0
333	25	0
333	26	0
333	27	0
333	28	0
333	29	0
333	30	1
333	31	0
333	32	0
333	33	0
333	34	1
333	35	1
333	36	0
333	37	0
333	38	0
333	39	0
333	40	0
334	1	0
334	2	0
334	3	0
334	4	0
334	5	0
334	6	0
334	7	1
334	8	1
334	9	1
334	10	0
334	11	1
334	12	0
334	13	1
334	14	1
334	15	1
334	16	0
334	17	1
334	18	0
334	19	0
334	20	0
334	21	1
334	22	0
334	23	0
334	24	1
334	25	0
334	26	0
334	27	0
334	28	0
334	29	0
334	30	0
334	31	0
334	32	0
334	33	0
334	34	0
334	35	0
334	36	0
334	37	1
334	38	0
334	39	1
334	40	1
335	1	0
335	2	0
335	3	1
335	4	1
335	5	0
335	6	1
335	7	0
335	8	1
335	9	0
335	10	1
335	11	1
335	12	0
335	13	0
335	14	0
335	15	1
335	16	0
335	17	1
335	18	0
335	19	1
335	20	0
335	21	0
335	22	0
335	23	0
335	24	1
335	25	0
335	26	0
335	27	1
335	28	1
335	29	1
335	30	0
335	31	0
335	32	1
335	33	1
335	34	0
335	35	0
335	36	0
335	37	0
335	38	0
335	39	0
335	40	0
336	1	1
336	2	1
336	3	1
336	4	1
336	5	0
336	6	1
336	7	1
336	8	0
336	9	1
336	10	1
336	11	0
336	12	1
336	13	1
336	14	1
336	15	0
336	16	1
336	17	0
336	18	1
336	19	1
336	20	0
336	21	1
336	22	1
336	23	0
336	24	0
336	25	0
336	26	0
336	27	1
336	28	1
336	29	1
336	30	1
336	31	0
336	32	1
336	33	1
336	34	1
336	35	1
336	36	0
336	37	1
336	38	0
336	39	1
336	40	1
337	1	1
337	2	1
337	3	1
337	4	0
337	5	0
337	6	1
337	7	0
337	8	0
337	9	1
337	10	0
337	11	0
337	12	1
337	13	1
337	14	0
337	15	0
337	16	1
337	17	0
337	18	1
337	19	0
337	20	0
337	21	1
337	22	0
337	23	0
337	24	0
337	25	0
337	26	0
337	27	1
337	28	0
337	29	0
337	30	1
337	31	0
337	32	1
337	33	1
337	34	0
337	35	0
337	36	0
337	37	1
337	38	0
337	39	1
337	40	0
338	1	1
338	2	1
338	3	1
338	4	1
338	5	0
338	6	1
338	7	1
338	8	0
338	9	1
338	10	1
338	11	0
338	12	1
338	13	1
338	14	1
338	15	0
338	16	1
338	17	0
338	18	1
338	19	1
338	20	0
338	21	1
338	22	1
338	23	0
338	24	0
338	25	0
338	26	0
338	27	1
338	28	1
338	29	1
338	30	1
338	31	0
338	32	1
338	33	1
338	34	1
338	35	1
338	36	0
338	37	1
338	38	0
338	39	1
338	40	1
339	1	1
339	2	1
339	3	1
339	4	1
339	5	0
339	6	1
339	7	1
339	8	0
339	9	1
339	10	1
339	11	0
339	12	1
339	13	1
339	14	1
339	15	0
339	16	1
339	17	0
339	18	1
339	19	1
339	20	0
339	21	1
339	22	1
339	23	0
339	24	0
339	25	0
339	26	0
339	27	1
339	28	1
339	29	1
339	30	1
339	31	0
339	32	1
339	33	1
339	34	1
339	35	1
339	36	0
339	37	1
339	38	0
339	39	1
339	40	1
340	1	1
340	2	1
340	3	0
340	4	0
340	5	1
340	6	0
340	7	0
340	8	0
340	9	0
340	10	0
340	11	0
340	12	1
340	13	0
340	14	0
340	15	1
340	16	1
340	17	0
340	18	1
340	19	0
340	20	0
340	21	0
340	22	0
340	23	0
340	24	1
340	25	0
340	26	1
340	27	0
340	28	0
340	29	0
340	30	1
340	31	0
340	32	0
340	33	0
340	34	0
340	35	0
340	36	1
340	37	0
340	38	1
340	39	0
340	40	0
341	1	0
341	2	0
341	3	0
341	4	0
341	5	0
341	6	0
341	7	1
341	8	1
341	9	1
341	10	0
341	11	1
341	12	0
341	13	1
341	14	1
341	15	1
341	16	0
341	17	1
341	18	0
341	19	0
341	20	0
341	21	1
341	22	0
341	23	0
341	24	1
341	25	0
341	26	0
341	27	0
341	28	0
341	29	0
341	30	0
341	31	0
341	32	0
341	33	0
341	34	0
341	35	0
341	36	0
341	37	1
341	38	0
341	39	1
341	40	1
342	1	1
342	2	1
342	3	1
342	4	1
342	5	1
342	6	1
342	7	1
342	8	0
342	9	1
342	10	1
342	11	0
342	12	1
342	13	1
342	14	1
342	15	0
342	16	1
342	17	0
342	18	1
342	19	0
342	20	1
342	21	1
342	22	1
342	23	1
342	24	0
342	25	1
342	26	1
342	27	0
342	28	1
342	29	0
342	30	1
342	31	1
342	32	0
342	33	0
342	34	1
342	35	1
342	36	1
342	37	1
342	38	1
342	39	1
342	40	1
343	1	1
343	2	1
343	3	1
343	4	1
343	5	0
343	6	1
343	7	1
343	8	0
343	9	1
343	10	1
343	11	0
343	12	1
343	13	1
343	14	1
343	15	0
343	16	1
343	17	0
343	18	1
343	19	1
343	20	0
343	21	1
343	22	1
343	23	0
343	24	0
343	25	0
343	26	0
343	27	1
343	28	1
343	29	1
343	30	1
343	31	0
343	32	1
343	33	1
343	34	1
343	35	1
343	36	0
343	37	1
343	38	0
343	39	1
343	40	1
344	1	1
344	2	1
344	3	1
344	4	1
344	5	1
344	6	1
344	7	1
344	8	0
344	9	1
344	10	1
344	11	0
344	12	1
344	13	1
344	14	1
344	15	0
344	16	1
344	17	0
344	18	1
344	19	0
344	20	1
344	21	1
344	22	1
344	23	1
344	24	0
344	25	1
344	26	1
344	27	0
344	28	1
344	29	0
344	30	1
344	31	1
344	32	0
344	33	0
344	34	1
344	35	1
344	36	1
344	37	1
344	38	1
344	39	1
344	40	1
345	1	1
345	2	1
345	3	1
345	4	1
345	5	0
345	6	1
345	7	1
345	8	0
345	9	1
345	10	1
345	11	0
345	12	1
345	13	1
345	14	1
345	15	0
345	16	1
345	17	0
345	18	1
345	19	1
345	20	0
345	21	1
345	22	1
345	23	0
345	24	0
345	25	0
345	26	0
345	27	1
345	28	1
345	29	1
345	30	1
345	31	0
345	32	1
345	33	1
345	34	1
345	35	1
345	36	0
345	37	1
345	38	0
345	39	1
345	40	1
346	1	0
346	2	0
346	3	0
346	4	0
346	5	0
346	6	0
346	7	0
346	8	0
346	9	1
346	10	0
346	11	0
346	12	0
346	13	1
346	14	0
346	15	1
346	16	0
346	17	0
346	18	0
346	19	0
346	20	0
346	21	1
346	22	0
346	23	0
346	24	1
346	25	0
346	26	0
346	27	0
346	28	0
346	29	0
346	30	0
346	31	0
346	32	0
346	33	0
346	34	0
346	35	0
346	36	0
346	37	1
346	38	0
346	39	1
346	40	0
347	1	0
347	2	0
347	3	0
347	4	0
347	5	0
347	6	0
347	7	1
347	8	1
347	9	1
347	10	0
347	11	1
347	12	0
347	13	1
347	14	1
347	15	1
347	16	0
347	17	1
347	18	0
347	19	0
347	20	0
347	21	1
347	22	0
347	23	0
347	24	1
347	25	0
347	26	0
347	27	0
347	28	0
347	29	0
347	30	0
347	31	0
347	32	0
347	33	0
347	34	0
347	35	0
347	36	0
347	37	1
347	38	0
347	39	1
347	40	1
348	1	1
348	2	1
348	3	1
348	4	1
348	5	1
348	6	1
348	7	1
348	8	0
348	9	1
348	10	1
348	11	0
348	12	1
348	13	1
348	14	1
348	15	0
348	16	1
348	17	0
348	18	1
348	19	0
348	20	1
348	21	1
348	22	1
348	23	1
348	24	0
348	25	1
348	26	1
348	27	0
348	28	1
348	29	0
348	30	1
348	31	1
348	32	0
348	33	0
348	34	1
348	35	1
348	36	1
348	37	1
348	38	1
348	39	1
348	40	1
349	1	1
349	2	1
349	3	1
349	4	1
349	5	1
349	6	1
349	7	1
349	8	0
349	9	1
349	10	1
349	11	0
349	12	1
349	13	1
349	14	1
349	15	0
349	16	1
349	17	0
349	18	1
349	19	1
349	20	1
349	21	1
349	22	1
349	23	1
349	24	0
349	25	1
349	26	1
349	27	1
349	28	1
349	29	1
349	30	1
349	31	1
349	32	1
349	33	1
349	34	1
349	35	1
349	36	1
349	37	1
349	38	1
349	39	1
349	40	1
350	1	1
350	2	1
350	3	1
350	4	1
350	5	1
350	6	1
350	7	1
350	8	0
350	9	1
350	10	1
350	11	0
350	12	1
350	13	1
350	14	1
350	15	0
350	16	1
350	17	0
350	18	1
350	19	0
350	20	1
350	21	1
350	22	1
350	23	1
350	24	0
350	25	1
350	26	1
350	27	0
350	28	1
350	29	0
350	30	1
350	31	1
350	32	0
350	33	0
350	34	1
350	35	1
350	36	1
350	37	1
350	38	1
350	39	1
350	40	1
351	1	1
351	2	1
351	3	0
351	4	0
351	5	1
351	6	0
351	7	0
351	8	1
351	9	0
351	10	0
351	11	1
351	12	1
351	13	0
351	14	0
351	15	1
351	16	1
351	17	1
351	18	1
351	19	0
351	20	1
351	21	0
351	22	1
351	23	1
351	24	1
351	25	1
351	26	1
351	27	0
351	28	0
351	29	0
351	30	1
351	31	1
351	32	0
351	33	0
351	34	1
351	35	1
351	36	1
351	37	0
351	38	1
351	39	0
351	40	0
352	1	0
352	2	0
352	3	0
352	4	0
352	5	0
352	6	0
352	7	1
352	8	1
352	9	1
352	10	0
352	11	1
352	12	0
352	13	1
352	14	1
352	15	1
352	16	0
352	17	1
352	18	0
352	19	0
352	20	0
352	21	1
352	22	0
352	23	0
352	24	1
352	25	0
352	26	0
352	27	0
352	28	0
352	29	0
352	30	0
352	31	0
352	32	0
352	33	0
352	34	0
352	35	0
352	36	0
352	37	1
352	38	0
352	39	1
352	40	1
353	1	1
353	2	1
353	3	0
353	4	0
353	5	0
353	6	0
353	7	0
353	8	0
353	9	0
353	10	0
353	11	0
353	12	1
353	13	0
353	14	0
353	15	0
353	16	1
353	17	0
353	18	1
353	19	0
353	20	0
353	21	0
353	22	1
353	23	0
353	24	0
353	25	0
353	26	0
353	27	0
353	28	0
353	29	0
353	30	1
353	31	0
353	32	0
353	33	0
353	34	1
353	35	1
353	36	0
353	37	0
353	38	0
353	39	0
353	40	0
354	1	1
354	2	1
354	3	1
354	4	1
354	5	0
354	6	1
354	7	1
354	8	0
354	9	1
354	10	1
354	11	0
354	12	1
354	13	1
354	14	1
354	15	0
354	16	1
354	17	0
354	18	1
354	19	1
354	20	0
354	21	1
354	22	1
354	23	0
354	24	0
354	25	0
354	26	0
354	27	1
354	28	1
354	29	1
354	30	1
354	31	0
354	32	1
354	33	1
354	34	1
354	35	1
354	36	0
354	37	1
354	38	0
354	39	1
354	40	1
355	1	0
355	2	0
355	3	0
355	4	0
355	5	0
355	6	0
355	7	1
355	8	1
355	9	0
355	10	0
355	11	1
355	12	0
355	13	1
355	14	1
355	15	0
355	16	0
355	17	1
355	18	0
355	19	0
355	20	0
355	21	0
355	22	0
355	23	0
355	24	1
355	25	0
355	26	0
355	27	0
355	28	0
355	29	0
355	30	0
355	31	0
355	32	0
355	33	0
355	34	0
355	35	0
355	36	0
355	37	1
355	38	0
355	39	0
355	40	1
356	1	1
356	2	1
356	3	0
356	4	0
356	5	0
356	6	0
356	7	0
356	8	0
356	9	0
356	10	0
356	11	0
356	12	1
356	13	0
356	14	0
356	15	0
356	16	1
356	17	0
356	18	1
356	19	0
356	20	0
356	21	0
356	22	0
356	23	0
356	24	0
356	25	0
356	26	0
356	27	0
356	28	0
356	29	0
356	30	1
356	31	0
356	32	0
356	33	0
356	34	1
356	35	0
356	36	0
356	37	0
356	38	0
356	39	0
356	40	0
357	1	1
357	2	1
357	3	1
357	4	1
357	5	0
357	6	1
357	7	0
357	8	0
357	9	0
357	10	1
357	11	0
357	12	1
357	13	0
357	14	0
357	15	0
357	16	1
357	17	0
357	18	1
357	19	1
357	20	0
357	21	0
357	22	1
357	23	0
357	24	0
357	25	0
357	26	0
357	27	1
357	28	1
357	29	1
357	30	1
357	31	0
357	32	1
357	33	1
357	34	1
357	35	1
357	36	0
357	37	0
357	38	0
357	39	0
357	40	0
358	1	1
358	2	1
358	3	1
358	4	1
358	5	0
358	6	1
358	7	0
358	8	0
358	9	0
358	10	1
358	11	0
358	12	1
358	13	0
358	14	0
358	15	0
358	16	1
358	17	0
358	18	1
358	19	1
358	20	0
358	21	0
358	22	1
358	23	0
358	24	0
358	25	0
358	26	0
358	27	1
358	28	1
358	29	1
358	30	1
358	31	0
358	32	1
358	33	1
358	34	1
358	35	1
358	36	0
358	37	0
358	38	0
358	39	0
358	40	0
359	1	0
359	2	0
359	3	1
359	4	1
359	5	0
359	6	1
359	7	0
359	8	1
359	9	0
359	10	1
359	11	1
359	12	0
359	13	0
359	14	0
359	15	1
359	16	0
359	17	1
359	18	0
359	19	1
359	20	0
359	21	0
359	22	0
359	23	0
359	24	1
359	25	0
359	26	0
359	27	1
359	28	1
359	29	1
359	30	0
359	31	0
359	32	1
359	33	1
359	34	0
359	35	0
359	36	0
359	37	0
359	38	0
359	39	0
359	40	0
360	1	1
360	2	1
360	3	1
360	4	1
360	5	1
360	6	1
360	7	1
360	8	0
360	9	1
360	10	1
360	11	0
360	12	1
360	13	1
360	14	1
360	15	0
360	16	1
360	17	0
360	18	1
360	19	0
360	20	1
360	21	1
360	22	1
360	23	1
360	24	0
360	25	1
360	26	1
360	27	0
360	28	1
360	29	0
360	30	1
360	31	1
360	32	0
360	33	0
360	34	1
360	35	1
360	36	1
360	37	1
360	38	1
360	39	1
360	40	1
361	1	1
361	2	1
361	3	0
361	4	0
361	5	0
361	6	0
361	7	0
361	8	0
361	9	0
361	10	0
361	11	0
361	12	1
361	13	0
361	14	0
361	15	0
361	16	1
361	17	0
361	18	1
361	19	0
361	20	0
361	21	0
361	22	1
361	23	0
361	24	0
361	25	0
361	26	0
361	27	0
361	28	0
361	29	0
361	30	1
361	31	0
361	32	0
361	33	0
361	34	1
361	35	1
361	36	0
361	37	0
361	38	0
361	39	0
361	40	0
362	1	1
362	2	1
362	3	1
362	4	1
362	5	0
362	6	1
362	7	0
362	8	0
362	9	0
362	10	0
362	11	0
362	12	1
362	13	0
362	14	0
362	15	0
362	16	1
362	17	0
362	18	1
362	19	1
362	20	0
362	21	0
362	22	0
362	23	0
362	24	0
362	25	0
362	26	0
362	27	1
362	28	0
362	29	1
362	30	1
362	31	0
362	32	0
362	33	1
362	34	1
362	35	0
362	36	0
362	37	0
362	38	0
362	39	0
362	40	0
363	1	0
363	2	0
363	3	1
363	4	1
363	5	0
363	6	1
363	7	0
363	8	1
363	9	0
363	10	0
363	11	1
363	12	0
363	13	0
363	14	0
363	15	0
363	16	0
363	17	1
363	18	0
363	19	1
363	20	0
363	21	0
363	22	0
363	23	0
363	24	1
363	25	0
363	26	0
363	27	1
363	28	1
363	29	0
363	30	0
363	31	0
363	32	0
363	33	1
363	34	0
363	35	0
363	36	0
363	37	0
363	38	0
363	39	0
363	40	0
364	1	1
364	2	1
364	3	0
364	4	0
364	5	1
364	6	0
364	7	0
364	8	0
364	9	0
364	10	0
364	11	0
364	12	1
364	13	0
364	14	0
364	15	1
364	16	1
364	17	1
364	18	1
364	19	0
364	20	1
364	21	0
364	22	0
364	23	0
364	24	1
364	25	1
364	26	0
364	27	0
364	28	0
364	29	0
364	30	1
364	31	0
364	32	0
364	33	0
364	34	1
364	35	0
364	36	1
364	37	0
364	38	1
364	39	0
364	40	0
365	1	0
365	2	0
365	3	1
365	4	1
365	5	0
365	6	1
365	7	0
365	8	1
365	9	0
365	10	1
365	11	1
365	12	0
365	13	0
365	14	0
365	15	1
365	16	0
365	17	1
365	18	0
365	19	1
365	20	0
365	21	0
365	22	0
365	23	0
365	24	1
365	25	0
365	26	0
365	27	1
365	28	1
365	29	1
365	30	0
365	31	0
365	32	1
365	33	1
365	34	0
365	35	0
365	36	0
365	37	0
365	38	0
365	39	0
365	40	0
366	1	1
366	2	1
366	3	0
366	4	0
366	5	0
366	6	0
366	7	0
366	8	0
366	9	0
366	10	0
366	11	0
366	12	1
366	13	0
366	14	0
366	15	0
366	16	1
366	17	0
366	18	1
366	19	0
366	20	0
366	21	0
366	22	1
366	23	0
366	24	0
366	25	0
366	26	0
366	27	0
366	28	0
366	29	0
366	30	1
366	31	0
366	32	0
366	33	0
366	34	1
366	35	1
366	36	0
366	37	0
366	38	0
366	39	0
366	40	0
367	1	0
367	2	0
367	3	0
367	4	0
367	5	0
367	6	0
367	7	1
367	8	0
367	9	1
367	10	0
367	11	0
367	12	0
367	13	1
367	14	1
367	15	0
367	16	0
367	17	1
367	18	0
367	19	0
367	20	0
367	21	0
367	22	0
367	23	0
367	24	1
367	25	0
367	26	0
367	27	0
367	28	0
367	29	0
367	30	0
367	31	0
367	32	0
367	33	0
367	34	0
367	35	0
367	36	0
367	37	1
367	38	0
367	39	0
367	40	1
368	1	1
368	2	1
368	3	0
368	4	0
368	5	1
368	6	0
368	7	0
368	8	0
368	9	0
368	10	0
368	11	0
368	12	1
368	13	0
368	14	0
368	15	1
368	16	1
368	17	1
368	18	1
368	19	0
368	20	1
368	21	0
368	22	0
368	23	0
368	24	1
368	25	1
368	26	0
368	27	0
368	28	0
368	29	0
368	30	1
368	31	0
368	32	0
368	33	0
368	34	1
368	35	0
368	36	1
368	37	0
368	38	1
368	39	0
368	40	0
369	1	1
369	2	1
369	3	1
369	4	1
369	5	1
369	6	1
369	7	1
369	8	0
369	9	1
369	10	1
369	11	0
369	12	1
369	13	1
369	14	1
369	15	0
369	16	1
369	17	0
369	18	1
369	19	1
369	20	1
369	21	1
369	22	1
369	23	1
369	24	0
369	25	1
369	26	1
369	27	1
369	28	1
369	29	1
369	30	1
369	31	1
369	32	1
369	33	1
369	34	1
369	35	1
369	36	1
369	37	1
369	38	1
369	39	1
369	40	1
370	1	0
370	2	0
370	3	0
370	4	0
370	5	0
370	6	0
370	7	1
370	8	1
370	9	0
370	10	0
370	11	1
370	12	0
370	13	1
370	14	1
370	15	0
370	16	0
370	17	1
370	18	0
370	19	0
370	20	0
370	21	0
370	22	0
370	23	0
370	24	1
370	25	0
370	26	0
370	27	0
370	28	0
370	29	0
370	30	0
370	31	0
370	32	0
370	33	0
370	34	0
370	35	0
370	36	0
370	37	1
370	38	0
370	39	0
370	40	1
371	1	1
371	2	1
371	3	0
371	4	0
371	5	0
371	6	0
371	7	0
371	8	0
371	9	0
371	10	0
371	11	0
371	12	1
371	13	0
371	14	0
371	15	0
371	16	1
371	17	0
371	18	1
371	19	0
371	20	0
371	21	0
371	22	0
371	23	0
371	24	0
371	25	0
371	26	0
371	27	0
371	28	0
371	29	0
371	30	1
371	31	0
371	32	0
371	33	0
371	34	1
371	35	0
371	36	0
371	37	0
371	38	0
371	39	0
371	40	0
372	1	0
372	2	0
372	3	0
372	4	0
372	5	0
372	6	0
372	7	1
372	8	1
372	9	1
372	10	0
372	11	1
372	12	0
372	13	1
372	14	1
372	15	1
372	16	0
372	17	1
372	18	0
372	19	0
372	20	0
372	21	1
372	22	0
372	23	0
372	24	1
372	25	0
372	26	0
372	27	0
372	28	0
372	29	0
372	30	0
372	31	0
372	32	0
372	33	0
372	34	0
372	35	0
372	36	0
372	37	1
372	38	0
372	39	1
372	40	1
373	1	1
373	2	1
373	3	1
373	4	1
373	5	0
373	6	1
373	7	1
373	8	0
373	9	1
373	10	1
373	11	0
373	12	1
373	13	1
373	14	1
373	15	0
373	16	1
373	17	0
373	18	1
373	19	1
373	20	0
373	21	1
373	22	1
373	23	0
373	24	0
373	25	0
373	26	0
373	27	1
373	28	1
373	29	1
373	30	1
373	31	0
373	32	1
373	33	1
373	34	1
373	35	1
373	36	0
373	37	1
373	38	0
373	39	1
373	40	1
374	1	0
374	2	0
374	3	0
374	4	0
374	5	0
374	6	0
374	7	1
374	8	1
374	9	1
374	10	0
374	11	1
374	12	0
374	13	1
374	14	1
374	15	1
374	16	0
374	17	1
374	18	0
374	19	0
374	20	0
374	21	1
374	22	0
374	23	0
374	24	1
374	25	0
374	26	0
374	27	0
374	28	0
374	29	0
374	30	0
374	31	0
374	32	0
374	33	0
374	34	0
374	35	0
374	36	0
374	37	1
374	38	0
374	39	1
374	40	1
375	1	1
375	2	1
375	3	1
375	4	1
375	5	0
375	6	1
375	7	1
375	8	0
375	9	1
375	10	1
375	11	0
375	12	1
375	13	1
375	14	1
375	15	0
375	16	1
375	17	0
375	18	1
375	19	1
375	20	0
375	21	1
375	22	1
375	23	0
375	24	0
375	25	0
375	26	0
375	27	1
375	28	1
375	29	1
375	30	1
375	31	0
375	32	1
375	33	1
375	34	1
375	35	1
375	36	0
375	37	1
375	38	0
375	39	1
375	40	1
376	1	1
376	2	1
376	3	1
376	4	1
376	5	0
376	6	1
376	7	1
376	8	0
376	9	1
376	10	1
376	11	0
376	12	1
376	13	1
376	14	1
376	15	0
376	16	1
376	17	0
376	18	1
376	19	1
376	20	0
376	21	1
376	22	1
376	23	0
376	24	0
376	25	0
376	26	0
376	27	1
376	28	1
376	29	1
376	30	1
376	31	0
376	32	1
376	33	1
376	34	1
376	35	1
376	36	0
376	37	1
376	38	0
376	39	1
376	40	1
377	1	1
377	2	1
377	3	1
377	4	1
377	5	0
377	6	1
377	7	0
377	8	0
377	9	0
377	10	1
377	11	0
377	12	1
377	13	0
377	14	0
377	15	0
377	16	1
377	17	0
377	18	1
377	19	1
377	20	0
377	21	0
377	22	1
377	23	0
377	24	0
377	25	0
377	26	0
377	27	1
377	28	1
377	29	1
377	30	1
377	31	0
377	32	1
377	33	1
377	34	1
377	35	1
377	36	0
377	37	0
377	38	0
377	39	0
377	40	0
378	1	1
378	2	1
378	3	1
378	4	1
378	5	0
378	6	1
378	7	0
378	8	0
378	9	0
378	10	1
378	11	0
378	12	1
378	13	0
378	14	0
378	15	0
378	16	1
378	17	0
378	18	1
378	19	1
378	20	0
378	21	0
378	22	1
378	23	0
378	24	0
378	25	0
378	26	0
378	27	1
378	28	1
378	29	1
378	30	1
378	31	0
378	32	1
378	33	1
378	34	1
378	35	1
378	36	0
378	37	0
378	38	0
378	39	0
378	40	0
379	1	0
379	2	0
379	3	0
379	4	0
379	5	0
379	6	0
379	7	1
379	8	0
379	9	0
379	10	0
379	11	0
379	12	0
379	13	1
379	14	1
379	15	0
379	16	0
379	17	1
379	18	0
379	19	0
379	20	0
379	21	0
379	22	0
379	23	0
379	24	1
379	25	0
379	26	0
379	27	0
379	28	0
379	29	0
379	30	0
379	31	0
379	32	0
379	33	0
379	34	0
379	35	0
379	36	0
379	37	1
379	38	0
379	39	0
379	40	1
380	1	1
380	2	1
380	3	1
380	4	1
380	5	0
380	6	1
380	7	1
380	8	0
380	9	1
380	10	1
380	11	0
380	12	1
380	13	1
380	14	1
380	15	0
380	16	1
380	17	0
380	18	1
380	19	1
380	20	0
380	21	1
380	22	1
380	23	0
380	24	0
380	25	0
380	26	0
380	27	1
380	28	1
380	29	1
380	30	1
380	31	0
380	32	1
380	33	1
380	34	1
380	35	1
380	36	0
380	37	1
380	38	0
380	39	1
380	40	1
381	1	1
381	2	1
381	3	1
381	4	1
381	5	1
381	6	1
381	7	1
381	8	0
381	9	1
381	10	1
381	11	0
381	12	1
381	13	1
381	14	1
381	15	0
381	16	1
381	17	0
381	18	1
381	19	1
381	20	1
381	21	1
381	22	1
381	23	1
381	24	0
381	25	1
381	26	1
381	27	1
381	28	1
381	29	1
381	30	1
381	31	1
381	32	1
381	33	1
381	34	1
381	35	1
381	36	1
381	37	1
381	38	1
381	39	1
381	40	1
382	1	1
382	2	1
382	3	1
382	4	1
382	5	1
382	6	1
382	7	1
382	8	0
382	9	1
382	10	1
382	11	0
382	12	1
382	13	1
382	14	1
382	15	0
382	16	1
382	17	0
382	18	1
382	19	0
382	20	1
382	21	1
382	22	1
382	23	1
382	24	0
382	25	1
382	26	1
382	27	0
382	28	1
382	29	0
382	30	1
382	31	1
382	32	0
382	33	0
382	34	1
382	35	1
382	36	1
382	37	1
382	38	1
382	39	1
382	40	1
383	1	0
383	2	0
383	3	1
383	4	1
383	5	0
383	6	1
383	7	0
383	8	1
383	9	0
383	10	1
383	11	1
383	12	0
383	13	0
383	14	0
383	15	1
383	16	0
383	17	1
383	18	0
383	19	1
383	20	0
383	21	0
383	22	0
383	23	0
383	24	1
383	25	0
383	26	0
383	27	1
383	28	1
383	29	1
383	30	0
383	31	0
383	32	1
383	33	1
383	34	0
383	35	0
383	36	0
383	37	0
383	38	0
383	39	0
383	40	0
384	1	1
384	2	1
384	3	1
384	4	1
384	5	0
384	6	1
384	7	1
384	8	0
384	9	1
384	10	1
384	11	0
384	12	1
384	13	1
384	14	1
384	15	0
384	16	1
384	17	0
384	18	1
384	19	1
384	20	0
384	21	1
384	22	1
384	23	0
384	24	0
384	25	0
384	26	0
384	27	1
384	28	1
384	29	1
384	30	1
384	31	0
384	32	1
384	33	1
384	34	1
384	35	1
384	36	0
384	37	1
384	38	0
384	39	1
384	40	1
385	1	1
385	2	1
385	3	1
385	4	1
385	5	0
385	6	1
385	7	0
385	8	0
385	9	0
385	10	1
385	11	0
385	12	1
385	13	0
385	14	0
385	15	0
385	16	1
385	17	0
385	18	1
385	19	1
385	20	0
385	21	0
385	22	1
385	23	0
385	24	0
385	25	0
385	26	0
385	27	1
385	28	1
385	29	1
385	30	1
385	31	0
385	32	1
385	33	1
385	34	1
385	35	1
385	36	0
385	37	0
385	38	0
385	39	0
385	40	0
386	1	1
386	2	1
386	3	1
386	4	1
386	5	1
386	6	1
386	7	1
386	8	0
386	9	1
386	10	1
386	11	0
386	12	1
386	13	1
386	14	1
386	15	0
386	16	1
386	17	0
386	18	1
386	19	1
386	20	1
386	21	1
386	22	1
386	23	1
386	24	0
386	25	1
386	26	1
386	27	1
386	28	1
386	29	1
386	30	1
386	31	1
386	32	1
386	33	1
386	34	1
386	35	1
386	36	1
386	37	1
386	38	1
386	39	1
386	40	1
387	1	1
387	2	1
387	3	0
387	4	0
387	5	0
387	6	0
387	7	0
387	8	0
387	9	0
387	10	0
387	11	0
387	12	1
387	13	0
387	14	0
387	15	0
387	16	1
387	17	0
387	18	1
387	19	0
387	20	0
387	21	0
387	22	1
387	23	0
387	24	0
387	25	0
387	26	0
387	27	0
387	28	0
387	29	0
387	30	1
387	31	0
387	32	0
387	33	0
387	34	1
387	35	1
387	36	0
387	37	0
387	38	0
387	39	0
387	40	0
388	1	1
388	2	1
388	3	0
388	4	0
388	5	1
388	6	0
388	7	0
388	8	1
388	9	0
388	10	0
388	11	1
388	12	1
388	13	0
388	14	0
388	15	1
388	16	1
388	17	1
388	18	1
388	19	0
388	20	1
388	21	0
388	22	1
388	23	1
388	24	1
388	25	1
388	26	1
388	27	0
388	28	0
388	29	0
388	30	1
388	31	1
388	32	0
388	33	0
388	34	1
388	35	1
388	36	1
388	37	0
388	38	1
388	39	0
388	40	0
389	1	1
389	2	1
389	3	1
389	4	1
389	5	1
389	6	1
389	7	1
389	8	0
389	9	1
389	10	1
389	11	0
389	12	1
389	13	1
389	14	1
389	15	0
389	16	1
389	17	0
389	18	1
389	19	0
389	20	1
389	21	1
389	22	1
389	23	1
389	24	0
389	25	1
389	26	1
389	27	0
389	28	1
389	29	0
389	30	1
389	31	1
389	32	0
389	33	0
389	34	1
389	35	1
389	36	1
389	37	1
389	38	1
389	39	1
389	40	1
390	1	1
390	2	1
390	3	0
390	4	0
390	5	0
390	6	0
390	7	0
390	8	0
390	9	0
390	10	0
390	11	0
390	12	1
390	13	0
390	14	0
390	15	0
390	16	0
390	17	0
390	18	1
390	19	0
390	20	0
390	21	0
390	22	0
390	23	0
390	24	1
390	25	0
390	26	0
390	27	0
390	28	0
390	29	0
390	30	1
390	31	0
390	32	0
390	33	0
390	34	0
390	35	0
390	36	1
390	37	0
390	38	1
390	39	0
390	40	0
391	1	1
391	2	1
391	3	0
391	4	0
391	5	1
391	6	0
391	7	0
391	8	1
391	9	0
391	10	0
391	11	1
391	12	1
391	13	0
391	14	0
391	15	1
391	16	1
391	17	1
391	18	1
391	19	0
391	20	1
391	21	0
391	22	1
391	23	1
391	24	1
391	25	1
391	26	1
391	27	0
391	28	0
391	29	0
391	30	1
391	31	1
391	32	0
391	33	0
391	34	1
391	35	1
391	36	1
391	37	0
391	38	1
391	39	0
391	40	0
392	1	1
392	2	1
392	3	1
392	4	1
392	5	1
392	6	1
392	7	1
392	8	0
392	9	1
392	10	1
392	11	0
392	12	1
392	13	1
392	14	1
392	15	0
392	16	1
392	17	0
392	18	1
392	19	0
392	20	1
392	21	1
392	22	1
392	23	1
392	24	0
392	25	1
392	26	1
392	27	0
392	28	1
392	29	0
392	30	1
392	31	1
392	32	0
392	33	0
392	34	1
392	35	1
392	36	1
392	37	1
392	38	1
392	39	1
392	40	1
393	1	0
393	2	0
393	3	1
393	4	1
393	5	0
393	6	1
393	7	0
393	8	1
393	9	0
393	10	0
393	11	1
393	12	0
393	13	0
393	14	0
393	15	0
393	16	0
393	17	1
393	18	0
393	19	1
393	20	0
393	21	0
393	22	0
393	23	0
393	24	1
393	25	0
393	26	0
393	27	1
393	28	1
393	29	0
393	30	0
393	31	0
393	32	0
393	33	1
393	34	0
393	35	0
393	36	0
393	37	0
393	38	0
393	39	0
393	40	0
394	1	0
394	2	0
394	3	0
394	4	0
394	5	0
394	6	0
394	7	0
394	8	0
394	9	1
394	10	0
394	11	0
394	12	0
394	13	1
394	14	0
394	15	1
394	16	0
394	17	0
394	18	0
394	19	0
394	20	0
394	21	1
394	22	0
394	23	0
394	24	1
394	25	0
394	26	0
394	27	0
394	28	0
394	29	0
394	30	0
394	31	0
394	32	0
394	33	0
394	34	0
394	35	0
394	36	0
394	37	1
394	38	0
394	39	1
394	40	0
395	1	0
395	2	0
395	3	1
395	4	1
395	5	0
395	6	1
395	7	1
395	8	0
395	9	0
395	10	0
395	11	0
395	12	1
395	13	1
395	14	1
395	15	0
395	16	0
395	17	0
395	18	0
395	19	1
395	20	0
395	21	1
395	22	1
395	23	0
395	24	0
395	25	0
395	26	0
395	27	1
395	28	1
395	29	0
395	30	1
395	31	0
395	32	0
395	33	1
395	34	0
395	35	0
395	36	0
395	37	1
395	38	0
395	39	1
395	40	0
396	1	1
396	2	1
396	3	1
396	4	1
396	5	1
396	6	1
396	7	1
396	8	0
396	9	1
396	10	1
396	11	0
396	12	1
396	13	1
396	14	1
396	15	0
396	16	1
396	17	0
396	18	1
396	19	1
396	20	1
396	21	1
396	22	1
396	23	1
396	24	0
396	25	1
396	26	1
396	27	1
396	28	1
396	29	1
396	30	1
396	31	1
396	32	1
396	33	1
396	34	1
396	35	1
396	36	1
396	37	1
396	38	1
396	39	1
396	40	1
397	1	0
397	2	0
397	3	0
397	4	0
397	5	0
397	6	0
397	7	1
397	8	1
397	9	1
397	10	0
397	11	1
397	12	0
397	13	1
397	14	1
397	15	1
397	16	0
397	17	1
397	18	0
397	19	0
397	20	0
397	21	1
397	22	0
397	23	0
397	24	1
397	25	0
397	26	0
397	27	0
397	28	0
397	29	0
397	30	0
397	31	0
397	32	0
397	33	0
397	34	0
397	35	0
397	36	0
397	37	1
397	38	0
397	39	1
397	40	1
398	1	1
398	2	1
398	3	1
398	4	1
398	5	0
398	6	1
398	7	0
398	8	0
398	9	0
398	10	1
398	11	0
398	12	1
398	13	0
398	14	0
398	15	0
398	16	1
398	17	0
398	18	1
398	19	1
398	20	0
398	21	0
398	22	1
398	23	0
398	24	0
398	25	0
398	26	0
398	27	1
398	28	1
398	29	1
398	30	1
398	31	0
398	32	1
398	33	1
398	34	1
398	35	1
398	36	0
398	37	0
398	38	0
398	39	0
398	40	0
399	1	1
399	2	1
399	3	0
399	4	0
399	5	0
399	6	0
399	7	0
399	8	0
399	9	0
399	10	0
399	11	0
399	12	1
399	13	0
399	14	0
399	15	0
399	16	1
399	17	0
399	18	1
399	19	0
399	20	0
399	21	0
399	22	1
399	23	0
399	24	0
399	25	0
399	26	0
399	27	0
399	28	0
399	29	0
399	30	1
399	31	0
399	32	0
399	33	0
399	34	1
399	35	1
399	36	0
399	37	0
399	38	0
399	39	0
399	40	0
400	1	1
400	2	1
400	3	0
400	4	0
400	5	0
400	6	0
400	7	0
400	8	0
400	9	0
400	10	0
400	11	0
400	12	1
400	13	0
400	14	0
400	15	0
400	16	1
400	17	0
400	18	1
400	19	0
400	20	0
400	21	0
400	22	1
400	23	0
400	24	0
400	25	0
400	26	0
400	27	0
400	28	0
400	29	0
400	30	1
400	31	0
400	32	0
400	33	0
400	34	1
400	35	1
400	36	0
400	37	0
400	38	0
400	39	0
400	40	0
401	1	0
401	2	0
401	3	0
401	4	0
401	5	0
401	6	0
401	7	1
401	8	1
401	9	0
401	10	0
401	11	1
401	12	0
401	13	1
401	14	1
401	15	0
401	16	0
401	17	1
401	18	0
401	19	0
401	20	0
401	21	0
401	22	0
401	23	0
401	24	1
401	25	0
401	26	0
401	27	0
401	28	0
401	29	0
401	30	0
401	31	0
401	32	0
401	33	0
401	34	0
401	35	0
401	36	0
401	37	1
401	38	0
401	39	0
401	40	1
402	1	1
402	2	1
402	3	1
402	4	1
402	5	0
402	6	1
402	7	1
402	8	0
402	9	1
402	10	1
402	11	0
402	12	1
402	13	1
402	14	1
402	15	0
402	16	1
402	17	0
402	18	1
402	19	1
402	20	0
402	21	1
402	22	1
402	23	0
402	24	0
402	25	0
402	26	0
402	27	1
402	28	1
402	29	1
402	30	1
402	31	0
402	32	1
402	33	1
402	34	1
402	35	1
402	36	0
402	37	1
402	38	0
402	39	1
402	40	1
403	1	1
403	2	1
403	3	1
403	4	1
403	5	0
403	6	1
403	7	1
403	8	0
403	9	1
403	10	1
403	11	0
403	12	1
403	13	1
403	14	1
403	15	0
403	16	1
403	17	0
403	18	1
403	19	1
403	20	0
403	21	1
403	22	1
403	23	0
403	24	0
403	25	0
403	26	0
403	27	1
403	28	1
403	29	1
403	30	1
403	31	0
403	32	1
403	33	1
403	34	1
403	35	1
403	36	0
403	37	1
403	38	0
403	39	1
403	40	1
404	1	1
404	2	1
404	3	1
404	4	1
404	5	0
404	6	1
404	7	0
404	8	0
404	9	0
404	10	1
404	11	0
404	12	1
404	13	0
404	14	0
404	15	0
404	16	1
404	17	0
404	18	1
404	19	1
404	20	0
404	21	0
404	22	1
404	23	0
404	24	0
404	25	0
404	26	0
404	27	1
404	28	1
404	29	1
404	30	1
404	31	0
404	32	1
404	33	1
404	34	1
404	35	1
404	36	0
404	37	0
404	38	0
404	39	0
404	40	0
405	1	0
405	2	0
405	3	1
405	4	1
405	5	0
405	6	1
405	7	0
405	8	0
405	9	0
405	10	0
405	11	0
405	12	1
405	13	0
405	14	0
405	15	0
405	16	0
405	17	0
405	18	0
405	19	1
405	20	0
405	21	0
405	22	1
405	23	0
405	24	0
405	25	0
405	26	0
405	27	1
405	28	1
405	29	0
405	30	1
405	31	0
405	32	0
405	33	1
405	34	0
405	35	0
405	36	0
405	37	0
405	38	0
405	39	0
405	40	0
406	1	1
406	2	1
406	3	1
406	4	1
406	5	0
406	6	1
406	7	1
406	8	0
406	9	1
406	10	1
406	11	0
406	12	1
406	13	1
406	14	1
406	15	0
406	16	1
406	17	0
406	18	1
406	19	1
406	20	0
406	21	1
406	22	1
406	23	0
406	24	0
406	25	0
406	26	0
406	27	1
406	28	1
406	29	1
406	30	1
406	31	0
406	32	1
406	33	1
406	34	1
406	35	1
406	36	0
406	37	1
406	38	0
406	39	1
406	40	1
407	1	1
407	2	1
407	3	1
407	4	1
407	5	0
407	6	1
407	7	0
407	8	0
407	9	0
407	10	1
407	11	0
407	12	1
407	13	0
407	14	0
407	15	0
407	16	1
407	17	0
407	18	1
407	19	1
407	20	0
407	21	0
407	22	1
407	23	0
407	24	0
407	25	0
407	26	0
407	27	1
407	28	1
407	29	1
407	30	1
407	31	0
407	32	1
407	33	1
407	34	1
407	35	1
407	36	0
407	37	0
407	38	0
407	39	0
407	40	0
408	1	1
408	2	1
408	3	1
408	4	1
408	5	0
408	6	1
408	7	1
408	8	0
408	9	1
408	10	1
408	11	0
408	12	1
408	13	1
408	14	1
408	15	0
408	16	1
408	17	0
408	18	1
408	19	1
408	20	0
408	21	1
408	22	1
408	23	0
408	24	0
408	25	0
408	26	0
408	27	1
408	28	1
408	29	1
408	30	1
408	31	0
408	32	1
408	33	1
408	34	1
408	35	1
408	36	0
408	37	1
408	38	0
408	39	1
408	40	1
409	1	1
409	2	1
409	3	1
409	4	1
409	5	0
409	6	1
409	7	0
409	8	0
409	9	0
409	10	1
409	11	0
409	12	1
409	13	0
409	14	0
409	15	0
409	16	1
409	17	0
409	18	1
409	19	1
409	20	0
409	21	0
409	22	1
409	23	0
409	24	0
409	25	0
409	26	0
409	27	1
409	28	1
409	29	1
409	30	1
409	31	0
409	32	1
409	33	1
409	34	1
409	35	1
409	36	0
409	37	0
409	38	0
409	39	0
409	40	0
410	1	0
410	2	0
410	3	0
410	4	0
410	5	0
410	6	0
410	7	1
410	8	1
410	9	1
410	10	0
410	11	1
410	12	0
410	13	1
410	14	1
410	15	1
410	16	0
410	17	1
410	18	0
410	19	0
410	20	0
410	21	1
410	22	0
410	23	0
410	24	1
410	25	0
410	26	0
410	27	0
410	28	0
410	29	0
410	30	0
410	31	0
410	32	0
410	33	0
410	34	0
410	35	0
410	36	0
410	37	1
410	38	0
410	39	1
410	40	1
411	1	0
411	2	0
411	3	0
411	4	0
411	5	0
411	6	0
411	7	1
411	8	1
411	9	1
411	10	0
411	11	1
411	12	0
411	13	1
411	14	1
411	15	1
411	16	0
411	17	1
411	18	0
411	19	0
411	20	0
411	21	1
411	22	0
411	23	0
411	24	1
411	25	0
411	26	0
411	27	0
411	28	0
411	29	0
411	30	0
411	31	0
411	32	0
411	33	0
411	34	0
411	35	0
411	36	0
411	37	1
411	38	0
411	39	1
411	40	1
412	1	1
412	2	1
412	3	1
412	4	1
412	5	0
412	6	1
412	7	1
412	8	0
412	9	1
412	10	1
412	11	0
412	12	1
412	13	1
412	14	1
412	15	0
412	16	1
412	17	0
412	18	1
412	19	1
412	20	0
412	21	1
412	22	1
412	23	0
412	24	0
412	25	0
412	26	0
412	27	1
412	28	1
412	29	1
412	30	1
412	31	0
412	32	1
412	33	1
412	34	1
412	35	1
412	36	0
412	37	1
412	38	0
412	39	1
412	40	1
413	1	0
413	2	0
413	3	0
413	4	0
413	5	0
413	6	0
413	7	1
413	8	1
413	9	1
413	10	0
413	11	1
413	12	0
413	13	1
413	14	1
413	15	1
413	16	0
413	17	1
413	18	0
413	19	0
413	20	0
413	21	1
413	22	0
413	23	0
413	24	1
413	25	0
413	26	0
413	27	0
413	28	0
413	29	0
413	30	0
413	31	0
413	32	0
413	33	0
413	34	0
413	35	0
413	36	0
413	37	1
413	38	0
413	39	1
413	40	1
414	1	1
414	2	1
414	3	0
414	4	0
414	5	0
414	6	0
414	7	0
414	8	0
414	9	0
414	10	0
414	11	0
414	12	1
414	13	0
414	14	0
414	15	0
414	16	1
414	17	0
414	18	1
414	19	0
414	20	0
414	21	0
414	22	1
414	23	0
414	24	0
414	25	0
414	26	0
414	27	0
414	28	0
414	29	0
414	30	1
414	31	0
414	32	0
414	33	0
414	34	1
414	35	1
414	36	0
414	37	0
414	38	0
414	39	0
414	40	0
415	1	1
415	2	1
415	3	1
415	4	0
415	5	0
415	6	1
415	7	0
415	8	0
415	9	0
415	10	0
415	11	0
415	12	1
415	13	0
415	14	0
415	15	0
415	16	1
415	17	0
415	18	1
415	19	0
415	20	0
415	21	0
415	22	0
415	23	0
415	24	0
415	25	0
415	26	0
415	27	1
415	28	0
415	29	0
415	30	1
415	31	0
415	32	1
415	33	1
415	34	0
415	35	0
415	36	0
415	37	0
415	38	0
415	39	0
415	40	0
416	1	0
416	2	0
416	3	0
416	4	0
416	5	0
416	6	0
416	7	1
416	8	0
416	9	1
416	10	0
416	11	0
416	12	0
416	13	1
416	14	1
416	15	1
416	16	0
416	17	1
416	18	0
416	19	0
416	20	0
416	21	0
416	22	0
416	23	0
416	24	1
416	25	0
416	26	0
416	27	0
416	28	0
416	29	0
416	30	0
416	31	0
416	32	0
416	33	0
416	34	0
416	35	0
416	36	0
416	37	1
416	38	0
416	39	1
416	40	1
417	1	0
417	2	0
417	3	1
417	4	1
417	5	0
417	6	1
417	7	0
417	8	1
417	9	0
417	10	1
417	11	1
417	12	0
417	13	0
417	14	0
417	15	1
417	16	0
417	17	1
417	18	0
417	19	1
417	20	0
417	21	0
417	22	0
417	23	0
417	24	1
417	25	0
417	26	0
417	27	1
417	28	1
417	29	1
417	30	0
417	31	0
417	32	1
417	33	1
417	34	0
417	35	0
417	36	0
417	37	0
417	38	0
417	39	0
417	40	0
418	1	0
418	2	0
418	3	0
418	4	0
418	5	0
418	6	0
418	7	1
418	8	1
418	9	1
418	10	0
418	11	1
418	12	0
418	13	1
418	14	1
418	15	1
418	16	0
418	17	1
418	18	0
418	19	0
418	20	0
418	21	1
418	22	0
418	23	0
418	24	1
418	25	0
418	26	0
418	27	0
418	28	0
418	29	0
418	30	0
418	31	0
418	32	0
418	33	0
418	34	0
418	35	0
418	36	0
418	37	1
418	38	0
418	39	1
418	40	1
419	1	0
419	2	0
419	3	0
419	4	0
419	5	0
419	6	0
419	7	1
419	8	1
419	9	1
419	10	0
419	11	1
419	12	0
419	13	1
419	14	1
419	15	1
419	16	0
419	17	1
419	18	0
419	19	0
419	20	0
419	21	1
419	22	0
419	23	0
419	24	1
419	25	0
419	26	0
419	27	0
419	28	0
419	29	0
419	30	0
419	31	0
419	32	0
419	33	0
419	34	0
419	35	0
419	36	0
419	37	1
419	38	0
419	39	1
419	40	1
420	1	1
420	2	1
420	3	1
420	4	1
420	5	0
420	6	1
420	7	1
420	8	0
420	9	1
420	10	1
420	11	0
420	12	1
420	13	1
420	14	1
420	15	0
420	16	1
420	17	0
420	18	1
420	19	1
420	20	0
420	21	1
420	22	1
420	23	0
420	24	0
420	25	0
420	26	0
420	27	1
420	28	1
420	29	1
420	30	1
420	31	0
420	32	1
420	33	1
420	34	1
420	35	1
420	36	0
420	37	1
420	38	0
420	39	1
420	40	1
421	1	1
421	2	1
421	3	1
421	4	1
421	5	0
421	6	1
421	7	0
421	8	0
421	9	0
421	10	1
421	11	0
421	12	1
421	13	0
421	14	0
421	15	0
421	16	1
421	17	0
421	18	1
421	19	1
421	20	0
421	21	0
421	22	1
421	23	0
421	24	0
421	25	0
421	26	0
421	27	1
421	28	1
421	29	1
421	30	1
421	31	0
421	32	1
421	33	1
421	34	1
421	35	1
421	36	0
421	37	0
421	38	0
421	39	0
421	40	0
422	1	1
422	2	1
422	3	1
422	4	1
422	5	1
422	6	1
422	7	1
422	8	0
422	9	1
422	10	1
422	11	0
422	12	1
422	13	1
422	14	1
422	15	0
422	16	1
422	17	0
422	18	1
422	19	0
422	20	1
422	21	1
422	22	1
422	23	1
422	24	0
422	25	1
422	26	1
422	27	0
422	28	1
422	29	0
422	30	1
422	31	1
422	32	0
422	33	0
422	34	1
422	35	1
422	36	1
422	37	1
422	38	1
422	39	1
422	40	1
423	1	1
423	2	1
423	3	1
423	4	1
423	5	1
423	6	1
423	7	1
423	8	0
423	9	1
423	10	1
423	11	0
423	12	1
423	13	1
423	14	1
423	15	0
423	16	1
423	17	0
423	18	1
423	19	1
423	20	1
423	21	1
423	22	1
423	23	1
423	24	0
423	25	1
423	26	1
423	27	1
423	28	1
423	29	1
423	30	1
423	31	1
423	32	1
423	33	1
423	34	1
423	35	1
423	36	1
423	37	1
423	38	1
423	39	1
423	40	1
424	1	0
424	2	0
424	3	0
424	4	0
424	5	0
424	6	0
424	7	1
424	8	1
424	9	1
424	10	0
424	11	1
424	12	0
424	13	1
424	14	1
424	15	1
424	16	0
424	17	1
424	18	0
424	19	0
424	20	0
424	21	1
424	22	0
424	23	0
424	24	1
424	25	0
424	26	0
424	27	0
424	28	0
424	29	0
424	30	0
424	31	0
424	32	0
424	33	0
424	34	0
424	35	0
424	36	0
424	37	1
424	38	0
424	39	1
424	40	1
425	1	1
425	2	1
425	3	1
425	4	0
425	5	1
425	6	1
425	7	0
425	8	0
425	9	1
425	10	0
425	11	0
425	12	1
425	13	1
425	14	0
425	15	0
425	16	1
425	17	0
425	18	1
425	19	0
425	20	0
425	21	1
425	22	0
425	23	0
425	24	0
425	25	0
425	26	1
425	27	1
425	28	0
425	29	0
425	30	1
425	31	0
425	32	1
425	33	1
425	34	0
425	35	0
425	36	1
425	37	1
425	38	1
425	39	1
425	40	0
426	1	1
426	2	1
426	3	1
426	4	1
426	5	1
426	6	1
426	7	1
426	8	0
426	9	1
426	10	1
426	11	0
426	12	1
426	13	1
426	14	1
426	15	0
426	16	1
426	17	0
426	18	1
426	19	0
426	20	1
426	21	1
426	22	1
426	23	1
426	24	0
426	25	1
426	26	1
426	27	0
426	28	1
426	29	0
426	30	1
426	31	1
426	32	0
426	33	0
426	34	1
426	35	1
426	36	1
426	37	1
426	38	1
426	39	1
426	40	1
427	1	1
427	2	1
427	3	1
427	4	1
427	5	0
427	6	1
427	7	0
427	8	0
427	9	0
427	10	1
427	11	0
427	12	1
427	13	0
427	14	0
427	15	0
427	16	1
427	17	0
427	18	1
427	19	1
427	20	0
427	21	0
427	22	1
427	23	0
427	24	0
427	25	0
427	26	0
427	27	1
427	28	1
427	29	1
427	30	1
427	31	0
427	32	1
427	33	1
427	34	1
427	35	1
427	36	0
427	37	0
427	38	0
427	39	0
427	40	0
428	1	0
428	2	0
428	3	0
428	4	0
428	5	0
428	6	0
428	7	1
428	8	1
428	9	1
428	10	0
428	11	1
428	12	0
428	13	1
428	14	1
428	15	1
428	16	0
428	17	1
428	18	0
428	19	0
428	20	0
428	21	1
428	22	0
428	23	0
428	24	1
428	25	0
428	26	0
428	27	0
428	28	0
428	29	0
428	30	0
428	31	0
428	32	0
428	33	0
428	34	0
428	35	0
428	36	0
428	37	1
428	38	0
428	39	1
428	40	1
429	1	1
429	2	1
429	3	1
429	4	1
429	5	1
429	6	1
429	7	1
429	8	0
429	9	1
429	10	1
429	11	0
429	12	1
429	13	1
429	14	1
429	15	0
429	16	1
429	17	0
429	18	1
429	19	0
429	20	1
429	21	1
429	22	1
429	23	1
429	24	0
429	25	1
429	26	1
429	27	0
429	28	1
429	29	0
429	30	1
429	31	1
429	32	0
429	33	0
429	34	1
429	35	1
429	36	1
429	37	1
429	38	1
429	39	1
429	40	1
430	1	1
430	2	1
430	3	0
430	4	0
430	5	1
430	6	0
430	7	0
430	8	0
430	9	0
430	10	0
430	11	0
430	12	1
430	13	0
430	14	0
430	15	1
430	16	1
430	17	0
430	18	1
430	19	0
430	20	0
430	21	0
430	22	0
430	23	0
430	24	1
430	25	0
430	26	1
430	27	0
430	28	0
430	29	0
430	30	1
430	31	0
430	32	0
430	33	0
430	34	0
430	35	0
430	36	1
430	37	0
430	38	1
430	39	0
430	40	0
431	1	0
431	2	0
431	3	1
431	4	1
431	5	0
431	6	1
431	7	1
431	8	0
431	9	0
431	10	0
431	11	0
431	12	1
431	13	1
431	14	1
431	15	0
431	16	0
431	17	0
431	18	0
431	19	1
431	20	1
431	21	1
431	22	1
431	23	1
431	24	0
431	25	1
431	26	0
431	27	1
431	28	1
431	29	0
431	30	1
431	31	1
431	32	0
431	33	1
431	34	0
431	35	0
431	36	1
431	37	1
431	38	1
431	39	1
431	40	0
432	1	1
432	2	1
432	3	0
432	4	0
432	5	0
432	6	0
432	7	0
432	8	0
432	9	0
432	10	0
432	11	0
432	12	1
432	13	0
432	14	0
432	15	0
432	16	1
432	17	0
432	18	1
432	19	0
432	20	0
432	21	0
432	22	1
432	23	0
432	24	0
432	25	0
432	26	0
432	27	0
432	28	0
432	29	0
432	30	1
432	31	0
432	32	0
432	33	0
432	34	1
432	35	1
432	36	0
432	37	0
432	38	0
432	39	0
432	40	0
433	1	0
433	2	0
433	3	0
433	4	0
433	5	0
433	6	0
433	7	1
433	8	1
433	9	1
433	10	0
433	11	1
433	12	0
433	13	1
433	14	1
433	15	1
433	16	0
433	17	1
433	18	0
433	19	0
433	20	0
433	21	1
433	22	0
433	23	0
433	24	1
433	25	0
433	26	0
433	27	0
433	28	0
433	29	0
433	30	0
433	31	0
433	32	0
433	33	0
433	34	0
433	35	0
433	36	0
433	37	1
433	38	0
433	39	1
433	40	1
434	1	0
434	2	0
434	3	0
434	4	0
434	5	0
434	6	0
434	7	1
434	8	0
434	9	1
434	10	0
434	11	0
434	12	0
434	13	1
434	14	1
434	15	1
434	16	0
434	17	1
434	18	0
434	19	0
434	20	0
434	21	0
434	22	0
434	23	0
434	24	1
434	25	0
434	26	0
434	27	0
434	28	0
434	29	0
434	30	0
434	31	0
434	32	0
434	33	0
434	34	0
434	35	0
434	36	0
434	37	1
434	38	0
434	39	1
434	40	1
435	1	1
435	2	1
435	3	0
435	4	0
435	5	1
435	6	0
435	7	0
435	8	1
435	9	0
435	10	0
435	11	1
435	12	1
435	13	0
435	14	0
435	15	1
435	16	1
435	17	1
435	18	1
435	19	0
435	20	1
435	21	0
435	22	1
435	23	1
435	24	1
435	25	1
435	26	1
435	27	0
435	28	0
435	29	0
435	30	1
435	31	1
435	32	0
435	33	0
435	34	1
435	35	1
435	36	1
435	37	0
435	38	1
435	39	0
435	40	0
436	1	1
436	2	1
436	3	1
436	4	1
436	5	1
436	6	1
436	7	1
436	8	0
436	9	1
436	10	1
436	11	0
436	12	1
436	13	1
436	14	1
436	15	0
436	16	1
436	17	0
436	18	1
436	19	0
436	20	1
436	21	1
436	22	1
436	23	1
436	24	0
436	25	1
436	26	1
436	27	0
436	28	1
436	29	0
436	30	1
436	31	1
436	32	0
436	33	0
436	34	1
436	35	1
436	36	1
436	37	1
436	38	1
436	39	1
436	40	1
437	1	1
437	2	1
437	3	1
437	4	0
437	5	0
437	6	1
437	7	0
437	8	0
437	9	0
437	10	0
437	11	0
437	12	1
437	13	0
437	14	0
437	15	0
437	16	1
437	17	0
437	18	1
437	19	0
437	20	0
437	21	0
437	22	0
437	23	0
437	24	0
437	25	0
437	26	0
437	27	1
437	28	0
437	29	0
437	30	1
437	31	0
437	32	1
437	33	1
437	34	0
437	35	0
437	36	0
437	37	0
437	38	0
437	39	0
437	40	0
438	1	1
438	2	1
438	3	1
438	4	1
438	5	0
438	6	1
438	7	1
438	8	0
438	9	1
438	10	1
438	11	0
438	12	1
438	13	1
438	14	1
438	15	0
438	16	1
438	17	0
438	18	1
438	19	1
438	20	0
438	21	1
438	22	1
438	23	0
438	24	0
438	25	0
438	26	0
438	27	1
438	28	1
438	29	1
438	30	1
438	31	0
438	32	1
438	33	1
438	34	1
438	35	1
438	36	0
438	37	1
438	38	0
438	39	1
438	40	1
439	1	0
439	2	0
439	3	0
439	4	0
439	5	0
439	6	0
439	7	0
439	8	0
439	9	0
439	10	0
439	11	0
439	12	0
439	13	1
439	14	0
439	15	0
439	16	0
439	17	0
439	18	0
439	19	0
439	20	0
439	21	1
439	22	0
439	23	0
439	24	1
439	25	0
439	26	0
439	27	0
439	28	0
439	29	0
439	30	0
439	31	0
439	32	0
439	33	0
439	34	0
439	35	0
439	36	0
439	37	1
439	38	0
439	39	1
439	40	0
440	1	0
440	2	0
440	3	0
440	4	0
440	5	0
440	6	0
440	7	0
440	8	0
440	9	1
440	10	0
440	11	0
440	12	0
440	13	1
440	14	0
440	15	1
440	16	0
440	17	0
440	18	0
440	19	0
440	20	0
440	21	1
440	22	0
440	23	0
440	24	1
440	25	0
440	26	0
440	27	0
440	28	0
440	29	0
440	30	0
440	31	0
440	32	0
440	33	0
440	34	0
440	35	0
440	36	0
440	37	1
440	38	0
440	39	1
440	40	0
441	1	1
441	2	1
441	3	1
441	4	1
441	5	0
441	6	1
441	7	0
441	8	0
441	9	0
441	10	1
441	11	0
441	12	1
441	13	0
441	14	0
441	15	0
441	16	1
441	17	0
441	18	1
441	19	1
441	20	0
441	21	0
441	22	1
441	23	0
441	24	0
441	25	0
441	26	0
441	27	1
441	28	1
441	29	1
441	30	1
441	31	0
441	32	1
441	33	1
441	34	1
441	35	1
441	36	0
441	37	0
441	38	0
441	39	0
441	40	0
442	1	1
442	2	1
442	3	1
442	4	1
442	5	0
442	6	1
442	7	0
442	8	0
442	9	0
442	10	1
442	11	0
442	12	1
442	13	0
442	14	0
442	15	0
442	16	1
442	17	0
442	18	1
442	19	1
442	20	0
442	21	0
442	22	1
442	23	0
442	24	0
442	25	0
442	26	0
442	27	1
442	28	1
442	29	1
442	30	1
442	31	0
442	32	1
442	33	1
442	34	1
442	35	1
442	36	0
442	37	0
442	38	0
442	39	0
442	40	0
443	1	0
443	2	0
443	3	1
443	4	1
443	5	0
443	6	1
443	7	0
443	8	0
443	9	0
443	10	0
443	11	0
443	12	1
443	13	0
443	14	0
443	15	0
443	16	0
443	17	0
443	18	0
443	19	1
443	20	0
443	21	0
443	22	1
443	23	0
443	24	0
443	25	0
443	26	0
443	27	1
443	28	1
443	29	0
443	30	1
443	31	0
443	32	0
443	33	1
443	34	0
443	35	0
443	36	0
443	37	0
443	38	0
443	39	0
443	40	0
444	1	0
444	2	0
444	3	0
444	4	0
444	5	0
444	6	0
444	7	1
444	8	1
444	9	1
444	10	0
444	11	1
444	12	0
444	13	1
444	14	1
444	15	1
444	16	0
444	17	1
444	18	0
444	19	0
444	20	0
444	21	1
444	22	0
444	23	0
444	24	1
444	25	0
444	26	0
444	27	0
444	28	0
444	29	0
444	30	0
444	31	0
444	32	0
444	33	0
444	34	0
444	35	0
444	36	0
444	37	1
444	38	0
444	39	1
444	40	1
445	1	1
445	2	1
445	3	1
445	4	1
445	5	0
445	6	1
445	7	1
445	8	0
445	9	1
445	10	1
445	11	0
445	12	1
445	13	1
445	14	1
445	15	0
445	16	1
445	17	0
445	18	1
445	19	1
445	20	0
445	21	1
445	22	1
445	23	0
445	24	0
445	25	0
445	26	0
445	27	1
445	28	1
445	29	1
445	30	1
445	31	0
445	32	1
445	33	1
445	34	1
445	35	1
445	36	0
445	37	1
445	38	0
445	39	1
445	40	1
446	1	1
446	2	1
446	3	1
446	4	1
446	5	0
446	6	1
446	7	0
446	8	0
446	9	0
446	10	1
446	11	0
446	12	1
446	13	0
446	14	0
446	15	0
446	16	1
446	17	0
446	18	1
446	19	1
446	20	0
446	21	0
446	22	1
446	23	0
446	24	0
446	25	0
446	26	0
446	27	1
446	28	1
446	29	1
446	30	1
446	31	0
446	32	1
446	33	1
446	34	1
446	35	1
446	36	0
446	37	0
446	38	0
446	39	0
446	40	0
447	1	0
447	2	0
447	3	1
447	4	1
447	5	0
447	6	1
447	7	0
447	8	1
447	9	0
447	10	1
447	11	1
447	12	0
447	13	0
447	14	0
447	15	1
447	16	0
447	17	1
447	18	0
447	19	1
447	20	0
447	21	0
447	22	0
447	23	0
447	24	1
447	25	0
447	26	0
447	27	1
447	28	1
447	29	1
447	30	0
447	31	0
447	32	1
447	33	1
447	34	0
447	35	0
447	36	0
447	37	0
447	38	0
447	39	0
447	40	0
448	1	0
448	2	0
448	3	1
448	4	1
448	5	0
448	6	1
448	7	0
448	8	1
448	9	0
448	10	1
448	11	1
448	12	0
448	13	0
448	14	0
448	15	1
448	16	0
448	17	1
448	18	0
448	19	1
448	20	0
448	21	0
448	22	0
448	23	0
448	24	1
448	25	0
448	26	0
448	27	1
448	28	1
448	29	1
448	30	0
448	31	0
448	32	1
448	33	1
448	34	0
448	35	0
448	36	0
448	37	0
448	38	0
448	39	0
448	40	0
449	1	1
449	2	1
449	3	0
449	4	0
449	5	1
449	6	0
449	7	0
449	8	1
449	9	0
449	10	0
449	11	1
449	12	1
449	13	0
449	14	0
449	15	1
449	16	1
449	17	1
449	18	1
449	19	0
449	20	1
449	21	0
449	22	1
449	23	1
449	24	1
449	25	1
449	26	1
449	27	0
449	28	0
449	29	0
449	30	1
449	31	1
449	32	0
449	33	0
449	34	1
449	35	1
449	36	1
449	37	0
449	38	1
449	39	0
449	40	0
450	1	0
450	2	0
450	3	0
450	4	0
450	5	0
450	6	0
450	7	1
450	8	1
450	9	1
450	10	0
450	11	1
450	12	0
450	13	1
450	14	1
450	15	1
450	16	0
450	17	1
450	18	0
450	19	0
450	20	0
450	21	1
450	22	0
450	23	0
450	24	1
450	25	0
450	26	0
450	27	0
450	28	0
450	29	0
450	30	0
450	31	0
450	32	0
450	33	0
450	34	0
450	35	0
450	36	0
450	37	1
450	38	0
450	39	1
450	40	1
451	1	1
451	2	1
451	3	1
451	4	1
451	5	0
451	6	1
451	7	1
451	8	0
451	9	1
451	10	1
451	11	0
451	12	1
451	13	1
451	14	1
451	15	0
451	16	1
451	17	0
451	18	1
451	19	1
451	20	0
451	21	1
451	22	1
451	23	0
451	24	0
451	25	0
451	26	0
451	27	1
451	28	1
451	29	1
451	30	1
451	31	0
451	32	1
451	33	1
451	34	1
451	35	1
451	36	0
451	37	1
451	38	0
451	39	1
451	40	1
452	1	0
452	2	0
452	3	0
452	4	0
452	5	0
452	6	0
452	7	1
452	8	1
452	9	0
452	10	0
452	11	1
452	12	0
452	13	1
452	14	1
452	15	0
452	16	0
452	17	1
452	18	0
452	19	0
452	20	0
452	21	0
452	22	0
452	23	0
452	24	1
452	25	0
452	26	0
452	27	0
452	28	0
452	29	0
452	30	0
452	31	0
452	32	0
452	33	0
452	34	0
452	35	0
452	36	0
452	37	1
452	38	0
452	39	0
452	40	1
453	1	1
453	2	1
453	3	1
453	4	1
453	5	1
453	6	1
453	7	1
453	8	0
453	9	1
453	10	1
453	11	0
453	12	1
453	13	1
453	14	1
453	15	0
453	16	1
453	17	0
453	18	1
453	19	1
453	20	1
453	21	1
453	22	1
453	23	1
453	24	0
453	25	1
453	26	1
453	27	1
453	28	1
453	29	1
453	30	1
453	31	1
453	32	1
453	33	1
453	34	1
453	35	1
453	36	1
453	37	1
453	38	1
453	39	1
453	40	1
454	1	1
454	2	1
454	3	1
454	4	1
454	5	0
454	6	1
454	7	0
454	8	0
454	9	0
454	10	1
454	11	0
454	12	1
454	13	0
454	14	0
454	15	0
454	16	1
454	17	0
454	18	1
454	19	1
454	20	0
454	21	0
454	22	1
454	23	0
454	24	0
454	25	0
454	26	0
454	27	1
454	28	1
454	29	1
454	30	1
454	31	0
454	32	1
454	33	1
454	34	1
454	35	1
454	36	0
454	37	0
454	38	0
454	39	0
454	40	0
455	1	1
455	2	0
455	3	0
455	4	0
455	5	0
455	6	0
455	7	0
455	8	0
455	9	0
455	10	0
455	11	0
455	12	1
455	13	0
455	14	0
455	15	0
455	16	1
455	17	0
455	18	1
455	19	0
455	20	0
455	21	0
455	22	1
455	23	0
455	24	0
455	25	0
455	26	0
455	27	0
455	28	0
455	29	0
455	30	1
455	31	0
455	32	0
455	33	0
455	34	0
455	35	1
455	36	0
455	37	0
455	38	0
455	39	0
455	40	0
456	1	1
456	2	1
456	3	1
456	4	1
456	5	1
456	6	1
456	7	1
456	8	0
456	9	1
456	10	0
456	11	0
456	12	1
456	13	1
456	14	1
456	15	0
456	16	1
456	17	0
456	18	1
456	19	1
456	20	1
456	21	0
456	22	0
456	23	0
456	24	0
456	25	1
456	26	0
456	27	1
456	28	0
456	29	1
456	30	1
456	31	0
456	32	0
456	33	1
456	34	1
456	35	0
456	36	1
456	37	1
456	38	1
456	39	1
456	40	1
457	1	1
457	2	0
457	3	0
457	4	0
457	5	1
457	6	0
457	7	0
457	8	1
457	9	0
457	10	0
457	11	1
457	12	1
457	13	0
457	14	0
457	15	0
457	16	1
457	17	1
457	18	1
457	19	0
457	20	0
457	21	0
457	22	1
457	23	1
457	24	1
457	25	1
457	26	1
457	27	0
457	28	0
457	29	0
457	30	1
457	31	0
457	32	0
457	33	0
457	34	0
457	35	1
457	36	1
457	37	0
457	38	0
457	39	0
457	40	0
458	1	1
458	2	1
458	3	1
458	4	1
458	5	0
458	6	1
458	7	1
458	8	0
458	9	1
458	10	1
458	11	0
458	12	1
458	13	1
458	14	1
458	15	0
458	16	1
458	17	0
458	18	1
458	19	1
458	20	0
458	21	1
458	22	1
458	23	0
458	24	0
458	25	0
458	26	0
458	27	1
458	28	1
458	29	1
458	30	1
458	31	0
458	32	1
458	33	1
458	34	1
458	35	1
458	36	0
458	37	1
458	38	0
458	39	1
458	40	1
459	1	0
459	2	0
459	3	1
459	4	1
459	5	0
459	6	1
459	7	0
459	8	1
459	9	0
459	10	1
459	11	1
459	12	0
459	13	0
459	14	0
459	15	1
459	16	0
459	17	1
459	18	0
459	19	1
459	20	0
459	21	0
459	22	0
459	23	0
459	24	1
459	25	0
459	26	0
459	27	1
459	28	1
459	29	1
459	30	0
459	31	0
459	32	1
459	33	1
459	34	0
459	35	0
459	36	0
459	37	0
459	38	0
459	39	0
459	40	0
460	1	0
460	2	0
460	3	1
460	4	1
460	5	0
460	6	1
460	7	0
460	8	1
460	9	0
460	10	1
460	11	1
460	12	0
460	13	0
460	14	0
460	15	1
460	16	0
460	17	1
460	18	0
460	19	1
460	20	0
460	21	0
460	22	0
460	23	0
460	24	1
460	25	0
460	26	0
460	27	1
460	28	1
460	29	1
460	30	0
460	31	0
460	32	1
460	33	1
460	34	0
460	35	0
460	36	0
460	37	0
460	38	0
460	39	0
460	40	0
461	1	1
461	2	1
461	3	1
461	4	0
461	5	0
461	6	1
461	7	0
461	8	0
461	9	1
461	10	0
461	11	0
461	12	1
461	13	1
461	14	0
461	15	0
461	16	1
461	17	0
461	18	1
461	19	0
461	20	0
461	21	1
461	22	0
461	23	0
461	24	0
461	25	0
461	26	0
461	27	1
461	28	0
461	29	0
461	30	1
461	31	0
461	32	1
461	33	1
461	34	0
461	35	0
461	36	0
461	37	1
461	38	0
461	39	1
461	40	0
462	1	0
462	2	0
462	3	0
462	4	0
462	5	0
462	6	0
462	7	1
462	8	1
462	9	1
462	10	0
462	11	1
462	12	0
462	13	1
462	14	1
462	15	1
462	16	0
462	17	1
462	18	0
462	19	0
462	20	0
462	21	1
462	22	0
462	23	0
462	24	1
462	25	0
462	26	0
462	27	0
462	28	0
462	29	0
462	30	0
462	31	0
462	32	0
462	33	0
462	34	0
462	35	0
462	36	0
462	37	1
462	38	0
462	39	1
462	40	1
463	1	0
463	2	0
463	3	1
463	4	1
463	5	0
463	6	1
463	7	0
463	8	1
463	9	0
463	10	1
463	11	1
463	12	0
463	13	0
463	14	0
463	15	1
463	16	0
463	17	1
463	18	0
463	19	1
463	20	0
463	21	0
463	22	0
463	23	0
463	24	1
463	25	0
463	26	0
463	27	1
463	28	1
463	29	1
463	30	0
463	31	0
463	32	1
463	33	1
463	34	0
463	35	0
463	36	0
463	37	0
463	38	0
463	39	0
463	40	0
464	1	0
464	2	0
464	3	0
464	4	0
464	5	0
464	6	0
464	7	0
464	8	1
464	9	0
464	10	0
464	11	1
464	12	1
464	13	0
464	14	0
464	15	0
464	16	0
464	17	1
464	18	0
464	19	0
464	20	1
464	21	0
464	22	1
464	23	1
464	24	1
464	25	1
464	26	0
464	27	0
464	28	0
464	29	0
464	30	1
464	31	1
464	32	0
464	33	0
464	34	0
464	35	0
464	36	1
464	37	0
464	38	1
464	39	0
464	40	0
465	1	0
465	2	0
465	3	0
465	4	0
465	5	0
465	6	0
465	7	1
465	8	1
465	9	1
465	10	0
465	11	1
465	12	0
465	13	1
465	14	1
465	15	1
465	16	0
465	17	1
465	18	0
465	19	0
465	20	0
465	21	1
465	22	0
465	23	0
465	24	1
465	25	0
465	26	0
465	27	0
465	28	0
465	29	0
465	30	0
465	31	0
465	32	0
465	33	0
465	34	0
465	35	0
465	36	0
465	37	1
465	38	0
465	39	1
465	40	1
466	1	0
466	2	0
466	3	0
466	4	0
466	5	0
466	6	0
466	7	1
466	8	1
466	9	1
466	10	0
466	11	1
466	12	0
466	13	1
466	14	1
466	15	1
466	16	0
466	17	1
466	18	0
466	19	0
466	20	0
466	21	1
466	22	0
466	23	0
466	24	1
466	25	0
466	26	0
466	27	0
466	28	0
466	29	0
466	30	0
466	31	0
466	32	0
466	33	0
466	34	0
466	35	0
466	36	0
466	37	1
466	38	0
466	39	1
466	40	1
467	1	1
467	2	1
467	3	1
467	4	1
467	5	0
467	6	1
467	7	0
467	8	0
467	9	0
467	10	1
467	11	0
467	12	1
467	13	0
467	14	0
467	15	0
467	16	1
467	17	0
467	18	1
467	19	1
467	20	0
467	21	0
467	22	1
467	23	0
467	24	0
467	25	0
467	26	0
467	27	1
467	28	1
467	29	1
467	30	1
467	31	0
467	32	1
467	33	1
467	34	1
467	35	1
467	36	0
467	37	0
467	38	0
467	39	0
467	40	0
468	1	0
468	2	0
468	3	1
468	4	1
468	5	0
468	6	1
468	7	0
468	8	1
468	9	0
468	10	1
468	11	1
468	12	0
468	13	0
468	14	0
468	15	1
468	16	0
468	17	1
468	18	0
468	19	1
468	20	0
468	21	0
468	22	0
468	23	0
468	24	1
468	25	0
468	26	0
468	27	1
468	28	1
468	29	1
468	30	0
468	31	0
468	32	1
468	33	1
468	34	0
468	35	0
468	36	0
468	37	0
468	38	0
468	39	0
468	40	0
469	1	1
469	2	1
469	3	0
469	4	0
469	5	1
469	6	0
469	7	0
469	8	1
469	9	0
469	10	0
469	11	1
469	12	1
469	13	0
469	14	0
469	15	1
469	16	1
469	17	1
469	18	1
469	19	0
469	20	1
469	21	0
469	22	1
469	23	1
469	24	1
469	25	1
469	26	1
469	27	0
469	28	0
469	29	0
469	30	1
469	31	1
469	32	0
469	33	0
469	34	1
469	35	1
469	36	1
469	37	0
469	38	1
469	39	0
469	40	0
470	1	1
470	2	1
470	3	1
470	4	1
470	5	1
470	6	1
470	7	1
470	8	0
470	9	1
470	10	1
470	11	0
470	12	1
470	13	1
470	14	1
470	15	0
470	16	1
470	17	0
470	18	1
470	19	0
470	20	1
470	21	1
470	22	1
470	23	1
470	24	0
470	25	1
470	26	1
470	27	0
470	28	1
470	29	0
470	30	1
470	31	1
470	32	0
470	33	0
470	34	1
470	35	1
470	36	1
470	37	1
470	38	1
470	39	1
470	40	1
471	1	1
471	2	1
471	3	1
471	4	1
471	5	0
471	6	1
471	7	1
471	8	0
471	9	1
471	10	1
471	11	0
471	12	1
471	13	1
471	14	1
471	15	0
471	16	1
471	17	0
471	18	1
471	19	1
471	20	0
471	21	1
471	22	1
471	23	0
471	24	0
471	25	0
471	26	0
471	27	1
471	28	1
471	29	1
471	30	1
471	31	0
471	32	1
471	33	1
471	34	1
471	35	1
471	36	0
471	37	1
471	38	0
471	39	1
471	40	1
472	1	1
472	2	1
472	3	1
472	4	1
472	5	1
472	6	1
472	7	1
472	8	0
472	9	1
472	10	1
472	11	0
472	12	1
472	13	1
472	14	1
472	15	0
472	16	1
472	17	0
472	18	1
472	19	1
472	20	1
472	21	1
472	22	1
472	23	1
472	24	0
472	25	1
472	26	1
472	27	1
472	28	1
472	29	1
472	30	1
472	31	1
472	32	1
472	33	1
472	34	1
472	35	1
472	36	1
472	37	1
472	38	1
472	39	1
472	40	1
473	1	1
473	2	1
473	3	1
473	4	1
473	5	1
473	6	1
473	7	1
473	8	0
473	9	1
473	10	1
473	11	0
473	12	1
473	13	1
473	14	1
473	15	0
473	16	1
473	17	0
473	18	1
473	19	0
473	20	1
473	21	1
473	22	1
473	23	1
473	24	0
473	25	1
473	26	1
473	27	0
473	28	1
473	29	0
473	30	1
473	31	1
473	32	0
473	33	0
473	34	1
473	35	1
473	36	1
473	37	1
473	38	1
473	39	1
473	40	1
474	1	1
474	2	1
474	3	1
474	4	1
474	5	0
474	6	1
474	7	1
474	8	0
474	9	1
474	10	1
474	11	0
474	12	1
474	13	1
474	14	1
474	15	0
474	16	1
474	17	0
474	18	1
474	19	1
474	20	0
474	21	1
474	22	1
474	23	0
474	24	0
474	25	0
474	26	0
474	27	1
474	28	1
474	29	1
474	30	1
474	31	0
474	32	1
474	33	1
474	34	1
474	35	1
474	36	0
474	37	1
474	38	0
474	39	1
474	40	1
475	1	0
475	2	0
475	3	0
475	4	0
475	5	0
475	6	0
475	7	0
475	8	0
475	9	1
475	10	0
475	11	0
475	12	0
475	13	1
475	14	0
475	15	1
475	16	0
475	17	0
475	18	0
475	19	0
475	20	0
475	21	1
475	22	0
475	23	0
475	24	1
475	25	0
475	26	0
475	27	0
475	28	0
475	29	0
475	30	0
475	31	0
475	32	0
475	33	0
475	34	0
475	35	0
475	36	0
475	37	1
475	38	0
475	39	1
475	40	0
476	1	1
476	2	1
476	3	0
476	4	0
476	5	1
476	6	0
476	7	0
476	8	1
476	9	0
476	10	0
476	11	1
476	12	1
476	13	0
476	14	0
476	15	1
476	16	1
476	17	1
476	18	1
476	19	0
476	20	1
476	21	0
476	22	1
476	23	1
476	24	1
476	25	1
476	26	1
476	27	0
476	28	0
476	29	0
476	30	1
476	31	1
476	32	0
476	33	0
476	34	1
476	35	1
476	36	1
476	37	0
476	38	1
476	39	0
476	40	0
477	1	1
477	2	1
477	3	1
477	4	1
477	5	1
477	6	1
477	7	1
477	8	0
477	9	1
477	10	1
477	11	0
477	12	1
477	13	1
477	14	1
477	15	0
477	16	1
477	17	0
477	18	1
477	19	1
477	20	1
477	21	1
477	22	1
477	23	1
477	24	0
477	25	1
477	26	1
477	27	1
477	28	1
477	29	1
477	30	1
477	31	1
477	32	1
477	33	1
477	34	1
477	35	1
477	36	1
477	37	1
477	38	1
477	39	1
477	40	1
478	1	1
478	2	1
478	3	0
478	4	0
478	5	0
478	6	0
478	7	0
478	8	0
478	9	0
478	10	0
478	11	0
478	12	1
478	13	0
478	14	0
478	15	0
478	16	1
478	17	0
478	18	1
478	19	0
478	20	0
478	21	0
478	22	0
478	23	0
478	24	0
478	25	0
478	26	0
478	27	0
478	28	0
478	29	0
478	30	1
478	31	0
478	32	0
478	33	0
478	34	1
478	35	0
478	36	0
478	37	0
478	38	0
478	39	0
478	40	0
479	1	1
479	2	1
479	3	1
479	4	1
479	5	1
479	6	1
479	7	1
479	8	0
479	9	1
479	10	0
479	11	0
479	12	1
479	13	1
479	14	1
479	15	0
479	16	1
479	17	0
479	18	1
479	19	0
479	20	1
479	21	0
479	22	0
479	23	0
479	24	0
479	25	1
479	26	0
479	27	0
479	28	0
479	29	0
479	30	1
479	31	0
479	32	0
479	33	0
479	34	1
479	35	0
479	36	1
479	37	1
479	38	1
479	39	1
479	40	1
480	1	1
480	2	1
480	3	1
480	4	1
480	5	1
480	6	1
480	7	1
480	8	0
480	9	1
480	10	1
480	11	0
480	12	1
480	13	1
480	14	1
480	15	0
480	16	1
480	17	0
480	18	1
480	19	0
480	20	1
480	21	1
480	22	1
480	23	1
480	24	0
480	25	1
480	26	1
480	27	0
480	28	1
480	29	0
480	30	1
480	31	1
480	32	0
480	33	0
480	34	1
480	35	1
480	36	1
480	37	1
480	38	1
480	39	1
480	40	1
481	1	0
481	2	0
481	3	0
481	4	0
481	5	0
481	6	0
481	7	1
481	8	1
481	9	1
481	10	0
481	11	1
481	12	0
481	13	1
481	14	1
481	15	1
481	16	0
481	17	1
481	18	0
481	19	0
481	20	0
481	21	1
481	22	0
481	23	0
481	24	1
481	25	0
481	26	0
481	27	0
481	28	0
481	29	0
481	30	0
481	31	0
481	32	0
481	33	0
481	34	0
481	35	0
481	36	0
481	37	1
481	38	0
481	39	1
481	40	1
482	1	0
482	2	0
482	3	1
482	4	1
482	5	0
482	6	1
482	7	0
482	8	1
482	9	0
482	10	1
482	11	1
482	12	0
482	13	0
482	14	0
482	15	1
482	16	0
482	17	1
482	18	0
482	19	1
482	20	0
482	21	0
482	22	0
482	23	0
482	24	1
482	25	0
482	26	0
482	27	1
482	28	1
482	29	1
482	30	0
482	31	0
482	32	1
482	33	1
482	34	0
482	35	0
482	36	0
482	37	0
482	38	0
482	39	0
482	40	0
483	1	0
483	2	0
483	3	1
483	4	1
483	5	0
483	6	1
483	7	1
483	8	0
483	9	0
483	10	0
483	11	0
483	12	1
483	13	1
483	14	1
483	15	0
483	16	0
483	17	0
483	18	0
483	19	1
483	20	0
483	21	1
483	22	1
483	23	0
483	24	0
483	25	0
483	26	0
483	27	1
483	28	1
483	29	0
483	30	1
483	31	0
483	32	0
483	33	1
483	34	0
483	35	0
483	36	0
483	37	1
483	38	0
483	39	1
483	40	0
484	1	0
484	2	0
484	3	0
484	4	0
484	5	0
484	6	0
484	7	1
484	8	1
484	9	1
484	10	0
484	11	1
484	12	0
484	13	1
484	14	1
484	15	1
484	16	0
484	17	1
484	18	0
484	19	0
484	20	0
484	21	1
484	22	0
484	23	0
484	24	1
484	25	0
484	26	0
484	27	0
484	28	0
484	29	0
484	30	0
484	31	0
484	32	0
484	33	0
484	34	0
484	35	0
484	36	0
484	37	1
484	38	0
484	39	1
484	40	1
485	1	1
485	2	1
485	3	1
485	4	1
485	5	1
485	6	1
485	7	1
485	8	0
485	9	1
485	10	1
485	11	0
485	12	1
485	13	1
485	14	1
485	15	0
485	16	1
485	17	0
485	18	1
485	19	0
485	20	1
485	21	1
485	22	1
485	23	1
485	24	0
485	25	1
485	26	1
485	27	0
485	28	1
485	29	0
485	30	1
485	31	1
485	32	0
485	33	0
485	34	1
485	35	1
485	36	1
485	37	1
485	38	1
485	39	1
485	40	1
486	1	1
486	2	0
486	3	0
486	4	0
486	5	1
486	6	0
486	7	0
486	8	1
486	9	0
486	10	0
486	11	1
486	12	1
486	13	0
486	14	0
486	15	0
486	16	1
486	17	1
486	18	1
486	19	0
486	20	0
486	21	0
486	22	1
486	23	1
486	24	1
486	25	1
486	26	1
486	27	0
486	28	0
486	29	0
486	30	1
486	31	0
486	32	0
486	33	0
486	34	0
486	35	1
486	36	1
486	37	0
486	38	0
486	39	0
486	40	0
487	1	0
487	2	0
487	3	0
487	4	0
487	5	0
487	6	0
487	7	0
487	8	1
487	9	0
487	10	0
487	11	1
487	12	1
487	13	0
487	14	0
487	15	0
487	16	0
487	17	1
487	18	0
487	19	0
487	20	1
487	21	0
487	22	1
487	23	1
487	24	1
487	25	1
487	26	0
487	27	0
487	28	0
487	29	0
487	30	1
487	31	1
487	32	0
487	33	0
487	34	0
487	35	0
487	36	1
487	37	0
487	38	1
487	39	0
487	40	0
488	1	1
488	2	1
488	3	1
488	4	1
488	5	0
488	6	1
488	7	1
488	8	0
488	9	1
488	10	1
488	11	0
488	12	1
488	13	1
488	14	1
488	15	0
488	16	1
488	17	0
488	18	1
488	19	1
488	20	0
488	21	1
488	22	1
488	23	0
488	24	0
488	25	0
488	26	0
488	27	1
488	28	1
488	29	1
488	30	1
488	31	0
488	32	1
488	33	1
488	34	1
488	35	1
488	36	0
488	37	1
488	38	0
488	39	1
488	40	1
489	1	1
489	2	1
489	3	1
489	4	1
489	5	1
489	6	1
489	7	1
489	8	0
489	9	1
489	10	1
489	11	0
489	12	1
489	13	1
489	14	1
489	15	0
489	16	1
489	17	0
489	18	1
489	19	1
489	20	1
489	21	1
489	22	1
489	23	1
489	24	0
489	25	1
489	26	1
489	27	1
489	28	1
489	29	1
489	30	1
489	31	1
489	32	1
489	33	1
489	34	1
489	35	1
489	36	1
489	37	1
489	38	1
489	39	1
489	40	1
490	1	0
490	2	0
490	3	0
490	4	0
490	5	0
490	6	0
490	7	0
490	8	0
490	9	1
490	10	0
490	11	0
490	12	0
490	13	1
490	14	0
490	15	1
490	16	0
490	17	0
490	18	0
490	19	0
490	20	0
490	21	1
490	22	0
490	23	0
490	24	1
490	25	0
490	26	0
490	27	0
490	28	0
490	29	0
490	30	0
490	31	0
490	32	0
490	33	0
490	34	0
490	35	0
490	36	0
490	37	1
490	38	0
490	39	1
490	40	0
491	1	1
491	2	1
491	3	0
491	4	0
491	5	1
491	6	0
491	7	0
491	8	1
491	9	0
491	10	0
491	11	1
491	12	1
491	13	0
491	14	0
491	15	1
491	16	1
491	17	1
491	18	1
491	19	0
491	20	1
491	21	0
491	22	1
491	23	1
491	24	1
491	25	1
491	26	1
491	27	0
491	28	0
491	29	0
491	30	1
491	31	1
491	32	0
491	33	0
491	34	1
491	35	1
491	36	1
491	37	0
491	38	1
491	39	0
491	40	0
492	1	0
492	2	0
492	3	0
492	4	0
492	5	0
492	6	0
492	7	1
492	8	1
492	9	1
492	10	0
492	11	1
492	12	0
492	13	1
492	14	1
492	15	1
492	16	0
492	17	1
492	18	0
492	19	0
492	20	0
492	21	1
492	22	0
492	23	0
492	24	1
492	25	0
492	26	0
492	27	0
492	28	0
492	29	0
492	30	0
492	31	0
492	32	0
492	33	0
492	34	0
492	35	0
492	36	0
492	37	1
492	38	0
492	39	1
492	40	1
493	1	0
493	2	0
493	3	1
493	4	1
493	5	0
493	6	1
493	7	1
493	8	0
493	9	0
493	10	0
493	11	0
493	12	1
493	13	1
493	14	1
493	15	0
493	16	0
493	17	0
493	18	0
493	19	1
493	20	0
493	21	1
493	22	1
493	23	0
493	24	0
493	25	0
493	26	0
493	27	1
493	28	1
493	29	0
493	30	1
493	31	0
493	32	0
493	33	1
493	34	0
493	35	0
493	36	0
493	37	1
493	38	0
493	39	1
493	40	0
494	1	1
494	2	1
494	3	0
494	4	0
494	5	0
494	6	0
494	7	0
494	8	0
494	9	0
494	10	0
494	11	0
494	12	1
494	13	0
494	14	0
494	15	0
494	16	1
494	17	0
494	18	1
494	19	0
494	20	0
494	21	0
494	22	1
494	23	0
494	24	0
494	25	0
494	26	0
494	27	0
494	28	0
494	29	0
494	30	1
494	31	0
494	32	0
494	33	0
494	34	1
494	35	1
494	36	0
494	37	0
494	38	0
494	39	0
494	40	0
495	1	1
495	2	1
495	3	1
495	4	1
495	5	0
495	6	1
495	7	1
495	8	0
495	9	1
495	10	1
495	11	0
495	12	1
495	13	1
495	14	1
495	15	0
495	16	1
495	17	0
495	18	1
495	19	1
495	20	0
495	21	1
495	22	1
495	23	0
495	24	0
495	25	0
495	26	0
495	27	1
495	28	1
495	29	1
495	30	1
495	31	0
495	32	1
495	33	1
495	34	1
495	35	1
495	36	0
495	37	1
495	38	0
495	39	1
495	40	1
496	1	0
496	2	0
496	3	0
496	4	0
496	5	0
496	6	0
496	7	1
496	8	1
496	9	1
496	10	0
496	11	1
496	12	0
496	13	1
496	14	1
496	15	1
496	16	0
496	17	1
496	18	0
496	19	0
496	20	0
496	21	1
496	22	0
496	23	0
496	24	1
496	25	0
496	26	0
496	27	0
496	28	0
496	29	0
496	30	0
496	31	0
496	32	0
496	33	0
496	34	0
496	35	0
496	36	0
496	37	1
496	38	0
496	39	1
496	40	1
497	1	0
497	2	0
497	3	1
497	4	1
497	5	0
497	6	1
497	7	0
497	8	0
497	9	0
497	10	0
497	11	0
497	12	1
497	13	0
497	14	0
497	15	0
497	16	0
497	17	0
497	18	0
497	19	1
497	20	0
497	21	0
497	22	1
497	23	0
497	24	0
497	25	0
497	26	0
497	27	1
497	28	1
497	29	0
497	30	1
497	31	0
497	32	0
497	33	1
497	34	0
497	35	0
497	36	0
497	37	0
497	38	0
497	39	0
497	40	0
498	1	0
498	2	0
498	3	1
498	4	1
498	5	0
498	6	1
498	7	1
498	8	0
498	9	0
498	10	0
498	11	0
498	12	1
498	13	1
498	14	1
498	15	0
498	16	0
498	17	0
498	18	0
498	19	0
498	20	1
498	21	1
498	22	1
498	23	1
498	24	0
498	25	1
498	26	0
498	27	0
498	28	1
498	29	0
498	30	1
498	31	1
498	32	0
498	33	0
498	34	0
498	35	0
498	36	1
498	37	1
498	38	1
498	39	1
498	40	0
499	1	1
499	2	1
499	3	1
499	4	1
499	5	1
499	6	1
499	7	1
499	8	0
499	9	1
499	10	1
499	11	0
499	12	1
499	13	1
499	14	1
499	15	0
499	16	1
499	17	0
499	18	1
499	19	1
499	20	1
499	21	1
499	22	1
499	23	1
499	24	0
499	25	1
499	26	1
499	27	1
499	28	1
499	29	1
499	30	1
499	31	1
499	32	1
499	33	1
499	34	1
499	35	1
499	36	1
499	37	1
499	38	1
499	39	1
499	40	1
500	1	1
500	2	0
500	3	0
500	4	0
500	5	0
500	6	0
500	7	0
500	8	0
500	9	0
500	10	0
500	11	0
500	12	1
500	13	0
500	14	0
500	15	0
500	16	1
500	17	0
500	18	1
500	19	0
500	20	0
500	21	0
500	22	0
500	23	0
500	24	0
500	25	0
500	26	0
500	27	0
500	28	0
500	29	0
500	30	1
500	31	0
500	32	0
500	33	0
500	34	0
500	35	0
500	36	0
500	37	0
500	38	0
500	39	0
500	40	0
501	1	1
501	2	1
501	3	0
501	4	0
501	5	0
501	6	0
501	7	0
501	8	0
501	9	0
501	10	0
501	11	0
501	12	1
501	13	0
501	14	0
501	15	0
501	16	1
501	17	0
501	18	1
501	19	0
501	20	0
501	21	0
501	22	1
501	23	0
501	24	0
501	25	0
501	26	0
501	27	0
501	28	0
501	29	0
501	30	1
501	31	0
501	32	0
501	33	0
501	34	1
501	35	1
501	36	0
501	37	0
501	38	0
501	39	0
501	40	0
502	1	1
502	2	1
502	3	0
502	4	0
502	5	0
502	6	0
502	7	0
502	8	0
502	9	0
502	10	0
502	11	0
502	12	1
502	13	0
502	14	0
502	15	0
502	16	1
502	17	0
502	18	1
502	19	0
502	20	0
502	21	0
502	22	0
502	23	0
502	24	0
502	25	0
502	26	0
502	27	0
502	28	0
502	29	0
502	30	1
502	31	0
502	32	0
502	33	0
502	34	0
502	35	0
502	36	0
502	37	0
502	38	0
502	39	0
502	40	0
503	1	1
503	2	1
503	3	1
503	4	1
503	5	0
503	6	1
503	7	1
503	8	0
503	9	1
503	10	1
503	11	0
503	12	1
503	13	1
503	14	1
503	15	0
503	16	1
503	17	0
503	18	1
503	19	1
503	20	0
503	21	1
503	22	1
503	23	0
503	24	0
503	25	0
503	26	0
503	27	1
503	28	1
503	29	1
503	30	1
503	31	0
503	32	1
503	33	1
503	34	1
503	35	1
503	36	0
503	37	1
503	38	0
503	39	1
503	40	1
504	1	1
504	2	1
504	3	0
504	4	1
504	5	0
504	6	0
504	7	1
504	8	0
504	9	1
504	10	1
504	11	0
504	12	1
504	13	1
504	14	1
504	15	0
504	16	0
504	17	0
504	18	1
504	19	1
504	20	1
504	21	0
504	22	0
504	23	1
504	24	0
504	25	0
504	26	0
504	27	1
504	28	1
504	29	1
504	30	1
504	31	1
504	32	0
504	33	1
504	34	1
504	35	1
504	36	1
504	37	1
504	38	1
504	39	0
504	40	1
505	1	1
505	2	1
505	3	0
505	4	0
505	5	0
505	6	0
505	7	0
505	8	0
505	9	0
505	10	0
505	11	0
505	12	1
505	13	0
505	14	0
505	15	0
505	16	0
505	17	1
505	18	1
505	19	0
505	20	1
505	21	0
505	22	0
505	23	1
505	24	1
505	25	0
505	26	0
505	27	0
505	28	0
505	29	0
505	30	1
505	31	1
505	32	0
505	33	0
505	34	1
505	35	1
505	36	1
505	37	0
505	38	1
505	39	0
505	40	0
506	1	1
506	2	1
506	3	1
506	4	1
506	5	0
506	6	1
506	7	1
506	8	0
506	9	1
506	10	1
506	11	0
506	12	1
506	13	1
506	14	1
506	15	0
506	16	1
506	17	0
506	18	1
506	19	1
506	20	0
506	21	1
506	22	1
506	23	0
506	24	0
506	25	0
506	26	0
506	27	1
506	28	1
506	29	1
506	30	1
506	31	0
506	32	1
506	33	1
506	34	1
506	35	1
506	36	0
506	37	1
506	38	0
506	39	1
506	40	1
507	1	1
507	2	1
507	3	1
507	4	1
507	5	0
507	6	1
507	7	0
507	8	0
507	9	0
507	10	1
507	11	0
507	12	1
507	13	0
507	14	0
507	15	0
507	16	1
507	17	0
507	18	1
507	19	1
507	20	0
507	21	0
507	22	1
507	23	0
507	24	0
507	25	0
507	26	0
507	27	1
507	28	1
507	29	1
507	30	1
507	31	0
507	32	1
507	33	1
507	34	1
507	35	1
507	36	0
507	37	0
507	38	0
507	39	0
507	40	0
508	1	1
508	2	1
508	3	1
508	4	1
508	5	0
508	6	1
508	7	1
508	8	0
508	9	1
508	10	1
508	11	0
508	12	1
508	13	1
508	14	1
508	15	0
508	16	1
508	17	0
508	18	1
508	19	1
508	20	0
508	21	1
508	22	1
508	23	0
508	24	0
508	25	0
508	26	0
508	27	1
508	28	1
508	29	1
508	30	1
508	31	0
508	32	1
508	33	1
508	34	1
508	35	1
508	36	0
508	37	1
508	38	0
508	39	1
508	40	1
509	1	0
509	2	0
509	3	0
509	4	0
509	5	0
509	6	0
509	7	1
509	8	1
509	9	1
509	10	0
509	11	1
509	12	0
509	13	1
509	14	1
509	15	1
509	16	0
509	17	1
509	18	0
509	19	0
509	20	0
509	21	1
509	22	0
509	23	0
509	24	1
509	25	0
509	26	0
509	27	0
509	28	0
509	29	0
509	30	0
509	31	0
509	32	0
509	33	0
509	34	0
509	35	0
509	36	0
509	37	1
509	38	0
509	39	1
509	40	1
510	1	1
510	2	1
510	3	0
510	4	1
510	5	0
510	6	0
510	7	1
510	8	0
510	9	1
510	10	1
510	11	0
510	12	1
510	13	1
510	14	1
510	15	0
510	16	0
510	17	0
510	18	1
510	19	0
510	20	1
510	21	0
510	22	0
510	23	1
510	24	0
510	25	0
510	26	0
510	27	0
510	28	1
510	29	0
510	30	1
510	31	1
510	32	0
510	33	0
510	34	1
510	35	1
510	36	1
510	37	1
510	38	1
510	39	0
510	40	1
511	1	0
511	2	0
511	3	0
511	4	0
511	5	0
511	6	0
511	7	1
511	8	1
511	9	1
511	10	0
511	11	1
511	12	0
511	13	1
511	14	1
511	15	1
511	16	0
511	17	1
511	18	0
511	19	0
511	20	0
511	21	1
511	22	0
511	23	0
511	24	1
511	25	0
511	26	0
511	27	0
511	28	0
511	29	0
511	30	0
511	31	0
511	32	0
511	33	0
511	34	0
511	35	0
511	36	0
511	37	1
511	38	0
511	39	1
511	40	1
512	1	1
512	2	1
512	3	1
512	4	1
512	5	0
512	6	1
512	7	1
512	8	0
512	9	1
512	10	1
512	11	0
512	12	1
512	13	1
512	14	1
512	15	0
512	16	1
512	17	0
512	18	1
512	19	1
512	20	0
512	21	1
512	22	1
512	23	0
512	24	0
512	25	0
512	26	0
512	27	1
512	28	1
512	29	1
512	30	1
512	31	0
512	32	1
512	33	1
512	34	1
512	35	1
512	36	0
512	37	1
512	38	0
512	39	1
512	40	1
513	1	0
513	2	0
513	3	0
513	4	0
513	5	0
513	6	0
513	7	1
513	8	1
513	9	0
513	10	0
513	11	1
513	12	0
513	13	1
513	14	1
513	15	0
513	16	0
513	17	1
513	18	0
513	19	0
513	20	0
513	21	1
513	22	0
513	23	0
513	24	1
513	25	0
513	26	0
513	27	0
513	28	0
513	29	0
513	30	0
513	31	0
513	32	0
513	33	0
513	34	0
513	35	0
513	36	0
513	37	1
513	38	0
513	39	1
513	40	0
514	1	1
514	2	1
514	3	0
514	4	1
514	5	0
514	6	0
514	7	1
514	8	0
514	9	1
514	10	1
514	11	0
514	12	1
514	13	1
514	14	1
514	15	0
514	16	0
514	17	0
514	18	1
514	19	1
514	20	1
514	21	0
514	22	0
514	23	1
514	24	0
514	25	0
514	26	0
514	27	1
514	28	1
514	29	1
514	30	1
514	31	1
514	32	0
514	33	1
514	34	1
514	35	1
514	36	1
514	37	1
514	38	1
514	39	0
514	40	1
515	1	1
515	2	1
515	3	1
515	4	0
515	5	0
515	6	1
515	7	0
515	8	0
515	9	1
515	10	0
515	11	0
515	12	1
515	13	1
515	14	0
515	15	0
515	16	1
515	17	0
515	18	1
515	19	0
515	20	0
515	21	1
515	22	0
515	23	0
515	24	0
515	25	0
515	26	0
515	27	1
515	28	0
515	29	0
515	30	1
515	31	0
515	32	1
515	33	1
515	34	0
515	35	0
515	36	0
515	37	1
515	38	0
515	39	1
515	40	0
516	1	0
516	2	0
516	3	1
516	4	1
516	5	0
516	6	1
516	7	0
516	8	1
516	9	0
516	10	1
516	11	1
516	12	0
516	13	0
516	14	0
516	15	1
516	16	0
516	17	1
516	18	0
516	19	1
516	20	0
516	21	0
516	22	0
516	23	0
516	24	1
516	25	0
516	26	0
516	27	1
516	28	1
516	29	1
516	30	0
516	31	0
516	32	1
516	33	1
516	34	0
516	35	0
516	36	0
516	37	0
516	38	0
516	39	0
516	40	0
517	1	1
517	2	1
517	3	0
517	4	0
517	5	1
517	6	0
517	7	0
517	8	1
517	9	0
517	10	0
517	11	1
517	12	1
517	13	0
517	14	0
517	15	1
517	16	1
517	17	1
517	18	1
517	19	0
517	20	1
517	21	0
517	22	1
517	23	1
517	24	1
517	25	1
517	26	1
517	27	0
517	28	0
517	29	0
517	30	1
517	31	1
517	32	0
517	33	0
517	34	1
517	35	1
517	36	1
517	37	0
517	38	1
517	39	0
517	40	0
518	1	1
518	2	0
518	3	1
518	4	1
518	5	1
518	6	0
518	7	1
518	8	0
518	9	0
518	10	1
518	11	0
518	12	1
518	13	1
518	14	1
518	15	0
518	16	1
518	17	0
518	18	1
518	19	1
518	20	0
518	21	0
518	22	1
518	23	1
518	24	0
518	25	1
518	26	1
518	27	0
518	28	0
518	29	1
518	30	1
518	31	0
518	32	1
518	33	1
518	34	0
518	35	1
518	36	1
518	37	1
518	38	0
518	39	0
518	40	1
519	1	0
519	2	0
519	3	1
519	4	1
519	5	0
519	6	1
519	7	0
519	8	1
519	9	0
519	10	1
519	11	1
519	12	0
519	13	0
519	14	0
519	15	1
519	16	0
519	17	1
519	18	0
519	19	1
519	20	0
519	21	0
519	22	0
519	23	0
519	24	1
519	25	0
519	26	0
519	27	1
519	28	1
519	29	1
519	30	0
519	31	0
519	32	1
519	33	1
519	34	0
519	35	0
519	36	0
519	37	0
519	38	0
519	39	0
519	40	0
520	1	0
520	2	0
520	3	1
520	4	1
520	5	0
520	6	1
520	7	0
520	8	1
520	9	0
520	10	1
520	11	1
520	12	0
520	13	0
520	14	0
520	15	1
520	16	0
520	17	1
520	18	0
520	19	1
520	20	0
520	21	0
520	22	0
520	23	0
520	24	1
520	25	0
520	26	0
520	27	1
520	28	1
520	29	1
520	30	0
520	31	0
520	32	1
520	33	1
520	34	0
520	35	0
520	36	0
520	37	0
520	38	0
520	39	0
520	40	0
521	1	1
521	2	1
521	3	1
521	4	1
521	5	1
521	6	1
521	7	1
521	8	0
521	9	1
521	10	1
521	11	0
521	12	1
521	13	1
521	14	1
521	15	0
521	16	1
521	17	0
521	18	1
521	19	0
521	20	1
521	21	1
521	22	1
521	23	1
521	24	0
521	25	1
521	26	1
521	27	0
521	28	1
521	29	0
521	30	1
521	31	1
521	32	0
521	33	0
521	34	1
521	35	1
521	36	1
521	37	1
521	38	1
521	39	1
521	40	1
522	1	0
522	2	0
522	3	1
522	4	1
522	5	0
522	6	1
522	7	0
522	8	1
522	9	0
522	10	1
522	11	1
522	12	0
522	13	0
522	14	0
522	15	1
522	16	0
522	17	1
522	18	0
522	19	1
522	20	0
522	21	0
522	22	0
522	23	0
522	24	1
522	25	0
522	26	0
522	27	1
522	28	1
522	29	1
522	30	0
522	31	0
522	32	1
522	33	1
522	34	0
522	35	0
522	36	0
522	37	0
522	38	0
522	39	0
522	40	0
523	1	1
523	2	1
523	3	0
523	4	0
523	5	1
523	6	0
523	7	0
523	8	1
523	9	0
523	10	0
523	11	1
523	12	1
523	13	0
523	14	0
523	15	1
523	16	1
523	17	1
523	18	1
523	19	0
523	20	1
523	21	0
523	22	1
523	23	1
523	24	1
523	25	1
523	26	1
523	27	0
523	28	0
523	29	0
523	30	1
523	31	1
523	32	0
523	33	0
523	34	1
523	35	1
523	36	1
523	37	0
523	38	1
523	39	0
523	40	0
524	1	1
524	2	1
524	3	1
524	4	1
524	5	0
524	6	1
524	7	1
524	8	0
524	9	1
524	10	1
524	11	0
524	12	1
524	13	1
524	14	1
524	15	0
524	16	1
524	17	0
524	18	1
524	19	1
524	20	0
524	21	1
524	22	1
524	23	0
524	24	0
524	25	0
524	26	0
524	27	1
524	28	1
524	29	1
524	30	1
524	31	0
524	32	1
524	33	1
524	34	1
524	35	1
524	36	0
524	37	1
524	38	0
524	39	1
524	40	1
525	1	1
525	2	1
525	3	1
525	4	1
525	5	1
525	6	1
525	7	1
525	8	0
525	9	1
525	10	0
525	11	0
525	12	1
525	13	1
525	14	1
525	15	0
525	16	1
525	17	0
525	18	1
525	19	1
525	20	1
525	21	0
525	22	0
525	23	0
525	24	0
525	25	1
525	26	0
525	27	1
525	28	0
525	29	1
525	30	1
525	31	0
525	32	0
525	33	1
525	34	1
525	35	0
525	36	1
525	37	1
525	38	1
525	39	1
525	40	1
526	1	1
526	2	1
526	3	1
526	4	1
526	5	1
526	6	1
526	7	1
526	8	0
526	9	1
526	10	1
526	11	0
526	12	1
526	13	1
526	14	1
526	15	0
526	16	1
526	17	0
526	18	1
526	19	1
526	20	1
526	21	1
526	22	1
526	23	1
526	24	0
526	25	1
526	26	1
526	27	1
526	28	1
526	29	1
526	30	1
526	31	1
526	32	1
526	33	1
526	34	1
526	35	1
526	36	1
526	37	1
526	38	1
526	39	1
526	40	1
527	1	1
527	2	1
527	3	1
527	4	1
527	5	1
527	6	1
527	7	1
527	8	0
527	9	1
527	10	1
527	11	0
527	12	1
527	13	1
527	14	1
527	15	0
527	16	1
527	17	0
527	18	1
527	19	1
527	20	1
527	21	1
527	22	1
527	23	1
527	24	0
527	25	1
527	26	1
527	27	1
527	28	1
527	29	1
527	30	1
527	31	1
527	32	1
527	33	1
527	34	1
527	35	1
527	36	1
527	37	1
527	38	1
527	39	1
527	40	1
528	1	0
528	2	0
528	3	0
528	4	0
528	5	0
528	6	0
528	7	1
528	8	1
528	9	1
528	10	0
528	11	1
528	12	0
528	13	1
528	14	1
528	15	1
528	16	0
528	17	1
528	18	0
528	19	0
528	20	0
528	21	1
528	22	0
528	23	0
528	24	1
528	25	0
528	26	0
528	27	0
528	28	0
528	29	0
528	30	0
528	31	0
528	32	0
528	33	0
528	34	0
528	35	0
528	36	0
528	37	1
528	38	0
528	39	1
528	40	1
529	1	0
529	2	0
529	3	0
529	4	0
529	5	0
529	6	0
529	7	1
529	8	0
529	9	1
529	10	0
529	11	0
529	12	0
529	13	1
529	14	1
529	15	1
529	16	0
529	17	1
529	18	0
529	19	0
529	20	0
529	21	0
529	22	0
529	23	0
529	24	1
529	25	0
529	26	0
529	27	0
529	28	0
529	29	0
529	30	0
529	31	0
529	32	0
529	33	0
529	34	0
529	35	0
529	36	0
529	37	1
529	38	0
529	39	1
529	40	1
530	1	1
530	2	1
530	3	1
530	4	1
530	5	1
530	6	1
530	7	1
530	8	0
530	9	1
530	10	1
530	11	0
530	12	1
530	13	1
530	14	1
530	15	0
530	16	1
530	17	0
530	18	1
530	19	1
530	20	1
530	21	1
530	22	1
530	23	1
530	24	0
530	25	1
530	26	1
530	27	1
530	28	1
530	29	1
530	30	1
530	31	1
530	32	1
530	33	1
530	34	1
530	35	1
530	36	1
530	37	1
530	38	1
530	39	1
530	40	1
531	1	0
531	2	0
531	3	0
531	4	1
531	5	0
531	6	0
531	7	0
531	8	0
531	9	0
531	10	1
531	11	0
531	12	0
531	13	0
531	14	0
531	15	0
531	16	0
531	17	1
531	18	0
531	19	1
531	20	0
531	21	0
531	22	0
531	23	0
531	24	1
531	25	0
531	26	0
531	27	1
531	28	1
531	29	1
531	30	0
531	31	0
531	32	0
531	33	1
531	34	0
531	35	0
531	36	0
531	37	0
531	38	0
531	39	0
531	40	0
532	1	1
532	2	1
532	3	1
532	4	1
532	5	0
532	6	1
532	7	1
532	8	0
532	9	1
532	10	1
532	11	0
532	12	1
532	13	1
532	14	1
532	15	0
532	16	1
532	17	0
532	18	1
532	19	1
532	20	0
532	21	1
532	22	1
532	23	0
532	24	0
532	25	0
532	26	0
532	27	1
532	28	1
532	29	1
532	30	1
532	31	0
532	32	1
532	33	1
532	34	1
532	35	1
532	36	0
532	37	1
532	38	0
532	39	1
532	40	1
533	1	0
533	2	0
533	3	1
533	4	1
533	5	0
533	6	1
533	7	0
533	8	1
533	9	0
533	10	1
533	11	1
533	12	0
533	13	0
533	14	0
533	15	1
533	16	0
533	17	1
533	18	0
533	19	1
533	20	0
533	21	0
533	22	0
533	23	0
533	24	1
533	25	0
533	26	0
533	27	1
533	28	1
533	29	1
533	30	0
533	31	0
533	32	1
533	33	1
533	34	0
533	35	0
533	36	0
533	37	0
533	38	0
533	39	0
533	40	0
534	1	1
534	2	1
534	3	0
534	4	0
534	5	1
534	6	0
534	7	0
534	8	1
534	9	0
534	10	0
534	11	1
534	12	1
534	13	0
534	14	0
534	15	1
534	16	1
534	17	1
534	18	1
534	19	0
534	20	1
534	21	0
534	22	1
534	23	1
534	24	1
534	25	1
534	26	1
534	27	0
534	28	0
534	29	0
534	30	1
534	31	1
534	32	0
534	33	0
534	34	1
534	35	1
534	36	1
534	37	0
534	38	1
534	39	0
534	40	0
535	1	0
535	2	0
535	3	1
535	4	1
535	5	0
535	6	1
535	7	0
535	8	1
535	9	0
535	10	1
535	11	1
535	12	0
535	13	0
535	14	0
535	15	1
535	16	0
535	17	1
535	18	0
535	19	1
535	20	0
535	21	0
535	22	0
535	23	0
535	24	1
535	25	0
535	26	0
535	27	1
535	28	1
535	29	1
535	30	0
535	31	0
535	32	1
535	33	1
535	34	0
535	35	0
535	36	0
535	37	0
535	38	0
535	39	0
535	40	0
536	1	1
536	2	1
536	3	0
536	4	0
536	5	0
536	6	0
536	7	0
536	8	0
536	9	0
536	10	0
536	11	0
536	12	1
536	13	0
536	14	0
536	15	0
536	16	1
536	17	0
536	18	1
536	19	0
536	20	0
536	21	0
536	22	1
536	23	0
536	24	0
536	25	0
536	26	0
536	27	0
536	28	0
536	29	0
536	30	1
536	31	0
536	32	0
536	33	0
536	34	1
536	35	1
536	36	0
536	37	0
536	38	0
536	39	0
536	40	0
537	1	1
537	2	1
537	3	0
537	4	0
537	5	1
537	6	0
537	7	0
537	8	1
537	9	0
537	10	0
537	11	1
537	12	1
537	13	0
537	14	0
537	15	1
537	16	1
537	17	1
537	18	1
537	19	0
537	20	1
537	21	0
537	22	1
537	23	1
537	24	1
537	25	1
537	26	1
537	27	0
537	28	0
537	29	0
537	30	1
537	31	1
537	32	0
537	33	0
537	34	1
537	35	1
537	36	1
537	37	0
537	38	1
537	39	0
537	40	0
538	1	0
538	2	0
538	3	0
538	4	0
538	5	0
538	6	0
538	7	1
538	8	1
538	9	0
538	10	0
538	11	1
538	12	0
538	13	1
538	14	1
538	15	0
538	16	0
538	17	1
538	18	0
538	19	0
538	20	0
538	21	0
538	22	0
538	23	0
538	24	1
538	25	0
538	26	0
538	27	0
538	28	0
538	29	0
538	30	0
538	31	0
538	32	0
538	33	0
538	34	0
538	35	0
538	36	0
538	37	1
538	38	0
538	39	0
538	40	1
539	1	1
539	2	1
539	3	1
539	4	1
539	5	0
539	6	1
539	7	1
539	8	0
539	9	1
539	10	1
539	11	0
539	12	1
539	13	1
539	14	1
539	15	0
539	16	1
539	17	0
539	18	1
539	19	1
539	20	0
539	21	1
539	22	1
539	23	0
539	24	0
539	25	0
539	26	0
539	27	1
539	28	1
539	29	1
539	30	1
539	31	0
539	32	1
539	33	1
539	34	1
539	35	1
539	36	0
539	37	1
539	38	0
539	39	1
539	40	1
540	1	1
540	2	1
540	3	1
540	4	1
540	5	1
540	6	1
540	7	1
540	8	0
540	9	1
540	10	1
540	11	0
540	12	1
540	13	1
540	14	1
540	15	0
540	16	1
540	17	0
540	18	1
540	19	0
540	20	1
540	21	1
540	22	1
540	23	1
540	24	0
540	25	1
540	26	1
540	27	0
540	28	1
540	29	0
540	30	1
540	31	1
540	32	0
540	33	0
540	34	1
540	35	1
540	36	1
540	37	1
540	38	1
540	39	1
540	40	1
541	1	1
541	2	1
541	3	1
541	4	1
541	5	0
541	6	1
541	7	1
541	8	0
541	9	1
541	10	1
541	11	0
541	12	1
541	13	1
541	14	1
541	15	0
541	16	1
541	17	0
541	18	1
541	19	1
541	20	0
541	21	1
541	22	1
541	23	0
541	24	0
541	25	0
541	26	0
541	27	1
541	28	1
541	29	1
541	30	1
541	31	0
541	32	1
541	33	1
541	34	1
541	35	1
541	36	0
541	37	1
541	38	0
541	39	1
541	40	1
542	1	1
542	2	1
542	3	0
542	4	0
542	5	1
542	6	0
542	7	0
542	8	1
542	9	0
542	10	0
542	11	1
542	12	1
542	13	0
542	14	0
542	15	1
542	16	1
542	17	1
542	18	1
542	19	0
542	20	1
542	21	0
542	22	1
542	23	1
542	24	1
542	25	1
542	26	1
542	27	0
542	28	0
542	29	0
542	30	1
542	31	1
542	32	0
542	33	0
542	34	1
542	35	1
542	36	1
542	37	0
542	38	1
542	39	0
542	40	0
543	1	0
543	2	0
543	3	0
543	4	0
543	5	0
543	6	0
543	7	0
543	8	0
543	9	1
543	10	0
543	11	0
543	12	0
543	13	1
543	14	0
543	15	1
543	16	0
543	17	0
543	18	0
543	19	0
543	20	0
543	21	1
543	22	0
543	23	0
543	24	1
543	25	0
543	26	0
543	27	0
543	28	0
543	29	0
543	30	0
543	31	0
543	32	0
543	33	0
543	34	0
543	35	0
543	36	0
543	37	1
543	38	0
543	39	1
543	40	0
544	1	1
544	2	1
544	3	1
544	4	1
544	5	1
544	6	1
544	7	1
544	8	0
544	9	1
544	10	1
544	11	0
544	12	1
544	13	1
544	14	1
544	15	0
544	16	1
544	17	0
544	18	1
544	19	0
544	20	1
544	21	1
544	22	1
544	23	1
544	24	0
544	25	1
544	26	1
544	27	0
544	28	1
544	29	0
544	30	1
544	31	1
544	32	0
544	33	0
544	34	1
544	35	1
544	36	1
544	37	1
544	38	1
544	39	1
544	40	1
545	1	0
545	2	0
545	3	0
545	4	0
545	5	0
545	6	0
545	7	1
545	8	1
545	9	1
545	10	0
545	11	1
545	12	0
545	13	1
545	14	1
545	15	1
545	16	0
545	17	1
545	18	0
545	19	0
545	20	0
545	21	1
545	22	0
545	23	0
545	24	1
545	25	0
545	26	0
545	27	0
545	28	0
545	29	0
545	30	0
545	31	0
545	32	0
545	33	0
545	34	0
545	35	0
545	36	0
545	37	1
545	38	0
545	39	1
545	40	1
546	1	0
546	2	0
546	3	0
546	4	0
546	5	0
546	6	0
546	7	1
546	8	1
546	9	1
546	10	0
546	11	1
546	12	0
546	13	1
546	14	1
546	15	1
546	16	0
546	17	1
546	18	0
546	19	0
546	20	0
546	21	1
546	22	0
546	23	0
546	24	1
546	25	0
546	26	0
546	27	0
546	28	0
546	29	0
546	30	0
546	31	0
546	32	0
546	33	0
546	34	0
546	35	0
546	36	0
546	37	1
546	38	0
546	39	1
546	40	1
547	1	1
547	2	1
547	3	1
547	4	1
547	5	0
547	6	1
547	7	0
547	8	0
547	9	0
547	10	1
547	11	0
547	12	1
547	13	0
547	14	0
547	15	0
547	16	1
547	17	0
547	18	1
547	19	1
547	20	0
547	21	0
547	22	1
547	23	0
547	24	0
547	25	0
547	26	0
547	27	1
547	28	1
547	29	1
547	30	1
547	31	0
547	32	1
547	33	1
547	34	1
547	35	1
547	36	0
547	37	0
547	38	0
547	39	0
547	40	0
548	1	1
548	2	1
548	3	1
548	4	1
548	5	0
548	6	1
548	7	1
548	8	0
548	9	1
548	10	1
548	11	0
548	12	1
548	13	1
548	14	1
548	15	0
548	16	1
548	17	0
548	18	1
548	19	1
548	20	0
548	21	1
548	22	1
548	23	0
548	24	0
548	25	0
548	26	0
548	27	1
548	28	1
548	29	1
548	30	1
548	31	0
548	32	1
548	33	1
548	34	1
548	35	1
548	36	0
548	37	1
548	38	0
548	39	1
548	40	1
549	1	1
549	2	1
549	3	0
549	4	0
549	5	0
549	6	0
549	7	0
549	8	0
549	9	0
549	10	0
549	11	0
549	12	1
549	13	0
549	14	0
549	15	0
549	16	1
549	17	0
549	18	1
549	19	0
549	20	0
549	21	0
549	22	1
549	23	0
549	24	0
549	25	0
549	26	0
549	27	0
549	28	0
549	29	0
549	30	1
549	31	0
549	32	0
549	33	0
549	34	1
549	35	1
549	36	0
549	37	0
549	38	0
549	39	0
549	40	0
550	1	1
550	2	1
550	3	1
550	4	1
550	5	1
550	6	1
550	7	1
550	8	0
550	9	1
550	10	1
550	11	0
550	12	1
550	13	1
550	14	1
550	15	0
550	16	1
550	17	0
550	18	1
550	19	1
550	20	1
550	21	1
550	22	1
550	23	1
550	24	0
550	25	1
550	26	1
550	27	1
550	28	1
550	29	1
550	30	1
550	31	1
550	32	1
550	33	1
550	34	1
550	35	1
550	36	1
550	37	1
550	38	1
550	39	1
550	40	1
551	1	0
551	2	0
551	3	0
551	4	0
551	5	0
551	6	0
551	7	1
551	8	1
551	9	0
551	10	0
551	11	1
551	12	0
551	13	1
551	14	1
551	15	0
551	16	0
551	17	1
551	18	0
551	19	0
551	20	0
551	21	0
551	22	0
551	23	0
551	24	1
551	25	0
551	26	0
551	27	0
551	28	0
551	29	0
551	30	0
551	31	0
551	32	0
551	33	0
551	34	0
551	35	0
551	36	0
551	37	1
551	38	0
551	39	0
551	40	1
552	1	1
552	2	1
552	3	0
552	4	0
552	5	0
552	6	0
552	7	0
552	8	0
552	9	0
552	10	0
552	11	0
552	12	1
552	13	0
552	14	0
552	15	0
552	16	0
552	17	0
552	18	1
552	19	0
552	20	0
552	21	0
552	22	0
552	23	0
552	24	0
552	25	0
552	26	0
552	27	0
552	28	0
552	29	0
552	30	1
552	31	0
552	32	0
552	33	0
552	34	0
552	35	0
552	36	0
552	37	0
552	38	0
552	39	0
552	40	0
553	1	1
553	2	1
553	3	1
553	4	1
553	5	0
553	6	1
553	7	0
553	8	0
553	9	0
553	10	1
553	11	0
553	12	1
553	13	0
553	14	0
553	15	0
553	16	1
553	17	0
553	18	1
553	19	1
553	20	0
553	21	0
553	22	1
553	23	0
553	24	0
553	25	0
553	26	0
553	27	1
553	28	1
553	29	1
553	30	1
553	31	0
553	32	1
553	33	1
553	34	1
553	35	1
553	36	0
553	37	0
553	38	0
553	39	0
553	40	0
554	1	0
554	2	0
554	3	1
554	4	0
554	5	0
554	6	1
554	7	0
554	8	0
554	9	0
554	10	0
554	11	0
554	12	0
554	13	0
554	14	0
554	15	1
554	16	0
554	17	0
554	18	0
554	19	0
554	20	0
554	21	0
554	22	0
554	23	0
554	24	1
554	25	0
554	26	0
554	27	1
554	28	0
554	29	0
554	30	0
554	31	0
554	32	0
554	33	1
554	34	0
554	35	0
554	36	0
554	37	0
554	38	0
554	39	0
554	40	0
555	1	0
555	2	0
555	3	0
555	4	0
555	5	0
555	6	0
555	7	1
555	8	1
555	9	1
555	10	0
555	11	1
555	12	0
555	13	1
555	14	1
555	15	1
555	16	0
555	17	1
555	18	0
555	19	0
555	20	0
555	21	1
555	22	0
555	23	0
555	24	1
555	25	0
555	26	0
555	27	0
555	28	0
555	29	0
555	30	0
555	31	0
555	32	0
555	33	0
555	34	0
555	35	0
555	36	0
555	37	1
555	38	0
555	39	1
555	40	1
556	1	1
556	2	1
556	3	1
556	4	1
556	5	1
556	6	1
556	7	1
556	8	0
556	9	1
556	10	1
556	11	0
556	12	1
556	13	1
556	14	1
556	15	0
556	16	1
556	17	0
556	18	1
556	19	0
556	20	1
556	21	1
556	22	1
556	23	1
556	24	0
556	25	1
556	26	1
556	27	0
556	28	1
556	29	0
556	30	1
556	31	1
556	32	0
556	33	0
556	34	1
556	35	1
556	36	1
556	37	1
556	38	1
556	39	1
556	40	1
557	1	0
557	2	0
557	3	0
557	4	0
557	5	0
557	6	0
557	7	1
557	8	1
557	9	1
557	10	0
557	11	1
557	12	0
557	13	1
557	14	1
557	15	1
557	16	0
557	17	1
557	18	0
557	19	0
557	20	0
557	21	1
557	22	0
557	23	0
557	24	1
557	25	0
557	26	0
557	27	0
557	28	0
557	29	0
557	30	0
557	31	0
557	32	0
557	33	0
557	34	0
557	35	0
557	36	0
557	37	1
557	38	0
557	39	1
557	40	1
558	1	0
558	2	0
558	3	0
558	4	0
558	5	0
558	6	0
558	7	1
558	8	1
558	9	1
558	10	0
558	11	1
558	12	0
558	13	1
558	14	1
558	15	1
558	16	0
558	17	1
558	18	0
558	19	0
558	20	0
558	21	1
558	22	0
558	23	0
558	24	1
558	25	0
558	26	0
558	27	0
558	28	0
558	29	0
558	30	0
558	31	0
558	32	0
558	33	0
558	34	0
558	35	0
558	36	0
558	37	1
558	38	0
558	39	1
558	40	1
559	1	1
559	2	1
559	3	1
559	4	1
559	5	0
559	6	1
559	7	1
559	8	0
559	9	1
559	10	1
559	11	0
559	12	1
559	13	1
559	14	1
559	15	0
559	16	1
559	17	0
559	18	1
559	19	1
559	20	0
559	21	1
559	22	1
559	23	0
559	24	0
559	25	0
559	26	0
559	27	1
559	28	1
559	29	1
559	30	1
559	31	0
559	32	1
559	33	1
559	34	1
559	35	1
559	36	0
559	37	1
559	38	0
559	39	1
559	40	1
560	1	1
560	2	1
560	3	0
560	4	0
560	5	0
560	6	0
560	7	0
560	8	0
560	9	0
560	10	0
560	11	0
560	12	1
560	13	0
560	14	0
560	15	0
560	16	1
560	17	0
560	18	1
560	19	0
560	20	0
560	21	0
560	22	1
560	23	0
560	24	0
560	25	0
560	26	0
560	27	0
560	28	0
560	29	0
560	30	1
560	31	0
560	32	0
560	33	0
560	34	1
560	35	1
560	36	0
560	37	0
560	38	0
560	39	0
560	40	0
561	1	1
561	2	1
561	3	1
561	4	1
561	5	1
561	6	1
561	7	1
561	8	0
561	9	1
561	10	1
561	11	0
561	12	1
561	13	1
561	14	1
561	15	0
561	16	1
561	17	0
561	18	1
561	19	1
561	20	1
561	21	1
561	22	1
561	23	1
561	24	0
561	25	1
561	26	1
561	27	1
561	28	1
561	29	1
561	30	1
561	31	1
561	32	1
561	33	1
561	34	1
561	35	1
561	36	1
561	37	1
561	38	1
561	39	1
561	40	1
562	1	0
562	2	0
562	3	0
562	4	0
562	5	0
562	6	0
562	7	1
562	8	1
562	9	1
562	10	0
562	11	1
562	12	0
562	13	1
562	14	1
562	15	1
562	16	0
562	17	1
562	18	0
562	19	0
562	20	0
562	21	1
562	22	0
562	23	0
562	24	1
562	25	0
562	26	0
562	27	0
562	28	0
562	29	0
562	30	0
562	31	0
562	32	0
562	33	0
562	34	0
562	35	0
562	36	0
562	37	1
562	38	0
562	39	1
562	40	1
563	1	0
563	2	0
563	3	0
563	4	0
563	5	0
563	6	0
563	7	1
563	8	1
563	9	1
563	10	0
563	11	1
563	12	0
563	13	1
563	14	1
563	15	1
563	16	0
563	17	1
563	18	0
563	19	0
563	20	0
563	21	1
563	22	0
563	23	0
563	24	1
563	25	0
563	26	0
563	27	0
563	28	0
563	29	0
563	30	0
563	31	0
563	32	0
563	33	0
563	34	0
563	35	0
563	36	0
563	37	1
563	38	0
563	39	1
563	40	1
564	1	0
564	2	0
564	3	1
564	4	1
564	5	0
564	6	1
564	7	0
564	8	1
564	9	0
564	10	1
564	11	1
564	12	0
564	13	0
564	14	0
564	15	1
564	16	0
564	17	1
564	18	0
564	19	1
564	20	0
564	21	0
564	22	0
564	23	0
564	24	1
564	25	0
564	26	0
564	27	1
564	28	1
564	29	1
564	30	0
564	31	0
564	32	1
564	33	1
564	34	0
564	35	0
564	36	0
564	37	0
564	38	0
564	39	0
564	40	0
565	1	1
565	2	1
565	3	0
565	4	0
565	5	0
565	6	0
565	7	0
565	8	0
565	9	0
565	10	0
565	11	0
565	12	1
565	13	0
565	14	0
565	15	0
565	16	1
565	17	0
565	18	1
565	19	0
565	20	0
565	21	0
565	22	1
565	23	0
565	24	0
565	25	0
565	26	0
565	27	0
565	28	0
565	29	0
565	30	1
565	31	0
565	32	0
565	33	0
565	34	1
565	35	1
565	36	0
565	37	0
565	38	0
565	39	0
565	40	0
566	1	1
566	2	1
566	3	1
566	4	1
566	5	1
566	6	1
566	7	1
566	8	0
566	9	1
566	10	1
566	11	0
566	12	1
566	13	1
566	14	1
566	15	0
566	16	1
566	17	0
566	18	1
566	19	0
566	20	1
566	21	1
566	22	1
566	23	1
566	24	0
566	25	1
566	26	1
566	27	0
566	28	1
566	29	0
566	30	1
566	31	1
566	32	0
566	33	0
566	34	1
566	35	1
566	36	1
566	37	1
566	38	1
566	39	1
566	40	1
567	1	1
567	2	1
567	3	1
567	4	1
567	5	1
567	6	1
567	7	1
567	8	0
567	9	1
567	10	1
567	11	0
567	12	1
567	13	1
567	14	1
567	15	0
567	16	1
567	17	0
567	18	1
567	19	1
567	20	1
567	21	1
567	22	1
567	23	1
567	24	0
567	25	1
567	26	1
567	27	1
567	28	1
567	29	1
567	30	1
567	31	1
567	32	1
567	33	1
567	34	1
567	35	1
567	36	1
567	37	1
567	38	1
567	39	1
567	40	1
568	1	0
568	2	0
568	3	1
568	4	1
568	5	0
568	6	1
568	7	0
568	8	1
568	9	0
568	10	1
568	11	1
568	12	0
568	13	0
568	14	0
568	15	1
568	16	0
568	17	1
568	18	0
568	19	1
568	20	0
568	21	0
568	22	0
568	23	0
568	24	1
568	25	0
568	26	0
568	27	1
568	28	1
568	29	1
568	30	0
568	31	0
568	32	1
568	33	1
568	34	0
568	35	0
568	36	0
568	37	0
568	38	0
568	39	0
568	40	0
569	1	1
569	2	1
569	3	1
569	4	1
569	5	0
569	6	1
569	7	1
569	8	0
569	9	1
569	10	1
569	11	0
569	12	1
569	13	1
569	14	1
569	15	0
569	16	1
569	17	0
569	18	1
569	19	1
569	20	0
569	21	1
569	22	1
569	23	0
569	24	0
569	25	0
569	26	0
569	27	1
569	28	1
569	29	1
569	30	1
569	31	0
569	32	1
569	33	1
569	34	1
569	35	1
569	36	0
569	37	1
569	38	0
569	39	1
569	40	1
570	1	1
570	2	1
570	3	1
570	4	1
570	5	0
570	6	1
570	7	0
570	8	0
570	9	0
570	10	1
570	11	0
570	12	1
570	13	0
570	14	0
570	15	0
570	16	1
570	17	0
570	18	1
570	19	1
570	20	0
570	21	0
570	22	1
570	23	0
570	24	0
570	25	0
570	26	0
570	27	1
570	28	1
570	29	1
570	30	1
570	31	0
570	32	1
570	33	1
570	34	1
570	35	1
570	36	0
570	37	0
570	38	0
570	39	0
570	40	0
571	1	1
571	2	1
571	3	0
571	4	0
571	5	0
571	6	0
571	7	0
571	8	0
571	9	0
571	10	0
571	11	0
571	12	1
571	13	0
571	14	0
571	15	0
571	16	1
571	17	0
571	18	1
571	19	0
571	20	0
571	21	0
571	22	1
571	23	0
571	24	0
571	25	0
571	26	0
571	27	0
571	28	0
571	29	0
571	30	1
571	31	0
571	32	0
571	33	0
571	34	1
571	35	1
571	36	0
571	37	0
571	38	0
571	39	0
571	40	0
572	1	1
572	2	1
572	3	1
572	4	1
572	5	0
572	6	1
572	7	1
572	8	0
572	9	1
572	10	1
572	11	0
572	12	1
572	13	1
572	14	1
572	15	0
572	16	1
572	17	0
572	18	1
572	19	1
572	20	0
572	21	1
572	22	1
572	23	0
572	24	0
572	25	0
572	26	0
572	27	1
572	28	1
572	29	1
572	30	1
572	31	0
572	32	1
572	33	1
572	34	1
572	35	1
572	36	0
572	37	1
572	38	0
572	39	1
572	40	1
573	1	1
573	2	1
573	3	1
573	4	1
573	5	0
573	6	1
573	7	1
573	8	0
573	9	1
573	10	1
573	11	0
573	12	1
573	13	1
573	14	1
573	15	0
573	16	1
573	17	0
573	18	1
573	19	1
573	20	0
573	21	1
573	22	1
573	23	0
573	24	0
573	25	0
573	26	0
573	27	1
573	28	1
573	29	1
573	30	1
573	31	0
573	32	1
573	33	1
573	34	1
573	35	1
573	36	0
573	37	1
573	38	0
573	39	1
573	40	1
574	1	1
574	2	1
574	3	1
574	4	1
574	5	0
574	6	1
574	7	1
574	8	0
574	9	1
574	10	1
574	11	0
574	12	1
574	13	1
574	14	1
574	15	0
574	16	1
574	17	0
574	18	1
574	19	1
574	20	0
574	21	1
574	22	1
574	23	0
574	24	0
574	25	0
574	26	0
574	27	1
574	28	1
574	29	1
574	30	1
574	31	0
574	32	1
574	33	1
574	34	1
574	35	1
574	36	0
574	37	1
574	38	0
574	39	1
574	40	1
575	1	1
575	2	1
575	3	0
575	4	0
575	5	1
575	6	0
575	7	0
575	8	1
575	9	0
575	10	0
575	11	1
575	12	1
575	13	0
575	14	0
575	15	1
575	16	1
575	17	1
575	18	1
575	19	0
575	20	1
575	21	0
575	22	1
575	23	1
575	24	1
575	25	1
575	26	1
575	27	0
575	28	0
575	29	0
575	30	1
575	31	1
575	32	0
575	33	0
575	34	1
575	35	1
575	36	1
575	37	0
575	38	1
575	39	0
575	40	0
576	1	1
576	2	1
576	3	0
576	4	0
576	5	1
576	6	0
576	7	0
576	8	1
576	9	0
576	10	0
576	11	1
576	12	1
576	13	0
576	14	0
576	15	1
576	16	1
576	17	1
576	18	1
576	19	0
576	20	1
576	21	0
576	22	1
576	23	1
576	24	1
576	25	1
576	26	1
576	27	0
576	28	0
576	29	0
576	30	1
576	31	1
576	32	0
576	33	0
576	34	1
576	35	1
576	36	1
576	37	0
576	38	1
576	39	0
576	40	0
577	1	1
577	2	1
577	3	0
577	4	0
577	5	1
577	6	0
577	7	0
577	8	0
577	9	0
577	10	0
577	11	0
577	12	1
577	13	0
577	14	0
577	15	1
577	16	1
577	17	0
577	18	1
577	19	0
577	20	0
577	21	0
577	22	0
577	23	0
577	24	1
577	25	0
577	26	1
577	27	0
577	28	0
577	29	0
577	30	1
577	31	0
577	32	0
577	33	0
577	34	0
577	35	0
577	36	1
577	37	0
577	38	1
577	39	0
577	40	0
578	1	0
578	2	0
578	3	0
578	4	0
578	5	0
578	6	0
578	7	1
578	8	1
578	9	1
578	10	0
578	11	1
578	12	0
578	13	1
578	14	1
578	15	1
578	16	0
578	17	1
578	18	0
578	19	0
578	20	0
578	21	1
578	22	0
578	23	0
578	24	1
578	25	0
578	26	0
578	27	0
578	28	0
578	29	0
578	30	0
578	31	0
578	32	0
578	33	0
578	34	0
578	35	0
578	36	0
578	37	1
578	38	0
578	39	1
578	40	1
579	1	1
579	2	1
579	3	0
579	4	0
579	5	0
579	6	0
579	7	0
579	8	0
579	9	0
579	10	0
579	11	0
579	12	1
579	13	0
579	14	0
579	15	0
579	16	1
579	17	0
579	18	1
579	19	0
579	20	0
579	21	0
579	22	1
579	23	0
579	24	0
579	25	0
579	26	0
579	27	0
579	28	0
579	29	0
579	30	1
579	31	0
579	32	0
579	33	0
579	34	1
579	35	1
579	36	0
579	37	0
579	38	0
579	39	0
579	40	0
580	1	1
580	2	1
580	3	0
580	4	0
580	5	0
580	6	0
580	7	0
580	8	0
580	9	0
580	10	0
580	11	0
580	12	1
580	13	0
580	14	0
580	15	0
580	16	1
580	17	0
580	18	1
580	19	0
580	20	0
580	21	0
580	22	1
580	23	0
580	24	0
580	25	0
580	26	0
580	27	0
580	28	0
580	29	0
580	30	1
580	31	0
580	32	0
580	33	0
580	34	1
580	35	1
580	36	0
580	37	0
580	38	0
580	39	0
580	40	0
581	1	1
581	2	0
581	3	1
581	4	1
581	5	1
581	6	0
581	7	1
581	8	0
581	9	0
581	10	1
581	11	0
581	12	1
581	13	1
581	14	1
581	15	0
581	16	1
581	17	0
581	18	1
581	19	1
581	20	0
581	21	0
581	22	1
581	23	1
581	24	0
581	25	1
581	26	1
581	27	0
581	28	0
581	29	1
581	30	1
581	31	0
581	32	1
581	33	1
581	34	0
581	35	1
581	36	1
581	37	1
581	38	0
581	39	0
581	40	1
582	1	1
582	2	1
582	3	1
582	4	1
582	5	1
582	6	1
582	7	1
582	8	0
582	9	1
582	10	1
582	11	0
582	12	1
582	13	1
582	14	1
582	15	0
582	16	1
582	17	0
582	18	1
582	19	1
582	20	1
582	21	1
582	22	1
582	23	1
582	24	0
582	25	1
582	26	1
582	27	1
582	28	1
582	29	1
582	30	1
582	31	1
582	32	1
582	33	1
582	34	1
582	35	1
582	36	1
582	37	1
582	38	1
582	39	1
582	40	1
583	1	1
583	2	1
583	3	1
583	4	1
583	5	1
583	6	1
583	7	1
583	8	0
583	9	1
583	10	1
583	11	0
583	12	1
583	13	1
583	14	1
583	15	0
583	16	1
583	17	0
583	18	1
583	19	1
583	20	1
583	21	1
583	22	1
583	23	1
583	24	0
583	25	1
583	26	1
583	27	1
583	28	1
583	29	1
583	30	1
583	31	1
583	32	1
583	33	1
583	34	1
583	35	1
583	36	1
583	37	1
583	38	1
583	39	1
583	40	1
584	1	0
584	2	0
584	3	0
584	4	0
584	5	0
584	6	0
584	7	1
584	8	1
584	9	1
584	10	0
584	11	1
584	12	0
584	13	1
584	14	1
584	15	1
584	16	0
584	17	1
584	18	0
584	19	0
584	20	0
584	21	1
584	22	0
584	23	0
584	24	1
584	25	0
584	26	0
584	27	0
584	28	0
584	29	0
584	30	0
584	31	0
584	32	0
584	33	0
584	34	0
584	35	0
584	36	0
584	37	1
584	38	0
584	39	1
584	40	1
585	1	0
585	2	0
585	3	1
585	4	1
585	5	0
585	6	1
585	7	0
585	8	1
585	9	0
585	10	1
585	11	1
585	12	0
585	13	0
585	14	0
585	15	1
585	16	0
585	17	1
585	18	0
585	19	1
585	20	0
585	21	0
585	22	0
585	23	0
585	24	1
585	25	0
585	26	0
585	27	1
585	28	1
585	29	1
585	30	0
585	31	0
585	32	1
585	33	1
585	34	0
585	35	0
585	36	0
585	37	0
585	38	0
585	39	0
585	40	0
586	1	1
586	2	1
586	3	1
586	4	1
586	5	0
586	6	1
586	7	1
586	8	0
586	9	1
586	10	1
586	11	0
586	12	1
586	13	1
586	14	1
586	15	0
586	16	1
586	17	0
586	18	1
586	19	1
586	20	0
586	21	1
586	22	1
586	23	0
586	24	0
586	25	0
586	26	0
586	27	1
586	28	1
586	29	1
586	30	1
586	31	0
586	32	1
586	33	1
586	34	1
586	35	1
586	36	0
586	37	1
586	38	0
586	39	1
586	40	1
587	1	0
587	2	0
587	3	1
587	4	1
587	5	0
587	6	1
587	7	0
587	8	1
587	9	0
587	10	1
587	11	1
587	12	0
587	13	0
587	14	0
587	15	1
587	16	0
587	17	1
587	18	0
587	19	1
587	20	0
587	21	0
587	22	0
587	23	0
587	24	1
587	25	0
587	26	0
587	27	1
587	28	1
587	29	1
587	30	0
587	31	0
587	32	1
587	33	1
587	34	0
587	35	0
587	36	0
587	37	0
587	38	0
587	39	0
587	40	0
588	1	0
588	2	0
588	3	0
588	4	0
588	5	0
588	6	0
588	7	1
588	8	1
588	9	1
588	10	0
588	11	1
588	12	0
588	13	1
588	14	1
588	15	1
588	16	0
588	17	1
588	18	0
588	19	0
588	20	0
588	21	1
588	22	0
588	23	0
588	24	1
588	25	0
588	26	0
588	27	0
588	28	0
588	29	0
588	30	0
588	31	0
588	32	0
588	33	0
588	34	0
588	35	0
588	36	0
588	37	1
588	38	0
588	39	1
588	40	1
589	1	1
589	2	0
589	3	1
589	4	1
589	5	0
589	6	0
589	7	1
589	8	0
589	9	0
589	10	1
589	11	0
589	12	1
589	13	1
589	14	1
589	15	0
589	16	1
589	17	0
589	18	1
589	19	1
589	20	0
589	21	0
589	22	1
589	23	0
589	24	0
589	25	0
589	26	0
589	27	0
589	28	0
589	29	1
589	30	1
589	31	0
589	32	1
589	33	1
589	34	0
589	35	1
589	36	0
589	37	1
589	38	0
589	39	0
589	40	1
590	1	1
590	2	1
590	3	0
590	4	0
590	5	1
590	6	0
590	7	0
590	8	1
590	9	0
590	10	0
590	11	1
590	12	1
590	13	0
590	14	0
590	15	1
590	16	1
590	17	1
590	18	1
590	19	0
590	20	1
590	21	0
590	22	1
590	23	1
590	24	1
590	25	1
590	26	1
590	27	0
590	28	0
590	29	0
590	30	1
590	31	1
590	32	0
590	33	0
590	34	1
590	35	1
590	36	1
590	37	0
590	38	1
590	39	0
590	40	0
591	1	0
591	2	0
591	3	0
591	4	0
591	5	0
591	6	0
591	7	1
591	8	1
591	9	1
591	10	0
591	11	1
591	12	0
591	13	1
591	14	1
591	15	1
591	16	0
591	17	1
591	18	0
591	19	0
591	20	0
591	21	1
591	22	0
591	23	0
591	24	1
591	25	0
591	26	0
591	27	0
591	28	0
591	29	0
591	30	0
591	31	0
591	32	0
591	33	0
591	34	0
591	35	0
591	36	0
591	37	1
591	38	0
591	39	1
591	40	1
592	1	1
592	2	0
592	3	0
592	4	0
592	5	0
592	6	0
592	7	0
592	8	0
592	9	0
592	10	0
592	11	0
592	12	1
592	13	0
592	14	0
592	15	0
592	16	1
592	17	0
592	18	1
592	19	0
592	20	0
592	21	0
592	22	1
592	23	0
592	24	0
592	25	0
592	26	0
592	27	0
592	28	0
592	29	0
592	30	1
592	31	0
592	32	0
592	33	0
592	34	0
592	35	1
592	36	0
592	37	0
592	38	0
592	39	0
592	40	0
593	1	1
593	2	1
593	3	1
593	4	1
593	5	1
593	6	1
593	7	1
593	8	0
593	9	1
593	10	1
593	11	0
593	12	1
593	13	1
593	14	1
593	15	0
593	16	1
593	17	0
593	18	1
593	19	1
593	20	1
593	21	1
593	22	1
593	23	1
593	24	0
593	25	1
593	26	1
593	27	1
593	28	1
593	29	1
593	30	1
593	31	1
593	32	1
593	33	1
593	34	1
593	35	1
593	36	1
593	37	1
593	38	1
593	39	1
593	40	1
594	1	0
594	2	0
594	3	0
594	4	0
594	5	0
594	6	0
594	7	1
594	8	1
594	9	0
594	10	0
594	11	1
594	12	0
594	13	1
594	14	1
594	15	0
594	16	0
594	17	1
594	18	0
594	19	0
594	20	0
594	21	1
594	22	0
594	23	0
594	24	1
594	25	0
594	26	0
594	27	0
594	28	0
594	29	0
594	30	0
594	31	0
594	32	0
594	33	0
594	34	0
594	35	0
594	36	0
594	37	1
594	38	0
594	39	1
594	40	0
595	1	1
595	2	1
595	3	1
595	4	1
595	5	0
595	6	1
595	7	1
595	8	0
595	9	1
595	10	1
595	11	0
595	12	1
595	13	1
595	14	1
595	15	0
595	16	1
595	17	0
595	18	1
595	19	1
595	20	0
595	21	1
595	22	1
595	23	0
595	24	0
595	25	0
595	26	0
595	27	1
595	28	1
595	29	1
595	30	1
595	31	0
595	32	1
595	33	1
595	34	1
595	35	1
595	36	0
595	37	1
595	38	0
595	39	1
595	40	1
596	1	1
596	2	1
596	3	1
596	4	1
596	5	1
596	6	1
596	7	1
596	8	0
596	9	1
596	10	1
596	11	0
596	12	1
596	13	1
596	14	1
596	15	0
596	16	1
596	17	0
596	18	1
596	19	0
596	20	1
596	21	1
596	22	1
596	23	1
596	24	0
596	25	1
596	26	1
596	27	0
596	28	1
596	29	0
596	30	1
596	31	1
596	32	0
596	33	0
596	34	1
596	35	1
596	36	1
596	37	1
596	38	1
596	39	1
596	40	1
597	1	0
597	2	0
597	3	1
597	4	1
597	5	0
597	6	1
597	7	0
597	8	1
597	9	0
597	10	1
597	11	1
597	12	0
597	13	0
597	14	0
597	15	1
597	16	0
597	17	1
597	18	0
597	19	1
597	20	0
597	21	0
597	22	0
597	23	0
597	24	1
597	25	0
597	26	0
597	27	1
597	28	1
597	29	1
597	30	0
597	31	0
597	32	1
597	33	1
597	34	0
597	35	0
597	36	0
597	37	0
597	38	0
597	39	0
597	40	0
598	1	0
598	2	0
598	3	0
598	4	0
598	5	0
598	6	0
598	7	1
598	8	1
598	9	1
598	10	0
598	11	1
598	12	0
598	13	1
598	14	1
598	15	1
598	16	0
598	17	1
598	18	0
598	19	0
598	20	0
598	21	1
598	22	0
598	23	0
598	24	1
598	25	0
598	26	0
598	27	0
598	28	0
598	29	0
598	30	0
598	31	0
598	32	0
598	33	0
598	34	0
598	35	0
598	36	0
598	37	1
598	38	0
598	39	1
598	40	1
599	1	1
599	2	1
599	3	0
599	4	0
599	5	1
599	6	0
599	7	0
599	8	1
599	9	0
599	10	0
599	11	1
599	12	1
599	13	0
599	14	0
599	15	1
599	16	1
599	17	1
599	18	1
599	19	0
599	20	1
599	21	0
599	22	1
599	23	1
599	24	1
599	25	1
599	26	1
599	27	0
599	28	0
599	29	0
599	30	1
599	31	1
599	32	0
599	33	0
599	34	1
599	35	1
599	36	1
599	37	0
599	38	1
599	39	0
599	40	0
600	1	1
600	2	1
600	3	0
600	4	0
600	5	0
600	6	0
600	7	0
600	8	0
600	9	0
600	10	0
600	11	0
600	12	1
600	13	0
600	14	0
600	15	0
600	16	1
600	17	0
600	18	1
600	19	0
600	20	0
600	21	0
600	22	1
600	23	0
600	24	0
600	25	0
600	26	0
600	27	0
600	28	0
600	29	0
600	30	1
600	31	0
600	32	0
600	33	0
600	34	1
600	35	1
600	36	0
600	37	0
600	38	0
600	39	0
600	40	0
601	1	1
601	2	1
601	3	0
601	4	0
601	5	0
601	6	0
601	7	0
601	8	0
601	9	0
601	10	0
601	11	0
601	12	1
601	13	0
601	14	0
601	15	0
601	16	1
601	17	0
601	18	1
601	19	0
601	20	0
601	21	0
601	22	1
601	23	0
601	24	0
601	25	0
601	26	0
601	27	0
601	28	0
601	29	0
601	30	1
601	31	0
601	32	0
601	33	0
601	34	1
601	35	1
601	36	0
601	37	0
601	38	0
601	39	0
601	40	0
602	1	1
602	2	1
602	3	1
602	4	1
602	5	0
602	6	1
602	7	1
602	8	0
602	9	1
602	10	1
602	11	0
602	12	1
602	13	1
602	14	1
602	15	0
602	16	1
602	17	0
602	18	1
602	19	1
602	20	0
602	21	1
602	22	1
602	23	0
602	24	0
602	25	0
602	26	0
602	27	1
602	28	1
602	29	1
602	30	1
602	31	0
602	32	1
602	33	1
602	34	1
602	35	1
602	36	0
602	37	1
602	38	0
602	39	1
602	40	1
603	1	0
603	2	0
603	3	1
603	4	1
603	5	0
603	6	1
603	7	1
603	8	0
603	9	0
603	10	0
603	11	0
603	12	1
603	13	1
603	14	1
603	15	0
603	16	0
603	17	0
603	18	0
603	19	1
603	20	1
603	21	1
603	22	1
603	23	1
603	24	0
603	25	1
603	26	0
603	27	1
603	28	1
603	29	0
603	30	1
603	31	1
603	32	0
603	33	1
603	34	0
603	35	0
603	36	1
603	37	1
603	38	1
603	39	1
603	40	0
604	1	1
604	2	1
604	3	0
604	4	0
604	5	0
604	6	0
604	7	0
604	8	0
604	9	0
604	10	0
604	11	0
604	12	1
604	13	0
604	14	0
604	15	0
604	16	1
604	17	0
604	18	1
604	19	0
604	20	0
604	21	0
604	22	1
604	23	0
604	24	0
604	25	0
604	26	0
604	27	0
604	28	0
604	29	0
604	30	1
604	31	0
604	32	0
604	33	0
604	34	1
604	35	1
604	36	0
604	37	0
604	38	0
604	39	0
604	40	0
605	1	1
605	2	1
605	3	1
605	4	1
605	5	0
605	6	1
605	7	1
605	8	0
605	9	1
605	10	1
605	11	0
605	12	1
605	13	1
605	14	1
605	15	0
605	16	1
605	17	0
605	18	1
605	19	1
605	20	0
605	21	1
605	22	1
605	23	0
605	24	0
605	25	0
605	26	0
605	27	1
605	28	1
605	29	1
605	30	1
605	31	0
605	32	1
605	33	1
605	34	1
605	35	1
605	36	0
605	37	1
605	38	0
605	39	1
605	40	1
606	1	1
606	2	1
606	3	0
606	4	0
606	5	1
606	6	0
606	7	0
606	8	1
606	9	0
606	10	0
606	11	1
606	12	1
606	13	0
606	14	0
606	15	1
606	16	1
606	17	1
606	18	1
606	19	0
606	20	1
606	21	0
606	22	1
606	23	1
606	24	1
606	25	1
606	26	1
606	27	0
606	28	0
606	29	0
606	30	1
606	31	1
606	32	0
606	33	0
606	34	1
606	35	1
606	36	1
606	37	0
606	38	1
606	39	0
606	40	0
607	1	1
607	2	1
607	3	1
607	4	1
607	5	0
607	6	1
607	7	1
607	8	0
607	9	1
607	10	1
607	11	0
607	12	1
607	13	1
607	14	1
607	15	0
607	16	1
607	17	0
607	18	1
607	19	1
607	20	0
607	21	1
607	22	1
607	23	0
607	24	0
607	25	0
607	26	0
607	27	1
607	28	1
607	29	1
607	30	1
607	31	0
607	32	1
607	33	1
607	34	1
607	35	1
607	36	0
607	37	1
607	38	0
607	39	1
607	40	1
608	1	1
608	2	1
608	3	1
608	4	1
608	5	1
608	6	1
608	7	1
608	8	0
608	9	1
608	10	1
608	11	0
608	12	1
608	13	1
608	14	1
608	15	0
608	16	1
608	17	0
608	18	1
608	19	1
608	20	1
608	21	1
608	22	1
608	23	1
608	24	0
608	25	1
608	26	1
608	27	1
608	28	1
608	29	1
608	30	1
608	31	1
608	32	1
608	33	1
608	34	1
608	35	1
608	36	1
608	37	1
608	38	1
608	39	1
608	40	1
609	1	0
609	2	0
609	3	0
609	4	0
609	5	0
609	6	0
609	7	1
609	8	1
609	9	1
609	10	0
609	11	1
609	12	0
609	13	1
609	14	1
609	15	1
609	16	0
609	17	1
609	18	0
609	19	0
609	20	0
609	21	1
609	22	0
609	23	0
609	24	1
609	25	0
609	26	0
609	27	0
609	28	0
609	29	0
609	30	0
609	31	0
609	32	0
609	33	0
609	34	0
609	35	0
609	36	0
609	37	1
609	38	0
609	39	1
609	40	1
610	1	0
610	2	0
610	3	0
610	4	0
610	5	0
610	6	0
610	7	1
610	8	1
610	9	1
610	10	0
610	11	1
610	12	0
610	13	1
610	14	1
610	15	1
610	16	0
610	17	1
610	18	0
610	19	0
610	20	0
610	21	1
610	22	0
610	23	0
610	24	1
610	25	0
610	26	0
610	27	0
610	28	0
610	29	0
610	30	0
610	31	0
610	32	0
610	33	0
610	34	0
610	35	0
610	36	0
610	37	1
610	38	0
610	39	1
610	40	1
611	1	1
611	2	0
611	3	1
611	4	1
611	5	0
611	6	0
611	7	0
611	8	0
611	9	0
611	10	1
611	11	0
611	12	1
611	13	0
611	14	0
611	15	0
611	16	1
611	17	0
611	18	1
611	19	1
611	20	0
611	21	0
611	22	1
611	23	0
611	24	0
611	25	0
611	26	0
611	27	0
611	28	0
611	29	1
611	30	1
611	31	0
611	32	1
611	33	1
611	34	0
611	35	1
611	36	0
611	37	0
611	38	0
611	39	0
611	40	0
612	1	1
612	2	1
612	3	0
612	4	0
612	5	1
612	6	0
612	7	0
612	8	1
612	9	0
612	10	0
612	11	1
612	12	1
612	13	0
612	14	0
612	15	1
612	16	1
612	17	1
612	18	1
612	19	0
612	20	1
612	21	0
612	22	1
612	23	1
612	24	1
612	25	1
612	26	1
612	27	0
612	28	0
612	29	0
612	30	1
612	31	1
612	32	0
612	33	0
612	34	1
612	35	1
612	36	1
612	37	0
612	38	1
612	39	0
612	40	0
613	1	0
613	2	0
613	3	0
613	4	0
613	5	0
613	6	0
613	7	1
613	8	1
613	9	1
613	10	0
613	11	1
613	12	0
613	13	1
613	14	1
613	15	1
613	16	0
613	17	1
613	18	0
613	19	0
613	20	0
613	21	1
613	22	0
613	23	0
613	24	1
613	25	0
613	26	0
613	27	0
613	28	0
613	29	0
613	30	0
613	31	0
613	32	0
613	33	0
613	34	0
613	35	0
613	36	0
613	37	1
613	38	0
613	39	1
613	40	1
614	1	0
614	2	0
614	3	1
614	4	1
614	5	0
614	6	1
614	7	0
614	8	0
614	9	0
614	10	0
614	11	0
614	12	0
614	13	0
614	14	0
614	15	1
614	16	0
614	17	1
614	18	0
614	19	1
614	20	0
614	21	0
614	22	0
614	23	0
614	24	1
614	25	0
614	26	0
614	27	1
614	28	0
614	29	1
614	30	0
614	31	0
614	32	0
614	33	1
614	34	0
614	35	0
614	36	0
614	37	0
614	38	0
614	39	0
614	40	0
615	1	0
615	2	0
615	3	1
615	4	1
615	5	0
615	6	1
615	7	0
615	8	0
615	9	0
615	10	0
615	11	0
615	12	1
615	13	0
615	14	0
615	15	0
615	16	0
615	17	0
615	18	0
615	19	1
615	20	0
615	21	0
615	22	0
615	23	0
615	24	0
615	25	0
615	26	0
615	27	1
615	28	0
615	29	0
615	30	1
615	31	0
615	32	0
615	33	1
615	34	0
615	35	0
615	36	0
615	37	0
615	38	0
615	39	0
615	40	0
616	1	1
616	2	1
616	3	1
616	4	1
616	5	0
616	6	1
616	7	1
616	8	0
616	9	1
616	10	1
616	11	0
616	12	1
616	13	1
616	14	1
616	15	0
616	16	1
616	17	0
616	18	1
616	19	1
616	20	0
616	21	1
616	22	1
616	23	0
616	24	0
616	25	0
616	26	0
616	27	1
616	28	1
616	29	1
616	30	1
616	31	0
616	32	1
616	33	1
616	34	1
616	35	1
616	36	0
616	37	1
616	38	0
616	39	1
616	40	1
617	1	1
617	2	1
617	3	1
617	4	1
617	5	0
617	6	1
617	7	1
617	8	0
617	9	1
617	10	1
617	11	0
617	12	1
617	13	1
617	14	1
617	15	0
617	16	1
617	17	0
617	18	1
617	19	1
617	20	0
617	21	1
617	22	1
617	23	0
617	24	0
617	25	0
617	26	0
617	27	1
617	28	1
617	29	1
617	30	1
617	31	0
617	32	1
617	33	1
617	34	1
617	35	1
617	36	0
617	37	1
617	38	0
617	39	1
617	40	1
618	1	0
618	2	0
618	3	0
618	4	0
618	5	0
618	6	0
618	7	1
618	8	1
618	9	1
618	10	0
618	11	1
618	12	0
618	13	1
618	14	1
618	15	1
618	16	0
618	17	1
618	18	0
618	19	0
618	20	0
618	21	1
618	22	0
618	23	0
618	24	1
618	25	0
618	26	0
618	27	0
618	28	0
618	29	0
618	30	0
618	31	0
618	32	0
618	33	0
618	34	0
618	35	0
618	36	0
618	37	1
618	38	0
618	39	1
618	40	1
619	1	1
619	2	1
619	3	1
619	4	1
619	5	0
619	6	1
619	7	0
619	8	0
619	9	0
619	10	1
619	11	0
619	12	1
619	13	0
619	14	0
619	15	0
619	16	1
619	17	0
619	18	1
619	19	1
619	20	0
619	21	0
619	22	1
619	23	0
619	24	0
619	25	0
619	26	0
619	27	1
619	28	1
619	29	1
619	30	1
619	31	0
619	32	1
619	33	1
619	34	1
619	35	1
619	36	0
619	37	0
619	38	0
619	39	0
619	40	0
620	1	1
620	2	1
620	3	1
620	4	1
620	5	0
620	6	1
620	7	1
620	8	0
620	9	1
620	10	1
620	11	0
620	12	1
620	13	1
620	14	1
620	15	0
620	16	1
620	17	0
620	18	1
620	19	1
620	20	0
620	21	1
620	22	1
620	23	0
620	24	0
620	25	0
620	26	0
620	27	1
620	28	1
620	29	1
620	30	1
620	31	0
620	32	1
620	33	1
620	34	1
620	35	1
620	36	0
620	37	1
620	38	0
620	39	1
620	40	1
621	1	0
621	2	0
621	3	0
621	4	0
621	5	0
621	6	0
621	7	1
621	8	1
621	9	1
621	10	0
621	11	1
621	12	0
621	13	1
621	14	1
621	15	1
621	16	0
621	17	1
621	18	0
621	19	0
621	20	0
621	21	1
621	22	0
621	23	0
621	24	1
621	25	0
621	26	0
621	27	0
621	28	0
621	29	0
621	30	0
621	31	0
621	32	0
621	33	0
621	34	0
621	35	0
621	36	0
621	37	1
621	38	0
621	39	1
621	40	1
622	1	1
622	2	1
622	3	1
622	4	0
622	5	1
622	6	1
622	7	0
622	8	0
622	9	1
622	10	0
622	11	0
622	12	1
622	13	1
622	14	0
622	15	0
622	16	1
622	17	0
622	18	1
622	19	0
622	20	0
622	21	1
622	22	0
622	23	0
622	24	0
622	25	0
622	26	1
622	27	0
622	28	0
622	29	0
622	30	1
622	31	0
622	32	0
622	33	0
622	34	0
622	35	0
622	36	1
622	37	1
622	38	1
622	39	1
622	40	0
623	1	0
623	2	0
623	3	1
623	4	1
623	5	0
623	6	1
623	7	0
623	8	1
623	9	0
623	10	1
623	11	1
623	12	0
623	13	0
623	14	0
623	15	1
623	16	0
623	17	1
623	18	0
623	19	1
623	20	0
623	21	0
623	22	0
623	23	0
623	24	1
623	25	0
623	26	0
623	27	1
623	28	1
623	29	1
623	30	0
623	31	0
623	32	1
623	33	1
623	34	0
623	35	0
623	36	0
623	37	0
623	38	0
623	39	0
623	40	0
624	1	1
624	2	1
624	3	1
624	4	1
624	5	0
624	6	1
624	7	0
624	8	0
624	9	0
624	10	1
624	11	0
624	12	1
624	13	0
624	14	0
624	15	0
624	16	1
624	17	0
624	18	1
624	19	1
624	20	0
624	21	0
624	22	1
624	23	0
624	24	0
624	25	0
624	26	0
624	27	1
624	28	1
624	29	1
624	30	1
624	31	0
624	32	1
624	33	1
624	34	1
624	35	1
624	36	0
624	37	0
624	38	0
624	39	0
624	40	0
625	1	0
625	2	0
625	3	1
625	4	1
625	5	0
625	6	1
625	7	0
625	8	1
625	9	0
625	10	1
625	11	1
625	12	0
625	13	0
625	14	0
625	15	1
625	16	0
625	17	1
625	18	0
625	19	1
625	20	0
625	21	0
625	22	0
625	23	0
625	24	1
625	25	0
625	26	0
625	27	1
625	28	1
625	29	1
625	30	0
625	31	0
625	32	1
625	33	1
625	34	0
625	35	0
625	36	0
625	37	0
625	38	0
625	39	0
625	40	0
626	1	1
626	2	1
626	3	1
626	4	1
626	5	0
626	6	1
626	7	1
626	8	0
626	9	1
626	10	1
626	11	0
626	12	1
626	13	1
626	14	1
626	15	0
626	16	1
626	17	0
626	18	1
626	19	1
626	20	0
626	21	1
626	22	1
626	23	0
626	24	0
626	25	0
626	26	0
626	27	1
626	28	1
626	29	1
626	30	1
626	31	0
626	32	1
626	33	1
626	34	1
626	35	1
626	36	0
626	37	1
626	38	0
626	39	1
626	40	1
627	1	1
627	2	1
627	3	1
627	4	1
627	5	0
627	6	1
627	7	1
627	8	0
627	9	1
627	10	1
627	11	0
627	12	1
627	13	1
627	14	1
627	15	0
627	16	1
627	17	0
627	18	1
627	19	1
627	20	0
627	21	1
627	22	1
627	23	0
627	24	0
627	25	0
627	26	0
627	27	1
627	28	1
627	29	1
627	30	1
627	31	0
627	32	1
627	33	1
627	34	1
627	35	1
627	36	0
627	37	1
627	38	0
627	39	1
627	40	1
628	1	1
628	2	1
628	3	1
628	4	1
628	5	0
628	6	1
628	7	0
628	8	0
628	9	0
628	10	1
628	11	0
628	12	1
628	13	0
628	14	0
628	15	0
628	16	1
628	17	0
628	18	1
628	19	1
628	20	0
628	21	0
628	22	1
628	23	0
628	24	0
628	25	0
628	26	0
628	27	1
628	28	1
628	29	1
628	30	1
628	31	0
628	32	1
628	33	1
628	34	1
628	35	1
628	36	0
628	37	0
628	38	0
628	39	0
628	40	0
629	1	1
629	2	1
629	3	1
629	4	1
629	5	0
629	6	1
629	7	1
629	8	0
629	9	1
629	10	1
629	11	0
629	12	1
629	13	1
629	14	1
629	15	0
629	16	1
629	17	0
629	18	1
629	19	1
629	20	0
629	21	1
629	22	1
629	23	0
629	24	0
629	25	0
629	26	0
629	27	1
629	28	1
629	29	1
629	30	1
629	31	0
629	32	1
629	33	1
629	34	1
629	35	1
629	36	0
629	37	1
629	38	0
629	39	1
629	40	1
630	1	0
630	2	0
630	3	0
630	4	0
630	5	0
630	6	0
630	7	1
630	8	1
630	9	1
630	10	0
630	11	1
630	12	0
630	13	1
630	14	1
630	15	1
630	16	0
630	17	1
630	18	0
630	19	0
630	20	0
630	21	1
630	22	0
630	23	0
630	24	1
630	25	0
630	26	0
630	27	0
630	28	0
630	29	0
630	30	0
630	31	0
630	32	0
630	33	0
630	34	0
630	35	0
630	36	0
630	37	1
630	38	0
630	39	1
630	40	1
631	1	0
631	2	0
631	3	1
631	4	1
631	5	0
631	6	1
631	7	0
631	8	0
631	9	0
631	10	0
631	11	0
631	12	1
631	13	0
631	14	0
631	15	0
631	16	0
631	17	0
631	18	0
631	19	1
631	20	0
631	21	0
631	22	1
631	23	0
631	24	0
631	25	0
631	26	0
631	27	1
631	28	1
631	29	0
631	30	1
631	31	0
631	32	0
631	33	1
631	34	0
631	35	0
631	36	0
631	37	0
631	38	0
631	39	0
631	40	0
632	1	1
632	2	1
632	3	1
632	4	1
632	5	1
632	6	1
632	7	1
632	8	0
632	9	1
632	10	1
632	11	0
632	12	1
632	13	1
632	14	1
632	15	0
632	16	1
632	17	0
632	18	1
632	19	1
632	20	1
632	21	1
632	22	1
632	23	1
632	24	0
632	25	1
632	26	1
632	27	1
632	28	1
632	29	1
632	30	1
632	31	1
632	32	1
632	33	1
632	34	1
632	35	1
632	36	1
632	37	1
632	38	1
632	39	1
632	40	1
633	1	1
633	2	1
633	3	0
633	4	0
633	5	1
633	6	0
633	7	0
633	8	1
633	9	0
633	10	0
633	11	1
633	12	1
633	13	0
633	14	0
633	15	1
633	16	1
633	17	1
633	18	1
633	19	0
633	20	1
633	21	0
633	22	1
633	23	1
633	24	1
633	25	1
633	26	1
633	27	0
633	28	0
633	29	0
633	30	1
633	31	1
633	32	0
633	33	0
633	34	1
633	35	1
633	36	1
633	37	0
633	38	1
633	39	0
633	40	0
634	1	1
634	2	0
634	3	1
634	4	1
634	5	0
634	6	0
634	7	1
634	8	0
634	9	0
634	10	0
634	11	0
634	12	1
634	13	1
634	14	1
634	15	0
634	16	1
634	17	0
634	18	1
634	19	1
634	20	0
634	21	0
634	22	0
634	23	0
634	24	0
634	25	0
634	26	0
634	27	0
634	28	0
634	29	1
634	30	1
634	31	0
634	32	0
634	33	1
634	34	0
634	35	0
634	36	0
634	37	1
634	38	0
634	39	0
634	40	1
635	1	1
635	2	1
635	3	0
635	4	0
635	5	1
635	6	0
635	7	0
635	8	1
635	9	0
635	10	0
635	11	1
635	12	1
635	13	0
635	14	0
635	15	1
635	16	1
635	17	1
635	18	1
635	19	0
635	20	1
635	21	0
635	22	1
635	23	1
635	24	1
635	25	1
635	26	1
635	27	0
635	28	0
635	29	0
635	30	1
635	31	1
635	32	0
635	33	0
635	34	1
635	35	1
635	36	1
635	37	0
635	38	1
635	39	0
635	40	0
636	1	1
636	2	1
636	3	1
636	4	1
636	5	1
636	6	1
636	7	1
636	8	0
636	9	1
636	10	1
636	11	0
636	12	1
636	13	1
636	14	1
636	15	0
636	16	1
636	17	0
636	18	1
636	19	0
636	20	1
636	21	1
636	22	1
636	23	1
636	24	0
636	25	1
636	26	1
636	27	0
636	28	1
636	29	0
636	30	1
636	31	1
636	32	0
636	33	0
636	34	1
636	35	1
636	36	1
636	37	1
636	38	1
636	39	1
636	40	1
637	1	0
637	2	0
637	3	0
637	4	0
637	5	0
637	6	0
637	7	0
637	8	1
637	9	0
637	10	0
637	11	1
637	12	1
637	13	0
637	14	0
637	15	0
637	16	0
637	17	1
637	18	0
637	19	0
637	20	1
637	21	0
637	22	1
637	23	1
637	24	1
637	25	1
637	26	0
637	27	0
637	28	0
637	29	0
637	30	1
637	31	1
637	32	0
637	33	0
637	34	0
637	35	0
637	36	1
637	37	0
637	38	1
637	39	0
637	40	0
638	1	1
638	2	1
638	3	1
638	4	1
638	5	1
638	6	1
638	7	1
638	8	0
638	9	1
638	10	1
638	11	0
638	12	1
638	13	1
638	14	1
638	15	0
638	16	1
638	17	0
638	18	1
638	19	1
638	20	1
638	21	1
638	22	1
638	23	1
638	24	0
638	25	1
638	26	1
638	27	1
638	28	1
638	29	1
638	30	1
638	31	1
638	32	1
638	33	1
638	34	1
638	35	1
638	36	1
638	37	1
638	38	1
638	39	1
638	40	1
639	1	1
639	2	1
639	3	1
639	4	1
639	5	0
639	6	1
639	7	1
639	8	0
639	9	1
639	10	1
639	11	0
639	12	1
639	13	1
639	14	1
639	15	0
639	16	1
639	17	0
639	18	1
639	19	1
639	20	0
639	21	1
639	22	1
639	23	0
639	24	0
639	25	0
639	26	0
639	27	1
639	28	1
639	29	1
639	30	1
639	31	0
639	32	1
639	33	1
639	34	1
639	35	1
639	36	0
639	37	1
639	38	0
639	39	1
639	40	1
640	1	1
640	2	1
640	3	0
640	4	0
640	5	1
640	6	0
640	7	0
640	8	1
640	9	0
640	10	0
640	11	1
640	12	1
640	13	0
640	14	0
640	15	1
640	16	1
640	17	1
640	18	1
640	19	0
640	20	1
640	21	0
640	22	1
640	23	1
640	24	1
640	25	1
640	26	1
640	27	0
640	28	0
640	29	0
640	30	1
640	31	1
640	32	0
640	33	0
640	34	1
640	35	1
640	36	1
640	37	0
640	38	1
640	39	0
640	40	0
641	1	1
641	2	1
641	3	1
641	4	1
641	5	1
641	6	1
641	7	1
641	8	0
641	9	1
641	10	1
641	11	0
641	12	1
641	13	1
641	14	1
641	15	0
641	16	1
641	17	0
641	18	1
641	19	1
641	20	1
641	21	1
641	22	1
641	23	1
641	24	0
641	25	1
641	26	1
641	27	1
641	28	1
641	29	1
641	30	1
641	31	1
641	32	1
641	33	1
641	34	1
641	35	1
641	36	1
641	37	1
641	38	1
641	39	1
641	40	1
642	1	0
642	2	0
642	3	0
642	4	0
642	5	0
642	6	0
642	7	1
642	8	1
642	9	1
642	10	0
642	11	1
642	12	0
642	13	1
642	14	1
642	15	1
642	16	0
642	17	1
642	18	0
642	19	0
642	20	0
642	21	1
642	22	0
642	23	0
642	24	1
642	25	0
642	26	0
642	27	0
642	28	0
642	29	0
642	30	0
642	31	0
642	32	0
642	33	0
642	34	0
642	35	0
642	36	0
642	37	1
642	38	0
642	39	1
642	40	1
643	1	1
643	2	1
643	3	1
643	4	1
643	5	0
643	6	1
643	7	1
643	8	0
643	9	1
643	10	1
643	11	0
643	12	1
643	13	1
643	14	1
643	15	0
643	16	1
643	17	0
643	18	1
643	19	1
643	20	0
643	21	1
643	22	1
643	23	0
643	24	0
643	25	0
643	26	0
643	27	1
643	28	1
643	29	1
643	30	1
643	31	0
643	32	1
643	33	1
643	34	1
643	35	1
643	36	0
643	37	1
643	38	0
643	39	1
643	40	1
644	1	1
644	2	1
644	3	1
644	4	1
644	5	0
644	6	1
644	7	1
644	8	0
644	9	1
644	10	1
644	11	0
644	12	1
644	13	1
644	14	1
644	15	0
644	16	1
644	17	0
644	18	1
644	19	1
644	20	0
644	21	1
644	22	1
644	23	0
644	24	0
644	25	0
644	26	0
644	27	1
644	28	1
644	29	1
644	30	1
644	31	0
644	32	1
644	33	1
644	34	1
644	35	1
644	36	0
644	37	1
644	38	0
644	39	1
644	40	1
645	1	0
645	2	0
645	3	0
645	4	0
645	5	0
645	6	0
645	7	1
645	8	1
645	9	1
645	10	0
645	11	1
645	12	0
645	13	1
645	14	1
645	15	1
645	16	0
645	17	1
645	18	0
645	19	0
645	20	0
645	21	1
645	22	0
645	23	0
645	24	1
645	25	0
645	26	0
645	27	0
645	28	0
645	29	0
645	30	0
645	31	0
645	32	0
645	33	0
645	34	0
645	35	0
645	36	0
645	37	1
645	38	0
645	39	1
645	40	1
646	1	1
646	2	1
646	3	1
646	4	1
646	5	0
646	6	1
646	7	0
646	8	0
646	9	0
646	10	1
646	11	0
646	12	1
646	13	0
646	14	0
646	15	0
646	16	1
646	17	0
646	18	1
646	19	1
646	20	0
646	21	0
646	22	1
646	23	0
646	24	0
646	25	0
646	26	0
646	27	1
646	28	1
646	29	1
646	30	1
646	31	0
646	32	1
646	33	1
646	34	1
646	35	1
646	36	0
646	37	0
646	38	0
646	39	0
646	40	0
647	1	0
647	2	0
647	3	0
647	4	0
647	5	0
647	6	0
647	7	1
647	8	1
647	9	1
647	10	0
647	11	1
647	12	0
647	13	1
647	14	1
647	15	1
647	16	0
647	17	1
647	18	0
647	19	0
647	20	0
647	21	1
647	22	0
647	23	0
647	24	1
647	25	0
647	26	0
647	27	0
647	28	0
647	29	0
647	30	0
647	31	0
647	32	0
647	33	0
647	34	0
647	35	0
647	36	0
647	37	1
647	38	0
647	39	1
647	40	1
648	1	1
648	2	1
648	3	1
648	4	0
648	5	1
648	6	1
648	7	0
648	8	0
648	9	1
648	10	0
648	11	0
648	12	1
648	13	1
648	14	0
648	15	0
648	16	1
648	17	0
648	18	1
648	19	0
648	20	0
648	21	1
648	22	0
648	23	0
648	24	0
648	25	0
648	26	1
648	27	0
648	28	0
648	29	0
648	30	1
648	31	0
648	32	0
648	33	0
648	34	0
648	35	0
648	36	1
648	37	1
648	38	1
648	39	1
648	40	0
649	1	0
649	2	0
649	3	1
649	4	1
649	5	0
649	6	1
649	7	1
649	8	0
649	9	0
649	10	0
649	11	0
649	12	1
649	13	1
649	14	1
649	15	0
649	16	0
649	17	0
649	18	0
649	19	1
649	20	1
649	21	0
649	22	0
649	23	0
649	24	0
649	25	1
649	26	0
649	27	1
649	28	0
649	29	0
649	30	1
649	31	0
649	32	0
649	33	1
649	34	0
649	35	0
649	36	1
649	37	1
649	38	1
649	39	1
649	40	0
650	1	1
650	2	1
650	3	1
650	4	1
650	5	1
650	6	1
650	7	1
650	8	0
650	9	1
650	10	1
650	11	0
650	12	1
650	13	1
650	14	1
650	15	0
650	16	1
650	17	0
650	18	1
650	19	0
650	20	1
650	21	1
650	22	1
650	23	1
650	24	0
650	25	1
650	26	1
650	27	0
650	28	1
650	29	0
650	30	1
650	31	1
650	32	0
650	33	0
650	34	1
650	35	1
650	36	1
650	37	1
650	38	1
650	39	1
650	40	1
651	1	1
651	2	1
651	3	0
651	4	0
651	5	0
651	6	0
651	7	0
651	8	0
651	9	0
651	10	0
651	11	0
651	12	1
651	13	0
651	14	0
651	15	0
651	16	1
651	17	0
651	18	1
651	19	0
651	20	0
651	21	0
651	22	1
651	23	0
651	24	0
651	25	0
651	26	0
651	27	0
651	28	0
651	29	0
651	30	1
651	31	0
651	32	0
651	33	0
651	34	1
651	35	1
651	36	0
651	37	0
651	38	0
651	39	0
651	40	0
652	1	1
652	2	1
652	3	0
652	4	0
652	5	0
652	6	0
652	7	0
652	8	0
652	9	0
652	10	0
652	11	0
652	12	1
652	13	0
652	14	0
652	15	0
652	16	1
652	17	0
652	18	1
652	19	0
652	20	0
652	21	0
652	22	1
652	23	0
652	24	0
652	25	0
652	26	0
652	27	0
652	28	0
652	29	0
652	30	1
652	31	0
652	32	0
652	33	0
652	34	1
652	35	1
652	36	0
652	37	0
652	38	0
652	39	0
652	40	0
653	1	1
653	2	1
653	3	1
653	4	1
653	5	0
653	6	1
653	7	0
653	8	0
653	9	0
653	10	1
653	11	0
653	12	1
653	13	0
653	14	0
653	15	0
653	16	1
653	17	0
653	18	1
653	19	1
653	20	0
653	21	0
653	22	1
653	23	0
653	24	0
653	25	0
653	26	0
653	27	1
653	28	1
653	29	1
653	30	1
653	31	0
653	32	1
653	33	1
653	34	1
653	35	1
653	36	0
653	37	0
653	38	0
653	39	0
653	40	0
654	1	1
654	2	1
654	3	0
654	4	0
654	5	0
654	6	0
654	7	0
654	8	0
654	9	0
654	10	0
654	11	0
654	12	1
654	13	0
654	14	0
654	15	0
654	16	1
654	17	0
654	18	1
654	19	0
654	20	0
654	21	0
654	22	1
654	23	0
654	24	0
654	25	0
654	26	0
654	27	0
654	28	0
654	29	0
654	30	1
654	31	0
654	32	0
654	33	0
654	34	1
654	35	1
654	36	0
654	37	0
654	38	0
654	39	0
654	40	0
655	1	1
655	2	1
655	3	1
655	4	1
655	5	0
655	6	1
655	7	1
655	8	0
655	9	1
655	10	1
655	11	0
655	12	1
655	13	1
655	14	1
655	15	0
655	16	1
655	17	0
655	18	1
655	19	1
655	20	0
655	21	1
655	22	1
655	23	0
655	24	0
655	25	0
655	26	0
655	27	1
655	28	1
655	29	1
655	30	1
655	31	0
655	32	1
655	33	1
655	34	1
655	35	1
655	36	0
655	37	1
655	38	0
655	39	1
655	40	1
656	1	1
656	2	1
656	3	0
656	4	1
656	5	0
656	6	0
656	7	1
656	8	0
656	9	1
656	10	1
656	11	0
656	12	1
656	13	1
656	14	1
656	15	0
656	16	0
656	17	0
656	18	1
656	19	1
656	20	0
656	21	0
656	22	0
656	23	0
656	24	0
656	25	0
656	26	0
656	27	1
656	28	1
656	29	1
656	30	1
656	31	0
656	32	0
656	33	1
656	34	1
656	35	1
656	36	0
656	37	1
656	38	0
656	39	0
656	40	1
657	1	0
657	2	0
657	3	1
657	4	1
657	5	0
657	6	1
657	7	1
657	8	0
657	9	0
657	10	0
657	11	0
657	12	1
657	13	1
657	14	1
657	15	0
657	16	0
657	17	0
657	18	0
657	19	1
657	20	0
657	21	1
657	22	1
657	23	0
657	24	0
657	25	0
657	26	0
657	27	1
657	28	1
657	29	0
657	30	1
657	31	0
657	32	0
657	33	1
657	34	0
657	35	0
657	36	0
657	37	1
657	38	0
657	39	1
657	40	0
658	1	1
658	2	1
658	3	1
658	4	1
658	5	0
658	6	1
658	7	0
658	8	0
658	9	0
658	10	1
658	11	0
658	12	1
658	13	0
658	14	0
658	15	0
658	16	1
658	17	0
658	18	1
658	19	1
658	20	0
658	21	0
658	22	1
658	23	0
658	24	0
658	25	0
658	26	0
658	27	1
658	28	1
658	29	1
658	30	1
658	31	0
658	32	1
658	33	1
658	34	1
658	35	1
658	36	0
658	37	0
658	38	0
658	39	0
658	40	0
659	1	0
659	2	0
659	3	0
659	4	0
659	5	0
659	6	0
659	7	1
659	8	1
659	9	1
659	10	0
659	11	1
659	12	0
659	13	1
659	14	1
659	15	1
659	16	0
659	17	1
659	18	0
659	19	0
659	20	0
659	21	1
659	22	0
659	23	0
659	24	1
659	25	0
659	26	0
659	27	0
659	28	0
659	29	0
659	30	0
659	31	0
659	32	0
659	33	0
659	34	0
659	35	0
659	36	0
659	37	1
659	38	0
659	39	1
659	40	1
660	1	1
660	2	1
660	3	1
660	4	1
660	5	0
660	6	1
660	7	0
660	8	0
660	9	0
660	10	1
660	11	0
660	12	1
660	13	0
660	14	0
660	15	0
660	16	1
660	17	0
660	18	1
660	19	1
660	20	0
660	21	0
660	22	1
660	23	0
660	24	0
660	25	0
660	26	0
660	27	1
660	28	1
660	29	1
660	30	1
660	31	0
660	32	1
660	33	1
660	34	1
660	35	1
660	36	0
660	37	0
660	38	0
660	39	0
660	40	0
661	1	0
661	2	0
661	3	1
661	4	1
661	5	0
661	6	1
661	7	0
661	8	1
661	9	0
661	10	1
661	11	1
661	12	0
661	13	0
661	14	0
661	15	1
661	16	0
661	17	1
661	18	0
661	19	1
661	20	0
661	21	0
661	22	0
661	23	0
661	24	1
661	25	0
661	26	0
661	27	1
661	28	1
661	29	1
661	30	0
661	31	0
661	32	1
661	33	1
661	34	0
661	35	0
661	36	0
661	37	0
661	38	0
661	39	0
661	40	0
662	1	1
662	2	1
662	3	1
662	4	1
662	5	0
662	6	1
662	7	1
662	8	0
662	9	1
662	10	1
662	11	0
662	12	1
662	13	1
662	14	1
662	15	0
662	16	1
662	17	0
662	18	1
662	19	1
662	20	0
662	21	1
662	22	1
662	23	0
662	24	0
662	25	0
662	26	0
662	27	1
662	28	1
662	29	1
662	30	1
662	31	0
662	32	1
662	33	1
662	34	1
662	35	1
662	36	0
662	37	1
662	38	0
662	39	1
662	40	1
663	1	1
663	2	1
663	3	0
663	4	0
663	5	0
663	6	0
663	7	0
663	8	0
663	9	0
663	10	0
663	11	0
663	12	1
663	13	0
663	14	0
663	15	0
663	16	1
663	17	0
663	18	1
663	19	0
663	20	0
663	21	0
663	22	1
663	23	0
663	24	0
663	25	0
663	26	0
663	27	0
663	28	0
663	29	0
663	30	1
663	31	0
663	32	0
663	33	0
663	34	1
663	35	1
663	36	0
663	37	0
663	38	0
663	39	0
663	40	0
664	1	0
664	2	0
664	3	1
664	4	1
664	5	0
664	6	1
664	7	0
664	8	0
664	9	0
664	10	0
664	11	0
664	12	1
664	13	0
664	14	0
664	15	0
664	16	0
664	17	0
664	18	0
664	19	1
664	20	0
664	21	0
664	22	1
664	23	0
664	24	0
664	25	0
664	26	0
664	27	1
664	28	1
664	29	0
664	30	1
664	31	0
664	32	0
664	33	1
664	34	0
664	35	0
664	36	0
664	37	0
664	38	0
664	39	0
664	40	0
665	1	0
665	2	0
665	3	0
665	4	0
665	5	0
665	6	0
665	7	1
665	8	1
665	9	1
665	10	0
665	11	1
665	12	0
665	13	1
665	14	1
665	15	1
665	16	0
665	17	1
665	18	0
665	19	0
665	20	0
665	21	1
665	22	0
665	23	0
665	24	1
665	25	0
665	26	0
665	27	0
665	28	0
665	29	0
665	30	0
665	31	0
665	32	0
665	33	0
665	34	0
665	35	0
665	36	0
665	37	1
665	38	0
665	39	1
665	40	1
666	1	1
666	2	1
666	3	1
666	4	1
666	5	0
666	6	1
666	7	1
666	8	0
666	9	1
666	10	1
666	11	0
666	12	1
666	13	1
666	14	1
666	15	0
666	16	1
666	17	0
666	18	1
666	19	1
666	20	0
666	21	1
666	22	1
666	23	0
666	24	0
666	25	0
666	26	0
666	27	1
666	28	1
666	29	1
666	30	1
666	31	0
666	32	1
666	33	1
666	34	1
666	35	1
666	36	0
666	37	1
666	38	0
666	39	1
666	40	1
667	1	1
667	2	1
667	3	0
667	4	1
667	5	0
667	6	0
667	7	1
667	8	0
667	9	1
667	10	1
667	11	0
667	12	1
667	13	1
667	14	1
667	15	0
667	16	0
667	17	0
667	18	1
667	19	1
667	20	0
667	21	0
667	22	0
667	23	0
667	24	0
667	25	0
667	26	0
667	27	1
667	28	1
667	29	1
667	30	1
667	31	0
667	32	0
667	33	1
667	34	1
667	35	1
667	36	0
667	37	1
667	38	0
667	39	0
667	40	1
668	1	1
668	2	1
668	3	1
668	4	1
668	5	0
668	6	1
668	7	1
668	8	0
668	9	1
668	10	1
668	11	0
668	12	1
668	13	1
668	14	1
668	15	0
668	16	1
668	17	0
668	18	1
668	19	1
668	20	0
668	21	1
668	22	1
668	23	0
668	24	0
668	25	0
668	26	0
668	27	1
668	28	1
668	29	1
668	30	1
668	31	0
668	32	1
668	33	1
668	34	1
668	35	1
668	36	0
668	37	1
668	38	0
668	39	1
668	40	1
669	1	1
669	2	1
669	3	0
669	4	0
669	5	0
669	6	0
669	7	0
669	8	0
669	9	0
669	10	0
669	11	0
669	12	1
669	13	0
669	14	0
669	15	0
669	16	1
669	17	0
669	18	1
669	19	0
669	20	0
669	21	0
669	22	1
669	23	0
669	24	0
669	25	0
669	26	0
669	27	0
669	28	0
669	29	0
669	30	1
669	31	0
669	32	0
669	33	0
669	34	1
669	35	1
669	36	0
669	37	0
669	38	0
669	39	0
669	40	0
670	1	1
670	2	1
670	3	1
670	4	1
670	5	0
670	6	1
670	7	1
670	8	0
670	9	1
670	10	1
670	11	0
670	12	1
670	13	1
670	14	1
670	15	0
670	16	1
670	17	0
670	18	1
670	19	1
670	20	0
670	21	1
670	22	1
670	23	0
670	24	0
670	25	0
670	26	0
670	27	1
670	28	1
670	29	1
670	30	1
670	31	0
670	32	1
670	33	1
670	34	1
670	35	1
670	36	0
670	37	1
670	38	0
670	39	1
670	40	1
671	1	0
671	2	0
671	3	0
671	4	0
671	5	0
671	6	0
671	7	1
671	8	1
671	9	1
671	10	0
671	11	1
671	12	0
671	13	1
671	14	1
671	15	1
671	16	0
671	17	1
671	18	0
671	19	0
671	20	0
671	21	1
671	22	0
671	23	0
671	24	1
671	25	0
671	26	0
671	27	0
671	28	0
671	29	0
671	30	0
671	31	0
671	32	0
671	33	0
671	34	0
671	35	0
671	36	0
671	37	1
671	38	0
671	39	1
671	40	1
672	1	1
672	2	1
672	3	0
672	4	0
672	5	1
672	6	0
672	7	0
672	8	1
672	9	0
672	10	0
672	11	1
672	12	1
672	13	0
672	14	0
672	15	1
672	16	1
672	17	1
672	18	1
672	19	0
672	20	1
672	21	0
672	22	1
672	23	1
672	24	1
672	25	1
672	26	1
672	27	0
672	28	0
672	29	0
672	30	1
672	31	1
672	32	0
672	33	0
672	34	1
672	35	1
672	36	1
672	37	0
672	38	1
672	39	0
672	40	0
673	1	1
673	2	1
673	3	0
673	4	0
673	5	0
673	6	0
673	7	0
673	8	0
673	9	0
673	10	0
673	11	0
673	12	1
673	13	0
673	14	0
673	15	0
673	16	0
673	17	1
673	18	1
673	19	0
673	20	1
673	21	0
673	22	0
673	23	1
673	24	1
673	25	0
673	26	0
673	27	0
673	28	0
673	29	0
673	30	1
673	31	1
673	32	0
673	33	0
673	34	1
673	35	1
673	36	1
673	37	0
673	38	1
673	39	0
673	40	0
674	1	1
674	2	1
674	3	1
674	4	1
674	5	0
674	6	1
674	7	1
674	8	0
674	9	1
674	10	1
674	11	0
674	12	1
674	13	1
674	14	1
674	15	0
674	16	1
674	17	0
674	18	1
674	19	1
674	20	0
674	21	1
674	22	1
674	23	0
674	24	0
674	25	0
674	26	0
674	27	1
674	28	1
674	29	1
674	30	1
674	31	0
674	32	1
674	33	1
674	34	1
674	35	1
674	36	0
674	37	1
674	38	0
674	39	1
674	40	1
675	1	1
675	2	1
675	3	1
675	4	1
675	5	0
675	6	1
675	7	1
675	8	0
675	9	1
675	10	1
675	11	0
675	12	1
675	13	1
675	14	1
675	15	0
675	16	1
675	17	0
675	18	1
675	19	1
675	20	0
675	21	1
675	22	1
675	23	0
675	24	0
675	25	0
675	26	0
675	27	1
675	28	1
675	29	1
675	30	1
675	31	0
675	32	1
675	33	1
675	34	1
675	35	1
675	36	0
675	37	1
675	38	0
675	39	1
675	40	1
676	1	0
676	2	0
676	3	1
676	4	1
676	5	0
676	6	1
676	7	1
676	8	0
676	9	0
676	10	0
676	11	0
676	12	1
676	13	1
676	14	1
676	15	0
676	16	0
676	17	0
676	18	0
676	19	0
676	20	1
676	21	1
676	22	1
676	23	1
676	24	0
676	25	1
676	26	0
676	27	0
676	28	1
676	29	0
676	30	1
676	31	1
676	32	0
676	33	0
676	34	0
676	35	0
676	36	1
676	37	1
676	38	1
676	39	1
676	40	0
677	1	1
677	2	1
677	3	1
677	4	1
677	5	1
677	6	1
677	7	1
677	8	0
677	9	1
677	10	1
677	11	0
677	12	1
677	13	1
677	14	1
677	15	0
677	16	1
677	17	0
677	18	1
677	19	1
677	20	1
677	21	1
677	22	1
677	23	1
677	24	0
677	25	1
677	26	1
677	27	1
677	28	1
677	29	1
677	30	1
677	31	1
677	32	1
677	33	1
677	34	1
677	35	1
677	36	1
677	37	1
677	38	1
677	39	1
677	40	1
678	1	1
678	2	1
678	3	0
678	4	0
678	5	0
678	6	0
678	7	0
678	8	0
678	9	0
678	10	0
678	11	0
678	12	1
678	13	0
678	14	0
678	15	0
678	16	1
678	17	0
678	18	1
678	19	0
678	20	0
678	21	0
678	22	1
678	23	0
678	24	0
678	25	0
678	26	0
678	27	0
678	28	0
678	29	0
678	30	1
678	31	0
678	32	0
678	33	0
678	34	1
678	35	1
678	36	0
678	37	0
678	38	0
678	39	0
678	40	0
679	1	0
679	2	0
679	3	0
679	4	0
679	5	0
679	6	0
679	7	0
679	8	0
679	9	0
679	10	0
679	11	0
679	12	1
679	13	0
679	14	0
679	15	0
679	16	0
679	17	0
679	18	0
679	19	0
679	20	0
679	21	0
679	22	1
679	23	0
679	24	0
679	25	0
679	26	0
679	27	0
679	28	0
679	29	0
679	30	1
679	31	0
679	32	0
679	33	0
679	34	0
679	35	0
679	36	0
679	37	0
679	38	0
679	39	0
679	40	0
680	1	0
680	2	0
680	3	0
680	4	0
680	5	0
680	6	0
680	7	1
680	8	1
680	9	0
680	10	0
680	11	1
680	12	0
680	13	1
680	14	1
680	15	0
680	16	0
680	17	1
680	18	0
680	19	0
680	20	0
680	21	1
680	22	0
680	23	0
680	24	1
680	25	0
680	26	0
680	27	0
680	28	0
680	29	0
680	30	0
680	31	0
680	32	0
680	33	0
680	34	0
680	35	0
680	36	0
680	37	1
680	38	0
680	39	1
680	40	0
681	1	0
681	2	0
681	3	1
681	4	1
681	5	0
681	6	1
681	7	0
681	8	1
681	9	0
681	10	1
681	11	1
681	12	0
681	13	0
681	14	0
681	15	1
681	16	0
681	17	1
681	18	0
681	19	1
681	20	0
681	21	0
681	22	0
681	23	0
681	24	1
681	25	0
681	26	0
681	27	1
681	28	1
681	29	1
681	30	0
681	31	0
681	32	1
681	33	1
681	34	0
681	35	0
681	36	0
681	37	0
681	38	0
681	39	0
681	40	0
682	1	0
682	2	0
682	3	1
682	4	1
682	5	0
682	6	1
682	7	0
682	8	1
682	9	0
682	10	1
682	11	1
682	12	0
682	13	0
682	14	0
682	15	1
682	16	0
682	17	1
682	18	0
682	19	1
682	20	0
682	21	0
682	22	0
682	23	0
682	24	1
682	25	0
682	26	0
682	27	1
682	28	1
682	29	1
682	30	0
682	31	0
682	32	1
682	33	1
682	34	0
682	35	0
682	36	0
682	37	0
682	38	0
682	39	0
682	40	0
683	1	0
683	2	0
683	3	1
683	4	1
683	5	0
683	6	1
683	7	0
683	8	1
683	9	0
683	10	1
683	11	1
683	12	0
683	13	0
683	14	0
683	15	1
683	16	0
683	17	1
683	18	0
683	19	1
683	20	0
683	21	0
683	22	0
683	23	0
683	24	1
683	25	0
683	26	0
683	27	1
683	28	1
683	29	1
683	30	0
683	31	0
683	32	1
683	33	1
683	34	0
683	35	0
683	36	0
683	37	0
683	38	0
683	39	0
683	40	0
684	1	0
684	2	0
684	3	1
684	4	1
684	5	0
684	6	1
684	7	1
684	8	0
684	9	0
684	10	0
684	11	0
684	12	1
684	13	1
684	14	1
684	15	0
684	16	0
684	17	0
684	18	0
684	19	0
684	20	1
684	21	1
684	22	1
684	23	1
684	24	0
684	25	1
684	26	0
684	27	0
684	28	1
684	29	0
684	30	1
684	31	1
684	32	0
684	33	0
684	34	0
684	35	0
684	36	1
684	37	1
684	38	1
684	39	1
684	40	0
685	1	0
685	2	0
685	3	0
685	4	0
685	5	0
685	6	0
685	7	1
685	8	1
685	9	1
685	10	0
685	11	1
685	12	0
685	13	1
685	14	1
685	15	1
685	16	0
685	17	1
685	18	0
685	19	0
685	20	0
685	21	1
685	22	0
685	23	0
685	24	1
685	25	0
685	26	0
685	27	0
685	28	0
685	29	0
685	30	0
685	31	0
685	32	0
685	33	0
685	34	0
685	35	0
685	36	0
685	37	1
685	38	0
685	39	1
685	40	1
686	1	1
686	2	1
686	3	1
686	4	1
686	5	0
686	6	1
686	7	0
686	8	0
686	9	0
686	10	1
686	11	0
686	12	1
686	13	0
686	14	0
686	15	0
686	16	1
686	17	0
686	18	1
686	19	1
686	20	0
686	21	0
686	22	1
686	23	0
686	24	0
686	25	0
686	26	0
686	27	1
686	28	1
686	29	1
686	30	1
686	31	0
686	32	1
686	33	1
686	34	1
686	35	1
686	36	0
686	37	0
686	38	0
686	39	0
686	40	0
687	1	1
687	2	1
687	3	1
687	4	1
687	5	0
687	6	1
687	7	1
687	8	0
687	9	1
687	10	1
687	11	0
687	12	1
687	13	1
687	14	1
687	15	0
687	16	1
687	17	0
687	18	1
687	19	1
687	20	0
687	21	1
687	22	1
687	23	0
687	24	0
687	25	0
687	26	0
687	27	1
687	28	1
687	29	1
687	30	1
687	31	0
687	32	1
687	33	1
687	34	1
687	35	1
687	36	0
687	37	1
687	38	0
687	39	1
687	40	1
688	1	0
688	2	0
688	3	0
688	4	0
688	5	0
688	6	0
688	7	1
688	8	1
688	9	0
688	10	0
688	11	1
688	12	0
688	13	1
688	14	1
688	15	0
688	16	0
688	17	1
688	18	0
688	19	0
688	20	0
688	21	0
688	22	0
688	23	0
688	24	1
688	25	0
688	26	0
688	27	0
688	28	0
688	29	0
688	30	0
688	31	0
688	32	0
688	33	0
688	34	0
688	35	0
688	36	0
688	37	1
688	38	0
688	39	0
688	40	1
689	1	1
689	2	1
689	3	0
689	4	0
689	5	0
689	6	0
689	7	0
689	8	0
689	9	0
689	10	0
689	11	0
689	12	1
689	13	0
689	14	0
689	15	0
689	16	1
689	17	0
689	18	1
689	19	0
689	20	0
689	21	0
689	22	1
689	23	0
689	24	0
689	25	0
689	26	0
689	27	0
689	28	0
689	29	0
689	30	1
689	31	0
689	32	0
689	33	0
689	34	1
689	35	1
689	36	0
689	37	0
689	38	0
689	39	0
689	40	0
690	1	0
690	2	0
690	3	1
690	4	1
690	5	0
690	6	1
690	7	1
690	8	0
690	9	0
690	10	0
690	11	0
690	12	1
690	13	1
690	14	1
690	15	0
690	16	0
690	17	0
690	18	0
690	19	1
690	20	0
690	21	1
690	22	1
690	23	0
690	24	0
690	25	0
690	26	0
690	27	1
690	28	1
690	29	0
690	30	1
690	31	0
690	32	0
690	33	1
690	34	0
690	35	0
690	36	0
690	37	1
690	38	0
690	39	1
690	40	0
691	1	1
691	2	1
691	3	0
691	4	0
691	5	1
691	6	0
691	7	0
691	8	1
691	9	0
691	10	0
691	11	1
691	12	1
691	13	0
691	14	0
691	15	1
691	16	1
691	17	1
691	18	1
691	19	0
691	20	1
691	21	0
691	22	1
691	23	1
691	24	1
691	25	1
691	26	1
691	27	0
691	28	0
691	29	0
691	30	1
691	31	1
691	32	0
691	33	0
691	34	1
691	35	1
691	36	1
691	37	0
691	38	1
691	39	0
691	40	0
692	1	1
692	2	1
692	3	1
692	4	1
692	5	0
692	6	1
692	7	1
692	8	0
692	9	1
692	10	1
692	11	0
692	12	1
692	13	1
692	14	1
692	15	0
692	16	1
692	17	0
692	18	1
692	19	1
692	20	0
692	21	1
692	22	1
692	23	0
692	24	0
692	25	0
692	26	0
692	27	1
692	28	1
692	29	1
692	30	1
692	31	0
692	32	1
692	33	1
692	34	1
692	35	1
692	36	0
692	37	1
692	38	0
692	39	1
692	40	1
693	1	1
693	2	1
693	3	0
693	4	0
693	5	1
693	6	0
693	7	0
693	8	1
693	9	0
693	10	0
693	11	1
693	12	1
693	13	0
693	14	0
693	15	1
693	16	1
693	17	1
693	18	1
693	19	0
693	20	1
693	21	0
693	22	1
693	23	1
693	24	1
693	25	1
693	26	1
693	27	0
693	28	0
693	29	0
693	30	1
693	31	1
693	32	0
693	33	0
693	34	1
693	35	1
693	36	1
693	37	0
693	38	1
693	39	0
693	40	0
694	1	0
694	2	0
694	3	1
694	4	1
694	5	0
694	6	1
694	7	0
694	8	1
694	9	0
694	10	1
694	11	1
694	12	0
694	13	0
694	14	0
694	15	1
694	16	0
694	17	1
694	18	0
694	19	1
694	20	0
694	21	0
694	22	0
694	23	0
694	24	1
694	25	0
694	26	0
694	27	1
694	28	1
694	29	1
694	30	0
694	31	0
694	32	1
694	33	1
694	34	0
694	35	0
694	36	0
694	37	0
694	38	0
694	39	0
694	40	0
695	1	1
695	2	1
695	3	1
695	4	1
695	5	1
695	6	1
695	7	1
695	8	0
695	9	1
695	10	1
695	11	0
695	12	1
695	13	1
695	14	1
695	15	0
695	16	1
695	17	0
695	18	1
695	19	1
695	20	1
695	21	1
695	22	1
695	23	1
695	24	0
695	25	1
695	26	1
695	27	1
695	28	1
695	29	1
695	30	1
695	31	1
695	32	1
695	33	1
695	34	1
695	35	1
695	36	1
695	37	1
695	38	1
695	39	1
695	40	1
696	1	1
696	2	1
696	3	1
696	4	1
696	5	0
696	6	1
696	7	0
696	8	0
696	9	0
696	10	1
696	11	0
696	12	1
696	13	0
696	14	0
696	15	0
696	16	1
696	17	0
696	18	1
696	19	1
696	20	0
696	21	0
696	22	1
696	23	0
696	24	0
696	25	0
696	26	0
696	27	1
696	28	1
696	29	1
696	30	1
696	31	0
696	32	1
696	33	1
696	34	1
696	35	1
696	36	0
696	37	0
696	38	0
696	39	0
696	40	0
697	1	1
697	2	1
697	3	1
697	4	1
697	5	0
697	6	1
697	7	1
697	8	0
697	9	1
697	10	1
697	11	0
697	12	1
697	13	1
697	14	1
697	15	0
697	16	1
697	17	0
697	18	1
697	19	1
697	20	0
697	21	1
697	22	1
697	23	0
697	24	0
697	25	0
697	26	0
697	27	1
697	28	1
697	29	1
697	30	1
697	31	0
697	32	1
697	33	1
697	34	1
697	35	1
697	36	0
697	37	1
697	38	0
697	39	1
697	40	1
698	1	1
698	2	1
698	3	0
698	4	0
698	5	1
698	6	0
698	7	0
698	8	0
698	9	0
698	10	0
698	11	0
698	12	1
698	13	0
698	14	0
698	15	1
698	16	1
698	17	1
698	18	1
698	19	0
698	20	1
698	21	0
698	22	0
698	23	0
698	24	1
698	25	1
698	26	0
698	27	0
698	28	0
698	29	0
698	30	1
698	31	0
698	32	0
698	33	0
698	34	1
698	35	0
698	36	1
698	37	0
698	38	1
698	39	0
698	40	0
699	1	1
699	2	1
699	3	1
699	4	1
699	5	1
699	6	1
699	7	1
699	8	0
699	9	1
699	10	1
699	11	0
699	12	1
699	13	1
699	14	1
699	15	0
699	16	1
699	17	0
699	18	1
699	19	1
699	20	1
699	21	1
699	22	1
699	23	1
699	24	0
699	25	1
699	26	1
699	27	1
699	28	1
699	29	1
699	30	1
699	31	1
699	32	1
699	33	1
699	34	1
699	35	1
699	36	1
699	37	1
699	38	1
699	39	1
699	40	1
700	1	0
700	2	0
700	3	1
700	4	1
700	5	0
700	6	1
700	7	0
700	8	0
700	9	0
700	10	0
700	11	0
700	12	1
700	13	0
700	14	0
700	15	0
700	16	0
700	17	0
700	18	0
700	19	1
700	20	0
700	21	0
700	22	1
700	23	0
700	24	0
700	25	0
700	26	0
700	27	1
700	28	1
700	29	0
700	30	1
700	31	0
700	32	0
700	33	1
700	34	0
700	35	0
700	36	0
700	37	0
700	38	0
700	39	0
700	40	0
701	1	1
701	2	1
701	3	1
701	4	1
701	5	0
701	6	1
701	7	1
701	8	0
701	9	1
701	10	1
701	11	0
701	12	1
701	13	1
701	14	1
701	15	0
701	16	1
701	17	0
701	18	1
701	19	1
701	20	0
701	21	1
701	22	1
701	23	0
701	24	0
701	25	0
701	26	0
701	27	1
701	28	1
701	29	1
701	30	1
701	31	0
701	32	1
701	33	1
701	34	1
701	35	1
701	36	0
701	37	1
701	38	0
701	39	1
701	40	1
702	1	1
702	2	1
702	3	1
702	4	1
702	5	1
702	6	1
702	7	1
702	8	0
702	9	1
702	10	1
702	11	0
702	12	1
702	13	1
702	14	1
702	15	0
702	16	1
702	17	0
702	18	1
702	19	0
702	20	1
702	21	1
702	22	1
702	23	1
702	24	0
702	25	1
702	26	1
702	27	0
702	28	1
702	29	0
702	30	1
702	31	1
702	32	0
702	33	0
702	34	1
702	35	1
702	36	1
702	37	1
702	38	1
702	39	1
702	40	1
703	1	0
703	2	0
703	3	0
703	4	0
703	5	0
703	6	0
703	7	1
703	8	1
703	9	1
703	10	0
703	11	1
703	12	0
703	13	1
703	14	1
703	15	1
703	16	0
703	17	1
703	18	0
703	19	0
703	20	0
703	21	1
703	22	0
703	23	0
703	24	1
703	25	0
703	26	0
703	27	0
703	28	0
703	29	0
703	30	0
703	31	0
703	32	0
703	33	0
703	34	0
703	35	0
703	36	0
703	37	1
703	38	0
703	39	1
703	40	1
704	1	0
704	2	0
704	3	1
704	4	1
704	5	0
704	6	1
704	7	0
704	8	0
704	9	0
704	10	0
704	11	0
704	12	1
704	13	0
704	14	0
704	15	0
704	16	0
704	17	0
704	18	0
704	19	1
704	20	0
704	21	0
704	22	1
704	23	0
704	24	0
704	25	0
704	26	0
704	27	1
704	28	1
704	29	0
704	30	1
704	31	0
704	32	0
704	33	1
704	34	0
704	35	0
704	36	0
704	37	0
704	38	0
704	39	0
704	40	0
705	1	1
705	2	1
705	3	1
705	4	1
705	5	1
705	6	1
705	7	1
705	8	0
705	9	1
705	10	1
705	11	0
705	12	1
705	13	1
705	14	1
705	15	0
705	16	1
705	17	0
705	18	1
705	19	1
705	20	1
705	21	1
705	22	1
705	23	1
705	24	0
705	25	1
705	26	1
705	27	1
705	28	1
705	29	1
705	30	1
705	31	1
705	32	1
705	33	1
705	34	1
705	35	1
705	36	1
705	37	1
705	38	1
705	39	1
705	40	1
706	1	1
706	2	1
706	3	1
706	4	1
706	5	1
706	6	1
706	7	1
706	8	0
706	9	1
706	10	1
706	11	0
706	12	1
706	13	1
706	14	1
706	15	0
706	16	1
706	17	0
706	18	1
706	19	1
706	20	1
706	21	1
706	22	1
706	23	1
706	24	0
706	25	1
706	26	1
706	27	1
706	28	1
706	29	1
706	30	1
706	31	1
706	32	1
706	33	1
706	34	1
706	35	1
706	36	1
706	37	1
706	38	1
706	39	1
706	40	1
707	1	1
707	2	1
707	3	1
707	4	1
707	5	1
707	6	1
707	7	1
707	8	0
707	9	1
707	10	1
707	11	0
707	12	1
707	13	1
707	14	1
707	15	0
707	16	1
707	17	0
707	18	1
707	19	0
707	20	1
707	21	1
707	22	1
707	23	1
707	24	0
707	25	1
707	26	1
707	27	0
707	28	1
707	29	0
707	30	1
707	31	1
707	32	0
707	33	0
707	34	1
707	35	1
707	36	1
707	37	1
707	38	1
707	39	1
707	40	1
708	1	0
708	2	0
708	3	1
708	4	1
708	5	0
708	6	1
708	7	0
708	8	0
708	9	0
708	10	0
708	11	0
708	12	1
708	13	0
708	14	0
708	15	0
708	16	0
708	17	0
708	18	0
708	19	1
708	20	0
708	21	0
708	22	1
708	23	0
708	24	0
708	25	0
708	26	0
708	27	1
708	28	1
708	29	0
708	30	1
708	31	0
708	32	0
708	33	1
708	34	0
708	35	0
708	36	0
708	37	0
708	38	0
708	39	0
708	40	0
709	1	1
709	2	1
709	3	0
709	4	0
709	5	1
709	6	0
709	7	0
709	8	0
709	9	0
709	10	0
709	11	0
709	12	1
709	13	0
709	14	0
709	15	1
709	16	1
709	17	1
709	18	1
709	19	0
709	20	1
709	21	0
709	22	0
709	23	0
709	24	1
709	25	1
709	26	0
709	27	0
709	28	0
709	29	0
709	30	1
709	31	0
709	32	0
709	33	0
709	34	1
709	35	0
709	36	1
709	37	0
709	38	1
709	39	0
709	40	0
710	1	1
710	2	1
710	3	1
710	4	1
710	5	1
710	6	1
710	7	1
710	8	0
710	9	1
710	10	1
710	11	0
710	12	1
710	13	1
710	14	1
710	15	0
710	16	1
710	17	0
710	18	1
710	19	1
710	20	1
710	21	1
710	22	1
710	23	1
710	24	0
710	25	1
710	26	1
710	27	1
710	28	1
710	29	1
710	30	1
710	31	1
710	32	1
710	33	1
710	34	1
710	35	1
710	36	1
710	37	1
710	38	1
710	39	1
710	40	1
711	1	1
711	2	1
711	3	1
711	4	1
711	5	0
711	6	1
711	7	1
711	8	0
711	9	1
711	10	1
711	11	0
711	12	1
711	13	1
711	14	1
711	15	0
711	16	1
711	17	0
711	18	1
711	19	1
711	20	0
711	21	1
711	22	1
711	23	0
711	24	0
711	25	0
711	26	0
711	27	1
711	28	1
711	29	1
711	30	1
711	31	0
711	32	1
711	33	1
711	34	1
711	35	1
711	36	0
711	37	1
711	38	0
711	39	1
711	40	1
712	1	0
712	2	0
712	3	1
712	4	1
712	5	0
712	6	1
712	7	0
712	8	1
712	9	0
712	10	1
712	11	1
712	12	0
712	13	0
712	14	0
712	15	1
712	16	0
712	17	1
712	18	0
712	19	1
712	20	0
712	21	0
712	22	0
712	23	0
712	24	1
712	25	0
712	26	0
712	27	1
712	28	1
712	29	1
712	30	0
712	31	0
712	32	1
712	33	1
712	34	0
712	35	0
712	36	0
712	37	0
712	38	0
712	39	0
712	40	0
713	1	1
713	2	1
713	3	1
713	4	1
713	5	0
713	6	1
713	7	0
713	8	0
713	9	0
713	10	1
713	11	0
713	12	1
713	13	0
713	14	0
713	15	0
713	16	1
713	17	0
713	18	1
713	19	1
713	20	0
713	21	0
713	22	1
713	23	0
713	24	0
713	25	0
713	26	0
713	27	1
713	28	1
713	29	1
713	30	1
713	31	0
713	32	1
713	33	1
713	34	1
713	35	1
713	36	0
713	37	0
713	38	0
713	39	0
713	40	0
714	1	0
714	2	0
714	3	1
714	4	1
714	5	0
714	6	1
714	7	0
714	8	1
714	9	0
714	10	0
714	11	1
714	12	0
714	13	0
714	14	0
714	15	0
714	16	0
714	17	1
714	18	0
714	19	1
714	20	0
714	21	0
714	22	0
714	23	0
714	24	1
714	25	0
714	26	0
714	27	1
714	28	1
714	29	0
714	30	0
714	31	0
714	32	0
714	33	1
714	34	0
714	35	0
714	36	0
714	37	0
714	38	0
714	39	0
714	40	0
715	1	0
715	2	0
715	3	0
715	4	0
715	5	0
715	6	0
715	7	1
715	8	1
715	9	1
715	10	0
715	11	1
715	12	0
715	13	1
715	14	1
715	15	1
715	16	0
715	17	1
715	18	0
715	19	0
715	20	0
715	21	1
715	22	0
715	23	0
715	24	1
715	25	0
715	26	0
715	27	0
715	28	0
715	29	0
715	30	0
715	31	0
715	32	0
715	33	0
715	34	0
715	35	0
715	36	0
715	37	1
715	38	0
715	39	1
715	40	1
716	1	1
716	2	1
716	3	1
716	4	1
716	5	0
716	6	1
716	7	0
716	8	0
716	9	0
716	10	1
716	11	0
716	12	1
716	13	0
716	14	0
716	15	0
716	16	1
716	17	0
716	18	1
716	19	1
716	20	0
716	21	0
716	22	1
716	23	0
716	24	0
716	25	0
716	26	0
716	27	1
716	28	1
716	29	1
716	30	1
716	31	0
716	32	1
716	33	1
716	34	1
716	35	1
716	36	0
716	37	0
716	38	0
716	39	0
716	40	0
717	1	0
717	2	0
717	3	1
717	4	1
717	5	0
717	6	1
717	7	1
717	8	0
717	9	0
717	10	0
717	11	0
717	12	1
717	13	1
717	14	1
717	15	0
717	16	0
717	17	0
717	18	0
717	19	0
717	20	1
717	21	1
717	22	1
717	23	1
717	24	0
717	25	1
717	26	0
717	27	0
717	28	1
717	29	0
717	30	1
717	31	1
717	32	0
717	33	0
717	34	0
717	35	0
717	36	1
717	37	1
717	38	1
717	39	1
717	40	0
718	1	1
718	2	1
718	3	1
718	4	1
718	5	0
718	6	1
718	7	0
718	8	0
718	9	0
718	10	0
718	11	0
718	12	1
718	13	0
718	14	0
718	15	0
718	16	1
718	17	0
718	18	1
718	19	1
718	20	0
718	21	0
718	22	0
718	23	0
718	24	0
718	25	0
718	26	0
718	27	1
718	28	0
718	29	1
718	30	1
718	31	0
718	32	0
718	33	1
718	34	1
718	35	0
718	36	0
718	37	0
718	38	0
718	39	0
718	40	0
719	1	0
719	2	0
719	3	0
719	4	0
719	5	0
719	6	0
719	7	1
719	8	1
719	9	1
719	10	0
719	11	1
719	12	0
719	13	1
719	14	1
719	15	1
719	16	0
719	17	1
719	18	0
719	19	0
719	20	0
719	21	1
719	22	0
719	23	0
719	24	1
719	25	0
719	26	0
719	27	0
719	28	0
719	29	0
719	30	0
719	31	0
719	32	0
719	33	0
719	34	0
719	35	0
719	36	0
719	37	1
719	38	0
719	39	1
719	40	1
720	1	0
720	2	0
720	3	0
720	4	0
720	5	0
720	6	0
720	7	1
720	8	1
720	9	0
720	10	0
720	11	1
720	12	0
720	13	1
720	14	1
720	15	0
720	16	0
720	17	1
720	18	0
720	19	0
720	20	0
720	21	1
720	22	0
720	23	0
720	24	1
720	25	0
720	26	0
720	27	0
720	28	0
720	29	0
720	30	0
720	31	0
720	32	0
720	33	0
720	34	0
720	35	0
720	36	0
720	37	1
720	38	0
720	39	1
720	40	0
721	1	0
721	2	0
721	3	0
721	4	0
721	5	0
721	6	0
721	7	1
721	8	1
721	9	1
721	10	0
721	11	1
721	12	0
721	13	1
721	14	1
721	15	1
721	16	0
721	17	1
721	18	0
721	19	0
721	20	0
721	21	1
721	22	0
721	23	0
721	24	1
721	25	0
721	26	0
721	27	0
721	28	0
721	29	0
721	30	0
721	31	0
721	32	0
721	33	0
721	34	0
721	35	0
721	36	0
721	37	1
721	38	0
721	39	1
721	40	1
722	1	1
722	2	1
722	3	0
722	4	0
722	5	0
722	6	0
722	7	0
722	8	0
722	9	0
722	10	0
722	11	0
722	12	1
722	13	0
722	14	0
722	15	0
722	16	1
722	17	0
722	18	1
722	19	0
722	20	0
722	21	0
722	22	0
722	23	0
722	24	0
722	25	0
722	26	0
722	27	0
722	28	0
722	29	0
722	30	1
722	31	0
722	32	0
722	33	0
722	34	0
722	35	0
722	36	0
722	37	0
722	38	0
722	39	0
722	40	0
723	1	1
723	2	1
723	3	0
723	4	0
723	5	1
723	6	0
723	7	0
723	8	1
723	9	0
723	10	0
723	11	1
723	12	1
723	13	0
723	14	0
723	15	1
723	16	1
723	17	1
723	18	1
723	19	0
723	20	1
723	21	0
723	22	1
723	23	1
723	24	1
723	25	1
723	26	1
723	27	0
723	28	0
723	29	0
723	30	1
723	31	1
723	32	0
723	33	0
723	34	1
723	35	1
723	36	1
723	37	0
723	38	1
723	39	0
723	40	0
724	1	1
724	2	1
724	3	1
724	4	1
724	5	1
724	6	1
724	7	1
724	8	0
724	9	1
724	10	1
724	11	0
724	12	1
724	13	1
724	14	1
724	15	0
724	16	1
724	17	0
724	18	1
724	19	1
724	20	1
724	21	1
724	22	1
724	23	1
724	24	0
724	25	1
724	26	1
724	27	1
724	28	1
724	29	1
724	30	1
724	31	1
724	32	1
724	33	1
724	34	1
724	35	1
724	36	1
724	37	1
724	38	1
724	39	1
724	40	1
725	1	0
725	2	0
725	3	0
725	4	0
725	5	0
725	6	0
725	7	0
725	8	0
725	9	1
725	10	0
725	11	0
725	12	0
725	13	1
725	14	0
725	15	1
725	16	0
725	17	0
725	18	0
725	19	0
725	20	0
725	21	1
725	22	0
725	23	0
725	24	1
725	25	0
725	26	0
725	27	0
725	28	0
725	29	0
725	30	0
725	31	0
725	32	0
725	33	0
725	34	0
725	35	0
725	36	0
725	37	1
725	38	0
725	39	1
725	40	0
726	1	1
726	2	1
726	3	1
726	4	1
726	5	1
726	6	1
726	7	1
726	8	0
726	9	1
726	10	1
726	11	0
726	12	1
726	13	1
726	14	1
726	15	0
726	16	1
726	17	0
726	18	1
726	19	1
726	20	1
726	21	1
726	22	1
726	23	1
726	24	0
726	25	1
726	26	1
726	27	1
726	28	1
726	29	1
726	30	1
726	31	1
726	32	1
726	33	1
726	34	1
726	35	1
726	36	1
726	37	1
726	38	1
726	39	1
726	40	1
727	1	1
727	2	1
727	3	0
727	4	0
727	5	1
727	6	0
727	7	0
727	8	1
727	9	0
727	10	0
727	11	1
727	12	1
727	13	0
727	14	0
727	15	1
727	16	1
727	17	1
727	18	1
727	19	0
727	20	1
727	21	0
727	22	1
727	23	1
727	24	1
727	25	1
727	26	1
727	27	0
727	28	0
727	29	0
727	30	1
727	31	1
727	32	0
727	33	0
727	34	1
727	35	1
727	36	1
727	37	0
727	38	1
727	39	0
727	40	0
728	1	1
728	2	1
728	3	1
728	4	0
728	5	1
728	6	1
728	7	0
728	8	0
728	9	1
728	10	0
728	11	0
728	12	1
728	13	1
728	14	0
728	15	0
728	16	1
728	17	0
728	18	1
728	19	0
728	20	0
728	21	1
728	22	0
728	23	0
728	24	0
728	25	0
728	26	1
728	27	0
728	28	0
728	29	0
728	30	1
728	31	0
728	32	0
728	33	0
728	34	0
728	35	0
728	36	1
728	37	1
728	38	1
728	39	1
728	40	0
729	1	1
729	2	1
729	3	1
729	4	1
729	5	1
729	6	1
729	7	1
729	8	0
729	9	1
729	10	1
729	11	0
729	12	1
729	13	1
729	14	1
729	15	0
729	16	1
729	17	0
729	18	1
729	19	0
729	20	1
729	21	1
729	22	1
729	23	1
729	24	0
729	25	1
729	26	1
729	27	0
729	28	1
729	29	0
729	30	1
729	31	1
729	32	0
729	33	0
729	34	1
729	35	1
729	36	1
729	37	1
729	38	1
729	39	1
729	40	1
730	1	1
730	2	1
730	3	1
730	4	1
730	5	1
730	6	1
730	7	1
730	8	0
730	9	1
730	10	1
730	11	0
730	12	1
730	13	1
730	14	1
730	15	0
730	16	1
730	17	0
730	18	1
730	19	1
730	20	1
730	21	1
730	22	1
730	23	1
730	24	0
730	25	1
730	26	1
730	27	1
730	28	1
730	29	1
730	30	1
730	31	1
730	32	1
730	33	1
730	34	1
730	35	1
730	36	1
730	37	1
730	38	1
730	39	1
730	40	1
731	1	0
731	2	0
731	3	1
731	4	1
731	5	0
731	6	1
731	7	0
731	8	1
731	9	0
731	10	1
731	11	1
731	12	0
731	13	0
731	14	0
731	15	1
731	16	0
731	17	1
731	18	0
731	19	1
731	20	0
731	21	0
731	22	0
731	23	0
731	24	1
731	25	0
731	26	0
731	27	1
731	28	1
731	29	1
731	30	0
731	31	0
731	32	1
731	33	1
731	34	0
731	35	0
731	36	0
731	37	0
731	38	0
731	39	0
731	40	0
732	1	0
732	2	0
732	3	1
732	4	1
732	5	0
732	6	1
732	7	0
732	8	1
732	9	0
732	10	0
732	11	1
732	12	0
732	13	0
732	14	0
732	15	0
732	16	0
732	17	1
732	18	0
732	19	1
732	20	0
732	21	0
732	22	0
732	23	0
732	24	1
732	25	0
732	26	0
732	27	1
732	28	1
732	29	0
732	30	0
732	31	0
732	32	0
732	33	1
732	34	0
732	35	0
732	36	0
732	37	0
732	38	0
732	39	0
732	40	0
733	1	1
733	2	1
733	3	1
733	4	1
733	5	0
733	6	1
733	7	1
733	8	0
733	9	1
733	10	1
733	11	0
733	12	1
733	13	1
733	14	1
733	15	0
733	16	1
733	17	0
733	18	1
733	19	1
733	20	0
733	21	1
733	22	1
733	23	0
733	24	0
733	25	0
733	26	0
733	27	1
733	28	1
733	29	1
733	30	1
733	31	0
733	32	1
733	33	1
733	34	1
733	35	1
733	36	0
733	37	1
733	38	0
733	39	1
733	40	1
734	1	0
734	2	0
734	3	1
734	4	1
734	5	0
734	6	1
734	7	1
734	8	0
734	9	0
734	10	0
734	11	0
734	12	1
734	13	1
734	14	1
734	15	0
734	16	0
734	17	0
734	18	0
734	19	1
734	20	1
734	21	1
734	22	1
734	23	1
734	24	0
734	25	1
734	26	0
734	27	1
734	28	1
734	29	0
734	30	1
734	31	1
734	32	0
734	33	1
734	34	0
734	35	0
734	36	1
734	37	1
734	38	1
734	39	1
734	40	0
735	1	0
735	2	0
735	3	0
735	4	0
735	5	0
735	6	0
735	7	1
735	8	1
735	9	1
735	10	0
735	11	1
735	12	0
735	13	1
735	14	1
735	15	1
735	16	0
735	17	1
735	18	0
735	19	0
735	20	0
735	21	1
735	22	0
735	23	0
735	24	1
735	25	0
735	26	0
735	27	0
735	28	0
735	29	0
735	30	0
735	31	0
735	32	0
735	33	0
735	34	0
735	35	0
735	36	0
735	37	1
735	38	0
735	39	1
735	40	1
736	1	1
736	2	1
736	3	1
736	4	1
736	5	1
736	6	1
736	7	1
736	8	0
736	9	1
736	10	1
736	11	0
736	12	1
736	13	1
736	14	1
736	15	0
736	16	1
736	17	0
736	18	1
736	19	1
736	20	1
736	21	1
736	22	1
736	23	1
736	24	0
736	25	1
736	26	1
736	27	1
736	28	1
736	29	1
736	30	1
736	31	1
736	32	1
736	33	1
736	34	1
736	35	1
736	36	1
736	37	1
736	38	1
736	39	1
736	40	1
737	1	1
737	2	1
737	3	1
737	4	1
737	5	0
737	6	1
737	7	1
737	8	0
737	9	1
737	10	1
737	11	0
737	12	1
737	13	1
737	14	1
737	15	0
737	16	1
737	17	0
737	18	1
737	19	1
737	20	0
737	21	1
737	22	1
737	23	0
737	24	0
737	25	0
737	26	0
737	27	1
737	28	1
737	29	1
737	30	1
737	31	0
737	32	1
737	33	1
737	34	1
737	35	1
737	36	0
737	37	1
737	38	0
737	39	1
737	40	1
738	1	1
738	2	1
738	3	0
738	4	0
738	5	1
738	6	0
738	7	0
738	8	1
738	9	0
738	10	0
738	11	1
738	12	1
738	13	0
738	14	0
738	15	1
738	16	1
738	17	1
738	18	1
738	19	0
738	20	1
738	21	0
738	22	1
738	23	1
738	24	1
738	25	1
738	26	1
738	27	0
738	28	0
738	29	0
738	30	1
738	31	1
738	32	0
738	33	0
738	34	1
738	35	1
738	36	1
738	37	0
738	38	1
738	39	0
738	40	0
739	1	1
739	2	1
739	3	1
739	4	1
739	5	0
739	6	1
739	7	1
739	8	0
739	9	1
739	10	1
739	11	0
739	12	1
739	13	1
739	14	1
739	15	0
739	16	1
739	17	0
739	18	1
739	19	1
739	20	0
739	21	1
739	22	1
739	23	0
739	24	0
739	25	0
739	26	0
739	27	1
739	28	1
739	29	1
739	30	1
739	31	0
739	32	1
739	33	1
739	34	1
739	35	1
739	36	0
739	37	1
739	38	0
739	39	1
739	40	1
740	1	0
740	2	0
740	3	0
740	4	0
740	5	0
740	6	0
740	7	1
740	8	1
740	9	1
740	10	0
740	11	1
740	12	0
740	13	1
740	14	1
740	15	1
740	16	0
740	17	1
740	18	0
740	19	0
740	20	0
740	21	1
740	22	0
740	23	0
740	24	1
740	25	0
740	26	0
740	27	0
740	28	0
740	29	0
740	30	0
740	31	0
740	32	0
740	33	0
740	34	0
740	35	0
740	36	0
740	37	1
740	38	0
740	39	1
740	40	1
741	1	1
741	2	1
741	3	1
741	4	1
741	5	0
741	6	1
741	7	1
741	8	0
741	9	1
741	10	1
741	11	0
741	12	1
741	13	1
741	14	1
741	15	0
741	16	1
741	17	0
741	18	1
741	19	1
741	20	0
741	21	1
741	22	1
741	23	0
741	24	0
741	25	0
741	26	0
741	27	1
741	28	1
741	29	1
741	30	1
741	31	0
741	32	1
741	33	1
741	34	1
741	35	1
741	36	0
741	37	1
741	38	0
741	39	1
741	40	1
742	1	1
742	2	1
742	3	1
742	4	1
742	5	0
742	6	1
742	7	1
742	8	0
742	9	1
742	10	1
742	11	0
742	12	1
742	13	1
742	14	1
742	15	0
742	16	1
742	17	0
742	18	1
742	19	1
742	20	0
742	21	1
742	22	1
742	23	0
742	24	0
742	25	0
742	26	0
742	27	1
742	28	1
742	29	1
742	30	1
742	31	0
742	32	1
742	33	1
742	34	1
742	35	1
742	36	0
742	37	1
742	38	0
742	39	1
742	40	1
743	1	0
743	2	0
743	3	1
743	4	1
743	5	0
743	6	1
743	7	0
743	8	0
743	9	0
743	10	0
743	11	0
743	12	0
743	13	0
743	14	0
743	15	1
743	16	0
743	17	1
743	18	0
743	19	1
743	20	0
743	21	0
743	22	0
743	23	0
743	24	1
743	25	0
743	26	0
743	27	1
743	28	0
743	29	1
743	30	0
743	31	0
743	32	0
743	33	1
743	34	0
743	35	0
743	36	0
743	37	0
743	38	0
743	39	0
743	40	0
744	1	1
744	2	0
744	3	1
744	4	1
744	5	0
744	6	0
744	7	0
744	8	0
744	9	0
744	10	1
744	11	0
744	12	1
744	13	0
744	14	0
744	15	0
744	16	1
744	17	0
744	18	1
744	19	1
744	20	0
744	21	0
744	22	1
744	23	0
744	24	0
744	25	0
744	26	0
744	27	0
744	28	0
744	29	1
744	30	1
744	31	0
744	32	1
744	33	1
744	34	0
744	35	1
744	36	0
744	37	0
744	38	0
744	39	0
744	40	0
745	1	1
745	2	0
745	3	1
745	4	1
745	5	0
745	6	0
745	7	1
745	8	0
745	9	0
745	10	1
745	11	0
745	12	1
745	13	1
745	14	1
745	15	0
745	16	1
745	17	0
745	18	1
745	19	1
745	20	0
745	21	0
745	22	1
745	23	0
745	24	0
745	25	0
745	26	0
745	27	0
745	28	0
745	29	1
745	30	1
745	31	0
745	32	1
745	33	1
745	34	0
745	35	1
745	36	0
745	37	1
745	38	0
745	39	0
745	40	1
746	1	0
746	2	0
746	3	1
746	4	1
746	5	0
746	6	1
746	7	0
746	8	1
746	9	0
746	10	1
746	11	1
746	12	0
746	13	0
746	14	0
746	15	1
746	16	0
746	17	1
746	18	0
746	19	1
746	20	0
746	21	0
746	22	0
746	23	0
746	24	1
746	25	0
746	26	0
746	27	1
746	28	1
746	29	1
746	30	0
746	31	0
746	32	1
746	33	1
746	34	0
746	35	0
746	36	0
746	37	0
746	38	0
746	39	0
746	40	0
747	1	1
747	2	1
747	3	1
747	4	1
747	5	1
747	6	1
747	7	1
747	8	0
747	9	1
747	10	1
747	11	0
747	12	1
747	13	1
747	14	1
747	15	0
747	16	1
747	17	0
747	18	1
747	19	0
747	20	1
747	21	1
747	22	1
747	23	1
747	24	0
747	25	1
747	26	1
747	27	0
747	28	1
747	29	0
747	30	1
747	31	1
747	32	0
747	33	0
747	34	1
747	35	1
747	36	1
747	37	1
747	38	1
747	39	1
747	40	1
748	1	0
748	2	0
748	3	1
748	4	0
748	5	0
748	6	1
748	7	0
748	8	0
748	9	0
748	10	0
748	11	0
748	12	0
748	13	0
748	14	0
748	15	1
748	16	0
748	17	0
748	18	0
748	19	0
748	20	0
748	21	0
748	22	0
748	23	0
748	24	1
748	25	0
748	26	0
748	27	1
748	28	0
748	29	0
748	30	0
748	31	0
748	32	1
748	33	1
748	34	0
748	35	0
748	36	0
748	37	0
748	38	0
748	39	0
748	40	0
749	1	1
749	2	1
749	3	1
749	4	1
749	5	1
749	6	1
749	7	1
749	8	0
749	9	1
749	10	1
749	11	0
749	12	1
749	13	1
749	14	1
749	15	0
749	16	1
749	17	0
749	18	1
749	19	1
749	20	1
749	21	1
749	22	1
749	23	1
749	24	0
749	25	1
749	26	1
749	27	1
749	28	1
749	29	1
749	30	1
749	31	1
749	32	1
749	33	1
749	34	1
749	35	1
749	36	1
749	37	1
749	38	1
749	39	1
749	40	1
750	1	1
750	2	1
750	3	1
750	4	1
750	5	0
750	6	1
750	7	1
750	8	0
750	9	1
750	10	1
750	11	0
750	12	1
750	13	1
750	14	1
750	15	0
750	16	1
750	17	0
750	18	1
750	19	1
750	20	0
750	21	1
750	22	1
750	23	0
750	24	0
750	25	0
750	26	0
750	27	1
750	28	1
750	29	1
750	30	1
750	31	0
750	32	1
750	33	1
750	34	1
750	35	1
750	36	0
750	37	1
750	38	0
750	39	1
750	40	1
751	1	1
751	2	1
751	3	1
751	4	1
751	5	1
751	6	1
751	7	1
751	8	0
751	9	1
751	10	1
751	11	0
751	12	1
751	13	1
751	14	1
751	15	0
751	16	1
751	17	0
751	18	1
751	19	1
751	20	1
751	21	1
751	22	1
751	23	1
751	24	0
751	25	1
751	26	1
751	27	1
751	28	1
751	29	1
751	30	1
751	31	1
751	32	1
751	33	1
751	34	1
751	35	1
751	36	1
751	37	1
751	38	1
751	39	1
751	40	1
752	1	1
752	2	1
752	3	1
752	4	1
752	5	0
752	6	1
752	7	1
752	8	0
752	9	1
752	10	1
752	11	0
752	12	1
752	13	1
752	14	1
752	15	0
752	16	1
752	17	0
752	18	1
752	19	1
752	20	0
752	21	1
752	22	1
752	23	0
752	24	0
752	25	0
752	26	0
752	27	1
752	28	1
752	29	1
752	30	1
752	31	0
752	32	1
752	33	1
752	34	1
752	35	1
752	36	0
752	37	1
752	38	0
752	39	1
752	40	1
753	1	0
753	2	0
753	3	0
753	4	0
753	5	0
753	6	0
753	7	1
753	8	1
753	9	0
753	10	0
753	11	1
753	12	0
753	13	1
753	14	1
753	15	0
753	16	0
753	17	1
753	18	0
753	19	0
753	20	0
753	21	0
753	22	0
753	23	0
753	24	1
753	25	0
753	26	0
753	27	0
753	28	0
753	29	0
753	30	0
753	31	0
753	32	0
753	33	0
753	34	0
753	35	0
753	36	0
753	37	1
753	38	0
753	39	0
753	40	1
754	1	1
754	2	1
754	3	1
754	4	0
754	5	1
754	6	1
754	7	0
754	8	0
754	9	1
754	10	0
754	11	0
754	12	1
754	13	1
754	14	0
754	15	0
754	16	1
754	17	0
754	18	1
754	19	0
754	20	0
754	21	1
754	22	0
754	23	0
754	24	0
754	25	0
754	26	1
754	27	1
754	28	0
754	29	0
754	30	1
754	31	0
754	32	1
754	33	1
754	34	0
754	35	0
754	36	1
754	37	1
754	38	1
754	39	1
754	40	0
755	1	0
755	2	0
755	3	0
755	4	0
755	5	0
755	6	0
755	7	1
755	8	1
755	9	1
755	10	0
755	11	1
755	12	0
755	13	1
755	14	1
755	15	1
755	16	0
755	17	1
755	18	0
755	19	0
755	20	0
755	21	1
755	22	0
755	23	0
755	24	1
755	25	0
755	26	0
755	27	0
755	28	0
755	29	0
755	30	0
755	31	0
755	32	0
755	33	0
755	34	0
755	35	0
755	36	0
755	37	1
755	38	0
755	39	1
755	40	1
756	1	1
756	2	1
756	3	1
756	4	1
756	5	0
756	6	1
756	7	1
756	8	0
756	9	1
756	10	1
756	11	0
756	12	1
756	13	1
756	14	1
756	15	0
756	16	1
756	17	0
756	18	1
756	19	1
756	20	0
756	21	1
756	22	1
756	23	0
756	24	0
756	25	0
756	26	0
756	27	1
756	28	1
756	29	1
756	30	1
756	31	0
756	32	1
756	33	1
756	34	1
756	35	1
756	36	0
756	37	1
756	38	0
756	39	1
756	40	1
757	1	0
757	2	0
757	3	0
757	4	0
757	5	0
757	6	0
757	7	1
757	8	1
757	9	1
757	10	0
757	11	1
757	12	0
757	13	1
757	14	1
757	15	1
757	16	0
757	17	1
757	18	0
757	19	0
757	20	0
757	21	1
757	22	0
757	23	0
757	24	1
757	25	0
757	26	0
757	27	0
757	28	0
757	29	0
757	30	0
757	31	0
757	32	0
757	33	0
757	34	0
757	35	0
757	36	0
757	37	1
757	38	0
757	39	1
757	40	1
758	1	1
758	2	1
758	3	1
758	4	1
758	5	0
758	6	1
758	7	1
758	8	0
758	9	1
758	10	1
758	11	0
758	12	1
758	13	1
758	14	1
758	15	0
758	16	1
758	17	0
758	18	1
758	19	1
758	20	0
758	21	1
758	22	1
758	23	0
758	24	0
758	25	0
758	26	0
758	27	1
758	28	1
758	29	1
758	30	1
758	31	0
758	32	1
758	33	1
758	34	1
758	35	1
758	36	0
758	37	1
758	38	0
758	39	1
758	40	1
759	1	0
759	2	0
759	3	0
759	4	0
759	5	0
759	6	0
759	7	0
759	8	1
759	9	0
759	10	0
759	11	1
759	12	1
759	13	0
759	14	0
759	15	0
759	16	0
759	17	1
759	18	0
759	19	0
759	20	1
759	21	0
759	22	1
759	23	1
759	24	1
759	25	1
759	26	0
759	27	0
759	28	0
759	29	0
759	30	1
759	31	1
759	32	0
759	33	0
759	34	0
759	35	0
759	36	1
759	37	0
759	38	1
759	39	0
759	40	0
760	1	1
760	2	1
760	3	0
760	4	0
760	5	0
760	6	0
760	7	0
760	8	0
760	9	0
760	10	0
760	11	0
760	12	1
760	13	0
760	14	0
760	15	0
760	16	1
760	17	0
760	18	1
760	19	0
760	20	0
760	21	0
760	22	1
760	23	0
760	24	0
760	25	0
760	26	0
760	27	0
760	28	0
760	29	0
760	30	1
760	31	0
760	32	0
760	33	0
760	34	1
760	35	1
760	36	0
760	37	0
760	38	0
760	39	0
760	40	0
761	1	1
761	2	1
761	3	0
761	4	0
761	5	0
761	6	0
761	7	0
761	8	0
761	9	0
761	10	0
761	11	0
761	12	1
761	13	0
761	14	0
761	15	0
761	16	1
761	17	0
761	18	1
761	19	0
761	20	0
761	21	0
761	22	1
761	23	0
761	24	0
761	25	0
761	26	0
761	27	0
761	28	0
761	29	0
761	30	1
761	31	0
761	32	0
761	33	0
761	34	1
761	35	1
761	36	0
761	37	0
761	38	0
761	39	0
761	40	0
762	1	1
762	2	1
762	3	0
762	4	0
762	5	0
762	6	0
762	7	0
762	8	0
762	9	0
762	10	0
762	11	0
762	12	1
762	13	0
762	14	0
762	15	0
762	16	1
762	17	0
762	18	1
762	19	0
762	20	0
762	21	0
762	22	1
762	23	0
762	24	0
762	25	0
762	26	0
762	27	0
762	28	0
762	29	0
762	30	1
762	31	0
762	32	0
762	33	0
762	34	1
762	35	1
762	36	0
762	37	0
762	38	0
762	39	0
762	40	0
763	1	0
763	2	0
763	3	1
763	4	1
763	5	0
763	6	1
763	7	1
763	8	0
763	9	0
763	10	0
763	11	0
763	12	1
763	13	1
763	14	1
763	15	0
763	16	0
763	17	0
763	18	0
763	19	1
763	20	0
763	21	1
763	22	1
763	23	0
763	24	0
763	25	0
763	26	0
763	27	1
763	28	1
763	29	0
763	30	1
763	31	0
763	32	0
763	33	1
763	34	0
763	35	0
763	36	0
763	37	1
763	38	0
763	39	1
763	40	0
764	1	1
764	2	1
764	3	0
764	4	0
764	5	0
764	6	0
764	7	0
764	8	0
764	9	0
764	10	0
764	11	0
764	12	1
764	13	0
764	14	0
764	15	0
764	16	1
764	17	0
764	18	1
764	19	0
764	20	0
764	21	0
764	22	1
764	23	0
764	24	0
764	25	0
764	26	0
764	27	0
764	28	0
764	29	0
764	30	1
764	31	0
764	32	0
764	33	0
764	34	1
764	35	1
764	36	0
764	37	0
764	38	0
764	39	0
764	40	0
765	1	0
765	2	0
765	3	0
765	4	0
765	5	0
765	6	0
765	7	1
765	8	1
765	9	1
765	10	0
765	11	1
765	12	0
765	13	1
765	14	1
765	15	1
765	16	0
765	17	1
765	18	0
765	19	0
765	20	0
765	21	1
765	22	0
765	23	0
765	24	1
765	25	0
765	26	0
765	27	0
765	28	0
765	29	0
765	30	0
765	31	0
765	32	0
765	33	0
765	34	0
765	35	0
765	36	0
765	37	1
765	38	0
765	39	1
765	40	1
766	1	1
766	2	1
766	3	1
766	4	1
766	5	0
766	6	1
766	7	1
766	8	0
766	9	1
766	10	1
766	11	0
766	12	1
766	13	1
766	14	1
766	15	0
766	16	1
766	17	0
766	18	1
766	19	1
766	20	0
766	21	1
766	22	1
766	23	0
766	24	0
766	25	0
766	26	0
766	27	1
766	28	1
766	29	1
766	30	1
766	31	0
766	32	1
766	33	1
766	34	1
766	35	1
766	36	0
766	37	1
766	38	0
766	39	1
766	40	1
767	1	1
767	2	1
767	3	1
767	4	1
767	5	0
767	6	1
767	7	1
767	8	0
767	9	1
767	10	1
767	11	0
767	12	1
767	13	1
767	14	1
767	15	0
767	16	1
767	17	0
767	18	1
767	19	1
767	20	0
767	21	1
767	22	1
767	23	0
767	24	0
767	25	0
767	26	0
767	27	1
767	28	1
767	29	1
767	30	1
767	31	0
767	32	1
767	33	1
767	34	1
767	35	1
767	36	0
767	37	1
767	38	0
767	39	1
767	40	1
768	1	1
768	2	1
768	3	0
768	4	1
768	5	0
768	6	0
768	7	1
768	8	0
768	9	1
768	10	1
768	11	0
768	12	1
768	13	1
768	14	1
768	15	0
768	16	0
768	17	0
768	18	1
768	19	1
768	20	0
768	21	0
768	22	0
768	23	0
768	24	0
768	25	0
768	26	0
768	27	1
768	28	1
768	29	1
768	30	1
768	31	0
768	32	0
768	33	1
768	34	1
768	35	1
768	36	0
768	37	1
768	38	0
768	39	0
768	40	1
769	1	1
769	2	1
769	3	0
769	4	0
769	5	1
769	6	0
769	7	0
769	8	1
769	9	0
769	10	0
769	11	1
769	12	1
769	13	0
769	14	0
769	15	1
769	16	1
769	17	1
769	18	1
769	19	0
769	20	1
769	21	0
769	22	1
769	23	1
769	24	1
769	25	1
769	26	1
769	27	0
769	28	0
769	29	0
769	30	1
769	31	1
769	32	0
769	33	0
769	34	1
769	35	1
769	36	1
769	37	0
769	38	1
769	39	0
769	40	0
770	1	0
770	2	0
770	3	0
770	4	0
770	5	0
770	6	0
770	7	1
770	8	1
770	9	1
770	10	0
770	11	1
770	12	0
770	13	1
770	14	1
770	15	1
770	16	0
770	17	1
770	18	0
770	19	0
770	20	0
770	21	1
770	22	0
770	23	0
770	24	1
770	25	0
770	26	0
770	27	0
770	28	0
770	29	0
770	30	0
770	31	0
770	32	0
770	33	0
770	34	0
770	35	0
770	36	0
770	37	1
770	38	0
770	39	1
770	40	1
771	1	1
771	2	1
771	3	1
771	4	1
771	5	0
771	6	1
771	7	1
771	8	0
771	9	1
771	10	1
771	11	0
771	12	1
771	13	1
771	14	1
771	15	0
771	16	1
771	17	0
771	18	1
771	19	1
771	20	0
771	21	1
771	22	1
771	23	0
771	24	0
771	25	0
771	26	0
771	27	1
771	28	1
771	29	1
771	30	1
771	31	0
771	32	1
771	33	1
771	34	1
771	35	1
771	36	0
771	37	1
771	38	0
771	39	1
771	40	1
772	1	1
772	2	1
772	3	1
772	4	1
772	5	0
772	6	1
772	7	1
772	8	0
772	9	1
772	10	0
772	11	0
772	12	1
772	13	1
772	14	1
772	15	0
772	16	1
772	17	0
772	18	1
772	19	1
772	20	0
772	21	0
772	22	0
772	23	0
772	24	0
772	25	0
772	26	0
772	27	1
772	28	0
772	29	1
772	30	1
772	31	0
772	32	0
772	33	1
772	34	1
772	35	0
772	36	0
772	37	1
772	38	0
772	39	1
772	40	1
773	1	0
773	2	0
773	3	0
773	4	0
773	5	0
773	6	0
773	7	1
773	8	1
773	9	1
773	10	0
773	11	1
773	12	0
773	13	1
773	14	1
773	15	1
773	16	0
773	17	1
773	18	0
773	19	0
773	20	0
773	21	1
773	22	0
773	23	0
773	24	1
773	25	0
773	26	0
773	27	0
773	28	0
773	29	0
773	30	0
773	31	0
773	32	0
773	33	0
773	34	0
773	35	0
773	36	0
773	37	1
773	38	0
773	39	1
773	40	1
774	1	0
774	2	0
774	3	0
774	4	0
774	5	0
774	6	0
774	7	1
774	8	1
774	9	1
774	10	0
774	11	1
774	12	0
774	13	1
774	14	1
774	15	1
774	16	0
774	17	1
774	18	0
774	19	0
774	20	0
774	21	1
774	22	0
774	23	0
774	24	1
774	25	0
774	26	0
774	27	0
774	28	0
774	29	0
774	30	0
774	31	0
774	32	0
774	33	0
774	34	0
774	35	0
774	36	0
774	37	1
774	38	0
774	39	1
774	40	1
775	1	1
775	2	1
775	3	1
775	4	1
775	5	0
775	6	1
775	7	0
775	8	0
775	9	0
775	10	1
775	11	0
775	12	1
775	13	0
775	14	0
775	15	0
775	16	1
775	17	0
775	18	1
775	19	1
775	20	0
775	21	0
775	22	1
775	23	0
775	24	0
775	25	0
775	26	0
775	27	1
775	28	1
775	29	1
775	30	1
775	31	0
775	32	1
775	33	1
775	34	1
775	35	1
775	36	0
775	37	0
775	38	0
775	39	0
775	40	0
776	1	1
776	2	1
776	3	1
776	4	0
776	5	1
776	6	1
776	7	0
776	8	0
776	9	1
776	10	0
776	11	0
776	12	1
776	13	1
776	14	0
776	15	0
776	16	1
776	17	0
776	18	1
776	19	0
776	20	0
776	21	1
776	22	0
776	23	0
776	24	0
776	25	0
776	26	1
776	27	0
776	28	0
776	29	0
776	30	1
776	31	0
776	32	0
776	33	0
776	34	0
776	35	0
776	36	1
776	37	1
776	38	1
776	39	1
776	40	0
777	1	1
777	2	1
777	3	1
777	4	1
777	5	0
777	6	1
777	7	0
777	8	0
777	9	0
777	10	1
777	11	0
777	12	1
777	13	0
777	14	0
777	15	0
777	16	1
777	17	0
777	18	1
777	19	1
777	20	0
777	21	0
777	22	1
777	23	0
777	24	0
777	25	0
777	26	0
777	27	1
777	28	1
777	29	1
777	30	1
777	31	0
777	32	1
777	33	1
777	34	1
777	35	1
777	36	0
777	37	0
777	38	0
777	39	0
777	40	0
778	1	1
778	2	1
778	3	1
778	4	1
778	5	0
778	6	1
778	7	1
778	8	0
778	9	1
778	10	1
778	11	0
778	12	1
778	13	1
778	14	1
778	15	0
778	16	1
778	17	0
778	18	1
778	19	1
778	20	0
778	21	1
778	22	1
778	23	0
778	24	0
778	25	0
778	26	0
778	27	1
778	28	1
778	29	1
778	30	1
778	31	0
778	32	1
778	33	1
778	34	1
778	35	1
778	36	0
778	37	1
778	38	0
778	39	1
778	40	1
779	1	1
779	2	1
779	3	0
779	4	0
779	5	0
779	6	0
779	7	0
779	8	0
779	9	0
779	10	0
779	11	0
779	12	1
779	13	0
779	14	0
779	15	0
779	16	1
779	17	0
779	18	1
779	19	0
779	20	0
779	21	0
779	22	1
779	23	0
779	24	0
779	25	0
779	26	0
779	27	0
779	28	0
779	29	0
779	30	1
779	31	0
779	32	0
779	33	0
779	34	1
779	35	1
779	36	0
779	37	0
779	38	0
779	39	0
779	40	0
780	1	1
780	2	1
780	3	1
780	4	1
780	5	0
780	6	1
780	7	1
780	8	0
780	9	1
780	10	1
780	11	0
780	12	1
780	13	1
780	14	1
780	15	0
780	16	1
780	17	0
780	18	1
780	19	1
780	20	0
780	21	1
780	22	1
780	23	0
780	24	0
780	25	0
780	26	0
780	27	1
780	28	1
780	29	1
780	30	1
780	31	0
780	32	1
780	33	1
780	34	1
780	35	1
780	36	0
780	37	1
780	38	0
780	39	1
780	40	1
781	1	1
781	2	1
781	3	1
781	4	1
781	5	0
781	6	1
781	7	1
781	8	0
781	9	1
781	10	1
781	11	0
781	12	1
781	13	1
781	14	1
781	15	0
781	16	1
781	17	0
781	18	1
781	19	1
781	20	0
781	21	1
781	22	1
781	23	0
781	24	0
781	25	0
781	26	0
781	27	1
781	28	1
781	29	1
781	30	1
781	31	0
781	32	1
781	33	1
781	34	1
781	35	1
781	36	0
781	37	1
781	38	0
781	39	1
781	40	1
782	1	1
782	2	1
782	3	0
782	4	0
782	5	1
782	6	0
782	7	0
782	8	1
782	9	0
782	10	0
782	11	1
782	12	1
782	13	0
782	14	0
782	15	1
782	16	1
782	17	1
782	18	1
782	19	0
782	20	1
782	21	0
782	22	1
782	23	1
782	24	1
782	25	1
782	26	1
782	27	0
782	28	0
782	29	0
782	30	1
782	31	1
782	32	0
782	33	0
782	34	1
782	35	1
782	36	1
782	37	0
782	38	1
782	39	0
782	40	0
783	1	0
783	2	0
783	3	0
783	4	0
783	5	0
783	6	0
783	7	1
783	8	1
783	9	1
783	10	0
783	11	1
783	12	0
783	13	1
783	14	1
783	15	1
783	16	0
783	17	1
783	18	0
783	19	0
783	20	0
783	21	1
783	22	0
783	23	0
783	24	1
783	25	0
783	26	0
783	27	0
783	28	0
783	29	0
783	30	0
783	31	0
783	32	0
783	33	0
783	34	0
783	35	0
783	36	0
783	37	1
783	38	0
783	39	1
783	40	1
784	1	1
784	2	1
784	3	1
784	4	1
784	5	0
784	6	1
784	7	1
784	8	0
784	9	1
784	10	1
784	11	0
784	12	1
784	13	1
784	14	1
784	15	0
784	16	1
784	17	0
784	18	1
784	19	1
784	20	0
784	21	1
784	22	1
784	23	0
784	24	0
784	25	0
784	26	0
784	27	1
784	28	1
784	29	1
784	30	1
784	31	0
784	32	1
784	33	1
784	34	1
784	35	1
784	36	0
784	37	1
784	38	0
784	39	1
784	40	1
785	1	0
785	2	0
785	3	1
785	4	1
785	5	0
785	6	1
785	7	0
785	8	1
785	9	0
785	10	1
785	11	1
785	12	0
785	13	0
785	14	0
785	15	1
785	16	0
785	17	1
785	18	0
785	19	1
785	20	0
785	21	0
785	22	0
785	23	0
785	24	1
785	25	0
785	26	0
785	27	1
785	28	1
785	29	1
785	30	0
785	31	0
785	32	1
785	33	1
785	34	0
785	35	0
785	36	0
785	37	0
785	38	0
785	39	0
785	40	0
786	1	1
786	2	1
786	3	1
786	4	1
786	5	1
786	6	1
786	7	1
786	8	0
786	9	1
786	10	1
786	11	0
786	12	1
786	13	1
786	14	1
786	15	0
786	16	1
786	17	0
786	18	1
786	19	0
786	20	1
786	21	1
786	22	1
786	23	1
786	24	0
786	25	1
786	26	1
786	27	0
786	28	1
786	29	0
786	30	1
786	31	1
786	32	0
786	33	0
786	34	1
786	35	1
786	36	1
786	37	1
786	38	1
786	39	1
786	40	1
787	1	1
787	2	1
787	3	0
787	4	0
787	5	1
787	6	0
787	7	0
787	8	1
787	9	0
787	10	0
787	11	1
787	12	1
787	13	0
787	14	0
787	15	1
787	16	1
787	17	1
787	18	1
787	19	0
787	20	1
787	21	0
787	22	1
787	23	1
787	24	1
787	25	1
787	26	1
787	27	0
787	28	0
787	29	0
787	30	1
787	31	1
787	32	0
787	33	0
787	34	1
787	35	1
787	36	1
787	37	0
787	38	1
787	39	0
787	40	0
788	1	0
788	2	0
788	3	1
788	4	1
788	5	0
788	6	1
788	7	0
788	8	1
788	9	0
788	10	0
788	11	1
788	12	0
788	13	0
788	14	0
788	15	0
788	16	0
788	17	1
788	18	0
788	19	1
788	20	0
788	21	0
788	22	0
788	23	0
788	24	1
788	25	0
788	26	0
788	27	1
788	28	1
788	29	0
788	30	0
788	31	0
788	32	0
788	33	1
788	34	0
788	35	0
788	36	0
788	37	0
788	38	0
788	39	0
788	40	0
789	1	1
789	2	1
789	3	1
789	4	1
789	5	0
789	6	1
789	7	0
789	8	0
789	9	0
789	10	1
789	11	0
789	12	1
789	13	0
789	14	0
789	15	0
789	16	1
789	17	0
789	18	1
789	19	1
789	20	0
789	21	0
789	22	1
789	23	0
789	24	0
789	25	0
789	26	0
789	27	1
789	28	1
789	29	1
789	30	1
789	31	0
789	32	1
789	33	1
789	34	1
789	35	1
789	36	0
789	37	0
789	38	0
789	39	0
789	40	0
790	1	1
790	2	1
790	3	0
790	4	0
790	5	1
790	6	0
790	7	0
790	8	1
790	9	0
790	10	0
790	11	1
790	12	1
790	13	0
790	14	0
790	15	1
790	16	1
790	17	1
790	18	1
790	19	0
790	20	1
790	21	0
790	22	1
790	23	1
790	24	1
790	25	1
790	26	1
790	27	0
790	28	0
790	29	0
790	30	1
790	31	1
790	32	0
790	33	0
790	34	1
790	35	1
790	36	1
790	37	0
790	38	1
790	39	0
790	40	0
791	1	0
791	2	0
791	3	1
791	4	1
791	5	0
791	6	1
791	7	0
791	8	1
791	9	0
791	10	1
791	11	1
791	12	0
791	13	0
791	14	0
791	15	1
791	16	0
791	17	1
791	18	0
791	19	1
791	20	0
791	21	0
791	22	0
791	23	0
791	24	1
791	25	0
791	26	0
791	27	1
791	28	1
791	29	1
791	30	0
791	31	0
791	32	1
791	33	1
791	34	0
791	35	0
791	36	0
791	37	0
791	38	0
791	39	0
791	40	0
792	1	1
792	2	1
792	3	1
792	4	1
792	5	1
792	6	1
792	7	1
792	8	0
792	9	1
792	10	1
792	11	0
792	12	1
792	13	1
792	14	1
792	15	0
792	16	1
792	17	0
792	18	1
792	19	1
792	20	1
792	21	1
792	22	1
792	23	1
792	24	0
792	25	1
792	26	1
792	27	1
792	28	1
792	29	1
792	30	1
792	31	1
792	32	1
792	33	1
792	34	1
792	35	1
792	36	1
792	37	1
792	38	1
792	39	1
792	40	1
793	1	0
793	2	0
793	3	0
793	4	0
793	5	0
793	6	0
793	7	1
793	8	1
793	9	1
793	10	0
793	11	1
793	12	0
793	13	1
793	14	1
793	15	1
793	16	0
793	17	1
793	18	0
793	19	0
793	20	0
793	21	1
793	22	0
793	23	0
793	24	1
793	25	0
793	26	0
793	27	0
793	28	0
793	29	0
793	30	0
793	31	0
793	32	0
793	33	0
793	34	0
793	35	0
793	36	0
793	37	1
793	38	0
793	39	1
793	40	1
794	1	0
794	2	0
794	3	1
794	4	1
794	5	0
794	6	1
794	7	0
794	8	1
794	9	0
794	10	1
794	11	1
794	12	0
794	13	0
794	14	0
794	15	1
794	16	0
794	17	1
794	18	0
794	19	1
794	20	0
794	21	0
794	22	0
794	23	0
794	24	1
794	25	0
794	26	0
794	27	1
794	28	1
794	29	1
794	30	0
794	31	0
794	32	1
794	33	1
794	34	0
794	35	0
794	36	0
794	37	0
794	38	0
794	39	0
794	40	0
795	1	1
795	2	1
795	3	0
795	4	0
795	5	1
795	6	0
795	7	0
795	8	1
795	9	0
795	10	0
795	11	1
795	12	1
795	13	0
795	14	0
795	15	1
795	16	1
795	17	1
795	18	1
795	19	0
795	20	1
795	21	0
795	22	1
795	23	1
795	24	1
795	25	1
795	26	1
795	27	0
795	28	0
795	29	0
795	30	1
795	31	1
795	32	0
795	33	0
795	34	1
795	35	1
795	36	1
795	37	0
795	38	1
795	39	0
795	40	0
796	1	0
796	2	0
796	3	0
796	4	0
796	5	0
796	6	0
796	7	1
796	8	1
796	9	1
796	10	0
796	11	1
796	12	0
796	13	1
796	14	1
796	15	1
796	16	0
796	17	1
796	18	0
796	19	0
796	20	0
796	21	1
796	22	0
796	23	0
796	24	1
796	25	0
796	26	0
796	27	0
796	28	0
796	29	0
796	30	0
796	31	0
796	32	0
796	33	0
796	34	0
796	35	0
796	36	0
796	37	1
796	38	0
796	39	1
796	40	1
797	1	0
797	2	0
797	3	1
797	4	1
797	5	0
797	6	1
797	7	0
797	8	1
797	9	0
797	10	1
797	11	1
797	12	0
797	13	0
797	14	0
797	15	1
797	16	0
797	17	1
797	18	0
797	19	1
797	20	0
797	21	0
797	22	0
797	23	0
797	24	1
797	25	0
797	26	0
797	27	1
797	28	1
797	29	1
797	30	0
797	31	0
797	32	1
797	33	1
797	34	0
797	35	0
797	36	0
797	37	0
797	38	0
797	39	0
797	40	0
798	1	1
798	2	1
798	3	0
798	4	0
798	5	1
798	6	0
798	7	0
798	8	1
798	9	0
798	10	0
798	11	1
798	12	1
798	13	0
798	14	0
798	15	1
798	16	1
798	17	1
798	18	1
798	19	0
798	20	1
798	21	0
798	22	1
798	23	1
798	24	1
798	25	1
798	26	1
798	27	0
798	28	0
798	29	0
798	30	1
798	31	1
798	32	0
798	33	0
798	34	1
798	35	1
798	36	1
798	37	0
798	38	1
798	39	0
798	40	0
799	1	0
799	2	0
799	3	0
799	4	0
799	5	0
799	6	0
799	7	1
799	8	1
799	9	1
799	10	0
799	11	1
799	12	0
799	13	1
799	14	1
799	15	1
799	16	0
799	17	1
799	18	0
799	19	0
799	20	0
799	21	1
799	22	0
799	23	0
799	24	1
799	25	0
799	26	0
799	27	0
799	28	0
799	29	0
799	30	0
799	31	0
799	32	0
799	33	0
799	34	0
799	35	0
799	36	0
799	37	1
799	38	0
799	39	1
799	40	1
800	1	1
800	2	1
800	3	0
800	4	0
800	5	1
800	6	0
800	7	0
800	8	1
800	9	0
800	10	0
800	11	1
800	12	1
800	13	0
800	14	0
800	15	1
800	16	1
800	17	1
800	18	1
800	19	0
800	20	1
800	21	0
800	22	1
800	23	1
800	24	1
800	25	1
800	26	1
800	27	0
800	28	0
800	29	0
800	30	1
800	31	1
800	32	0
800	33	0
800	34	1
800	35	1
800	36	1
800	37	0
800	38	1
800	39	0
800	40	0
801	1	1
801	2	1
801	3	0
801	4	0
801	5	0
801	6	0
801	7	0
801	8	0
801	9	0
801	10	0
801	11	0
801	12	1
801	13	0
801	14	0
801	15	0
801	16	1
801	17	0
801	18	1
801	19	0
801	20	0
801	21	0
801	22	1
801	23	0
801	24	0
801	25	0
801	26	0
801	27	0
801	28	0
801	29	0
801	30	1
801	31	0
801	32	0
801	33	0
801	34	1
801	35	1
801	36	0
801	37	0
801	38	0
801	39	0
801	40	0
802	1	0
802	2	0
802	3	0
802	4	0
802	5	0
802	6	0
802	7	1
802	8	1
802	9	1
802	10	0
802	11	1
802	12	0
802	13	1
802	14	1
802	15	1
802	16	0
802	17	1
802	18	0
802	19	0
802	20	0
802	21	1
802	22	0
802	23	0
802	24	1
802	25	0
802	26	0
802	27	0
802	28	0
802	29	0
802	30	0
802	31	0
802	32	0
802	33	0
802	34	0
802	35	0
802	36	0
802	37	1
802	38	0
802	39	1
802	40	1
803	1	1
803	2	1
803	3	1
803	4	1
803	5	1
803	6	1
803	7	1
803	8	0
803	9	1
803	10	0
803	11	0
803	12	1
803	13	1
803	14	1
803	15	0
803	16	1
803	17	0
803	18	1
803	19	1
803	20	1
803	21	0
803	22	0
803	23	0
803	24	0
803	25	1
803	26	0
803	27	1
803	28	0
803	29	1
803	30	1
803	31	0
803	32	0
803	33	1
803	34	1
803	35	0
803	36	1
803	37	1
803	38	1
803	39	1
803	40	1
804	1	0
804	2	0
804	3	0
804	4	0
804	5	0
804	6	0
804	7	1
804	8	1
804	9	1
804	10	0
804	11	1
804	12	0
804	13	1
804	14	1
804	15	1
804	16	0
804	17	1
804	18	0
804	19	0
804	20	0
804	21	1
804	22	0
804	23	0
804	24	1
804	25	0
804	26	0
804	27	0
804	28	0
804	29	0
804	30	0
804	31	0
804	32	0
804	33	0
804	34	0
804	35	0
804	36	0
804	37	1
804	38	0
804	39	1
804	40	1
805	1	1
805	2	1
805	3	1
805	4	1
805	5	0
805	6	1
805	7	0
805	8	0
805	9	0
805	10	1
805	11	0
805	12	1
805	13	0
805	14	0
805	15	0
805	16	1
805	17	0
805	18	1
805	19	1
805	20	0
805	21	0
805	22	1
805	23	0
805	24	0
805	25	0
805	26	0
805	27	1
805	28	1
805	29	1
805	30	1
805	31	0
805	32	1
805	33	1
805	34	1
805	35	1
805	36	0
805	37	0
805	38	0
805	39	0
805	40	0
806	1	1
806	2	1
806	3	1
806	4	1
806	5	1
806	6	1
806	7	1
806	8	0
806	9	1
806	10	0
806	11	0
806	12	1
806	13	1
806	14	1
806	15	0
806	16	1
806	17	0
806	18	1
806	19	0
806	20	1
806	21	0
806	22	0
806	23	0
806	24	0
806	25	1
806	26	0
806	27	0
806	28	0
806	29	0
806	30	1
806	31	0
806	32	0
806	33	0
806	34	1
806	35	0
806	36	1
806	37	1
806	38	1
806	39	1
806	40	1
807	1	0
807	2	0
807	3	1
807	4	1
807	5	0
807	6	1
807	7	0
807	8	1
807	9	0
807	10	0
807	11	1
807	12	0
807	13	0
807	14	0
807	15	0
807	16	0
807	17	1
807	18	0
807	19	1
807	20	0
807	21	0
807	22	0
807	23	0
807	24	1
807	25	0
807	26	0
807	27	1
807	28	1
807	29	0
807	30	0
807	31	0
807	32	0
807	33	1
807	34	0
807	35	0
807	36	0
807	37	0
807	38	0
807	39	0
807	40	0
808	1	1
808	2	1
808	3	1
808	4	1
808	5	0
808	6	1
808	7	1
808	8	0
808	9	1
808	10	1
808	11	0
808	12	1
808	13	1
808	14	1
808	15	0
808	16	1
808	17	0
808	18	1
808	19	1
808	20	0
808	21	1
808	22	1
808	23	0
808	24	0
808	25	0
808	26	0
808	27	1
808	28	1
808	29	1
808	30	1
808	31	0
808	32	1
808	33	1
808	34	1
808	35	1
808	36	0
808	37	1
808	38	0
808	39	1
808	40	1
809	1	0
809	2	0
809	3	1
809	4	1
809	5	0
809	6	1
809	7	0
809	8	1
809	9	0
809	10	1
809	11	1
809	12	0
809	13	0
809	14	0
809	15	1
809	16	0
809	17	1
809	18	0
809	19	1
809	20	0
809	21	0
809	22	0
809	23	0
809	24	1
809	25	0
809	26	0
809	27	1
809	28	1
809	29	1
809	30	0
809	31	0
809	32	1
809	33	1
809	34	0
809	35	0
809	36	0
809	37	0
809	38	0
809	39	0
809	40	0
810	1	1
810	2	1
810	3	1
810	4	1
810	5	0
810	6	1
810	7	1
810	8	0
810	9	1
810	10	1
810	11	0
810	12	1
810	13	1
810	14	1
810	15	0
810	16	1
810	17	0
810	18	1
810	19	1
810	20	0
810	21	1
810	22	1
810	23	0
810	24	0
810	25	0
810	26	0
810	27	1
810	28	1
810	29	1
810	30	1
810	31	0
810	32	1
810	33	1
810	34	1
810	35	1
810	36	0
810	37	1
810	38	0
810	39	1
810	40	1
811	1	1
811	2	1
811	3	0
811	4	0
811	5	0
811	6	0
811	7	0
811	8	0
811	9	0
811	10	0
811	11	0
811	12	1
811	13	0
811	14	0
811	15	0
811	16	1
811	17	0
811	18	1
811	19	0
811	20	0
811	21	0
811	22	1
811	23	0
811	24	0
811	25	0
811	26	0
811	27	0
811	28	0
811	29	0
811	30	1
811	31	0
811	32	0
811	33	0
811	34	1
811	35	1
811	36	0
811	37	0
811	38	0
811	39	0
811	40	0
812	1	0
812	2	0
812	3	1
812	4	1
812	5	0
812	6	1
812	7	0
812	8	0
812	9	0
812	10	0
812	11	0
812	12	1
812	13	0
812	14	0
812	15	0
812	16	0
812	17	0
812	18	0
812	19	1
812	20	0
812	21	0
812	22	1
812	23	0
812	24	0
812	25	0
812	26	0
812	27	1
812	28	1
812	29	0
812	30	1
812	31	0
812	32	0
812	33	1
812	34	0
812	35	0
812	36	0
812	37	0
812	38	0
812	39	0
812	40	0
813	1	1
813	2	1
813	3	1
813	4	1
813	5	1
813	6	1
813	7	1
813	8	0
813	9	1
813	10	1
813	11	0
813	12	1
813	13	1
813	14	1
813	15	0
813	16	1
813	17	0
813	18	1
813	19	1
813	20	1
813	21	1
813	22	1
813	23	1
813	24	0
813	25	1
813	26	1
813	27	1
813	28	1
813	29	1
813	30	1
813	31	1
813	32	1
813	33	1
813	34	1
813	35	1
813	36	1
813	37	1
813	38	1
813	39	1
813	40	1
814	1	0
814	2	0
814	3	0
814	4	0
814	5	0
814	6	0
814	7	1
814	8	1
814	9	1
814	10	0
814	11	1
814	12	0
814	13	1
814	14	1
814	15	1
814	16	0
814	17	1
814	18	0
814	19	0
814	20	0
814	21	1
814	22	0
814	23	0
814	24	1
814	25	0
814	26	0
814	27	0
814	28	0
814	29	0
814	30	0
814	31	0
814	32	0
814	33	0
814	34	0
814	35	0
814	36	0
814	37	1
814	38	0
814	39	1
814	40	1
815	1	1
815	2	1
815	3	0
815	4	0
815	5	0
815	6	0
815	7	0
815	8	0
815	9	0
815	10	0
815	11	0
815	12	1
815	13	0
815	14	0
815	15	0
815	16	1
815	17	0
815	18	1
815	19	0
815	20	0
815	21	0
815	22	1
815	23	0
815	24	0
815	25	0
815	26	0
815	27	0
815	28	0
815	29	0
815	30	1
815	31	0
815	32	0
815	33	0
815	34	1
815	35	1
815	36	0
815	37	0
815	38	0
815	39	0
815	40	0
816	1	1
816	2	1
816	3	0
816	4	0
816	5	0
816	6	0
816	7	0
816	8	0
816	9	0
816	10	0
816	11	0
816	12	1
816	13	0
816	14	0
816	15	0
816	16	1
816	17	0
816	18	1
816	19	0
816	20	0
816	21	0
816	22	0
816	23	0
816	24	0
816	25	0
816	26	0
816	27	0
816	28	0
816	29	0
816	30	1
816	31	0
816	32	0
816	33	0
816	34	0
816	35	0
816	36	0
816	37	0
816	38	0
816	39	0
816	40	0
817	1	0
817	2	0
817	3	0
817	4	0
817	5	0
817	6	0
817	7	1
817	8	1
817	9	1
817	10	0
817	11	1
817	12	0
817	13	1
817	14	1
817	15	1
817	16	0
817	17	1
817	18	0
817	19	0
817	20	0
817	21	1
817	22	0
817	23	0
817	24	1
817	25	0
817	26	0
817	27	0
817	28	0
817	29	0
817	30	0
817	31	0
817	32	0
817	33	0
817	34	0
817	35	0
817	36	0
817	37	1
817	38	0
817	39	1
817	40	1
818	1	1
818	2	1
818	3	0
818	4	0
818	5	0
818	6	0
818	7	0
818	8	0
818	9	0
818	10	0
818	11	0
818	12	1
818	13	0
818	14	0
818	15	0
818	16	1
818	17	0
818	18	1
818	19	0
818	20	0
818	21	0
818	22	1
818	23	0
818	24	0
818	25	0
818	26	0
818	27	0
818	28	0
818	29	0
818	30	1
818	31	0
818	32	0
818	33	0
818	34	1
818	35	1
818	36	0
818	37	0
818	38	0
818	39	0
818	40	0
819	1	1
819	2	1
819	3	1
819	4	1
819	5	0
819	6	1
819	7	1
819	8	0
819	9	1
819	10	1
819	11	0
819	12	1
819	13	1
819	14	1
819	15	0
819	16	1
819	17	0
819	18	1
819	19	1
819	20	0
819	21	1
819	22	1
819	23	0
819	24	0
819	25	0
819	26	0
819	27	1
819	28	1
819	29	1
819	30	1
819	31	0
819	32	1
819	33	1
819	34	1
819	35	1
819	36	0
819	37	1
819	38	0
819	39	1
819	40	1
820	1	1
820	2	1
820	3	1
820	4	1
820	5	1
820	6	1
820	7	1
820	8	0
820	9	1
820	10	1
820	11	0
820	12	1
820	13	1
820	14	1
820	15	0
820	16	1
820	17	0
820	18	1
820	19	0
820	20	1
820	21	1
820	22	1
820	23	1
820	24	0
820	25	1
820	26	1
820	27	0
820	28	1
820	29	0
820	30	1
820	31	1
820	32	0
820	33	0
820	34	1
820	35	1
820	36	1
820	37	1
820	38	1
820	39	1
820	40	1
821	1	1
821	2	1
821	3	0
821	4	0
821	5	1
821	6	0
821	7	0
821	8	1
821	9	0
821	10	0
821	11	1
821	12	1
821	13	0
821	14	0
821	15	1
821	16	1
821	17	1
821	18	1
821	19	0
821	20	1
821	21	0
821	22	1
821	23	1
821	24	1
821	25	1
821	26	1
821	27	0
821	28	0
821	29	0
821	30	1
821	31	1
821	32	0
821	33	0
821	34	1
821	35	1
821	36	1
821	37	0
821	38	1
821	39	0
821	40	0
822	1	0
822	2	0
822	3	0
822	4	0
822	5	0
822	6	0
822	7	1
822	8	1
822	9	1
822	10	0
822	11	1
822	12	0
822	13	1
822	14	1
822	15	1
822	16	0
822	17	1
822	18	0
822	19	0
822	20	0
822	21	1
822	22	0
822	23	0
822	24	1
822	25	0
822	26	0
822	27	0
822	28	0
822	29	0
822	30	0
822	31	0
822	32	0
822	33	0
822	34	0
822	35	0
822	36	0
822	37	1
822	38	0
822	39	1
822	40	1
823	1	0
823	2	0
823	3	0
823	4	0
823	5	0
823	6	0
823	7	1
823	8	1
823	9	1
823	10	0
823	11	1
823	12	0
823	13	1
823	14	1
823	15	1
823	16	0
823	17	1
823	18	0
823	19	0
823	20	0
823	21	1
823	22	0
823	23	0
823	24	1
823	25	0
823	26	0
823	27	0
823	28	0
823	29	0
823	30	0
823	31	0
823	32	0
823	33	0
823	34	0
823	35	0
823	36	0
823	37	1
823	38	0
823	39	1
823	40	1
824	1	0
824	2	0
824	3	0
824	4	0
824	5	0
824	6	0
824	7	0
824	8	0
824	9	1
824	10	0
824	11	0
824	12	0
824	13	1
824	14	0
824	15	1
824	16	0
824	17	0
824	18	0
824	19	0
824	20	0
824	21	1
824	22	0
824	23	0
824	24	1
824	25	0
824	26	0
824	27	0
824	28	0
824	29	0
824	30	0
824	31	0
824	32	0
824	33	0
824	34	0
824	35	0
824	36	0
824	37	1
824	38	0
824	39	1
824	40	0
825	1	1
825	2	1
825	3	0
825	4	0
825	5	1
825	6	0
825	7	0
825	8	1
825	9	0
825	10	0
825	11	1
825	12	1
825	13	0
825	14	0
825	15	1
825	16	1
825	17	1
825	18	1
825	19	0
825	20	1
825	21	0
825	22	1
825	23	1
825	24	1
825	25	1
825	26	1
825	27	0
825	28	0
825	29	0
825	30	1
825	31	1
825	32	0
825	33	0
825	34	1
825	35	1
825	36	1
825	37	0
825	38	1
825	39	0
825	40	0
826	1	0
826	2	0
826	3	0
826	4	0
826	5	0
826	6	0
826	7	1
826	8	1
826	9	1
826	10	0
826	11	1
826	12	0
826	13	1
826	14	1
826	15	1
826	16	0
826	17	1
826	18	0
826	19	0
826	20	0
826	21	1
826	22	0
826	23	0
826	24	1
826	25	0
826	26	0
826	27	0
826	28	0
826	29	0
826	30	0
826	31	0
826	32	0
826	33	0
826	34	0
826	35	0
826	36	0
826	37	1
826	38	0
826	39	1
826	40	1
827	1	1
827	2	1
827	3	1
827	4	1
827	5	0
827	6	1
827	7	1
827	8	0
827	9	1
827	10	1
827	11	0
827	12	1
827	13	1
827	14	1
827	15	0
827	16	1
827	17	0
827	18	1
827	19	1
827	20	0
827	21	1
827	22	1
827	23	0
827	24	0
827	25	0
827	26	0
827	27	1
827	28	1
827	29	1
827	30	1
827	31	0
827	32	1
827	33	1
827	34	1
827	35	1
827	36	0
827	37	1
827	38	0
827	39	1
827	40	1
828	1	1
828	2	1
828	3	1
828	4	1
828	5	0
828	6	1
828	7	0
828	8	0
828	9	0
828	10	1
828	11	0
828	12	1
828	13	0
828	14	0
828	15	0
828	16	1
828	17	0
828	18	1
828	19	1
828	20	0
828	21	0
828	22	1
828	23	0
828	24	0
828	25	0
828	26	0
828	27	1
828	28	1
828	29	1
828	30	1
828	31	0
828	32	1
828	33	1
828	34	1
828	35	1
828	36	0
828	37	0
828	38	0
828	39	0
828	40	0
829	1	1
829	2	1
829	3	1
829	4	1
829	5	0
829	6	1
829	7	0
829	8	0
829	9	0
829	10	1
829	11	0
829	12	1
829	13	0
829	14	0
829	15	0
829	16	1
829	17	0
829	18	1
829	19	1
829	20	0
829	21	0
829	22	1
829	23	0
829	24	0
829	25	0
829	26	0
829	27	1
829	28	1
829	29	1
829	30	1
829	31	0
829	32	1
829	33	1
829	34	1
829	35	1
829	36	0
829	37	0
829	38	0
829	39	0
829	40	0
830	1	0
830	2	0
830	3	0
830	4	0
830	5	0
830	6	0
830	7	1
830	8	1
830	9	1
830	10	0
830	11	1
830	12	0
830	13	1
830	14	1
830	15	1
830	16	0
830	17	1
830	18	0
830	19	0
830	20	0
830	21	1
830	22	0
830	23	0
830	24	1
830	25	0
830	26	0
830	27	0
830	28	0
830	29	0
830	30	0
830	31	0
830	32	0
830	33	0
830	34	0
830	35	0
830	36	0
830	37	1
830	38	0
830	39	1
830	40	1
831	1	1
831	2	1
831	3	0
831	4	0
831	5	0
831	6	0
831	7	0
831	8	0
831	9	0
831	10	0
831	11	0
831	12	1
831	13	0
831	14	0
831	15	0
831	16	1
831	17	0
831	18	1
831	19	0
831	20	0
831	21	0
831	22	1
831	23	0
831	24	0
831	25	0
831	26	0
831	27	0
831	28	0
831	29	0
831	30	1
831	31	0
831	32	0
831	33	0
831	34	1
831	35	1
831	36	0
831	37	0
831	38	0
831	39	0
831	40	0
832	1	0
832	2	0
832	3	1
832	4	1
832	5	0
832	6	1
832	7	0
832	8	0
832	9	0
832	10	0
832	11	0
832	12	1
832	13	0
832	14	0
832	15	0
832	16	0
832	17	0
832	18	0
832	19	1
832	20	0
832	21	0
832	22	1
832	23	0
832	24	0
832	25	0
832	26	0
832	27	1
832	28	1
832	29	0
832	30	1
832	31	0
832	32	0
832	33	1
832	34	0
832	35	0
832	36	0
832	37	0
832	38	0
832	39	0
832	40	0
833	1	0
833	2	0
833	3	0
833	4	0
833	5	0
833	6	0
833	7	1
833	8	0
833	9	1
833	10	0
833	11	0
833	12	0
833	13	1
833	14	1
833	15	1
833	16	0
833	17	1
833	18	0
833	19	0
833	20	0
833	21	0
833	22	0
833	23	0
833	24	1
833	25	0
833	26	0
833	27	0
833	28	0
833	29	0
833	30	0
833	31	0
833	32	0
833	33	0
833	34	0
833	35	0
833	36	0
833	37	1
833	38	0
833	39	1
833	40	1
834	1	0
834	2	0
834	3	1
834	4	1
834	5	0
834	6	1
834	7	0
834	8	1
834	9	0
834	10	0
834	11	1
834	12	0
834	13	0
834	14	0
834	15	0
834	16	0
834	17	1
834	18	0
834	19	1
834	20	0
834	21	0
834	22	0
834	23	0
834	24	1
834	25	0
834	26	0
834	27	1
834	28	1
834	29	0
834	30	0
834	31	0
834	32	0
834	33	1
834	34	0
834	35	0
834	36	0
834	37	0
834	38	0
834	39	0
834	40	0
835	1	0
835	2	0
835	3	1
835	4	1
835	5	0
835	6	1
835	7	0
835	8	1
835	9	0
835	10	1
835	11	1
835	12	0
835	13	0
835	14	0
835	15	1
835	16	0
835	17	1
835	18	0
835	19	1
835	20	0
835	21	0
835	22	0
835	23	0
835	24	1
835	25	0
835	26	0
835	27	1
835	28	1
835	29	1
835	30	0
835	31	0
835	32	1
835	33	1
835	34	0
835	35	0
835	36	0
835	37	0
835	38	0
835	39	0
835	40	0
836	1	1
836	2	1
836	3	1
836	4	1
836	5	0
836	6	1
836	7	0
836	8	0
836	9	0
836	10	1
836	11	0
836	12	1
836	13	0
836	14	0
836	15	0
836	16	1
836	17	0
836	18	1
836	19	1
836	20	0
836	21	0
836	22	1
836	23	0
836	24	0
836	25	0
836	26	0
836	27	1
836	28	1
836	29	1
836	30	1
836	31	0
836	32	1
836	33	1
836	34	1
836	35	1
836	36	0
836	37	0
836	38	0
836	39	0
836	40	0
837	1	1
837	2	1
837	3	1
837	4	1
837	5	0
837	6	1
837	7	1
837	8	0
837	9	1
837	10	1
837	11	0
837	12	1
837	13	1
837	14	1
837	15	0
837	16	1
837	17	0
837	18	1
837	19	1
837	20	0
837	21	1
837	22	1
837	23	0
837	24	0
837	25	0
837	26	0
837	27	1
837	28	1
837	29	1
837	30	1
837	31	0
837	32	1
837	33	1
837	34	1
837	35	1
837	36	0
837	37	1
837	38	0
837	39	1
837	40	1
838	1	1
838	2	1
838	3	1
838	4	1
838	5	1
838	6	1
838	7	1
838	8	0
838	9	1
838	10	1
838	11	0
838	12	1
838	13	1
838	14	1
838	15	0
838	16	1
838	17	0
838	18	1
838	19	1
838	20	1
838	21	1
838	22	1
838	23	1
838	24	0
838	25	1
838	26	1
838	27	1
838	28	1
838	29	1
838	30	1
838	31	1
838	32	1
838	33	1
838	34	1
838	35	1
838	36	1
838	37	1
838	38	1
838	39	1
838	40	1
839	1	0
839	2	0
839	3	0
839	4	0
839	5	0
839	6	0
839	7	1
839	8	1
839	9	1
839	10	0
839	11	1
839	12	0
839	13	1
839	14	1
839	15	1
839	16	0
839	17	1
839	18	0
839	19	0
839	20	0
839	21	1
839	22	0
839	23	0
839	24	1
839	25	0
839	26	0
839	27	0
839	28	0
839	29	0
839	30	0
839	31	0
839	32	0
839	33	0
839	34	0
839	35	0
839	36	0
839	37	1
839	38	0
839	39	1
839	40	1
840	1	1
840	2	1
840	3	0
840	4	0
840	5	1
840	6	0
840	7	0
840	8	1
840	9	0
840	10	0
840	11	1
840	12	1
840	13	0
840	14	0
840	15	1
840	16	1
840	17	1
840	18	1
840	19	0
840	20	1
840	21	0
840	22	1
840	23	1
840	24	1
840	25	1
840	26	1
840	27	0
840	28	0
840	29	0
840	30	1
840	31	1
840	32	0
840	33	0
840	34	1
840	35	1
840	36	1
840	37	0
840	38	1
840	39	0
840	40	0
841	1	1
841	2	1
841	3	1
841	4	1
841	5	0
841	6	1
841	7	0
841	8	0
841	9	0
841	10	1
841	11	0
841	12	1
841	13	0
841	14	0
841	15	0
841	16	1
841	17	0
841	18	1
841	19	1
841	20	0
841	21	0
841	22	1
841	23	0
841	24	0
841	25	0
841	26	0
841	27	1
841	28	1
841	29	1
841	30	1
841	31	0
841	32	1
841	33	1
841	34	1
841	35	1
841	36	0
841	37	0
841	38	0
841	39	0
841	40	0
842	1	0
842	2	0
842	3	0
842	4	0
842	5	0
842	6	0
842	7	0
842	8	1
842	9	0
842	10	0
842	11	1
842	12	1
842	13	0
842	14	0
842	15	0
842	16	0
842	17	1
842	18	0
842	19	0
842	20	1
842	21	0
842	22	1
842	23	1
842	24	1
842	25	1
842	26	0
842	27	0
842	28	0
842	29	0
842	30	1
842	31	1
842	32	0
842	33	0
842	34	0
842	35	0
842	36	1
842	37	0
842	38	1
842	39	0
842	40	0
843	1	0
843	2	0
843	3	0
843	4	0
843	5	0
843	6	0
843	7	1
843	8	1
843	9	1
843	10	0
843	11	1
843	12	0
843	13	1
843	14	1
843	15	1
843	16	0
843	17	1
843	18	0
843	19	0
843	20	0
843	21	1
843	22	0
843	23	0
843	24	1
843	25	0
843	26	0
843	27	0
843	28	0
843	29	0
843	30	0
843	31	0
843	32	0
843	33	0
843	34	0
843	35	0
843	36	0
843	37	1
843	38	0
843	39	1
843	40	1
844	1	1
844	2	1
844	3	0
844	4	1
844	5	0
844	6	0
844	7	1
844	8	0
844	9	1
844	10	1
844	11	0
844	12	1
844	13	1
844	14	1
844	15	0
844	16	0
844	17	0
844	18	1
844	19	1
844	20	1
844	21	0
844	22	0
844	23	1
844	24	0
844	25	0
844	26	0
844	27	1
844	28	1
844	29	1
844	30	1
844	31	1
844	32	0
844	33	1
844	34	1
844	35	1
844	36	1
844	37	1
844	38	1
844	39	0
844	40	1
845	1	1
845	2	1
845	3	1
845	4	1
845	5	0
845	6	1
845	7	1
845	8	0
845	9	1
845	10	1
845	11	0
845	12	1
845	13	1
845	14	1
845	15	0
845	16	1
845	17	0
845	18	1
845	19	1
845	20	0
845	21	1
845	22	1
845	23	0
845	24	0
845	25	0
845	26	0
845	27	1
845	28	1
845	29	1
845	30	1
845	31	0
845	32	1
845	33	1
845	34	1
845	35	1
845	36	0
845	37	1
845	38	0
845	39	1
845	40	1
846	1	0
846	2	0
846	3	0
846	4	0
846	5	0
846	6	0
846	7	0
846	8	0
846	9	1
846	10	0
846	11	0
846	12	0
846	13	1
846	14	0
846	15	0
846	16	0
846	17	0
846	18	0
846	19	0
846	20	0
846	21	0
846	22	0
846	23	0
846	24	1
846	25	0
846	26	0
846	27	0
846	28	0
846	29	0
846	30	0
846	31	0
846	32	0
846	33	0
846	34	0
846	35	0
846	36	0
846	37	1
846	38	0
846	39	0
846	40	0
847	1	1
847	2	1
847	3	1
847	4	1
847	5	0
847	6	1
847	7	1
847	8	0
847	9	1
847	10	1
847	11	0
847	12	1
847	13	1
847	14	1
847	15	0
847	16	1
847	17	0
847	18	1
847	19	1
847	20	0
847	21	1
847	22	1
847	23	0
847	24	0
847	25	0
847	26	0
847	27	1
847	28	1
847	29	1
847	30	1
847	31	0
847	32	1
847	33	1
847	34	1
847	35	1
847	36	0
847	37	1
847	38	0
847	39	1
847	40	1
848	1	1
848	2	1
848	3	0
848	4	0
848	5	0
848	6	0
848	7	0
848	8	0
848	9	0
848	10	0
848	11	0
848	12	1
848	13	0
848	14	0
848	15	0
848	16	1
848	17	0
848	18	1
848	19	0
848	20	0
848	21	0
848	22	1
848	23	0
848	24	0
848	25	0
848	26	0
848	27	0
848	28	0
848	29	0
848	30	1
848	31	0
848	32	0
848	33	0
848	34	1
848	35	1
848	36	0
848	37	0
848	38	0
848	39	0
848	40	0
849	1	1
849	2	1
849	3	1
849	4	1
849	5	0
849	6	1
849	7	1
849	8	0
849	9	1
849	10	1
849	11	0
849	12	1
849	13	1
849	14	1
849	15	0
849	16	1
849	17	0
849	18	1
849	19	1
849	20	0
849	21	1
849	22	1
849	23	0
849	24	0
849	25	0
849	26	0
849	27	1
849	28	1
849	29	1
849	30	1
849	31	0
849	32	1
849	33	1
849	34	1
849	35	1
849	36	0
849	37	1
849	38	0
849	39	1
849	40	1
850	1	0
850	2	0
850	3	0
850	4	0
850	5	0
850	6	0
850	7	1
850	8	1
850	9	1
850	10	0
850	11	1
850	12	0
850	13	1
850	14	1
850	15	1
850	16	0
850	17	1
850	18	0
850	19	0
850	20	0
850	21	1
850	22	0
850	23	0
850	24	1
850	25	0
850	26	0
850	27	0
850	28	0
850	29	0
850	30	0
850	31	0
850	32	0
850	33	0
850	34	0
850	35	0
850	36	0
850	37	1
850	38	0
850	39	1
850	40	1
851	1	1
851	2	1
851	3	1
851	4	1
851	5	1
851	6	1
851	7	1
851	8	0
851	9	1
851	10	1
851	11	0
851	12	1
851	13	1
851	14	1
851	15	0
851	16	1
851	17	0
851	18	1
851	19	0
851	20	1
851	21	1
851	22	1
851	23	1
851	24	0
851	25	1
851	26	1
851	27	0
851	28	1
851	29	0
851	30	1
851	31	1
851	32	0
851	33	0
851	34	1
851	35	1
851	36	1
851	37	1
851	38	1
851	39	1
851	40	1
852	1	1
852	2	1
852	3	0
852	4	0
852	5	0
852	6	0
852	7	0
852	8	0
852	9	0
852	10	0
852	11	0
852	12	1
852	13	0
852	14	0
852	15	0
852	16	1
852	17	0
852	18	1
852	19	0
852	20	0
852	21	0
852	22	1
852	23	0
852	24	0
852	25	0
852	26	0
852	27	0
852	28	0
852	29	0
852	30	1
852	31	0
852	32	0
852	33	0
852	34	1
852	35	1
852	36	0
852	37	0
852	38	0
852	39	0
852	40	0
853	1	0
853	2	0
853	3	0
853	4	0
853	5	0
853	6	0
853	7	1
853	8	1
853	9	1
853	10	0
853	11	1
853	12	0
853	13	1
853	14	1
853	15	1
853	16	0
853	17	1
853	18	0
853	19	0
853	20	0
853	21	1
853	22	0
853	23	0
853	24	1
853	25	0
853	26	0
853	27	0
853	28	0
853	29	0
853	30	0
853	31	0
853	32	0
853	33	0
853	34	0
853	35	0
853	36	0
853	37	1
853	38	0
853	39	1
853	40	1
854	1	1
854	2	0
854	3	1
854	4	1
854	5	1
854	6	0
854	7	1
854	8	0
854	9	0
854	10	1
854	11	0
854	12	1
854	13	1
854	14	1
854	15	0
854	16	1
854	17	0
854	18	1
854	19	0
854	20	0
854	21	0
854	22	1
854	23	1
854	24	0
854	25	1
854	26	1
854	27	0
854	28	0
854	29	0
854	30	1
854	31	0
854	32	0
854	33	0
854	34	0
854	35	1
854	36	1
854	37	1
854	38	0
854	39	0
854	40	1
855	1	1
855	2	1
855	3	1
855	4	1
855	5	1
855	6	1
855	7	1
855	8	0
855	9	1
855	10	1
855	11	0
855	12	1
855	13	1
855	14	1
855	15	0
855	16	1
855	17	0
855	18	1
855	19	0
855	20	1
855	21	1
855	22	1
855	23	1
855	24	0
855	25	1
855	26	1
855	27	0
855	28	1
855	29	0
855	30	1
855	31	1
855	32	0
855	33	0
855	34	1
855	35	1
855	36	1
855	37	1
855	38	1
855	39	1
855	40	1
856	1	1
856	2	1
856	3	1
856	4	1
856	5	0
856	6	1
856	7	1
856	8	0
856	9	1
856	10	1
856	11	0
856	12	1
856	13	1
856	14	1
856	15	0
856	16	1
856	17	0
856	18	1
856	19	1
856	20	0
856	21	1
856	22	1
856	23	0
856	24	0
856	25	0
856	26	0
856	27	1
856	28	1
856	29	1
856	30	1
856	31	0
856	32	1
856	33	1
856	34	1
856	35	1
856	36	0
856	37	1
856	38	0
856	39	1
856	40	1
857	1	0
857	2	0
857	3	0
857	4	0
857	5	0
857	6	0
857	7	1
857	8	1
857	9	1
857	10	0
857	11	1
857	12	0
857	13	1
857	14	1
857	15	1
857	16	0
857	17	1
857	18	0
857	19	0
857	20	0
857	21	1
857	22	0
857	23	0
857	24	1
857	25	0
857	26	0
857	27	0
857	28	0
857	29	0
857	30	0
857	31	0
857	32	0
857	33	0
857	34	0
857	35	0
857	36	0
857	37	1
857	38	0
857	39	1
857	40	1
858	1	1
858	2	0
858	3	1
858	4	1
858	5	0
858	6	0
858	7	1
858	8	0
858	9	0
858	10	1
858	11	0
858	12	1
858	13	1
858	14	1
858	15	0
858	16	1
858	17	0
858	18	1
858	19	1
858	20	0
858	21	0
858	22	1
858	23	0
858	24	0
858	25	0
858	26	0
858	27	0
858	28	0
858	29	1
858	30	1
858	31	0
858	32	1
858	33	1
858	34	0
858	35	1
858	36	0
858	37	1
858	38	0
858	39	0
858	40	1
859	1	0
859	2	0
859	3	0
859	4	0
859	5	0
859	6	0
859	7	1
859	8	1
859	9	1
859	10	0
859	11	1
859	12	0
859	13	1
859	14	1
859	15	1
859	16	0
859	17	1
859	18	0
859	19	0
859	20	0
859	21	1
859	22	0
859	23	0
859	24	1
859	25	0
859	26	0
859	27	0
859	28	0
859	29	0
859	30	0
859	31	0
859	32	0
859	33	0
859	34	0
859	35	0
859	36	0
859	37	1
859	38	0
859	39	1
859	40	1
860	1	0
860	2	0
860	3	0
860	4	0
860	5	0
860	6	0
860	7	1
860	8	1
860	9	1
860	10	0
860	11	1
860	12	0
860	13	1
860	14	1
860	15	1
860	16	0
860	17	1
860	18	0
860	19	0
860	20	0
860	21	1
860	22	0
860	23	0
860	24	1
860	25	0
860	26	0
860	27	0
860	28	0
860	29	0
860	30	0
860	31	0
860	32	0
860	33	0
860	34	0
860	35	0
860	36	0
860	37	1
860	38	0
860	39	1
860	40	1
861	1	1
861	2	1
861	3	1
861	4	1
861	5	1
861	6	1
861	7	1
861	8	0
861	9	1
861	10	1
861	11	0
861	12	1
861	13	1
861	14	1
861	15	0
861	16	1
861	17	0
861	18	1
861	19	0
861	20	1
861	21	1
861	22	1
861	23	1
861	24	0
861	25	1
861	26	1
861	27	0
861	28	1
861	29	0
861	30	1
861	31	1
861	32	0
861	33	0
861	34	1
861	35	1
861	36	1
861	37	1
861	38	1
861	39	1
861	40	1
862	1	0
862	2	0
862	3	0
862	4	0
862	5	0
862	6	0
862	7	1
862	8	1
862	9	1
862	10	0
862	11	1
862	12	0
862	13	1
862	14	1
862	15	1
862	16	0
862	17	1
862	18	0
862	19	0
862	20	0
862	21	1
862	22	0
862	23	0
862	24	1
862	25	0
862	26	0
862	27	0
862	28	0
862	29	0
862	30	0
862	31	0
862	32	0
862	33	0
862	34	0
862	35	0
862	36	0
862	37	1
862	38	0
862	39	1
862	40	1
863	1	1
863	2	1
863	3	1
863	4	1
863	5	1
863	6	1
863	7	1
863	8	0
863	9	1
863	10	1
863	11	0
863	12	1
863	13	1
863	14	1
863	15	0
863	16	1
863	17	0
863	18	1
863	19	1
863	20	1
863	21	1
863	22	1
863	23	1
863	24	0
863	25	1
863	26	1
863	27	1
863	28	1
863	29	1
863	30	1
863	31	1
863	32	1
863	33	1
863	34	1
863	35	1
863	36	1
863	37	1
863	38	1
863	39	1
863	40	1
864	1	0
864	2	0
864	3	1
864	4	1
864	5	0
864	6	1
864	7	0
864	8	1
864	9	0
864	10	1
864	11	1
864	12	0
864	13	0
864	14	0
864	15	1
864	16	0
864	17	1
864	18	0
864	19	1
864	20	0
864	21	0
864	22	0
864	23	0
864	24	1
864	25	0
864	26	0
864	27	1
864	28	1
864	29	1
864	30	0
864	31	0
864	32	1
864	33	1
864	34	0
864	35	0
864	36	0
864	37	0
864	38	0
864	39	0
864	40	0
865	1	1
865	2	1
865	3	1
865	4	1
865	5	0
865	6	1
865	7	1
865	8	0
865	9	1
865	10	1
865	11	0
865	12	1
865	13	1
865	14	1
865	15	0
865	16	1
865	17	0
865	18	1
865	19	1
865	20	0
865	21	1
865	22	1
865	23	0
865	24	0
865	25	0
865	26	0
865	27	1
865	28	1
865	29	1
865	30	1
865	31	0
865	32	1
865	33	1
865	34	1
865	35	1
865	36	0
865	37	1
865	38	0
865	39	1
865	40	1
866	1	0
866	2	0
866	3	0
866	4	0
866	5	0
866	6	0
866	7	1
866	8	1
866	9	1
866	10	0
866	11	1
866	12	0
866	13	1
866	14	1
866	15	1
866	16	0
866	17	1
866	18	0
866	19	0
866	20	0
866	21	1
866	22	0
866	23	0
866	24	1
866	25	0
866	26	0
866	27	0
866	28	0
866	29	0
866	30	0
866	31	0
866	32	0
866	33	0
866	34	0
866	35	0
866	36	0
866	37	1
866	38	0
866	39	1
866	40	1
867	1	0
867	2	0
867	3	0
867	4	0
867	5	0
867	6	0
867	7	1
867	8	0
867	9	0
867	10	0
867	11	0
867	12	0
867	13	1
867	14	1
867	15	0
867	16	0
867	17	1
867	18	0
867	19	0
867	20	0
867	21	0
867	22	0
867	23	0
867	24	1
867	25	0
867	26	0
867	27	0
867	28	0
867	29	0
867	30	0
867	31	0
867	32	0
867	33	0
867	34	0
867	35	0
867	36	0
867	37	1
867	38	0
867	39	0
867	40	1
868	1	1
868	2	1
868	3	0
868	4	0
868	5	1
868	6	0
868	7	0
868	8	1
868	9	0
868	10	0
868	11	1
868	12	1
868	13	0
868	14	0
868	15	1
868	16	1
868	17	1
868	18	1
868	19	0
868	20	1
868	21	0
868	22	1
868	23	1
868	24	1
868	25	1
868	26	1
868	27	0
868	28	0
868	29	0
868	30	1
868	31	1
868	32	0
868	33	0
868	34	1
868	35	1
868	36	1
868	37	0
868	38	1
868	39	0
868	40	0
869	1	1
869	2	1
869	3	0
869	4	0
869	5	0
869	6	0
869	7	0
869	8	0
869	9	0
869	10	0
869	11	0
869	12	1
869	13	0
869	14	0
869	15	0
869	16	1
869	17	0
869	18	1
869	19	0
869	20	0
869	21	0
869	22	1
869	23	0
869	24	0
869	25	0
869	26	0
869	27	0
869	28	0
869	29	0
869	30	1
869	31	0
869	32	0
869	33	0
869	34	1
869	35	1
869	36	0
869	37	0
869	38	0
869	39	0
869	40	0
870	1	0
870	2	0
870	3	0
870	4	0
870	5	0
870	6	0
870	7	1
870	8	1
870	9	1
870	10	0
870	11	1
870	12	0
870	13	1
870	14	1
870	15	1
870	16	0
870	17	1
870	18	0
870	19	0
870	20	0
870	21	1
870	22	0
870	23	0
870	24	1
870	25	0
870	26	0
870	27	0
870	28	0
870	29	0
870	30	0
870	31	0
870	32	0
870	33	0
870	34	0
870	35	0
870	36	0
870	37	1
870	38	0
870	39	1
870	40	1
871	1	1
871	2	1
871	3	0
871	4	1
871	5	0
871	6	0
871	7	1
871	8	0
871	9	1
871	10	1
871	11	0
871	12	1
871	13	1
871	14	1
871	15	0
871	16	0
871	17	0
871	18	1
871	19	1
871	20	1
871	21	0
871	22	0
871	23	1
871	24	0
871	25	0
871	26	0
871	27	1
871	28	1
871	29	1
871	30	1
871	31	1
871	32	0
871	33	1
871	34	1
871	35	1
871	36	1
871	37	1
871	38	1
871	39	0
871	40	1
872	1	1
872	2	1
872	3	0
872	4	0
872	5	0
872	6	0
872	7	0
872	8	0
872	9	0
872	10	0
872	11	0
872	12	1
872	13	0
872	14	0
872	15	0
872	16	1
872	17	0
872	18	1
872	19	0
872	20	0
872	21	0
872	22	1
872	23	0
872	24	0
872	25	0
872	26	0
872	27	0
872	28	0
872	29	0
872	30	1
872	31	0
872	32	0
872	33	0
872	34	1
872	35	1
872	36	0
872	37	0
872	38	0
872	39	0
872	40	0
873	1	1
873	2	1
873	3	1
873	4	1
873	5	0
873	6	1
873	7	1
873	8	0
873	9	1
873	10	1
873	11	0
873	12	1
873	13	1
873	14	1
873	15	0
873	16	1
873	17	0
873	18	1
873	19	1
873	20	0
873	21	1
873	22	1
873	23	0
873	24	0
873	25	0
873	26	0
873	27	1
873	28	1
873	29	1
873	30	1
873	31	0
873	32	1
873	33	1
873	34	1
873	35	1
873	36	0
873	37	1
873	38	0
873	39	1
873	40	1
874	1	1
874	2	1
874	3	1
874	4	1
874	5	1
874	6	1
874	7	1
874	8	0
874	9	1
874	10	1
874	11	0
874	12	1
874	13	1
874	14	1
874	15	0
874	16	1
874	17	0
874	18	1
874	19	0
874	20	1
874	21	1
874	22	1
874	23	1
874	24	0
874	25	1
874	26	1
874	27	0
874	28	1
874	29	0
874	30	1
874	31	1
874	32	0
874	33	0
874	34	1
874	35	1
874	36	1
874	37	1
874	38	1
874	39	1
874	40	1
875	1	0
875	2	0
875	3	1
875	4	0
875	5	0
875	6	1
875	7	0
875	8	0
875	9	0
875	10	0
875	11	0
875	12	0
875	13	0
875	14	0
875	15	1
875	16	0
875	17	0
875	18	0
875	19	0
875	20	0
875	21	0
875	22	0
875	23	0
875	24	1
875	25	0
875	26	0
875	27	1
875	28	0
875	29	0
875	30	0
875	31	0
875	32	1
875	33	1
875	34	0
875	35	0
875	36	0
875	37	0
875	38	0
875	39	0
875	40	0
876	1	0
876	2	0
876	3	0
876	4	0
876	5	0
876	6	0
876	7	1
876	8	1
876	9	1
876	10	0
876	11	1
876	12	0
876	13	1
876	14	1
876	15	1
876	16	0
876	17	1
876	18	0
876	19	0
876	20	0
876	21	1
876	22	0
876	23	0
876	24	1
876	25	0
876	26	0
876	27	0
876	28	0
876	29	0
876	30	0
876	31	0
876	32	0
876	33	0
876	34	0
876	35	0
876	36	0
876	37	1
876	38	0
876	39	1
876	40	1
877	1	1
877	2	1
877	3	1
877	4	1
877	5	1
877	6	1
877	7	1
877	8	0
877	9	1
877	10	0
877	11	0
877	12	1
877	13	1
877	14	1
877	15	0
877	16	1
877	17	0
877	18	1
877	19	1
877	20	1
877	21	0
877	22	0
877	23	0
877	24	0
877	25	1
877	26	0
877	27	1
877	28	0
877	29	1
877	30	1
877	31	0
877	32	0
877	33	1
877	34	1
877	35	0
877	36	1
877	37	1
877	38	1
877	39	1
877	40	1
878	1	1
878	2	1
878	3	1
878	4	1
878	5	0
878	6	1
878	7	1
878	8	0
878	9	1
878	10	1
878	11	0
878	12	1
878	13	1
878	14	1
878	15	0
878	16	1
878	17	0
878	18	1
878	19	1
878	20	0
878	21	1
878	22	1
878	23	0
878	24	0
878	25	0
878	26	0
878	27	1
878	28	1
878	29	1
878	30	1
878	31	0
878	32	1
878	33	1
878	34	1
878	35	1
878	36	0
878	37	1
878	38	0
878	39	1
878	40	1
879	1	1
879	2	1
879	3	0
879	4	0
879	5	0
879	6	0
879	7	0
879	8	0
879	9	0
879	10	0
879	11	0
879	12	1
879	13	0
879	14	0
879	15	0
879	16	1
879	17	0
879	18	1
879	19	0
879	20	0
879	21	0
879	22	1
879	23	0
879	24	0
879	25	0
879	26	0
879	27	0
879	28	0
879	29	0
879	30	1
879	31	0
879	32	0
879	33	0
879	34	1
879	35	1
879	36	0
879	37	0
879	38	0
879	39	0
879	40	0
880	1	1
880	2	1
880	3	1
880	4	1
880	5	1
880	6	1
880	7	1
880	8	0
880	9	1
880	10	1
880	11	0
880	12	1
880	13	1
880	14	1
880	15	0
880	16	1
880	17	0
880	18	1
880	19	0
880	20	1
880	21	1
880	22	1
880	23	1
880	24	0
880	25	1
880	26	1
880	27	0
880	28	1
880	29	0
880	30	1
880	31	1
880	32	0
880	33	0
880	34	1
880	35	1
880	36	1
880	37	1
880	38	1
880	39	1
880	40	1
881	1	1
881	2	1
881	3	0
881	4	0
881	5	0
881	6	0
881	7	0
881	8	0
881	9	0
881	10	0
881	11	0
881	12	1
881	13	0
881	14	0
881	15	0
881	16	1
881	17	0
881	18	1
881	19	0
881	20	0
881	21	0
881	22	1
881	23	0
881	24	0
881	25	0
881	26	0
881	27	0
881	28	0
881	29	0
881	30	1
881	31	0
881	32	0
881	33	0
881	34	1
881	35	1
881	36	0
881	37	0
881	38	0
881	39	0
881	40	0
882	1	0
882	2	0
882	3	0
882	4	0
882	5	0
882	6	0
882	7	1
882	8	1
882	9	0
882	10	0
882	11	1
882	12	0
882	13	1
882	14	1
882	15	0
882	16	0
882	17	1
882	18	0
882	19	0
882	20	0
882	21	1
882	22	0
882	23	0
882	24	1
882	25	0
882	26	0
882	27	0
882	28	0
882	29	0
882	30	0
882	31	0
882	32	0
882	33	0
882	34	0
882	35	0
882	36	0
882	37	1
882	38	0
882	39	1
882	40	0
883	1	0
883	2	0
883	3	0
883	4	0
883	5	0
883	6	0
883	7	1
883	8	1
883	9	1
883	10	0
883	11	1
883	12	0
883	13	1
883	14	1
883	15	1
883	16	0
883	17	1
883	18	0
883	19	0
883	20	0
883	21	1
883	22	0
883	23	0
883	24	1
883	25	0
883	26	0
883	27	0
883	28	0
883	29	0
883	30	0
883	31	0
883	32	0
883	33	0
883	34	0
883	35	0
883	36	0
883	37	1
883	38	0
883	39	1
883	40	1
884	1	1
884	2	1
884	3	0
884	4	0
884	5	1
884	6	0
884	7	0
884	8	1
884	9	0
884	10	0
884	11	1
884	12	1
884	13	0
884	14	0
884	15	1
884	16	1
884	17	1
884	18	1
884	19	0
884	20	1
884	21	0
884	22	1
884	23	1
884	24	1
884	25	1
884	26	1
884	27	0
884	28	0
884	29	0
884	30	1
884	31	1
884	32	0
884	33	0
884	34	1
884	35	1
884	36	1
884	37	0
884	38	1
884	39	0
884	40	0
885	1	0
885	2	0
885	3	0
885	4	0
885	5	0
885	6	0
885	7	1
885	8	1
885	9	1
885	10	0
885	11	1
885	12	0
885	13	1
885	14	1
885	15	1
885	16	0
885	17	1
885	18	0
885	19	0
885	20	0
885	21	1
885	22	0
885	23	0
885	24	1
885	25	0
885	26	0
885	27	0
885	28	0
885	29	0
885	30	0
885	31	0
885	32	0
885	33	0
885	34	0
885	35	0
885	36	0
885	37	1
885	38	0
885	39	1
885	40	1
886	1	1
886	2	1
886	3	1
886	4	1
886	5	0
886	6	1
886	7	1
886	8	0
886	9	1
886	10	1
886	11	0
886	12	1
886	13	1
886	14	1
886	15	0
886	16	1
886	17	0
886	18	1
886	19	1
886	20	0
886	21	1
886	22	1
886	23	0
886	24	0
886	25	0
886	26	0
886	27	1
886	28	1
886	29	1
886	30	1
886	31	0
886	32	1
886	33	1
886	34	1
886	35	1
886	36	0
886	37	1
886	38	0
886	39	1
886	40	1
887	1	1
887	2	1
887	3	1
887	4	1
887	5	1
887	6	1
887	7	1
887	8	0
887	9	1
887	10	1
887	11	0
887	12	1
887	13	1
887	14	1
887	15	0
887	16	1
887	17	0
887	18	1
887	19	1
887	20	1
887	21	1
887	22	1
887	23	1
887	24	0
887	25	1
887	26	1
887	27	1
887	28	1
887	29	1
887	30	1
887	31	1
887	32	1
887	33	1
887	34	1
887	35	1
887	36	1
887	37	1
887	38	1
887	39	1
887	40	1
888	1	0
888	2	0
888	3	0
888	4	0
888	5	0
888	6	0
888	7	1
888	8	1
888	9	0
888	10	0
888	11	1
888	12	0
888	13	1
888	14	1
888	15	0
888	16	0
888	17	1
888	18	0
888	19	0
888	20	0
888	21	0
888	22	0
888	23	0
888	24	1
888	25	0
888	26	0
888	27	0
888	28	0
888	29	0
888	30	0
888	31	0
888	32	0
888	33	0
888	34	0
888	35	0
888	36	0
888	37	1
888	38	0
888	39	0
888	40	1
889	1	1
889	2	1
889	3	0
889	4	0
889	5	1
889	6	0
889	7	0
889	8	1
889	9	0
889	10	0
889	11	1
889	12	1
889	13	0
889	14	0
889	15	1
889	16	1
889	17	1
889	18	1
889	19	0
889	20	1
889	21	0
889	22	1
889	23	1
889	24	1
889	25	1
889	26	1
889	27	0
889	28	0
889	29	0
889	30	1
889	31	1
889	32	0
889	33	0
889	34	1
889	35	1
889	36	1
889	37	0
889	38	1
889	39	0
889	40	0
890	1	1
890	2	1
890	3	1
890	4	1
890	5	0
890	6	1
890	7	0
890	8	0
890	9	0
890	10	1
890	11	0
890	12	1
890	13	0
890	14	0
890	15	0
890	16	1
890	17	0
890	18	1
890	19	1
890	20	0
890	21	0
890	22	1
890	23	0
890	24	0
890	25	0
890	26	0
890	27	1
890	28	1
890	29	1
890	30	1
890	31	0
890	32	1
890	33	1
890	34	1
890	35	1
890	36	0
890	37	0
890	38	0
890	39	0
890	40	0
891	1	1
891	2	1
891	3	1
891	4	1
891	5	0
891	6	1
891	7	1
891	8	0
891	9	1
891	10	1
891	11	0
891	12	1
891	13	1
891	14	1
891	15	0
891	16	1
891	17	0
891	18	1
891	19	1
891	20	0
891	21	1
891	22	1
891	23	0
891	24	0
891	25	0
891	26	0
891	27	1
891	28	1
891	29	1
891	30	1
891	31	0
891	32	1
891	33	1
891	34	1
891	35	1
891	36	0
891	37	1
891	38	0
891	39	1
891	40	1
892	1	0
892	2	0
892	3	0
892	4	0
892	5	0
892	6	0
892	7	0
892	8	0
892	9	0
892	10	0
892	11	0
892	12	1
892	13	0
892	14	0
892	15	0
892	16	0
892	17	0
892	18	0
892	19	0
892	20	0
892	21	0
892	22	1
892	23	0
892	24	0
892	25	0
892	26	0
892	27	0
892	28	0
892	29	0
892	30	1
892	31	0
892	32	0
892	33	0
892	34	0
892	35	0
892	36	0
892	37	0
892	38	0
892	39	0
892	40	0
893	1	0
893	2	0
893	3	0
893	4	0
893	5	0
893	6	0
893	7	1
893	8	1
893	9	1
893	10	0
893	11	1
893	12	0
893	13	1
893	14	1
893	15	1
893	16	0
893	17	1
893	18	0
893	19	0
893	20	0
893	21	1
893	22	0
893	23	0
893	24	1
893	25	0
893	26	0
893	27	0
893	28	0
893	29	0
893	30	0
893	31	0
893	32	0
893	33	0
893	34	0
893	35	0
893	36	0
893	37	1
893	38	0
893	39	1
893	40	1
894	1	1
894	2	1
894	3	0
894	4	0
894	5	1
894	6	0
894	7	0
894	8	1
894	9	0
894	10	0
894	11	1
894	12	1
894	13	0
894	14	0
894	15	1
894	16	1
894	17	1
894	18	1
894	19	0
894	20	1
894	21	0
894	22	1
894	23	1
894	24	1
894	25	1
894	26	1
894	27	0
894	28	0
894	29	0
894	30	1
894	31	1
894	32	0
894	33	0
894	34	1
894	35	1
894	36	1
894	37	0
894	38	1
894	39	0
894	40	0
895	1	0
895	2	0
895	3	1
895	4	1
895	5	0
895	6	1
895	7	0
895	8	0
895	9	0
895	10	0
895	11	0
895	12	0
895	13	0
895	14	0
895	15	1
895	16	0
895	17	1
895	18	0
895	19	1
895	20	0
895	21	0
895	22	0
895	23	0
895	24	1
895	25	0
895	26	0
895	27	1
895	28	0
895	29	1
895	30	0
895	31	0
895	32	0
895	33	1
895	34	0
895	35	0
895	36	0
895	37	0
895	38	0
895	39	0
895	40	0
896	1	1
896	2	1
896	3	1
896	4	1
896	5	1
896	6	1
896	7	1
896	8	0
896	9	1
896	10	1
896	11	0
896	12	1
896	13	1
896	14	1
896	15	0
896	16	1
896	17	0
896	18	1
896	19	0
896	20	1
896	21	1
896	22	1
896	23	1
896	24	0
896	25	1
896	26	1
896	27	0
896	28	1
896	29	0
896	30	1
896	31	1
896	32	0
896	33	0
896	34	1
896	35	1
896	36	1
896	37	1
896	38	1
896	39	1
896	40	1
897	1	0
897	2	0
897	3	0
897	4	0
897	5	0
897	6	0
897	7	1
897	8	1
897	9	1
897	10	0
897	11	1
897	12	0
897	13	1
897	14	1
897	15	1
897	16	0
897	17	1
897	18	0
897	19	0
897	20	0
897	21	1
897	22	0
897	23	0
897	24	1
897	25	0
897	26	0
897	27	0
897	28	0
897	29	0
897	30	0
897	31	0
897	32	0
897	33	0
897	34	0
897	35	0
897	36	0
897	37	1
897	38	0
897	39	1
897	40	1
898	1	0
898	2	0
898	3	0
898	4	0
898	5	0
898	6	0
898	7	1
898	8	1
898	9	1
898	10	0
898	11	1
898	12	0
898	13	1
898	14	1
898	15	1
898	16	0
898	17	1
898	18	0
898	19	0
898	20	0
898	21	1
898	22	0
898	23	0
898	24	1
898	25	0
898	26	0
898	27	0
898	28	0
898	29	0
898	30	0
898	31	0
898	32	0
898	33	0
898	34	0
898	35	0
898	36	0
898	37	1
898	38	0
898	39	1
898	40	1
899	1	0
899	2	0
899	3	0
899	4	0
899	5	0
899	6	0
899	7	1
899	8	1
899	9	1
899	10	0
899	11	1
899	12	0
899	13	1
899	14	1
899	15	1
899	16	0
899	17	1
899	18	0
899	19	0
899	20	0
899	21	1
899	22	0
899	23	0
899	24	1
899	25	0
899	26	0
899	27	0
899	28	0
899	29	0
899	30	0
899	31	0
899	32	0
899	33	0
899	34	0
899	35	0
899	36	0
899	37	1
899	38	0
899	39	1
899	40	1
900	1	1
900	2	1
900	3	0
900	4	0
900	5	1
900	6	0
900	7	0
900	8	1
900	9	0
900	10	0
900	11	1
900	12	1
900	13	0
900	14	0
900	15	1
900	16	1
900	17	1
900	18	1
900	19	0
900	20	1
900	21	0
900	22	1
900	23	1
900	24	1
900	25	1
900	26	1
900	27	0
900	28	0
900	29	0
900	30	1
900	31	1
900	32	0
900	33	0
900	34	1
900	35	1
900	36	1
900	37	0
900	38	1
900	39	0
900	40	0
901	1	1
901	2	1
901	3	1
901	4	1
901	5	0
901	6	1
901	7	0
901	8	0
901	9	0
901	10	1
901	11	0
901	12	1
901	13	0
901	14	0
901	15	0
901	16	1
901	17	0
901	18	1
901	19	1
901	20	0
901	21	0
901	22	1
901	23	0
901	24	0
901	25	0
901	26	0
901	27	1
901	28	1
901	29	1
901	30	1
901	31	0
901	32	1
901	33	1
901	34	1
901	35	1
901	36	0
901	37	0
901	38	0
901	39	0
901	40	0
902	1	1
902	2	1
902	3	0
902	4	0
902	5	1
902	6	0
902	7	0
902	8	1
902	9	0
902	10	0
902	11	1
902	12	1
902	13	0
902	14	0
902	15	1
902	16	1
902	17	1
902	18	1
902	19	0
902	20	1
902	21	0
902	22	1
902	23	1
902	24	1
902	25	1
902	26	1
902	27	0
902	28	0
902	29	0
902	30	1
902	31	1
902	32	0
902	33	0
902	34	1
902	35	1
902	36	1
902	37	0
902	38	1
902	39	0
902	40	0
903	1	0
903	2	0
903	3	0
903	4	0
903	5	0
903	6	0
903	7	1
903	8	1
903	9	1
903	10	0
903	11	1
903	12	0
903	13	1
903	14	1
903	15	1
903	16	0
903	17	1
903	18	0
903	19	0
903	20	0
903	21	1
903	22	0
903	23	0
903	24	1
903	25	0
903	26	0
903	27	0
903	28	0
903	29	0
903	30	0
903	31	0
903	32	0
903	33	0
903	34	0
903	35	0
903	36	0
903	37	1
903	38	0
903	39	1
903	40	1
904	1	0
904	2	0
904	3	0
904	4	0
904	5	0
904	6	0
904	7	1
904	8	1
904	9	1
904	10	0
904	11	1
904	12	0
904	13	1
904	14	1
904	15	1
904	16	0
904	17	1
904	18	0
904	19	0
904	20	0
904	21	1
904	22	0
904	23	0
904	24	1
904	25	0
904	26	0
904	27	0
904	28	0
904	29	0
904	30	0
904	31	0
904	32	0
904	33	0
904	34	0
904	35	0
904	36	0
904	37	1
904	38	0
904	39	1
904	40	1
905	1	0
905	2	0
905	3	0
905	4	0
905	5	0
905	6	0
905	7	0
905	8	0
905	9	0
905	10	0
905	11	0
905	12	1
905	13	0
905	14	0
905	15	0
905	16	0
905	17	0
905	18	0
905	19	0
905	20	0
905	21	0
905	22	1
905	23	0
905	24	0
905	25	0
905	26	0
905	27	0
905	28	0
905	29	0
905	30	1
905	31	0
905	32	0
905	33	0
905	34	0
905	35	0
905	36	0
905	37	0
905	38	0
905	39	0
905	40	0
906	1	1
906	2	0
906	3	1
906	4	1
906	5	1
906	6	0
906	7	1
906	8	0
906	9	0
906	10	1
906	11	0
906	12	1
906	13	1
906	14	1
906	15	0
906	16	1
906	17	0
906	18	1
906	19	0
906	20	0
906	21	0
906	22	1
906	23	1
906	24	0
906	25	1
906	26	1
906	27	0
906	28	0
906	29	0
906	30	1
906	31	0
906	32	0
906	33	0
906	34	0
906	35	1
906	36	1
906	37	1
906	38	0
906	39	0
906	40	1
907	1	1
907	2	1
907	3	0
907	4	0
907	5	1
907	6	0
907	7	0
907	8	1
907	9	0
907	10	0
907	11	1
907	12	1
907	13	0
907	14	0
907	15	1
907	16	1
907	17	1
907	18	1
907	19	0
907	20	1
907	21	0
907	22	1
907	23	1
907	24	1
907	25	1
907	26	1
907	27	0
907	28	0
907	29	0
907	30	1
907	31	1
907	32	0
907	33	0
907	34	1
907	35	1
907	36	1
907	37	0
907	38	1
907	39	0
907	40	0
908	1	0
908	2	0
908	3	1
908	4	1
908	5	0
908	6	1
908	7	0
908	8	1
908	9	0
908	10	1
908	11	1
908	12	0
908	13	0
908	14	0
908	15	1
908	16	0
908	17	1
908	18	0
908	19	1
908	20	0
908	21	0
908	22	0
908	23	0
908	24	1
908	25	0
908	26	0
908	27	1
908	28	1
908	29	1
908	30	0
908	31	0
908	32	1
908	33	1
908	34	0
908	35	0
908	36	0
908	37	0
908	38	0
908	39	0
908	40	0
909	1	1
909	2	1
909	3	1
909	4	1
909	5	1
909	6	1
909	7	1
909	8	0
909	9	1
909	10	1
909	11	0
909	12	1
909	13	1
909	14	1
909	15	0
909	16	1
909	17	0
909	18	1
909	19	1
909	20	1
909	21	1
909	22	1
909	23	1
909	24	0
909	25	1
909	26	1
909	27	1
909	28	1
909	29	1
909	30	1
909	31	1
909	32	1
909	33	1
909	34	1
909	35	1
909	36	1
909	37	1
909	38	1
909	39	1
909	40	1
910	1	1
910	2	1
910	3	0
910	4	0
910	5	1
910	6	0
910	7	0
910	8	1
910	9	0
910	10	0
910	11	1
910	12	1
910	13	0
910	14	0
910	15	1
910	16	1
910	17	1
910	18	1
910	19	0
910	20	1
910	21	0
910	22	1
910	23	1
910	24	1
910	25	1
910	26	1
910	27	0
910	28	0
910	29	0
910	30	1
910	31	1
910	32	0
910	33	0
910	34	1
910	35	1
910	36	1
910	37	0
910	38	1
910	39	0
910	40	0
911	1	0
911	2	0
911	3	0
911	4	0
911	5	0
911	6	0
911	7	1
911	8	1
911	9	1
911	10	0
911	11	1
911	12	0
911	13	1
911	14	1
911	15	1
911	16	0
911	17	1
911	18	0
911	19	0
911	20	0
911	21	1
911	22	0
911	23	0
911	24	1
911	25	0
911	26	0
911	27	0
911	28	0
911	29	0
911	30	0
911	31	0
911	32	0
911	33	0
911	34	0
911	35	0
911	36	0
911	37	1
911	38	0
911	39	1
911	40	1
912	1	0
912	2	0
912	3	1
912	4	1
912	5	0
912	6	1
912	7	0
912	8	1
912	9	0
912	10	1
912	11	1
912	12	0
912	13	0
912	14	0
912	15	1
912	16	0
912	17	1
912	18	0
912	19	1
912	20	0
912	21	0
912	22	0
912	23	0
912	24	1
912	25	0
912	26	0
912	27	1
912	28	1
912	29	1
912	30	0
912	31	0
912	32	1
912	33	1
912	34	0
912	35	0
912	36	0
912	37	0
912	38	0
912	39	0
912	40	0
913	1	1
913	2	1
913	3	1
913	4	1
913	5	0
913	6	1
913	7	1
913	8	0
913	9	1
913	10	1
913	11	0
913	12	1
913	13	1
913	14	1
913	15	0
913	16	1
913	17	0
913	18	1
913	19	1
913	20	0
913	21	1
913	22	1
913	23	0
913	24	0
913	25	0
913	26	0
913	27	1
913	28	1
913	29	1
913	30	1
913	31	0
913	32	1
913	33	1
913	34	1
913	35	1
913	36	0
913	37	1
913	38	0
913	39	1
913	40	1
914	1	1
914	2	1
914	3	1
914	4	1
914	5	0
914	6	1
914	7	0
914	8	0
914	9	0
914	10	1
914	11	0
914	12	1
914	13	0
914	14	0
914	15	0
914	16	1
914	17	0
914	18	1
914	19	1
914	20	0
914	21	0
914	22	1
914	23	0
914	24	0
914	25	0
914	26	0
914	27	1
914	28	1
914	29	1
914	30	1
914	31	0
914	32	1
914	33	1
914	34	1
914	35	1
914	36	0
914	37	0
914	38	0
914	39	0
914	40	0
915	1	0
915	2	0
915	3	1
915	4	1
915	5	0
915	6	1
915	7	0
915	8	1
915	9	0
915	10	1
915	11	1
915	12	0
915	13	0
915	14	0
915	15	1
915	16	0
915	17	1
915	18	0
915	19	1
915	20	0
915	21	0
915	22	0
915	23	0
915	24	1
915	25	0
915	26	0
915	27	1
915	28	1
915	29	1
915	30	0
915	31	0
915	32	1
915	33	1
915	34	0
915	35	0
915	36	0
915	37	0
915	38	0
915	39	0
915	40	0
916	1	1
916	2	1
916	3	0
916	4	1
916	5	0
916	6	0
916	7	1
916	8	0
916	9	1
916	10	1
916	11	0
916	12	1
916	13	1
916	14	1
916	15	0
916	16	0
916	17	0
916	18	1
916	19	1
916	20	1
916	21	0
916	22	0
916	23	1
916	24	0
916	25	0
916	26	0
916	27	1
916	28	1
916	29	1
916	30	1
916	31	1
916	32	0
916	33	1
916	34	1
916	35	1
916	36	1
916	37	1
916	38	1
916	39	0
916	40	1
917	1	0
917	2	0
917	3	1
917	4	1
917	5	0
917	6	1
917	7	0
917	8	1
917	9	0
917	10	1
917	11	1
917	12	0
917	13	0
917	14	0
917	15	1
917	16	0
917	17	1
917	18	0
917	19	1
917	20	0
917	21	0
917	22	0
917	23	0
917	24	1
917	25	0
917	26	0
917	27	1
917	28	1
917	29	1
917	30	0
917	31	0
917	32	1
917	33	1
917	34	0
917	35	0
917	36	0
917	37	0
917	38	0
917	39	0
917	40	0
918	1	0
918	2	0
918	3	1
918	4	1
918	5	0
918	6	1
918	7	0
918	8	1
918	9	0
918	10	1
918	11	1
918	12	0
918	13	0
918	14	0
918	15	1
918	16	0
918	17	1
918	18	0
918	19	1
918	20	0
918	21	0
918	22	0
918	23	0
918	24	1
918	25	0
918	26	0
918	27	1
918	28	1
918	29	1
918	30	0
918	31	0
918	32	1
918	33	1
918	34	0
918	35	0
918	36	0
918	37	0
918	38	0
918	39	0
918	40	0
919	1	1
919	2	1
919	3	1
919	4	1
919	5	1
919	6	1
919	7	1
919	8	0
919	9	1
919	10	1
919	11	0
919	12	1
919	13	1
919	14	1
919	15	0
919	16	1
919	17	0
919	18	1
919	19	0
919	20	1
919	21	1
919	22	1
919	23	1
919	24	0
919	25	1
919	26	1
919	27	0
919	28	1
919	29	0
919	30	1
919	31	1
919	32	0
919	33	0
919	34	1
919	35	1
919	36	1
919	37	1
919	38	1
919	39	1
919	40	1
920	1	1
920	2	1
920	3	1
920	4	1
920	5	0
920	6	1
920	7	1
920	8	0
920	9	1
920	10	1
920	11	0
920	12	1
920	13	1
920	14	1
920	15	0
920	16	1
920	17	0
920	18	1
920	19	1
920	20	0
920	21	1
920	22	1
920	23	0
920	24	0
920	25	0
920	26	0
920	27	1
920	28	1
920	29	1
920	30	1
920	31	0
920	32	1
920	33	1
920	34	1
920	35	1
920	36	0
920	37	1
920	38	0
920	39	1
920	40	1
921	1	0
921	2	0
921	3	0
921	4	0
921	5	0
921	6	0
921	7	1
921	8	1
921	9	1
921	10	0
921	11	1
921	12	0
921	13	1
921	14	1
921	15	1
921	16	0
921	17	1
921	18	0
921	19	0
921	20	0
921	21	1
921	22	0
921	23	0
921	24	1
921	25	0
921	26	0
921	27	0
921	28	0
921	29	0
921	30	0
921	31	0
921	32	0
921	33	0
921	34	0
921	35	0
921	36	0
921	37	1
921	38	0
921	39	1
921	40	1
922	1	0
922	2	0
922	3	0
922	4	0
922	5	0
922	6	0
922	7	1
922	8	0
922	9	1
922	10	0
922	11	0
922	12	0
922	13	1
922	14	1
922	15	0
922	16	0
922	17	1
922	18	0
922	19	0
922	20	0
922	21	0
922	22	0
922	23	0
922	24	1
922	25	0
922	26	0
922	27	0
922	28	0
922	29	0
922	30	0
922	31	0
922	32	0
922	33	0
922	34	0
922	35	0
922	36	0
922	37	1
922	38	0
922	39	0
922	40	1
923	1	1
923	2	1
923	3	1
923	4	1
923	5	1
923	6	1
923	7	1
923	8	0
923	9	1
923	10	1
923	11	0
923	12	1
923	13	1
923	14	1
923	15	0
923	16	1
923	17	0
923	18	1
923	19	0
923	20	1
923	21	1
923	22	1
923	23	1
923	24	0
923	25	1
923	26	1
923	27	0
923	28	1
923	29	0
923	30	1
923	31	1
923	32	0
923	33	0
923	34	1
923	35	1
923	36	1
923	37	1
923	38	1
923	39	1
923	40	1
924	1	0
924	2	0
924	3	0
924	4	0
924	5	0
924	6	0
924	7	1
924	8	1
924	9	1
924	10	0
924	11	1
924	12	0
924	13	1
924	14	1
924	15	1
924	16	0
924	17	1
924	18	0
924	19	0
924	20	0
924	21	1
924	22	0
924	23	0
924	24	1
924	25	0
924	26	0
924	27	0
924	28	0
924	29	0
924	30	0
924	31	0
924	32	0
924	33	0
924	34	0
924	35	0
924	36	0
924	37	1
924	38	0
924	39	1
924	40	1
925	1	0
925	2	0
925	3	0
925	4	0
925	5	0
925	6	0
925	7	1
925	8	1
925	9	0
925	10	0
925	11	1
925	12	0
925	13	1
925	14	1
925	15	0
925	16	0
925	17	1
925	18	0
925	19	0
925	20	0
925	21	1
925	22	0
925	23	0
925	24	1
925	25	0
925	26	0
925	27	0
925	28	0
925	29	0
925	30	0
925	31	0
925	32	0
925	33	0
925	34	0
925	35	0
925	36	0
925	37	1
925	38	0
925	39	1
925	40	0
926	1	0
926	2	0
926	3	0
926	4	0
926	5	0
926	6	0
926	7	1
926	8	1
926	9	1
926	10	0
926	11	1
926	12	0
926	13	1
926	14	1
926	15	1
926	16	0
926	17	1
926	18	0
926	19	0
926	20	0
926	21	1
926	22	0
926	23	0
926	24	1
926	25	0
926	26	0
926	27	0
926	28	0
926	29	0
926	30	0
926	31	0
926	32	0
926	33	0
926	34	0
926	35	0
926	36	0
926	37	1
926	38	0
926	39	1
926	40	1
927	1	1
927	2	1
927	3	0
927	4	0
927	5	0
927	6	0
927	7	0
927	8	0
927	9	0
927	10	0
927	11	0
927	12	1
927	13	0
927	14	0
927	15	0
927	16	1
927	17	0
927	18	1
927	19	0
927	20	0
927	21	0
927	22	1
927	23	0
927	24	0
927	25	0
927	26	0
927	27	0
927	28	0
927	29	0
927	30	1
927	31	0
927	32	0
927	33	0
927	34	1
927	35	1
927	36	0
927	37	0
927	38	0
927	39	0
927	40	0
928	1	0
928	2	0
928	3	1
928	4	1
928	5	0
928	6	1
928	7	0
928	8	0
928	9	0
928	10	0
928	11	0
928	12	1
928	13	0
928	14	0
928	15	0
928	16	0
928	17	0
928	18	0
928	19	1
928	20	0
928	21	0
928	22	1
928	23	0
928	24	0
928	25	0
928	26	0
928	27	1
928	28	1
928	29	0
928	30	1
928	31	0
928	32	0
928	33	1
928	34	0
928	35	0
928	36	0
928	37	0
928	38	0
928	39	0
928	40	0
929	1	1
929	2	1
929	3	1
929	4	1
929	5	0
929	6	1
929	7	0
929	8	0
929	9	0
929	10	1
929	11	0
929	12	1
929	13	0
929	14	0
929	15	0
929	16	1
929	17	0
929	18	1
929	19	1
929	20	0
929	21	0
929	22	1
929	23	0
929	24	0
929	25	0
929	26	0
929	27	1
929	28	1
929	29	1
929	30	1
929	31	0
929	32	1
929	33	1
929	34	1
929	35	1
929	36	0
929	37	0
929	38	0
929	39	0
929	40	0
930	1	1
930	2	1
930	3	1
930	4	1
930	5	0
930	6	1
930	7	1
930	8	0
930	9	1
930	10	1
930	11	0
930	12	1
930	13	1
930	14	1
930	15	0
930	16	1
930	17	0
930	18	1
930	19	1
930	20	0
930	21	1
930	22	1
930	23	0
930	24	0
930	25	0
930	26	0
930	27	1
930	28	1
930	29	1
930	30	1
930	31	0
930	32	1
930	33	1
930	34	1
930	35	1
930	36	0
930	37	1
930	38	0
930	39	1
930	40	1
931	1	1
931	2	1
931	3	1
931	4	1
931	5	0
931	6	1
931	7	1
931	8	0
931	9	1
931	10	1
931	11	0
931	12	1
931	13	1
931	14	1
931	15	0
931	16	1
931	17	0
931	18	1
931	19	1
931	20	0
931	21	1
931	22	1
931	23	0
931	24	0
931	25	0
931	26	0
931	27	1
931	28	1
931	29	1
931	30	1
931	31	0
931	32	1
931	33	1
931	34	1
931	35	1
931	36	0
931	37	1
931	38	0
931	39	1
931	40	1
932	1	1
932	2	0
932	3	1
932	4	1
932	5	0
932	6	0
932	7	1
932	8	0
932	9	0
932	10	1
932	11	0
932	12	1
932	13	1
932	14	1
932	15	0
932	16	1
932	17	0
932	18	1
932	19	1
932	20	0
932	21	0
932	22	1
932	23	0
932	24	0
932	25	0
932	26	0
932	27	0
932	28	0
932	29	1
932	30	1
932	31	0
932	32	1
932	33	1
932	34	0
932	35	1
932	36	0
932	37	1
932	38	0
932	39	0
932	40	1
933	1	1
933	2	1
933	3	0
933	4	0
933	5	1
933	6	0
933	7	0
933	8	1
933	9	0
933	10	0
933	11	1
933	12	1
933	13	0
933	14	0
933	15	1
933	16	1
933	17	1
933	18	1
933	19	0
933	20	1
933	21	0
933	22	1
933	23	1
933	24	1
933	25	1
933	26	1
933	27	0
933	28	0
933	29	0
933	30	1
933	31	1
933	32	0
933	33	0
933	34	1
933	35	1
933	36	1
933	37	0
933	38	1
933	39	0
933	40	0
934	1	0
934	2	0
934	3	1
934	4	1
934	5	0
934	6	1
934	7	0
934	8	1
934	9	0
934	10	1
934	11	1
934	12	0
934	13	0
934	14	0
934	15	1
934	16	0
934	17	1
934	18	0
934	19	1
934	20	0
934	21	0
934	22	0
934	23	0
934	24	1
934	25	0
934	26	0
934	27	1
934	28	1
934	29	1
934	30	0
934	31	0
934	32	1
934	33	1
934	34	0
934	35	0
934	36	0
934	37	0
934	38	0
934	39	0
934	40	0
935	1	1
935	2	1
935	3	0
935	4	0
935	5	1
935	6	0
935	7	0
935	8	1
935	9	0
935	10	0
935	11	1
935	12	1
935	13	0
935	14	0
935	15	1
935	16	1
935	17	1
935	18	1
935	19	0
935	20	1
935	21	0
935	22	1
935	23	1
935	24	1
935	25	1
935	26	1
935	27	0
935	28	0
935	29	0
935	30	1
935	31	1
935	32	0
935	33	0
935	34	1
935	35	1
935	36	1
935	37	0
935	38	1
935	39	0
935	40	0
936	1	1
936	2	1
936	3	1
936	4	1
936	5	0
936	6	1
936	7	1
936	8	0
936	9	1
936	10	1
936	11	0
936	12	1
936	13	1
936	14	1
936	15	0
936	16	1
936	17	0
936	18	1
936	19	1
936	20	0
936	21	1
936	22	1
936	23	0
936	24	0
936	25	0
936	26	0
936	27	1
936	28	1
936	29	1
936	30	1
936	31	0
936	32	1
936	33	1
936	34	1
936	35	1
936	36	0
936	37	1
936	38	0
936	39	1
936	40	1
937	1	1
937	2	1
937	3	0
937	4	0
937	5	1
937	6	0
937	7	0
937	8	0
937	9	0
937	10	0
937	11	0
937	12	1
937	13	0
937	14	0
937	15	1
937	16	1
937	17	1
937	18	1
937	19	0
937	20	1
937	21	0
937	22	0
937	23	0
937	24	1
937	25	1
937	26	0
937	27	0
937	28	0
937	29	0
937	30	1
937	31	0
937	32	0
937	33	0
937	34	1
937	35	0
937	36	1
937	37	0
937	38	1
937	39	0
937	40	0
938	1	1
938	2	1
938	3	0
938	4	0
938	5	1
938	6	0
938	7	0
938	8	1
938	9	0
938	10	0
938	11	1
938	12	1
938	13	0
938	14	0
938	15	1
938	16	1
938	17	1
938	18	1
938	19	0
938	20	1
938	21	0
938	22	1
938	23	1
938	24	1
938	25	1
938	26	1
938	27	0
938	28	0
938	29	0
938	30	1
938	31	1
938	32	0
938	33	0
938	34	1
938	35	1
938	36	1
938	37	0
938	38	1
938	39	0
938	40	0
939	1	1
939	2	1
939	3	1
939	4	1
939	5	1
939	6	1
939	7	1
939	8	0
939	9	1
939	10	1
939	11	0
939	12	1
939	13	1
939	14	1
939	15	0
939	16	1
939	17	0
939	18	1
939	19	1
939	20	1
939	21	1
939	22	1
939	23	1
939	24	0
939	25	1
939	26	1
939	27	1
939	28	1
939	29	1
939	30	1
939	31	1
939	32	1
939	33	1
939	34	1
939	35	1
939	36	1
939	37	1
939	38	1
939	39	1
939	40	1
940	1	0
940	2	0
940	3	0
940	4	0
940	5	0
940	6	0
940	7	1
940	8	1
940	9	1
940	10	0
940	11	1
940	12	0
940	13	1
940	14	1
940	15	1
940	16	0
940	17	1
940	18	0
940	19	0
940	20	0
940	21	1
940	22	0
940	23	0
940	24	1
940	25	0
940	26	0
940	27	0
940	28	0
940	29	0
940	30	0
940	31	0
940	32	0
940	33	0
940	34	0
940	35	0
940	36	0
940	37	1
940	38	0
940	39	1
940	40	1
941	1	0
941	2	0
941	3	0
941	4	0
941	5	0
941	6	0
941	7	1
941	8	0
941	9	1
941	10	0
941	11	0
941	12	0
941	13	1
941	14	1
941	15	1
941	16	0
941	17	1
941	18	0
941	19	0
941	20	0
941	21	0
941	22	0
941	23	0
941	24	1
941	25	0
941	26	0
941	27	0
941	28	0
941	29	0
941	30	0
941	31	0
941	32	0
941	33	0
941	34	0
941	35	0
941	36	0
941	37	1
941	38	0
941	39	1
941	40	1
942	1	1
942	2	1
942	3	1
942	4	1
942	5	1
942	6	1
942	7	1
942	8	0
942	9	1
942	10	1
942	11	0
942	12	1
942	13	1
942	14	1
942	15	0
942	16	1
942	17	0
942	18	1
942	19	0
942	20	1
942	21	1
942	22	1
942	23	1
942	24	0
942	25	1
942	26	1
942	27	0
942	28	1
942	29	0
942	30	1
942	31	1
942	32	0
942	33	0
942	34	1
942	35	1
942	36	1
942	37	1
942	38	1
942	39	1
942	40	1
943	1	1
943	2	1
943	3	1
943	4	0
943	5	1
943	6	1
943	7	0
943	8	0
943	9	1
943	10	0
943	11	0
943	12	1
943	13	1
943	14	0
943	15	0
943	16	1
943	17	0
943	18	1
943	19	0
943	20	0
943	21	1
943	22	0
943	23	0
943	24	0
943	25	0
943	26	1
943	27	0
943	28	0
943	29	0
943	30	1
943	31	0
943	32	0
943	33	0
943	34	0
943	35	0
943	36	1
943	37	1
943	38	1
943	39	1
943	40	0
944	1	0
944	2	0
944	3	0
944	4	0
944	5	0
944	6	0
944	7	1
944	8	1
944	9	1
944	10	0
944	11	1
944	12	0
944	13	1
944	14	1
944	15	1
944	16	0
944	17	1
944	18	0
944	19	0
944	20	0
944	21	1
944	22	0
944	23	0
944	24	1
944	25	0
944	26	0
944	27	0
944	28	0
944	29	0
944	30	0
944	31	0
944	32	0
944	33	0
944	34	0
944	35	0
944	36	0
944	37	1
944	38	0
944	39	1
944	40	1
945	1	0
945	2	0
945	3	1
945	4	1
945	5	0
945	6	0
945	7	0
945	8	1
945	9	0
945	10	1
945	11	1
945	12	0
945	13	0
945	14	0
945	15	0
945	16	0
945	17	1
945	18	0
945	19	1
945	20	0
945	21	0
945	22	0
945	23	0
945	24	1
945	25	0
945	26	0
945	27	0
945	28	0
945	29	1
945	30	0
945	31	0
945	32	1
945	33	1
945	34	0
945	35	0
945	36	0
945	37	0
945	38	0
945	39	0
945	40	0
946	1	0
946	2	0
946	3	1
946	4	1
946	5	0
946	6	1
946	7	0
946	8	1
946	9	0
946	10	1
946	11	1
946	12	0
946	13	0
946	14	0
946	15	1
946	16	0
946	17	1
946	18	0
946	19	1
946	20	0
946	21	0
946	22	0
946	23	0
946	24	1
946	25	0
946	26	0
946	27	1
946	28	1
946	29	1
946	30	0
946	31	0
946	32	1
946	33	1
946	34	0
946	35	0
946	36	0
946	37	0
946	38	0
946	39	0
946	40	0
947	1	1
947	2	0
947	3	1
947	4	1
947	5	1
947	6	0
947	7	1
947	8	0
947	9	0
947	10	1
947	11	0
947	12	1
947	13	1
947	14	1
947	15	0
947	16	1
947	17	0
947	18	1
947	19	1
947	20	0
947	21	0
947	22	1
947	23	1
947	24	0
947	25	1
947	26	1
947	27	0
947	28	0
947	29	1
947	30	1
947	31	0
947	32	1
947	33	1
947	34	0
947	35	1
947	36	1
947	37	1
947	38	0
947	39	0
947	40	1
948	1	1
948	2	1
948	3	1
948	4	0
948	5	1
948	6	1
948	7	0
948	8	0
948	9	1
948	10	0
948	11	0
948	12	1
948	13	1
948	14	0
948	15	0
948	16	1
948	17	0
948	18	1
948	19	0
948	20	0
948	21	1
948	22	0
948	23	0
948	24	0
948	25	0
948	26	1
948	27	1
948	28	0
948	29	0
948	30	1
948	31	0
948	32	1
948	33	1
948	34	0
948	35	0
948	36	1
948	37	1
948	38	1
948	39	1
948	40	0
949	1	0
949	2	0
949	3	1
949	4	1
949	5	0
949	6	1
949	7	0
949	8	1
949	9	0
949	10	1
949	11	1
949	12	0
949	13	0
949	14	0
949	15	1
949	16	0
949	17	1
949	18	0
949	19	1
949	20	0
949	21	0
949	22	0
949	23	0
949	24	1
949	25	0
949	26	0
949	27	1
949	28	1
949	29	1
949	30	0
949	31	0
949	32	1
949	33	1
949	34	0
949	35	0
949	36	0
949	37	0
949	38	0
949	39	0
949	40	0
950	1	0
950	2	0
950	3	1
950	4	1
950	5	0
950	6	1
950	7	0
950	8	1
950	9	0
950	10	1
950	11	1
950	12	0
950	13	0
950	14	0
950	15	1
950	16	0
950	17	1
950	18	0
950	19	1
950	20	0
950	21	0
950	22	0
950	23	0
950	24	1
950	25	0
950	26	0
950	27	1
950	28	1
950	29	1
950	30	0
950	31	0
950	32	1
950	33	1
950	34	0
950	35	0
950	36	0
950	37	0
950	38	0
950	39	0
950	40	0
951	1	1
951	2	1
951	3	1
951	4	1
951	5	1
951	6	1
951	7	1
951	8	0
951	9	1
951	10	1
951	11	0
951	12	1
951	13	1
951	14	1
951	15	0
951	16	1
951	17	0
951	18	1
951	19	1
951	20	1
951	21	1
951	22	1
951	23	1
951	24	0
951	25	1
951	26	1
951	27	1
951	28	1
951	29	1
951	30	1
951	31	1
951	32	1
951	33	1
951	34	1
951	35	1
951	36	1
951	37	1
951	38	1
951	39	1
951	40	1
952	1	0
952	2	0
952	3	1
952	4	1
952	5	0
952	6	1
952	7	0
952	8	1
952	9	0
952	10	1
952	11	1
952	12	0
952	13	0
952	14	0
952	15	1
952	16	0
952	17	1
952	18	0
952	19	1
952	20	0
952	21	0
952	22	0
952	23	0
952	24	1
952	25	0
952	26	0
952	27	1
952	28	1
952	29	1
952	30	0
952	31	0
952	32	1
952	33	1
952	34	0
952	35	0
952	36	0
952	37	0
952	38	0
952	39	0
952	40	0
953	1	1
953	2	1
953	3	1
953	4	0
953	5	0
953	6	1
953	7	0
953	8	0
953	9	1
953	10	0
953	11	0
953	12	1
953	13	1
953	14	0
953	15	0
953	16	1
953	17	0
953	18	1
953	19	0
953	20	0
953	21	1
953	22	0
953	23	0
953	24	0
953	25	0
953	26	0
953	27	1
953	28	0
953	29	0
953	30	1
953	31	0
953	32	1
953	33	1
953	34	0
953	35	0
953	36	0
953	37	1
953	38	0
953	39	1
953	40	0
954	1	0
954	2	0
954	3	1
954	4	1
954	5	0
954	6	1
954	7	0
954	8	1
954	9	0
954	10	1
954	11	1
954	12	0
954	13	0
954	14	0
954	15	1
954	16	0
954	17	1
954	18	0
954	19	1
954	20	0
954	21	0
954	22	0
954	23	0
954	24	1
954	25	0
954	26	0
954	27	1
954	28	1
954	29	1
954	30	0
954	31	0
954	32	1
954	33	1
954	34	0
954	35	0
954	36	0
954	37	0
954	38	0
954	39	0
954	40	0
955	1	1
955	2	1
955	3	0
955	4	0
955	5	0
955	6	0
955	7	0
955	8	0
955	9	0
955	10	0
955	11	0
955	12	1
955	13	0
955	14	0
955	15	0
955	16	1
955	17	0
955	18	1
955	19	0
955	20	0
955	21	0
955	22	0
955	23	0
955	24	0
955	25	0
955	26	0
955	27	0
955	28	0
955	29	0
955	30	1
955	31	0
955	32	0
955	33	0
955	34	1
955	35	0
955	36	0
955	37	0
955	38	0
955	39	0
955	40	0
956	1	1
956	2	1
956	3	0
956	4	0
956	5	1
956	6	0
956	7	0
956	8	1
956	9	0
956	10	0
956	11	1
956	12	1
956	13	0
956	14	0
956	15	1
956	16	1
956	17	1
956	18	1
956	19	0
956	20	1
956	21	0
956	22	1
956	23	1
956	24	1
956	25	1
956	26	1
956	27	0
956	28	0
956	29	0
956	30	1
956	31	1
956	32	0
956	33	0
956	34	1
956	35	1
956	36	1
956	37	0
956	38	1
956	39	0
956	40	0
957	1	1
957	2	1
957	3	1
957	4	1
957	5	0
957	6	1
957	7	1
957	8	0
957	9	1
957	10	1
957	11	0
957	12	1
957	13	1
957	14	1
957	15	0
957	16	1
957	17	0
957	18	1
957	19	1
957	20	0
957	21	1
957	22	1
957	23	0
957	24	0
957	25	0
957	26	0
957	27	1
957	28	1
957	29	1
957	30	1
957	31	0
957	32	1
957	33	1
957	34	1
957	35	1
957	36	0
957	37	1
957	38	0
957	39	1
957	40	1
958	1	1
958	2	1
958	3	0
958	4	0
958	5	1
958	6	0
958	7	0
958	8	1
958	9	0
958	10	0
958	11	1
958	12	1
958	13	0
958	14	0
958	15	1
958	16	1
958	17	1
958	18	1
958	19	0
958	20	1
958	21	0
958	22	1
958	23	1
958	24	1
958	25	1
958	26	1
958	27	0
958	28	0
958	29	0
958	30	1
958	31	1
958	32	0
958	33	0
958	34	1
958	35	1
958	36	1
958	37	0
958	38	1
958	39	0
958	40	0
959	1	0
959	2	0
959	3	0
959	4	0
959	5	0
959	6	0
959	7	0
959	8	1
959	9	0
959	10	0
959	11	1
959	12	1
959	13	0
959	14	0
959	15	0
959	16	0
959	17	1
959	18	0
959	19	0
959	20	1
959	21	0
959	22	1
959	23	1
959	24	1
959	25	1
959	26	0
959	27	0
959	28	0
959	29	0
959	30	1
959	31	1
959	32	0
959	33	0
959	34	0
959	35	0
959	36	1
959	37	0
959	38	1
959	39	0
959	40	0
960	1	1
960	2	1
960	3	0
960	4	0
960	5	0
960	6	0
960	7	0
960	8	0
960	9	0
960	10	0
960	11	0
960	12	1
960	13	0
960	14	0
960	15	0
960	16	1
960	17	0
960	18	1
960	19	0
960	20	0
960	21	0
960	22	1
960	23	0
960	24	0
960	25	0
960	26	0
960	27	0
960	28	0
960	29	0
960	30	1
960	31	0
960	32	0
960	33	0
960	34	1
960	35	1
960	36	0
960	37	0
960	38	0
960	39	0
960	40	0
961	1	1
961	2	1
961	3	1
961	4	1
961	5	0
961	6	1
961	7	1
961	8	0
961	9	1
961	10	1
961	11	0
961	12	1
961	13	1
961	14	1
961	15	0
961	16	1
961	17	0
961	18	1
961	19	1
961	20	0
961	21	1
961	22	1
961	23	0
961	24	0
961	25	0
961	26	0
961	27	1
961	28	1
961	29	1
961	30	1
961	31	0
961	32	1
961	33	1
961	34	1
961	35	1
961	36	0
961	37	1
961	38	0
961	39	1
961	40	1
962	1	1
962	2	1
962	3	0
962	4	0
962	5	0
962	6	0
962	7	0
962	8	0
962	9	0
962	10	0
962	11	0
962	12	1
962	13	0
962	14	0
962	15	0
962	16	0
962	17	1
962	18	1
962	19	0
962	20	1
962	21	0
962	22	0
962	23	1
962	24	1
962	25	0
962	26	0
962	27	0
962	28	0
962	29	0
962	30	1
962	31	1
962	32	0
962	33	0
962	34	1
962	35	1
962	36	1
962	37	0
962	38	1
962	39	0
962	40	0
963	1	1
963	2	1
963	3	1
963	4	1
963	5	1
963	6	1
963	7	1
963	8	0
963	9	1
963	10	1
963	11	0
963	12	1
963	13	1
963	14	1
963	15	0
963	16	1
963	17	0
963	18	1
963	19	0
963	20	1
963	21	1
963	22	1
963	23	1
963	24	0
963	25	1
963	26	1
963	27	0
963	28	1
963	29	0
963	30	1
963	31	1
963	32	0
963	33	0
963	34	1
963	35	1
963	36	1
963	37	1
963	38	1
963	39	1
963	40	1
964	1	1
964	2	1
964	3	1
964	4	1
964	5	1
964	6	1
964	7	1
964	8	0
964	9	1
964	10	1
964	11	0
964	12	1
964	13	1
964	14	1
964	15	0
964	16	1
964	17	0
964	18	1
964	19	0
964	20	1
964	21	1
964	22	1
964	23	1
964	24	0
964	25	1
964	26	1
964	27	0
964	28	1
964	29	0
964	30	1
964	31	1
964	32	0
964	33	0
964	34	1
964	35	1
964	36	1
964	37	1
964	38	1
964	39	1
964	40	1
965	1	1
965	2	1
965	3	1
965	4	1
965	5	0
965	6	1
965	7	0
965	8	0
965	9	0
965	10	1
965	11	0
965	12	1
965	13	0
965	14	0
965	15	0
965	16	1
965	17	0
965	18	1
965	19	1
965	20	0
965	21	0
965	22	1
965	23	0
965	24	0
965	25	0
965	26	0
965	27	1
965	28	1
965	29	1
965	30	1
965	31	0
965	32	1
965	33	1
965	34	1
965	35	1
965	36	0
965	37	0
965	38	0
965	39	0
965	40	0
966	1	0
966	2	0
966	3	0
966	4	0
966	5	0
966	6	0
966	7	1
966	8	1
966	9	1
966	10	0
966	11	1
966	12	0
966	13	1
966	14	1
966	15	1
966	16	0
966	17	1
966	18	0
966	19	0
966	20	0
966	21	1
966	22	0
966	23	0
966	24	1
966	25	0
966	26	0
966	27	0
966	28	0
966	29	0
966	30	0
966	31	0
966	32	0
966	33	0
966	34	0
966	35	0
966	36	0
966	37	1
966	38	0
966	39	1
966	40	1
967	1	0
967	2	0
967	3	1
967	4	1
967	5	0
967	6	1
967	7	0
967	8	1
967	9	0
967	10	0
967	11	1
967	12	0
967	13	0
967	14	0
967	15	0
967	16	0
967	17	1
967	18	0
967	19	1
967	20	0
967	21	0
967	22	0
967	23	0
967	24	1
967	25	0
967	26	0
967	27	1
967	28	1
967	29	0
967	30	0
967	31	0
967	32	0
967	33	1
967	34	0
967	35	0
967	36	0
967	37	0
967	38	0
967	39	0
967	40	0
968	1	1
968	2	1
968	3	0
968	4	0
968	5	1
968	6	0
968	7	0
968	8	1
968	9	0
968	10	0
968	11	1
968	12	1
968	13	0
968	14	0
968	15	1
968	16	1
968	17	1
968	18	1
968	19	0
968	20	1
968	21	0
968	22	1
968	23	1
968	24	1
968	25	1
968	26	1
968	27	0
968	28	0
968	29	0
968	30	1
968	31	1
968	32	0
968	33	0
968	34	1
968	35	1
968	36	1
968	37	0
968	38	1
968	39	0
968	40	0
969	1	1
969	2	1
969	3	1
969	4	1
969	5	0
969	6	1
969	7	1
969	8	0
969	9	1
969	10	1
969	11	0
969	12	1
969	13	1
969	14	1
969	15	0
969	16	1
969	17	0
969	18	1
969	19	1
969	20	0
969	21	1
969	22	1
969	23	0
969	24	0
969	25	0
969	26	0
969	27	1
969	28	1
969	29	1
969	30	1
969	31	0
969	32	1
969	33	1
969	34	1
969	35	1
969	36	0
969	37	1
969	38	0
969	39	1
969	40	1
970	1	1
970	2	1
970	3	1
970	4	1
970	5	1
970	6	1
970	7	1
970	8	0
970	9	1
970	10	1
970	11	0
970	12	1
970	13	1
970	14	1
970	15	0
970	16	1
970	17	0
970	18	1
970	19	0
970	20	1
970	21	1
970	22	1
970	23	1
970	24	0
970	25	1
970	26	1
970	27	0
970	28	1
970	29	0
970	30	1
970	31	1
970	32	0
970	33	0
970	34	1
970	35	1
970	36	1
970	37	1
970	38	1
970	39	1
970	40	1
971	1	0
971	2	0
971	3	0
971	4	0
971	5	0
971	6	0
971	7	1
971	8	1
971	9	1
971	10	0
971	11	1
971	12	0
971	13	1
971	14	1
971	15	1
971	16	0
971	17	1
971	18	0
971	19	0
971	20	0
971	21	1
971	22	0
971	23	0
971	24	1
971	25	0
971	26	0
971	27	0
971	28	0
971	29	0
971	30	0
971	31	0
971	32	0
971	33	0
971	34	0
971	35	0
971	36	0
971	37	1
971	38	0
971	39	1
971	40	1
972	1	1
972	2	1
972	3	1
972	4	1
972	5	1
972	6	1
972	7	1
972	8	0
972	9	1
972	10	1
972	11	0
972	12	1
972	13	1
972	14	1
972	15	0
972	16	1
972	17	0
972	18	1
972	19	0
972	20	1
972	21	1
972	22	1
972	23	1
972	24	0
972	25	1
972	26	1
972	27	0
972	28	1
972	29	0
972	30	1
972	31	1
972	32	0
972	33	0
972	34	1
972	35	1
972	36	1
972	37	1
972	38	1
972	39	1
972	40	1
973	1	1
973	2	1
973	3	0
973	4	0
973	5	1
973	6	0
973	7	0
973	8	1
973	9	0
973	10	0
973	11	1
973	12	1
973	13	0
973	14	0
973	15	1
973	16	1
973	17	1
973	18	1
973	19	0
973	20	1
973	21	0
973	22	1
973	23	1
973	24	1
973	25	1
973	26	1
973	27	0
973	28	0
973	29	0
973	30	1
973	31	1
973	32	0
973	33	0
973	34	1
973	35	1
973	36	1
973	37	0
973	38	1
973	39	0
973	40	0
974	1	1
974	2	1
974	3	0
974	4	0
974	5	1
974	6	0
974	7	0
974	8	0
974	9	0
974	10	0
974	11	0
974	12	1
974	13	0
974	14	0
974	15	1
974	16	1
974	17	0
974	18	1
974	19	0
974	20	0
974	21	0
974	22	0
974	23	0
974	24	1
974	25	0
974	26	1
974	27	0
974	28	0
974	29	0
974	30	1
974	31	0
974	32	0
974	33	0
974	34	0
974	35	0
974	36	1
974	37	0
974	38	1
974	39	0
974	40	0
975	1	0
975	2	0
975	3	0
975	4	0
975	5	0
975	6	0
975	7	1
975	8	1
975	9	1
975	10	0
975	11	1
975	12	0
975	13	1
975	14	1
975	15	1
975	16	0
975	17	1
975	18	0
975	19	0
975	20	0
975	21	1
975	22	0
975	23	0
975	24	1
975	25	0
975	26	0
975	27	0
975	28	0
975	29	0
975	30	0
975	31	0
975	32	0
975	33	0
975	34	0
975	35	0
975	36	0
975	37	1
975	38	0
975	39	1
975	40	1
976	1	1
976	2	1
976	3	0
976	4	0
976	5	1
976	6	0
976	7	0
976	8	1
976	9	0
976	10	0
976	11	1
976	12	1
976	13	0
976	14	0
976	15	1
976	16	1
976	17	1
976	18	1
976	19	0
976	20	1
976	21	0
976	22	1
976	23	1
976	24	1
976	25	1
976	26	1
976	27	0
976	28	0
976	29	0
976	30	1
976	31	1
976	32	0
976	33	0
976	34	1
976	35	1
976	36	1
976	37	0
976	38	1
976	39	0
976	40	0
977	1	1
977	2	1
977	3	1
977	4	1
977	5	0
977	6	1
977	7	0
977	8	0
977	9	0
977	10	1
977	11	0
977	12	1
977	13	0
977	14	0
977	15	0
977	16	1
977	17	0
977	18	1
977	19	1
977	20	0
977	21	0
977	22	1
977	23	0
977	24	0
977	25	0
977	26	0
977	27	1
977	28	1
977	29	1
977	30	1
977	31	0
977	32	1
977	33	1
977	34	1
977	35	1
977	36	0
977	37	0
977	38	0
977	39	0
977	40	0
978	1	0
978	2	0
978	3	1
978	4	1
978	5	0
978	6	1
978	7	0
978	8	1
978	9	0
978	10	0
978	11	1
978	12	0
978	13	0
978	14	0
978	15	0
978	16	0
978	17	1
978	18	0
978	19	1
978	20	0
978	21	0
978	22	0
978	23	0
978	24	1
978	25	0
978	26	0
978	27	1
978	28	1
978	29	0
978	30	0
978	31	0
978	32	0
978	33	1
978	34	0
978	35	0
978	36	0
978	37	0
978	38	0
978	39	0
978	40	0
979	1	0
979	2	0
979	3	0
979	4	0
979	5	0
979	6	0
979	7	1
979	8	1
979	9	0
979	10	0
979	11	1
979	12	0
979	13	1
979	14	1
979	15	0
979	16	0
979	17	1
979	18	0
979	19	0
979	20	0
979	21	0
979	22	0
979	23	0
979	24	1
979	25	0
979	26	0
979	27	0
979	28	0
979	29	0
979	30	0
979	31	0
979	32	0
979	33	0
979	34	0
979	35	0
979	36	0
979	37	1
979	38	0
979	39	0
979	40	1
980	1	1
980	2	1
980	3	1
980	4	1
980	5	0
980	6	1
980	7	1
980	8	0
980	9	1
980	10	1
980	11	0
980	12	1
980	13	1
980	14	1
980	15	0
980	16	1
980	17	0
980	18	1
980	19	1
980	20	0
980	21	1
980	22	1
980	23	0
980	24	0
980	25	0
980	26	0
980	27	1
980	28	1
980	29	1
980	30	1
980	31	0
980	32	1
980	33	1
980	34	1
980	35	1
980	36	0
980	37	1
980	38	0
980	39	1
980	40	1
981	1	1
981	2	1
981	3	1
981	4	1
981	5	0
981	6	1
981	7	0
981	8	0
981	9	0
981	10	1
981	11	0
981	12	1
981	13	0
981	14	0
981	15	0
981	16	1
981	17	0
981	18	1
981	19	1
981	20	0
981	21	0
981	22	1
981	23	0
981	24	0
981	25	0
981	26	0
981	27	1
981	28	1
981	29	1
981	30	1
981	31	0
981	32	1
981	33	1
981	34	1
981	35	1
981	36	0
981	37	0
981	38	0
981	39	0
981	40	0
982	1	0
982	2	0
982	3	0
982	4	0
982	5	0
982	6	0
982	7	1
982	8	1
982	9	1
982	10	0
982	11	1
982	12	0
982	13	1
982	14	1
982	15	1
982	16	0
982	17	1
982	18	0
982	19	0
982	20	0
982	21	1
982	22	0
982	23	0
982	24	1
982	25	0
982	26	0
982	27	0
982	28	0
982	29	0
982	30	0
982	31	0
982	32	0
982	33	0
982	34	0
982	35	0
982	36	0
982	37	1
982	38	0
982	39	1
982	40	1
983	1	1
983	2	1
983	3	1
983	4	1
983	5	1
983	6	1
983	7	1
983	8	0
983	9	1
983	10	1
983	11	0
983	12	1
983	13	1
983	14	1
983	15	0
983	16	1
983	17	0
983	18	1
983	19	0
983	20	1
983	21	1
983	22	1
983	23	1
983	24	0
983	25	1
983	26	1
983	27	0
983	28	1
983	29	0
983	30	1
983	31	1
983	32	0
983	33	0
983	34	1
983	35	1
983	36	1
983	37	1
983	38	1
983	39	1
983	40	1
984	1	1
984	2	1
984	3	1
984	4	1
984	5	0
984	6	1
984	7	0
984	8	0
984	9	0
984	10	1
984	11	0
984	12	1
984	13	0
984	14	0
984	15	0
984	16	1
984	17	0
984	18	1
984	19	1
984	20	0
984	21	0
984	22	1
984	23	0
984	24	0
984	25	0
984	26	0
984	27	1
984	28	1
984	29	1
984	30	1
984	31	0
984	32	1
984	33	1
984	34	1
984	35	1
984	36	0
984	37	0
984	38	0
984	39	0
984	40	0
985	1	1
985	2	1
985	3	1
985	4	1
985	5	0
985	6	1
985	7	1
985	8	0
985	9	1
985	10	1
985	11	0
985	12	1
985	13	1
985	14	1
985	15	0
985	16	1
985	17	0
985	18	1
985	19	1
985	20	0
985	21	1
985	22	1
985	23	0
985	24	0
985	25	0
985	26	0
985	27	1
985	28	1
985	29	1
985	30	1
985	31	0
985	32	1
985	33	1
985	34	1
985	35	1
985	36	0
985	37	1
985	38	0
985	39	1
985	40	1
986	1	0
986	2	0
986	3	0
986	4	0
986	5	0
986	6	0
986	7	1
986	8	1
986	9	0
986	10	0
986	11	1
986	12	0
986	13	1
986	14	1
986	15	0
986	16	0
986	17	1
986	18	0
986	19	0
986	20	0
986	21	1
986	22	0
986	23	0
986	24	1
986	25	0
986	26	0
986	27	0
986	28	0
986	29	0
986	30	0
986	31	0
986	32	0
986	33	0
986	34	0
986	35	0
986	36	0
986	37	1
986	38	0
986	39	1
986	40	0
987	1	0
987	2	0
987	3	0
987	4	0
987	5	0
987	6	0
987	7	1
987	8	1
987	9	1
987	10	0
987	11	1
987	12	0
987	13	1
987	14	1
987	15	1
987	16	0
987	17	1
987	18	0
987	19	0
987	20	0
987	21	1
987	22	0
987	23	0
987	24	1
987	25	0
987	26	0
987	27	0
987	28	0
987	29	0
987	30	0
987	31	0
987	32	0
987	33	0
987	34	0
987	35	0
987	36	0
987	37	1
987	38	0
987	39	1
987	40	1
988	1	1
988	2	0
988	3	1
988	4	1
988	5	0
988	6	0
988	7	1
988	8	0
988	9	0
988	10	1
988	11	0
988	12	1
988	13	1
988	14	1
988	15	0
988	16	1
988	17	0
988	18	1
988	19	1
988	20	0
988	21	0
988	22	1
988	23	0
988	24	0
988	25	0
988	26	0
988	27	0
988	28	0
988	29	1
988	30	1
988	31	0
988	32	1
988	33	1
988	34	0
988	35	1
988	36	0
988	37	1
988	38	0
988	39	0
988	40	1
989	1	0
989	2	0
989	3	1
989	4	1
989	5	0
989	6	1
989	7	1
989	8	0
989	9	0
989	10	0
989	11	0
989	12	1
989	13	1
989	14	1
989	15	0
989	16	0
989	17	0
989	18	0
989	19	1
989	20	0
989	21	1
989	22	1
989	23	0
989	24	0
989	25	0
989	26	0
989	27	1
989	28	1
989	29	0
989	30	1
989	31	0
989	32	0
989	33	1
989	34	0
989	35	0
989	36	0
989	37	1
989	38	0
989	39	1
989	40	0
990	1	1
990	2	1
990	3	0
990	4	1
990	5	0
990	6	0
990	7	0
990	8	0
990	9	0
990	10	1
990	11	0
990	12	1
990	13	0
990	14	0
990	15	0
990	16	0
990	17	0
990	18	1
990	19	1
990	20	0
990	21	0
990	22	0
990	23	0
990	24	0
990	25	0
990	26	0
990	27	1
990	28	1
990	29	1
990	30	1
990	31	0
990	32	0
990	33	1
990	34	1
990	35	1
990	36	0
990	37	0
990	38	0
990	39	0
990	40	0
991	1	1
991	2	1
991	3	1
991	4	1
991	5	0
991	6	1
991	7	0
991	8	0
991	9	0
991	10	1
991	11	0
991	12	1
991	13	0
991	14	0
991	15	0
991	16	1
991	17	0
991	18	1
991	19	1
991	20	0
991	21	0
991	22	1
991	23	0
991	24	0
991	25	0
991	26	0
991	27	1
991	28	1
991	29	1
991	30	1
991	31	0
991	32	1
991	33	1
991	34	1
991	35	1
991	36	0
991	37	0
991	38	0
991	39	0
991	40	0
992	1	0
992	2	0
992	3	0
992	4	0
992	5	0
992	6	0
992	7	1
992	8	1
992	9	0
992	10	0
992	11	1
992	12	0
992	13	1
992	14	1
992	15	0
992	16	0
992	17	1
992	18	0
992	19	0
992	20	0
992	21	0
992	22	0
992	23	0
992	24	1
992	25	0
992	26	0
992	27	0
992	28	0
992	29	0
992	30	0
992	31	0
992	32	0
992	33	0
992	34	0
992	35	0
992	36	0
992	37	1
992	38	0
992	39	0
992	40	1
993	1	0
993	2	0
993	3	0
993	4	0
993	5	0
993	6	0
993	7	1
993	8	1
993	9	0
993	10	0
993	11	1
993	12	0
993	13	1
993	14	1
993	15	0
993	16	0
993	17	1
993	18	0
993	19	0
993	20	0
993	21	0
993	22	0
993	23	0
993	24	1
993	25	0
993	26	0
993	27	0
993	28	0
993	29	0
993	30	0
993	31	0
993	32	0
993	33	0
993	34	0
993	35	0
993	36	0
993	37	1
993	38	0
993	39	0
993	40	1
994	1	0
994	2	0
994	3	0
994	4	0
994	5	0
994	6	0
994	7	1
994	8	0
994	9	0
994	10	0
994	11	0
994	12	0
994	13	1
994	14	1
994	15	0
994	16	0
994	17	1
994	18	0
994	19	0
994	20	0
994	21	0
994	22	0
994	23	0
994	24	1
994	25	0
994	26	0
994	27	0
994	28	0
994	29	0
994	30	0
994	31	0
994	32	0
994	33	0
994	34	0
994	35	0
994	36	0
994	37	1
994	38	0
994	39	0
994	40	1
995	1	1
995	2	1
995	3	0
995	4	1
995	5	0
995	6	0
995	7	1
995	8	0
995	9	1
995	10	1
995	11	0
995	12	1
995	13	1
995	14	1
995	15	0
995	16	0
995	17	0
995	18	1
995	19	1
995	20	0
995	21	0
995	22	0
995	23	0
995	24	0
995	25	0
995	26	0
995	27	1
995	28	1
995	29	1
995	30	1
995	31	0
995	32	0
995	33	1
995	34	1
995	35	1
995	36	0
995	37	1
995	38	0
995	39	0
995	40	1
996	1	1
996	2	1
996	3	0
996	4	1
996	5	0
996	6	0
996	7	1
996	8	0
996	9	1
996	10	1
996	11	0
996	12	1
996	13	1
996	14	1
996	15	0
996	16	0
996	17	0
996	18	1
996	19	1
996	20	0
996	21	0
996	22	0
996	23	0
996	24	0
996	25	0
996	26	0
996	27	1
996	28	1
996	29	1
996	30	1
996	31	0
996	32	0
996	33	1
996	34	1
996	35	1
996	36	0
996	37	1
996	38	0
996	39	0
996	40	1
997	1	1
997	2	1
997	3	1
997	4	1
997	5	1
997	6	1
997	7	1
997	8	0
997	9	1
997	10	1
997	11	0
997	12	1
997	13	1
997	14	1
997	15	0
997	16	1
997	17	0
997	18	1
997	19	0
997	20	1
997	21	1
997	22	1
997	23	1
997	24	0
997	25	1
997	26	1
997	27	0
997	28	1
997	29	0
997	30	1
997	31	1
997	32	0
997	33	0
997	34	1
997	35	1
997	36	1
997	37	1
997	38	1
997	39	1
997	40	1
998	1	1
998	2	1
998	3	0
998	4	0
998	5	0
998	6	0
998	7	0
998	8	0
998	9	0
998	10	0
998	11	0
998	12	1
998	13	0
998	14	0
998	15	0
998	16	1
998	17	0
998	18	1
998	19	0
998	20	0
998	21	0
998	22	1
998	23	0
998	24	0
998	25	0
998	26	0
998	27	0
998	28	0
998	29	0
998	30	1
998	31	0
998	32	0
998	33	0
998	34	1
998	35	1
998	36	0
998	37	0
998	38	0
998	39	0
998	40	0
999	1	1
999	2	1
999	3	0
999	4	0
999	5	1
999	6	0
999	7	0
999	8	1
999	9	0
999	10	0
999	11	1
999	12	1
999	13	0
999	14	0
999	15	1
999	16	1
999	17	1
999	18	1
999	19	0
999	20	1
999	21	0
999	22	1
999	23	1
999	24	1
999	25	1
999	26	1
999	27	0
999	28	0
999	29	0
999	30	1
999	31	1
999	32	0
999	33	0
999	34	1
999	35	1
999	36	1
999	37	0
999	38	1
999	39	0
999	40	0
1000	1	1
1000	2	1
1000	3	1
1000	4	1
1000	5	1
1000	6	1
1000	7	1
1000	8	0
1000	9	1
1000	10	1
1000	11	0
1000	12	1
1000	13	1
1000	14	1
1000	15	0
1000	16	1
1000	17	0
1000	18	1
1000	19	1
1000	20	1
1000	21	1
1000	22	1
1000	23	1
1000	24	0
1000	25	1
1000	26	1
1000	27	1
1000	28	1
1000	29	1
1000	30	1
1000	31	1
1000	32	1
1000	33	1
1000	34	1
1000	35	1
1000	36	1
1000	37	1
1000	38	1
1000	39	1
1000	40	1
